latitude,longitude,mhws10,mhwsc,hat,lat,mask
-38.060932159399997,174.867446898999987,1.539985299110000,1.738980650900000,1.863134264950000,-1.831668138500000,0.000000000000000
-38.060806274400001,174.866073607999994,1.544213533400000,1.747301578520000,1.873319745060000,-1.850518226620000,0.000000000000000
-38.061100006099998,174.865173340000013,1.548752665520000,1.762026071550000,1.883365154270000,-1.868314743040000,0.000000000000000
-38.060569763200000,174.864501953000001,1.550841927530000,1.765976071360000,1.887807130810000,-1.875526547430000,0.000000000000000
-38.060417175300003,174.863113403000000,1.552372336390000,1.768510103230000,1.890763759610000,-1.879710793500000,0.000000000000000
-38.061939239499999,174.865051270000009,1.549145340920000,1.762686371800000,1.883784055710000,-1.870042800900000,0.000000000000000
-38.061401367199998,174.864410399999997,1.551549434660000,1.767049670220000,1.888975739480000,-1.878564357760000,0.000000000000000
-38.060890197799999,174.863754271999994,1.552610635760000,1.768884181980000,1.891146540640000,-1.881319522860000,0.000000000000000
-38.061195373499999,174.863067626999992,1.553337216380000,1.770447492600000,1.893217563630000,-1.883858203890000,0.000000000000000
-38.060764312700002,174.862442017000006,1.553528666500000,1.771307110790000,1.894326567650000,-1.884989976880000,0.000000000000000
-38.061683654799999,174.863662720000008,1.554359436040000,1.772218823430000,1.895184397700000,-1.888228058820000,0.000000000000000
-38.061866760299999,174.863021851000013,1.553765773770000,1.770962834360000,1.893828868870000,-1.885405898090000,0.000000000000000
-38.061538696299998,174.862426757999998,1.554360270500000,1.772593379020000,1.895859718320000,-1.888139843940000,0.000000000000000
-38.061115264900003,174.861801146999994,1.554167628290000,1.772313714030000,1.895548343660000,-1.886846661570000,0.000000000000000
-38.062404632600000,174.862487793000014,1.556254982950000,1.775267004970000,1.899299740790000,-1.893223047260000,0.000000000000000
-38.061874389600000,174.861785889000004,1.555736899380000,1.774553179740000,1.898417353630000,-1.890923738480000,0.000000000000000
-38.061431884800001,174.861175537000008,1.555773615840000,1.775207400320000,1.899258136750000,-1.891770124440000,0.000000000000000
-38.062065124500002,174.861175537000008,1.554425358770000,1.772852897640000,1.896497488020000,-1.887112617490000,0.000000000000000
-38.062698364299997,174.861587523999987,1.555546283720000,1.774398803710000,1.898417592050000,-1.890365600590000,0.000000000000000
-38.061790466300003,174.860580443999993,1.554281830790000,1.772674918170000,1.896338462830000,-1.886433362960000,0.000000000000000
-38.062538146999998,174.860763550000001,1.555065751080000,1.774472713470000,1.898643732070000,-1.889999628070000,0.000000000000000
-38.063289642299999,174.860977173000009,1.554958581920000,1.774612307550000,1.898913979530000,-1.889706730840000,0.000000000000000
-38.062286377000000,174.860031128000003,1.554621577260000,1.774526357650000,1.898836612700000,-1.889014005660000,0.000000000000000
-38.061405181900000,174.859771728999988,1.554699420930000,1.774009346960000,1.898099541660000,-1.888497471810000,0.000000000000000
-38.063091278100003,174.860183715999995,1.554867982860000,1.774589896200000,1.898966312410000,-1.890375256540000,0.000000000000000
-38.063747405999997,174.860504149999997,1.554699301720000,1.774371743200000,1.898892045020000,-1.889384269710000,0.000000000000000
-38.063251495400003,174.859542847000000,1.555183291440000,1.775903820990000,1.900781750680000,-1.892490148540000,0.000000000000000
-38.062736511200001,174.859588623000008,1.554895401000000,1.775120258330000,1.899624586110000,-1.890497326850000,0.000000000000000
-38.062145233199999,174.859283446999996,1.554151654240000,1.773298144340000,1.897466659550000,-1.887030005460000,0.000000000000000
-38.063785553000002,174.859878540000011,1.555702924730000,1.776811957360000,1.901820898060000,-1.895124077800000,0.000000000000000
-38.063724517799997,174.859161376999992,1.557175755500000,1.779577970500000,1.905081987380000,-1.901524662970000,0.000000000000000
-38.062915801999999,174.858917235999996,1.555850148200000,1.777127146720000,1.902090787890000,-1.895900249480000,0.000000000000000
-38.064369201700003,174.858749390000014,1.559710621830000,1.784388661380000,1.910680770870000,-1.912535071370000,0.000000000000000
-38.063613891599999,174.858367920000006,1.556209445000000,1.778359651570000,1.903900861740000,-1.898896455760000,0.000000000000000
-38.062820434599999,174.858016967999987,1.557016730310000,1.779407024380000,1.904900431630000,-1.900733947750000,0.000000000000000
-38.064331054699998,174.857940673999991,1.561046004300000,1.787460923190000,1.913960218430000,-1.919407010080000,0.000000000000000
-38.065055847200000,174.858367920000006,1.560218572620000,1.786630868910000,1.912753224370000,-1.917000174520000,0.000000000000000
-38.069206237800003,174.861618042000003,1.553166031840000,1.771806120870000,1.896722555160000,-1.885848045350000,0.000000000000000
-38.068489074699997,174.861297607000012,1.554199099540000,1.773666143420000,1.898851275440000,-1.889562249180000,0.000000000000000
-38.065052032499999,174.857589722000000,1.560051918030000,1.785958170890000,1.912184715270000,-1.916173458100000,0.000000000000000
-38.063510894799997,174.857406615999992,1.561160564420000,1.787100195880000,1.913807511330000,-1.918887257580000,0.000000000000000
-38.062908172599997,174.856552123999990,1.560291647910000,1.785500288010000,1.912190198900000,-1.914370894430000,0.000000000000000
-38.064388275100001,174.857116698999988,1.561196446420000,1.788281440730000,1.914764404300000,-1.921000480650000,0.000000000000000
-38.062965393100001,174.855270386000001,1.556572914120000,1.779561042790000,1.906028151510000,-1.902109384540000,0.000000000000000
-38.065761566200003,174.858795165999993,1.558990240100000,1.784070968630000,1.910070419310000,-1.911339879040000,0.000000000000000
-38.065738678000002,174.858001709000007,1.559655189510000,1.785550117490000,1.911693215370000,-1.914769172670000,0.000000000000000
-38.066417694099997,174.859115601000013,1.557710886000000,1.781103849410000,1.907156467440000,-1.905031919480000,0.000000000000000
-38.067653655999997,174.860229492000002,1.554905772210000,1.775240540500000,1.900708079340000,-1.892615675930000,0.000000000000000
-38.068382263200000,174.860534668000014,1.556531190870000,1.778403043750000,1.903927683830000,-1.899649977680000,0.000000000000000
-38.069118499799998,174.860839843999997,1.555153608320000,1.775411367420000,1.900673389430000,-1.893347501750000,0.000000000000000
-38.065723419199998,174.857238770000009,1.560063600540000,1.786268711090000,1.912494897840000,-1.916540503500000,0.000000000000000
-38.065074920699999,174.856842040999993,1.560119509700000,1.785994887350000,1.912357091900000,-1.916162133220000,0.000000000000000
-38.063835144000002,174.856506348000011,1.560625076290000,1.787267088890000,1.913639783860000,-1.918911695480000,0.000000000000000
-38.063388824500002,174.855850220000008,1.559687614440000,1.785216450690000,1.911495566370000,-1.914595603940000,0.000000000000000
-38.064529418900001,174.856460571000014,1.560113430020000,1.786018729210000,1.912396192550000,-1.916360020640000,0.000000000000000
-38.063591003399999,174.855255126999992,1.559548735620000,1.784792661670000,1.911283493040000,-1.913435816760000,0.000000000000000
-38.066436767600003,174.858413696000014,1.560092449190000,1.786465764050000,1.912655234340000,-1.916767001150000,0.000000000000000
-38.066406250000000,174.857635498000008,1.559900403020000,1.785767912860000,1.912016510960000,-1.915456891060000,0.000000000000000
-38.067604064900003,174.859558104999991,1.557431817050000,1.779958605770000,1.905686855320000,-1.902883768080000,0.000000000000000
-38.067192077599998,174.858901978000006,1.558043718340000,1.781626820560000,1.907645821570000,-1.905881643300000,0.000000000000000
-38.068252563500003,174.859786987000007,1.556216478350000,1.778181195260000,1.903784394260000,-1.899676799770000,0.000000000000000
-38.068992614700001,174.860046387000011,1.556063652040000,1.777477622030000,1.902688026430000,-1.897913455960000,0.000000000000000
-38.066364288300001,174.856872559000010,1.559905886650000,1.785920619960000,1.912261128430000,-1.915986537930000,0.000000000000000
-38.065700530999997,174.856506348000011,1.559732437130000,1.785900831220000,1.912233829500000,-1.915841579440000,0.000000000000000
-38.065055847200000,174.856140137000011,1.560008168220000,1.786474943160000,1.912867784500000,-1.917506814000000,0.000000000000000
-38.064289092999999,174.855682373000008,1.560653686520000,1.787280321120000,1.913969635960000,-1.919082641600000,0.000000000000000
-38.064033508300000,174.854766845999990,1.559607267380000,1.784851789470000,1.911678314210000,-1.914096355440000,0.000000000000000
-38.067111969000003,174.858016967999987,1.560609817500000,1.786371827130000,1.912806153300000,-1.916426777840000,0.000000000000000
-38.067050933799997,174.857238770000009,1.560530662540000,1.787308216090000,1.913936614990000,-1.918797016140000,0.000000000000000
-38.068058013900000,174.859054565000008,1.556923985480000,1.779225945470000,1.904930353160000,-1.901945471760000,0.000000000000000
-38.067848205600001,174.858322143999999,1.556853532790000,1.779438614850000,1.905470132830000,-1.902404665950000,0.000000000000000
-38.068828582800002,174.859268187999987,1.556414961810000,1.778152227400000,1.903587818150000,-1.899094700810000,0.000000000000000
-38.066997528100003,174.856491089000002,1.559943079950000,1.786130547520000,1.912553429600000,-1.916380167010000,0.000000000000000
-38.066318512000002,174.856140137000011,1.559823036190000,1.786239266400000,1.912714481350000,-1.916971206670000,0.000000000000000
-38.065662383999999,174.855819701999991,1.559754729270000,1.785940647130000,1.912372112270000,-1.916037440300000,0.000000000000000
-38.065078735400000,174.855529784999987,1.560080409050000,1.786440372470000,1.912957668300000,-1.917575359340000,0.000000000000000
-38.064819335899998,174.854919434000010,1.559731006620000,1.786038279530000,1.912535190580000,-1.916722059250000,0.000000000000000
-38.063987731899999,174.853454590000013,1.556857466700000,1.780783534050000,1.907696008680000,-1.905798196790000,0.000000000000000
-38.064548492400000,174.854034423999991,1.560663938520000,1.787580370900000,1.914643764500000,-1.920401334760000,0.000000000000000
-38.067687988300001,174.856842040999993,1.557633519170000,1.781734585760000,1.908909201620000,-1.906798124310000,0.000000000000000
-38.067623138400002,174.856094359999986,1.560161590580000,1.786510944370000,1.913172364230000,-1.917180180550000,0.000000000000000
-38.066936492899998,174.855758667000003,1.559931516650000,1.786374926570000,1.913070678710000,-1.917011499400000,0.000000000000000
-38.066253662100003,174.855422973999993,1.559548497200000,1.785818099980000,1.912221550940000,-1.916049599650000,0.000000000000000
-38.065563201899998,174.855117798000009,1.559907674790000,1.786190032960000,1.912738204000000,-1.916809439660000,0.000000000000000
-38.065414428700002,174.854370117000002,1.559821486470000,1.786260008810000,1.912903904910000,-1.917040228840000,0.000000000000000
-38.064590454099999,174.853134154999992,1.559983968730000,1.787081718440000,1.914097428320000,-1.919033408160000,0.000000000000000
-38.065315246600001,174.853546142999988,1.559808492660000,1.786293745040000,1.913009405140000,-1.917411088940000,0.000000000000000
-38.064041137700002,174.851989745999987,1.554082036020000,1.776116609570000,1.902895808220000,-1.896197199820000,0.000000000000000
-38.064594268800001,174.852371215999995,1.559561967850000,1.786418080330000,1.913316607480000,-1.917912125590000,0.000000000000000
-38.067562103299998,174.855346679999997,1.560196995740000,1.786643505100000,1.913485169410000,-1.918093681340000,0.000000000000000
-38.066871643100001,174.855010985999996,1.559700369830000,1.786055326460000,1.912652611730000,-1.916406393050000,0.000000000000000
-38.066162109399997,174.854675293000014,1.559600353240000,1.785820364950000,1.912369370460000,-1.916415095330000,0.000000000000000
-38.066070556600003,174.853897095000008,1.559508442880000,1.785868883130000,1.912504315380000,-1.916511654850000,0.000000000000000
-38.065277099600003,174.852752686000002,1.559692382810000,1.786196947100000,1.913006305690000,-1.917603373530000,0.000000000000000
-38.065998077400003,174.853118896000012,1.559535026550000,1.786046385770000,1.912876248360000,-1.917142987250000,0.000000000000000
-38.064579010000003,174.851669312000013,1.557760596280000,1.783358454700000,1.910580396650000,-1.912127733230000,0.000000000000000
-38.064262390099998,174.850128173999991,1.554549813270000,1.778064608570000,1.905026674270000,-1.900270223620000,0.000000000000000
-38.065238952599998,174.851989745999987,1.559238672260000,1.786007046700000,1.913031220440000,-1.917649269100000,0.000000000000000
-38.064376831099999,174.848449706999986,1.554339885710000,1.778852343560000,1.905933618550000,-1.902843236920000,0.000000000000000
-38.067512512199997,174.854598998999990,1.559481024740000,1.785851597790000,1.912533760070000,-1.916122078900000,0.000000000000000
-38.066799163799999,174.854248046999999,1.559576869010000,1.785956978800000,1.912614464760000,-1.916450858120000,0.000000000000000
-38.066726684599999,174.853469848999993,1.559400677680000,1.785753607750000,1.912418365480000,-1.916181206700000,0.000000000000000
-38.065940856899999,174.852325438999998,1.559350967410000,1.786288142200000,1.913268208500000,-1.917608380320000,0.000000000000000
-38.066661834700000,174.852676392000006,1.559434533120000,1.785866498950000,1.912622213360000,-1.916985511780000,0.000000000000000
-38.065170288099999,174.851242065000008,1.559746265410000,1.787321805950000,1.914668560030000,-1.919998288150000,0.000000000000000
-38.065067291299997,174.850463867000002,1.558742046360000,1.785946011540000,1.912947416310000,-1.917863130570000,0.000000000000000
-38.064994812000002,174.849639892999988,1.557708978650000,1.784786224370000,1.911705374720000,-1.915788888930000,0.000000000000000
-38.065876007100002,174.851562500000000,1.559088826180000,1.786291241650000,1.913344740870000,-1.918171525000000,0.000000000000000
-38.064987182599999,174.848831176999994,1.556393742560000,1.782575011250000,1.909777045250000,-1.911931514740000,0.000000000000000
-38.064987182599999,174.848052978999988,1.557497143750000,1.784474849700000,1.911414146420000,-1.916002869610000,0.000000000000000
-38.064453125000000,174.846710204999994,1.553688049320000,1.777903795240000,1.904611468320000,-1.902359724040000,0.000000000000000
-38.068176269500000,174.854187012000011,1.559795022010000,1.786272287370000,1.913200259210000,-1.916750192640000,0.000000000000000
-38.067455291700000,174.853820801000012,1.559494256970000,1.785878062250000,1.912586808200000,-1.916800618170000,0.000000000000000
-38.067390441900002,174.853027343999997,1.559210181240000,1.785666108130000,1.912500023840000,-1.915877223010000,0.000000000000000
-38.066589355500000,174.851898193000011,1.559249877930000,1.785938739780000,1.912878632550000,-1.917085409160000,0.000000000000000
-38.067314147899999,174.852233887000011,1.559178590770000,1.785827755930000,1.912733197210000,-1.916866302490000,0.000000000000000
-38.065803527800000,174.850799561000002,1.558495521550000,1.785795211790000,1.912829637530000,-1.917255640030000,0.000000000000000
-38.065734863300001,174.850006103999988,1.558727264400000,1.785921096800000,1.912977218630000,-1.917824268340000,0.000000000000000
-38.065692901600002,174.849227904999992,1.557597637180000,1.784899592400000,1.911913633350000,-1.915988564490000,0.000000000000000
-38.066520690899999,174.851119995000005,1.558743119240000,1.786190032960000,1.913267254830000,-1.918027639390000,0.000000000000000
-38.065052032499999,174.847274779999992,1.557019352910000,1.783695936200000,1.910400271420000,-1.914579510690000,0.000000000000000
-38.065670013400002,174.848449706999986,1.558313250540000,1.785654067990000,1.912806153300000,-1.918072462080000,0.000000000000000
-38.065677642799997,174.847717284999987,1.557985901830000,1.784852266310000,1.911689281460000,-1.916591286660000,0.000000000000000
-38.065235137899997,174.846496581999986,1.556918740270000,1.783665180210000,1.910300493240000,-1.915074110030000,0.000000000000000
-38.064682006799998,174.845932006999988,1.556483983990000,1.783034563060000,1.909878611560000,-1.914306402210000,0.000000000000000
-38.068134307900003,174.853378295999988,1.559102058410000,1.785453438760000,1.912101030350000,-1.915789961810000,0.000000000000000
-38.068054199199999,174.852569579999994,1.559395551680000,1.785769104960000,1.912530183790000,-1.916831970210000,0.000000000000000
-38.067234039299997,174.851455687999987,1.558756589890000,1.785873055460000,1.912923693660000,-1.917198538780000,0.000000000000000
-38.067951202400003,174.851776123000008,1.559171080590000,1.785755991940000,1.912726402280000,-1.916744470600000,0.000000000000000
-38.066455841100002,174.850357056000007,1.558334708210000,1.785623431210000,1.912642836570000,-1.917148828510000,0.000000000000000
-38.066398620599998,174.849578857000012,1.558216452600000,1.785395264630000,1.912345528600000,-1.917097449300000,0.000000000000000
-38.066360473600000,174.848800659000005,1.557419300080000,1.784640073780000,1.911539793010000,-1.915788769720000,0.000000000000000
-38.067165374799998,174.850692748999990,1.558682084080000,1.786150097850000,1.913333535190000,-1.917996525760000,0.000000000000000
-38.065780639600000,174.847015381000006,1.557442426680000,1.784180760380000,1.910958766940000,-1.915690302850000,0.000000000000000
-38.066318512000002,174.848052978999988,1.557830691340000,1.784578084950000,1.911471128460000,-1.916098117830000,0.000000000000000
-38.066246032700001,174.847442626999992,1.557262897490000,1.783963680270000,1.910699605940000,-1.915138125420000,0.000000000000000
-38.065986633300000,174.846313476999995,1.556894183160000,1.783728957180000,1.910421848300000,-1.914991497990000,0.000000000000000
-38.065452575700000,174.845748901000007,1.556654214860000,1.783366680150000,1.910093545910000,-1.914285182950000,0.000000000000000
-38.067863464399998,174.851028442000000,1.559072375300000,1.786624312400000,1.913962841030000,-1.919010639190000,0.000000000000000
-38.067108154300001,174.849929809999992,1.558253169060000,1.785622715950000,1.912696719170000,-1.917223215100000,0.000000000000000
-38.067058563200000,174.849151610999996,1.558025479320000,1.785146355630000,1.912109613420000,-1.916516661640000,0.000000000000000
-38.067012786900001,174.848388671999999,1.557746171950000,1.784787178040000,1.911674141880000,-1.916248679160000,0.000000000000000
-38.067806243900002,174.850265503000003,1.558722853660000,1.786257982250000,1.913502931590000,-1.918588638310000,0.000000000000000
-38.066490173299997,174.846862793000014,1.557146549220000,1.783924818040000,1.910629391670000,-1.915091276170000,0.000000000000000
-38.066959381099998,174.847534179999997,1.557881951330000,1.784799933430000,1.911674737930000,-1.916517138480000,0.000000000000000
-38.066738128700003,174.846160889000004,1.556858301160000,1.783671140670000,1.910408854480000,-1.914874196050000,0.000000000000000
-38.066219329799999,174.845581054999997,1.556749463080000,1.783563375470000,1.910334825520000,-1.915300726890000,0.000000000000000
-38.065689086900001,174.845001220999990,1.556223869320000,1.783105850220000,1.909820556640000,-1.914826273920000,0.000000000000000
-38.065143585199998,174.844406128000003,1.554606914520000,1.780424833300000,1.907284259800000,-1.909026026730000,0.000000000000000
-38.067760467500001,174.849502562999987,1.558063626290000,1.785314202310000,1.912276387210000,-1.916902542110000,0.000000000000000
-38.067714691200003,174.848739623999990,1.557814002040000,1.784739971160000,1.911574482920000,-1.915910243990000,0.000000000000000
-38.067665100100001,174.847991943000011,1.557456612590000,1.784204006200000,1.910972118380000,-1.915190696720000,0.000000000000000
-38.068454742400000,174.849868773999987,1.558066487310000,1.785417914390000,1.912601709370000,-1.916414260860000,0.000000000000000
-38.067237853999998,174.846740723000011,1.557249426840000,1.784065365790000,1.910837292670000,-1.915522575380000,0.000000000000000
-38.067756652800000,174.847290039000001,1.557259559630000,1.783993005750000,1.910710215570000,-1.915178060530000,0.000000000000000
-38.068214416499998,174.847702026000007,1.557544231410000,1.784424424170000,1.911156177520000,-1.915654540060000,0.000000000000000
-38.067497253399999,174.846023559999992,1.557038903240000,1.784026980400000,1.910853266720000,-1.915672302250000,0.000000000000000
-38.066989898700001,174.845428467000005,1.556782484050000,1.783781647680000,1.910550951960000,-1.915446758270000,0.000000000000000
-38.066471099899999,174.844848632999998,1.556578874590000,1.783799767490000,1.910618662830000,-1.915722131730000,0.000000000000000
-38.065937042199998,174.844253540000011,1.556124091150000,1.783237576480000,1.910045385360000,-1.915230154990000,0.000000000000000
-38.065391540500002,174.843643187999987,1.555922269820000,1.783258914950000,1.910185575490000,-1.915385127070000,0.000000000000000
-38.068435668900001,174.849090576000009,1.557738780980000,1.784870386120000,1.911819934840000,-1.916274189950000,0.000000000000000
-38.068347930900003,174.848312378000003,1.557811021800000,1.784716606140000,1.911507606510000,-1.916188836100000,0.000000000000000
-38.067993164100002,174.846603393999999,1.557047486310000,1.783836364750000,1.910598158840000,-1.914654374120000,0.000000000000000
-38.068458557100001,174.847167968999997,1.557421088220000,1.784328103070000,1.911094188690000,-1.915679574010000,0.000000000000000
-38.068847656199999,174.847778320000003,1.557303667070000,1.784139037130000,1.910923719410000,-1.915135145190000,0.000000000000000
-38.068264007600000,174.845901488999999,1.557091116910000,1.784178256990000,1.911046266560000,-1.915945529940000,0.000000000000000
-38.067768096899997,174.845291137999993,1.556822776790000,1.783978581430000,1.910809636120000,-1.915922045710000,0.000000000000000
-38.067253112800003,174.844696045000006,1.556310415270000,1.783284783360000,1.909950852390000,-1.914975047110000,0.000000000000000
-38.066730499300000,174.844100951999991,1.556051492690000,1.783476710320000,1.910254240040000,-1.915603995320000,0.000000000000000
-38.066196441700001,174.843490601000013,1.555775046350000,1.783294320110000,1.910088300700000,-1.915725827220000,0.000000000000000
-38.065658569299998,174.842880248999990,1.555918216710000,1.783499836920000,1.910427689550000,-1.916413187980000,0.000000000000000
-38.069213867199998,174.848587035999998,1.557824969290000,1.784704208370000,1.911583304410000,-1.915312170980000,0.000000000000000
-38.068740844700002,174.846496581999986,1.557084679600000,1.783853650090000,1.910609364510000,-1.915240764620000,0.000000000000000
-38.069190978999998,174.847106934000010,1.557232856750000,1.783999562260000,1.910746812820000,-1.914924740790000,0.000000000000000
-38.069656372099999,174.847763062000013,1.557245016100000,1.783901572230000,1.910805821420000,-1.913929462430000,0.000000000000000
-38.067523956300001,174.843948363999999,1.555796265600000,1.783047556880000,1.909704208370000,-1.914711236950000,0.000000000000000
-38.069038391100001,174.845794678000004,1.556868076320000,1.784142732620000,1.911126494410000,-1.915549159050000,0.000000000000000
-38.068550109900002,174.845169067000000,1.556758403780000,1.783951520920000,1.910797834400000,-1.915723681450000,0.000000000000000
-38.068042755100002,174.844558715999995,1.556369543080000,1.783544898030000,1.910299181940000,-1.915289044380000,0.000000000000000
-38.066997528100003,174.843338012999993,1.555688500400000,1.783082604410000,1.909805893900000,-1.915138125420000,0.000000000000000
-38.066467285199998,174.842727660999998,1.555862784390000,1.783296585080000,1.910080313680000,-1.915694236760000,0.000000000000000
-38.065933227499997,174.842117309999992,1.555534601210000,1.782950878140000,1.909866333010000,-1.915594220160000,0.000000000000000
-38.065422058099998,174.841522217000005,1.555983662610000,1.783612489700000,1.910512208940000,-1.916105985640000,0.000000000000000
-38.067798614499999,174.843200684000010,1.555333018300000,1.782741427420000,1.909324765210000,-1.914611935620000,0.000000000000000
-38.069503784200002,174.846420287999990,1.554488301280000,1.779832482340000,1.906649947170000,-1.906284570690000,0.000000000000000
-38.068317413300001,174.843811034999987,1.555804967880000,1.783223509790000,1.909899473190000,-1.915223121640000,0.000000000000000
-38.069347381599997,174.845062256000006,1.555797457700000,1.782476425170000,1.909670591350000,-1.912343025210000,0.000000000000000
-38.068840026899998,174.844421387000011,1.556270956990000,1.783308506010000,1.910021066670000,-1.914813518520000,0.000000000000000
-38.067272186300002,174.842590331999986,1.555394649510000,1.782727837560000,1.909387707710000,-1.914992928500000,0.000000000000000
-38.066738128700003,174.841964722000000,1.555437326430000,1.782867550850000,1.909608602520000,-1.915399432180000,0.000000000000000
-38.066192627000000,174.841384887999993,1.555786967280000,1.783415436740000,1.910244822500000,-1.916752934460000,0.000000000000000
-38.065708160400000,174.840850829999994,1.555334448810000,1.782826662060000,1.909679293630000,-1.915728449820000,0.000000000000000
-38.068077087399999,174.842453003000003,1.555093526840000,1.782440304760000,1.909003734590000,-1.914344906810000,0.000000000000000
-38.068588256799998,174.843063354000009,1.555077910420000,1.782368898390000,1.908896327020000,-1.913825631140000,0.000000000000000
-38.069122314500000,174.843658446999996,1.555671811100000,1.783002972600000,1.909669518470000,-1.915037751200000,0.000000000000000
-38.069660186800000,174.844299315999990,1.556068062780000,1.783444404600000,1.910222053530000,-1.915160059930000,0.000000000000000
-38.067565918000000,174.841827392999988,1.554982066150000,1.782349109650000,1.908988952640000,-1.914438724520000,0.000000000000000
-38.067005157499999,174.841094970999990,1.555245637890000,1.782778739930000,1.909600734710000,-1.915731787680000,0.000000000000000
-38.066337585399999,174.840774535999998,1.555420041080000,1.783009409900000,1.909872412680000,-1.915825486180000,0.000000000000000
-38.066028594999999,174.840225220000008,1.555144190790000,1.782800078390000,1.909790277480000,-1.916180849080000,0.000000000000000
-38.065654754599997,174.839614868000012,1.555991411210000,1.784083962440000,1.911226630210000,-1.918388605120000,0.000000000000000
-38.068378448499999,174.841735840000013,1.554988384250000,1.782302021980000,1.908886075020000,-1.914656281470000,0.000000000000000
-38.068847656199999,174.842330933000000,1.554736614230000,1.782026767730000,1.908521771430000,-1.913730263710000,0.000000000000000
-38.069362640400001,174.842895507999998,1.555043697360000,1.782351255420000,1.908810019490000,-1.913869261740000,0.000000000000000
-38.130184173600000,174.827651978000006,1.569625854490000,1.797451019290000,1.929388046260000,-1.913459062580000,0.000000000000000
-38.085540771500000,174.859298706000004,1.517773985860000,1.704948544500000,1.827272892000000,-1.732037425040000,0.000000000000000
-38.069961547900000,174.843490601000013,1.555563688280000,1.782824516300000,1.909474492070000,-1.914270758630000,0.000000000000000
-38.067913055399998,174.841079712000010,1.555051565170000,1.782536864280000,1.909225702290000,-1.915545225140000,0.000000000000000
-38.067523956300001,174.840377808000000,1.555143833160000,1.782795310020000,1.909625887870000,-1.916291236880000,0.000000000000000
-38.066749572799999,174.840286254999995,1.555264115330000,1.782999992370000,1.909901499750000,-1.916747331620000,0.000000000000000
-38.066406250000000,174.839614868000012,1.555654525760000,1.783666133880000,1.910741329190000,-1.918172597890000,0.000000000000000
-38.066005706799999,174.838958740000010,1.555324673650000,1.783235430720000,1.910331726070000,-1.917652964590000,0.000000000000000
-38.065570831300001,174.838317870999987,1.555756330490000,1.783976197240000,1.911242365840000,-1.919031500820000,0.000000000000000
-38.068702697799999,174.841064453000001,1.554892897610000,1.782158017160000,1.908768296240000,-1.914739012720000,0.000000000000000
-38.069160461400003,174.841659545999988,1.554663062100000,1.781957745550000,1.908423542980000,-1.913941740990000,0.000000000000000
-38.070133209200002,174.842605590999995,1.554681301120000,1.781958460810000,1.908399462700000,-1.913333892820000,0.000000000000000
-38.069522857700001,174.842208862000007,1.554970622060000,1.782248139380000,1.908803939820000,-1.914326071740000,0.000000000000000
-38.070896148700001,174.842254639000004,1.549898505210000,1.772278308870000,1.898648142810000,-1.892685532570000,0.000000000000000
-38.065422058099998,174.836990356000001,1.555384993550000,1.783419847490000,1.910552382470000,-1.918290376660000,0.000000000000000
-38.130603790300000,174.826568603999988,1.568940877910000,1.796719789510000,1.928517341610000,-1.913842916490000,0.000000000000000
-38.131210327100000,174.826095581000004,1.568441033360000,1.796105623250000,1.928029775620000,-1.913420081140000,0.000000000000000
-38.131954193100000,174.825622559000010,1.568436741830000,1.795545220380000,1.927185773850000,-1.912330627440000,0.000000000000000
-38.086204528800003,174.859527587999992,1.517455816270000,1.703763604160000,1.825326561930000,-1.730525732040000,0.000000000000000
-38.085521698000001,174.858566284000005,1.517779827120000,1.705066084860000,1.827494382860000,-1.733183741570000,0.000000000000000
-38.086067199699997,174.858886718999997,1.517612934110000,1.704273223880000,1.826346158980000,-1.731659889220000,0.000000000000000
-38.076568603500000,174.849044800000001,1.552340507510000,1.773105859760000,1.902031898500000,-1.886962056160000,0.000000000000000
-38.076595306400002,174.848266601999995,1.557204604150000,1.782817721370000,1.912711858750000,-1.908875942230000,0.000000000000000
-38.070945739700001,174.843246459999989,1.552932262420000,1.777535319330000,1.904232382770000,-1.903368830680000,0.000000000000000
-38.065883636499997,174.837615967000005,1.555677175520000,1.783776879310000,1.910970091820000,-1.918928027150000,0.000000000000000
-38.068309783899998,174.840423584000007,1.554774999620000,1.782301664350000,1.909013867380000,-1.915548086170000,0.000000000000000
-38.067970275900002,174.839752196999996,1.554841041560000,1.782575488090000,1.909411072730000,-1.916429400440000,0.000000000000000
-38.067195892299999,174.839645386000001,1.555128455160000,1.782924532890000,1.909870147710000,-1.916893005370000,0.000000000000000
-38.066806793200001,174.838928223000011,1.555137634280000,1.783023595810000,1.910042881970000,-1.917326927190000,0.000000000000000
-38.066345214800002,174.838256835999999,1.555385947230000,1.783656477930000,1.910895943640000,-1.918905735020000,0.000000000000000
-38.069053649899999,174.840423584000007,1.554629921910000,1.782103776930000,1.908717155460000,-1.915247201920000,0.000000000000000
-38.069389343300003,174.841018676999994,1.554556131360000,1.781857967380000,1.908382654190000,-1.914509892460000,0.000000000000000
-38.070110321000001,174.841567993000012,1.554735064510000,1.781912803650000,1.908391952510000,-1.914003610610000,0.000000000000000
-38.066177368200002,174.836898803999986,1.555287837980000,1.783185124400000,1.910292863850000,-1.918133735660000,0.000000000000000
-38.065704345699999,174.836273193000011,1.555570364000000,1.783260226250000,1.910430431370000,-1.917879700660000,0.000000000000000
-38.065231323200003,174.835678101000013,1.555181145670000,1.783103942870000,1.910307049750000,-1.918358683590000,0.000000000000000
-38.064804077100000,174.835159301999994,1.551066875460000,1.775889277460000,1.902849316600000,-1.900631308560000,0.000000000000000
-38.064212799099998,174.834014892999988,1.552839994430000,1.778670072560000,1.905460357670000,-1.907079219820000,0.000000000000000
-38.064823150599999,174.834503173999991,1.555110216140000,1.782413721080000,1.909175992010000,-1.915033221240000,0.000000000000000
-38.064315795900001,174.833221436000002,1.554647922520000,1.781684875490000,1.908252120020000,-1.914044857030000,0.000000000000000
-38.063732147200000,174.832717895999991,1.551970481870000,1.777187466620000,1.903870821000000,-1.904283165930000,0.000000000000000
-38.131076812700002,174.825347899999997,1.568153619770000,1.795542240140000,1.927261233330000,-1.912885308270000,0.000000000000000
-38.131671905499999,174.824783324999999,1.568216204640000,1.795444846150000,1.927014231680000,-1.912618517880000,0.000000000000000
-38.132518768300002,174.824859618999994,1.566560387610000,1.793762803080000,1.925468444820000,-1.911569952960000,0.000000000000000
-38.077220916700000,174.849441528000000,1.555581212040000,1.779866814610000,1.909658432010000,-1.901901006700000,0.000000000000000
-38.086765289299997,174.858917235999996,1.516128182410000,1.701801300050000,1.823061943050000,-1.725288391110000,0.000000000000000
-38.077239990199999,174.848678589000002,1.561726450920000,1.791095852850000,1.921335935590000,-1.925513386730000,0.000000000000000
-38.076625823999997,174.847503662000008,1.560647726060000,1.789553642270000,1.919666528700000,-1.922223091130000,0.000000000000000
-38.077270507800002,174.847915648999987,1.562951087950000,1.792995691300000,1.922976613040000,-1.930343508720000,0.000000000000000
-38.066654205299997,174.837539673000009,1.555439233780000,1.783439040180000,1.910638213160000,-1.918706417080000,0.000000000000000
-38.068679809599999,174.839828490999992,1.554433226590000,1.781963944440000,1.908616542820000,-1.915409564970000,0.000000000000000
-38.068389892600003,174.839279175000001,1.554466247560000,1.782214045520000,1.908991336820000,-1.916037440300000,0.000000000000000
-38.067718505899997,174.838928223000011,1.555005788800000,1.783090233800000,1.910127520560000,-1.918024659160000,0.000000000000000
-38.067153930700002,174.838180542000003,1.555122733120000,1.783239245410000,1.910349607470000,-1.918387651440000,0.000000000000000
-38.069324493400003,174.839828490999992,1.554075598720000,1.781506419180000,1.908084034920000,-1.914463043210000,0.000000000000000
-38.069923400900002,174.840408324999999,1.554172873500000,1.781344413760000,1.907871603970000,-1.913868188860000,0.000000000000000
-38.070838928199997,174.840820312000005,1.552128195760000,1.777096748350000,1.903651714320000,-1.904217839240000,0.000000000000000
-38.071571350100001,174.840362548999991,1.550872683530000,1.774883747100000,1.901638984680000,-1.899786114690000,0.000000000000000
-38.066932678199997,174.836822509999990,1.554596304890000,1.782409191130000,1.909475326540000,-1.916955351830000,0.000000000000000
-38.066459655800003,174.836196898999987,1.554483652110000,1.782312393190000,1.909350037570000,-1.916953086850000,0.000000000000000
-38.065975189200003,174.835556029999992,1.555032014850000,1.782706737520000,1.909881472590000,-1.917211294170000,0.000000000000000
-38.065441131599997,174.834976196000014,1.555513858800000,1.783181190490000,1.910132408140000,-1.917606711390000,0.000000000000000
-38.064914703399999,174.833724976000013,1.554643750190000,1.781903028490000,1.908639669420000,-1.914960503580000,0.000000000000000
-38.065544128399999,174.834197998000008,1.554648637770000,1.781881093980000,1.908764004710000,-1.915474534030000,0.000000000000000
-38.064998626700003,174.832946776999989,1.554295182230000,1.781635880470000,1.908374071120000,-1.914265394210000,0.000000000000000
-38.064414978000002,174.832458495999987,1.554007768630000,1.781250000000000,1.907885909080000,-1.914462685590000,0.000000000000000
-38.063835144000002,174.831954956000004,1.552740097050000,1.778226494790000,1.904772043230000,-1.906067967410000,0.000000000000000
-38.130283355700001,174.825134276999989,1.568781137470000,1.796067833900000,1.927714467050000,-1.913334488870000,0.000000000000000
-38.130863189700001,174.824600220000008,1.567123174670000,1.794126033780000,1.925682306290000,-1.911437988280000,0.000000000000000
-38.131412506099998,174.824081420999988,1.567954182620000,1.795208573340000,1.926731944080000,-1.912639617920000,0.000000000000000
-38.132194519000002,174.824142456000004,1.565487384800000,1.792566180230000,1.924144744870000,-1.910057187080000,0.000000000000000
-38.077789306600003,174.849075317000000,1.562816739080000,1.792717576030000,1.922812581060000,-1.928844332700000,0.000000000000000
-38.084621429400002,174.856079101999995,1.541455864910000,1.751446008680000,1.876643061640000,-1.839049458500000,0.000000000000000
-38.083194732700001,174.854797362999989,1.547543168070000,1.763814568520000,1.890380263330000,-1.866000413890000,0.000000000000000
-38.083858489999997,174.855087279999992,1.546205759050000,1.760998725890000,1.887050151820000,-1.858054041860000,0.000000000000000
-38.084537506099998,174.855331420999988,1.548924684520000,1.766165375710000,1.892633199690000,-1.870096683500000,0.000000000000000
-38.083145141599999,174.854034423999991,1.546243667600000,1.761217713360000,1.887561798100000,-1.858653783800000,0.000000000000000
-38.077995300300003,174.848342895999991,1.561191916470000,1.790647506710000,1.920331954960000,-1.925108313560000,0.000000000000000
-38.076679229699998,174.846740723000011,1.561006307600000,1.790345907210000,1.920312047000000,-1.925198435780000,0.000000000000000
-38.077274322500003,174.847167968999997,1.561055898670000,1.790515422820000,1.920280933380000,-1.925985574720000,0.000000000000000
-38.076774597200000,174.845993042000003,1.561153411870000,1.790817141530000,1.920561790470000,-1.926616191860000,0.000000000000000
-38.077884674099998,174.847518920999988,1.561421632770000,1.791007280350000,1.920816779140000,-1.926234364510000,0.000000000000000
-38.076896667500002,174.845214843999997,1.560646414760000,1.790373563770000,1.920235872270000,-1.926448464390000,0.000000000000000
-38.067428588900000,174.837432860999996,1.554122090340000,1.782121539120000,1.909080386160000,-1.916601419450000,0.000000000000000
-38.069034576400000,174.839233398000005,1.553901433940000,1.781533479690000,1.908215880390000,-1.914915084840000,0.000000000000000
-38.068538665799998,174.838638306000007,1.554289937020000,1.782023549080000,1.908797979350000,-1.916100502010000,0.000000000000000
-38.067966461200001,174.838043212999992,1.554491996770000,1.782478570940000,1.909465074540000,-1.917178750040000,0.000000000000000
-38.069919586200001,174.839294434000010,1.553642272950000,1.780772209170000,1.907182931900000,-1.913539528850000,0.000000000000000
-38.070804595900000,174.839859009000008,1.553347229960000,1.780361890790000,1.906965017320000,-1.911839604380000,0.000000000000000
-38.067661285400000,174.836715698000006,1.553916454320000,1.781659483910000,1.908585548400000,-1.915947437290000,0.000000000000000
-38.067207336400003,174.836120604999991,1.554139137270000,1.781762123110000,1.908782124520000,-1.915798187260000,0.000000000000000
-38.066757202100000,174.835464478000006,1.554287672040000,1.781922459600000,1.908979296680000,-1.916586041450000,0.000000000000000
-38.066261291499998,174.834716796999999,1.554941892620000,1.782241582870000,1.909198164940000,-1.916334271430000,0.000000000000000
-38.065597534200002,174.833419800000001,1.554332613950000,1.781637549400000,1.908517718320000,-1.915305495260000,0.000000000000000
-38.066215515099998,174.833877562999987,1.553898930550000,1.781042575840000,1.907987594600000,-1.914497017860000,0.000000000000000
-38.065658569299998,174.832672118999994,1.553876519200000,1.781274199490000,1.908107161520000,-1.914827585220000,0.000000000000000
-38.065082550000000,174.832214354999991,1.553712487220000,1.780945897100000,1.907702922820000,-1.913725137710000,0.000000000000000
-38.064517974899999,174.831695556999989,1.554635643960000,1.781557321550000,1.907940387730000,-1.913912057880000,0.000000000000000
-38.063896179200000,174.831115723000011,1.553626060490000,1.780580043790000,1.906997323040000,-1.912880182270000,0.000000000000000
-38.130687713599997,174.823898315000008,1.566843628880000,1.793784260750000,1.925280213360000,-1.911504507060000,0.000000000000000
-38.131198883099998,174.823532104000009,1.566541671750000,1.793612837790000,1.924962401390000,-1.911308765410000,0.000000000000000
-38.131851196299998,174.823501587000010,1.565399765970000,1.792171955110000,1.923586130140000,-1.910513997080000,0.000000000000000
-38.132678985600002,174.823471068999993,1.567191600800000,1.794516921040000,1.925750613210000,-1.911890625950000,0.000000000000000
-38.078521728500000,174.849075317000000,1.562141537670000,1.791863918300000,1.921711802480000,-1.928110361100000,0.000000000000000
-38.079265594500001,174.849426270000009,1.562019705770000,1.791564345360000,1.921362400050000,-1.926085233690000,0.000000000000000
-38.083835601799997,174.854354857999994,1.546340107920000,1.761133909230000,1.887253046040000,-1.858105421070000,0.000000000000000
-38.084384918200001,174.854690551999994,1.544081926350000,1.757552266120000,1.883100390430000,-1.850102066990000,0.000000000000000
-38.085071563699998,174.854721068999993,1.545812964440000,1.760415673260000,1.886295557020000,-1.856442928310000,0.000000000000000
-38.082599639900003,174.852920532000013,1.547682404520000,1.765312194820000,1.892352342610000,-1.868553400040000,0.000000000000000
-38.083145141599999,174.853256226000013,1.548129677770000,1.765620946880000,1.892826080320000,-1.869399905200000,0.000000000000000
-38.083812713599997,174.853591918999996,1.546588301660000,1.762923002240000,1.889561772350000,-1.863762855530000,0.000000000000000
-38.082393646200003,174.852294921999999,1.547777295110000,1.765341281890000,1.892576694490000,-1.869422197340000,0.000000000000000
-38.078697204599997,174.848358154000010,1.562196135520000,1.791975975040000,1.921862363820000,-1.927947759630000,0.000000000000000
-38.078540801999999,174.847747803000004,1.561713814740000,1.791444182400000,1.921217203140000,-1.927679181100000,0.000000000000000
-38.077362060500000,174.846450806000007,1.561216115950000,1.791061520580000,1.920948982240000,-1.927043318750000,0.000000000000000
-38.077812194800003,174.846878051999994,1.561262011530000,1.790891408920000,1.920641660690000,-1.926463961600000,0.000000000000000
-38.077484130899997,174.845718384000008,1.560827612880000,1.790517091750000,1.920188665390000,-1.926597714420000,0.000000000000000
-38.078399658199999,174.847030640000014,1.561235666280000,1.790945887570000,1.920660376550000,-1.926728010180000,0.000000000000000
-38.077602386499997,174.844985962000010,1.560130715370000,1.789660811420000,1.919525146480000,-1.925751328470000,0.000000000000000
-38.074489593499997,174.839385985999996,1.553950548170000,1.779257774350000,1.908328056340000,-1.905815601350000,0.000000000000000
-38.073791503899997,174.838836670000006,1.553950786590000,1.779552817340000,1.908595204350000,-1.908412098880000,0.000000000000000
-38.068187713599997,174.837249756000006,1.553801774980000,1.781574726100000,1.908453464510000,-1.915544271470000,0.000000000000000
-38.069339752200001,174.838516234999986,1.553927898410000,1.781643986700000,1.908324360850000,-1.915697932240000,0.000000000000000
-38.068782806400002,174.837829590000013,1.554119706150000,1.781994819640000,1.908925175670000,-1.916916728020000,0.000000000000000
-38.070091247599997,174.838394165000011,1.553024291990000,1.780411124230000,1.906875252720000,-1.913285255430000,0.000000000000000
-38.070922851600002,174.838775634999990,1.550426244740000,1.774938464160000,1.901342272760000,-1.900971055030000,0.000000000000000
-38.068279266399998,174.836608887000011,1.553298234940000,1.780995488170000,1.907903909680000,-1.914834380150000,0.000000000000000
-38.067924499500002,174.836074829000012,1.553320169450000,1.781011819840000,1.907904982570000,-1.915197610860000,0.000000000000000
-38.067516326899998,174.835449218999997,1.553727746010000,1.781320571900000,1.908326625820000,-1.915314555170000,0.000000000000000
-38.067108154300001,174.834777831999986,1.553812503810000,1.781297922130000,1.908365249630000,-1.915624260900000,0.000000000000000
-38.066783905000001,174.834197998000008,1.553959012030000,1.781238675120000,1.908229947090000,-1.915253400800000,0.000000000000000
-38.066253662100003,174.833129882999998,1.553999304770000,1.781304240230000,1.908322691920000,-1.915193319320000,0.000000000000000
-38.066852569600002,174.833557129000013,1.553768277170000,1.780971527100000,1.908024549480000,-1.914941906930000,0.000000000000000
-38.066295623800002,174.832397460999999,1.553697705270000,1.780981659890000,1.908038377760000,-1.914800643920000,0.000000000000000
-38.065723419199998,174.831954956000004,1.553761363030000,1.781087994580000,1.907919049260000,-1.914611697200000,0.000000000000000
-38.065181732200003,174.831497192000000,1.553557395940000,1.780770659450000,1.907446742060000,-1.913630723950000,0.000000000000000
-38.064693450900002,174.830978393999999,1.553922295570000,1.780857682230000,1.907248973850000,-1.913055539130000,0.000000000000000
-38.065296173100002,174.830917357999994,1.553290247920000,1.780347228050000,1.906916379930000,-1.912935495380000,0.000000000000000
-38.064224243200002,174.830352782999995,1.553856849670000,1.780812382700000,1.907224655150000,-1.913007020950000,0.000000000000000
-38.130657196000001,174.823196410999998,1.566180825230000,1.793128728870000,1.924525022510000,-1.911490321160000,0.000000000000000
-38.131393432599999,174.822952270999991,1.566215872760000,1.793236494060000,1.924437284470000,-1.910709261890000,0.000000000000000
-38.132225036599998,174.822845459000007,1.564172863960000,1.790801763530000,1.921933889390000,-1.909455776210000,0.000000000000000
-38.079948425300003,174.849777222000000,1.559262037280000,1.786260604860000,1.916107296940000,-1.915359020230000,0.000000000000000
-38.080646514900003,174.850051879999995,1.559462189670000,1.786525845530000,1.916664958000000,-1.915572404860000,0.000000000000000
-38.079235076899998,174.848678589000002,1.561498761180000,1.791025280950000,1.920778036120000,-1.925896763800000,0.000000000000000
-38.079891204799999,174.848999023000005,1.562206387520000,1.791991114620000,1.921970129010000,-1.928467750550000,0.000000000000000
-38.084617614700001,174.853927612000007,1.544861316680000,1.758859634400000,1.884759902950000,-1.853717088700000,0.000000000000000
-38.083187103299998,174.852447509999990,1.547174453740000,1.764237165450000,1.891242027280000,-1.866598367690000,0.000000000000000
-38.083721160899998,174.852905273000005,1.547065615650000,1.764353036880000,1.891258001330000,-1.867057561870000,0.000000000000000
-38.084400176999999,174.853027343999997,1.546187520030000,1.762753486630000,1.889440655710000,-1.862519145010000,0.000000000000000
-38.082889556900000,174.851699829000012,1.548647880550000,1.766449451450000,1.893936872480000,-1.871738672260000,0.000000000000000
-38.083515167199998,174.851806640999996,1.547971367840000,1.765432953830000,1.892678976060000,-1.869712114330000,0.000000000000000
-38.095073700000000,174.850418090999995,1.549107551570000,1.765606284140000,1.887780427930000,-1.885066390040000,0.000000000000000
-38.079189300499998,174.847976684999992,1.561232328410000,1.790752053260000,1.920466423030000,-1.926039695740000,0.000000000000000
-38.079078674300000,174.847259521000012,1.561108469960000,1.790684342380000,1.920303463940000,-1.925737500190000,0.000000000000000
-38.078132629400002,174.846237183000000,1.561050772670000,1.790842294690000,1.920480489730000,-1.926661014560000,0.000000000000000
-38.078128814700001,174.845397948999988,1.560393810270000,1.789991617200000,1.919756054880000,-1.925650954250000,0.000000000000000
-38.078083038300001,174.844863892000006,1.559846520420000,1.789322495460000,1.919165849690000,-1.925398826600000,0.000000000000000
-38.078933715799998,174.846496581999986,1.560956120490000,1.790544033050000,1.920184135440000,-1.926170349120000,0.000000000000000
-38.077941894500000,174.844223021999994,1.560519814490000,1.790653705600000,1.920649409290000,-1.927875518800000,0.000000000000000
-38.075054168699999,174.838912964000002,1.558035969730000,1.786152124400000,1.915754675870000,-1.920445442200000,0.000000000000000
-38.074489593499997,174.838516234999986,1.557272791860000,1.785111665730000,1.914719820020000,-1.918855905530000,0.000000000000000
-38.075778961200001,174.838867187999995,1.554603457450000,1.780836462970000,1.910258173940000,-1.908901453020000,0.000000000000000
-38.068992614700001,174.836898803999986,1.552676200870000,1.780351042750000,1.907005786900000,-1.913910865780000,0.000000000000000
-38.069656372099999,174.837677001999992,1.553064346310000,1.780843496320000,1.907556295390000,-1.914635658260000,0.000000000000000
-38.070621490500002,174.837738037000008,1.549619793890000,1.773629546170000,1.900018692020000,-1.899596333500000,0.000000000000000
-38.068626403800003,174.836090087999992,1.553239703180000,1.780915975570000,1.907778978350000,-1.914277434350000,0.000000000000000
-38.068244934100001,174.835433959999989,1.553239941600000,1.780757665630000,1.907721996310000,-1.914852142330000,0.000000000000000
-38.067848205600001,174.834793090999995,1.553289651870000,1.780815243720000,1.907788038250000,-1.914671659470000,0.000000000000000
-38.069313049300000,174.836120604999991,1.552455902100000,1.780164361000000,1.906965970990000,-1.914214611050000,0.000000000000000
-38.067481994600001,174.834060668999996,1.553609967230000,1.780956625940000,1.908028483390000,-1.915167212490000,0.000000000000000
-38.066886901899998,174.832824706999986,1.553604602810000,1.780933499340000,1.908042073250000,-1.915114164350000,0.000000000000000
-38.067489623999997,174.833251953000001,1.553266286850000,1.780623793600000,1.907742977140000,-1.914760708810000,0.000000000000000
-38.066917419399999,174.832107543999996,1.553568005560000,1.780974984170000,1.908135652540000,-1.915326356890000,0.000000000000000
-38.066337585399999,174.831680298000009,1.553465843200000,1.780657529830000,1.907690644260000,-1.914346218110000,0.000000000000000
-38.065780639600000,174.831268311000002,1.553675413130000,1.780904650690000,1.907644391060000,-1.914153933530000,0.000000000000000
-38.065048217799998,174.830245972000000,1.553161978720000,1.780191063880000,1.906715154650000,-1.912536025050000,0.000000000000000
-38.065769195599998,174.830581665000011,1.553135275840000,1.780328750610000,1.907037854190000,-1.913264036180000,0.000000000000000
-38.063682556200000,174.829757690000008,1.554078936580000,1.780879974370000,1.906902790070000,-1.912625908850000,0.000000000000000
-38.064441680900003,174.829589843999997,1.553652763370000,1.780502319340000,1.906750082970000,-1.912851691250000,0.000000000000000
-38.065155029300001,174.829406737999989,1.553435802460000,1.780383229260000,1.906854748730000,-1.912846684460000,0.000000000000000
-38.130798339800002,174.822509765999996,1.564716100690000,1.791526079180000,1.922532677650000,-1.909847617150000,0.000000000000000
-38.131637573200003,174.822158812999987,1.564729928970000,1.791732788090000,1.922717332840000,-1.910592317580000,0.000000000000000
-38.132217407200002,174.821441649999997,1.563351273540000,1.790134549140000,1.920738339420000,-1.908929586410000,0.000000000000000
-38.098922729500003,174.846633910999998,1.547789454460000,1.765316843990000,1.887986898420000,-1.883235573770000,0.000000000000000
-38.097896575900002,174.847808837999992,1.548332810400000,1.765837311740000,1.888504505160000,-1.884678125380000,0.000000000000000
-38.098167419399999,174.846969604000009,1.548018217090000,1.765527248380000,1.888186812400000,-1.884336709980000,0.000000000000000
-38.095470428500001,174.849807738999999,1.549948096280000,1.767046928410000,1.889420032500000,-1.887774467470000,0.000000000000000
-38.095855712899997,174.849212646000012,1.549494147300000,1.766576766970000,1.888963937760000,-1.886729598050000,0.000000000000000
-38.097091674799998,174.848449706999986,1.548982024190000,1.766482114790000,1.889108181000000,-1.885864257810000,0.000000000000000
-38.097103118900002,174.847656250000000,1.548647999760000,1.765875577930000,1.888420224190000,-1.884678006170000,0.000000000000000
-38.082000732399997,174.850631714000002,1.558187961580000,1.783972620960000,1.913864254950000,-1.911132216450000,0.000000000000000
-38.081317901600002,174.850311279000010,1.557285666470000,1.782743453980000,1.912409782410000,-1.908284068110000,0.000000000000000
-38.080562591600000,174.849288940000008,1.562085390090000,1.791694998740000,1.921543121340000,-1.927227735520000,0.000000000000000
-38.081241607700001,174.849563598999993,1.563063859940000,1.792936325070000,1.923371315000000,-1.930507063870000,0.000000000000000
-38.079830169700003,174.848251342999987,1.561809539790000,1.791471958160000,1.921242237090000,-1.927462220190000,0.000000000000000
-38.080490112299998,174.848541259999990,1.561601519580000,1.791167259220000,1.921000480650000,-1.926826596260000,0.000000000000000
-38.085235595699999,174.853179931999989,1.546275615690000,1.761443972590000,1.887647867200000,-1.860890269280000,0.000000000000000
-38.084060668900001,174.852218628000003,1.547508358960000,1.764769315720000,1.891869783400000,-1.867967367170000,0.000000000000000
-38.084957122799999,174.852340698000006,1.546188712120000,1.763019561770000,1.889774441720000,-1.864282846450000,0.000000000000000
-38.082736969000003,174.850921631000006,1.550436496730000,1.769681453700000,1.897763013840000,-1.879603743550000,0.000000000000000
-38.083454132100002,174.851181029999992,1.549278020860000,1.767736554150000,1.895463109020000,-1.875583291050000,0.000000000000000
-38.083980560299999,174.851501465000013,1.546449780460000,1.763287901880000,1.890275597570000,-1.864582061770000,0.000000000000000
-38.094757080100003,174.849761962999992,1.549299597740000,1.766045928000000,1.888206720350000,-1.885602474210000,0.000000000000000
-38.079750060999999,174.847518920999988,1.561459422110000,1.791200876240000,1.920983552930000,-1.927402615550000,0.000000000000000
-38.079643249500002,174.846771240000010,1.560951709750000,1.790654540060000,1.920263051990000,-1.926514744760000,0.000000000000000
-38.078804016100001,174.845703125000000,1.560368657110000,1.789821863170000,1.919487714770000,-1.925294876100000,0.000000000000000
-38.078655242899998,174.844863892000006,1.560139656070000,1.789875626560000,1.919683098790000,-1.926221847530000,0.000000000000000
-38.079528808600003,174.846008301000012,1.560717821120000,1.790425300600000,1.920037150380000,-1.926154494290000,0.000000000000000
-38.078853607200003,174.844055176000012,1.559938788410000,1.789804220200000,1.919617056850000,-1.926193118100000,0.000000000000000
-38.078392028800003,174.843414306999989,1.559265613560000,1.788846015930000,1.918840408330000,-1.925649642940000,0.000000000000000
-38.078063964800002,174.842834473000011,1.559999108310000,1.790229201320000,1.920375108720000,-1.928051233290000,0.000000000000000
-38.075195312500000,174.838241576999991,1.556979537010000,1.784981012340000,1.914813280110000,-1.917995095250000,0.000000000000000
-38.075916290300000,174.838027954000012,1.561294078830000,1.791354179380000,1.921773791310000,-1.930993676190000,0.000000000000000
-38.070110321000001,174.836654662999990,1.552821040150000,1.780556797980000,1.907274127010000,-1.913833260540000,0.000000000000000
-38.068992614700001,174.835433959999989,1.553014874460000,1.780629038810000,1.907540798190000,-1.915020704270000,0.000000000000000
-38.068565368700000,174.834777831999986,1.553088784220000,1.780598282810000,1.907551884650000,-1.914459586140000,0.000000000000000
-38.068161010700003,174.834259032999995,1.553236007690000,1.780871391300000,1.908008098600000,-1.915209650990000,0.000000000000000
-38.069835662800003,174.835540771000012,1.552594065670000,1.780258536340000,1.906903624530000,-1.913788318630000,0.000000000000000
-38.068126678500001,174.833618164000001,1.553529500960000,1.781000494960000,1.908163785930000,-1.915398359300000,0.000000000000000
-38.067501068100000,174.832519531000003,1.553390264510000,1.780960083010000,1.908213615420000,-1.915363550190000,0.000000000000000
-38.068088531500003,174.832901001000010,1.553199887280000,1.780542016030000,1.907647013660000,-1.914621591570000,0.000000000000000
-38.067527771000002,174.831817626999992,1.553168773650000,1.780814170840000,1.908123254780000,-1.915339231490000,0.000000000000000
-38.066947937000002,174.831390381000006,1.553362011910000,1.780820131300000,1.908013701440000,-1.915060758590000,0.000000000000000
-38.066364288300001,174.830978393999999,1.553131818770000,1.780345082280000,1.907349944110000,-1.914034843440000,0.000000000000000
-38.065750122099999,174.829864501999992,1.553031682970000,1.780190825460000,1.906941771510000,-1.913240671160000,0.000000000000000
-38.066371917700003,174.830261229999991,1.553008437160000,1.780186295510000,1.907176733020000,-1.913493394850000,0.000000000000000
-38.063880920400003,174.828948975000003,1.553307056430000,1.780084609990000,1.906304836270000,-1.911559104920000,0.000000000000000
-38.065776825000000,174.829132079999994,1.553365230560000,1.780471801760000,1.907160878180000,-1.913746714590000,0.000000000000000
-38.064655303999999,174.828842162999990,1.553165435790000,1.779986023900000,1.906292080880000,-1.912288546560000,0.000000000000000
-38.065265655499999,174.828781128000003,1.552989363670000,1.779994964600000,1.906394243240000,-1.912390589710000,0.000000000000000
-38.130302429200000,174.822082520000009,1.565470218660000,1.792753219600000,1.923737883570000,-1.911158561710000,0.000000000000000
-38.130874633799998,174.821884154999992,1.564013242720000,1.790864944460000,1.921752095220000,-1.908823847770000,0.000000000000000
-38.131305694600002,174.821350098000011,1.563849210740000,1.790431618690000,1.920837998390000,-1.908850908280000,0.000000000000000
-38.131851196299998,174.820693970000008,1.563580751420000,1.790297389030000,1.920526862140000,-1.909363389020000,0.000000000000000
-38.132274627699999,174.819320678999986,1.563230156900000,1.789762496950000,1.919906020160000,-1.907748818400000,0.000000000000000
-38.098293304400002,174.846359253000003,1.547523379330000,1.765080451970000,1.887813806530000,-1.883147478100000,0.000000000000000
-38.098670959499998,174.845932006999988,1.547217726710000,1.764707088470000,1.887437105180000,-1.882550954820000,0.000000000000000
-38.099140167199998,174.845443726000013,1.546915650370000,1.764446735380000,1.887195944790000,-1.882597923280000,0.000000000000000
-38.097694396999998,174.846420287999990,1.547851443290000,1.765408039090000,1.888147115710000,-1.883797168730000,0.000000000000000
-38.097419738799999,174.847076415999993,1.548254728320000,1.765670418740000,1.888299226760000,-1.884611368180000,0.000000000000000
-38.096176147500003,174.848556518999999,1.549306631090000,1.766651272770000,1.889174103740000,-1.887132763860000,0.000000000000000
-38.095153808600003,174.849182129000013,1.549395322800000,1.766258478160000,1.888583183290000,-1.886490106580000,0.000000000000000
-38.095520019500000,174.848678589000002,1.549346446990000,1.766471147540000,1.888865947720000,-1.886444568630000,0.000000000000000
-38.096679687500000,174.847122192000000,1.548557162280000,1.766184568410000,1.888908028600000,-1.885401487350000,0.000000000000000
-38.096420288099999,174.847824097000000,1.549006700520000,1.766596078870000,1.889281153680000,-1.886491298680000,0.000000000000000
-38.082637786900001,174.850112915000011,1.555053114890000,1.778568625450000,1.907904982570000,-1.900627613070000,0.000000000000000
-38.081924438500003,174.849853515999996,1.560819149020000,1.788991808890000,1.919212818150000,-1.921701908110000,0.000000000000000
-38.081157684300003,174.848831176999994,1.562495112420000,1.792350888250000,1.922458171840000,-1.929667115210000,0.000000000000000
-38.081829071000001,174.849090576000009,1.563366770740000,1.793177723880000,1.923409819600000,-1.930949807170000,0.000000000000000
-38.080413818399997,174.847808837999992,1.561292052270000,1.790794610980000,1.920562267300000,-1.926558136940000,0.000000000000000
-38.081077575700000,174.848083495999987,1.562077999110000,1.791874289510000,1.921874523160000,-1.928773641590000,0.000000000000000
-38.084655761699999,174.851531982000012,1.546798348430000,1.763992309570000,1.890894532200000,-1.866576194760000,0.000000000000000
-38.083389282200002,174.850402831999986,1.552169084550000,1.772428870200000,1.900986433030000,-1.886249542240000,0.000000000000000
-38.084209442099997,174.850753784000005,1.547448396680000,1.764937639240000,1.892266631130000,-1.868929147720000,0.000000000000000
-38.080329894999998,174.847061157000013,1.561045765880000,1.790594935420000,1.920295596120000,-1.926322937010000,0.000000000000000
-38.080230712899997,174.846298217999987,1.560647130010000,1.790149331090000,1.919816255570000,-1.925938248630000,0.000000000000000
-38.079429626500001,174.845230103000006,1.560190916060000,1.789741635320000,1.919455885890000,-1.925609350200000,0.000000000000000
-38.079334258999999,174.844558715999995,1.560021519660000,1.789801001550000,1.919537782670000,-1.926101684570000,0.000000000000000
-38.080135345499997,174.845535278000000,1.560253739360000,1.789856910710000,1.919482469560000,-1.925755858420000,0.000000000000000
-38.078155517600003,174.842178345000008,1.559589624400000,1.789815068240000,1.919951677320000,-1.927637219430000,0.000000000000000
-38.079631805399998,174.843948363999999,1.559620976450000,1.789431214330000,1.919290661810000,-1.925929307940000,0.000000000000000
-38.079151153600002,174.843322754000013,1.559177160260000,1.788771867750000,1.918839931490000,-1.925366401670000,0.000000000000000
-38.078681945800000,174.842727660999998,1.560137152670000,1.790494441990000,1.920701265340000,-1.928613901140000,0.000000000000000
-38.077018737800003,174.839035034000005,1.554498910900000,1.781117916110000,1.910849094390000,-1.908627629280000,0.000000000000000
-38.077163696299998,174.838302612000007,1.560522556300000,1.789832830430000,1.919612169270000,-1.927843451500000,0.000000000000000
-38.076595306400002,174.837799071999996,1.560740828510000,1.790646791460000,1.920637369160000,-1.929066419600000,0.000000000000000
-38.075370788599997,174.837417603000006,1.559388279910000,1.788977265360000,1.919398784640000,-1.925634264950000,0.000000000000000
-38.076061248800002,174.837341309000010,1.560719370840000,1.790548682210000,1.920618772510000,-1.929940938950000,0.000000000000000
-38.069366455100003,174.834671020999991,1.552811145780000,1.780539512630000,1.907603025440000,-1.914824247360000,0.000000000000000
-38.068775176999999,174.834030151000007,1.552749037740000,1.780311226840000,1.907219052310000,-1.914443373680000,0.000000000000000
-38.068752288799999,174.833221436000002,1.553243398670000,1.780800342560000,1.908066630360000,-1.915581941600000,0.000000000000000
-38.068088531500003,174.832214354999991,1.553430914880000,1.780996441840000,1.908261179920000,-1.915334105490000,0.000000000000000
-38.068580627400003,174.832580565999990,1.552995562550000,1.780422925950000,1.907568335530000,-1.914588689800000,0.000000000000000
-38.068130493200002,174.831542968999997,1.553580045700000,1.781627416610000,1.909130454060000,-1.917222380640000,0.000000000000000
-38.067565918000000,174.831115723000011,1.553048610690000,1.780673503880000,1.907986879350000,-1.914849042890000,0.000000000000000
-38.066978454599997,174.830688476999995,1.553178191180000,1.780677914620000,1.907919883730000,-1.914811134340000,0.000000000000000
-38.066375732399997,174.829528809000010,1.552818775180000,1.780093669890000,1.907003760340000,-1.913351655010000,0.000000000000000
-38.066997528100003,174.829940795999988,1.553289771080000,1.780783295630000,1.908004403110000,-1.915056586270000,0.000000000000000
-38.064186096199997,174.828186034999987,1.553326845170000,1.780191183090000,1.906345248220000,-1.912722229960000,0.000000000000000
-38.066368103000002,174.828796387000011,1.553334951400000,1.780410051350000,1.907218694690000,-1.913490414620000,0.000000000000000
-38.065738678000002,174.828414917000003,1.553059458730000,1.780000329020000,1.906545758250000,-1.912727594380000,0.000000000000000
-38.064998626700003,174.828094482000012,1.553250432010000,1.780337095260000,1.906814336780000,-1.912960767750000,0.000000000000000
-38.130916595499997,174.820587157999995,1.562316179280000,1.788809895520000,1.919170260430000,-1.908211112020000,0.000000000000000
-38.131507873499999,174.819839478000006,1.561659216880000,1.788099884990000,1.918031811710000,-1.907763957980000,0.000000000000000
-38.131603241000001,174.819107056000007,1.562143445010000,1.788437008860000,1.918250322340000,-1.907553434370000,0.000000000000000
-38.132011413599997,174.818618773999987,1.561626672740000,1.787842631340000,1.917747378350000,-1.905703067780000,0.000000000000000
-38.132347106899999,174.818069457999997,1.562719583510000,1.789066791530000,1.919282078740000,-1.906967520710000,0.000000000000000
-38.098003387500000,174.845840454000012,1.547580361370000,1.765125751500000,1.887822985650000,-1.883654832840000,0.000000000000000
-38.098411560099997,174.845291137999993,1.547170877460000,1.764670968060000,1.887444496150000,-1.882431030270000,0.000000000000000
-38.098903655999997,174.844726562000005,1.546981573100000,1.764306187630000,1.886972069740000,-1.881471633910000,0.000000000000000
-38.100181579599997,174.844192504999995,1.546432852750000,1.763663530350000,1.886209011080000,-1.880792737010000,0.000000000000000
-38.099403381300000,174.844146728999988,1.546621561050000,1.763896942140000,1.886459827420000,-1.880601167680000,0.000000000000000
-38.100517272899999,174.843597412000008,1.545932292940000,1.763494610790000,1.886275410650000,-1.880169630050000,0.000000000000000
-38.097293853799997,174.845840454000012,1.547733783720000,1.765347361560000,1.888128519060000,-1.883870005610000,0.000000000000000
-38.096977233899999,174.846481323000006,1.548103570940000,1.765527367590000,1.888178110120000,-1.884485244750000,0.000000000000000
-38.095561981199999,174.847976684999992,1.549123048780000,1.766420364380000,1.888876438140000,-1.886796951290000,0.000000000000000
-38.096229553199997,174.846527100000003,1.548494577410000,1.766067385670000,1.888781428340000,-1.885291934010000,0.000000000000000
-38.095920562700002,174.847213745000005,1.549030065540000,1.766517877580000,1.889153003690000,-1.887000203130000,0.000000000000000
-38.083255767799997,174.849578857000012,1.555578231810000,1.779766798020000,1.909222364430000,-1.902530908580000,0.000000000000000
-38.082519531199999,174.849334717000005,1.562259197240000,1.791394948960000,1.922006249430000,-1.927805662160000,0.000000000000000
-38.081733703600001,174.848358154000010,1.562059760090000,1.791585564610000,1.921606898310000,-1.928327679630000,0.000000000000000
-38.082386016800001,174.848602295000006,1.563953638080000,1.794550418850000,1.925072789190000,-1.934435248370000,0.000000000000000
-38.081005096399998,174.847351073999988,1.561476945880000,1.791202306750000,1.921074032780000,-1.927848935130000,0.000000000000000
-38.081657409700000,174.847640990999992,1.561639070510000,1.791358113290000,1.921365022660000,-1.928031921390000,0.000000000000000
-38.084041595499997,174.849822998000008,1.551375508310000,1.771343588830000,1.899794578550000,-1.884890198710000,0.000000000000000
-38.080928802499997,174.846588134999990,1.561034798620000,1.790833115580000,1.920625686650000,-1.927351355550000,0.000000000000000
-38.080814361599998,174.845840454000012,1.560517907140000,1.790141701700000,1.919859528540000,-1.926199793820000,0.000000000000000
-38.080101013200000,174.844680785999998,1.559789538380000,1.789303421970000,1.919040203090000,-1.925169229510000,0.000000000000000
-38.080692291299997,174.845169067000000,1.560217380520000,1.789817452430000,1.919565677640000,-1.925927400590000,0.000000000000000
-38.078384399400001,174.841430664000001,1.559235453610000,1.789441466330000,1.919596552850000,-1.927282333370000,0.000000000000000
-38.077968597400002,174.840866089000002,1.559372305870000,1.789655804630000,1.920058846470000,-1.927694320680000,0.000000000000000
-38.078910827599998,174.842010498000008,1.560083508490000,1.790136814120000,1.920088648800000,-1.927891731260000,0.000000000000000
-38.080429077100000,174.843841553000004,1.559602975850000,1.789319276810000,1.919294953350000,-1.926016211510000,0.000000000000000
-38.079914092999999,174.843215942000000,1.559532284740000,1.789525985720000,1.919516086580000,-1.926613211630000,0.000000000000000
-38.079418182399998,174.842605590999995,1.559739589690000,1.789960980420000,1.920050263400000,-1.927848577500000,0.000000000000000
-38.077526092500001,174.839614868000012,1.557497620580000,1.786541819570000,1.916689276700000,-1.920983910560000,0.000000000000000
-38.078090667700003,174.840179443000011,1.559947013850000,1.790110707280000,1.920368075370000,-1.928861975670000,0.000000000000000
-38.077716827400003,174.838836670000006,1.560000538830000,1.789811611180000,1.919832468030000,-1.928306818010000,0.000000000000000
-38.077873230000002,174.838088988999999,1.559786081310000,1.789471626280000,1.919354915620000,-1.928012490270000,0.000000000000000
-38.077281951899998,174.837554931999989,1.560037493710000,1.789586067200000,1.919447541240000,-1.927974104880000,0.000000000000000
-38.076652526899998,174.837020873999990,1.560122013090000,1.790172815320000,1.920326828960000,-1.929712891580000,0.000000000000000
-38.075778961200001,174.836425781000003,1.556645035740000,1.785460948940000,1.915976166730000,-1.919248104100000,0.000000000000000
-38.069679260299999,174.833618164000001,1.553292870520000,1.780814528470000,1.907909870150000,-1.915763616560000,0.000000000000000
-38.069259643599999,174.832565308000000,1.552608132360000,1.779997467990000,1.907005906110000,-1.913973927500000,0.000000000000000
-38.068706512500000,174.831954956000004,1.553395628930000,1.780997753140000,1.908240914340000,-1.916141152380000,0.000000000000000
-38.068687439000001,174.831314087000010,1.552878975870000,1.781056642530000,1.908585786820000,-1.916072130200000,0.000000000000000
-38.068202972400002,174.830856323000006,1.553080439570000,1.780858755110000,1.908190727230000,-1.915037035940000,0.000000000000000
-38.067615508999999,174.830383301000012,1.552566766740000,1.780343413350000,1.907685160640000,-1.914442777630000,0.000000000000000
-38.066997528100003,174.829193115000010,1.553162574770000,1.780482172970000,1.907596945760000,-1.914189338680000,0.000000000000000
-38.066978454599997,174.828445434999992,1.553023576740000,1.780363798140000,1.907355666160000,-1.913700342180000,0.000000000000000
-38.067642211900001,174.829620360999996,1.552761316300000,1.780457973480000,1.907832741740000,-1.914040684700000,0.000000000000000
-38.064453125000000,174.827560425000001,1.553255319600000,1.780207753180000,1.906484007840000,-1.912698030470000,0.000000000000000
-38.066337585399999,174.828048706000004,1.552937507630000,1.780268311500000,1.906965613370000,-1.913323044780000,0.000000000000000
-38.065677642799997,174.827667235999996,1.553159236910000,1.780403018000000,1.906917810440000,-1.913489222530000,0.000000000000000
-38.065021514900003,174.827255248999990,1.553302168850000,1.780394196510000,1.906700253490000,-1.913369059560000,0.000000000000000
-38.130943298299997,174.819198607999994,1.561015486720000,1.787200331690000,1.917333722110000,-1.906600594520000,0.000000000000000
-38.131282806400002,174.818588256999988,1.561801552770000,1.787990808490000,1.918153047560000,-1.906654834750000,0.000000000000000
-38.131679534900002,174.817993164000001,1.561917304990000,1.787982344630000,1.918447017670000,-1.906786918640000,0.000000000000000
-38.132160186800000,174.817352295000006,1.562684893610000,1.788423180580000,1.918966770170000,-1.905893325810000,0.000000000000000
-38.132282257100002,174.816467284999987,1.562734365460000,1.788384914400000,1.919049501420000,-1.905323028560000,0.000000000000000
-38.132011413599997,174.815658568999993,1.562619328500000,1.787993431090000,1.918833971020000,-1.905047655110000,0.000000000000000
-38.131752014200003,174.814926146999994,1.561887383460000,1.787137866020000,1.918057918550000,-1.904851078990000,0.000000000000000
-38.131481170699999,174.814178467000005,1.561583995820000,1.786676287650000,1.917646884920000,-1.903962731360000,0.000000000000000
-38.131137847900000,174.813476562000005,1.561176300050000,1.786291956900000,1.917337536810000,-1.904673933980000,0.000000000000000
-38.097660064700001,174.845214843999997,1.547357797620000,1.764894485470000,1.887629032140000,-1.882961630820000,0.000000000000000
-38.098091125499998,174.844604492000002,1.547098398210000,1.764512658120000,1.887208700180000,-1.882042527200000,0.000000000000000
-38.098571777300002,174.843933104999991,1.546533465390000,1.763770103450000,1.886334300040000,-1.880713820460000,0.000000000000000
-38.099811553999999,174.843536376999992,1.546200633050000,1.763426899910000,1.886020064350000,-1.880717515950000,0.000000000000000
-38.099155426000003,174.843551636000001,1.546224713330000,1.763578176500000,1.886203169820000,-1.880049228670000,0.000000000000000
-38.100265502900001,174.842803954999994,1.545631051060000,1.762959480290000,1.885697960850000,-1.880537033080000,0.000000000000000
-38.096889495799999,174.845199584999989,1.547728180890000,1.765233755110000,1.887985348700000,-1.883493781090000,0.000000000000000
-38.096546173100002,174.845855712999992,1.548084855080000,1.765703082080000,1.888463258740000,-1.884847640990000,0.000000000000000
-38.083862304699998,174.848968506000006,1.558043479920000,1.784276843070000,1.914251923560000,-1.913299322130000,0.000000000000000
-38.083072662399999,174.848800659000005,1.561435818670000,1.790041446690000,1.920326948170000,-1.924790501590000,0.000000000000000
-38.082298278800003,174.847900390999996,1.562666893010000,1.792745590210000,1.922999024390000,-1.931267023090000,0.000000000000000
-38.082855224600003,174.848159790000011,1.561624884610000,1.791077375410000,1.921168684960000,-1.927067637440000,0.000000000000000
-38.081623077400003,174.846893311000002,1.561061620710000,1.790695428850000,1.920615673070000,-1.926972031590000,0.000000000000000
-38.082191467299999,174.847259521000012,1.562231421470000,1.792158126830000,1.922302722930000,-1.930053234100000,0.000000000000000
-38.081546783400000,174.846099853999988,1.560891628270000,1.790750741960000,1.920621395110000,-1.927584886550000,0.000000000000000
-38.081356048600000,174.845306396000012,1.560014724730000,1.789618372920000,1.919414401050000,-1.925745606420000,0.000000000000000
-38.081050872799999,174.844497681000007,1.559871196750000,1.789609909060000,1.919474959370000,-1.926091551780000,0.000000000000000
-38.079154968300003,174.841293334999989,1.558693647380000,1.788757324220000,1.918775558470000,-1.926045894620000,0.000000000000000
-38.078639984100001,174.840713501000010,1.558743834500000,1.789079904560000,1.919213294980000,-1.927263021470000,0.000000000000000
-38.079669952400003,174.841873168999996,1.559706211090000,1.789538502690000,1.919425487520000,-1.927105665210000,0.000000000000000
-38.081195831300001,174.843658446999996,1.559694170950000,1.789585471150000,1.919666528700000,-1.926742553710000,0.000000000000000
-38.080680847200000,174.843078612999989,1.560015082360000,1.790008664130000,1.920043349270000,-1.927798390390000,0.000000000000000
-38.080173492400000,174.842468262000011,1.559700012210000,1.789755105970000,1.919716835020000,-1.927339673040000,0.000000000000000
-38.078277587899997,174.839401245000005,1.559488058090000,1.789466857910000,1.919677972790000,-1.928019165990000,0.000000000000000
-38.078842163099999,174.839965820000003,1.560130715370000,1.790328741070000,1.920668125150000,-1.929461002350000,0.000000000000000
-38.100261688200000,174.841796875000000,1.545430898670000,1.763386607170000,1.886512160300000,-1.881331205370000,0.000000000000000
-38.078449249300000,174.838638306000007,1.560106754300000,1.790091037750000,1.920186996460000,-1.928944230080000,0.000000000000000
-38.078605651899998,174.837860107000012,1.559474468230000,1.789119482040000,1.919031977650000,-1.927670717240000,0.000000000000000
-38.078010559100001,174.837310790999993,1.559988975520000,1.789429306980000,1.919246673580000,-1.927881002430000,0.000000000000000
-38.077404022200000,174.836776732999994,1.559652328490000,1.789280891420000,1.919181108470000,-1.927818536760000,0.000000000000000
-38.076782226600002,174.836227417000003,1.559904336930000,1.789918303490000,1.920227408410000,-1.929343104360000,0.000000000000000
-38.076313018800001,174.835662842000005,1.557145357130000,1.786586284640000,1.917206883430000,-1.922475934030000,0.000000000000000
-38.076393127400003,174.834899901999989,1.558780908580000,1.788022398950000,1.918509483340000,-1.923794269560000,0.000000000000000
-38.102005004900001,174.837661743000012,1.543279528620000,1.760756134990000,1.883764147760000,-1.875633478160000,0.000000000000000
-38.069477081300001,174.831542968999997,1.553318381310000,1.781389713290000,1.908887386320000,-1.917062520980000,0.000000000000000
-38.068923950200002,174.830673217999987,1.552929043770000,1.780492186550000,1.907761216160000,-1.914519667630000,0.000000000000000
-38.068294525100001,174.830093384000008,1.552999496460000,1.781062841420000,1.908615350720000,-1.915565371510000,0.000000000000000
-38.067630767799997,174.828842162999990,1.552656650540000,1.780372738840000,1.907740235330000,-1.914084196090000,0.000000000000000
-38.066947937000002,174.827682495000005,1.553375124930000,1.780743360520000,1.907653570180000,-1.914490222930000,0.000000000000000
-38.067592620799999,174.828063965000013,1.553576231000000,1.781105756760000,1.908289074900000,-1.914623498920000,0.000000000000000
-38.068317413300001,174.829269409000005,1.552827119830000,1.780892610550000,1.908290028570000,-1.914756536480000,0.000000000000000
-38.064296722400002,174.826751709000007,1.553596735000000,1.780551552770000,1.906749725340000,-1.913725376130000,0.000000000000000
-38.066310882600000,174.827301024999997,1.553263545040000,1.780684351920000,1.907286405560000,-1.913592100140000,0.000000000000000
-38.066883087199997,174.827026367000002,1.553240537640000,1.780879139900000,1.907711505890000,-1.914588093760000,0.000000000000000
-38.065654754599997,174.826889037999990,1.553337931630000,1.780514121060000,1.906940698620000,-1.913551568980000,0.000000000000000
-38.065040588400002,174.826583862000007,1.553599953650000,1.780588507650000,1.906908154490000,-1.912926912310000,0.000000000000000
-38.130931854200000,174.817977904999992,1.560160756110000,1.786198019980000,1.916433453560000,-1.904467940330000,0.000000000000000
-38.131347656199999,174.817367553999986,1.561428666110000,1.787030816080000,1.917655587200000,-1.905366301540000,0.000000000000000
-38.131668090799998,174.816833495999987,1.561708807950000,1.787426590920000,1.918012738230000,-1.906000494960000,0.000000000000000
-38.131507873499999,174.816207886000001,1.561708569530000,1.787026286130000,1.917836904530000,-1.905721902850000,0.000000000000000
-38.131267547599997,174.815505981000001,1.561436057090000,1.786652922630000,1.917566299440000,-1.904763340950000,0.000000000000000
-38.131008148200003,174.814788818000011,1.560963153840000,1.786179661750000,1.917189002040000,-1.904539108280000,0.000000000000000
-38.130741119400000,174.814086914000001,1.560763001440000,1.785500645640000,1.916901350020000,-1.903947114940000,0.000000000000000
-38.130493164100002,174.813476562000005,1.560389280320000,1.785013079640000,1.916541576390000,-1.902903914450000,0.000000000000000
-38.097274780299998,174.844543456999986,1.547319412230000,1.764744400980000,1.887498378750000,-1.882691025730000,0.000000000000000
-38.097717285199998,174.843917847000000,1.547069907190000,1.764419436450000,1.887080311780000,-1.881801366810000,0.000000000000000
-38.098087310799997,174.843414306999989,1.546728610990000,1.764101505280000,1.886755347250000,-1.881247282030000,0.000000000000000
-38.098651885999999,174.843200684000010,1.546268701550000,1.763487577440000,1.886084079740000,-1.880514860150000,0.000000000000000
-38.099342346199997,174.842956543000014,1.545922636990000,1.763234853740000,1.885856747630000,-1.880313634870000,0.000000000000000
-38.099460601799997,174.842178345000008,1.545577764510000,1.763117909430000,1.886006593700000,-1.880751013760000,0.000000000000000
-38.096454620400003,174.844543456999986,1.547628521920000,1.765185713770000,1.888041019440000,-1.883457183840000,0.000000000000000
-38.083549499500002,174.848129271999994,1.561170339580000,1.790287733080000,1.920618295670000,-1.925222158430000,0.000000000000000
-38.082969665500002,174.847366332999997,1.562660336490000,1.792765736580000,1.923147678380000,-1.931470632550000,0.000000000000000
-38.082405090300000,174.846466063999998,1.561440467830000,1.791255116460000,1.921335101130000,-1.928708434100000,0.000000000000000
-38.082141876199998,174.845520020000009,1.560841202740000,1.790584445000000,1.920559406280000,-1.927475094800000,0.000000000000000
-38.081886291499998,174.844726562000005,1.560123562810000,1.789703726770000,1.919672369960000,-1.926456213000000,0.000000000000000
-38.081676483199999,174.844085693000011,1.560081481930000,1.789887070660000,1.920005559920000,-1.927063941960000,0.000000000000000
-38.079921722400002,174.841140746999997,1.558628320690000,1.788671016690000,1.918667078020000,-1.926072597500000,0.000000000000000
-38.079395294199998,174.840545654000010,1.558780789380000,1.789076328280000,1.919376850130000,-1.927392482760000,0.000000000000000
-38.080425262500000,174.841735840000013,1.559056162830000,1.788990497590000,1.918889999390000,-1.926306366920000,0.000000000000000
-38.081901550300003,174.843505859000004,1.559907078740000,1.789867162700000,1.920045375820000,-1.927607893940000,0.000000000000000
-38.081428527800000,174.842926024999997,1.560305356980000,1.790390372280000,1.920432925220000,-1.928581595420000,0.000000000000000
-38.080928802499997,174.842330933000000,1.559474825860000,1.789150238040000,1.918978810310000,-1.926316022870000,0.000000000000000
-38.079029083300000,174.839187621999997,1.558960795400000,1.789208650590000,1.919452905650000,-1.928213596340000,0.000000000000000
-38.079612731899999,174.839767456000004,1.559789896010000,1.790036201480000,1.920377135280000,-1.929165720940000,0.000000000000000
-38.100219726600002,174.840927123999990,1.545706152920000,1.764257311820000,1.887766599660000,-1.881459951400000,0.000000000000000
-38.099475860600002,174.841339110999996,1.545626997950000,1.763509631160000,1.886582136150000,-1.881718158720000,0.000000000000000
-38.079196929900000,174.838409423999991,1.559865951540000,1.789768099780000,1.919930458070000,-1.929035544400000,0.000000000000000
-38.079345703100003,174.837631226000013,1.559228777890000,1.789058566090000,1.919105768200000,-1.928139448170000,0.000000000000000
-38.078746795699999,174.837081909000005,1.559210538860000,1.788847804070000,1.918747425080000,-1.927500844000000,0.000000000000000
-38.078147888200000,174.836547851999995,1.558665633200000,1.788467884060000,1.918492078780000,-1.927402138710000,0.000000000000000
-38.077552795400003,174.835998534999987,1.558542966840000,1.788494825360000,1.918708324430000,-1.927659869190000,0.000000000000000
-38.076984405499999,174.835449218999997,1.559163331990000,1.789331555370000,1.919766902920000,-1.929506063460000,0.000000000000000
-38.077152252200001,174.834701537999990,1.560179710390000,1.789777636530000,1.919728875160000,-1.928364634510000,0.000000000000000
-38.076599121100003,174.833969115999992,1.559412956240000,1.789044618610000,1.919104576110000,-1.928299903870000,0.000000000000000
-38.103286743200002,174.834259032999995,1.541445851330000,1.758603453640000,1.881242394450000,-1.873772978780000,0.000000000000000
-38.102939605700001,174.834976196000014,1.541879653930000,1.759380936620000,1.881995677950000,-1.875084161760000,0.000000000000000
-38.102523803700002,174.835678101000013,1.542101383210000,1.759494304660000,1.882268786430000,-1.874261498450000,0.000000000000000
-38.102100372300001,174.836349487000007,1.542805671690000,1.760187745090000,1.883082747460000,-1.874952197070000,0.000000000000000
-38.100193023700001,174.840118407999995,1.545738935470000,1.764056086540000,1.887635231020000,-1.880400657650000,0.000000000000000
-38.100894928000002,174.839736937999987,1.544719338420000,1.762773752210000,1.886410713200000,-1.878393769260000,0.000000000000000
-38.101520538300001,174.838272095000008,1.543736457820000,1.761325359340000,1.884499192240000,-1.876178383830000,0.000000000000000
-38.100997924799998,174.838943481000001,1.543953537940000,1.761645078660000,1.884968280790000,-1.876522302630000,0.000000000000000
-38.101661682100001,174.836975098000011,1.543035507200000,1.760265707970000,1.883156061170000,-1.874993562700000,0.000000000000000
-38.101200103799997,174.837585448999988,1.543440699580000,1.760755538940000,1.883828759190000,-1.875732183460000,0.000000000000000
-38.103515625000000,174.833419800000001,1.540874123570000,1.758025527000000,1.880695819850000,-1.873440861700000,0.000000000000000
-38.102809905999997,174.833755493000012,1.541070222850000,1.758293032650000,1.881109833720000,-1.873692750930000,0.000000000000000
-38.069816589399998,174.830459595000008,1.551006555560000,1.777810812000000,1.905238032340000,-1.908820629120000,0.000000000000000
-38.069057464600000,174.829772948999988,1.552407860760000,1.780320048330000,1.907753229140000,-1.913955450060000,0.000000000000000
-38.068256378199997,174.828445434999992,1.552922248840000,1.780931591990000,1.908551812170000,-1.914786815640000,0.000000000000000
-38.067588806200000,174.827239990000010,1.553633451460000,1.781267523770000,1.908384919170000,-1.915193676950000,0.000000000000000
-38.068149566700001,174.827758789000001,1.553637504580000,1.781617760660000,1.909067749980000,-1.915779232980000,0.000000000000000
-38.069015502900001,174.828826904000010,1.553226351740000,1.781122803690000,1.908660054210000,-1.914817929270000,0.000000000000000
-38.064708709700000,174.825912476000013,1.553627014160000,1.780433297160000,1.906609535220000,-1.913502573970000,0.000000000000000
-38.067855835000003,174.826583862000007,1.554463863370000,1.782718777660000,1.910117864610000,-1.918766856190000,0.000000000000000
-38.067203521700002,174.826507568000011,1.554139494900000,1.781753420830000,1.908750534060000,-1.916056036950000,0.000000000000000
-38.066364288300001,174.826446532999995,1.553400278090000,1.780816555020000,1.907540798190000,-1.914664387700000,0.000000000000000
-38.065517425499998,174.826095581000004,1.553073883060000,1.780237793920000,1.906631588940000,-1.913445949550000,0.000000000000000
-38.130603790300000,174.817337035999998,1.559465646740000,1.784914255140000,1.915598511700000,-1.904927849770000,0.000000000000000
-38.131038665799998,174.816741943000011,1.561196804050000,1.786702632900000,1.917505741120000,-1.904386758800000,0.000000000000000
-38.130786895800000,174.816070556999989,1.560550451280000,1.785757541660000,1.916697382930000,-1.904136896130000,0.000000000000000
-38.130535125700000,174.815368651999989,1.560375571250000,1.785196661950000,1.916676998140000,-1.904103159900000,0.000000000000000
-38.130283355700001,174.814651488999999,1.560084462170000,1.784936189650000,1.916400313380000,-1.903248548510000,0.000000000000000
-38.130050659200002,174.813949584999989,1.560785532000000,1.785203337670000,1.916932940480000,-1.903350114820000,0.000000000000000
-38.129844665500002,174.813140868999994,1.560085892680000,1.784394860270000,1.915976881980000,-1.902891874310000,0.000000000000000
-38.129970550499998,174.812255859000004,1.560383200650000,1.784454822540000,1.916322112080000,-1.902480721470000,0.000000000000000
-38.096832275399997,174.843780517999988,1.547239422800000,1.764659643170000,1.887340188030000,-1.882048487660000,0.000000000000000
-38.097457885700003,174.843231201000009,1.546597003940000,1.763880729680000,1.886496782300000,-1.881250262260000,0.000000000000000
-38.098037719700002,174.842819214000002,1.546224832530000,1.763644814490000,1.886323571210000,-1.881243109700000,0.000000000000000
-38.098701477100001,174.842483520999991,1.545878767970000,1.763395667080000,1.886123418810000,-1.880368828770000,0.000000000000000
-38.098724365199999,174.841720581000004,1.545636534690000,1.763093948360000,1.885853052140000,-1.880606889720000,0.000000000000000
-38.083450317400001,174.846374512000011,1.559788227080000,1.788130402570000,1.918448925020000,-1.921264052390000,0.000000000000000
-38.082912445100000,174.845687865999992,1.561104536060000,1.790924429890000,1.921031832700000,-1.928570628170000,0.000000000000000
-38.082740783699997,174.844848632999998,1.560471415520000,1.790105581280000,1.920215845110000,-1.927325129510000,0.000000000000000
-38.082347869899998,174.844085693000011,1.560141682620000,1.790144085880000,1.920237421990000,-1.927755594250000,0.000000000000000
-38.080692291299997,174.841018676999994,1.558911919590000,1.789021730420000,1.919023394580000,-1.926743626590000,0.000000000000000
-38.080192565899999,174.840377808000000,1.558483123780000,1.788802027700000,1.918962001800000,-1.926913738250000,0.000000000000000
-38.081161498999997,174.841613770000009,1.558934926990000,1.788748979570000,1.918691635130000,-1.926199436190000,0.000000000000000
-38.082561492899998,174.843429565000008,1.559804320340000,1.789898991580000,1.920043587680000,-1.927443265910000,0.000000000000000
-38.082187652599998,174.842803954999994,1.559746980670000,1.789941549300000,1.920077562330000,-1.927974343300000,0.000000000000000
-38.081684112500000,174.842193603999988,1.559397697450000,1.789132833480000,1.918973803520000,-1.926397442820000,0.000000000000000
-38.079799652100000,174.838973998999990,1.559672713280000,1.789786100390000,1.920096039770000,-1.928893923760000,0.000000000000000
-38.080417633099998,174.839569092000005,1.558713555340000,1.789053320880000,1.919411659240000,-1.927865982060000,0.000000000000000
-38.099464416499998,174.840499878000003,1.545096635820000,1.763537168500000,1.886968612670000,-1.880242347720000,0.000000000000000
-38.098720550499998,174.840896606000001,1.545528173450000,1.763511300090000,1.886714339260000,-1.880902051930000,0.000000000000000
-38.079952239999997,174.838180542000003,1.559332609180000,1.789127349850000,1.919225811960000,-1.927995324130000,0.000000000000000
-38.080093383799998,174.837387084999989,1.558873772620000,1.788588523860000,1.918691396710000,-1.927452206610000,0.000000000000000
-38.079483032200002,174.836853026999989,1.558823585510000,1.788684368130000,1.918699979780000,-1.927702188490000,0.000000000000000
-38.078880310099997,174.836318970000008,1.558374643330000,1.788306951520000,1.918316841130000,-1.927161693570000,0.000000000000000
-38.078289032000001,174.835784912000008,1.559105038640000,1.788874387740000,1.918955564500000,-1.928059935570000,0.000000000000000
-38.077709198000001,174.835250854000009,1.559357523920000,1.789349555970000,1.919533252720000,-1.928859353070000,0.000000000000000
-38.077365875200002,174.834075928000004,1.559014916420000,1.788421034810000,1.918320894240000,-1.927532672880000,0.000000000000000
-38.077854156500003,174.834533690999990,1.559467315670000,1.788801431660000,1.918663144110000,-1.927915453910000,0.000000000000000
-38.076545715300000,174.832962035999998,1.558955192570000,1.788674473760000,1.918614625930000,-1.927007079120000,0.000000000000000
-38.077289581300001,174.833404540999993,1.559260010720000,1.788712143900000,1.918271064760000,-1.927351474760000,0.000000000000000
-38.102489471399998,174.834335326999991,1.541383028030000,1.758715987210000,1.881364703180000,-1.873718976970000,0.000000000000000
-38.102092742899998,174.834991454999994,1.541937112810000,1.759172916410000,1.881841659550000,-1.874651789670000,0.000000000000000
-38.101688385000003,174.835662842000005,1.542270064350000,1.759565949440000,1.882371425630000,-1.874837279320000,0.000000000000000
-38.101287841800001,174.836303710999999,1.542512297630000,1.759962439540000,1.882819652560000,-1.875342369080000,0.000000000000000
-38.099456787100003,174.839675903000000,1.545266270640000,1.763333916660000,1.886983990670000,-1.879619479180000,0.000000000000000
-38.100212097200000,174.839309692000000,1.545100927350000,1.763240098950000,1.886743187900000,-1.879814505580000,0.000000000000000
-38.100719451899998,174.838165282999995,1.543939828870000,1.761466860770000,1.884615421300000,-1.876811623570000,0.000000000000000
-38.100261688200000,174.838653563999998,1.544382572170000,1.762293100360000,1.885613679890000,-1.877981781960000,0.000000000000000
-38.100868225100001,174.836914062000005,1.543168187140000,1.760569810870000,1.883582353590000,-1.875604987140000,0.000000000000000
-38.100418090799998,174.837478637999993,1.543598890300000,1.761093020440000,1.884205102920000,-1.876298308370000,0.000000000000000
-38.102123260500001,174.833679198999988,1.541538715360000,1.758786797520000,1.881480693820000,-1.874613523480000,0.000000000000000
-38.103290557900003,174.832702637000011,1.540693879130000,1.757632374760000,1.880418896680000,-1.872729063030000,0.000000000000000
-38.102642059300003,174.833053589000002,1.540959119800000,1.757999539380000,1.880600690840000,-1.873017430310000,0.000000000000000
-38.103462219199997,174.832092284999987,1.540319919590000,1.757385373120000,1.880035519600000,-1.872835516930000,0.000000000000000
-38.103610992400000,174.831420898000005,1.540487170220000,1.757614851000000,1.880343437190000,-1.874070286750000,0.000000000000000
-38.068828582800002,174.827957153000000,1.552656888960000,1.780513048170000,1.907801985740000,-1.914743423460000,0.000000000000000
-38.068477630600000,174.827072143999999,1.553514361380000,1.781283497810000,1.908847570420000,-1.915098071100000,0.000000000000000
-38.068359375000000,174.826187134000008,1.554829001430000,1.783324599270000,1.910564899440000,-1.920226693150000,0.000000000000000
-38.065246582000000,174.825241089000002,1.553587555890000,1.780806064610000,1.907373189930000,-1.914104819300000,0.000000000000000
-38.064956664999997,174.824249267999988,1.553755879400000,1.780994653700000,1.907525181770000,-1.914404630660000,0.000000000000000
-38.067646026600002,174.825942993000012,1.554510355000000,1.783036828040000,1.910466551780000,-1.919407725330000,0.000000000000000
-38.066894531199999,174.825759887999993,1.554035544400000,1.782067775730000,1.909039735790000,-1.917582035060000,0.000000000000000
-38.066085815400001,174.825515746999997,1.554157733920000,1.781486988070000,1.908140301700000,-1.915242791180000,0.000000000000000
-38.130317687999998,174.816650390999996,1.559039473530000,1.784020304680000,1.915163278580000,-1.905185699460000,0.000000000000000
-38.130054473900003,174.815948485999996,1.559015274050000,1.783864021300000,1.915151953700000,-1.903599858280000,0.000000000000000
-38.129802703899998,174.815231323000006,1.559645533560000,1.784165620800000,1.916018366810000,-1.902820587160000,0.000000000000000
-38.129573821999998,174.814514159999987,1.559618711470000,1.783558607100000,1.915378332140000,-1.902449369430000,0.000000000000000
-38.129360198999997,174.813796996999997,1.560182929040000,1.784111738200000,1.915975570680000,-1.902013421060000,0.000000000000000
-38.129138946499999,174.813217162999990,1.559936523440000,1.783915281300000,1.915905475620000,-1.902536511420000,0.000000000000000
-38.129306793200001,174.811614990000010,1.559923291210000,1.783806800840000,1.915741205220000,-1.902725934980000,0.000000000000000
-38.129211425800001,174.812545776000007,1.560161471370000,1.784138441090000,1.916054725650000,-1.902277469640000,0.000000000000000
-38.128555297900000,174.811309813999998,1.559858441350000,1.783643007280000,1.915842056270000,-1.903184175490000,0.000000000000000
-38.076576232900003,174.832031250000000,1.558538079260000,1.787787199020000,1.917116284370000,-1.925981163980000,0.000000000000000
-38.097335815400001,174.842498779000010,1.546473264690000,1.763866186140000,1.886567354200000,-1.881440043450000,0.000000000000000
-38.098003387500000,174.842086792000003,1.546106100080000,1.763461232190000,1.886160492900000,-1.880819320680000,0.000000000000000
-38.097976684599999,174.841293334999989,1.545682787900000,1.763426899910000,1.886324167250000,-1.882109522820000,0.000000000000000
-38.083824157700001,174.845199584999989,1.557911157610000,1.785649180410000,1.915750622750000,-1.917535781860000,0.000000000000000
-38.083316803000002,174.843917847000000,1.559527635570000,1.788832664490000,1.919125199320000,-1.924750685690000,0.000000000000000
-38.081356048600000,174.840988159000005,1.558538198470000,1.788656473160000,1.918701648710000,-1.926368355750000,0.000000000000000
-38.081104278600002,174.840240478999988,1.558665275570000,1.788984417920000,1.919198632240000,-1.927210450170000,0.000000000000000
-38.081886291499998,174.841415404999992,1.558480858800000,1.788312077520000,1.918271064760000,-1.925438880920000,0.000000000000000
-38.083042144799997,174.842819214000002,1.558899164200000,1.788382887840000,1.918601870540000,-1.924578070640000,0.000000000000000
-38.082511901899998,174.842025756999988,1.559623479840000,1.789667963980000,1.919656515120000,-1.927721261980000,0.000000000000000
-38.080574035600002,174.838729857999994,1.559875845910000,1.789949297900000,1.920208811760000,-1.929765582080000,0.000000000000000
-38.081222534200002,174.839294434000010,1.558857917790000,1.789161682130000,1.919445991520000,-1.927944183350000,0.000000000000000
-38.098712921100002,174.840087890999996,1.546273469920000,1.765019297600000,1.888538241390000,-1.884181261060000,0.000000000000000
-38.098701477100001,174.839279175000001,1.545478105550000,1.763785243030000,1.887297391890000,-1.880701065060000,0.000000000000000
-38.080711364700001,174.837921142999988,1.558973670010000,1.788753390310000,1.918810009960000,-1.927562713620000,0.000000000000000
-38.080837249799998,174.837142943999993,1.558837771420000,1.788569569590000,1.918632745740000,-1.927659749980000,0.000000000000000
-38.080223083500002,174.836608887000011,1.558772802350000,1.788757681850000,1.918745636940000,-1.927947521210000,0.000000000000000
-38.079616546600001,174.836074829000012,1.559150815010000,1.788711428640000,1.918595075610000,-1.928086280820000,0.000000000000000
-38.079013824500002,174.835556029999992,1.559096455570000,1.788641214370000,1.918531537060000,-1.927861213680000,0.000000000000000
-38.078422546399999,174.835037231000001,1.559475898740000,1.788720607760000,1.918570041660000,-1.927913188930000,0.000000000000000
-38.077941894500000,174.833816528000000,1.559169054030000,1.788203835490000,1.917887568470000,-1.927067995070000,0.000000000000000
-38.078536987299998,174.834289551000012,1.559113383290000,1.788148164750000,1.917804718020000,-1.927057385440000,0.000000000000000
-38.077301025399997,174.832565308000000,1.558882594110000,1.788110852240000,1.917510032650000,-1.926787853240000,0.000000000000000
-38.077983856199999,174.833053589000002,1.559104919430000,1.788243412970000,1.917670488360000,-1.927189826970000,0.000000000000000
-38.101673126199998,174.834304809999992,1.541693210600000,1.759180545810000,1.881910324100000,-1.874640226360000,0.000000000000000
-38.101249694800003,174.834991454999994,1.542115688320000,1.759600400920000,1.882409453390000,-1.875016450880000,0.000000000000000
-38.100875854500003,174.835662842000005,1.542475342750000,1.759899377820000,1.882766485210000,-1.874929308890000,0.000000000000000
-38.100524902300002,174.836288451999991,1.542919874190000,1.760351777080000,1.883342385290000,-1.875540971760000,0.000000000000000
-38.099460601799997,174.838775634999990,1.544663667680000,1.762765288350000,1.886286735530000,-1.878808259960000,0.000000000000000
-38.099922180199997,174.838058472000000,1.543508768080000,1.761055231090000,1.884189367290000,-1.875580310820000,0.000000000000000
-38.100131988500003,174.836837768999999,1.543283700940000,1.760551571850000,1.883561968800000,-1.875678658490000,0.000000000000000
-38.099658966100002,174.837356567000000,1.543612360950000,1.761232972150000,1.884425163270000,-1.876828193660000,0.000000000000000
-38.101329803500001,174.833602904999992,1.541554689410000,1.758801937100000,1.881672024730000,-1.874644279480000,0.000000000000000
-38.101806640600003,174.833023071000014,1.541232466700000,1.758403420450000,1.881148576740000,-1.874015688900000,0.000000000000000
-38.102767944299998,174.832290648999987,1.540670633320000,1.757802009580000,1.880520701410000,-1.873553872110000,0.000000000000000
-38.102172851600002,174.832504271999994,1.541003584860000,1.758005619050000,1.880982637410000,-1.873870611190000,0.000000000000000
-38.102920532200002,174.831604004000013,1.540463924410000,1.757585048680000,1.880401968960000,-1.873715877530000,0.000000000000000
-38.103118896500000,174.830841063999998,1.540243268010000,1.757177233700000,1.880311608310000,-1.873686790470000,0.000000000000000
-38.102989196800003,174.830139159999987,1.539349198340000,1.756263732910000,1.879468560220000,-1.872069120410000,0.000000000000000
-38.069156646700002,174.826461792000003,1.555386066440000,1.784326434140000,1.912138938900000,-1.922722578050000,0.000000000000000
-38.065120696999998,174.823303223000011,1.554183959960000,1.781680464740000,1.908326625820000,-1.914734721180000,0.000000000000000
-38.068889617899998,174.825622559000010,1.556237697600000,1.785118460660000,1.912925243380000,-1.924074649810000,0.000000000000000
-38.068134307900003,174.825439453000001,1.556132793430000,1.785199046130000,1.912950396540000,-1.924969911580000,0.000000000000000
-38.065834045400003,174.824630737000007,1.554187774660000,1.782079219820000,1.909062385560000,-1.918198466300000,0.000000000000000
-38.065624237100003,174.823867798000009,1.555071473120000,1.782630205150000,1.909457445140000,-1.917682409290000,0.000000000000000
-38.067420959499998,174.825210571000014,1.556011080740000,1.784483432770000,1.911936163900000,-1.922128319740000,0.000000000000000
-38.066658019999998,174.824920654000010,1.555410385130000,1.783782124520000,1.911143422130000,-1.920893549920000,0.000000000000000
-38.103740692099997,174.830215454000012,1.539218425750000,1.756074428560000,1.879286289220000,-1.872008442880000,0.000000000000000
-38.103271484399997,174.829650879000013,1.538971781730000,1.755741357800000,1.878857016560000,-1.871232509610000,0.000000000000000
-38.129310607900003,174.815826415999993,1.557762622830000,1.780985474590000,1.913212656970000,-1.900060653690000,0.000000000000000
-38.129070282000001,174.815078734999986,1.560043573380000,1.784053444860000,1.916008949280000,-1.902316212650000,0.000000000000000
-38.128864288300001,174.814346312999987,1.559518933300000,1.783566474910000,1.915579080580000,-1.902440428730000,0.000000000000000
-38.128692627000000,174.813644409000005,1.559962749480000,1.783913850780000,1.915850400920000,-1.902353286740000,0.000000000000000
-38.128585815400001,174.812942504999995,1.559387564660000,1.783215880390000,1.915087819100000,-1.901940822600000,0.000000000000000
-38.128425598100002,174.812103271000012,1.560245275500000,1.784362077710000,1.916454076770000,-1.903490662570000,0.000000000000000
-38.127857208300000,174.811416626000010,1.560090422630000,1.784812211990000,1.917420268060000,-1.904868006710000,0.000000000000000
-38.127399444600002,174.810729979999991,1.561144590380000,1.786432027820000,1.919531106950000,-1.908694863320000,0.000000000000000
-38.077369689900003,174.831710815000008,1.558441400530000,1.787762403490000,1.917104601860000,-1.926186203960000,0.000000000000000
-38.076667785600002,174.831115723000011,1.558114171030000,1.787412643430000,1.916740417480000,-1.925379872320000,0.000000000000000
-38.075920105000002,174.830368042000003,1.557757616040000,1.787267923360000,1.916456937790000,-1.924416542050000,0.000000000000000
-38.075759887700002,174.829376220999990,1.556944966320000,1.786477088930000,1.915170550350000,-1.923712372780000,0.000000000000000
-38.081932067899999,174.840621948000006,1.558720946310000,1.788996815680000,1.919141054150000,-1.927290797230000,0.000000000000000
-38.081905364999997,174.839797973999993,1.558767199520000,1.789125800130000,1.919292688370000,-1.927926659580000,0.000000000000000
-38.082675933799997,174.841110229000009,1.558672189710000,1.788631320000000,1.918670654300000,-1.926533699040000,0.000000000000000
-38.081344604500003,174.838470459000007,1.559592723850000,1.789340496060000,1.919437527660000,-1.928369045260000,0.000000000000000
-38.081981658899998,174.839004517000006,1.558712005620000,1.788874745370000,1.919022202490000,-1.927885055540000,0.000000000000000
-38.081470489499999,174.837661743000012,1.558148026470000,1.787917971610000,1.917897105220000,-1.926202416420000,0.000000000000000
-38.081581115699997,174.836883545000006,1.558593511580000,1.788428783420000,1.918625354770000,-1.927231907840000,0.000000000000000
-38.080959320100000,174.836349487000007,1.558575153350000,1.788482904430000,1.918512344360000,-1.927653551100000,0.000000000000000
-38.080348968499997,174.835830687999987,1.558150410650000,1.787791013720000,1.917692303660000,-1.926488637920000,0.000000000000000
-38.079738616900002,174.835311890000014,1.558669328690000,1.787843108180000,1.917583465580000,-1.926801562310000,0.000000000000000
-38.079135894799997,174.834793090999995,1.558706164360000,1.787918925290000,1.917663216590000,-1.926920533180000,0.000000000000000
-38.078624725300003,174.833526610999996,1.558836460110000,1.787780880930000,1.917312979700000,-1.926762580870000,0.000000000000000
-38.079242706300001,174.834030151000007,1.558535456660000,1.787523031230000,1.917145252230000,-1.926570177080000,0.000000000000000
-38.078048706099999,174.832244873000008,1.558119535450000,1.787000536920000,1.916447758670000,-1.925660848620000,0.000000000000000
-38.078701019299999,174.832748412999990,1.558164238930000,1.787201881410000,1.916564464570000,-1.925981402400000,0.000000000000000
-38.100753784200002,174.834243773999987,1.541756033900000,1.759137511250000,1.881932020190000,-1.874892711640000,0.000000000000000
-38.100414276099997,174.835037231000001,1.542101144790000,1.759533047680000,1.882434844970000,-1.875070571900000,0.000000000000000
-38.100093841600000,174.835723876999992,1.542634367940000,1.760150432590000,1.883132219310000,-1.876112341880000,0.000000000000000
-38.099891662600001,174.836288451999991,1.542816519740000,1.760272741320000,1.883345246320000,-1.875760436060000,0.000000000000000
-38.099018096899997,174.837905884000008,1.544172644620000,1.761772990230000,1.884961843490000,-1.877288222310000,0.000000000000000
-38.099437713599997,174.836685181000007,1.543389439580000,1.760785222050000,1.883802294730000,-1.876035213470000,0.000000000000000
-38.099018096899997,174.837158203000001,1.543364048000000,1.760914921760000,1.884133100510000,-1.875915408130000,0.000000000000000
-38.100112914999997,174.833892821999996,1.542050480840000,1.759234905240000,1.882056117060000,-1.875038146970000,0.000000000000000
-38.100566864000001,174.833465576000009,1.541909337040000,1.759130716320000,1.881941556930000,-1.875036239620000,0.000000000000000
-38.101047515899999,174.832916259999990,1.541430592540000,1.758650898930000,1.881371378900000,-1.874439001080000,0.000000000000000
-38.101528167700003,174.832366943000011,1.541078448300000,1.758320093150000,1.881177306180000,-1.874359369280000,0.000000000000000
-38.102119445800000,174.831802368000012,1.540640592580000,1.757816791530000,1.880679726600000,-1.873477697370000,0.000000000000000
-38.102439880399999,174.831146240000010,1.540658593180000,1.757681131360000,1.880702853200000,-1.874163150790000,0.000000000000000
-38.102512359599999,174.829589843999997,1.539342641830000,1.756278753280000,1.879525303840000,-1.872203469280000,0.000000000000000
-38.102298736599998,174.830429076999991,1.539920687680000,1.756988883020000,1.880255937580000,-1.873118519780000,0.000000000000000
-38.065795898399998,174.823196410999998,1.555128335950000,1.785010576250000,1.913792014120000,-1.924834966660000,0.000000000000000
-38.068580627400003,174.824859618999994,1.556143403050000,1.785815596580000,1.913894653320000,-1.926917791370000,0.000000000000000
-38.067901611300002,174.824798584000007,1.556899786000000,1.786210179330000,1.913923740390000,-1.926270961760000,0.000000000000000
-38.066421508799998,174.823974609000004,1.557505011560000,1.786567091940000,1.914160609250000,-1.926243186000000,0.000000000000000
-38.067287445100000,174.824417113999999,1.556266903880000,1.785632610320000,1.913433909420000,-1.925452828410000,0.000000000000000
-38.103981018100001,174.829330443999993,1.538560509680000,1.755214571950000,1.878349542620000,-1.870849490170000,0.000000000000000
-38.103134155299998,174.829010009999990,1.538750648500000,1.755511045460000,1.878805160520000,-1.871229052540000,0.000000000000000
-38.102344512899997,174.828765868999994,1.539288997650000,1.756150603290000,1.879599452020000,-1.872299075130000,0.000000000000000
-38.128547668499998,174.815689087000010,1.558323383330000,1.781537532810000,1.913665533070000,-1.901221513750000,0.000000000000000
-38.128326416000000,174.814910889000004,1.559298515320000,1.782676935200000,1.914816379550000,-1.901423573490000,0.000000000000000
-38.128158569299998,174.814132690000008,1.559618711470000,1.783201456070000,1.915191411970000,-1.902706384660000,0.000000000000000
-38.128051757800002,174.813400268999999,1.559688568120000,1.783684611320000,1.915780782700000,-1.902685999870000,0.000000000000000
-38.127990722699998,174.812744140999996,1.559503793720000,1.783716797830000,1.915838122370000,-1.904189944270000,0.000000000000000
-38.127098083500002,174.811447143999999,1.560951590540000,1.786113739010000,1.919320940970000,-1.908640503880000,0.000000000000000
-38.127475738500003,174.812210082999997,1.559783935550000,1.784413099290000,1.916985630990000,-1.906100273130000,0.000000000000000
-38.126670837399999,174.810852051000012,1.562064170840000,1.787803411480000,1.921714663510000,-1.911965847020000,0.000000000000000
-38.078140258799998,174.831420898000005,1.557384014130000,1.786139130590000,1.915531277660000,-1.925040125850000,0.000000000000000
-38.077484130899997,174.830871581999986,1.557353973390000,1.786648035050000,1.915925741200000,-1.925054430960000,0.000000000000000
-38.076858520499997,174.830276488999999,1.556580781940000,1.785651683810000,1.914895653720000,-1.924227952960000,0.000000000000000
-38.076404571499999,174.829711914000001,1.556682586670000,1.786093473430000,1.915151834490000,-1.924249053000000,0.000000000000000
-38.076446533199999,174.829025268999999,1.556370139120000,1.785757660870000,1.914673447610000,-1.924356222150000,0.000000000000000
-38.075801849400001,174.828521728999988,1.556504368780000,1.786063790320000,1.914724826810000,-1.924258232120000,0.000000000000000
-38.082660675000000,174.840194701999991,1.558508634570000,1.788780212400000,1.918876767160000,-1.927022933960000,0.000000000000000
-38.082542419399999,174.839462279999992,1.558553218840000,1.788797140120000,1.918935060500000,-1.926982045170000,0.000000000000000
-38.082115173299997,174.838195801000012,1.559102892880000,1.788776278500000,1.918701052670000,-1.927635908130000,0.000000000000000
-38.082763671899997,174.838775634999990,1.558284044270000,1.788114309310000,1.918100833890000,-1.926111578940000,0.000000000000000
-38.082225799600003,174.837387084999989,1.558058738710000,1.787803173070000,1.917811512950000,-1.925948023800000,0.000000000000000
-38.082302093499997,174.836608887000011,1.557990789410000,1.787962317470000,1.918002963070000,-1.927087187770000,0.000000000000000
-38.081695556600003,174.836105347000000,1.558630228040000,1.788539886470000,1.918720245360000,-1.927576303480000,0.000000000000000
-38.081085205100003,174.835586548000009,1.558075070380000,1.787923693660000,1.917852401730000,-1.927272796630000,0.000000000000000
-38.080471038799999,174.835067748999990,1.558643460270000,1.787761688230000,1.917501688000000,-1.926925659180000,0.000000000000000
-38.079856872599997,174.834533690999990,1.558540463450000,1.787493348120000,1.917101025580000,-1.926550626750000,0.000000000000000
-38.079338073700001,174.833251953000001,1.557996392250000,1.786890149120000,1.916438221930000,-1.925879597660000,0.000000000000000
-38.079967498800002,174.833770751999992,1.557995676990000,1.786887407300000,1.916417241100000,-1.925781250000000,0.000000000000000
-38.078792571999998,174.831954956000004,1.557761430740000,1.786798477170000,1.916094660760000,-1.925689578060000,0.000000000000000
-38.079433441200003,174.832473754999995,1.557698011400000,1.786608576770000,1.916063547130000,-1.925764322280000,0.000000000000000
-38.099918365500002,174.834457396999994,1.542257189750000,1.759500980380000,1.882365942000000,-1.875188112260000,0.000000000000000
-38.099605560299999,174.835144043000014,1.542458295820000,1.759900808330000,1.882874011990000,-1.875932931900000,0.000000000000000
-38.099258422900000,174.835922240999992,1.542762041090000,1.760173916820000,1.883278489110000,-1.875526428220000,0.000000000000000
-38.099479675300003,174.833908081000004,1.541795969010000,1.759047627450000,1.881902456280000,-1.874593615530000,0.000000000000000
-38.099853515600003,174.833343506000006,1.541452646260000,1.758589863780000,1.881335496900000,-1.874355435370000,0.000000000000000
-38.100296020499997,174.832809448000006,1.541376948360000,1.758575558660000,1.881422162060000,-1.874621987340000,0.000000000000000
-38.100761413599997,174.832244873000008,1.541287302970000,1.758584022520000,1.881683826450000,-1.875011205670000,0.000000000000000
-38.101257324199999,174.831665039000001,1.541140675540000,1.758287906650000,1.881386637690000,-1.874815106390000,0.000000000000000
-38.101749420200001,174.831069946000014,1.540833830830000,1.757964491840000,1.881120920180000,-1.874701738360000,0.000000000000000
-38.101829528800003,174.829864501999992,1.540031075480000,1.757145285610000,1.880450963970000,-1.873505473140000,0.000000000000000
-38.101730346700002,174.829238892000006,1.539964675900000,1.757087230680000,1.880594134330000,-1.873820304870000,0.000000000000000
-38.101436614999997,174.830383301000012,1.540548682210000,1.757784366610000,1.881190061570000,-1.874516487120000,0.000000000000000
-38.101570129400002,174.828491210999999,1.539851546290000,1.757146477700000,1.880831956860000,-1.874369978900000,0.000000000000000
-38.066543579099999,174.823196410999998,1.559065461160000,1.788606405260000,1.916955947880000,-1.930149436000000,0.000000000000000
-38.066200256300000,174.822570801000012,1.560336589810000,1.791182756420000,1.921368241310000,-1.936680674550000,0.000000000000000
-38.069011688200000,174.824218750000000,1.561392664910000,1.793901681900000,1.923659682270000,-1.945452928540000,0.000000000000000
-38.068088531500003,174.824050903000000,1.559484362600000,1.790755867960000,1.919453263280000,-1.935960292820000,0.000000000000000
-38.067222595200001,174.823562621999997,1.560394048690000,1.791240572930000,1.919984817500000,-1.936941385270000,0.000000000000000
-38.103740692099997,174.828460693000011,1.538166522980000,1.754702091220000,1.877947330470000,-1.870265603070000,0.000000000000000
-38.102943420400003,174.828231812000013,1.538805365560000,1.755438685420000,1.878907322880000,-1.871332645420000,0.000000000000000
-38.103485107399997,174.827804565000008,1.538464307790000,1.754976749420000,1.878418326380000,-1.870922923090000,0.000000000000000
-38.102176666299997,174.828002929999997,1.539297342300000,1.756222128870000,1.879927873610000,-1.872917652130000,0.000000000000000
-38.101417541499998,174.827743529999992,1.540426135060000,1.758080363270000,1.881998896600000,-1.876422762870000,0.000000000000000
-38.127750396700002,174.815521240000010,1.558860778810000,1.782209038730000,1.914298653600000,-1.901442289350000,0.000000000000000
-38.127567291299997,174.814682006999988,1.559672713280000,1.782971024510000,1.915226221080000,-1.902408719060000,0.000000000000000
-38.127456664999997,174.813858032000013,1.558687567710000,1.782684683800000,1.914678454400000,-1.903086543080000,0.000000000000000
-38.127414703399999,174.813064574999999,1.559456586840000,1.783743381500000,1.915954351430000,-1.904049992560000,0.000000000000000
-38.126415252699999,174.811492920000006,1.562386989590000,1.788752913480000,1.922735214230000,-1.913893342020000,0.000000000000000
-38.126766204799999,174.811996459999989,1.561390876770000,1.787072181700000,1.920436382290000,-1.910919427870000,0.000000000000000
-38.126152038599997,174.810363770000009,1.565259933470000,1.793920516970000,1.928982973100000,-1.922734141350000,0.000000000000000
-38.126098632800002,174.810989379999995,1.564768433570000,1.792846679690000,1.927622795100000,-1.921574711800000,0.000000000000000
-38.125583648700001,174.809936523000005,1.573073387150000,1.806351423260000,1.942763090130000,-1.946575403210000,0.000000000000000
-38.125774383500001,174.811462401999989,1.566951513290000,1.796252131460000,1.931625127790000,-1.928236603740000,0.000000000000000
-38.078891754200001,174.831146240000010,1.556805610660000,1.785620927810000,1.915145039560000,-1.924375534060000,0.000000000000000
-38.078254699699997,174.830612183000000,1.556564092640000,1.785626769070000,1.915187358860000,-1.924728274350000,0.000000000000000
-38.077625274699997,174.830062865999992,1.556389212610000,1.785800933840000,1.915229082110000,-1.924471974370000,0.000000000000000
-38.077041626000003,174.829513550000001,1.556724071500000,1.786270260810000,1.915400624280000,-1.924564003940000,0.000000000000000
-38.077152252200001,174.828750609999986,1.556403636930000,1.785821557040000,1.914667487140000,-1.924543976780000,0.000000000000000
-38.076538085899998,174.828231812000013,1.555855989460000,1.785364270210000,1.914044737820000,-1.923732280730000,0.000000000000000
-38.075916290300000,174.827697754000013,1.555739521980000,1.785257697110000,1.913960695270000,-1.923957347870000,0.000000000000000
-38.083404541000000,174.839538573999988,1.555021405220000,1.782415747640000,1.912379503250000,-1.913956522940000,0.000000000000000
-38.082904815699997,174.837921142999988,1.558139920230000,1.788221120830000,1.918283343320000,-1.926995038990000,0.000000000000000
-38.082420349099998,174.835876465000013,1.558291554450000,1.788351535800000,1.918497681620000,-1.927623033520000,0.000000000000000
-38.081825256300000,174.835342407000013,1.558062434200000,1.787971496580000,1.917933702470000,-1.926965951920000,0.000000000000000
-38.081214904799999,174.834808350000003,1.558633089070000,1.787569522860000,1.917253017430000,-1.926835298540000,0.000000000000000
-38.080593109100001,174.834289551000012,1.557896852490000,1.786751031880000,1.916319489480000,-1.925540566440000,0.000000000000000
-38.080070495599998,174.832992553999986,1.557641625400000,1.786477208140000,1.916063308720000,-1.925495028500000,0.000000000000000
-38.080707550000000,174.833511353000006,1.556977629660000,1.786106109620000,1.915811181070000,-1.925040960310000,0.000000000000000
-38.079536437999998,174.831680298000009,1.556683659550000,1.785450816150000,1.914958953860000,-1.924426555630000,0.000000000000000
-38.080173492400000,174.832199097000000,1.557167291640000,1.786004781720000,1.915460705760000,-1.925094485280000,0.000000000000000
-38.099552154500003,174.832733154000010,1.541619062420000,1.758933663370000,1.881973147390000,-1.875073075290000,0.000000000000000
-38.099994659399997,174.832153320000003,1.541116356850000,1.758413553240000,1.881316542630000,-1.874755501750000,0.000000000000000
-38.100452423100002,174.831573485999996,1.541294097900000,1.758595466610000,1.881797313690000,-1.875339627270000,0.000000000000000
-38.100940704300001,174.830963134999990,1.540995121000000,1.758206248280000,1.881387710570000,-1.874829769130000,0.000000000000000
-38.101165771500000,174.829711914000001,1.540345549580000,1.757691621780000,1.881083607670000,-1.874652743340000,0.000000000000000
-38.100967407200002,174.828994751000010,1.540811896320000,1.758528828620000,1.882274031640000,-1.876807808880000,0.000000000000000
-38.100635528600002,174.830261229999991,1.541005611420000,1.758656263350000,1.882191896440000,-1.876402139660000,0.000000000000000
-38.100784301799997,174.828231812000013,1.541763424870000,1.760102748870000,1.884131789210000,-1.880590558050000,0.000000000000000
-38.100658416700000,174.827468871999997,1.543403863910000,1.762456893920000,1.887120366100000,-1.886474251750000,0.000000000000000
-38.066547393800001,174.821899414000001,1.559039592740000,1.788553476330000,1.917601227760000,-1.929447293280000,0.000000000000000
-38.067085266100001,174.822662353999988,1.558441162110000,1.788626432420000,1.917140007020000,-1.930281162260000,0.000000000000000
-38.069534301799997,174.823654175000001,1.565946698190000,1.801154851910000,1.932353138920000,-1.955945372580000,0.000000000000000
-38.068725585899998,174.823410034000005,1.564167857170000,1.797550439830000,1.928174257280000,-1.949771881100000,0.000000000000000
-38.067905426000003,174.823120117000002,1.561558008190000,1.793092966080000,1.922433733940000,-1.939351320270000,0.000000000000000
-38.066932678199997,174.821273803999986,1.557369351390000,1.786193251610000,1.915011525150000,-1.925600767140000,0.000000000000000
-38.125057220499997,174.809463501000010,1.576444149020000,1.812845826150000,1.949648022650000,-1.959274530410000,0.000000000000000
-38.125633239700001,174.809265137000011,1.573793172840000,1.807680249210000,1.944409489630000,-1.948311328890000,0.000000000000000
-38.104297637899997,174.827758789000001,1.537756681440000,1.754082202910000,1.877427458760000,-1.869641065600000,0.000000000000000
-38.103656768800001,174.827148437999995,1.538109540940000,1.754663467410000,1.878045201300000,-1.870769977570000,0.000000000000000
-38.102787017799997,174.827407837000010,1.538486003880000,1.755105018620000,1.878668546680000,-1.870902895930000,0.000000000000000
-38.101982116700000,174.827362061000002,1.539625406270000,1.756803750990000,1.880725145340000,-1.874374151230000,0.000000000000000
-38.101322174099998,174.826919556000007,1.541056990620000,1.758944749830000,1.883339047430000,-1.878870844840000,0.000000000000000
-38.100551605200003,174.826828003000003,1.543967247010000,1.763195633890000,1.888258099560000,-1.888374686240000,0.000000000000000
-38.125442504900001,174.811965942000000,1.571582913400000,1.803084731100000,1.939205884930000,-1.940714359280000,0.000000000000000
-38.125484466600000,174.810729979999991,1.572829604150000,1.805845022200000,1.942147612570000,-1.946443200110000,0.000000000000000
-38.124950408899998,174.810150146000012,1.575611710550000,1.811387419700000,1.948167562480000,-1.956817269330000,0.000000000000000
-38.125114440899999,174.811431884999990,1.573875308040000,1.808295011520000,1.944782614710000,-1.951326012610000,0.000000000000000
-38.076057434100001,174.826919556000007,1.554849863050000,1.784240484240000,1.913063406940000,-1.923027396200000,0.000000000000000
-38.079643249500002,174.830886840999995,1.556518673900000,1.785587549210000,1.915202975270000,-1.925144314770000,0.000000000000000
-38.079006195100000,174.830352782999995,1.556231141090000,1.785559058190000,1.915163159370000,-1.924915671350000,0.000000000000000
-38.078372955299997,174.829818726000013,1.556218266490000,1.785902380940000,1.915265202520000,-1.925353765490000,0.000000000000000
-38.077758789100002,174.829284668000014,1.555767893790000,1.785282015800000,1.914493560790000,-1.924513936040000,0.000000000000000
-38.077869415300000,174.828506470000008,1.555739879610000,1.785239219670000,1.914188981060000,-1.924529314040000,0.000000000000000
-38.077255248999997,174.827972412000008,1.555438995360000,1.784820914270000,1.913767814640000,-1.923670887950000,0.000000000000000
-38.076648712199997,174.827453612999989,1.555261969570000,1.784794330600000,1.913501381870000,-1.923966765400000,0.000000000000000
-38.082584381099998,174.835128784000005,1.553408265110000,1.781402945520000,1.911400198940000,-1.912771105770000,0.000000000000000
-38.081974029500003,174.834564209000007,1.557393789290000,1.787104010580000,1.916977286340000,-1.926156520840000,0.000000000000000
-38.081344604500003,174.834030151000007,1.557930827140000,1.786698818210000,1.916337132450000,-1.925758600230000,0.000000000000000
-38.080814361599998,174.832733154000010,1.557494521140000,1.786322951320000,1.915857434270000,-1.925742983820000,0.000000000000000
-38.081459045400003,174.833251953000001,1.556897401810000,1.786171793940000,1.915878415110000,-1.925055265430000,0.000000000000000
-38.080280303999999,174.831420898000005,1.556588530540000,1.785493254660000,1.915095806120000,-1.924663305280000,0.000000000000000
-38.080921173100002,174.831939696999996,1.556475281720000,1.785395622250000,1.915020585060000,-1.924489736560000,0.000000000000000
-38.100101470900000,174.830871581999986,1.541280269620000,1.758851528170000,1.882317900660000,-1.876329541210000,0.000000000000000
-38.100383758500001,174.829528809000010,1.541323423390000,1.759184360500000,1.882851600650000,-1.877764463420000,0.000000000000000
-38.100166320800000,174.828765868999994,1.541628003120000,1.759680151940000,1.883548855780000,-1.879769325260000,0.000000000000000
-38.099796295200001,174.830108642999988,1.540907263760000,1.758373379710000,1.881803631780000,-1.875553965570000,0.000000000000000
-38.099960327100000,174.827133178999986,1.547163009640000,1.768121957780000,1.893890500070000,-1.899374842640000,0.000000000000000
-38.100028991700000,174.826416015999996,1.545936942100000,1.766323924060000,1.891906976700000,-1.895450830460000,0.000000000000000
-38.067359924300000,174.821868896000012,1.558345079420000,1.787705540660000,1.916948080060000,-1.928622722630000,0.000000000000000
-38.067810058600003,174.822402954000012,1.559374451640000,1.789483904840000,1.918951034550000,-1.932442903520000,0.000000000000000
-38.069309234599999,174.822845459000007,1.560626029970000,1.792213082310000,1.922468543050000,-1.938488125800000,0.000000000000000
-38.068500518800001,174.822586059999992,1.560801386830000,1.792011260990000,1.921505689620000,-1.937285423280000,0.000000000000000
-38.067584991499999,174.821273803999986,1.557615637780000,1.786638379100000,1.915829658510000,-1.926176309590000,0.000000000000000
-38.069828033400000,174.822280884000008,1.560599207880000,1.792502760890000,1.923582434650000,-1.937286496160000,0.000000000000000
-38.067356109599999,174.820648193000011,1.558014392850000,1.787027239800000,1.916635990140000,-1.927072405820000,0.000000000000000
-38.124546051000003,174.809707642000006,1.575852274890000,1.812664389610000,1.949418902400000,-1.960089683530000,0.000000000000000
-38.124488830600001,174.809112548999991,1.574887633320000,1.811289548870000,1.947967767720000,-1.956767797470000,0.000000000000000
-38.125152587899997,174.808639526000007,1.575858712200000,1.812173008920000,1.948721528050000,-1.958384037020000,0.000000000000000
-38.103054046600001,174.826568603999988,1.538553476330000,1.755289077760000,1.879159450530000,-1.872255086900000,0.000000000000000
-38.102210998499999,174.826721190999990,1.539311766620000,1.756331801410000,1.880267262460000,-1.873566031460000,0.000000000000000
-38.101631164600001,174.826080321999996,1.540039300920000,1.757475852970000,1.881917715070000,-1.876321196560000,0.000000000000000
-38.100791931200000,174.826217651000007,1.543769955640000,1.762874364850000,1.888014793400000,-1.887683749200000,0.000000000000000
-38.100189209000000,174.825683593999997,1.546494722370000,1.767152190210000,1.892965197560000,-1.897338747980000,0.000000000000000
-38.124717712399999,174.810821532999995,1.575881481170000,1.811973214150000,1.948749303820000,-1.958357095720000,0.000000000000000
-38.124305725100001,174.810226440000008,1.575342059140000,1.812118053440000,1.948908329010000,-1.958534479140000,0.000000000000000
-38.124420166000000,174.811492920000006,1.573342204090000,1.807648301120000,1.944547057150000,-1.948743224140000,0.000000000000000
-38.076774597200000,174.826690673999991,1.555440425870000,1.785005927090000,1.914164781570000,-1.924006819730000,0.000000000000000
-38.076198577900001,174.826171875000000,1.555000305180000,1.784693002700000,1.913733124730000,-1.924288153650000,0.000000000000000
-38.080394744899998,174.830627440999990,1.555402994160000,1.785045981410000,1.914843320850000,-1.924328804020000,0.000000000000000
-38.079757690400001,174.830093384000008,1.555802822110000,1.785318255420000,1.915075182910000,-1.925170183180000,0.000000000000000
-38.079120635999999,174.829559326000009,1.555670857430000,1.785288691520000,1.914824247360000,-1.925021886830000,0.000000000000000
-38.078491210899998,174.829025268999999,1.555677533150000,1.785445451740000,1.914714932440000,-1.924716234210000,0.000000000000000
-38.078594207800002,174.828231812000013,1.555141925810000,1.784787654880000,1.913877010350000,-1.924291133880000,0.000000000000000
-38.077972412100003,174.827713012999993,1.555129647250000,1.784549713130000,1.913346886630000,-1.923811435700000,0.000000000000000
-38.077362060500000,174.827209473000011,1.554760932920000,1.784309387210000,1.913332462310000,-1.923696756360000,0.000000000000000
-38.082122802699999,174.833770751999992,1.557198643680000,1.786731362340000,1.916557908060000,-1.925949573520000,0.000000000000000
-38.081562042199998,174.832458495999987,1.557058811190000,1.785825133320000,1.915439248090000,-1.925374269490000,0.000000000000000
-38.082214355500000,174.832977295000006,1.556563854220000,1.785305976870000,1.915064930920000,-1.923723340030000,0.000000000000000
-38.081035614000001,174.831161498999990,1.556346416470000,1.785333275790000,1.914864063260000,-1.924986362460000,0.000000000000000
-38.081672668499998,174.831695556999989,1.556088805200000,1.785062313080000,1.914651870730000,-1.924190044400000,0.000000000000000
-38.099323272699998,174.826721190999990,1.548797130580000,1.771044254300000,1.897402048110000,-1.905559659000000,0.000000000000000
-38.099338531500003,174.825912476000013,1.549785971640000,1.772657990460000,1.899303197860000,-1.909549355510000,0.000000000000000
-38.070583343499997,174.822357178000004,1.559535145760000,1.791264891620000,1.922228336330000,-1.937913656230000,0.000000000000000
-38.068195342999999,174.821746826000009,1.558770656590000,1.788792133330000,1.918277740480000,-1.930289268490000,0.000000000000000
-38.069065094000003,174.822036743000012,1.560187339780000,1.791745424270000,1.921979427340000,-1.937945246700000,0.000000000000000
-38.068084716800001,174.820846558000000,1.557791948320000,1.787002205850000,1.916368246080000,-1.926949501040000,0.000000000000000
-38.069580078100003,174.821655273000005,1.559273600580000,1.790171504020000,1.920416831970000,-1.933584332470000,0.000000000000000
-38.070209503199997,174.821701050000001,1.558784723280000,1.790169119830000,1.920439362530000,-1.935282826420000,0.000000000000000
-38.067783355700001,174.820022582999997,1.557392239570000,1.786178708080000,1.915588855740000,-1.925166368480000,0.000000000000000
-38.123928070100000,174.809570312000005,1.574554085730000,1.811058998110000,1.947770595550000,-1.956992030140000,0.000000000000000
-38.123924255399999,174.808868407999995,1.574147820470000,1.810439825060000,1.947033882140000,-1.955391764640000,0.000000000000000
-38.124328613300001,174.808380126999992,1.574574828150000,1.810975551610000,1.947553515430000,-1.956466794010000,0.000000000000000
-38.124782562299998,174.807739257999998,1.571242690090000,1.803952693940000,1.940434813500000,-1.940095901490000,0.000000000000000
-38.103309631300000,174.825820923000009,1.538723707200000,1.755670547490000,1.879642248150000,-1.873399853710000,0.000000000000000
-38.102489471399998,174.825958251999992,1.538882613180000,1.755922198300000,1.880050420760000,-1.873333692550000,0.000000000000000
-38.101943969700002,174.825332642000006,1.539770841600000,1.756762743000000,1.881303668020000,-1.875189185140000,0.000000000000000
-38.101024627699999,174.825363159000005,1.542284011840000,1.760842442510000,1.885745644570000,-1.883296728130000,0.000000000000000
-38.100311279300001,174.825042725000003,1.547381401060000,1.768760919570000,1.894797444340000,-1.901982784270000,0.000000000000000
-38.099639892600003,174.825164795000006,1.551552414890000,1.776174783710000,1.903156995770000,-1.917085528370000,0.000000000000000
-38.124027252200001,174.810867309999992,1.575191497800000,1.811745285990000,1.948485612870000,-1.958530187610000,0.000000000000000
-38.123653411900001,174.810256957999997,1.574061632160000,1.810214519500000,1.946916699410000,-1.955099225040000,0.000000000000000
-38.123718261699999,174.811523437999995,1.573100090030000,1.807875752450000,1.944774746890000,-1.948840260510000,0.000000000000000
-38.123317718499997,174.809753418000014,1.573820590970000,1.810119271280000,1.946866035460000,-1.955100655560000,0.000000000000000
-38.075706481899999,174.824996948000006,1.554810047150000,1.783687710760000,1.913926720620000,-1.919874191280000,0.000000000000000
-38.077465057399998,174.826446532999995,1.555017709730000,1.784692883490000,1.913746356960000,-1.924482703210000,0.000000000000000
-38.076900482200003,174.825942993000012,1.555030345920000,1.784907698630000,1.914298415180000,-1.924015998840000,0.000000000000000
-38.076316833500002,174.825439453000001,1.555785179140000,1.785768270490000,1.915853381160000,-1.925078511240000,0.000000000000000
-38.081153869600001,174.830368042000003,1.555527448650000,1.785173058510000,1.914989352230000,-1.924957752230000,0.000000000000000
-38.080513000499998,174.829833984000004,1.556061387060000,1.785884499550000,1.915702462200000,-1.926425218580000,0.000000000000000
-38.079872131300000,174.829299926999994,1.555950522420000,1.785863161090000,1.915205240250000,-1.926083803180000,0.000000000000000
-38.079227447500003,174.828765868999994,1.555055260660000,1.784775376320000,1.914005160330000,-1.924700021740000,0.000000000000000
-38.079330444299998,174.827972412000008,1.554895639420000,1.784388899800000,1.913350820540000,-1.924157738690000,0.000000000000000
-38.078693389900003,174.827453612999989,1.554650425910000,1.784198641780000,1.913267493250000,-1.923719525340000,0.000000000000000
-38.078067779500003,174.826950073000006,1.554881691930000,1.784314751630000,1.913041710850000,-1.923625469210000,0.000000000000000
-38.082298278800003,174.832214354999991,1.555933475490000,1.784774303440000,1.914390444760000,-1.923262238500000,0.000000000000000
-38.081790924099998,174.830902100000003,1.555852413180000,1.784923076630000,1.914482355120000,-1.924753785130000,0.000000000000000
-38.082431793200001,174.831451415999993,1.549249291420000,1.775209307670000,1.904372215270000,-1.904139399530000,0.000000000000000
-38.098670959499998,174.826354979999991,1.549626946450000,1.772327423100000,1.899154186250000,-1.907960891720000,0.000000000000000
-38.098628997799999,174.825790404999992,1.549862861630000,1.772980093960000,1.899883866310000,-1.909332275390000,0.000000000000000
-38.098896026600002,174.825256348000011,1.551915168760000,1.777120471000000,1.904490470890000,-1.918950438500000,0.000000000000000
-38.071346282999997,174.822357178000004,1.552876114850000,1.779047012330000,1.909672617910000,-1.911744117740000,0.000000000000000
-38.070915222200000,174.821716309000010,1.558311700820000,1.789131283760000,1.920114040370000,-1.932652115820000,0.000000000000000
-38.068973541299997,174.821151732999994,1.559167027470000,1.789714217190000,1.919958591460000,-1.932583808900000,0.000000000000000
-38.068614959700000,174.820266723999993,1.558419585230000,1.788310766220000,1.918447017670000,-1.929975271220000,0.000000000000000
-38.069824218800001,174.821090698000006,1.559305191040000,1.790073752400000,1.920872688290000,-1.933700323100000,0.000000000000000
-38.070529937700002,174.821121215999995,1.558387637140000,1.789558053020000,1.920209765430000,-1.933605194090000,0.000000000000000
-38.068302154500003,174.819488524999997,1.557622909550000,1.787224054340000,1.916844725610000,-1.927365899090000,0.000000000000000
-38.123264312700002,174.809036254999995,1.573573589320000,1.809609770770000,1.946298003200000,-1.954368472100000,0.000000000000000
-38.123615264900003,174.808288573999988,1.573509216310000,1.809675097470000,1.946182608600000,-1.954445958140000,0.000000000000000
-38.124011993400003,174.807632446000014,1.574144959450000,1.810293197630000,1.946787357330000,-1.955328583720000,0.000000000000000
-38.102771758999999,174.825210571000014,1.538514614110000,1.755618572240000,1.879821896550000,-1.873216986660000,0.000000000000000
-38.102230071999998,174.824600220000008,1.539298892020000,1.756365776060000,1.880990147590000,-1.875087141990000,0.000000000000000
-38.101516723600000,174.824752808000000,1.539544701580000,1.757332921030000,1.882103919980000,-1.875877261160000,0.000000000000000
-38.099925994899998,174.824523926000012,1.553694486620000,1.779851198200000,1.907022476200000,-1.925745368000000,0.000000000000000
-38.099166870099999,174.824615478999988,1.551264643670000,1.776159405710000,1.903329968450000,-1.916461229320000,0.000000000000000
-38.123348236100000,174.810897826999991,1.574005723000000,1.810184001920000,1.946918249130000,-1.955512762070000,0.000000000000000
-38.123004913300001,174.810272217000005,1.573786377910000,1.809997677800000,1.946821808820000,-1.955150961880000,0.000000000000000
-38.122726440400001,174.809616089000002,1.573343515400000,1.809204578400000,1.945903062820000,-1.953754067420000,0.000000000000000
-38.075687408400000,174.824279784999987,1.554310083390000,1.782799839970000,1.913163185120000,-1.919006586070000,0.000000000000000
-38.076358795200001,174.824676514000004,1.555779457090000,1.785646080970000,1.915795087810000,-1.924537062640000,0.000000000000000
-38.078144073499999,174.826156615999992,1.554608702660000,1.784350872040000,1.913381218910000,-1.923568964000000,0.000000000000000
-38.077552795400003,174.825775146000012,1.554847598080000,1.784737348560000,1.914105772970000,-1.924209475520000,0.000000000000000
-38.077106475800001,174.825134276999989,1.554843783380000,1.784717202190000,1.914258837700000,-1.923888087270000,0.000000000000000
-38.081912994400000,174.830123901000007,1.555039167400000,1.784056186680000,1.913659691810000,-1.923156023030000,0.000000000000000
-38.081283569299998,174.829574584999989,1.556378006940000,1.786177039150000,1.915768980980000,-1.927174568180000,0.000000000000000
-38.080638885500001,174.829025268999999,1.554934382440000,1.784683823590000,1.913982272150000,-1.924967765810000,0.000000000000000
-38.079978942899999,174.828491210999999,1.554710030560000,1.784165263180000,1.913404822350000,-1.923673629760000,0.000000000000000
-38.080074310299999,174.827697754000013,1.554262399670000,1.784000039100000,1.913231134410000,-1.923804283140000,0.000000000000000
-38.079418182399998,174.827178954999994,1.554236531260000,1.783660173420000,1.912522196770000,-1.923130750660000,0.000000000000000
-38.078777313200000,174.826675415000011,1.554590821270000,1.784027814870000,1.912941098210000,-1.923944592480000,0.000000000000000
-38.098182678199997,174.825363159000005,1.552058458330000,1.776794552800000,1.904423356060000,-1.917473196980000,0.000000000000000
-38.098407745400003,174.824722290000011,1.550803184510000,1.775021433830000,1.902418732640000,-1.914074182510000,0.000000000000000
-38.075550079300001,174.823501587000010,1.553792357440000,1.781452894210000,1.912167072300000,-1.915898919110000,0.000000000000000
-38.071693420400003,174.821594237999989,1.557751297950000,1.787634253500000,1.918876767160000,-1.930423378940000,0.000000000000000
-38.071117401099997,174.821166992000002,1.557860374450000,1.788162112240000,1.919106960300000,-1.931179404260000,0.000000000000000
-38.072578430199997,174.821792603000006,1.554772973060000,1.781749963760000,1.912994503970000,-1.917461514470000,0.000000000000000
-38.069442748999997,174.820404053000004,1.558560132980000,1.788807988170000,1.919040203090000,-1.930992245670000,0.000000000000000
-38.069107055700002,174.819656371999997,1.558415174480000,1.788279652600000,1.918768525120000,-1.929839730260000,0.000000000000000
-38.070213317899999,174.820495604999991,1.558368086810000,1.788818240170000,1.919360756870000,-1.931537389760000,0.000000000000000
-38.070899963400002,174.820617676000012,1.558347702030000,1.788754463200000,1.919919848440000,-1.932342886920000,0.000000000000000
-38.068790435799997,174.818923949999999,1.559102773670000,1.789529800420000,1.920624494550000,-1.933179855350000,0.000000000000000
-38.122459411599998,174.808883667000003,1.572766542430000,1.808489203450000,1.945015072820000,-1.953003644940000,0.000000000000000
-38.122886657700001,174.808242798000009,1.572903394700000,1.808796167370000,1.945299267770000,-1.953460693360000,0.000000000000000
-38.123268127400003,174.807571410999998,1.572968006130000,1.809005737300000,1.945443511010000,-1.953583359720000,0.000000000000000
-38.123657226600002,174.806884765999996,1.571509838100000,1.805372715000000,1.941866993900000,-1.945220351220000,0.000000000000000
-38.102493286100000,174.823852539000001,1.539094328880000,1.755713701250000,1.880568981170000,-1.874097466470000,0.000000000000000
-38.099445342999999,174.823944092000005,1.552960276600000,1.778597831730000,1.906074523930000,-1.922345042230000,0.000000000000000
-38.098670959499998,174.824035645000009,1.551827073100000,1.776619076730000,1.904232859610000,-1.917940735820000,0.000000000000000
-38.122657775900002,174.810882568000011,1.573560476300000,1.809394717220000,1.946240663530000,-1.953717470170000,0.000000000000000
-38.122318267799997,174.810226440000008,1.573420882230000,1.809036016460000,1.945831298830000,-1.953034162520000,0.000000000000000
-38.121997833300000,174.809509276999989,1.573282241820000,1.808968663220000,1.945669293400000,-1.953506827350000,0.000000000000000
-38.076396942099997,174.823837279999992,1.554921507840000,1.784629583360000,1.914750456810000,-1.923461914060000,0.000000000000000
-38.076942443800000,174.824401854999991,1.554119825360000,1.783999085430000,1.913586616520000,-1.923327445980000,0.000000000000000
-38.078853607200003,174.825881957999997,1.554212808610000,1.783817410470000,1.912681341170000,-1.923540115360000,0.000000000000000
-38.079002380399999,174.825256348000011,1.553724527360000,1.783282756810000,1.912079930310000,-1.922797560690000,0.000000000000000
-38.078147888200000,174.825195312000005,1.553846240040000,1.783721446990000,1.912925958630000,-1.923000574110000,0.000000000000000
-38.077529907200002,174.824539184999992,1.554194450380000,1.783939719200000,1.913356184960000,-1.922953724860000,0.000000000000000
-38.081436157200002,174.828765868999994,1.555095076560000,1.784564018250000,1.913766264920000,-1.923988103870000,0.000000000000000
-38.080745696999998,174.828216553000004,1.554248213770000,1.783942580220000,1.913045525550000,-1.924279809000000,0.000000000000000
-38.080829620400003,174.827392578000001,1.553799986840000,1.783022046090000,1.911919832230000,-1.922312855720000,0.000000000000000
-38.080150604200000,174.826904296999999,1.553807973860000,1.783561110500000,1.912793993950000,-1.923680305480000,0.000000000000000
-38.079494476299999,174.826400756999988,1.554076194760000,1.783521533010000,1.912223219870000,-1.922898292540000,0.000000000000000
-38.097644805900003,174.824859618999994,1.551203250890000,1.775420784950000,1.903193831440000,-1.914637327190000,0.000000000000000
-38.097885131799998,174.824157715000013,1.552109122280000,1.777457237240000,1.905379891400000,-1.919550418850000,0.000000000000000
-38.098159789999997,174.823455811000002,1.552078008650000,1.777489185330000,1.905400395390000,-1.919420957570000,0.000000000000000
-38.076133728000002,174.823013306000007,1.554730653760000,1.784450411800000,1.914704561230000,-1.923811554910000,0.000000000000000
-38.072273254400002,174.820983887000011,1.556472420690000,1.786594629290000,1.917399048810000,-1.929578185080000,0.000000000000000
-38.071556091300003,174.820770264000004,1.557467222210000,1.787430167200000,1.918501019480000,-1.928453087810000,0.000000000000000
-38.073040008500001,174.821136475000003,1.555502891540000,1.785371541980000,1.916165590290000,-1.927280783650000,0.000000000000000
-38.073719024699997,174.821197509999990,1.552741169930000,1.779497623440000,1.910451889040000,-1.915122985840000,0.000000000000000
-38.069908142099997,174.819778442000000,1.558674454690000,1.788985967640000,1.919872164730000,-1.931966423990000,0.000000000000000
-38.069587707499998,174.819046020999991,1.558225512500000,1.787905216220000,1.918490052220000,-1.929086804390000,0.000000000000000
-38.070682525599999,174.819931029999992,1.558266878130000,1.788619756700000,1.919691443440000,-1.930962562560000,0.000000000000000
-38.071304321299998,174.820175170999988,1.557352066040000,1.787339091300000,1.918264508250000,-1.929818272590000,0.000000000000000
-38.069255828899998,174.818328857000012,1.558109283450000,1.787556052210000,1.918150782590000,-1.928387165070000,0.000000000000000
-38.121723175000000,174.808761597000000,1.572540521620000,1.808068037030000,1.944669365880000,-1.952945947650000,0.000000000000000
-38.122165679900000,174.808166504000013,1.572464585300000,1.808142066000000,1.944708466530000,-1.952839732170000,0.000000000000000
-38.122539520300002,174.807540893999999,1.572355628010000,1.807965636250000,1.944551467900000,-1.952873945240000,0.000000000000000
-38.122909545900001,174.806823729999991,1.571633934970000,1.806045651440000,1.942609548570000,-1.947351455690000,0.000000000000000
-38.099735260000003,174.823272704999994,1.553813815120000,1.780302762990000,1.908195137980000,-1.925753831860000,0.000000000000000
-38.098953247099999,174.823364257999998,1.551858663560000,1.777211427690000,1.904871463780000,-1.919738292690000,0.000000000000000
-38.098449707000000,174.822769165000011,1.552159309390000,1.778040051460000,1.906019330020000,-1.921215772630000,0.000000000000000
-38.121940612800003,174.810867309999992,1.573347568510000,1.809138894080000,1.945997238160000,-1.953315138820000,0.000000000000000
-38.121589660600002,174.810165404999992,1.573429465290000,1.809181094170000,1.945925116540000,-1.953631877900000,0.000000000000000
-38.121154785199998,174.809402465999995,1.572572469710000,1.808129906650000,1.944726228710000,-1.952692747120000,0.000000000000000
-38.121101379400002,174.808609009000008,1.572070956230000,1.807585358620000,1.944097518920000,-1.952613353730000,0.000000000000000
-38.076786041299997,174.823211670000006,1.554893851280000,1.784558176990000,1.915074825290000,-1.924038648610000,0.000000000000000
-38.077320098900003,174.823776245000005,1.554146766660000,1.783976674080000,1.913793563840000,-1.923500299450000,0.000000000000000
-38.079563140899999,174.825653076000009,1.553705573080000,1.783066511150000,1.911676049230000,-1.922476768490000,0.000000000000000
-38.079586029100000,174.824935912999990,1.553177475930000,1.782480716710000,1.911130189900000,-1.922057032590000,0.000000000000000
-38.078876495400003,174.824584960999999,1.553436040880000,1.783164501190000,1.912185907360000,-1.922496318820000,0.000000000000000
-38.078132629400002,174.824203490999992,1.553234219550000,1.783000230790000,1.912187814710000,-1.922307610510000,0.000000000000000
-38.081542968800001,174.827911376999992,1.554537773130000,1.784440875050000,1.914169311520000,-1.924635171890000,0.000000000000000
-38.081581115699997,174.827072143999999,1.554278731350000,1.784044623370000,1.913750171660000,-1.923884749410000,0.000000000000000
-38.080883026099997,174.826599120999987,1.553470373150000,1.783013343810000,1.912099003790000,-1.922327756880000,0.000000000000000
-38.080211639399998,174.826110840000013,1.554050564770000,1.783339262010000,1.912193298340000,-1.923452377320000,0.000000000000000
-38.097351074199999,174.823577881000006,1.552834987640000,1.778831720350000,1.907172560690000,-1.922568917270000,0.000000000000000
-38.097644805900003,174.822860717999987,1.552683353420000,1.778768539430000,1.907150864600000,-1.922734022140000,0.000000000000000
-38.097942352300002,174.822158812999987,1.553230285640000,1.779806137080000,1.908376812930000,-1.924795031550000,0.000000000000000
-38.076698303199997,174.822540282999995,1.553366184230000,1.783056616780000,1.913005471230000,-1.922042965890000,0.000000000000000
-38.075977325399997,174.822235107000012,1.555016040800000,1.785027623180000,1.915938735010000,-1.925323605540000,0.000000000000000
-38.075222015400001,174.821945190000008,1.551451444630000,1.776978611950000,1.908316493030000,-1.906595945360000,0.000000000000000
-38.072742462199997,174.820495604999991,1.556040406230000,1.785690426830000,1.916777968410000,-1.927532076840000,0.000000000000000
-38.072036743200002,174.820129395000009,1.556855916980000,1.786529541020000,1.917646884920000,-1.928386211400000,0.000000000000000
-38.075031280499999,174.821151732999994,1.555503129960000,1.784128904340000,1.915380120280000,-1.924033045770000,0.000000000000000
-38.074275970499997,174.820831298999991,1.555897116660000,1.784531831740000,1.915763258930000,-1.925128817560000,0.000000000000000
-38.073486328100003,174.820449829000012,1.555984377860000,1.784594297410000,1.915851593020000,-1.925531506540000,0.000000000000000
-38.070419311499997,174.819168090999995,1.558242321010000,1.787963271140000,1.918882489200000,-1.930011153220000,0.000000000000000
-38.070053100599999,174.818420409999987,1.558177590370000,1.787766695020000,1.918843030930000,-1.929785847660000,0.000000000000000
-38.071342468300003,174.819412231000001,1.557400822640000,1.787044644360000,1.918091297150000,-1.928745985030000,0.000000000000000
-38.070369720499997,174.817855834999989,1.557559609410000,1.786490321160000,1.917352795600000,-1.927018761630000,0.000000000000000
-38.069744110099997,174.817764282000013,1.558187007900000,1.787840366360000,1.918984532360000,-1.930145740510000,0.000000000000000
-38.121471405000001,174.808029175000001,1.571841835980000,1.807288765910000,1.943738818170000,-1.952148556710000,0.000000000000000
-38.121894836400003,174.807540893999999,1.571767449380000,1.807200670240000,1.943653225900000,-1.951865315440000,0.000000000000000
-38.122123718300003,174.806854248000008,1.571687102320000,1.807210803030000,1.943658471110000,-1.951811432840000,0.000000000000000
-38.122570037800003,174.805984496999997,1.565687656400000,1.796750783920000,1.933183312420000,-1.930916666980000,0.000000000000000
-38.099250793499998,174.822662353999988,1.551542162900000,1.776740074160000,1.904364943500000,-1.918911337850000,0.000000000000000
-38.098743438699998,174.822067261000001,1.552832245830000,1.779101490970000,1.907248258590000,-1.924049615860000,0.000000000000000
-38.098239898700001,174.821472168000014,1.553446173670000,1.780176281930000,1.908842325210000,-1.926270127300000,0.000000000000000
-38.121189117400000,174.810836792000003,1.573585748670000,1.809438943860000,1.946323394780000,-1.953081727030000,0.000000000000000
-38.120933532700001,174.810180664000001,1.573028564450000,1.808734655380000,1.945482134820000,-1.952984929080000,0.000000000000000
-38.120746612500000,174.811553954999994,1.569218158720000,1.801361680030000,1.938212156300000,-1.935523867610000,0.000000000000000
-38.120769500700000,174.807998657000013,1.571269750600000,1.806595802310000,1.942992925640000,-1.951484680180000,0.000000000000000
-38.120365142799997,174.809768676999994,1.572417259220000,1.808097124100000,1.944817066190000,-1.952816963200000,0.000000000000000
-38.120380401600002,174.808822631999988,1.571680665020000,1.807227492330000,1.943808197980000,-1.952244281770000,0.000000000000000
-38.077381133999999,174.822921753000003,1.554103136060000,1.783871889110000,1.913995742800000,-1.923964262010000,0.000000000000000
-38.078086853000002,174.823364257999998,1.553327322010000,1.783066868780000,1.912655830380000,-1.922644138340000,0.000000000000000
-38.080253601099997,174.825347899999997,1.553245544430000,1.782511949540000,1.911392211910000,-1.922074079510000,0.000000000000000
-38.080265045200001,174.824584960999999,1.553094863890000,1.782469272610000,1.911290884020000,-1.922144532200000,0.000000000000000
-38.079559326199998,174.824172973999993,1.552917718890000,1.782429218290000,1.911320090290000,-1.922163724900000,0.000000000000000
-38.078830719000003,174.823776245000005,1.553146004680000,1.782734632490000,1.911882162090000,-1.922442436220000,0.000000000000000
-38.082324981699998,174.827529907000013,1.554480433460000,1.783583641050000,1.912547230720000,-1.922906517980000,0.000000000000000
-38.082298278800003,174.826705933000000,1.554004073140000,1.783513307570000,1.913101434710000,-1.921352267270000,0.000000000000000
-38.081615448000001,174.826263428000004,1.553300023080000,1.782590508460000,1.911556839940000,-1.923007369040000,0.000000000000000
-38.080932617199998,174.825805664000001,1.552947282790000,1.782600522040000,1.911694884300000,-1.921938776970000,0.000000000000000
-38.096820831300001,174.822967529000010,1.553397178650000,1.780236124990000,1.908938765530000,-1.925721764560000,0.000000000000000
-38.097129821800003,174.822250365999992,1.553645372390000,1.780562043190000,1.909390449520000,-1.926851630210000,0.000000000000000
-38.097438812299998,174.821563720999990,1.553271293640000,1.780215024950000,1.908971309660000,-1.925993561740000,0.000000000000000
-38.097755432100001,174.820877074999999,1.554164528850000,1.782087802890000,1.911277890210000,-1.930591344830000,0.000000000000000
-38.077335357700001,174.822113037000008,1.553345918660000,1.783236384390000,1.913385629650000,-1.923575758930000,0.000000000000000
-38.076587676999999,174.821746826000009,1.554566860200000,1.784827232360000,1.915899634360000,-1.925814628600000,0.000000000000000
-38.075817108199999,174.821441649999997,1.554857611660000,1.784189939500000,1.915494084360000,-1.923752784730000,0.000000000000000
-38.072868347200000,174.819747925000001,1.555664896970000,1.785100817680000,1.916002273560000,-1.927122592930000,0.000000000000000
-38.072154998800002,174.819366454999994,1.556829571720000,1.786227226260000,1.917440533640000,-1.927046418190000,0.000000000000000
-38.075641632100002,174.820632934999992,1.553649425510000,1.782620668410000,1.913530945780000,-1.922973752020000,0.000000000000000
-38.074882507300003,174.820358276000007,1.555188179020000,1.783651947980000,1.914823532100000,-1.923821568490000,0.000000000000000
-38.074172973600000,174.820053101000013,1.554797887800000,1.783818960190000,1.914749383930000,-1.924778938290000,0.000000000000000
-38.073600769000002,174.819747925000001,1.555590987210000,1.784686326980000,1.915761947630000,-1.925750255580000,0.000000000000000
-38.070941925000000,174.818405151000007,1.557621717450000,1.787144422530000,1.918268203740000,-1.928692579270000,0.000000000000000
-38.071865081799999,174.818664551000012,1.556895017620000,1.786311030390000,1.917467117310000,-1.927964806560000,0.000000000000000
-38.070896148700001,174.817474365000010,1.556980490680000,1.785555362700000,1.916442632680000,-1.925997972490000,0.000000000000000
-38.070209503199997,174.817184448000006,1.557066202160000,1.785597085950000,1.916447639470000,-1.925813198090000,0.000000000000000
-38.120422363300001,174.807434081999986,1.570781946180000,1.806055665020000,1.942409873010000,-1.951369524000000,0.000000000000000
-38.121177673299997,174.807113646999994,1.571006417270000,1.806381464000000,1.942643284800000,-1.951543927190000,0.000000000000000
-38.121635437000002,174.806167603000006,1.571761369710000,1.807278394700000,1.943497061730000,-1.952259778980000,0.000000000000000
-38.121913909900002,174.805618285999998,1.571088552470000,1.805981993680000,1.942317724230000,-1.949417233470000,0.000000000000000
-38.102851867699997,174.822052001999992,1.538022279740000,1.755069375040000,1.880529761310000,-1.874125123020000,0.000000000000000
-38.097282409700000,174.820236206000004,1.553377151490000,1.781526207920000,1.910896182060000,-1.929301977160000,0.000000000000000
-38.098087310799997,174.820205687999987,1.549084544180000,1.773345351220000,1.902368545530000,-1.912230014800000,0.000000000000000
-38.120365142799997,174.810684204000012,1.572986364360000,1.808700799940000,1.945468187330000,-1.952453136440000,0.000000000000000
-38.120006561300002,174.811462401999989,1.573946833610000,1.809418678280000,1.946423769000000,-1.951784610750000,0.000000000000000
-38.119789123499999,174.810165404999992,1.572480201720000,1.808048248290000,1.944827437400000,-1.952193021770000,0.000000000000000
-38.120059967000003,174.808013915999993,1.570883750920000,1.806199789050000,1.942647814750000,-1.951320528980000,0.000000000000000
-38.119804382300003,174.807327270999991,1.569922804830000,1.805119037630000,1.941512346270000,-1.950633406640000,0.000000000000000
-38.119567871100003,174.809387206999986,1.571711778640000,1.807261586190000,1.943939447400000,-1.951654553410000,0.000000000000000
-38.119644164999997,174.808563232000012,1.571080684660000,1.806558728220000,1.943124890330000,-1.951529502870000,0.000000000000000
-38.078067779500003,174.822525023999987,1.554125428200000,1.783953905110000,1.914354801180000,-1.924401521680000,0.000000000000000
-38.078804016100001,174.822937012000011,1.553081989290000,1.782966375350000,1.912606716160000,-1.923164486890000,0.000000000000000
-38.080966949500002,174.825012206999986,1.552860498430000,1.782235145570000,1.911015748980000,-1.922230124470000,0.000000000000000
-38.080982208300000,174.824218750000000,1.552330493930000,1.781677961350000,1.910328030590000,-1.921372413640000,0.000000000000000
-38.080265045200001,174.823791504000013,1.552700757980000,1.782029509540000,1.910767316820000,-1.921819567680000,0.000000000000000
-38.079540252699999,174.823364257999998,1.552519083020000,1.782063007350000,1.911094427110000,-1.921532273290000,0.000000000000000
-38.082344055199997,174.825958251999992,1.547702670100000,1.773493170740000,1.902518987660000,-1.902479290960000,0.000000000000000
-38.081668853799997,174.825469970999990,1.553184986110000,1.782783031460000,1.912106037140000,-1.921846866610000,0.000000000000000
-38.096298217799998,174.822341918999996,1.553642988200000,1.780794739720000,1.909899950030000,-1.926902890210000,0.000000000000000
-38.096618652300002,174.821640015000014,1.553462266920000,1.780731916430000,1.909906983380000,-1.927241802220000,0.000000000000000
-38.096942901600002,174.820938109999986,1.553490757940000,1.781549692150000,1.910881757740000,-1.928961992260000,0.000000000000000
-38.096450805700002,174.820297240999992,1.552986741070000,1.781195402150000,1.910632967950000,-1.928723454480000,0.000000000000000
-38.078022003199997,174.821685790999993,1.553634524350000,1.783586502080000,1.914191007610000,-1.924045324330000,0.000000000000000
-38.077255248999997,174.821273803999986,1.555866122250000,1.785840988160000,1.917605400090000,-1.927486538890000,0.000000000000000
-38.076450347900000,174.820907592999987,1.554630041120000,1.783983230590000,1.915453433990000,-1.924187779430000,0.000000000000000
-38.073394775399997,174.819137573000006,1.555430412290000,1.784270286560000,1.915439367290000,-1.925218701360000,0.000000000000000
-38.072666168200001,174.818878173999991,1.556194901470000,1.785450100900000,1.916527748110000,-1.926715373990000,0.000000000000000
-38.076225280800003,174.820083618000012,1.554770827290000,1.782929778100000,1.914318680760000,-1.923180818560000,0.000000000000000
-38.075435638400002,174.819869995000005,1.554299235340000,1.782843828200000,1.913875937460000,-1.923766851430000,0.000000000000000
-38.074733734100001,174.819610595999990,1.555008530620000,1.783440709110000,1.914610862730000,-1.924072980880000,0.000000000000000
-38.074066162100003,174.819351196000014,1.555230736730000,1.783872127530000,1.914954066280000,-1.924944520000000,0.000000000000000
-38.071647644000002,174.817825317000000,1.556613802910000,1.785275220870000,1.916154265400000,-1.925558447840000,0.000000000000000
-38.072437286400003,174.818099976000013,1.556143760680000,1.784841775890000,1.915811538700000,-1.925604105000000,0.000000000000000
-38.071483612100003,174.816986084000007,1.556390047070000,1.784524679180000,1.915346622470000,-1.924442172050000,0.000000000000000
-38.070724487299998,174.816635131999988,1.556552410130000,1.784552216530000,1.915212035180000,-1.923986196520000,0.000000000000000
-38.120307922400002,174.806747437000013,1.569833278660000,1.805064797400000,1.941262960430000,-1.950408220290000,0.000000000000000
-38.120811462399999,174.806091309000010,1.569690823550000,1.804970264430000,1.941146492960000,-1.950296998020000,0.000000000000000
-38.119579315199999,174.806594848999993,1.569586753850000,1.804662942890000,1.941021561620000,-1.950107812880000,0.000000000000000
-38.096809387199997,174.819580078000001,1.553450465200000,1.782437443730000,1.912256360050000,-1.931938886640000,0.000000000000000
-38.102539062500000,174.821350098000011,1.537662267680000,1.754465937610000,1.879935145380000,-1.872254967690000,0.000000000000000
-38.103214263900000,174.821502686000002,1.537669181820000,1.754869818690000,1.880333781240000,-1.873384833340000,0.000000000000000
-38.097652435299999,174.819564818999993,1.551909327510000,1.779036164280000,1.908672213550000,-1.923659682270000,0.000000000000000
-38.119537353500000,174.810852051000012,1.572799563410000,1.808488368990000,1.945289969440000,-1.952902197840000,0.000000000000000
-38.119121551500001,174.810150146000012,1.572200894360000,1.807593703270000,1.944345831870000,-1.951636075970000,0.000000000000000
-38.118797302200001,174.809509276999989,1.571685910220000,1.807039856910000,1.943780779840000,-1.951450705530000,0.000000000000000
-38.119346618700000,174.807922362999989,1.570406317710000,1.805710315700000,1.942191243170000,-1.950657248500000,0.000000000000000
-38.119106292700003,174.807189940999990,1.569228887560000,1.804421663280000,1.940895438190000,-1.950137376790000,0.000000000000000
-38.118888855000002,174.806488037000008,1.569072246550000,1.804123520850000,1.940751433370000,-1.949658870700000,0.000000000000000
-38.118862152100000,174.808685303000004,1.570480465890000,1.805841445920000,1.942439436910000,-1.950879693030000,0.000000000000000
-38.078773498499999,174.822113037000008,1.553640604020000,1.783660054210000,1.914059519770000,-1.924773573880000,0.000000000000000
-38.079524993900002,174.822540282999995,1.552740097050000,1.782529950140000,1.912109136580000,-1.922909617420000,0.000000000000000
-38.081714630100002,174.824661254999995,1.552445292470000,1.782000303270000,1.911270618440000,-1.921370506290000,0.000000000000000
-38.081714630100002,174.823852539000001,1.551873683930000,1.781267285350000,1.910019874570000,-1.920903444290000,0.000000000000000
-38.080982208300000,174.823410034000005,1.552188277240000,1.781387686730000,1.910149693490000,-1.921488761900000,0.000000000000000
-38.080261230500000,174.822967529000010,1.552266955380000,1.781906485560000,1.911045908930000,-1.922109127040000,0.000000000000000
-38.095779418900001,174.821731567000000,1.553064942360000,1.781054496770000,1.910270452500000,-1.927803993230000,0.000000000000000
-38.096107482900003,174.821014404000010,1.553407192230000,1.781803011890000,1.911349892620000,-1.930089235310000,0.000000000000000
-38.095603942899999,174.820358276000007,1.552661180500000,1.781162381170000,1.910936832430000,-1.928730249400000,0.000000000000000
-38.095954894999998,174.819641112999989,1.552884936330000,1.781671047210000,1.911666035650000,-1.930163741110000,0.000000000000000
-38.078727722200000,174.821273803999986,1.553241610530000,1.783441424370000,1.914284825330000,-1.924842238430000,0.000000000000000
-38.077972412100003,174.820861815999990,1.553959965710000,1.784181594850000,1.915559053420000,-1.925729513170000,0.000000000000000
-38.077178955100003,174.820297240999992,1.555211544040000,1.784152746200000,1.915990591050000,-1.924240589140000,0.000000000000000
-38.073890685999999,174.818756103999988,1.554834723470000,1.783700346950000,1.914650797840000,-1.924770355220000,0.000000000000000
-38.073280334499998,174.818313598999993,1.555230259900000,1.784420609470000,1.915369033810000,-1.926046609880000,0.000000000000000
-38.076728820800000,174.819442748999990,1.554570078850000,1.782638907430000,1.913942694660000,-1.923165917400000,0.000000000000000
-38.075912475599999,174.819305420000006,1.554758548740000,1.782786130910000,1.914105653760000,-1.923381090160000,0.000000000000000
-38.075233459499998,174.819229126000010,1.553903579710000,1.782345175740000,1.913228154180000,-1.923486351970000,0.000000000000000
-38.074611663799999,174.818817139000004,1.554473638530000,1.783043861390000,1.914074420930000,-1.924126744270000,0.000000000000000
-38.072257995599998,174.817306518999999,1.556011319160000,1.784641265870000,1.915588974950000,-1.925560593610000,0.000000000000000
-38.072906494100003,174.817626953000001,1.555544734000000,1.784077644350000,1.915009856220000,-1.924862623210000,0.000000000000000
-38.072093963599997,174.816497803000004,1.555702567100000,1.783539056780000,1.914278864860000,-1.923041820530000,0.000000000000000
-38.071281433099998,174.816131592000005,1.555942296980000,1.783606290820000,1.914225578310000,-1.922682285310000,0.000000000000000
-38.120044708300000,174.805953979000009,1.569595456120000,1.804909825330000,1.941125869750000,-1.951106071470000,0.000000000000000
-38.118656158400000,174.805862426999994,1.567957639690000,1.802433967590000,1.939064741130000,-1.948450565340000,0.000000000000000
-38.119327545200001,174.805877686000002,1.566760659220000,1.801497936250000,1.937913298610000,-1.948378205300000,0.000000000000000
-38.097217559800001,174.818878173999991,1.552897334100000,1.781690239910000,1.911413788800000,-1.930031061170000,0.000000000000000
-38.096286773700001,174.818832396999994,1.552080988880000,1.780657529830000,1.910691857340000,-1.928382754330000,0.000000000000000
-38.095634460399999,174.818450928000004,1.550797939300000,1.778794169430000,1.908768653870000,-1.925050497060000,0.000000000000000
-38.102230071999998,174.820587157999995,1.538802623750000,1.757044196130000,1.883210897450000,-1.878699779510000,0.000000000000000
-38.102703094500001,174.820037842000005,1.539178133010000,1.757416009900000,1.883457422260000,-1.879453301430000,0.000000000000000
-38.118701934800001,174.810913085999999,1.572369337080000,1.807102322580000,1.944082736970000,-1.948868989940000,0.000000000000000
-38.118328094500001,174.810089110999996,1.572059750560000,1.807090401650000,1.943877220150000,-1.951328516010000,0.000000000000000
-38.118118286100000,174.809249878000003,1.571675896640000,1.806589484210000,1.943353056910000,-1.950558304790000,0.000000000000000
-38.118595123299997,174.807785034000005,1.570416688920000,1.805453181270000,1.942148327830000,-1.950329184530000,0.000000000000000
-38.118419647200000,174.807037353999988,1.568915605550000,1.803839921950000,1.940436482430000,-1.949201703070000,0.000000000000000
-38.118240356400001,174.806381226000013,1.568521499630000,1.803104281430000,1.939746141430000,-1.949002385140000,0.000000000000000
-38.118095397899999,174.805847168000014,1.568035483360000,1.802596569060000,1.939334034920000,-1.948316574100000,0.000000000000000
-38.117980957000000,174.808364868000012,1.570484876630000,1.805323719980000,1.942051291470000,-1.949932694440000,0.000000000000000
-38.079513549799998,174.821685790999993,1.553062796590000,1.783377408980000,1.913918137550000,-1.925206065180000,0.000000000000000
-38.080272674600003,174.822143554999997,1.551347494130000,1.780762553220000,1.909974217410000,-1.920890569690000,0.000000000000000
-38.081703185999999,174.823043823000006,1.551351428030000,1.780322074890000,1.908980488780000,-1.920503616330000,0.000000000000000
-38.080989837600001,174.822601318000011,1.551110267640000,1.780401110650000,1.909153819080000,-1.920168876650000,0.000000000000000
-38.095237731899999,174.821090698000006,1.552628040310000,1.780916094780000,1.910615921020000,-1.927608370780000,0.000000000000000
-38.094753265400001,174.820419312000013,1.551578164100000,1.779496669770000,1.909208655360000,-1.925745368000000,0.000000000000000
-38.095123291000000,174.819717407000013,1.551889419560000,1.780157446860000,1.910159230230000,-1.927192211150000,0.000000000000000
-38.095443725599999,174.819046020999991,1.551329731940000,1.779344439510000,1.909250497820000,-1.925745964050000,0.000000000000000
-38.094989776600002,174.818481445000003,1.550768017770000,1.778735280040000,1.908896923070000,-1.924914598460000,0.000000000000000
-38.079441070599998,174.820831298999991,1.552916049960000,1.783296465870000,1.914749026300000,-1.925105929370000,0.000000000000000
-38.078659057599999,174.820465087999992,1.554304838180000,1.783994913100000,1.915689349170000,-1.925673365590000,0.000000000000000
-38.077991485600002,174.820144653000000,1.554700851440000,1.784202814100000,1.916057467460000,-1.925304651260000,0.000000000000000
-38.077640533400000,174.819412231000001,1.553408265110000,1.781717538830000,1.912766695020000,-1.922057032590000,0.000000000000000
-38.077056884800001,174.818847656000003,1.553762078290000,1.781877040860000,1.913104176520000,-1.922528982160000,0.000000000000000
-38.074096679699998,174.818145751999992,1.554560422900000,1.783084988590000,1.914143562320000,-1.924051165580000,0.000000000000000
-38.073577880899997,174.817535399999997,1.554676413540000,1.783475160600000,1.914435982700000,-1.924706935880000,0.000000000000000
-38.076366424600003,174.818710326999991,1.554313659670000,1.782265543940000,1.913401365280000,-1.923166155820000,0.000000000000000
-38.075477600100001,174.818527222000000,1.554231166840000,1.782202005390000,1.913339257240000,-1.923129439350000,0.000000000000000
-38.074783325200002,174.818099976000013,1.554135560990000,1.782589912410000,1.913610696790000,-1.923705935480000,0.000000000000000
-38.072975158699997,174.816864014000004,1.555036544800000,1.783347129820000,1.914202451710000,-1.923662304880000,0.000000000000000
-38.072700500499998,174.815994262999993,1.555076479910000,1.783273577690000,1.914159893990000,-1.923750042920000,0.000000000000000
-38.071872711200001,174.815673828000001,1.555476546290000,1.783252120020000,1.913957715030000,-1.922775983810000,0.000000000000000
-38.118350982700001,174.805313109999986,1.567162752150000,1.801608204840000,1.938202261920000,-1.948184609410000,0.000000000000000
-38.096855163599997,174.818176270000009,1.551971912380000,1.780658721920000,1.910657405850000,-1.928767800330000,0.000000000000000
-38.096084594700002,174.818038940000008,1.550686478610000,1.778732061390000,1.908607840540000,-1.925058841710000,0.000000000000000
-38.095363616900002,174.817901610999996,1.550343394280000,1.778328299520000,1.908415317540000,-1.924562215810000,0.000000000000000
-38.101913452100000,174.819717407000013,1.538757681850000,1.756747484210000,1.883125662800000,-1.877758383750000,0.000000000000000
-38.117771148700001,174.810836792000003,1.572879791260000,1.808195471760000,1.945144057270000,-1.951485633850000,0.000000000000000
-38.117454528800003,174.809906006000006,1.571521401410000,1.806527495380000,1.943373680110000,-1.950084924700000,0.000000000000000
-38.117279052699999,174.808944701999991,1.570834517480000,1.805619955060000,1.942350149150000,-1.950371384620000,0.000000000000000
-38.117855071999998,174.807510376000010,1.569800853730000,1.804578185080000,1.941221475600000,-1.949685812000000,0.000000000000000
-38.117839813200000,174.806838988999999,1.569336533550000,1.804040312770000,1.940794825550000,-1.949107766150000,0.000000000000000
-38.117691039999997,174.805465698000006,1.567833781240000,1.802325129510000,1.939155220990000,-1.948091149330000,0.000000000000000
-38.117549896200003,174.806228637999993,1.568290591240000,1.803043365480000,1.939765572550000,-1.948453307150000,0.000000000000000
-38.117168426500001,174.808013915999993,1.570056200030000,1.805050373080000,1.941902399060000,-1.949318528180000,0.000000000000000
-38.080337524400001,174.821228026999989,1.553186774250000,1.784356713290000,1.915881037710000,-1.928699493410000,0.000000000000000
-38.081020355200003,174.821823120000005,1.548834800720000,1.777756810190000,1.906761169430000,-1.918003082280000,0.000000000000000
-38.081707000700000,174.822250365999992,1.549225568770000,1.776843190190000,1.905859589580000,-1.913312077520000,0.000000000000000
-38.094318389900003,174.819778442000000,1.551553249360000,1.779674410820000,1.909842133520000,-1.926188349720000,0.000000000000000
-38.094657897899999,174.819107056000007,1.550907611850000,1.778919219970000,1.909029483800000,-1.924823999400000,0.000000000000000
-38.094608306900000,174.817855834999989,1.549983024600000,1.777749896050000,1.907941341400000,-1.923493266110000,0.000000000000000
-38.094219207800002,174.818481445000003,1.550629615780000,1.778364658360000,1.908643960950000,-1.924371361730000,0.000000000000000
-38.080108642600003,174.820327759000008,1.552050352100000,1.781569480900000,1.913209557530000,-1.922802209850000,0.000000000000000
-38.079303741499999,174.820007323999988,1.552504539490000,1.782301783560000,1.913655281070000,-1.924143910410000,0.000000000000000
-38.078517913799999,174.819686890000014,1.553078413010000,1.782336473460000,1.913817048070000,-1.922995209690000,0.000000000000000
-38.078372955299997,174.818893433000000,1.552637219430000,1.781481504440000,1.912810325620000,-1.922451019290000,0.000000000000000
-38.077629089399998,174.818527222000000,1.553423881530000,1.781501770020000,1.912822604180000,-1.922235250470000,0.000000000000000
-38.076915741000001,174.818191528000000,1.553516626360000,1.781303524970000,1.912417888640000,-1.922275066380000,0.000000000000000
-38.073780059800001,174.816879271999994,1.554211735730000,1.782971143720000,1.913937568660000,-1.924418687820000,0.000000000000000
-38.074428558299999,174.817367553999986,1.553871631620000,1.782372951510000,1.913327097890000,-1.923463821410000,0.000000000000000
-38.076126098600000,174.817901610999996,1.553251981740000,1.781353354450000,1.912368536000000,-1.922561526300000,0.000000000000000
-38.075302123999997,174.817626953000001,1.553202152250000,1.781558752060000,1.912444472310000,-1.922819495200000,0.000000000000000
-38.073516845699999,174.816207886000001,1.554305672650000,1.782738924030000,1.913661360740000,-1.923643112180000,0.000000000000000
-38.073249816900002,174.815490723000011,1.554281830790000,1.782611250880000,1.913536071780000,-1.923450112340000,0.000000000000000
-38.072483062700002,174.815231323000006,1.554779052730000,1.782798528670000,1.913599133490000,-1.922933578490000,0.000000000000000
-38.117202758799998,174.804962157999995,1.567112088200000,1.801566481590000,1.938359498980000,-1.947232127190000,0.000000000000000
-38.117946624799998,174.804779053000004,1.566319704060000,1.800790309910000,1.937475085260000,-1.947585701940000,0.000000000000000
-38.096561431900000,174.817474365000010,1.550357580180000,1.778548598290000,1.908508777620000,-1.925112366680000,0.000000000000000
-38.095806121800003,174.817352295000006,1.549834370610000,1.777799248700000,1.907845258710000,-1.923976421360000,0.000000000000000
-38.095043182399998,174.817245482999994,1.549780964850000,1.777463316920000,1.907718420030000,-1.923377513890000,0.000000000000000
-38.101375579799999,174.819091796999999,1.544064044950000,1.765006423000000,1.892324686050000,-1.895959377290000,0.000000000000000
-38.102031707800002,174.818862915000011,1.541784524920000,1.761260151860000,1.888185858730000,-1.888405084610000,0.000000000000000
-38.116531372099999,174.809570312000005,1.571002841000000,1.806076645850000,1.942992091180000,-1.949904084210000,0.000000000000000
-38.116424560500000,174.808563232000012,1.570200204850000,1.804919242860000,1.941740989690000,-1.949196219440000,0.000000000000000
-38.117126464800002,174.807037353999988,1.568885207180000,1.803647875790000,1.940363526340000,-1.948884248730000,0.000000000000000
-38.117004394500000,174.805694579999994,1.567972779270000,1.802492380140000,1.939222097400000,-1.948185443880000,0.000000000000000
-38.116844177200001,174.806335448999988,1.568616867070000,1.803255796430000,1.940117836000000,-1.948330879210000,0.000000000000000
-38.116352081300001,174.807617187999995,1.569595456120000,1.804366230960000,1.941228389740000,-1.949022769930000,0.000000000000000
-38.116455078100003,174.805191040000011,1.567412734030000,1.802191972730000,1.939056515690000,-1.947752356530000,0.000000000000000
-38.094718933099998,174.816543579000012,1.549199581150000,1.776681900020000,1.907018780710000,-1.922213912010000,0.000000000000000
-38.080902099600003,174.820571898999987,1.552564859390000,1.783231496810000,1.915721654890000,-1.925508856770000,0.000000000000000
-38.093852996800003,174.819152831999986,1.550767302510000,1.778568983080000,1.908847928050000,-1.924663305280000,0.000000000000000
-38.094238281199999,174.817169188999998,1.549819469450000,1.777464628220000,1.907968044280000,-1.923406720160000,0.000000000000000
-38.093803405800003,174.817825317000000,1.550165534020000,1.777828574180000,1.908384203910000,-1.923592090610000,0.000000000000000
-38.093402862500000,174.818496704000012,1.550567150120000,1.778338909150000,1.908868074420000,-1.923981308940000,0.000000000000000
-38.080734252900001,174.819793701000009,1.549947738650000,1.779530525210000,1.910613417630000,-1.921670198440000,0.000000000000000
-38.079944610600002,174.819519043000014,1.552139759060000,1.781381964680000,1.913096427920000,-1.923148155210000,0.000000000000000
-38.079158782999997,174.819213867000002,1.551930904390000,1.781110763550000,1.912389039990000,-1.922207236290000,0.000000000000000
-38.079021453899998,174.818420409999987,1.551822781560000,1.780848503110000,1.912282228470000,-1.922454953190000,0.000000000000000
-38.078269958500002,174.818099976000013,1.552172183990000,1.780362248420000,1.911559104920000,-1.921175241470000,0.000000000000000
-38.077533721899997,174.817749023000005,1.552736043930000,1.780534625050000,1.911585927010000,-1.921489715580000,0.000000000000000
-38.076778411900001,174.817398071000014,1.552740931510000,1.780568957330000,1.911639213560000,-1.921607255940000,0.000000000000000
-38.074398040799998,174.816390990999992,1.553285837170000,1.781913161280000,1.912890911100000,-1.923101902010000,0.000000000000000
-38.075077056900000,174.816894531000003,1.552726030350000,1.781104683880000,1.912038326260000,-1.922528982160000,0.000000000000000
-38.075920105000002,174.816970824999999,1.552346944810000,1.780443072320000,1.911268353460000,-1.921589612960000,0.000000000000000
-38.073989868200002,174.815628051999994,1.553292632100000,1.782023668290000,1.913011431690000,-1.923690676690000,0.000000000000000
-38.074665069600002,174.815673828000001,1.552189469340000,1.780862092970000,1.911769151690000,-1.922785639760000,0.000000000000000
-38.073699951199998,174.815063476999995,1.553393244740000,1.782130241390000,1.913157463070000,-1.923893570900000,0.000000000000000
-38.073116302499997,174.814834595000008,1.554114103320000,1.782324314120000,1.913186192510000,-1.922963738440000,0.000000000000000
-38.116649627699999,174.804428101000013,1.566445112230000,1.801054358480000,1.937886357310000,-1.946895837780000,0.000000000000000
-38.117458343499997,174.804183959999989,1.566690325740000,1.801242589950000,1.938061118130000,-1.947461485860000,0.000000000000000
-38.097023010299999,174.816909790000011,1.544149279590000,1.768251419070000,1.898043036460000,-1.902854681020000,0.000000000000000
-38.096275329599997,174.816787720000008,1.549787402150000,1.777570247650000,1.907620429990000,-1.923774123190000,0.000000000000000
-38.095512390099998,174.816665648999987,1.549072265620000,1.776753544810000,1.906874537470000,-1.922667622570000,0.000000000000000
-38.101371765099998,174.818389892999988,1.543786048890000,1.764545679090000,1.892050266270000,-1.894799113270000,0.000000000000000
-38.102081298800002,174.818084717000005,1.543142795560000,1.763727068900000,1.891014575960000,-1.892959952350000,0.000000000000000
-38.100704193100000,174.817886353000006,1.548931002620000,1.773645281790000,1.902249336240000,-1.913411140440000,0.000000000000000
-38.100017547599997,174.817291259999990,1.549067854880000,1.774283289910000,1.902849197390000,-1.914603710170000,0.000000000000000
-38.115634918200001,174.809127808000000,1.570396661760000,1.805427551270000,1.942471861840000,-1.949064254760000,0.000000000000000
-38.115581512500000,174.808151245000005,1.569629073140000,1.804524898530000,1.941447496410000,-1.948976159100000,0.000000000000000
-38.116268157999997,174.806747437000013,1.568798780440000,1.803426980970000,1.940238952640000,-1.948387622830000,0.000000000000000
-38.116287231400001,174.805953979000009,1.567925930020000,1.802657485010000,1.939553976060000,-1.947805762290000,0.000000000000000
-38.115550994899998,174.807235717999987,1.568815588950000,1.803781747820000,1.940769433980000,-1.948213696480000,0.000000000000000
-38.115703582800002,174.805450438999998,1.567501783370000,1.802279949190000,1.939194321630000,-1.947325229640000,0.000000000000000
-38.115879058799997,174.804687500000000,1.567141056060000,1.801807999610000,1.938725709920000,-1.947287082670000,0.000000000000000
-38.116050720200001,174.803909301999994,1.566659927370000,1.801267147060000,1.938145279880000,-1.946753025050000,0.000000000000000
-38.095222473100002,174.815963745000005,1.548303604130000,1.775784730910000,1.906035780910000,-1.921274065970000,0.000000000000000
-38.093872070300002,174.816436767999988,1.549077510830000,1.776595473290000,1.907245039940000,-1.922434926030000,0.000000000000000
-38.094421386699999,174.815811157000013,1.548711657520000,1.776224613190000,1.906790256500000,-1.921928882600000,0.000000000000000
-38.093383789100002,174.817108154000010,1.549786806110000,1.777488827710000,1.908277273180000,-1.923092007640000,0.000000000000000
-38.092960357700001,174.817810059000010,1.550143599510000,1.777709007260000,1.908462166790000,-1.923706412320000,0.000000000000000
-38.081375122099999,174.819305420000006,1.550089716910000,1.778900623320000,1.911138772960000,-1.920413851740000,0.000000000000000
-38.080570220900000,174.819015503000003,1.551111459730000,1.780185103420000,1.911792755130000,-1.922026276590000,0.000000000000000
-38.079788207999997,174.818725585999999,1.551095962520000,1.780168294910000,1.911553978920000,-1.921672701840000,0.000000000000000
-38.079643249500002,174.817962646000012,1.551189184190000,1.780207395550000,1.911743044850000,-1.921826124190000,0.000000000000000
-38.078899383500001,174.817657470999990,1.551803469660000,1.780034661290000,1.911354422570000,-1.921232223510000,0.000000000000000
-38.078170776400000,174.817321776999989,1.551517128940000,1.779455184940000,1.910509109500000,-1.920439004900000,0.000000000000000
-38.077445983899999,174.816970824999999,1.551619768140000,1.779466629030000,1.910408139230000,-1.920527577400000,0.000000000000000
-38.076721191399997,174.816604613999999,1.551475644110000,1.779348492620000,1.910202264790000,-1.920660495760000,0.000000000000000
-38.075336456300001,174.816146851000013,1.551734447480000,1.780073642730000,1.910854101180000,-1.921617031100000,0.000000000000000
-38.076122283899998,174.816223145000009,1.551225185390000,1.779492020610000,1.910390973090000,-1.920988559720000,0.000000000000000
-38.075210571299998,174.815261840999995,1.550932884220000,1.779418110850000,1.910064101220000,-1.920738458630000,0.000000000000000
-38.074394226099997,174.814926146999994,1.552352786060000,1.780993938450000,1.911915183070000,-1.922717571260000,0.000000000000000
-38.073753356899999,174.814437865999992,1.552937865260000,1.781752228740000,1.912850499150000,-1.924327492710000,0.000000000000000
-38.116859435999999,174.803619384999990,1.565863609310000,1.800274372100000,1.937065720560000,-1.946341872220000,0.000000000000000
-38.116199493400003,174.803115845000008,1.566243529320000,1.800809383390000,1.937661051750000,-1.946632742880000,0.000000000000000
-38.096748352100001,174.816223145000009,1.547908902170000,1.774970650670000,1.905051112170000,-1.917991995810000,0.000000000000000
-38.095996856699998,174.816101073999988,1.548717737200000,1.776315808300000,1.906311154370000,-1.921784162520000,0.000000000000000
-38.101459503199997,174.817611693999993,1.549726009370000,1.774448275570000,1.902586340900000,-1.915535926820000,0.000000000000000
-38.099189758300000,174.816329956000004,1.546757340430000,1.770945906640000,1.899733424190000,-1.908161878590000,0.000000000000000
-38.099704742400000,174.816635131999988,1.548661351200000,1.773809909820000,1.902282714840000,-1.914084792140000,0.000000000000000
-38.100849151600002,174.817092895999991,1.549351453780000,1.774647116660000,1.902929186820000,-1.915438652040000,0.000000000000000
-38.100315094000003,174.816543579000012,1.548105716710000,1.772987008090000,1.901224851610000,-1.912244439130000,0.000000000000000
-38.099117279100000,174.815673828000001,1.548172473910000,1.773215532300000,1.901913762090000,-1.913427829740000,0.000000000000000
-38.114746093800001,174.808654784999987,1.569121599200000,1.803968429570000,1.940931797030000,-1.947790503500000,0.000000000000000
-38.114791870099999,174.807693481000001,1.569198727610000,1.804079771040000,1.941181540490000,-1.948163151740000,0.000000000000000
-38.115444183299999,174.806289673000009,1.568233132360000,1.803071141240000,1.940054416660000,-1.948123931880000,0.000000000000000
-38.114860534700000,174.806900023999987,1.568498373030000,1.803379178050000,1.940346479420000,-1.947870850560000,0.000000000000000
-38.115028381300000,174.805633545000006,1.567664623260000,1.802488923070000,1.939494490620000,-1.947571992870000,0.000000000000000
-38.115142822300001,174.804946898999987,1.567098498340000,1.801829218860000,1.938835382460000,-1.947005391120000,0.000000000000000
-38.115283966100002,174.804183959999989,1.566712379460000,1.801406860350000,1.938379883770000,-1.946881890300000,0.000000000000000
-38.115421295200001,174.803421020999991,1.566138505940000,1.800711393360000,1.937663197520000,-1.946343779560000,0.000000000000000
-38.095726013200000,174.815399170000006,1.548381686210000,1.775992035870000,1.906139731410000,-1.921867012980000,0.000000000000000
-38.094963073700001,174.815246581999986,1.547686815260000,1.774963140490000,1.905240416530000,-1.920112609860000,0.000000000000000
-38.092895507800002,174.816299437999987,1.549828052520000,1.777262091640000,1.908426284790000,-1.922649025920000,0.000000000000000
-38.093578338599997,174.815643311000002,1.548820018770000,1.776009559630000,1.906927466390000,-1.921424865720000,0.000000000000000
-38.094173431400002,174.815063476999995,1.548066735270000,1.775495886800000,1.906196355820000,-1.921133041380000,0.000000000000000
-38.092517852800000,174.817123412999990,1.550469517710000,1.778043627740000,1.909405827520000,-1.923913002010000,0.000000000000000
-38.092113494899998,174.816558837999992,1.549638271330000,1.776875615120000,1.908067345620000,-1.922001957890000,0.000000000000000
-38.079505920400003,174.817214965999995,1.550724744800000,1.779347062110000,1.910725355150000,-1.921150088310000,0.000000000000000
-38.081188201899998,174.818511962999992,1.549673914910000,1.778781771660000,1.910126090050000,-1.920979142190000,0.000000000000000
-38.080406189000001,174.818237304999997,1.550608992580000,1.779532432560000,1.911080479620000,-1.921500325200000,0.000000000000000
-38.080245971700002,174.817489623999990,1.550097107890000,1.779033422470000,1.910363793370000,-1.921705961230000,0.000000000000000
-38.078792571999998,174.816909790000011,1.551330804820000,1.779406905170000,1.910711050030000,-1.920668482780000,0.000000000000000
-38.079372405999997,174.816497803000004,1.550734400750000,1.778988838200000,1.910336375240000,-1.920247793200000,0.000000000000000
-38.078094482399997,174.816574097000000,1.551089286800000,1.778695821760000,1.909725427630000,-1.919479250910000,0.000000000000000
-38.077381133999999,174.816207886000001,1.550632238390000,1.778542160990000,1.909393668170000,-1.919757723810000,0.000000000000000
-38.076675414999997,174.815856934000010,1.550194382670000,1.778290867810000,1.908886075020000,-1.919552564620000,0.000000000000000
-38.075954437299998,174.815567017000006,1.550519704820000,1.778819680210000,1.909394025800000,-1.920311570170000,0.000000000000000
-38.075824737500000,174.814788818000011,1.549521803860000,1.778057575230000,1.908647179600000,-1.919844388960000,0.000000000000000
-38.075084686300002,174.814437865999992,1.550607919690000,1.779010295870000,1.909605979920000,-1.920133113860000,0.000000000000000
-38.074363708500002,174.814010620000005,1.551244854930000,1.780016303060000,1.910904169080000,-1.922519564630000,0.000000000000000
-38.115543365500002,174.802642821999996,1.565893054010000,1.800494670870000,1.937374472620000,-1.946505665780000,0.000000000000000
-38.117004394500000,174.802795409999987,1.565502166750000,1.799902319910000,1.936755061150000,-1.945403814320000,0.000000000000000
-38.116313934300003,174.802307129000013,1.565567135810000,1.799940466880000,1.936745882030000,-1.945636510850000,0.000000000000000
-38.097229003899997,174.815673828000001,1.546098232270000,1.771710276600000,1.901789426800000,-1.910189628600000,0.000000000000000
-38.096481323200003,174.815536498999990,1.548362255100000,1.775783300400000,1.905694246290000,-1.920905828480000,0.000000000000000
-38.096214294399999,174.814849853999988,1.547657608990000,1.775229573250000,1.905146002770000,-1.920226216320000,0.000000000000000
-38.101589202900001,174.816864014000004,1.548490285870000,1.773125171660000,1.901493668560000,-1.912233591080000,0.000000000000000
-38.099811553999999,174.815948485999996,1.548069953920000,1.773024082180000,1.901434063910000,-1.912317276000000,0.000000000000000
-38.101009368900002,174.816345215000013,1.548365831380000,1.773113012310000,1.901284337040000,-1.912371873860000,0.000000000000000
-38.100494384800001,174.815933228000006,1.548295736310000,1.773393630980000,1.901631474490000,-1.912983536720000,0.000000000000000
-38.098476409900002,174.815383910999998,1.548048377040000,1.773708343510000,1.902810096740000,-1.914629220960000,0.000000000000000
-38.099578857399997,174.815322876000010,1.547662973400000,1.772632122040000,1.901064038280000,-1.911809325220000,0.000000000000000
-38.099048614499999,174.815017699999999,1.547754168510000,1.772785782810000,1.901494383810000,-1.912569761280000,0.000000000000000
-38.113903045699999,174.808074951000009,1.569344639780000,1.804299712180000,1.941488742830000,-1.947801470760000,0.000000000000000
-38.114101409900002,174.807113646999994,1.568577289580000,1.803385496140000,1.940479874610000,-1.947938323020000,0.000000000000000
-38.114421844500001,174.806182860999996,1.567888140680000,1.802655816080000,1.939730286600000,-1.947072505950000,0.000000000000000
-38.114425659200002,174.805267334000007,1.567537784580000,1.802305459980000,1.939396500590000,-1.947158455850000,0.000000000000000
-38.114536285400000,174.804473876999992,1.566884636880000,1.801550745960000,1.938603162770000,-1.946645021440000,0.000000000000000
-38.114669799799998,174.803695678999986,1.566494584080000,1.801198005680000,1.938220739360000,-1.946562886240000,0.000000000000000
-38.114799499500002,174.802932738999999,1.565959095950000,1.800541520120000,1.937557816510000,-1.946094632150000,0.000000000000000
-38.114902496299997,174.802185059000010,1.565550923350000,1.800048589710000,1.936992049220000,-1.945859313010000,0.000000000000000
-38.095481872599997,174.814697265999996,1.547728538510000,1.775206685070000,1.905502915380000,-1.920763492580000,0.000000000000000
-38.094738006599997,174.814514159999987,1.547307372090000,1.774647593500000,1.905222654340000,-1.919992804530000,0.000000000000000
-38.092063903800003,174.815872192000000,1.549662113190000,1.776566505430000,1.907994627950000,-1.921604394910000,0.000000000000000
-38.092735290500002,174.815383910999998,1.549035668370000,1.776165723800000,1.907335162160000,-1.921382188800000,0.000000000000000
-38.093372344999999,174.814834595000008,1.548221588130000,1.775261998180000,1.906281948090000,-1.920368194580000,0.000000000000000
-38.093967437700002,174.814300537000008,1.547836780550000,1.774846553800000,1.905769944190000,-1.920120716090000,0.000000000000000
-38.091663360600002,174.817108154000010,1.546604037280000,1.771382331850000,1.902864336970000,-1.908592700960000,0.000000000000000
-38.091419219999999,174.816345215000013,1.549971342090000,1.777075648310000,1.908645629880000,-1.921835541730000,0.000000000000000
-38.091285705600001,174.815567017000006,1.549508094790000,1.776490211490000,1.908056497570000,-1.921862721440000,0.000000000000000
-38.080078125000000,174.816741943000011,1.551578164100000,1.779664993290000,1.911508917810000,-1.921579718590000,0.000000000000000
-38.081794738799999,174.818008423000009,1.548464536670000,1.777175545690000,1.908980488780000,-1.919658064840000,0.000000000000000
-38.081012725800001,174.817749023000005,1.549536585810000,1.778427958490000,1.910003662110000,-1.920986890790000,0.000000000000000
-38.080833435099997,174.816986084000007,1.550931572910000,1.779033064840000,1.911196827890000,-1.920438051220000,0.000000000000000
-38.078720092799998,174.816192626999992,1.550868749620000,1.778526544570000,1.909730792050000,-1.919341802600000,0.000000000000000
-38.079887390099998,174.816040039000001,1.550056934360000,1.778278112410000,1.909695029260000,-1.919982075690000,0.000000000000000
-38.079261779799999,174.815902709999989,1.550075173380000,1.778128862380000,1.909389495850000,-1.919378876690000,0.000000000000000
-38.078052520800000,174.815795898000005,1.550073146820000,1.777865886690000,1.908842921260000,-1.919019460680000,0.000000000000000
-38.077312469500001,174.815429687999995,1.549416542050000,1.777345538140000,1.908128619190000,-1.918621897700000,0.000000000000000
-38.076557159399997,174.815109253000003,1.549191474910000,1.777499437330000,1.908196330070000,-1.919385194780000,0.000000000000000
-38.076427459700000,174.814376831000004,1.549019098280000,1.777367472650000,1.907933592800000,-1.918626070020000,0.000000000000000
-38.075725555399998,174.814025879000013,1.549543499950000,1.778061389920000,1.908730387690000,-1.920007586480000,0.000000000000000
-38.074993133500001,174.813598632999998,1.550437927250000,1.778641104700000,1.909108281140000,-1.918896317480000,0.000000000000000
-38.115627288799999,174.801864623999990,1.565434575080000,1.799899101260000,1.936811327930000,-1.946206092830000,0.000000000000000
-38.097743987999998,174.815124512000011,1.548067212100000,1.774646043780000,1.904402375220000,-1.917006611820000,0.000000000000000
-38.096961975100001,174.814956665000011,1.549175262450000,1.777359366420000,1.907396078110000,-1.923419952390000,0.000000000000000
-38.096649169899997,174.814300537000008,1.548378109930000,1.776257157330000,1.906374573710000,-1.922427535060000,0.000000000000000
-38.095973968499997,174.814193726000013,1.547461271290000,1.775074958800000,1.905224442480000,-1.920625209810000,0.000000000000000
-38.100261688200000,174.815231323000006,1.547391891480000,1.772088050840000,1.900350213050000,-1.910824060440000,0.000000000000000
-38.101066589399998,174.815582274999997,1.547959804530000,1.772761344910000,1.900812387470000,-1.911533355710000,0.000000000000000
-38.098384857200003,174.814575195000003,1.547628760340000,1.773706078530000,1.902823686600000,-1.915000796320000,0.000000000000000
-38.099636077900001,174.814743042000003,1.547499418260000,1.772433280940000,1.900843381880000,-1.911662459370000,0.000000000000000
-38.099094390899999,174.814437865999992,1.547293901440000,1.772157192230000,1.900798559190000,-1.911557555200000,0.000000000000000
-38.113193512000002,174.807373046999999,1.568049669270000,1.802781581880000,1.939853787420000,-1.946192383770000,0.000000000000000
-38.113449096700002,174.806472778000000,1.568577647210000,1.803143978120000,1.940346002580000,-1.947282314300000,0.000000000000000
-38.113639831500002,174.805587768999999,1.567798018460000,1.802135944370000,1.939267873760000,-1.946807146070000,0.000000000000000
-38.113777160600002,174.804763793999996,1.567348480220000,1.801712512970000,1.938824176790000,-1.946495652200000,0.000000000000000
-38.113922119100003,174.803970337000010,1.566778540610000,1.801035761830000,1.938145756720000,-1.946212768550000,0.000000000000000
-38.114067077599998,174.803207396999994,1.566260576250000,1.800528764720000,1.937586307530000,-1.946055412290000,0.000000000000000
-38.114196777300002,174.802474976000013,1.565951943400000,1.800118446350000,1.937206864360000,-1.945923924450000,0.000000000000000
-38.114288330100003,174.801757812000005,1.565457463260000,1.799518585210000,1.936552762990000,-1.945602774620000,0.000000000000000
-38.114963531500003,174.801437378000003,1.565053462980000,1.799504041670000,1.936467528340000,-1.945603847500000,0.000000000000000
-38.095283508300000,174.813995360999996,1.547162652020000,1.774483442310000,1.904874801640000,-1.919859528540000,0.000000000000000
-38.094547271700002,174.813781737999989,1.546873807910000,1.773978590970000,1.904633283620000,-1.919074296950000,0.000000000000000
-38.091934204099999,174.815078734999986,1.548948526380000,1.775947451590000,1.907333493230000,-1.920977711680000,0.000000000000000
-38.092575073200003,174.814575195000003,1.548904657360000,1.775831937790000,1.907195448880000,-1.921130299570000,0.000000000000000
-38.093193054200000,174.814056396000012,1.547900795940000,1.774713754650000,1.905845165250000,-1.919642925260000,0.000000000000000
-38.093791961699999,174.813537598000011,1.547202110290000,1.774170994760000,1.905022025110000,-1.919267177580000,0.000000000000000
-38.091163635299999,174.814788818000011,1.549705266950000,1.776919007300000,1.908829212190000,-1.922635078430000,0.000000000000000
-38.080638885500001,174.816253662000008,1.549824357030000,1.778372406960000,1.909863948820000,-1.920184016230000,0.000000000000000
-38.081615448000001,174.817230225000003,1.548487544060000,1.777055501940000,1.908792376520000,-1.918832302090000,0.000000000000000
-38.081413269000002,174.816482543999996,1.548530578610000,1.777288794520000,1.908670902250000,-1.920116662980000,0.000000000000000
-38.080417633099998,174.815536498999990,1.549856066700000,1.777816176410000,1.909442543980000,-1.919514894490000,0.000000000000000
-38.078758239700001,174.815490723000011,1.549792170520000,1.777617931370000,1.908759951590000,-1.918584823610000,0.000000000000000
-38.079570770300002,174.815307617000002,1.549624323840000,1.777574419980000,1.908951878550000,-1.918515920640000,0.000000000000000
-38.078044891399998,174.814926146999994,1.548765301700000,1.776645421980000,1.907468557360000,-1.917642831800000,0.000000000000000
-38.077159881599997,174.814651488999999,1.548682808880000,1.776912331580000,1.907623648640000,-1.918557763100000,0.000000000000000
-38.076934814500000,174.814025879000013,1.548452377320000,1.776816487310000,1.907643675800000,-1.918595194820000,0.000000000000000
-38.076354980500000,174.813674926999994,1.548812389370000,1.777173042300000,1.907953023910000,-1.919263005260000,0.000000000000000
-38.075660705600001,174.813262938999998,1.549619674680000,1.778059959410000,1.908643007280000,-1.919105648990000,0.000000000000000
-38.115653991700000,174.801086426000012,1.561036705970000,1.792355299000000,1.929072260860000,-1.930874466900000,0.000000000000000
-38.115032196000001,174.800796509000008,1.561573147770000,1.793493270870000,1.930389404300000,-1.933375835420000,0.000000000000000
-38.097461700399997,174.814270020000009,1.548844814300000,1.776995182040000,1.906976222990000,-1.922448039050000,0.000000000000000
-38.098087310799997,174.813858032000013,1.547405123710000,1.773597002030000,1.903051495550000,-1.915537476540000,0.000000000000000
-38.095829010000003,174.813522339000002,1.547321677210000,1.774955987930000,1.905333161350000,-1.920822143550000,0.000000000000000
-38.096900939900003,174.813751220999990,1.548557162280000,1.776894330980000,1.906998157500000,-1.923557162280000,0.000000000000000
-38.096378326400000,174.813766479000009,1.547467947010000,1.775282263760000,1.905380249020000,-1.920415163040000,0.000000000000000
-38.100212097200000,174.814468384000008,1.547252535820000,1.771849393840000,1.900024056430000,-1.910093188290000,0.000000000000000
-38.101032257100002,174.814620972000000,1.547168016430000,1.771823525430000,1.899825215340000,-1.909357666970000,0.000000000000000
-38.098777771000002,174.813873290999993,1.547139883040000,1.772320628170000,1.901172637940000,-1.912270665170000,0.000000000000000
-38.099620819099997,174.813949584999989,1.547243118290000,1.772088408470000,1.900531888010000,-1.911056756970000,0.000000000000000
-38.112545013400002,174.806701659999987,1.568582177160000,1.802578091620000,1.939814090730000,-1.947023391720000,0.000000000000000
-38.112789154100000,174.805847168000014,1.567924380300000,1.802198648450000,1.939376354220000,-1.946061849590000,0.000000000000000
-38.112991332999997,174.805023193000011,1.567502260210000,1.801635503770000,1.938802242280000,-1.946227550510000,0.000000000000000
-38.113162994400000,174.804229735999996,1.566937923430000,1.801003456120000,1.938131332400000,-1.945967555050000,0.000000000000000
-38.113327026400000,174.803466796999999,1.566415667530000,1.800520181660000,1.937663316730000,-1.945756196980000,0.000000000000000
-38.113487243700000,174.802734375000000,1.565935492520000,1.799989342690000,1.937111735340000,-1.945422768590000,0.000000000000000
-38.113636016800001,174.802032470999990,1.565441131590000,1.799548029900000,1.936654210090000,-1.945526123050000,0.000000000000000
-38.113758087199997,174.801437378000003,1.565060615540000,1.799061298370000,1.936157941820000,-1.945007085800000,0.000000000000000
-38.114284515400001,174.800964354999991,1.565098762510000,1.799160838130000,1.936240434650000,-1.945666790010000,0.000000000000000
-38.095119476299999,174.813293456999986,1.546929478650000,1.774183034900000,1.904821038250000,-1.919520497320000,0.000000000000000
-38.095687866200002,174.812835693000011,1.546762943270000,1.774207234380000,1.904662251470000,-1.919683933260000,0.000000000000000
-38.094383239700001,174.813049315999990,1.546924471860000,1.773789167400000,1.904604911800000,-1.918870210650000,0.000000000000000
-38.091793060299999,174.814300537000008,1.549242377280000,1.776266098020000,1.908156633380000,-1.921886086460000,0.000000000000000
-38.092414855999998,174.813796996999997,1.548588275910000,1.775429487230000,1.906942605970000,-1.920607328410000,0.000000000000000
-38.093025207499998,174.813293456999986,1.547713279720000,1.774427175520000,1.905714631080000,-1.919547677040000,0.000000000000000
-38.093631744400000,174.812789917000003,1.547128677370000,1.773922920230000,1.905088067050000,-1.919070839880000,0.000000000000000
-38.091022491499999,174.814025879000013,1.549776554110000,1.776984930040000,1.909188032150000,-1.922659635540000,0.000000000000000
-38.090408325200002,174.814514159999987,1.549612045290000,1.776974081990000,1.909326195720000,-1.922934055330000,0.000000000000000
-38.081207275399997,174.815750121999997,1.548572182660000,1.776779174800000,1.908479690550000,-1.918188929560000,0.000000000000000
-38.082218170200001,174.816696167000003,1.547223091130000,1.775483608250000,1.907222509380000,-1.917465448380000,0.000000000000000
-38.081985473600000,174.815948485999996,1.548396468160000,1.775755524640000,1.907978653910000,-1.916791200640000,0.000000000000000
-38.080997467000003,174.815017699999999,1.548905491830000,1.776503562930000,1.908374547960000,-1.917667984960000,0.000000000000000
-38.080211639399998,174.814804076999991,1.549471378330000,1.777252078060000,1.908992052080000,-1.918220043180000,0.000000000000000
-38.078907012899997,174.814773559999992,1.549183487890000,1.777005672450000,1.908275604250000,-1.918084740640000,0.000000000000000
-38.079547882100002,174.814605712999992,1.549302458760000,1.776955723760000,1.908471941950000,-1.918079972270000,0.000000000000000
-38.078422546399999,174.814300537000008,1.549195408820000,1.777028203010000,1.908332347870000,-1.918305397030000,0.000000000000000
-38.077693939200003,174.814025879000013,1.548149704930000,1.775933146480000,1.906796932220000,-1.917289733890000,0.000000000000000
-38.077037811300002,174.813400268999999,1.548816442490000,1.776842832570000,1.907629609110000,-1.917371749880000,0.000000000000000
-38.076347351099997,174.812957764000004,1.548478484150000,1.776887655260000,1.907692551610000,-1.919178009030000,0.000000000000000
-38.098331451400000,174.813247681000007,1.545915365220000,1.771311998370000,1.900751113890000,-1.910950422290000,0.000000000000000
-38.097484588599997,174.813354492000002,1.549181938170000,1.777621746060000,1.907865047450000,-1.924715399740000,0.000000000000000
-38.096534728999998,174.813064574999999,1.547338128090000,1.775300145150000,1.905506610870000,-1.921142458920000,0.000000000000000
-38.096115112299998,174.812423706000004,1.546950697900000,1.774616837500000,1.905057191850000,-1.920320034030000,0.000000000000000
-38.111938476600002,174.806060790999993,1.567806482320000,1.801802277570000,1.938966751100000,-1.945477247240000,0.000000000000000
-38.111534118700000,174.806976318000011,1.567928910260000,1.801699161530000,1.938963770870000,-1.944174528120000,0.000000000000000
-38.111175537100003,174.806121826000009,1.566825270650000,1.800695657730000,1.937745690350000,-1.945090413090000,0.000000000000000
-38.112182617199998,174.805252074999999,1.567476391790000,1.801317214970000,1.938483476640000,-1.946022748950000,0.000000000000000
-38.112388610799997,174.804458618000012,1.566730737690000,1.800754070280000,1.937939882280000,-1.945343613620000,0.000000000000000
-38.112575530999997,174.803695678999986,1.566365838050000,1.800206780430000,1.937360644340000,-1.945285081860000,0.000000000000000
-38.112758636499997,174.802947998000008,1.565798044200000,1.799776673320000,1.936969995500000,-1.945277452470000,0.000000000000000
-38.112941741900002,174.802230834999989,1.565312027930000,1.799211025240000,1.936359763150000,-1.944975614550000,0.000000000000000
-38.113143920900001,174.801559448000006,1.565103292470000,1.799025058750000,1.936246752740000,-1.945085763930000,0.000000000000000
-38.113437652599998,174.800918579000012,1.564714074130000,1.798565149310000,1.935683012010000,-1.945031166080000,0.000000000000000
-38.113811492899998,174.800201415999993,1.564103603360000,1.798007488250000,1.935028791430000,-1.944811105730000,0.000000000000000
-38.094978332499998,174.812561034999987,1.546616911890000,1.773785471920000,1.904286980630000,-1.918978691100000,0.000000000000000
-38.095546722400002,174.812149048000009,1.546613097190000,1.773903369900000,1.904400348660000,-1.919345736500000,0.000000000000000
-38.094238281199999,174.812286376999992,1.546380043030000,1.773404240610000,1.904199481010000,-1.918702602390000,0.000000000000000
-38.091644287100003,174.813537598000011,1.548874974250000,1.775879025460000,1.907814502720000,-1.921109437940000,0.000000000000000
-38.090881347699998,174.813262938999998,1.549181580540000,1.776308894160000,1.908535122870000,-1.921868920330000,0.000000000000000
-38.092262268100001,174.813034058000000,1.548222780230000,1.775205254550000,1.906953215600000,-1.920672893520000,0.000000000000000
-38.092868804900000,174.812530517999988,1.547416806220000,1.774132370950000,1.905649781230000,-1.919215202330000,0.000000000000000
-38.093475341800001,174.812026978000006,1.546662092210000,1.773454785350000,1.904646396640000,-1.918910861020000,0.000000000000000
-38.090248107900003,174.813751220999990,1.549657583240000,1.776938796040000,1.909507632260000,-1.921903491020000,0.000000000000000
-38.089618682900003,174.814300537000008,1.547815084460000,1.773885488510000,1.906255364420000,-1.915723323820000,0.000000000000000
-38.081783294700003,174.815231323000006,1.548067808150000,1.775893211360000,1.907699942590000,-1.917190194130000,0.000000000000000
-38.082817077599998,174.816085815000008,1.548045516010000,1.775123596190000,1.907501578330000,-1.915512442590000,0.000000000000000
-38.082492828399999,174.815444946000014,1.548363804820000,1.775378108020000,1.907696604730000,-1.916034817700000,0.000000000000000
-38.081596374500002,174.814483642999988,1.548069715500000,1.775538921360000,1.907529115680000,-1.916602492330000,0.000000000000000
-38.080772399899999,174.814285278000000,1.548240065570000,1.775911331180000,1.907528519630000,-1.916946768760000,0.000000000000000
-38.079963684100001,174.814117431999989,1.548754215240000,1.776373267170000,1.907934069630000,-1.917218208310000,0.000000000000000
-38.079097747799999,174.814025879000013,1.548231601720000,1.776132225990000,1.907352209090000,-1.916695117950000,0.000000000000000
-38.078380584700000,174.813751220999990,1.548051714900000,1.776167035100000,1.907167792320000,-1.917236924170000,0.000000000000000
-38.077877044700003,174.813125609999986,1.547933816910000,1.776236057280000,1.907332777980000,-1.917464137080000,0.000000000000000
-38.077018737800003,174.812622070000003,1.548177838330000,1.776285886760000,1.907148122790000,-1.917299509050000,0.000000000000000
-38.097190856899999,174.812652587999992,1.547810316090000,1.775923371320000,1.906278848650000,-1.921806931500000,0.000000000000000
-38.095508575399997,174.811523437999995,1.546205997470000,1.773365259170000,1.903876900670000,-1.918803930280000,0.000000000000000
-38.096687316900002,174.812225342000005,1.546876311300000,1.774827599530000,1.905163407330000,-1.920601248740000,0.000000000000000
-38.096111297599997,174.811813354000009,1.546365737920000,1.773802995680000,1.904252529140000,-1.919037461280000,0.000000000000000
-38.111392974899999,174.805435181000007,1.566977143290000,1.800914287570000,1.938091516490000,-1.945176482200000,0.000000000000000
-38.110404968300003,174.806564331000004,1.564854860310000,1.797975182530000,1.935097455980000,-1.938395261760000,0.000000000000000
-38.110607147200000,174.805618285999998,1.566330552100000,1.800113439560000,1.937184214590000,-1.944227457050000,0.000000000000000
-38.111610412600001,174.804672240999992,1.566413521770000,1.800220608710000,1.937331199650000,-1.944664955140000,0.000000000000000
-38.111812591600000,174.803909301999994,1.565891265870000,1.799860239030000,1.937038540840000,-1.945094108580000,0.000000000000000
-38.112007141100001,174.803161620999987,1.565319538120000,1.799264073370000,1.936434865000000,-1.944425225260000,0.000000000000000
-38.112209320100000,174.802429198999988,1.565003395080000,1.798884153370000,1.936087131500000,-1.944606781010000,0.000000000000000
-38.112426757800002,174.801712035999998,1.564692497250000,1.798513174060000,1.935748457910000,-1.944379329680000,0.000000000000000
-38.112674713099999,174.801010131999988,1.564159274100000,1.797997951510000,1.935171127320000,-1.944522976880000,0.000000000000000
-38.112964630100002,174.800292968999997,1.563691139220000,1.797454118730000,1.934661030770000,-1.944373369220000,0.000000000000000
-38.113273620599998,174.799530029000010,1.562669515610000,1.796066045760000,1.933207631110000,-1.943168401720000,0.000000000000000
-38.094882965099998,174.811767578000001,1.546204447750000,1.773362636570000,1.904115200040000,-1.918917536740000,0.000000000000000
-38.095119476299999,174.811309813999998,1.545923113820000,1.773097634320000,1.903883576390000,-1.919030904770000,0.000000000000000
-38.095382690400001,174.810974120999987,1.545658826830000,1.772757172580000,1.903522372250000,-1.918400406840000,0.000000000000000
-38.094081878700003,174.811523437999995,1.546033620830000,1.772941350940000,1.904273033140000,-1.918691277500000,0.000000000000000
-38.090118408199999,174.812973021999994,1.548976182940000,1.775793313980000,1.908104777340000,-1.920340418820000,0.000000000000000
-38.091499328600001,174.812759398999987,1.548455834390000,1.775543093680000,1.907676935200000,-1.920657753940000,0.000000000000000
-38.090747833300000,174.812500000000000,1.548949956890000,1.775834083560000,1.908204674720000,-1.920940518380000,0.000000000000000
-38.092109680199997,174.812271118000012,1.547907233240000,1.774663329120000,1.906543135640000,-1.919873595240000,0.000000000000000
-38.092712402300002,174.811767578000001,1.546791791920000,1.773587226870000,1.905174136160000,-1.919077396390000,0.000000000000000
-38.093307495099999,174.811279296999999,1.546207308770000,1.772791743280000,1.904286265370000,-1.918107628820000,0.000000000000000
-38.089443206799999,174.813461303999986,1.549612879750000,1.776816487310000,1.909337759020000,-1.922301530840000,0.000000000000000
-38.082439422599997,174.814743042000003,1.548316121100000,1.775170683860000,1.907678842540000,-1.915392518040000,0.000000000000000
-38.083438873299997,174.815216063999998,1.547277927400000,1.775002717970000,1.906751275060000,-1.915916442870000,0.000000000000000
-38.082225799600003,174.813934326000009,1.548533082010000,1.775565505030000,1.908004522320000,-1.916183352470000,0.000000000000000
-38.081367492699997,174.813705443999993,1.548592805860000,1.775725603100000,1.908169269560000,-1.916311264040000,0.000000000000000
-38.080501556400002,174.813537598000011,1.547860264780000,1.775308966640000,1.907197117810000,-1.916371822360000,0.000000000000000
-38.079654693599998,174.813415526999989,1.548553586010000,1.776057839390000,1.907915234570000,-1.917215704920000,0.000000000000000
-38.078815460199998,174.813262938999998,1.547985792160000,1.775715827940000,1.907179594040000,-1.916780471800000,0.000000000000000
-38.078521728500000,174.812545776000007,1.548400759700000,1.776248335840000,1.907937049870000,-1.917163491250000,0.000000000000000
-38.077682495099999,174.812271118000012,1.547473073010000,1.775767564770000,1.906948089600000,-1.918075323100000,0.000000000000000
-38.096015930199997,174.811141967999987,1.546310305600000,1.773748397830000,1.904174089430000,-1.919279217720000,0.000000000000000
-38.096790313699998,174.811416626000010,1.542060852050000,1.765715122220000,1.896152973180000,-1.901341557500000,0.000000000000000
-38.110847473100002,174.804870604999991,1.565806984900000,1.799498081210000,1.936590194700000,-1.944505333900000,0.000000000000000
-38.109668731699998,174.805679321000014,1.564296722410000,1.797513961790000,1.934590458870000,-1.940898776050000,0.000000000000000
-38.110164642299999,174.805023193000011,1.564856290820000,1.798705339430000,1.935670614240000,-1.943509459500000,0.000000000000000
-38.108909606899999,174.805267334000007,1.556751728060000,1.786144495010000,1.922809481620000,-1.918324112890000,0.000000000000000
-38.111042022699998,174.804107665999993,1.565368294720000,1.799207568170000,1.936359286310000,-1.944056153300000,0.000000000000000
-38.111248016399998,174.803359984999986,1.564875125890000,1.798600077630000,1.935755491260000,-1.943978309630000,0.000000000000000
-38.111457824699997,174.802612304999997,1.564561724660000,1.798281311990000,1.935501098630000,-1.943999528880000,0.000000000000000
-38.111679077100000,174.801879882999998,1.564071893690000,1.797768473630000,1.935015678410000,-1.943917393680000,0.000000000000000
-38.111911773700001,174.801162720000008,1.563617944720000,1.797318458560000,1.934568643570000,-1.943956494330000,0.000000000000000
-38.112167358400001,174.800430298000009,1.563428163530000,1.797010064130000,1.934342622760000,-1.944019794460000,0.000000000000000
-38.112434387199997,174.799682617000002,1.562680244450000,1.796235203740000,1.933554887770000,-1.943863749500000,0.000000000000000
-38.094703674300000,174.810989379999995,1.545690298080000,1.772660613060000,1.903653383260000,-1.918542861940000,0.000000000000000
-38.095134735099997,174.810394287000008,1.541711807250000,1.765847325330000,1.896786212920000,-1.905062556270000,0.000000000000000
-38.093887329099999,174.810760498000008,1.545060157780000,1.771985292430000,1.903147459030000,-1.918047904970000,0.000000000000000
-38.089382171600001,174.812667847000000,1.548820972440000,1.776016592980000,1.908507347110000,-1.921459674840000,0.000000000000000
-38.090015411400003,174.812225342000005,1.548992514610000,1.775919318200000,1.908416390420000,-1.921145081520000,0.000000000000000
-38.091354370099999,174.812011718999997,1.548070669170000,1.774929165840000,1.907071232800000,-1.920063853260000,0.000000000000000
-38.090614318800000,174.811752318999993,1.548401474950000,1.775331020360000,1.907722473140000,-1.920443296430000,0.000000000000000
-38.091957092299999,174.811508178999986,1.547145724300000,1.774080514910000,1.906090736390000,-1.919306397440000,0.000000000000000
-38.092555999799998,174.811019896999994,1.546266913410000,1.772926568980000,1.904804825780000,-1.918441057210000,0.000000000000000
-38.093132019000002,174.810546875000000,1.545337438580000,1.771813273430000,1.903400778770000,-1.917687296870000,0.000000000000000
-38.084552764900003,174.814880370999987,1.545464515690000,1.770610451700000,1.902951002120000,-1.906412482260000,0.000000000000000
-38.088546752900001,174.813034058000000,1.548346638680000,1.775606632230000,1.908155202870000,-1.919688701630000,0.000000000000000
-38.083103179900000,174.814163207999997,1.547656655310000,1.774254202840000,1.906613945960000,-1.914564013480000,0.000000000000000
-38.083919525100001,174.814300537000008,1.547316789630000,1.773763179780000,1.906582951550000,-1.913760781290000,0.000000000000000
-38.082813262899997,174.813446045000006,1.547200202940000,1.774096965790000,1.906225919720000,-1.914768695830000,0.000000000000000
-38.082038879400002,174.813064574999999,1.546457648280000,1.773531079290000,1.905501961710000,-1.914347410200000,0.000000000000000
-38.081066131599997,174.812942504999995,1.547155141830000,1.774449348450000,1.906530499460000,-1.915533542630000,0.000000000000000
-38.080192565899999,174.812805176000012,1.547701835630000,1.775059938430000,1.907131910320000,-1.915683031080000,0.000000000000000
-38.079353332499998,174.812698363999999,1.547308325770000,1.775216460230000,1.906811833380000,-1.915756225590000,0.000000000000000
-38.079078674300000,174.812026978000006,1.548255920410000,1.775956630710000,1.908470153810000,-1.917996764180000,0.000000000000000
-38.078319549600003,174.811874390000014,1.548515558240000,1.776036500930000,1.908048272130000,-1.917934298520000,0.000000000000000
-38.110271453899998,174.804321289000001,1.564841389660000,1.798409104350000,1.935462713240000,-1.943776011470000,0.000000000000000
-38.109432220499997,174.804656982000012,1.563869476320000,1.797480225560000,1.934418201450000,-1.943052768710000,0.000000000000000
-38.110473632800002,174.803543090999995,1.563878536220000,1.797415971760000,1.934454202650000,-1.943158984180000,0.000000000000000
-38.110694885299999,174.802795409999987,1.563547253610000,1.797162771220000,1.934355735780000,-1.943233489990000,0.000000000000000
-38.110916137700002,174.802047729000009,1.563169360160000,1.796822667120000,1.934053659440000,-1.943091273310000,0.000000000000000
-38.111148834200002,174.801315308000000,1.563054919240000,1.796646356580000,1.934008836750000,-1.943339228630000,0.000000000000000
-38.111389160199998,174.800582886000001,1.562897205350000,1.796381711960000,1.933844089510000,-1.943251848220000,0.000000000000000
-38.111633300800001,174.799850464000002,1.562340378760000,1.795838713650000,1.933326005940000,-1.943410158160000,0.000000000000000
-38.111877441399997,174.799102782999995,1.561833858490000,1.795400142670000,1.932990193370000,-1.943671226500000,0.000000000000000
-38.094425201400000,174.810241698999988,1.543777108190000,1.770352840420000,1.901964783670000,-1.914937138560000,0.000000000000000
-38.093673706099999,174.810043334999989,1.544151663780000,1.770706295970000,1.902506589890000,-1.916621565820000,0.000000000000000
-38.088829040500002,174.812316895000009,1.548769831660000,1.776350617410000,1.909036874770000,-1.922443389890000,0.000000000000000
-38.089340210000003,174.811950684000010,1.548501610760000,1.776082158090000,1.908815383910000,-1.921725869180000,0.000000000000000
-38.088184356699998,174.812225342000005,1.547928929330000,1.775189995770000,1.907817125320000,-1.920351266860000,0.000000000000000
-38.089897155800003,174.811508178999986,1.548925042150000,1.776150107380000,1.908876776700000,-1.922168374060000,0.000000000000000
-38.091205596899997,174.811248779000010,1.547749519350000,1.774429559710000,1.906662702560000,-1.919738292690000,0.000000000000000
-38.090461730999998,174.811019896999994,1.548111081120000,1.775138378140000,1.907678604130000,-1.920835256580000,0.000000000000000
-38.091808319099997,174.810745238999999,1.546480178830000,1.773180365560000,1.905133605000000,-1.918447732930000,0.000000000000000
-38.092414855999998,174.810287476000013,1.545097708700000,1.771577119830000,1.903150200840000,-1.917151451110000,0.000000000000000
-38.092956543000000,174.809844970999990,1.544284701350000,1.770708799360000,1.902399897580000,-1.916501760480000,0.000000000000000
-38.084712982200003,174.813949584999989,1.546482086180000,1.773177146910000,1.905271410940000,-1.913610696790000,0.000000000000000
-38.083789825399997,174.813323975000003,1.546888589860000,1.773779153820000,1.905967235570000,-1.914218783380000,0.000000000000000
-38.082908630399999,174.812744140999996,1.546327352520000,1.772953152660000,1.905444502830000,-1.913704395290000,0.000000000000000
-38.082302093499997,174.812362670999988,1.546608924870000,1.773331642150000,1.905945062640000,-1.914351105690000,0.000000000000000
-38.081588745099999,174.812301636000001,1.546153187750000,1.773266434670000,1.905745387080000,-1.914433836940000,0.000000000000000
-38.080722808799997,174.812179565000008,1.546622276310000,1.773961067200000,1.906601786610000,-1.915354967120000,0.000000000000000
-38.079864502000000,174.812103271000012,1.545489311220000,1.773351073270000,1.905454635620000,-1.915207386020000,0.000000000000000
-38.079513549799998,174.811553954999994,1.546305298810000,1.774113416670000,1.907073497770000,-1.915581941600000,0.000000000000000
-38.078903198200003,174.811416626000010,1.547150731090000,1.775350093840000,1.907863259320000,-1.918105244640000,0.000000000000000
-38.109676361100000,174.803741454999994,1.562093019490000,1.795677661900000,1.932568430900000,-1.942204952240000,0.000000000000000
-38.109916687000002,174.802963256999988,1.562408924100000,1.795786261560000,1.932898163800000,-1.942540407180000,0.000000000000000
-38.110149383500001,174.802215576000009,1.562284946440000,1.795784354210000,1.933093070980000,-1.942492008210000,0.000000000000000
-38.110385894799997,174.801483154000010,1.562303066250000,1.795649290080000,1.933050274850000,-1.942616343500000,0.000000000000000
-38.110618591300003,174.800750732000012,1.562444090840000,1.795728206630000,1.933289647100000,-1.942605018620000,0.000000000000000
-38.110855102499997,174.800018311000002,1.562030315400000,1.795376062390000,1.932964563370000,-1.942786574360000,0.000000000000000
-38.111095428500001,174.799270629999995,1.561728477480000,1.795110940930000,1.932894825940000,-1.942459940910000,0.000000000000000
-38.111335754400002,174.798522948999988,1.561528563500000,1.794909954070000,1.932791233060000,-1.942891120910000,0.000000000000000
-38.094200134300003,174.809509276999989,1.543662667270000,1.770139336590000,1.902058959010000,-1.917178511620000,0.000000000000000
-38.093444824199999,174.809341431000007,1.543408751490000,1.769674420360000,1.901154875760000,-1.915917158130000,0.000000000000000
-38.087551116900002,174.811965942000000,1.548424482350000,1.775990724560000,1.908896446230000,-1.921653628350000,0.000000000000000
-38.088695526099997,174.811737061000002,1.548620462420000,1.776084661480000,1.909037590030000,-1.921555638310000,0.000000000000000
-38.089214325000000,174.811279296999999,1.548917889600000,1.776365637780000,1.909392595290000,-1.922193050380000,0.000000000000000
-38.088043212899997,174.811538696000014,1.547951221470000,1.775128483770000,1.907877564430000,-1.920154213910000,0.000000000000000
-38.089740753199997,174.810806273999987,1.548194646840000,1.775679826740000,1.908507943150000,-1.921749949460000,0.000000000000000
-38.091037750200002,174.810501098999993,1.547240853310000,1.774006485940000,1.906374692920000,-1.919927001000000,0.000000000000000
-38.090270996100003,174.810302734000004,1.547817349430000,1.775214076040000,1.908032655720000,-1.921584606170000,0.000000000000000
-38.092353820800000,174.809692382999998,1.544279336930000,1.770739555360000,1.902682542800000,-1.916804909710000,0.000000000000000
-38.091674804699998,174.809906006000006,1.545214414600000,1.771832346920000,1.903825879100000,-1.918061375620000,0.000000000000000
-38.092723846399998,174.809219359999986,1.543206691740000,1.769675135610000,1.901476860050000,-1.916064739230000,0.000000000000000
-38.084819793699999,174.813125609999986,1.544829845430000,1.771282553670000,1.903338074680000,-1.912050247190000,0.000000000000000
-38.084419250499998,174.812545776000007,1.545192956920000,1.771450638770000,1.903910279270000,-1.912245869640000,0.000000000000000
-38.086727142299999,174.811935425000001,1.543293833730000,1.768722653390000,1.900912761690000,-1.907435536380000,0.000000000000000
-38.083644866900002,174.812301636000001,1.545036554340000,1.771672844890000,1.903859972950000,-1.912511587140000,0.000000000000000
-38.082862853999998,174.811965942000000,1.546075820920000,1.772596597670000,1.905273914340000,-1.913503766060000,0.000000000000000
-38.082111358600002,174.811737061000002,1.545790195470000,1.772576451300000,1.905305743220000,-1.913867115970000,0.000000000000000
-38.081298828100003,174.811569214000002,1.545360803600000,1.772684335710000,1.905302524570000,-1.913999199870000,0.000000000000000
-38.080322265600003,174.811355590999995,1.545450687410000,1.773169279100000,1.906123161320000,-1.914873957630000,0.000000000000000
-38.079402923600000,174.810867309999992,1.541713833810000,1.769849777220000,1.903127670290000,-1.916094899180000,0.000000000000000
-38.109378814700001,174.802368164000001,1.560850501060000,1.794129014020000,1.931441783910000,-1.941968560220000,0.000000000000000
-38.109622955299997,174.801635742000002,1.561550140380000,1.794726967810000,1.932237863540000,-1.942103624340000,0.000000000000000
-38.109859466600000,174.800903320000003,1.561351776120000,1.794755458830000,1.932372570040000,-1.941891074180000,0.000000000000000
-38.110088348399998,174.800186157000013,1.561306357380000,1.794536828990000,1.932234883310000,-1.941770911220000,0.000000000000000
-38.110313415500002,174.799438476999995,1.561481952670000,1.794799566270000,1.932634949680000,-1.942081689830000,0.000000000000000
-38.110553741499999,174.798690795999988,1.561255216600000,1.794394850730000,1.932276487350000,-1.941677689550000,0.000000000000000
-38.110809326199998,174.797943115000010,1.561166405680000,1.794386267660000,1.932387471200000,-1.941726207730000,0.000000000000000
-38.111083984399997,174.797210693000011,1.560608983040000,1.793351054190000,1.931555032730000,-1.937636494640000,0.000000000000000
-38.110778808600003,174.795837401999989,1.556329369540000,1.784313321110000,1.922373533250000,-1.917353868480000,0.000000000000000
-38.093948364299997,174.808776854999991,1.541843533520000,1.767907500270000,1.899520635600000,-1.913285255430000,0.000000000000000
-38.093166351299999,174.808654784999987,1.541835188870000,1.768021464350000,1.899972438810000,-1.914847016330000,0.000000000000000
-38.087375640899999,174.811355590999995,1.547277927400000,1.774590015410000,1.907341361050000,-1.920257568360000,0.000000000000000
-38.086784362800003,174.811141967999987,1.545653939250000,1.772468447690000,1.905401468280000,-1.915282845500000,0.000000000000000
-38.088554382300003,174.811080933000000,1.548003315930000,1.775147676470000,1.907906651500000,-1.920448541640000,0.000000000000000
-38.089065551799997,174.810623168999996,1.548132538800000,1.775462746620000,1.908371567730000,-1.920981049540000,0.000000000000000
-38.087898254400002,174.810882568000011,1.548338413240000,1.775916099550000,1.909042239190000,-1.922071814540000,0.000000000000000
-38.089538574199999,174.810134887999993,1.547893762590000,1.775255441670000,1.908230066300000,-1.921643614770000,0.000000000000000
-38.090808868400003,174.809753418000014,1.546353816990000,1.773280978200000,1.905763864520000,-1.920070767400000,0.000000000000000
-38.090034484900002,174.809585571000014,1.546965718270000,1.774212002750000,1.907075881960000,-1.920852780340000,0.000000000000000
-38.092010498000000,174.809188842999987,1.544025421140000,1.770385861400000,1.902506828310000,-1.916923046110000,0.000000000000000
-38.091278076199998,174.809173584000007,1.544993758200000,1.771489024160000,1.903908967970000,-1.918501615520000,0.000000000000000
-38.092395782499999,174.808578490999992,1.542043328290000,1.768319368360000,1.900134086610000,-1.914947628970000,0.000000000000000
-38.085456848100002,174.812255859000004,1.546740889550000,1.773256301880000,1.906014680860000,-1.913733482360000,0.000000000000000
-38.084381103500000,174.811752318999993,1.545391917230000,1.771761775020000,1.904455542560000,-1.912570953370000,0.000000000000000
-38.086055755600000,174.811218262000011,1.542679309840000,1.768961310390000,1.900640606880000,-1.910816788670000,0.000000000000000
-38.083511352499997,174.811447143999999,1.545485496520000,1.771824717520000,1.904485940930000,-1.912839770320000,0.000000000000000
-38.082702636699999,174.811218262000011,1.545321345330000,1.771803140640000,1.904515385630000,-1.913011312480000,0.000000000000000
-38.081920623800002,174.811004639000004,1.545697450640000,1.772588729860000,1.905636310580000,-1.913859725000000,0.000000000000000
-38.081123352100001,174.810775756999988,1.544124007230000,1.771376013760000,1.904693961140000,-1.914313793180000,0.000000000000000
-38.080329894999998,174.810485840000013,1.545212268830000,1.772528648380000,1.906534314160000,-1.914963364600000,0.000000000000000
-38.079662323000001,174.810165404999992,1.541007399560000,1.769147872920000,1.905568003650000,-1.920000433920000,0.000000000000000
-38.110874176000003,174.794876098999993,1.559403061870000,1.789876103400000,1.928081631660000,-1.927747845650000,0.000000000000000
-38.108856201199998,174.801773071000014,1.560048818590000,1.793243169780000,1.930881857870000,-1.941017985340000,0.000000000000000
-38.109104156500003,174.801055907999995,1.560696482660000,1.793806672100000,1.931575536730000,-1.941426634790000,0.000000000000000
-38.109348297099999,174.800338745000005,1.560935974120000,1.794230461120000,1.932037472720000,-1.941428542140000,0.000000000000000
-38.109542846700002,174.799636840999995,1.560760974880000,1.793849587440000,1.931715369220000,-1.940763473510000,0.000000000000000
-38.109752655000001,174.798873901000007,1.560718894000000,1.793829083440000,1.931749701500000,-1.941112518310000,0.000000000000000
-38.110019683799997,174.798110962000010,1.561059355740000,1.794126987460000,1.932173013690000,-1.940700054170000,0.000000000000000
-38.110294342000003,174.797363281000003,1.561171054840000,1.794197201730000,1.932277202610000,-1.940771102910000,0.000000000000000
-38.110553741499999,174.796615601000013,1.561366081240000,1.794323801990000,1.932424664500000,-1.940297722820000,0.000000000000000
-38.110237121600001,174.795425415000011,1.561140537260000,1.793619155880000,1.931808233260000,-1.937789082530000,0.000000000000000
-38.110038757300003,174.796066284000005,1.561208844180000,1.793999075890000,1.932107329370000,-1.940066576000000,0.000000000000000
-38.093647003199997,174.808044434000010,1.533589482310000,1.756443023680000,1.887869834900000,-1.893020153050000,0.000000000000000
-38.092838287399999,174.807952881000006,1.538674354550000,1.764356970790000,1.896306276320000,-1.909850478170000,0.000000000000000
-38.087238311800000,174.810684204000012,1.546779751780000,1.774090766910000,1.906900167470000,-1.919701576230000,0.000000000000000
-38.086536407499999,174.810531615999992,1.544509887700000,1.770794153210000,1.903539896010000,-1.913063406940000,0.000000000000000
-38.088424682599999,174.810409545999988,1.548218250270000,1.775556325910000,1.908634781840000,-1.921496510510000,0.000000000000000
-38.088912963900000,174.810043334999989,1.547873735430000,1.775184631350000,1.908270597460000,-1.920999526980000,0.000000000000000
-38.087768554699998,174.810195923000009,1.548129916190000,1.775691509250000,1.908958077430000,-1.921262025830000,0.000000000000000
-38.089202880899997,174.809417725000003,1.547252774240000,1.774415493010000,1.907448053360000,-1.920442104340000,0.000000000000000
-38.090557098399998,174.809066771999994,1.545620441440000,1.772647500040000,1.905399084090000,-1.920156359670000,0.000000000000000
-38.089839935299999,174.808868407999995,1.545888781550000,1.772739529610000,1.905585885050000,-1.919306993480000,0.000000000000000
-38.091629028299998,174.808547973999993,1.543269515040000,1.769702792170000,1.902116537090000,-1.917308330540000,0.000000000000000
-38.090991973900003,174.808609009000008,1.544738173480000,1.771458983420000,1.904284477230000,-1.919000387190000,0.000000000000000
-38.092014312700002,174.807891845999990,1.540753602980000,1.766983389850000,1.899329543110000,-1.914707183840000,0.000000000000000
-38.085102081300001,174.811096190999990,1.544338345530000,1.770692706110000,1.902982354160000,-1.911519527440000,0.000000000000000
-38.084171295200001,174.810852051000012,1.545382499690000,1.771638870240000,1.904472589490000,-1.912456512450000,0.000000000000000
-38.085727691700001,174.810379028000000,1.543378591540000,1.769684791560000,1.902435779570000,-1.911776542660000,0.000000000000000
-38.083305358899999,174.810638428000004,1.545092821120000,1.771563291550000,1.904377222060000,-1.912611722950000,0.000000000000000
-38.082511901899998,174.810470581000004,1.544907927510000,1.771492481230000,1.904564023020000,-1.913346648220000,0.000000000000000
-38.081787109399997,174.810272217000005,1.545284390450000,1.772142291070000,1.905340075490000,-1.913100123410000,0.000000000000000
-38.081073760999999,174.809997559000010,1.544069409370000,1.771270632740000,1.905024528500000,-1.914579391480000,0.000000000000000
-38.080387115500002,174.809707642000006,1.544450521470000,1.771641731260000,1.905509352680000,-1.914077281950000,0.000000000000000
-38.079780578600001,174.809417725000003,1.543243050580000,1.770930290220000,1.906095385550000,-1.916069746020000,0.000000000000000
-38.110843658400000,174.794082642000006,1.559275865550000,1.790044784550000,1.928144574170000,-1.929022073750000,0.000000000000000
-38.111389160199998,174.794204712000010,1.560153007510000,1.790396690370000,1.928708553310000,-1.927232623100000,0.000000000000000
-38.109920501700003,174.794860840000013,1.561297893520000,1.794186711310000,1.932414412500000,-1.939419388770000,0.000000000000000
-38.110233306900000,174.794189453000001,1.560338139530000,1.792164683340000,1.930535078050000,-1.933603882790000,0.000000000000000
-38.108337402300002,174.801177978999988,1.559518337250000,1.792366266250000,1.930236697200000,-1.938928127290000,0.000000000000000
-38.108600616499999,174.800445556999989,1.560005545620000,1.792945146560000,1.930869817730000,-1.939501523970000,0.000000000000000
-38.108898162800003,174.799850464000002,1.560160160060000,1.793247938160000,1.931135177610000,-1.940572977070000,0.000000000000000
-38.108867645300002,174.799087523999987,1.560118794440000,1.793093919750000,1.931086659430000,-1.939705133440000,0.000000000000000
-38.109218597400002,174.798263550000001,1.560685873030000,1.793555140500000,1.931621789930000,-1.939904212950000,0.000000000000000
-38.109508514399998,174.797500609999986,1.560631155970000,1.793503046040000,1.931555032730000,-1.939819574360000,0.000000000000000
-38.109783172599997,174.796768187999987,1.560865879060000,1.793719887730000,1.931795239450000,-1.939817428590000,0.000000000000000
-38.109577178999999,174.795516967999987,1.560747861860000,1.793927073480000,1.932138562200000,-1.939388513570000,0.000000000000000
-38.109298706099999,174.796203612999989,1.560346603390000,1.793375253680000,1.931519985200000,-1.939204454420000,0.000000000000000
-38.092487335199998,174.807235717999987,1.533446669580000,1.756378769870000,1.888978958130000,-1.895092248920000,0.000000000000000
-38.087081909200002,174.809982300000001,1.545969963070000,1.773269057270000,1.906272411350000,-1.917544484140000,0.000000000000000
-38.086334228500000,174.809753418000014,1.544457077980000,1.770857810970000,1.903558254240000,-1.913243412970000,0.000000000000000
-38.088344573999997,174.809646606000001,1.547379612920000,1.774689793590000,1.907754421230000,-1.920436978340000,0.000000000000000
-38.087612152100000,174.809570312000005,1.547138690950000,1.774457931520000,1.907549977300000,-1.919450879100000,0.000000000000000
-38.088607788099999,174.808990478999988,1.546767234800000,1.774041175840000,1.907179951670000,-1.919749140740000,0.000000000000000
-38.089145660400000,174.808624267999988,1.545911073680000,1.772795081140000,1.905718684200000,-1.919167041780000,0.000000000000000
-38.090400695800000,174.808380126999992,1.544967770580000,1.771538853650000,1.904446244240000,-1.918720483780000,0.000000000000000
-38.089698791499998,174.808166504000013,1.544932723050000,1.771414756770000,1.904262304310000,-1.917816877370000,0.000000000000000
-38.091091155999997,174.807891845999990,1.542507171630000,1.769008755680000,1.901464343070000,-1.916538119320000,0.000000000000000
-38.091636657700001,174.807144165000011,1.538286328320000,1.764128088950000,1.896574974060000,-1.910775184630000,0.000000000000000
-38.084827423100002,174.810165404999992,1.543190717700000,1.769433498380000,1.901552915570000,-1.910808563230000,0.000000000000000
-38.083904266399998,174.809967040999993,1.543831586840000,1.770083785060000,1.902699351310000,-1.911774754520000,0.000000000000000
-38.085506439200003,174.809524535999998,1.543181777000000,1.769398808480000,1.902196884160000,-1.911400318150000,0.000000000000000
-38.083026885999999,174.809860229000009,1.544757843020000,1.771186232570000,1.904134750370000,-1.912215232850000,0.000000000000000
-38.082332611100000,174.809844970999990,1.544027090070000,1.770771622660000,1.903996348380000,-1.913220524790000,0.000000000000000
-38.083530426000003,174.809158324999999,1.543252587320000,1.769554138180000,1.902422785760000,-1.911697983740000,0.000000000000000
-38.081764221199997,174.809539795000006,1.544625878330000,1.771476030350000,1.904929876330000,-1.913269996640000,0.000000000000000
-38.081066131599997,174.809234618999994,1.543694734570000,1.770832419400000,1.905067086220000,-1.914572477340000,0.000000000000000
-38.080410003700003,174.808959960999999,1.543640017510000,1.771066784860000,1.905586242680000,-1.915208220480000,0.000000000000000
-38.079807281500003,174.808670043999996,1.543487787250000,1.770721912380000,1.905744791030000,-1.915869951250000,0.000000000000000
-38.110511779799999,174.793533324999999,1.558010458950000,1.787537574770000,1.925817489620000,-1.925019145010000,0.000000000000000
-38.112037658699997,174.793762206999986,1.556925415990000,1.783771395680000,1.921725869180000,-1.913938283920000,0.000000000000000
-38.111221313500003,174.793563842999987,1.560109972950000,1.790647387500000,1.928938984870000,-1.929833650590000,0.000000000000000
-38.109146118200002,174.794921875000000,1.560328483580000,1.793524622920000,1.931767106060000,-1.939139246940000,0.000000000000000
-38.109466552699999,174.794250487999989,1.560711622240000,1.794052600860000,1.932386636730000,-1.939580202100000,0.000000000000000
-38.109783172599997,174.793579101999995,1.559486389160000,1.791393399240000,1.929832458500000,-1.934201598170000,0.000000000000000
-38.107791900599999,174.800567626999992,1.557884335520000,1.790161132810000,1.928109884260000,-1.935341954230000,0.000000000000000
-38.108135223399998,174.799713134999990,1.559432029720000,1.792047023770000,1.929943919180000,-1.938022375110000,0.000000000000000
-38.108112335199998,174.798934937000013,1.559365272520000,1.792036414150000,1.929990768430000,-1.938179612160000,0.000000000000000
-38.108428955100003,174.798339843999997,1.559769630430000,1.792472362520000,1.930474877360000,-1.938193082810000,0.000000000000000
-38.108730316200003,174.797622681000007,1.560022592540000,1.792733430860000,1.930754184720000,-1.938710808750000,0.000000000000000
-38.109020233199999,174.796905517999988,1.560195088390000,1.793073654170000,1.931172966960000,-1.938827872280000,0.000000000000000
-38.108837127699999,174.795608520999991,1.559865713120000,1.793015718460000,1.931193709370000,-1.938525199890000,0.000000000000000
-38.108543396000002,174.796310425000001,1.559586882590000,1.792502522470000,1.930609941480000,-1.938059210780000,0.000000000000000
-38.086158752400003,174.808990478999988,1.544195532800000,1.770691990850000,1.903498530390000,-1.913260102270000,0.000000000000000
-38.086997985799997,174.809158324999999,1.545721173290000,1.772986173630000,1.906110405920000,-1.916985750200000,0.000000000000000
-38.087875366200002,174.808898926000012,1.546669006350000,1.773999333380000,1.907147526740000,-1.919315576550000,0.000000000000000
-38.088478088400002,174.808364868000012,1.545751571660000,1.772876143460000,1.905915379520000,-1.918656110760000,0.000000000000000
-38.089042663599997,174.807937621999997,1.544879078870000,1.771640300750000,1.904571175580000,-1.918206453320000,0.000000000000000
-38.090217590300000,174.807647704999994,1.543164372440000,1.769615173340000,1.902229905130000,-1.916935324670000,0.000000000000000
-38.089553832999997,174.807571410999998,1.543837428090000,1.770137190820000,1.902900099750000,-1.916966676710000,0.000000000000000
-38.090755462600001,174.807022095000008,1.538665533070000,1.765014529230000,1.897007942200000,-1.913287162780000,0.000000000000000
-38.091312408400000,174.806365967000005,1.532154679300000,1.754641890530000,1.887547135350000,-1.893182873730000,0.000000000000000
-38.084560394299999,174.809143065999990,1.542877316470000,1.769336342810000,1.902278900150000,-1.911325335500000,0.000000000000000
-38.085437774699997,174.808685303000004,1.543428897860000,1.769872546200000,1.902929306030000,-1.912332654000000,0.000000000000000
-38.086029052699999,174.808364868000012,1.543733477590000,1.770331501960000,1.903226375580000,-1.913535356520000,0.000000000000000
-38.080398559599999,174.808242798000009,1.544098496440000,1.771177053450000,1.905701041220000,-1.914817333220000,0.000000000000000
-38.083938598600000,174.808395386000001,1.542325854300000,1.768923640250000,1.902217626570000,-1.911770105360000,0.000000000000000
-38.082580566399997,174.809097290000011,1.543649196620000,1.770296335220000,1.903646826740000,-1.912652611730000,0.000000000000000
-38.083179473900003,174.808502196999996,1.543020009990000,1.769689321520000,1.902941942210000,-1.912074923520000,0.000000000000000
-38.081741332999997,174.808731079000012,1.543822765350000,1.770775079730000,1.904393315320000,-1.913125157360000,0.000000000000000
-38.081016540500002,174.808502196999996,1.543634772300000,1.770934104920000,1.905074119570000,-1.914065003400000,0.000000000000000
-38.079814910899998,174.807922362999989,1.543972015380000,1.771077513690000,1.905712366100000,-1.914993643760000,0.000000000000000
-38.108383178700002,174.794998168999996,1.559469938280000,1.792716264720000,1.930923104290000,-1.937776923180000,0.000000000000000
-38.108699798600000,174.794311523000005,1.559862732890000,1.793218612670000,1.931530833240000,-1.938344240190000,0.000000000000000
-38.109027862500000,174.793624878000003,1.560378789900000,1.793802976610000,1.932248830800000,-1.939846396450000,0.000000000000000
-38.107212066700001,174.799926757999998,1.554406166080000,1.783718347550000,1.921525120740000,-1.922415137290000,0.000000000000000
-38.107460021999998,174.799133301000012,1.558216810230000,1.790679097180000,1.928511857990000,-1.936647176740000,0.000000000000000
-38.107685089100002,174.798416137999993,1.558836340900000,1.791373848920000,1.929291009900000,-1.936972141270000,0.000000000000000
-38.107963562000002,174.797729492000002,1.558879137040000,1.791680693630000,1.929633498190000,-1.937207818030000,0.000000000000000
-38.108253478999998,174.797012329000012,1.559420228000000,1.792225599290000,1.930272102360000,-1.937575697900000,0.000000000000000
-38.108078002900001,174.795700073000006,1.559078574180000,1.792187452320000,1.930334329610000,-1.936935067180000,0.000000000000000
-38.107780456500002,174.796401978000006,1.558642029760000,1.791639804840000,1.929657459260000,-1.936564803120000,0.000000000000000
-38.086647033699997,174.808441162000008,1.544639945030000,1.771717429160000,1.904784560200000,-1.915666341780000,0.000000000000000
-38.087284088099999,174.808471679999997,1.545582771300000,1.772717475890000,1.905711293220000,-1.917293429370000,0.000000000000000
-38.087810516399998,174.808105468999997,1.545390725140000,1.772517085080000,1.905602335930000,-1.917931437490000,0.000000000000000
-38.088382720900000,174.807647704999994,1.544586062430000,1.771486401560000,1.904430508610000,-1.917785406110000,0.000000000000000
-38.089000701899998,174.807220459000007,1.543748736380000,1.770531892780000,1.903584241870000,-1.918031930920000,0.000000000000000
-38.089809417700003,174.806869506999988,1.540342926980000,1.766718626020000,1.898949027060000,-1.914524197580000,0.000000000000000
-38.090469360400000,174.806213379000013,1.534123659130000,1.758421659470000,1.891185164450000,-1.901764154430000,0.000000000000000
-38.084182739299997,174.807586670000006,1.542173862460000,1.768837094310000,1.902307152750000,-1.912322759630000,0.000000000000000
-38.084789276099997,174.808166504000013,1.542561888690000,1.769131898880000,1.902283191680000,-1.911793708800000,0.000000000000000
-38.085590362500000,174.807922362999989,1.542748808860000,1.769274950030000,1.902206897740000,-1.912992715840000,0.000000000000000
-38.086315155000001,174.807830811000002,1.544217228890000,1.771215915680000,1.904426574710000,-1.915543437000000,0.000000000000000
-38.080917358400001,174.807876587000010,1.543436050420000,1.770563602450000,1.905120849610000,-1.914883136750000,0.000000000000000
-38.080436706500002,174.807540893999999,1.543721318240000,1.771016955380000,1.905824303630000,-1.915359973910000,0.000000000000000
-38.083377838099999,174.807800293000014,1.542149305340000,1.768987059590000,1.902577877040000,-1.912371277810000,0.000000000000000
-38.082477569600002,174.808074951000009,1.542568206790000,1.769581079480000,1.903381824490000,-1.913087248800000,0.000000000000000
-38.081562042199998,174.807937621999997,1.543380260470000,1.770513653760000,1.904753685000000,-1.914140462880000,0.000000000000000
-38.079822540300000,174.807174683000000,1.543621540070000,1.770841956140000,1.905720472340000,-1.915313482280000,0.000000000000000
-38.107612609900002,174.795089722000000,1.558296203610000,1.791773200040000,1.929895758630000,-1.936135411260000,0.000000000000000
-38.107929229699998,174.794387817000000,1.558625578880000,1.792401909830000,1.930637478830000,-1.936959743500000,0.000000000000000
-38.108257293699999,174.793685912999990,1.559127211570000,1.793045759200000,1.931420564650000,-1.938099265100000,0.000000000000000
-38.108592987100003,174.792984009000008,1.559390306470000,1.793547987940000,1.932127118110000,-1.938744306560000,0.000000000000000
-38.106674194299998,174.799285889000004,1.552283883090000,1.780232667920000,1.917899608610000,-1.915428400040000,0.000000000000000
-38.106941223100002,174.798538207999997,1.557325124740000,1.790000319480000,1.927821159360000,-1.935652375220000,0.000000000000000
-38.107208252000000,174.797836303999986,1.558049917220000,1.790774822240000,1.928672790530000,-1.935962200160000,0.000000000000000
-38.107490539600001,174.797119140999996,1.558354973790000,1.791142940520000,1.929098248480000,-1.935996890070000,0.000000000000000
-38.107307434100001,174.795791626000010,1.558140993120000,1.791291832920000,1.929297566410000,-1.935536026950000,0.000000000000000
-38.107013702400003,174.796508789000001,1.557870864870000,1.790830969810000,1.928786158560000,-1.935058593750000,0.000000000000000
-38.087093353299998,174.807785034000005,1.544617891310000,1.772058844570000,1.905230641370000,-1.917483925820000,0.000000000000000
-38.087749481199999,174.807449340999995,1.544503211980000,1.771969199180000,1.905187368390000,-1.918327093120000,0.000000000000000
-38.088214874300000,174.806838988999999,1.542807936670000,1.769443273540000,1.902318954470000,-1.916778326030000,0.000000000000000
-38.089000701899998,174.806442261000001,1.540281295780000,1.767002582550000,1.899613618850000,-1.915307760240000,0.000000000000000
-38.089660644500000,174.805984496999997,1.534539461140000,1.759918332100000,1.892315983770000,-1.906389474870000,0.000000000000000
-38.086605071999998,174.807281493999994,1.543976068500000,1.771321654320000,1.904599189760000,-1.917393207550000,0.000000000000000
-38.083641052200001,174.807037353999988,1.541820049290000,1.768606066700000,1.902517795560000,-1.912819027900000,0.000000000000000
-38.084312439000001,174.806884765999996,1.541812539100000,1.768436908720000,1.902127623560000,-1.912722110750000,0.000000000000000
-38.085033416700000,174.807235717999987,1.542247653010000,1.768825292590000,1.902298927310000,-1.912623882290000,0.000000000000000
-38.085933685299999,174.807235717999987,1.543214321140000,1.770422101020000,1.903993368150000,-1.915572285650000,0.000000000000000
-38.081176757800002,174.807189940999990,1.543473958970000,1.770641207700000,1.905271410940000,-1.914689302440000,0.000000000000000
-38.080474853500000,174.806793212999992,1.543500423430000,1.770846366880000,1.905708432200000,-1.915131568910000,0.000000000000000
-38.082862853999998,174.807174683000000,1.542230248450000,1.769209265710000,1.903301835060000,-1.913172006610000,0.000000000000000
-38.082035064700001,174.807235717999987,1.542894244190000,1.769960761070000,1.904330849650000,-1.913994550700000,0.000000000000000
-38.079830169700003,174.806427001999992,1.543188333510000,1.770523667340000,1.905408263210000,-1.914787888530000,0.000000000000000
-38.108165741000001,174.792327881000006,1.559172034260000,1.793730020520000,1.932358860970000,-1.938525557520000,0.000000000000000
-38.108531951899998,174.791625976999995,1.556644916530000,1.787327647210000,1.926146984100000,-1.922313332560000,0.000000000000000
-38.106838226299999,174.795166015999996,1.557558059690000,1.790940642360000,1.928928732870000,-1.934453368190000,0.000000000000000
-38.107151031500003,174.794448853000006,1.557981133460000,1.791542410850000,1.929651975630000,-1.934932351110000,0.000000000000000
-38.107479095499997,174.793746948000006,1.558257460590000,1.792050361630000,1.930283427240000,-1.936064481740000,0.000000000000000
-38.107814788799999,174.793029784999987,1.558813571930000,1.793116807940000,1.931557774540000,-1.937049984930000,0.000000000000000
-38.107376098600000,174.792373657000013,1.559108376500000,1.793038606640000,1.931467413900000,-1.936453580860000,0.000000000000000
-38.106178283699997,174.798660278000000,1.553038358690000,1.782043576240000,1.919712066650000,-1.919356822970000,0.000000000000000
-38.106445312500000,174.797943115000010,1.557066082950000,1.789613604550000,1.927394747730000,-1.934020400050000,0.000000000000000
-38.106723785400000,174.797225951999991,1.557540774350000,1.790220260620000,1.928063750270000,-1.934768199920000,0.000000000000000
-38.106536865199999,174.795883178999986,1.557162880900000,1.790290236470000,1.928189396860000,-1.933996438980000,0.000000000000000
-38.106243133500001,174.796600342000005,1.556868791580000,1.789730548860000,1.927509307860000,-1.933452367780000,0.000000000000000
-38.087253570599998,174.806900023999987,1.543666720390000,1.771026372910000,1.904238104820000,-1.918273210530000,0.000000000000000
-38.087718963599997,174.806152343999997,1.542548656460000,1.770173430440000,1.903735995290000,-1.920046806340000,0.000000000000000
-38.088394164999997,174.806106567000000,1.540934801100000,1.767722010610000,1.900880455970000,-1.917371273040000,0.000000000000000
-38.088924407999997,174.805679321000014,1.538422465320000,1.765689015390000,1.898924708370000,-1.916374206540000,0.000000000000000
-38.086425781199999,174.806655884000008,1.544085383420000,1.771706223490000,1.905508637430000,-1.919282555580000,0.000000000000000
-38.083194732700001,174.806533812999987,1.541565537450000,1.768542051320000,1.902683258060000,-1.913164854050000,0.000000000000000
-38.083911895800000,174.806213379000013,1.541772723200000,1.768918752670000,1.903234362600000,-1.913315653800000,0.000000000000000
-38.084804534900002,174.806350707999997,1.541783213620000,1.768561363220000,1.902393341060000,-1.913528203960000,0.000000000000000
-38.085628509499998,174.806518554999997,1.542476296420000,1.769600152970000,1.903309106830000,-1.914783000950000,0.000000000000000
-38.081703185999999,174.806640625000000,1.542722344400000,1.769860982890000,1.904486417770000,-1.914346933360000,0.000000000000000
-38.081115722699998,174.806365967000005,1.542954802510000,1.770099401470000,1.904899716380000,-1.914422631260000,0.000000000000000
-38.080474853500000,174.806015015000014,1.542885541920000,1.770130515100000,1.905000925060000,-1.914333105090000,0.000000000000000
-38.082439422599997,174.806411743000012,1.542048454280000,1.769188642500000,1.903674602510000,-1.913645625110000,0.000000000000000
-38.079841613799999,174.805679321000014,1.542644262310000,1.769539833070000,1.904326915740000,-1.913558125500000,0.000000000000000
-38.107738494899998,174.791671753000003,1.560185194020000,1.794065237050000,1.932712793350000,-1.936776995660000,0.000000000000000
-38.108108520499997,174.790954590000013,1.559950232510000,1.793702363970000,1.932361483570000,-1.934927225110000,0.000000000000000
-38.108478546100002,174.790237426999994,1.560169577600000,1.793458938600000,1.932074666020000,-1.933429479600000,0.000000000000000
-38.106052398700001,174.795257568000011,1.557252883910000,1.790204882620000,1.928080320360000,-1.933260083200000,0.000000000000000
-38.106365203899998,174.794540404999992,1.557436943050000,1.790613532070000,1.928566455840000,-1.933851718900000,0.000000000000000
-38.106689453100003,174.793807982999994,1.557947158810000,1.791313529010000,1.929402947430000,-1.934383749960000,0.000000000000000
-38.107025146500000,174.793090820000003,1.558279037480000,1.791910171510000,1.930168986320000,-1.935262799260000,0.000000000000000
-38.106575012199997,174.792434692000000,1.558521270750000,1.791751861570000,1.930011034010000,-1.934386014940000,0.000000000000000
-38.106937408400000,174.791702270999991,1.559246063230000,1.792698264120000,1.931109905240000,-1.934968352320000,0.000000000000000
-38.105667114299997,174.798049926999994,1.555093288420000,1.785624861720000,1.923324346540000,-1.926477909090000,0.000000000000000
-38.105949401899998,174.797317504999995,1.556380629540000,1.789079785350000,1.926803588870000,-1.933013677600000,0.000000000000000
-38.105758667000003,174.795989990000010,1.556628465650000,1.789661526680000,1.927452445030000,-1.932887792590000,0.000000000000000
-38.105476379400002,174.796707153000000,1.556017518040000,1.788865089420000,1.926596522330000,-1.932760119440000,0.000000000000000
-38.086956024199999,174.806091309000010,1.543363928790000,1.771472811700000,1.905407786370000,-1.921757936480000,0.000000000000000
-38.087390899699997,174.805587768999999,1.541934847830000,1.769724488260000,1.903562664990000,-1.920085310940000,0.000000000000000
-38.088115692099997,174.805404662999990,1.539835214610000,1.767560124400000,1.901206851010000,-1.919094920160000,0.000000000000000
-38.088844299300000,174.804916381999988,1.532733798030000,1.757148027420000,1.890690445900000,-1.902248024940000,0.000000000000000
-38.086189269999998,174.805908203000001,1.542281031610000,1.769560098650000,1.903218150140000,-1.916599869730000,0.000000000000000
-38.083122253399999,174.805847168000014,1.541522860530000,1.768624901770000,1.903026580810000,-1.912875175480000,0.000000000000000
-38.083755493200002,174.805328368999994,1.541225314140000,1.768006920810000,1.902096152310000,-1.912171721460000,0.000000000000000
-38.084552764900003,174.805541992000002,1.541339755060000,1.768481016160000,1.902601599690000,-1.912969470020000,0.000000000000000
-38.085384368900002,174.805709839000002,1.542061686520000,1.769470095630000,1.903686523440000,-1.915070414540000,0.000000000000000
-38.081748962399999,174.805953979000009,1.542239785190000,1.769465446470000,1.904177069660000,-1.913648605350000,0.000000000000000
-38.081104278600002,174.805603026999989,1.541900038720000,1.769134759900000,1.903762340550000,-1.913061976430000,0.000000000000000
-38.080471038799999,174.805267334000007,1.542188882830000,1.768926620480000,1.903576850890000,-1.912519693370000,0.000000000000000
-38.082408905000001,174.805526732999994,1.541267037390000,1.768304109570000,1.902712941170000,-1.912404060360000,0.000000000000000
-38.079856872599997,174.804931640999996,1.541666984560000,1.768234968190000,1.902715563770000,-1.911548733710000,0.000000000000000
-38.107307434100001,174.791000365999992,1.559556126590000,1.793330907820000,1.931863665580000,-1.935031056400000,0.000000000000000
-38.107677459700000,174.790298462000010,1.559404253960000,1.793039679530000,1.931577563290000,-1.933374881740000,0.000000000000000
-38.108963012700002,174.789428710999999,1.556099057200000,1.786354660990000,1.924991965290000,-1.917733788490000,0.000000000000000
-38.108001709000000,174.789581298999991,1.559056043620000,1.792539715770000,1.931030154230000,-1.932510256770000,0.000000000000000
-38.105262756300000,174.795364379999995,1.556197166440000,1.789052844050000,1.926795363430000,-1.932253479960000,0.000000000000000
-38.105567932100001,174.794616698999988,1.556836247440000,1.789736747740000,1.927584409710000,-1.932168960570000,0.000000000000000
-38.105892181400002,174.793884276999989,1.556961059570000,1.790039539340000,1.927980303760000,-1.932911753650000,0.000000000000000
-38.106227874799998,174.793151854999991,1.557863473890000,1.791160583500000,1.929258823390000,-1.933454513550000,0.000000000000000
-38.105762481699998,174.792480468999997,1.557099103930000,1.790307283400000,1.928393363950000,-1.933340072630000,0.000000000000000
-38.106124877900001,174.791748046999999,1.558249354360000,1.791468620300000,1.929772853850000,-1.934210062030000,0.000000000000000
-38.106506347699998,174.791015625000000,1.558577418330000,1.792078256610000,1.930471897130000,-1.934494853020000,0.000000000000000
-38.105148315400001,174.797393798999991,1.555137515070000,1.787375926970000,1.924975514410000,-1.930214285850000,0.000000000000000
-38.104984283400000,174.796112061000002,1.555749535560000,1.788439393040000,1.926108479500000,-1.931724429130000,0.000000000000000
-38.104789733899999,174.796783446999996,1.555413842200000,1.787860274310000,1.925481557850000,-1.931015133860000,0.000000000000000
-38.093982696499999,174.802658081000004,1.540302991870000,1.767710208890000,1.906282901760000,-1.905269503590000,0.000000000000000
-38.093200683600003,174.802658081000004,1.537792444230000,1.764160394670000,1.902512550350000,-1.899423599240000,0.000000000000000
-38.094348907499999,174.802017212000010,1.541700124740000,1.770357608800000,1.909031629560000,-1.911230087280000,0.000000000000000
-38.091686248800002,174.802276610999996,1.538440227510000,1.765533924100000,1.903985500340000,-1.904997110370000,0.000000000000000
-38.086761474600003,174.805358887000011,1.542080283160000,1.770300626750000,1.904456377030000,-1.921520352360000,0.000000000000000
-38.087406158400000,174.804916381999988,1.541430950160000,1.769914865490000,1.904208064080000,-1.923894286160000,0.000000000000000
-38.088130950900002,174.804504395000009,1.538652181630000,1.766618609430000,1.901424288750000,-1.918678522110000,0.000000000000000
-38.089977264399998,174.802902222000000,1.537244915960000,1.763136863710000,1.900715827940000,-1.905532002450000,0.000000000000000
-38.085983276400000,174.805099487000007,1.540593624110000,1.767948627470000,1.901920914650000,-1.915932178500000,0.000000000000000
-38.083034515400001,174.805053710999999,1.541245341300000,1.767818450930000,1.902077436450000,-1.911509275440000,0.000000000000000
-38.083595275900002,174.804580687999987,1.540678143500000,1.767032980920000,1.901006102560000,-1.910835027690000,0.000000000000000
-38.084323883099998,174.804733276000007,1.540823102000000,1.767610192300000,1.901612281800000,-1.911876320840000,0.000000000000000
-38.085140228299998,174.804885863999999,1.540864944460000,1.767904758450000,1.901872038840000,-1.913172721860000,0.000000000000000
-38.081733703600001,174.805175781000003,1.541392207150000,1.768173575400000,1.902595996860000,-1.911779880520000,0.000000000000000
-38.081085205100003,174.804840087999992,1.541220664980000,1.767711758610000,1.902101159100000,-1.911152601240000,0.000000000000000
-38.080463409399997,174.804519653000000,1.541089892390000,1.767413020130000,1.901674389840000,-1.910353183750000,0.000000000000000
-38.082359314000001,174.804733276000007,1.540455460550000,1.766975760460000,1.901068329810000,-1.910571575160000,0.000000000000000
-38.079879760700003,174.804168701000009,1.540693163870000,1.766719460490000,1.900833129880000,-1.909512639050000,0.000000000000000
-38.108970642099997,174.788528442000000,1.554571270940000,1.783919572830000,1.922456502910000,-1.912938356400000,0.000000000000000
-38.106884002699999,174.790298462000010,1.558766961100000,1.792358875270000,1.930829763410000,-1.933598160740000,0.000000000000000
-38.107280731199999,174.789733887000011,1.558760285380000,1.792168617250000,1.930580377580000,-1.932839393620000,0.000000000000000
-38.107383728000002,174.789016723999993,1.558757781980000,1.792004346850000,1.930444240570000,-1.932611227040000,0.000000000000000
-38.108234405499999,174.788787842000005,1.559206247330000,1.791895747180000,1.930453062060000,-1.931292295460000,0.000000000000000
-38.108470916700000,174.788085937999995,1.552699685100000,1.780844092370000,1.919222474100000,-1.908672571180000,0.000000000000000
-38.104442596399998,174.795486449999999,1.555575966840000,1.788264989850000,1.925984978680000,-1.931734204290000,0.000000000000000
-38.104755401600002,174.794708251999992,1.555696368220000,1.788493514060000,1.926239132880000,-1.932119488720000,0.000000000000000
-38.105087280299998,174.793960571000014,1.556295633320000,1.789141416550000,1.926987767220000,-1.932401299480000,0.000000000000000
-38.105419158899998,174.793228148999987,1.556538939480000,1.789561986920000,1.927542090420000,-1.932373642920000,0.000000000000000
-38.104930877699999,174.792556762999993,1.555260181430000,1.788364052770000,1.926368713380000,-1.932366013530000,0.000000000000000
-38.105285644500000,174.791793823000006,1.556718111040000,1.789910554890000,1.928138494490000,-1.933645606040000,0.000000000000000
-38.105686187700002,174.791061401000007,1.557974934580000,1.791555881500000,1.929968118670000,-1.934093117710000,0.000000000000000
-38.106082916299997,174.790328979000009,1.558345198630000,1.792003750800000,1.930453777310000,-1.934339165690000,0.000000000000000
-38.104175567600002,174.796325684000010,1.553049921990000,1.782339811330000,1.920013546940000,-1.919703364370000,0.000000000000000
-38.093566894500000,174.802017212000010,1.542278528210000,1.771236538890000,1.910035371780000,-1.912758350370000,0.000000000000000
-38.092872619600001,174.802062987999989,1.539705872540000,1.767049431800000,1.905795335770000,-1.905231952670000,0.000000000000000
-38.093940734900002,174.801361084000007,1.543962240220000,1.773722290990000,1.912579059600000,-1.917600750920000,0.000000000000000
-38.094371795699999,174.800659179999997,1.544212102890000,1.773906707760000,1.912874460220000,-1.917782902720000,0.000000000000000
-38.091026306200000,174.802352904999992,1.539048314090000,1.766823887830000,1.905030846600000,-1.909981966020000,0.000000000000000
-38.091342926000003,174.801727295000006,1.540554285050000,1.769228100780000,1.907783389090000,-1.913542866710000,0.000000000000000
-38.092185974099998,174.801727295000006,1.541656136510000,1.770933747290000,1.909794449810000,-1.914035558700000,0.000000000000000
-38.090328216600000,174.802383423000009,1.540284037590000,1.768444538120000,1.906513571740000,-1.914550304410000,0.000000000000000
-38.086654663099999,174.804550170999988,1.542090773580000,1.770288467410000,1.905292153360000,-1.920380949970000,0.000000000000000
-38.087379455600001,174.804107665999993,1.542560100560000,1.771276593210000,1.906826972960000,-1.923774480820000,0.000000000000000
-38.088111877400003,174.803665160999998,1.539912581440000,1.768359541890000,1.904056191440000,-1.921424269680000,0.000000000000000
-38.088779449500002,174.803207396999994,1.537714362140000,1.764622330670000,1.900946378710000,-1.913130044940000,0.000000000000000
-38.089344024699997,174.802749634000008,1.537380337720000,1.763753294940000,1.900764703750000,-1.910163283350000,0.000000000000000
-38.089771270800000,174.802413940000008,1.538676500320000,1.766170024870000,1.903800249100000,-1.912600278850000,0.000000000000000
-38.085773467999999,174.804153442000000,1.539957165720000,1.767226696010000,1.901393890380000,-1.914016366000000,0.000000000000000
-38.082958221399998,174.804321289000001,1.540441274640000,1.766513943670000,1.900410771370000,-1.910070419310000,0.000000000000000
-38.083446502699999,174.803985595999990,1.539779782300000,1.765930652620000,1.899739742280000,-1.909803032880000,0.000000000000000
-38.084056854200000,174.804016112999989,1.539921164510000,1.766307353970000,1.900209665300000,-1.910717964170000,0.000000000000000
-38.084838867199998,174.804092407000013,1.539357185360000,1.765955328940000,1.899658918380000,-1.911385416980000,0.000000000000000
-38.080451965300000,174.803787231000001,1.540227413180000,1.766115903850000,1.900028705600000,-1.908607602120000,0.000000000000000
-38.081699371299997,174.804382323999988,1.540461540220000,1.766625046730000,1.900663137440000,-1.909816026690000,0.000000000000000
-38.081043243400003,174.804092407000013,1.540130615230000,1.766196012500000,1.900117516520000,-1.909031271930000,0.000000000000000
-38.082336425800001,174.803970337000010,1.539650321010000,1.765693783760000,1.899531602860000,-1.909086823460000,0.000000000000000
-38.079898834200002,174.803421020999991,1.539479136470000,1.765327572820000,1.899104118350000,-1.907868027690000,0.000000000000000
-38.105682373000000,174.789794921999999,1.557823896410000,1.791414141650000,1.929802775380000,-1.934349775310000,0.000000000000000
-38.106456756599997,174.789443970000008,1.558321714400000,1.791705131530000,1.930095553400000,-1.933722138400000,0.000000000000000
-38.106716155999997,174.788482665999993,1.557828545570000,1.791156411170000,1.929499745370000,-1.932675480840000,0.000000000000000
-38.107612609900002,174.788070678999986,1.558833003040000,1.792477846150000,1.930889964100000,-1.934032320980000,0.000000000000000
-38.108280181900000,174.787368773999987,1.556258201600000,1.787897706030000,1.926402807240000,-1.922994494440000,0.000000000000000
-38.104362487800003,174.791854857999994,1.556198358540000,1.789670825000000,1.928050041200000,-1.934754610060000,0.000000000000000
-38.103912353500000,174.794799804999997,1.553098797800000,1.785390734670000,1.923152446750000,-1.928753376010000,0.000000000000000
-38.104267120400003,174.794036865000010,1.553464531900000,1.786178588870000,1.923924207690000,-1.930565714840000,0.000000000000000
-38.104610443100000,174.793304443000011,1.555217385290000,1.788254261020000,1.926214456560000,-1.931731104850000,0.000000000000000
-38.104148864700001,174.792678832999997,1.553873419760000,1.786972999570000,1.925014734270000,-1.932670831680000,0.000000000000000
-38.103733062700002,174.792221068999993,1.555662751200000,1.789202332500000,1.927551865580000,-1.934966802600000,0.000000000000000
-38.104843139600000,174.791076659999987,1.556930422780000,1.790598630910000,1.929003357890000,-1.934848666190000,0.000000000000000
-38.105285644500000,174.790359496999997,1.557185769080000,1.790689587590000,1.929046750070000,-1.933976888660000,0.000000000000000
-38.094478607200003,174.799850464000002,1.543938279150000,1.773510694500000,1.912513971330000,-1.917033195500000,0.000000000000000
-38.093048095699999,174.801330565999990,1.543601751330000,1.773287415500000,1.912252306940000,-1.916706323620000,0.000000000000000
-38.093585967999999,174.800781250000000,1.544069409370000,1.774013280870000,1.912923932080000,-1.917779088020000,0.000000000000000
-38.093711853000002,174.800094604000009,1.545363783840000,1.774775147440000,1.913753271100000,-1.917636036870000,0.000000000000000
-38.090599060099997,174.801773071000014,1.540665984150000,1.770149469380000,1.908476233480000,-1.918099880220000,0.000000000000000
-38.090904235799997,174.801132201999991,1.542788863180000,1.773132920270000,1.911932587620000,-1.920226097110000,0.000000000000000
-38.091655731199999,174.801086426000012,1.542821049690000,1.772782683370000,1.911568880080000,-1.918383479120000,0.000000000000000
-38.092342376700003,174.800994873000008,1.543493866920000,1.773407220840000,1.912218809130000,-1.918199181560000,0.000000000000000
-38.089912414600001,174.801879882999998,1.540793061260000,1.770437002180000,1.908676981930000,-1.919595956800000,0.000000000000000
-38.086620330800002,174.803695678999986,1.541905045510000,1.769259691240000,1.904000163080000,-1.917749404910000,0.000000000000000
-38.087364196800003,174.803268433000000,1.537528514860000,1.764916658400000,1.898875355720000,-1.914722800250000,0.000000000000000
-38.088066101099997,174.802856445000003,1.535490274430000,1.764130711560000,1.898911714550000,-1.918439865110000,0.000000000000000
-38.088714599600003,174.802459717000005,1.538989543910000,1.766948699950000,1.903554081920000,-1.919263243680000,0.000000000000000
-38.089309692400001,174.802124023000005,1.540017604830000,1.769150853160000,1.907025337220000,-1.919258475300000,0.000000000000000
-38.085250854500003,174.803512573000006,1.539799451830000,1.766984939580000,1.901344180110000,-1.913405060770000,0.000000000000000
-38.085914611800000,174.803237915000011,1.540885448460000,1.767746925350000,1.902233242990000,-1.913773059840000,0.000000000000000
-38.082981109599999,174.803634643999999,1.539535999300000,1.765357017520000,1.899153351780000,-1.908925652500000,0.000000000000000
-38.083648681600003,174.803421020999991,1.538930058480000,1.765060186390000,1.898804426190000,-1.909433841710000,0.000000000000000
-38.084487914999997,174.803268433000000,1.539089083670000,1.765589714050000,1.899687409400000,-1.910491824150000,0.000000000000000
-38.080944061300002,174.803466796999999,1.539085745810000,1.765103220940000,1.898815512660000,-1.908036947250000,0.000000000000000
-38.080482482900003,174.803100585999999,1.539017915730000,1.764891505240000,1.898542165760000,-1.907295584680000,0.000000000000000
-38.081623077400003,174.803512573000006,1.539049148560000,1.764997482300000,1.898707509040000,-1.908043503760000,0.000000000000000
-38.082397460899998,174.803192139000004,1.538319349290000,1.764110803600000,1.897686958310000,-1.907757520680000,0.000000000000000
-38.079921722400002,174.802673340000013,1.538259744640000,1.764227390290000,1.897746562960000,-1.906662225720000,0.000000000000000
-38.105007171600001,174.789657592999987,1.556957006450000,1.790915369990000,1.929297924040000,-1.935512065890000,0.000000000000000
-38.105571746800003,174.789154053000004,1.557276248930000,1.790995955470000,1.929345369340000,-1.934194684030000,0.000000000000000
-38.106037139900003,174.788711548000009,1.557460427280000,1.791192054750000,1.929528236390000,-1.933905363080000,0.000000000000000
-38.108009338400002,174.786666870000005,1.557803273200000,1.790696144100000,1.929117202760000,-1.930548906330000,0.000000000000000
-38.106044769299999,174.788024901999989,1.557172179220000,1.791070699690000,1.929397463800000,-1.934141516690000,0.000000000000000
-38.106758117699997,174.787628173999991,1.557532429700000,1.791136264800000,1.929502367970000,-1.933371067050000,0.000000000000000
-38.107456207299997,174.787139892999988,1.557853698730000,1.791240811350000,1.929625868800000,-1.932732939720000,0.000000000000000
-38.104030609100001,174.791061401000007,1.555873155590000,1.789808988570000,1.928152799610000,-1.935414791110000,0.000000000000000
-38.103569030800003,174.791641234999986,1.555567622180000,1.789442062380000,1.927783012390000,-1.935508251190000,0.000000000000000
-38.103816986100000,174.793365478999988,1.553362607960000,1.786306142810000,1.924354314800000,-1.932163119320000,0.000000000000000
-38.103439331099999,174.792739868000012,1.555430889130000,1.789012789730000,1.927388787270000,-1.935109019280000,0.000000000000000
-38.103137969999999,174.792175293000014,1.555175423620000,1.789079189300000,1.927379012110000,-1.935900688170000,0.000000000000000
-38.104400634800001,174.790283203000001,1.555842161180000,1.789701342580000,1.927984952930000,-1.934178352360000,0.000000000000000
-38.103694915799998,174.790512084999989,1.555680394170000,1.789560675620000,1.927812218670000,-1.935482740400000,0.000000000000000
-38.094604492199998,174.799118042000003,1.544956445690000,1.774290084840000,1.913404464720000,-1.916635870930000,0.000000000000000
-38.093872070300002,174.799346923999991,1.545537948610000,1.774829387660000,1.913746595380000,-1.917504549030000,0.000000000000000
-38.092861175499998,174.800415039000001,1.544274926190000,1.773897886280000,1.912767291070000,-1.917890667920000,0.000000000000000
-38.093101501500001,174.799560546999999,1.545184612270000,1.774331331250000,1.913119554520000,-1.918015003200000,0.000000000000000
-38.090087890600003,174.801147460999999,1.541944384570000,1.771790027620000,1.910124778750000,-1.921683788300000,0.000000000000000
-38.090541839600000,174.800613403000000,1.541948795320000,1.771819472310000,1.910212159160000,-1.919739604000000,0.000000000000000
-38.091197967500001,174.800506592000005,1.542392611500000,1.772240400310000,1.910783767700000,-1.919228196140000,0.000000000000000
-38.091964721700002,174.800415039000001,1.543070316310000,1.772887825970000,1.911607146260000,-1.918000221250000,0.000000000000000
-38.089378356899999,174.801467895999991,1.541170835490000,1.771953105930000,1.909998774530000,-1.924276471140000,0.000000000000000
-38.086647033699997,174.802856445000003,1.536213755610000,1.763659715650000,1.897019267080000,-1.913786411290000,0.000000000000000
-38.087368011499997,174.802459717000005,1.533093333240000,1.761359810830000,1.895134568210000,-1.915256261830000,0.000000000000000
-38.088062286400003,174.802093506000006,1.540047883990000,1.769729495050000,1.906555652620000,-1.925343036650000,0.000000000000000
-38.088729858400001,174.801757812000005,1.540786862370000,1.770871281620000,1.908319950100000,-1.925761342050000,0.000000000000000
-38.085243225100001,174.802795409999987,1.539474487300000,1.766233444210000,1.900532960890000,-1.912207126620000,0.000000000000000
-38.085956573499999,174.802429198999988,1.534866690640000,1.761550545690000,1.894751191140000,-1.909502387050000,0.000000000000000
-38.083099365199999,174.802917479999991,1.538345336910000,1.764044284820000,1.897666096690000,-1.907851934430000,0.000000000000000
-38.083824157700001,174.802673340000013,1.538317203520000,1.764231204990000,1.898051142690000,-1.908756613730000,0.000000000000000
-38.084564209000000,174.802368164000001,1.538142085080000,1.764217972760000,1.898100614550000,-1.909201622010000,0.000000000000000
-38.081119537399999,174.802856445000003,1.537926077840000,1.763949394230000,1.897455930710000,-1.906837224960000,0.000000000000000
-38.080551147500003,174.802352904999992,1.537740945820000,1.763795852660000,1.897208809850000,-1.906183004380000,0.000000000000000
-38.081829071000001,174.802673340000013,1.537611722950000,1.763527035710000,1.896973490720000,-1.906726121900000,0.000000000000000
-38.082523345900000,174.802444457999997,1.537077784540000,1.762961864470000,1.896369695660000,-1.906735301020000,0.000000000000000
-38.080558776899998,174.801589965999995,1.537265539170000,1.763110399250000,1.896329760550000,-1.905242323880000,0.000000000000000
-38.079940795900001,174.801925659000005,1.536981225010000,1.762872457500000,1.896165132520000,-1.905605912210000,0.000000000000000
-38.108062744100003,174.785949706999986,1.555712461470000,1.787330269810000,1.925688505170000,-1.923148274420000,0.000000000000000
-38.104278564500000,174.789428710999999,1.556185126300000,1.790303945540000,1.928611755370000,-1.935877919200000,0.000000000000000
-38.104835510299999,174.788925170999988,1.556342959400000,1.790259122850000,1.928544640540000,-1.934707999230000,0.000000000000000
-38.105400085399999,174.788436890000014,1.556717991830000,1.790542244910000,1.928844213490000,-1.934302806850000,0.000000000000000
-38.107372283899998,174.786361693999993,1.557338714600000,1.790862679480000,1.929157853130000,-1.932719707490000,0.000000000000000
-38.105335235600002,174.787673949999999,1.556546330450000,1.790330767630000,1.928572058680000,-1.934310555460000,0.000000000000000
-38.106010437000002,174.787231445000003,1.557065963750000,1.791165947910000,1.929425716400000,-1.934790968890000,0.000000000000000
-38.106704711900001,174.786788940000008,1.557167530060000,1.791107296940000,1.929360747340000,-1.933759927750000,0.000000000000000
-38.103298187299998,174.791000365999992,1.555061101910000,1.788890838620000,1.927096962930000,-1.934789299960000,0.000000000000000
-38.102848053000002,174.791564940999990,1.555060982700000,1.788928151130000,1.927151799200000,-1.935719609260000,0.000000000000000
-38.103000640899999,174.793334960999999,1.551286697390000,1.781119108200000,1.919369339940000,-1.918156504630000,0.000000000000000
-38.102802276600002,174.792709351000013,1.553144931790000,1.784895062450000,1.923041343690000,-1.926501750950000,0.000000000000000
-38.102428436300002,174.792190551999994,1.549050450330000,1.777869582180000,1.915888309480000,-1.913054347040000,0.000000000000000
-38.103660583500002,174.789871215999995,1.555507898330000,1.789380788800000,1.927583336830000,-1.935200810430000,0.000000000000000
-38.103080749500002,174.790313720999990,1.554693102840000,1.788355231290000,1.926470994950000,-1.934287905690000,0.000000000000000
-38.094020843499997,174.798660278000000,1.544019341470000,1.773173809050000,1.912098407750000,-1.916718602180000,0.000000000000000
-38.094703674300000,174.798400879000013,1.543546438220000,1.771684527400000,1.910816788670000,-1.910420417790000,0.000000000000000
-38.089424133300000,174.800872803000004,1.540716886520000,1.770822286610000,1.908813118930000,-1.922567129140000,0.000000000000000
-38.093322753899997,174.798828125000000,1.545938372610000,1.775207877160000,1.914007902150000,-1.918009877200000,0.000000000000000
-38.093544006300000,174.798278809000010,1.545747041700000,1.775094747540000,1.913933753970000,-1.918166756630000,0.000000000000000
-38.092281341600000,174.799697876000010,1.544271111490000,1.773463964460000,1.912215352060000,-1.917237043380000,0.000000000000000
-38.092559814500000,174.798950195000003,1.544989585880000,1.773835778240000,1.912559151650000,-1.917074680330000,0.000000000000000
-38.089855194099997,174.800292968999997,1.541716694830000,1.771861791610000,1.910286307330000,-1.920902609830000,0.000000000000000
-38.090667724600003,174.799972534000005,1.541765213010000,1.771549344060000,1.910022377970000,-1.919163227080000,0.000000000000000
-38.091461181600003,174.799804687999995,1.543164730070000,1.772778272630000,1.911505222320000,-1.918024420740000,0.000000000000000
-38.088809967000003,174.801071167000003,1.540414690970000,1.770999550820000,1.908857584000000,-1.924585342410000,0.000000000000000
-38.086669921899997,174.802047729000009,1.534463763240000,1.762244224550000,1.897040367130000,-1.914882302280000,0.000000000000000
-38.087390899699997,174.801666259999990,1.538800120350000,1.767912268640000,1.904566407200000,-1.923068642620000,0.000000000000000
-38.088111877400003,174.801330565999990,1.539760470390000,1.769366741180000,1.906367659570000,-1.924765944480000,0.000000000000000
-38.085277557399998,174.802001953000001,1.535710334780000,1.762570500370000,1.896388173100000,-1.909786105160000,0.000000000000000
-38.085979461699999,174.801620482999994,1.535170316700000,1.762491345410000,1.897273540500000,-1.914472579960000,0.000000000000000
-38.083213806200000,174.802169800000001,1.536991357800000,1.762772917750000,1.896250963210000,-1.907110333440000,0.000000000000000
-38.083923339800002,174.801879882999998,1.536652684210000,1.762749075890000,1.896404862400000,-1.907941222190000,0.000000000000000
-38.084632873499999,174.801574706999986,1.535785198210000,1.762121200560000,1.895913481710000,-1.908638358120000,0.000000000000000
-38.081287383999999,174.802001953000001,1.536579251290000,1.762356638910000,1.895580530170000,-1.905706524850000,0.000000000000000
-38.082015991200002,174.802017212000010,1.536307573320000,1.762106657030000,1.895368814470000,-1.905749797820000,0.000000000000000
-38.082595825200002,174.801696776999989,1.535788059230000,1.761611223220000,1.894967436790000,-1.906054496770000,0.000000000000000
-38.081089019799997,174.801239014000004,1.535922646520000,1.761741042140000,1.894819498060000,-1.905068397520000,0.000000000000000
-38.080539703399999,174.800872803000004,1.536895871160000,1.762743711470000,1.895903825760000,-1.904962897300000,0.000000000000000
-38.079940795900001,174.801177978999988,1.536836385730000,1.762669324870000,1.895851731300000,-1.904983758930000,0.000000000000000
-38.107971191399997,174.785110473999993,1.555613398550000,1.787374258040000,1.925659775730000,-1.924490213390000,0.000000000000000
-38.107330322300001,174.785598754999995,1.556711554530000,1.790040731430000,1.928212523460000,-1.931414127350000,0.000000000000000
-38.107788085899998,174.784408568999993,1.554607033730000,1.786078333850000,1.924330592160000,-1.922580361370000,0.000000000000000
-38.104187011699999,174.788772582999997,1.555652379990000,1.789683461190000,1.927902340890000,-1.935038208960000,0.000000000000000
-38.103584289600001,174.789093017999988,1.554929018020000,1.788905620570000,1.927068114280000,-1.934997439380000,0.000000000000000
-38.104568481400001,174.788116454999994,1.556049108510000,1.790174603460000,1.928406953810000,-1.935609817500000,0.000000000000000
-38.106666564900003,174.785995482999994,1.556312918660000,1.789878606800000,1.928024411200000,-1.931939959530000,0.000000000000000
-38.104705810500000,174.787322998000008,1.555415153500000,1.789327025410000,1.927437186240000,-1.933942794800000,0.000000000000000
-38.105274200399997,174.786880493000012,1.555707335470000,1.789427399640000,1.927548646930000,-1.933068633080000,0.000000000000000
-38.105953216600000,174.786407470999990,1.555981159210000,1.789430260660000,1.927533864970000,-1.931927680970000,0.000000000000000
-38.102569580100003,174.790878295999988,1.554888963700000,1.788643956180000,1.926754117010000,-1.935709118840000,0.000000000000000
-38.102085113500003,174.791488646999994,1.554367303850000,1.787967085840000,1.926217436790000,-1.934880018230000,0.000000000000000
-38.102928161599998,174.789566040000011,1.554435491560000,1.788085818290000,1.926156759260000,-1.934759616850000,0.000000000000000
-38.102333068800000,174.790115356000001,1.553964257240000,1.787917256360000,1.925933122630000,-1.935407996180000,0.000000000000000
-38.094089508099998,174.798004149999997,1.545798301700000,1.775830626490000,1.914811491970000,-1.917707800870000,0.000000000000000
-38.094738006599997,174.797683715999995,1.548132658000000,1.778553128240000,1.917652368550000,-1.920506596570000,0.000000000000000
-38.093452453600001,174.797698975000003,1.545213460920000,1.775225043300000,1.913995265960000,-1.918073415760000,0.000000000000000
-38.088996887199997,174.800369262999993,1.540891051290000,1.770803689960000,1.908853888510000,-1.923676967620000,0.000000000000000
-38.092834472699998,174.798171996999997,1.545041322710000,1.774344921110000,1.913014054300000,-1.917078971860000,0.000000000000000
-38.091751098600000,174.799057006999988,1.544133424760000,1.773180365560000,1.911791443820000,-1.917655825610000,0.000000000000000
-38.092082977300002,174.798416137999993,1.544567346570000,1.773523688320000,1.912096977230000,-1.917380571370000,0.000000000000000
-38.089229583700003,174.799636840999995,1.541287779810000,1.771354079250000,1.909658551220000,-1.921890974040000,0.000000000000000
-38.090057373000000,174.799423217999987,1.541916370390000,1.771595239640000,1.910058498380000,-1.919653534890000,0.000000000000000
-38.090900421100002,174.799179076999991,1.542851090430000,1.772173523900000,1.910799264910000,-1.918111085890000,0.000000000000000
-38.092834472699998,174.797454834000007,1.544811844830000,1.774623274800000,1.913213133810000,-1.917067527770000,0.000000000000000
-38.088230133099998,174.800582886000001,1.540319561960000,1.770607113840000,1.908244967460000,-1.924609422680000,0.000000000000000
-38.086688995400003,174.801223754999995,1.539942383770000,1.768843293190000,1.905872106550000,-1.920857429500000,0.000000000000000
-38.087448120099999,174.800857543999996,1.538231730460000,1.766746759410000,1.903293848040000,-1.919874548910000,0.000000000000000
-38.085308075000000,174.801223754999995,1.535394072530000,1.762197852130000,1.896776556970000,-1.911580562590000,0.000000000000000
-38.085971832299997,174.800842284999987,1.538554191590000,1.766384124760000,1.902670025830000,-1.916709184650000,0.000000000000000
-38.083305358899999,174.801406859999986,1.536019086840000,1.761891126630000,1.895535230640000,-1.906847000120000,0.000000000000000
-38.084018707299997,174.801116943000011,1.535723447800000,1.761847853660000,1.895817399020000,-1.908185601230000,0.000000000000000
-38.084690094000003,174.800842284999987,1.535534381870000,1.762091517450000,1.896611452100000,-1.910366535190000,0.000000000000000
-38.081844329799999,174.801254271999994,1.536014080050000,1.761691451070000,1.894856452940000,-1.905186295510000,0.000000000000000
-38.082672119100003,174.800918579000012,1.535173535350000,1.760906219480000,1.894317865370000,-1.905904054640000,0.000000000000000
-38.081214904799999,174.800506592000005,1.535353422160000,1.761010408400000,1.894183754920000,-1.904947996140000,0.000000000000000
-38.080501556400002,174.800247192000000,1.536976099010000,1.762705922130000,1.895834684370000,-1.904380083080000,0.000000000000000
-38.079936981199999,174.800430298000009,1.536668181420000,1.762425541880000,1.895527958870000,-1.904439568520000,0.000000000000000
-38.107215881300000,174.784851073999988,1.556247234340000,1.789640545850000,1.927792072300000,-1.931383371350000,0.000000000000000
-38.106700897200000,174.785308837999992,1.555707812310000,1.789193511010000,1.927293658260000,-1.931384205820000,0.000000000000000
-38.107128143300002,174.784057617000002,1.555260300640000,1.788658380510000,1.926700472830000,-1.930317640300000,0.000000000000000
-38.103660583500002,174.788284301999994,1.554889559750000,1.789077043530000,1.927203297620000,-1.935482740400000,0.000000000000000
-38.102775573700001,174.788650512999993,1.554381132130000,1.788908481600000,1.926966190340000,-1.937147736550000,0.000000000000000
-38.103866577100000,174.787353515999996,1.554318428040000,1.788773417470000,1.926805019380000,-1.934704661370000,0.000000000000000
-38.105926513699998,174.785476684999992,1.555235028270000,1.789291143420000,1.927315115930000,-1.932600617410000,0.000000000000000
-38.104484558099998,174.786621093999997,1.554512500760000,1.789021372800000,1.927031397820000,-1.934340238570000,0.000000000000000
-38.105152130100002,174.786056518999999,1.554884195330000,1.789014458660000,1.927030801770000,-1.933156251910000,0.000000000000000
-38.107013702400003,174.783172607000012,1.554134488110000,1.787050485610000,1.925105929370000,-1.927260279660000,0.000000000000000
-38.101760864299997,174.790740967000005,1.553152680400000,1.787330627440000,1.925364494320000,-1.934482693670000,0.000000000000000
-38.102127075200002,174.789321898999987,1.553557038310000,1.787968277930000,1.925922870640000,-1.936001896860000,0.000000000000000
-38.101520538300001,174.789916992000002,1.553941965100000,1.788563728330000,1.926439642910000,-1.937588453290000,0.000000000000000
-38.094070434599999,174.797302245999987,1.546014070510000,1.776165962220000,1.914970755580000,-1.918265938760000,0.000000000000000
-38.094738006599997,174.796966553000004,1.545574665070000,1.774994254110000,1.914051890370000,-1.917912602420000,0.000000000000000
-38.093353271500000,174.796997070000003,1.544549942020000,1.774662494660000,1.913364648820000,-1.917886376380000,0.000000000000000
-38.088420867899998,174.799819946000014,1.540595531460000,1.770883560180000,1.908786892890000,-1.925182938580000,0.000000000000000
-38.092044830299997,174.797607421999999,1.544165611270000,1.773860096930000,1.912355542180000,-1.917109489440000,0.000000000000000
-38.091220855700001,174.798278809000010,1.543866395950000,1.772605538370000,1.911120176320000,-1.916929125790000,0.000000000000000
-38.088630676299999,174.799072265999996,1.540711045270000,1.771063089370000,1.909338593480000,-1.924396276470000,0.000000000000000
-38.089427948000001,174.798843384000008,1.540854692460000,1.770391225810000,1.908710122110000,-1.919844508170000,0.000000000000000
-38.090259551999999,174.798583984000004,1.541532754900000,1.770966529850000,1.909374356270000,-1.918658494950000,0.000000000000000
-38.092498779300001,174.796768187999987,1.543978571890000,1.773778915410000,1.912248373030000,-1.916535735130000,0.000000000000000
-38.091709137000002,174.796875000000000,1.543142557140000,1.772769093510000,1.911152482030000,-1.916173815730000,0.000000000000000
-38.087600707999997,174.800033568999993,1.536208629610000,1.764430046080000,1.900577545170000,-1.919015884400000,0.000000000000000
-38.086673736599998,174.800292968999997,1.536825656890000,1.763768553730000,1.899278044700000,-1.911937952040000,0.000000000000000
-38.085304260299999,174.800506592000005,1.536656975750000,1.763713121410000,1.899209141730000,-1.912679553030000,0.000000000000000
-38.085868835399999,174.800170898000005,1.536685109140000,1.763517260550000,1.898956060410000,-1.912269592290000,0.000000000000000
-38.083419799799998,174.800628662000008,1.535201072690000,1.761251807210000,1.895063519480000,-1.907335042950000,0.000000000000000
-38.084136962899997,174.800399779999992,1.535342574120000,1.761695146560000,1.896120190620000,-1.909110784530000,0.000000000000000
-38.084751129200001,174.800216675000001,1.536006569860000,1.762531995770000,1.897621154790000,-1.911185145380000,0.000000000000000
-38.082050323499999,174.800384521000012,1.534830212590000,1.760455369950000,1.893790006640000,-1.905202507970000,0.000000000000000
-38.082809448200003,174.800125121999997,1.534947037700000,1.760858893390000,1.894626617430000,-1.906503796580000,0.000000000000000
-38.081573486300002,174.799865723000011,1.535697817800000,1.761504411700000,1.894747734070000,-1.905162930490000,0.000000000000000
-38.080890655499999,174.799728393999999,1.535750865940000,1.761574268340000,1.894772410390000,-1.904824852940000,0.000000000000000
-38.079921722400002,174.799682617000002,1.536151289940000,1.761970639230000,1.895183801650000,-1.904762983320000,0.000000000000000
-38.106369018599999,174.784606934000010,1.554830193520000,1.788646578790000,1.926595330240000,-1.931454539300000,0.000000000000000
-38.106357574500002,174.783721923999991,1.554150104520000,1.787905693050000,1.925824165340000,-1.930953264240000,0.000000000000000
-38.102973937999998,174.787765503000003,1.553777933120000,1.788222193720000,1.926184296610000,-1.935695648190000,0.000000000000000
-38.101875305199997,174.788558959999989,1.553491950040000,1.787842392920000,1.925717234610000,-1.936902523040000,0.000000000000000
-38.102283477800000,174.788009643999999,1.553358316420000,1.787508249280000,1.925374031070000,-1.935619711880000,0.000000000000000
-38.102993011499997,174.786926270000009,1.553736448290000,1.787886142730000,1.925722718240000,-1.935297489170000,0.000000000000000
-38.103660583500002,174.786422729000009,1.553734302520000,1.787932991980000,1.925783514980000,-1.934012770650000,0.000000000000000
-38.105594635000003,174.784774779999992,1.554473638530000,1.788255929950000,1.926132798190000,-1.931785106660000,0.000000000000000
-38.105033874500002,174.785217284999987,1.554208397870000,1.788348913190000,1.926226139070000,-1.932764291760000,0.000000000000000
-38.104240417500002,174.785720824999999,1.554004311560000,1.788159966470000,1.925989031790000,-1.933460116390000,0.000000000000000
-38.106277465799998,174.783050537000008,1.553612232210000,1.787262678150000,1.925100564960000,-1.930749535560000,0.000000000000000
-38.100856780999997,174.790542603000006,1.553380370140000,1.786926388740000,1.924765706060000,-1.932623863220000,0.000000000000000
-38.101337432900003,174.789123534999987,1.552908539770000,1.787338972090000,1.925086021420000,-1.935960412030000,0.000000000000000
-38.100692748999997,174.789642334000007,1.552770733830000,1.787282943730000,1.924937725070000,-1.935750246050000,0.000000000000000
-38.094062805199997,174.796493529999992,1.544359207150000,1.774655818940000,1.913597702980000,-1.918199777600000,0.000000000000000
-38.093200683600003,174.796249390000014,1.544966220860000,1.774697303770000,1.913379788400000,-1.916960358620000,0.000000000000000
-38.092544555700002,174.796035767000006,1.543101072310000,1.772790074350000,1.911271572110000,-1.916477084160000,0.000000000000000
-38.094532012899997,174.795822143999999,1.542265892030000,1.770200729370000,1.909479975700000,-1.904706716540000,0.000000000000000
-38.087837219199997,174.799255370999987,1.539489507680000,1.769840717320000,1.907795906070000,-1.925852417950000,0.000000000000000
-38.091140747099999,174.797332764000004,1.542982935910000,1.772011160850000,1.910402655600000,-1.916577816010000,0.000000000000000
-38.090381622300001,174.797744751000010,1.542743086810000,1.771580219270000,1.910067081450000,-1.917958259580000,0.000000000000000
-38.088069915799998,174.798522948999988,1.540667176250000,1.771582484250000,1.910151600840000,-1.927237272260000,0.000000000000000
-38.088813781699997,174.798309326000009,1.540268301960000,1.770126461980000,1.908515214920000,-1.921659946440000,0.000000000000000
-38.089580535899998,174.798049926999994,1.540763139720000,1.770344972610000,1.908852815630000,-1.919231057170000,0.000000000000000
-38.091075897200000,174.796554565000008,1.541836500170000,1.771193265910000,1.909573078160000,-1.916009783740000,0.000000000000000
-38.091796875000000,174.796127318999993,1.542515993120000,1.772014975550000,1.910399794580000,-1.915760874750000,0.000000000000000
-38.091003418000000,174.795867920000006,1.541047930720000,1.770622015000000,1.908997893330000,-1.915418267250000,0.000000000000000
-38.087005615199999,174.799407959000007,1.533753752710000,1.761172294620000,1.896699428560000,-1.912698149680000,0.000000000000000
-38.086143493700000,174.799530029000010,1.534613609310000,1.761501073840000,1.896898508070000,-1.910867929460000,0.000000000000000
-38.085250854500003,174.799697876000010,1.535444140430000,1.762195825580000,1.897566437720000,-1.910685300830000,0.000000000000000
-38.083576202400003,174.799850464000002,1.535039067270000,1.761204004290000,1.895704507830000,-1.908576011660000,0.000000000000000
-38.084369659399997,174.799682617000002,1.535337805750000,1.761780619620000,1.896866083150000,-1.910306096080000,0.000000000000000
-38.082199096700002,174.799621581999986,1.535001397130000,1.760872840880000,1.894531726840000,-1.906234145160000,0.000000000000000
-38.082946777300002,174.799331665000011,1.535149216650000,1.761121988300000,1.895443081860000,-1.908221244810000,0.000000000000000
-38.081512451199998,174.799118042000003,1.534992814060000,1.760741710660000,1.894112944600000,-1.905141592030000,0.000000000000000
-38.080631256099998,174.798980712999992,1.537741184230000,1.763605952260000,1.896775126460000,-1.904064416890000,0.000000000000000
-38.079887390099998,174.798934937000013,1.536950588230000,1.762691259380000,1.895823836330000,-1.903781294820000,0.000000000000000
-38.079841613799999,174.798171996999997,1.533601760860000,1.756431818010000,1.889699339870000,-1.890226006510000,0.000000000000000
-38.105667114299997,174.784103393999999,1.554036736490000,1.787787079810000,1.925621390340000,-1.931256532670000,0.000000000000000
-38.105682373000000,174.783355712999992,1.553609967230000,1.787581086160000,1.925342321400000,-1.931662440300000,0.000000000000000
-38.102264404300001,174.787322998000008,1.552965879440000,1.787395119670000,1.925175189970000,-1.935843229290000,0.000000000000000
-38.101196289100002,174.788452148000005,1.552480101590000,1.787253260610000,1.924960494040000,-1.936562418940000,0.000000000000000
-38.101516723600000,174.787780762000011,1.552574276920000,1.787073612210000,1.924732327460000,-1.936080694200000,0.000000000000000
-38.102264404300001,174.786529540999993,1.552269935610000,1.786477923390000,1.924086451530000,-1.934038043020000,0.000000000000000
-38.102924346899997,174.786132812000005,1.552872061730000,1.786950230600000,1.924626350400000,-1.933869361880000,0.000000000000000
-38.103462219199997,174.785766601999995,1.553289413450000,1.787190675740000,1.924913406370000,-1.933402895930000,0.000000000000000
-38.104988098100002,174.784439087000010,1.553630828860000,1.787530660630000,1.925284981730000,-1.931728005410000,0.000000000000000
-38.104297637899997,174.784835815000008,1.553476691250000,1.787281274800000,1.924991488460000,-1.932242512700000,0.000000000000000
-38.103580474899999,174.785140990999992,1.552932262420000,1.786762118340000,1.924404144290000,-1.932688474660000,0.000000000000000
-38.105743408199999,174.782638550000001,1.553172469140000,1.787095427510000,1.924830079080000,-1.931658983230000,0.000000000000000
-38.105796814000001,174.781875609999986,1.547501206400000,1.776044368740000,1.913481712340000,-1.909626126290000,0.000000000000000
-38.105789184599999,174.781112670999988,1.549257278440000,1.779459118840000,1.916941642760000,-1.916890144350000,0.000000000000000
-38.099945068399997,174.790191649999997,1.550327658650000,1.781545162200000,1.918863534930000,-1.922975063320000,0.000000000000000
-38.100605010999999,174.788803101000013,1.553136467930000,1.787131309510000,1.924665570260000,-1.936403632160000,0.000000000000000
-38.099891662600001,174.789260863999999,1.552914023400000,1.786838650700000,1.924235105510000,-1.935108780860000,0.000000000000000
-38.093757629400002,174.795700073000006,1.545009970660000,1.775429010390000,1.914319157600000,-1.917765140530000,0.000000000000000
-38.092247009300003,174.795455933000000,1.542687892910000,1.772969007490000,1.911448717120000,-1.915701866150000,0.000000000000000
-38.092990875200002,174.795547484999986,1.543916225430000,1.773880004880000,1.912478089330000,-1.916558742520000,0.000000000000000
-38.094280242899998,174.795120238999999,1.546665906910000,1.777471184730000,1.916463851930000,-1.918598532680000,0.000000000000000
-38.094848632800002,174.794540404999992,1.545413494110000,1.772651553150000,1.911883831020000,-1.906338572500000,0.000000000000000
-38.096511840799998,174.791091918999996,1.551231741910000,1.782516479490000,1.919817090030000,-1.920578837390000,0.000000000000000
-38.087306976299999,174.798645020000009,1.534876465800000,1.763910293580000,1.901028275490000,-1.919527411460000,0.000000000000000
-38.090404510500001,174.796936034999987,1.541637420650000,1.770568132400000,1.908960580830000,-1.916618466380000,0.000000000000000
-38.089675903299998,174.797271728999988,1.540788173680000,1.770059943200000,1.908560752870000,-1.918329238890000,0.000000000000000
-38.087612152100000,174.798065186000002,1.538709044460000,1.769344329830000,1.907891035080000,-1.925706028940000,0.000000000000000
-38.088226318399997,174.797836303999986,1.539380192760000,1.769992709160000,1.908551812170000,-1.923585653310000,0.000000000000000
-38.088939666700000,174.797561645999991,1.538944482800000,1.768757462500000,1.907204508780000,-1.920016288760000,0.000000000000000
-38.090415954599997,174.796218871999997,1.540645360950000,1.769858598710000,1.908254265790000,-1.915976762770000,0.000000000000000
-38.091499328600001,174.795364379999995,1.541255712510000,1.771093010900000,1.909449458120000,-1.915103912350000,0.000000000000000
-38.090431213400002,174.795654296999999,1.540103077890000,1.769602179530000,1.907997012140000,-1.915634751320000,0.000000000000000
-38.090805053700002,174.795242309999992,1.540364146230000,1.770075798030000,1.908443689350000,-1.915090203290000,0.000000000000000
-38.086467742899998,174.798736571999996,1.532894849780000,1.760557889940000,1.896626591680000,-1.912200212480000,0.000000000000000
-38.085594177200001,174.798873901000007,1.534370422360000,1.761420130730000,1.897184252740000,-1.910822749140000,0.000000000000000
-38.084724426299999,174.798950195000003,1.534939050670000,1.761736154560000,1.897360444070000,-1.910479068760000,0.000000000000000
-38.083782196000001,174.798980712999992,1.534942984580000,1.761283636090000,1.896355986600000,-1.909502744670000,0.000000000000000
-38.082302093499997,174.798858642999988,1.534981846810000,1.760926961900000,1.895228862760000,-1.907456278800000,0.000000000000000
-38.083003997799999,174.798553467000005,1.535153627400000,1.761546492580000,1.896669983860000,-1.909873247150000,0.000000000000000
-38.081176757800002,174.798339843999997,1.535629153250000,1.761698961260000,1.895437121390000,-1.906922817230000,0.000000000000000
-38.081806182900003,174.798446654999992,1.535832762720000,1.762160897250000,1.896433115010000,-1.908337473870000,0.000000000000000
-38.080406189000001,174.798095703000001,1.537137150760000,1.762500524520000,1.895849466320000,-1.901976823810000,0.000000000000000
-38.081020355200003,174.797622681000007,1.532833099370000,1.755048990250000,1.888828992840000,-1.888592958450000,0.000000000000000
-38.105007171600001,174.783706665000011,1.553364992140000,1.787036538120000,1.924718379970000,-1.931657195090000,0.000000000000000
-38.105037689200003,174.782958984000004,1.552971124650000,1.786702513690000,1.924305081370000,-1.931572318080000,0.000000000000000
-38.101558685299999,174.786895751999992,1.552209734920000,1.786190271380000,1.923715591430000,-1.934712171550000,0.000000000000000
-38.100643157999997,174.788009643999999,1.552509546280000,1.786410570140000,1.923866629600000,-1.935333251950000,0.000000000000000
-38.100803375200002,174.787216187000013,1.552061676980000,1.785486459730000,1.922858834270000,-1.934223413470000,0.000000000000000
-38.101585388200000,174.786117553999986,1.551673531530000,1.785253763200000,1.922670722010000,-1.933506608010000,0.000000000000000
-38.102260589600000,174.785766601999995,1.551972389220000,1.785853624340000,1.923364996910000,-1.933502435680000,0.000000000000000
-38.102909088099999,174.785430907999995,1.552377104760000,1.786418914790000,1.923997044560000,-1.933310151100000,0.000000000000000
-38.104320526099997,174.784057617000002,1.553034424780000,1.786839246750000,1.924446105960000,-1.932035207750000,0.000000000000000
-38.103630065899999,174.784393311000002,1.552564024930000,1.786378741260000,1.923933386800000,-1.932366371150000,0.000000000000000
-38.102943420400003,174.784713745000005,1.552206873890000,1.785916566850000,1.923392176630000,-1.932703256610000,0.000000000000000
-38.105075836200001,174.782211303999986,1.552557349210000,1.786122083660000,1.923633933070000,-1.931017994880000,0.000000000000000
-38.105102539100002,174.781463623000008,1.552105069160000,1.785636782650000,1.923107147220000,-1.930726408960000,0.000000000000000
-38.105121612500000,174.780731201000009,1.550161719320000,1.781518220900000,1.918968677520000,-1.922325015070000,0.000000000000000
-38.099014282200002,174.789718628000003,1.551145195960000,1.784213662150000,1.921303987500000,-1.927237510680000,0.000000000000000
-38.096576690699997,174.790328979000009,1.551197171210000,1.783335804940000,1.920455098150000,-1.925285696980000,0.000000000000000
-38.099861144999998,174.788375854000009,1.552214384080000,1.785843253140000,1.923062562940000,-1.934372544290000,0.000000000000000
-38.099220275900002,174.788833618000012,1.552277445790000,1.786063551900000,1.923099637030000,-1.933808088300000,0.000000000000000
-38.093490600599999,174.794967651000007,1.544555902480000,1.775019288060000,1.913784027100000,-1.917679548260000,0.000000000000000
-38.091941833500002,174.794799804999997,1.541904807090000,1.772002935410000,1.910379767420000,-1.915277004240000,0.000000000000000
-38.092704772899999,174.794860840000013,1.543071866040000,1.773270964620000,1.911797642710000,-1.915892958640000,0.000000000000000
-38.094017028800003,174.794357300000001,1.545660018920000,1.776761054990000,1.915595412250000,-1.917716979980000,0.000000000000000
-38.094619751000003,174.793640137000011,1.548388004300000,1.780948519710000,1.919945716860000,-1.921574473380000,0.000000000000000
-38.095390319800003,174.791992187999995,1.552001953120000,1.784573674200000,1.922499656680000,-1.925317883490000,0.000000000000000
-38.095691680900003,174.791305542000003,1.552218198780000,1.785295486450000,1.922914028170000,-1.928051829340000,0.000000000000000
-38.095851898200003,174.790542603000006,1.550465106960000,1.782684683800000,1.920012712480000,-1.924692392350000,0.000000000000000
-38.086856842000003,174.797882079999994,1.536082386970000,1.765258431430000,1.903107166290000,-1.919508695600000,0.000000000000000
-38.089736938500003,174.796508789000001,1.540304660800000,1.769312024120000,1.907795429230000,-1.917226195340000,0.000000000000000
-38.089027404799999,174.796813965000013,1.539566278460000,1.769294023510000,1.907992482190000,-1.919927954670000,0.000000000000000
-38.087604522699998,174.797409058000000,1.537761569020000,1.768204808240000,1.906731963160000,-1.923539757730000,0.000000000000000
-38.088317871100003,174.797103881999988,1.537738084790000,1.767991662030000,1.906532049180000,-1.921550631520000,0.000000000000000
-38.089847564700001,174.795806884999990,1.539406061170000,1.768736839290000,1.907199621200000,-1.916134834290000,0.000000000000000
-38.091213226299999,174.794738770000009,1.540513753890000,1.770631790160000,1.908937215810000,-1.914471387860000,0.000000000000000
-38.090091705299997,174.795120238999999,1.538619160650000,1.768213033680000,1.906603932380000,-1.914956688880000,0.000000000000000
-38.090599060099997,174.794708251999992,1.539282202720000,1.768985033040000,1.907310605050000,-1.914686799050000,0.000000000000000
-38.085910797099999,174.798080443999993,1.533294558530000,1.760553240780000,1.896825432780000,-1.911339521410000,0.000000000000000
-38.085075378399999,174.798217773000005,1.533700585370000,1.760621786120000,1.896464228630000,-1.909941315650000,0.000000000000000
-38.084274292000003,174.798248290999993,1.533908724780000,1.760837674140000,1.896524667740000,-1.910129427910000,0.000000000000000
-38.083587646500000,174.798217773000005,1.534441113470000,1.761419177060000,1.897103786470000,-1.910828709600000,0.000000000000000
-38.082359314000001,174.798126220999990,1.535192132000000,1.761446475980000,1.896065235140000,-1.909573316570000,0.000000000000000
-38.083034515400001,174.797805785999998,1.534883737560000,1.762183547020000,1.898211240770000,-1.913108348850000,0.000000000000000
-38.081676483199999,174.797760009999990,1.536185860630000,1.762071251870000,1.896225452420000,-1.907373070720000,0.000000000000000
-38.104347228999998,174.783294678000004,1.552605509760000,1.786261200900000,1.923803210260000,-1.931362390520000,0.000000000000000
-38.104373931900000,174.782546996999997,1.552199006080000,1.785766839980000,1.923213243480000,-1.931316375730000,0.000000000000000
-38.100906372099999,174.786453246999997,1.551656961440000,1.785017967220000,1.922303080560000,-1.933647274970000,0.000000000000000
-38.100303649899999,174.786727904999992,1.551142811780000,1.784702777860000,1.921860218050000,-1.933535695080000,0.000000000000000
-38.099880218499997,174.787399292000003,1.551451563840000,1.784948110580000,1.922066450120000,-1.933706641200000,0.000000000000000
-38.100925445599998,174.785705565999990,1.550935387610000,1.784257531170000,1.921462655070000,-1.932958960530000,0.000000000000000
-38.101604461699999,174.785369873000008,1.551672339440000,1.784904360770000,1.922216892240000,-1.933169126510000,0.000000000000000
-38.102272033699997,174.785034179999997,1.551748156550000,1.785233497620000,1.922646522520000,-1.932728767400000,0.000000000000000
-38.103656768800001,174.783645629999995,1.552189588550000,1.785753488540000,1.923196792600000,-1.931610345840000,0.000000000000000
-38.102973937999998,174.783981323000006,1.551757693290000,1.785230517390000,1.922616124150000,-1.931807041170000,0.000000000000000
-38.102298736599998,174.784301757999998,1.551517367360000,1.784645557400000,1.921954154970000,-1.932108402250000,0.000000000000000
-38.104404449500002,174.781814574999999,1.551819086070000,1.785246372220000,1.922645211220000,-1.930745363240000,0.000000000000000
-38.104431152300002,174.781066895000009,1.551470279690000,1.784762859340000,1.922051668170000,-1.930836796760000,0.000000000000000
-38.104465484599999,174.780319214000002,1.550952434540000,1.784131646160000,1.921365380290000,-1.930382132530000,0.000000000000000
-38.104522705100003,174.779586792000003,1.546177387240000,1.775418996810000,1.912490606310000,-1.912309765820000,0.000000000000000
-38.097976684599999,174.789718628000003,1.546461462970000,1.775754451750000,1.912420511250000,-1.910472393040000,0.000000000000000
-38.098415374799998,174.788864136000001,1.551737666130000,1.785713076590000,1.922580718990000,-1.932996869090000,0.000000000000000
-38.097015380899997,174.789688109999986,1.551005840300000,1.783885121350000,1.920746684070000,-1.926806807520000,0.000000000000000
-38.096023559599999,174.789642334000007,1.551772594450000,1.786242127420000,1.923247218130000,-1.933500766750000,0.000000000000000
-38.098918914800002,174.787963867000002,1.551064491270000,1.784944057460000,1.921836376190000,-1.933164000510000,0.000000000000000
-38.093185424799998,174.794250487999989,1.544754266740000,1.775497794150000,1.914068102840000,-1.917135715480000,0.000000000000000
-38.091598510700003,174.794143676999994,1.541035890580000,1.771152377130000,1.909413814540000,-1.914489388470000,0.000000000000000
-38.092380523700001,174.794189453000001,1.542356967930000,1.772829294200000,1.911200404170000,-1.915197730060000,0.000000000000000
-38.093677520800000,174.793609618999994,1.545768141750000,1.777025818820000,1.915576934810000,-1.918074250220000,0.000000000000000
-38.094844818100000,174.792663573999988,1.550943136220000,1.783507823940000,1.921865940090000,-1.926152825360000,0.000000000000000
-38.094081878700003,174.792984009000008,1.546797037120000,1.779134988780000,1.917673349380000,-1.921114444730000,0.000000000000000
-38.094711303700002,174.791900634999990,1.550512552260000,1.783341169360000,1.921310663220000,-1.926939845090000,0.000000000000000
-38.095043182399998,174.791442870999987,1.550447583200000,1.783268094060000,1.920974135400000,-1.927020072940000,0.000000000000000
-38.095096588099999,174.790817261000001,1.550508975980000,1.783690452580000,1.921199083330000,-1.928429365160000,0.000000000000000
-38.095203399699997,174.790039062000005,1.550744771960000,1.784142494200000,1.921410441400000,-1.930527448650000,0.000000000000000
-38.095199585000003,174.789291381999988,1.549873471260000,1.783887982370000,1.920972466470000,-1.932272672650000,0.000000000000000
-38.086154937700002,174.797271728999988,1.532412528990000,1.760172963140000,1.897050380710000,-1.912847876550000,0.000000000000000
-38.086933135999999,174.797012329000012,1.533951282500000,1.763148546220000,1.900881290440000,-1.917987346650000,0.000000000000000
-38.089050293000000,174.796020507999998,1.538566589360000,1.767907738690000,1.906493783000000,-1.917872548100000,0.000000000000000
-38.088447570800000,174.796463012999993,1.539178133010000,1.769324183460000,1.908285260200000,-1.922227621080000,0.000000000000000
-38.087680816700001,174.796569823999988,1.536170721050000,1.766600131990000,1.905296683310000,-1.922667264940000,0.000000000000000
-38.089374542199998,174.795318603999988,1.538398742680000,1.767886161800000,1.906436324120000,-1.916613698010000,0.000000000000000
-38.088768005399999,174.795394896999994,1.537017822270000,1.766428112980000,1.905018329620000,-1.917224645610000,0.000000000000000
-38.089534759499998,174.794769287000008,1.537321448330000,1.766824483870000,1.905267596240000,-1.915238976480000,0.000000000000000
-38.090843200700000,174.794158936000002,1.540138006210000,1.770157575610000,1.908346652980000,-1.913991808890000,0.000000000000000
-38.090042114299997,174.794311523000005,1.538842558860000,1.768836259840000,1.907182216640000,-1.914777517320000,0.000000000000000
-38.085327148399998,174.797470092999987,1.533376693730000,1.760671257970000,1.897166967390000,-1.911201596260000,0.000000000000000
-38.084632873499999,174.797668456999986,1.533452987670000,1.760778188710000,1.897069573400000,-1.911299109460000,0.000000000000000
-38.083847045900001,174.797500609999986,1.534184575080000,1.761340022090000,1.897567033770000,-1.911578297620000,0.000000000000000
-38.083076477100001,174.797088623000008,1.533805251120000,1.761279582980000,1.897920846940000,-1.912985801700000,0.000000000000000
-38.082340240500002,174.797332764000004,1.536455392840000,1.764852285390000,1.901733279230000,-1.919664859770000,0.000000000000000
-38.081691741900002,174.797134398999987,1.539742827420000,1.768960833550000,1.905416369440000,-1.921512365340000,0.000000000000000
-38.082557678199997,174.796798706000004,1.535296440120000,1.763402581210000,1.900406241420000,-1.916038036350000,0.000000000000000
-38.103683471700002,174.782897948999988,1.551867008210000,1.785300135610000,1.922666072850000,-1.931357860570000,0.000000000000000
-38.103706359900002,174.782150268999999,1.551467895510000,1.784744501110000,1.922020673750000,-1.930773258210000,0.000000000000000
-38.100265502900001,174.786056518999999,1.550406217580000,1.783774256710000,1.920851588250000,-1.932768940930000,0.000000000000000
-38.099651336699999,174.786499023000005,1.550158619880000,1.783661246300000,1.920625448230000,-1.932647943500000,0.000000000000000
-38.098983764600000,174.786972045999988,1.549842238430000,1.783479809760000,1.920289993290000,-1.932297229770000,0.000000000000000
-38.100246429400002,174.785293579000012,1.549650311470000,1.782962441440000,1.919966340070000,-1.932285428050000,0.000000000000000
-38.100944519000002,174.784957886000001,1.550230145450000,1.783479094510000,1.920606613160000,-1.932328224180000,0.000000000000000
-38.101623535199998,174.784637451000009,1.551090598110000,1.784132599830000,1.921357274060000,-1.932327151300000,0.000000000000000
-38.102996826199998,174.783233642999988,1.551476001740000,1.784744739530000,1.922035813330000,-1.931375741960000,0.000000000000000
-38.102317810099997,174.783569335999999,1.551088690760000,1.784035444260000,1.921245336530000,-1.931404232980000,0.000000000000000
-38.101650237999998,174.783905029000010,1.550532817840000,1.783532142640000,1.920662403110000,-1.931716203690000,0.000000000000000
-38.103729248000000,174.781402587999992,1.551044702530000,1.784188270570000,1.921401500700000,-1.930532693860000,0.000000000000000
-38.103763580299997,174.780654907000013,1.550653100010000,1.783732891080000,1.920881390570000,-1.930118560790000,0.000000000000000
-38.103809356699998,174.779907226999995,1.550225615500000,1.783098697660000,1.920181870460000,-1.929804325100000,0.000000000000000
-38.103870391800001,174.779144287000008,1.549792408940000,1.782409667970000,1.919470429420000,-1.928800940510000,0.000000000000000
-38.097480773900003,174.788894653000000,1.551121115680000,1.785112857820000,1.921817898750000,-1.931754231450000,0.000000000000000
-38.097888946499999,174.788085937999995,1.549929261210000,1.783818840980000,1.920493364330000,-1.931846141820000,0.000000000000000
-38.096572876000003,174.788879395000009,1.550202250480000,1.784058451650000,1.920767903330000,-1.931046485900000,0.000000000000000
-38.095729827900001,174.788772582999997,1.549021482470000,1.782798886300000,1.919558405880000,-1.930533647540000,0.000000000000000
-38.098175048800002,174.787246704000012,1.549260497090000,1.783135533330000,1.919755220410000,-1.931867480280000,0.000000000000000
-38.092838287399999,174.793533324999999,1.543509125710000,1.774072766300000,1.912495613100000,-1.915881276130000,0.000000000000000
-38.091205596899997,174.793502808000000,1.539854049680000,1.769897580150000,1.907972455020000,-1.913365244870000,0.000000000000000
-38.092014312700002,174.793502808000000,1.542586684230000,1.772567033770000,1.910801529880000,-1.914888024330000,0.000000000000000
-38.093322753899997,174.792877196999996,1.544646859170000,1.776167035100000,1.914572715760000,-1.918646931650000,0.000000000000000
-38.093944549600003,174.792160034000005,1.547929883000000,1.780249834060000,1.918424725530000,-1.923951745030000,0.000000000000000
-38.094329834000000,174.791229248000008,1.549090743060000,1.781709313390000,1.919423699380000,-1.926007628440000,0.000000000000000
-38.094463348399998,174.790344237999989,1.549270868300000,1.782150387760000,1.919584155080000,-1.927711486820000,0.000000000000000
-38.094585418699999,174.789627074999999,1.548296093940000,1.781383037570000,1.918697595600000,-1.928305745120000,0.000000000000000
-38.094650268599999,174.789062500000000,1.547828555110000,1.781487703320000,1.918779492380000,-1.931112051010000,0.000000000000000
-38.095008850100001,174.788635254000013,1.547295570370000,1.781008481980000,1.918036937710000,-1.930256128310000,0.000000000000000
-38.085563659700000,174.796707153000000,1.531675577160000,1.759572625160000,1.896613478660000,-1.913116455080000,0.000000000000000
-38.086341857900003,174.796539306999989,1.531373977660000,1.760546326640000,1.898303985600000,-1.916754961010000,0.000000000000000
-38.086971282999997,174.796356201000009,1.534462332730000,1.764880299570000,1.903565645220000,-1.921947002410000,0.000000000000000
-38.088169097900000,174.795776367000002,1.538103342060000,1.768291831020000,1.907357573510000,-1.921860694890000,0.000000000000000
-38.087318420400003,174.795837401999989,1.535822153090000,1.766559004780000,1.905749201770000,-1.923730969430000,0.000000000000000
-38.088947296100002,174.794845581000004,1.537156701090000,1.766616463660000,1.905249118800000,-1.916659355160000,0.000000000000000
-38.088302612299998,174.795028687000013,1.535689949990000,1.765309572220000,1.904027342800000,-1.917903661730000,0.000000000000000
-38.089225769000002,174.794250487999989,1.536738157270000,1.766517996790000,1.904967069630000,-1.915129661560000,0.000000000000000
-38.090404510500001,174.793563842999987,1.539366960530000,1.769012451170000,1.907010555270000,-1.912951350210000,0.000000000000000
-38.089603424099998,174.793609618999994,1.537300348280000,1.767334103580000,1.905460953710000,-1.913439631460000,0.000000000000000
-38.084629058799997,174.796875000000000,1.532393097880000,1.760197162630000,1.897078275680000,-1.912362456320000,0.000000000000000
-38.083702087399999,174.796646118000012,1.533901214600000,1.762024641040000,1.899111509320000,-1.914639830590000,0.000000000000000
-38.082973480200003,174.796463012999993,1.532145380970000,1.759129643440000,1.896045446400000,-1.913656473160000,0.000000000000000
-38.081989288300001,174.796676636000001,1.532676339150000,1.761689782140000,1.899034738540000,-1.920793533330000,0.000000000000000
-38.082412719700002,174.796386718999997,1.533555984500000,1.760371685030000,1.896913051610000,-1.913237452510000,0.000000000000000
-38.103015899699997,174.782485962000010,1.550989866260000,1.784133553500000,1.921348214150000,-1.930735588070000,0.000000000000000
-38.103031158400000,174.781738281000003,1.550714969640000,1.783635735510000,1.920770645140000,-1.930444836620000,0.000000000000000
-38.099567413300001,174.785705565999990,1.548982858660000,1.782477498050000,1.919363379480000,-1.932072520260000,0.000000000000000
-38.098911285400000,174.786148071000014,1.548591017720000,1.782325506210000,1.919072508810000,-1.931931138040000,0.000000000000000
-38.098346710199998,174.786544800000001,1.548286914830000,1.782002568240000,1.918662428860000,-1.931567072870000,0.000000000000000
-38.099491119400000,174.784835815000008,1.547830462460000,1.781495690350000,1.918271660800000,-1.931729197500000,0.000000000000000
-38.100284576400000,174.784515381000006,1.548908591270000,1.782279133800000,1.919198632240000,-1.931874990460000,0.000000000000000
-38.100978851299999,174.784210204999994,1.549640774730000,1.782887697220000,1.919919729230000,-1.931756496430000,0.000000000000000
-38.102329254200001,174.782836914000001,1.550608158110000,1.783418655400000,1.920538902280000,-1.930830836300000,0.000000000000000
-38.101661682100001,174.783172607000012,1.549869537350000,1.782811045650000,1.919855833050000,-1.930958271030000,0.000000000000000
-38.101020812999998,174.783508301000012,1.549054384230000,1.782190322880000,1.919151902200000,-1.931135296820000,0.000000000000000
-38.103054046600001,174.780990601000013,1.550284266470000,1.783038735390000,1.920093655590000,-1.930028915410000,0.000000000000000
-38.103092193599998,174.780227660999998,1.549953103070000,1.782647371290000,1.919654726980000,-1.929768443110000,0.000000000000000
-38.103141784700000,174.779479979999991,1.549403667450000,1.782072305680000,1.919008612630000,-1.929463744160000,0.000000000000000
-38.103195190400001,174.778717040999993,1.549116969110000,1.781702995300000,1.918630242350000,-1.929063081740000,0.000000000000000
-38.103233337399999,174.777954101999995,1.546754479410000,1.778476834300000,1.915369272230000,-1.922525286670000,0.000000000000000
-38.103225707999997,174.777175903000000,1.546611666680000,1.778607368470000,1.915535330770000,-1.922665715220000,0.000000000000000
-38.097000122099999,174.788131714000002,1.549355268480000,1.783330559730000,1.919898986820000,-1.931709408760000,0.000000000000000
-38.097343444800003,174.787384032999995,1.548219919200000,1.782039165500000,1.918578386310000,-1.931187510490000,0.000000000000000
-38.096172332800002,174.788116454999994,1.549153566360000,1.783021450040000,1.919636011120000,-1.932154774670000,0.000000000000000
-38.095405578600001,174.788070678999986,1.547233104710000,1.781165361400000,1.917945742610000,-1.931575894360000,0.000000000000000
-38.097572326700003,174.786544800000001,1.546949982640000,1.780753493310000,1.917251348500000,-1.930754065510000,0.000000000000000
-38.092460632300003,174.792816162000008,1.542952418330000,1.773753404620000,1.911960124970000,-1.916318416600000,0.000000000000000
-38.090763092000003,174.792846679999997,1.538880705830000,1.768369317050000,1.906293630600000,-1.912316918370000,0.000000000000000
-38.091602325399997,174.792800903000000,1.541361212730000,1.771535754200000,1.909615993500000,-1.914469361310000,0.000000000000000
-38.092937469500001,174.792114257999998,1.545617818830000,1.777245640750000,1.915221929550000,-1.921188712120000,0.000000000000000
-38.093368530299998,174.791366576999991,1.546037554740000,1.777930736540000,1.915701985360000,-1.921639561650000,0.000000000000000
-38.093673706099999,174.790557860999996,1.546829938890000,1.779154062270000,1.916689753530000,-1.924696087840000,0.000000000000000
-38.093894958500002,174.789825438999998,1.545847773550000,1.778332471850000,1.915812730790000,-1.925322413440000,0.000000000000000
-38.094097137500000,174.789154053000004,1.545971632000000,1.778769850730000,1.916194081310000,-1.928131461140000,0.000000000000000
-38.094356536900001,174.788589478000006,1.546126008030000,1.779755115510000,1.917078733440000,-1.931375265120000,0.000000000000000
-38.094696044899997,174.788024901999989,1.545940876010000,1.779563665390000,1.916558623310000,-1.931611418720000,0.000000000000000
-38.085083007800002,174.796081543000014,1.532418847080000,1.761227488520000,1.899194121360000,-1.915887713430000,0.000000000000000
-38.085849762000002,174.795989990000010,1.533298611640000,1.763171672820000,1.901945590970000,-1.920494437220000,0.000000000000000
-38.086582183799997,174.795867920000006,1.534815907480000,1.765605807300000,1.904887199400000,-1.923671722410000,0.000000000000000
-38.087615966800001,174.795196532999995,1.536152482030000,1.766298890110000,1.905415177350000,-1.921184897420000,0.000000000000000
-38.086902618400003,174.795257568000011,1.534353852270000,1.764791131020000,1.903870940210000,-1.920884847640000,0.000000000000000
-38.088493347200000,174.794357300000001,1.535803675650000,1.765631198880000,1.904299855230000,-1.916878342630000,0.000000000000000
-38.087821960399999,174.794555664000001,1.534182786940000,1.763606190680000,1.902376651760000,-1.917203426360000,0.000000000000000
-38.088729858400001,174.793594359999986,1.535823106770000,1.765216112140000,1.903529882430000,-1.914081096650000,0.000000000000000
-38.089977264399998,174.792938232000012,1.537071824070000,1.766608834270000,1.904480695720000,-1.911612272260000,0.000000000000000
-38.089244842500001,174.792968750000000,1.535281896590000,1.765032052990000,1.902962565420000,-1.911673903470000,0.000000000000000
-38.084262847900000,174.796035767000006,1.533044338230000,1.761766314510000,1.899724841120000,-1.916570305820000,0.000000000000000
-38.083427429200000,174.795913696000014,1.531166076660000,1.758875489230000,1.896667361260000,-1.913798332210000,0.000000000000000
-38.082653045699999,174.795913696000014,1.531335115430000,1.760135531430000,1.898717403410000,-1.919776320460000,0.000000000000000
-38.102340698200003,174.782089232999994,1.550132632260000,1.782852053640000,1.919892907140000,-1.930310249330000,0.000000000000000
-38.102352142299999,174.781326293999996,1.549594998360000,1.782353878020000,1.919321417810000,-1.929974913600000,0.000000000000000
-38.098827362100003,174.785354613999999,1.547535419460000,1.781061172490000,1.917727708820000,-1.931486129760000,0.000000000000000
-38.098094940199999,174.785812378000003,1.546908617020000,1.780583858490000,1.917109966280000,-1.931092500690000,0.000000000000000
-38.097354888900000,174.785842895999991,1.545459389690000,1.779228210450000,1.915659070010000,-1.930627584460000,0.000000000000000
-38.098731994600001,174.784652709999989,1.546744227410000,1.780112147330000,1.916693687440000,-1.931173324580000,0.000000000000000
-38.099109649699997,174.784255981000001,1.546724915500000,1.780101060870000,1.916747689250000,-1.931069970130000,0.000000000000000
-38.099674224899999,174.784042357999994,1.547188997270000,1.780700087550000,1.917462468150000,-1.931104183200000,0.000000000000000
-38.100360870400003,174.783782959000007,1.548320651050000,1.781617045400000,1.918477654460000,-1.931285500530000,0.000000000000000
-38.101657867400000,174.782440186000002,1.549256324770000,1.782189726830000,1.919160962100000,-1.930476903920000,0.000000000000000
-38.101001739499999,174.782806396000012,1.548568725590000,1.781521081920000,1.918399691580000,-1.930602312090000,0.000000000000000
-38.100467681900000,174.783157348999993,1.547948360440000,1.781129002570000,1.917947769170000,-1.930820465090000,0.000000000000000
-38.102363586400003,174.780563354000009,1.548991680150000,1.781705617900000,1.918602705000000,-1.929390072820000,0.000000000000000
-38.102420806900000,174.779800415000011,1.548470735550000,1.781324028970000,1.918168902400000,-1.929280519490000,0.000000000000000
-38.102470397899999,174.779052734000004,1.548165559770000,1.780931115150000,1.917731285100000,-1.928880691530000,0.000000000000000
-38.101867675800001,174.779373168999996,1.547390580180000,1.780120611190000,1.916881203650000,-1.928535580640000,0.000000000000000
-38.102512359599999,174.778289795000006,1.547687411310000,1.780450701710000,1.917232513430000,-1.928555727010000,0.000000000000000
-38.102573394799997,174.777557373000008,1.547815203670000,1.780385375020000,1.917186141010000,-1.928433418270000,0.000000000000000
-38.103042602499997,174.776290893999999,1.545497298240000,1.775826573370000,1.912705421450000,-1.917275667190000,0.000000000000000
-38.102584838900000,174.776931762999993,1.547009229660000,1.779553055760000,1.916401743890000,-1.926490187640000,0.000000000000000
-38.096546173100002,174.787429809999992,1.547852993010000,1.781417250630000,1.917836904530000,-1.930739045140000,0.000000000000000
-38.096874237100003,174.786834717000005,1.546782135960000,1.780490875240000,1.916894197460000,-1.930869936940000,0.000000000000000
-38.095779418900001,174.787429809999992,1.546477556230000,1.780206799510000,1.916777253150000,-1.931006312370000,0.000000000000000
-38.095054626500001,174.787429809999992,1.544925570490000,1.778745055200000,1.915500998500000,-1.931111693380000,0.000000000000000
-38.096805572500003,174.786193848000011,1.545395970340000,1.779027938840000,1.915331959720000,-1.930287241940000,0.000000000000000
-38.090274810799997,174.792266845999990,1.537350773810000,1.766563177110000,1.904421448710000,-1.911288619040000,0.000000000000000
-38.092044830299997,174.792098998999990,1.541804790500000,1.772692203520000,1.910687088970000,-1.916410326960000,0.000000000000000
-38.091117858899999,174.792053223000011,1.539882183070000,1.769821763040000,1.907777071000000,-1.914537310600000,0.000000000000000
-38.092483520499997,174.791397095000008,1.543300271030000,1.774255037310000,1.912089467050000,-1.918897867200000,0.000000000000000
-38.092845916700000,174.790679931999989,1.543333292010000,1.774696230890000,1.912448406220000,-1.920594215390000,0.000000000000000
-38.093139648399998,174.789947509999990,1.544116854670000,1.775678753850000,1.913329839710000,-1.923632383350000,0.000000000000000
-38.093406677200001,174.789260863999999,1.543535709380000,1.775898337360000,1.913512945180000,-1.925850272180000,0.000000000000000
-38.093685150100001,174.788619995000005,1.544185876850000,1.777348995210000,1.914917111400000,-1.930084943770000,0.000000000000000
-38.093997955299997,174.788009643999999,1.544878721240000,1.778915047650000,1.916225910190000,-1.933410882950000,0.000000000000000
-38.094345092799998,174.787399292000003,1.543935775760000,1.777917504310000,1.914886832240000,-1.932223200800000,0.000000000000000
-38.085430145300002,174.795516967999987,1.531955242160000,1.761405110360000,1.899960875510000,-1.917793512340000,0.000000000000000
-38.084770202599998,174.795410156000003,1.532053709030000,1.761082172390000,1.899571776390000,-1.917200207710000,0.000000000000000
-38.086109161400003,174.795242309999992,1.532641410830000,1.762709617610000,1.901633977890000,-1.919319629670000,0.000000000000000
-38.087184905999997,174.794677734000004,1.532603859900000,1.762346982960000,1.901101589200000,-1.917675971980000,0.000000000000000
-38.086605071999998,174.794754028000000,1.531407117840000,1.761438727380000,1.900187134740000,-1.917508125310000,0.000000000000000
-38.087947845499997,174.793899535999998,1.534127712250000,1.763881921770000,1.902604818340000,-1.916818499570000,0.000000000000000
-38.087394714399998,174.794158936000002,1.532442331310000,1.761849761010000,1.900604486470000,-1.916979551320000,0.000000000000000
-38.087997436499997,174.793212890999996,1.532764792440000,1.762008786200000,1.900296211240000,-1.913130044940000,0.000000000000000
-38.088588714600000,174.792831420999988,1.533450722690000,1.762944936750000,1.900944590570000,-1.911580085750000,0.000000000000000
-38.089565277100000,174.792388915999993,1.535291314130000,1.764723181720000,1.902532219890000,-1.910732269290000,0.000000000000000
-38.089015960700003,174.792480468999997,1.533524870870000,1.763063311580000,1.900906205180000,-1.910384416580000,0.000000000000000
-38.083953857399997,174.795288085999999,1.531430959700000,1.759499311450000,1.897497773170000,-1.914465069770000,0.000000000000000
-38.083038330100003,174.795166015999996,1.528891921040000,1.755842328070000,1.893317222600000,-1.912169218060000,0.000000000000000
-38.082183837899997,174.795425415000011,1.524980306630000,1.753454923630000,1.892202377320000,-1.914682745930000,0.000000000000000
-38.101657867400000,174.781692504999995,1.548562407490000,1.781493902210000,1.918381214140000,-1.929944038390000,0.000000000000000
-38.101661682100001,174.780929565000008,1.548096418380000,1.780942559240000,1.917767167090000,-1.929436683650000,0.000000000000000
-38.098167419399999,174.785003662000008,1.546039104460000,1.779722571370000,1.916195511820000,-1.931110262870000,0.000000000000000
-38.096809387199997,174.785461426000012,1.544455885890000,1.778201937680000,1.914402127270000,-1.930698156360000,0.000000000000000
-38.097488403299998,174.785217284999987,1.544963598250000,1.778623342510000,1.914982199670000,-1.930622100830000,0.000000000000000
-38.098213195800000,174.784439087000010,1.545390129090000,1.778951287270000,1.915392279620000,-1.930776596070000,0.000000000000000
-38.098579406699997,174.784057617000002,1.545809268950000,1.779303908350000,1.915779829030000,-1.931018710140000,0.000000000000000
-38.099075317400001,174.783676146999994,1.546407818790000,1.779626965520000,1.916194796560000,-1.931080818180000,0.000000000000000
-38.099739074699997,174.783233642999988,1.546557664870000,1.780012726780000,1.916696071620000,-1.930712461470000,0.000000000000000
-38.100967407200002,174.782058715999995,1.547995686530000,1.780813813210000,1.917612433430000,-1.930165648460000,0.000000000000000
-38.100227355999998,174.782485962000010,1.546849370000000,1.780066251750000,1.916786313060000,-1.930388092990000,0.000000000000000
-38.101600646999998,174.780090331999986,1.547482371330000,1.780241489410000,1.916979908940000,-1.929041266440000,0.000000000000000
-38.101158142099997,174.779327392999988,1.546254515650000,1.778914690020000,1.915541768070000,-1.928514599800000,0.000000000000000
-38.101696014399998,174.778640746999997,1.546696782110000,1.779502987860000,1.916188955310000,-1.928447365760000,0.000000000000000
-38.101902008099998,174.777832031000003,1.546691417690000,1.779389739040000,1.916094660760000,-1.927969694140000,0.000000000000000
-38.101997375499998,174.777175903000000,1.546509623530000,1.779308795930000,1.916004300120000,-1.928122758870000,0.000000000000000
-38.102012634300003,174.774719237999989,1.541331887250000,1.769606947900000,1.906184196470000,-1.906948089600000,0.000000000000000
-38.102256774899999,174.775558472000000,1.545082330700000,1.775880694390000,1.912729978560000,-1.919075369830000,0.000000000000000
-38.102088928199997,174.776458740000010,1.546698093410000,1.779368519780000,1.916110992430000,-1.927630186080000,0.000000000000000
-38.096107482900003,174.786666870000005,1.545382857320000,1.779178023340000,1.915550351140000,-1.930943846700000,0.000000000000000
-38.095378875700000,174.786880493000012,1.544376969340000,1.778230905530000,1.914823412900000,-1.931490659710000,0.000000000000000
-38.094715118400003,174.786788940000008,1.544510006900000,1.778662204740000,1.915142178540000,-1.933482289310000,0.000000000000000
-38.096122741700000,174.785781859999986,1.543538570400000,1.777237176900000,1.913466334340000,-1.930437207220000,0.000000000000000
-38.089767456099999,174.791763306000007,1.534691452980000,1.763916134830000,1.901751279830000,-1.910206675530000,0.000000000000000
-38.090454101600002,174.791580199999999,1.537149429320000,1.766477227210000,1.904389619830000,-1.912585139270000,0.000000000000000
-38.091667175300003,174.791412353999988,1.540844321250000,1.771432757380000,1.909297466280000,-1.916918754580000,0.000000000000000
-38.091030120799999,174.791351318000011,1.538750290870000,1.768781781200000,1.906703352930000,-1.915208935740000,0.000000000000000
-38.092041015600003,174.790740967000005,1.541372418400000,1.772183418270000,1.909965753560000,-1.918802738190000,0.000000000000000
-38.092361450200002,174.790054321000014,1.541402578350000,1.772550106050000,1.910329580310000,-1.921051859860000,0.000000000000000
-38.092658996600001,174.789352417000003,1.541797280310000,1.773806333540000,1.911548852920000,-1.924855947490000,0.000000000000000
-38.092960357700001,174.788665771000012,1.542002677920000,1.774908900260000,1.912587046620000,-1.928193449970000,0.000000000000000
-38.093284606899999,174.788024901999989,1.542884469030000,1.776765346530000,1.914315104480000,-1.932600378990000,0.000000000000000
-38.093627929699998,174.787399292000003,1.543287992480000,1.777365684510000,1.914595484730000,-1.934206724170000,0.000000000000000
-38.093978881799998,174.786788940000008,1.543104171750000,1.777306556700000,1.914079189300000,-1.934098124500000,0.000000000000000
-38.085350036599998,174.794860840000013,1.532035350800000,1.761376261710000,1.900155305860000,-1.917781353000000,0.000000000000000
-38.084533691399997,174.794662476000013,1.530500054360000,1.759503841400000,1.898194432260000,-1.916850090030000,0.000000000000000
-38.086048126199998,174.794418334999989,1.529347538950000,1.758805751800000,1.897386789320000,-1.915468454360000,0.000000000000000
-38.086784362800003,174.794174193999993,1.530573487280000,1.760371565820000,1.899246096610000,-1.916917204860000,0.000000000000000
-38.087238311800000,174.793518065999990,1.532199859620000,1.761998057370000,1.900853514670000,-1.916592359540000,0.000000000000000
-38.087493896500000,174.792877196999996,1.530339598660000,1.759236216550000,1.897504925730000,-1.912103414540000,0.000000000000000
-38.087997436499997,174.792556762999993,1.531471252440000,1.760124087330000,1.898101568220000,-1.910451650620000,0.000000000000000
-38.088550567600002,174.792221068999993,1.531571507450000,1.760740637780000,1.898547768590000,-1.909445881840000,0.000000000000000
-38.089126586900001,174.791961670000006,1.532706975940000,1.762188673020000,1.899991035460000,-1.909644246100000,0.000000000000000
-38.083683013900000,174.794525146000012,1.530603766440000,1.759634733200000,1.898433208470000,-1.918506383900000,0.000000000000000
-38.082992553700002,174.794433593999997,1.526648283000000,1.754209637640000,1.892422318460000,-1.915403246880000,0.000000000000000
-38.082370758099998,174.794708251999992,1.526888728140000,1.752806186680000,1.889774322510000,-1.909383177760000,0.000000000000000
-38.100975036599998,174.781280517999988,1.547444581990000,1.780193090440000,1.916920304300000,-1.929668188100000,0.000000000000000
-38.101036071800003,174.780624390000014,1.547084689140000,1.779696226120000,1.916378974910000,-1.929230332370000,0.000000000000000
-38.096248626700003,174.785079956000004,1.542602658270000,1.776313543320000,1.912427902220000,-1.930339574810000,0.000000000000000
-38.097648620599998,174.784530640000014,1.544507384300000,1.778137922290000,1.914456605910000,-1.930667757990000,0.000000000000000
-38.096847534200002,174.784652709999989,1.543221712110000,1.776748776440000,1.912894368170000,-1.930247306820000,0.000000000000000
-38.097942352300002,174.783935546999999,1.544239997860000,1.777809619900000,1.914166569710000,-1.930553197860000,0.000000000000000
-38.098396301299999,174.783432006999988,1.544698119160000,1.778078198430000,1.914483070370000,-1.930513024330000,0.000000000000000
-38.098945617699997,174.782989501999992,1.545430302620000,1.778533816340000,1.915029883380000,-1.930522561070000,0.000000000000000
-38.099418640099998,174.782485962000010,1.545781016350000,1.778864741330000,1.915416836740000,-1.930382490160000,0.000000000000000
-38.100284576400000,174.781646728999988,1.546325683590000,1.779444932940000,1.916098475460000,-1.929897785190000,0.000000000000000
-38.099716186499997,174.781967162999990,1.545668244360000,1.778818607330000,1.915379643440000,-1.930113792420000,0.000000000000000
-38.100700378399999,174.779998779000010,1.546113610270000,1.778754591940000,1.915368437770000,-1.928896069530000,0.000000000000000
-38.100315094000003,174.779266357000012,1.544892549510000,1.777759075160000,1.914275765420000,-1.929027080540000,0.000000000000000
-38.100780487100003,174.778610229000009,1.545500636100000,1.778062820430000,1.914638996120000,-1.928360819820000,0.000000000000000
-38.101181030299998,174.777954101999995,1.545644998550000,1.778361797330000,1.914960861210000,-1.928242087360000,0.000000000000000
-38.101459503199997,174.777420043999996,1.545898795130000,1.778705835340000,1.915361881260000,-1.928042173390000,0.000000000000000
-38.101379394500000,174.776809692000000,1.545692443850000,1.778339624400000,1.914978265760000,-1.927587628360000,0.000000000000000
-38.101512908899998,174.775192261000001,1.544134497640000,1.775153398510000,1.911897182460000,-1.919309139250000,0.000000000000000
-38.101234435999999,174.774566649999997,1.543361783030000,1.773666501050000,1.910392761230000,-1.916762351990000,0.000000000000000
-38.101276397699998,174.775939940999990,1.545547842980000,1.778194308280000,1.914868116380000,-1.927372455600000,0.000000000000000
-38.095237731899999,174.786087035999998,1.543410778050000,1.777197480200000,1.913416385650000,-1.931703805920000,0.000000000000000
-38.094291687000002,174.786132812000005,1.542359352110000,1.776387929920000,1.912803888320000,-1.933120608330000,0.000000000000000
-38.095516204799999,174.785171509000008,1.542220950130000,1.775862693790000,1.911810874940000,-1.931147098540000,0.000000000000000
-38.089248657200002,174.791320801000012,1.531631946560000,1.761201858520000,1.899057388310000,-1.909411072730000,0.000000000000000
-38.089927673299997,174.791107178000004,1.534444808960000,1.763795375820000,1.901731848720000,-1.912227034570000,0.000000000000000
-38.090606689500000,174.790908812999987,1.536782741550000,1.766627430920000,1.904564619060000,-1.914842844010000,0.000000000000000
-38.091293335000003,174.790802001999992,1.538472533230000,1.769007325170000,1.906915664670000,-1.916555047040000,0.000000000000000
-38.093631744400000,174.786270142000006,1.541598081590000,1.775693535800000,1.912324428560000,-1.934162139890000,0.000000000000000
-38.091587066700001,174.790130615000010,1.538936853410000,1.769518136980000,1.907445788380000,-1.919030666350000,0.000000000000000
-38.091884612999998,174.789428710999999,1.539695620540000,1.770906805990000,1.908846616740000,-1.923084020610000,0.000000000000000
-38.092197418200001,174.788742065000008,1.539957761760000,1.772188663480000,1.910096287730000,-1.926718354230000,0.000000000000000
-38.092533111599998,174.788055420000006,1.540516853330000,1.773675799370000,1.911502599720000,-1.930643677710000,0.000000000000000
-38.092891693100000,174.787399292000003,1.541381835940000,1.775307536130000,1.912891030310000,-1.934171438220000,0.000000000000000
-38.093265533400000,174.786758423000009,1.542053699490000,1.776276826860000,1.913291692730000,-1.935647726060000,0.000000000000000
-38.084236144999998,174.793899535999998,1.529827594760000,1.759369969370000,1.898553013800000,-1.919311165810000,0.000000000000000
-38.085216522200000,174.793960571000014,1.528648734090000,1.757846474650000,1.896647334100000,-1.915085554120000,0.000000000000000
-38.086227417000003,174.793518065999990,1.528899312020000,1.758413076400000,1.897267818450000,-1.915922164920000,0.000000000000000
-38.086841583300000,174.792800903000000,1.527985811230000,1.756825566290000,1.895198345180000,-1.911566853520000,0.000000000000000
-38.087387085000003,174.792297362999989,1.528773784640000,1.757617354390000,1.895683765410000,-1.910291314130000,0.000000000000000
-38.087978362999998,174.791900634999990,1.529316782950000,1.757585167880000,1.895341157910000,-1.907930374150000,0.000000000000000
-38.088600158699997,174.791580199999999,1.529815673830000,1.758924126630000,1.896718621250000,-1.908282637600000,0.000000000000000
-38.083961486800000,174.793289184999992,1.527584314350000,1.757030844690000,1.896260976790000,-1.916901469230000,0.000000000000000
-38.083351135299999,174.793746948000006,1.528226852420000,1.758378148080000,1.898042559620000,-1.921520471570000,0.000000000000000
-38.082523345900000,174.793975829999994,1.526481628420000,1.755650997160000,1.894805312160000,-1.916440963750000,0.000000000000000
-38.100246429400002,174.780776978000006,1.545663118360000,1.778545379640000,1.915123939510000,-1.929307579990000,0.000000000000000
-38.095943450900002,174.784378051999994,1.541695237160000,1.775302886960000,1.911102771760000,-1.930622458460000,0.000000000000000
-38.097232818599998,174.783950806000007,1.543281078340000,1.776702046390000,1.912846565250000,-1.930417060850000,0.000000000000000
-38.096572876000003,174.783966063999998,1.541731238370000,1.775286078450000,1.911319494250000,-1.930259704590000,0.000000000000000
-38.097595214800002,174.783218384000008,1.543174982070000,1.776513695720000,1.912709832190000,-1.930526852610000,0.000000000000000
-38.098255157499999,174.782714843999997,1.543748140340000,1.777150511740000,1.913467168810000,-1.930435299870000,0.000000000000000
-38.098793029799999,174.782394409000005,1.544638276100000,1.777824640270000,1.914233803750000,-1.930449962620000,0.000000000000000
-38.099090576199998,174.781875609999986,1.544727802280000,1.777765393260000,1.914196014400000,-1.930131673810000,0.000000000000000
-38.099571228000002,174.781341553000004,1.545099616050000,1.778045058250000,1.914538979530000,-1.929777383800000,0.000000000000000
-38.099842071499999,174.779953003000003,1.544478654860000,1.777395129200000,1.913870215420000,-1.929245471950000,0.000000000000000
-38.099479675300003,174.779205321999996,1.543515205380000,1.776608824730000,1.912984371190000,-1.929481029510000,0.000000000000000
-38.099941253700003,174.778549193999993,1.543931722640000,1.776958227160000,1.913406014440000,-1.929074764250000,0.000000000000000
-38.100399017299999,174.777908324999999,1.544622898100000,1.777284383770000,1.913790702820000,-1.928543686870000,0.000000000000000
-38.100849151600002,174.777313232000012,1.545137643810000,1.777758240700000,1.914339423180000,-1.928071141240000,0.000000000000000
-38.100612640400001,174.776580811000002,1.544726014140000,1.777356743810000,1.913916945460000,-1.928071498870000,0.000000000000000
-38.100788116499999,174.775177001999992,1.544450402260000,1.776691555980000,1.913413047790000,-1.925055861470000,0.000000000000000
-38.100444793699999,174.774475098000011,1.542411923410000,1.772687435150000,1.909354090690000,-1.917201995850000,0.000000000000000
-38.100315094000003,174.775817870999987,1.544508457180000,1.777218222620000,1.913821578030000,-1.928534269330000,0.000000000000000
-38.094520568800000,174.785232543999996,1.541262626650000,1.775234699250000,1.911169409750000,-1.932563543320000,0.000000000000000
-38.093669891399998,174.785614014000004,1.540455341340000,1.774548411370000,1.910847306250000,-1.934017777440000,0.000000000000000
-38.095035553000002,174.784469604000009,1.540954351430000,1.774649143220000,1.910246014600000,-1.931524276730000,0.000000000000000
-38.094318389900003,174.784439087000010,1.539489746090000,1.773291110990000,1.908967018130000,-1.932255864140000,0.000000000000000
-38.099460601799997,174.773788451999991,1.540499448780000,1.770841956140000,1.907470822330000,-1.915860772130000,0.000000000000000
-38.098911285400000,174.773437500000000,1.540104866030000,1.770242333410000,1.906902551650000,-1.914584755900000,0.000000000000000
-38.088691711400003,174.790893554999997,1.528724908830000,1.758037209510000,1.895974040030000,-1.909118890760000,0.000000000000000
-38.089389801000003,174.790634154999992,1.530817151070000,1.760637044910000,1.898607254030000,-1.911287784580000,0.000000000000000
-38.090103149400001,174.790405273000005,1.533862829210000,1.763720512390000,1.901736974720000,-1.914480686190000,0.000000000000000
-38.090835571299998,174.790252686000002,1.536713957790000,1.766920566560000,1.904896020890000,-1.917160749440000,0.000000000000000
-38.092956543000000,174.786026001000010,1.539648175240000,1.773897171020000,1.910780191420000,-1.935646772380000,0.000000000000000
-38.091098785400000,174.789535521999994,1.536571264270000,1.767463564870000,1.905501842500000,-1.920243263240000,0.000000000000000
-38.091403961200001,174.788803101000013,1.537199735640000,1.768863320350000,1.907002210620000,-1.924915790560000,0.000000000000000
-38.091747283899998,174.788085937999995,1.537697196010000,1.770443081860000,1.908556461330000,-1.929294824600000,0.000000000000000
-38.092117309599999,174.787399292000003,1.538956165310000,1.772905349730000,1.910851717000000,-1.934306144710000,0.000000000000000
-38.092506408699997,174.786727904999992,1.539519310000000,1.774003028870000,1.911534667020000,-1.936663389210000,0.000000000000000
-38.084678649899999,174.793212890999996,1.527192711830000,1.757501363750000,1.896694660190000,-1.918104648590000,0.000000000000000
-38.085441589399998,174.793121337999992,1.526487469670000,1.755521774290000,1.894340634350000,-1.913476824760000,0.000000000000000
-38.086021423299997,174.792602539000001,1.524812817570000,1.753802657130000,1.892301559450000,-1.911079406740000,0.000000000000000
-38.086677551299999,174.792037964000002,1.525392055510000,1.753828763960000,1.891911983490000,-1.908716082570000,0.000000000000000
-38.087333679200000,174.791580199999999,1.526271343230000,1.754403948780000,1.892188549040000,-1.906810998920000,0.000000000000000
-38.088008880600000,174.791198729999991,1.526348352430000,1.754609107970000,1.892334103580000,-1.906029343610000,0.000000000000000
-38.084148407000001,174.792633056999989,1.524086952210000,1.754319429400000,1.893749117850000,-1.918652176860000,0.000000000000000
-38.083396911599998,174.792922973999993,1.525750160220000,1.755190372470000,1.894212722780000,-1.917544960980000,0.000000000000000
-38.093040466300003,174.785308837999992,1.538577198980000,1.773025631900000,1.909437298770000,-1.935915470120000,0.000000000000000
-38.099319457999997,174.780593871999997,1.544094324110000,1.777082681660000,1.913488984110000,-1.929655075070000,0.000000000000000
-38.095321655299998,174.783752440999990,1.539637804030000,1.773144125940000,1.908746361730000,-1.930315375330000,0.000000000000000
-38.096050262500000,174.783523559999992,1.540661692620000,1.774325251580000,1.910047769550000,-1.930487871170000,0.000000000000000
-38.096782684300003,174.783355712999992,1.541732072830000,1.775260329250000,1.911224126820000,-1.930442690850000,0.000000000000000
-38.097000122099999,174.782760620000005,1.541575431820000,1.775013089180000,1.911000490190000,-1.930391311650000,0.000000000000000
-38.097553253199997,174.782394409000005,1.542275190350000,1.775548458100000,1.911676287650000,-1.930296301840000,0.000000000000000
-38.098258972200000,174.781890868999994,1.543075561520000,1.776373147960000,1.912637352940000,-1.930108785630000,0.000000000000000
-38.098781585700003,174.781204223999993,1.543606638910000,1.776646852490000,1.912989735600000,-1.929845690730000,0.000000000000000
-38.098999023399998,174.779830933000000,1.543175816540000,1.776280641560000,1.912599086760000,-1.929815053940000,0.000000000000000
-38.098663330100003,174.779113770000009,1.542082309720000,1.775216698650000,1.911480665210000,-1.929557561870000,0.000000000000000
-38.099113464399998,174.778472899999997,1.542525649070000,1.775720477100000,1.912057042120000,-1.929226994510000,0.000000000000000
-38.099578857399997,174.777816771999994,1.543022751810000,1.776244759560000,1.912632465360000,-1.929180383680000,0.000000000000000
-38.100070953399999,174.777191162000008,1.544028043750000,1.776817917820000,1.913318514820000,-1.928780317310000,0.000000000000000
-38.099777221700002,174.776443481000001,1.543412327770000,1.776297211650000,1.912767171860000,-1.928680300710000,0.000000000000000
-38.099964141800001,174.775085448999988,1.543993830680000,1.776721835140000,1.913300633430000,-1.928313732150000,0.000000000000000
-38.099670410199998,174.774368285999998,1.542855739590000,1.775020480160000,1.911789536480000,-1.923885345460000,0.000000000000000
-38.099483489999997,174.775711059999992,1.543303012850000,1.776257157330000,1.912805557250000,-1.928823471070000,0.000000000000000
-38.093574523900003,174.784729004000013,1.538845896720000,1.773206472400000,1.909091949460000,-1.934520602230000,0.000000000000000
-38.094600677499997,174.783843993999994,1.537968635560000,1.771511793140000,1.907122612000000,-1.930362463000000,0.000000000000000
-38.093864440899999,174.783905029000010,1.537684082980000,1.772009611130000,1.907342433930000,-1.932768821720000,0.000000000000000
-38.098968505899997,174.774154662999990,1.542597413060000,1.775488972660000,1.912147402760000,-1.927652239800000,0.000000000000000
-38.098320007300003,174.773864745999987,1.542385816570000,1.775689363480000,1.912387490270000,-1.929182529450000,0.000000000000000
-38.098075866700000,174.773086548000009,1.535246849060000,1.761766433720000,1.898077845570000,-1.899846911430000,0.000000000000000
-38.088085174600003,174.790466309000010,1.524951934810000,1.753817439080000,1.891833305360000,-1.907600164410000,0.000000000000000
-38.088809967000003,174.790161132999998,1.527348279950000,1.756824135780000,1.894908189770000,-1.910385251050000,0.000000000000000
-38.089553832999997,174.789901732999994,1.530347585680000,1.760550618170000,1.898685812950000,-1.914388656620000,0.000000000000000
-38.090316772500003,174.789688109999986,1.534004211430000,1.763967752460000,1.902114987370000,-1.917476892470000,0.000000000000000
-38.092464446999998,174.785461426000012,1.538402795790000,1.773315668110000,1.909853577610000,-1.937655210490000,0.000000000000000
-38.092105865500002,174.786041259999990,1.538638830180000,1.774072408680000,1.911267757420000,-1.940494537350000,0.000000000000000
-38.090572357200003,174.788909912000008,1.533694624900000,1.764807581900000,1.903125166890000,-1.921869397160000,0.000000000000000
-38.090915679900000,174.788146973000011,1.534972190860000,1.767312765120000,1.905714392660000,-1.928351044650000,0.000000000000000
-38.091316223100002,174.787414551000012,1.536621332170000,1.770460009570000,1.908743023870000,-1.934651970860000,0.000000000000000
-38.091712951700003,174.786727904999992,1.536505699160000,1.770969748500000,1.909084677700000,-1.936380028720000,0.000000000000000
-38.085067748999997,174.792358398000005,1.523326396940000,1.752294421200000,1.890917181970000,-1.910836935040000,0.000000000000000
-38.085872650100001,174.791748046999999,1.521856188770000,1.750205039980000,1.888436079030000,-1.907909870150000,0.000000000000000
-38.086608886699999,174.791213988999999,1.520954728130000,1.748670101170000,1.886372208600000,-1.903750181200000,0.000000000000000
-38.087348937999998,174.790786743000012,1.522099971770000,1.749877572060000,1.887665987010000,-1.904362320900000,0.000000000000000
-38.084274292000003,174.791824340999995,1.522184133530000,1.751143097880000,1.889917373660000,-1.911223292350000,0.000000000000000
-38.083499908400000,174.792175293000014,1.523651361470000,1.753065109250000,1.891966462140000,-1.915827870370000,0.000000000000000
-38.092540741000001,174.784698485999996,1.538568258290000,1.773935675620000,1.909680962560000,-1.938719391820000,0.000000000000000
-38.098491668699999,174.780441284000005,1.542600750920000,1.775710225110000,1.911956310270000,-1.929949164390000,0.000000000000000
-38.094852447500003,174.783279418999996,1.538046717640000,1.771613359450000,1.907052636150000,-1.930943131450000,0.000000000000000
-38.095443725599999,174.783004761000001,1.538640499110000,1.772163271900000,1.907703280450000,-1.930283308030000,0.000000000000000
-38.096252441399997,174.782699584999989,1.539948225020000,1.773427248000000,1.909183859830000,-1.930326342580000,0.000000000000000
-38.096820831300001,174.782135009999990,1.540647029880000,1.774103641510000,1.909997105600000,-1.930476427080000,0.000000000000000
-38.097385406500003,174.781616210999999,1.541146397590000,1.774496912960000,1.910557031630000,-1.930210351940000,0.000000000000000
-38.097957611100000,174.781051636000001,1.541957378390000,1.775213718410000,1.911374926570000,-1.930160760880000,0.000000000000000
-38.098205566399997,174.779724120999987,1.541583657260000,1.774740934370000,1.910951137540000,-1.929800868030000,0.000000000000000
-38.097908019999998,174.779052734000004,1.540800571440000,1.774143218990000,1.910308837890000,-1.930106043820000,0.000000000000000
-38.098297119100003,174.778427123999990,1.541316747670000,1.774563550950000,1.910815358160000,-1.929909944530000,0.000000000000000
-38.098716735799997,174.777740478999988,1.541610836980000,1.774842381480000,1.911163091660000,-1.929243922230000,0.000000000000000
-38.099224090600003,174.777053832999997,1.542319536210000,1.775564789770000,1.911969900130000,-1.928822159770000,0.000000000000000
-38.098960876500001,174.776290893999999,1.541892170910000,1.775289416310000,1.911734938620000,-1.929115295410000,0.000000000000000
-38.099082946800003,174.774963379000013,1.542751193050000,1.775889158250000,1.912456989290000,-1.928981065750000,0.000000000000000
-38.098812103299998,174.775634765999996,1.542052984240000,1.775271058080000,1.911747217180000,-1.929177880290000,0.000000000000000
-38.093048095699999,174.783935546999999,1.537690639500000,1.772376060490000,1.907563686370000,-1.935487627980000,0.000000000000000
-38.094211578399999,174.783233642999988,1.537156462670000,1.771499991420000,1.906652688980000,-1.932482838630000,0.000000000000000
-38.093441009499998,174.783233642999988,1.537077188490000,1.771420955660000,1.906272053720000,-1.933664321900000,0.000000000000000
-38.098377227800000,174.774536132999998,1.541913270950000,1.775312781330000,1.911913156510000,-1.929168581960000,0.000000000000000
-38.097869873000000,174.774230956999986,1.541871070860000,1.775338530540000,1.911999464040000,-1.929284691810000,0.000000000000000
-38.097728729200000,174.773757934999992,1.541033506390000,1.773779869080000,1.910452842710000,-1.925908088680000,0.000000000000000
-38.097194671600001,174.773376465000013,1.537399530410000,1.766714215280000,1.903378963470000,-1.910385012630000,0.000000000000000
-38.087463378899997,174.790023803999986,1.521656274800000,1.750410079960000,1.888703942300000,-1.908319592480000,0.000000000000000
-38.088199615500002,174.789703368999994,1.524039983750000,1.753294825550000,1.891505241390000,-1.910070061680000,0.000000000000000
-38.088947296100002,174.789398193000011,1.526516795160000,1.756718158720000,1.894986152650000,-1.913979411130000,0.000000000000000
-38.089740753199997,174.789108276000007,1.530637621880000,1.760992169380000,1.899304389950000,-1.918331623080000,0.000000000000000
-38.091686248800002,174.785232543999996,1.537362098690000,1.773322820660000,1.909771561620000,-1.941213369370000,0.000000000000000
-38.091293335000003,174.786056518999999,1.536932945250000,1.772728562360000,1.910569667820000,-1.944212555890000,0.000000000000000
-38.089954376199998,174.788192748999990,1.530354380610000,1.762060284610000,1.900713801380000,-1.925030231480000,0.000000000000000
-38.090488433799997,174.787414551000012,1.532273292540000,1.765342950820000,1.904097199440000,-1.932247519490000,0.000000000000000
-38.090927123999997,174.786743164000001,1.533659935000000,1.767757058140000,1.906346321110000,-1.936655998230000,0.000000000000000
-38.085052490199999,174.791397095000008,1.518283843990000,1.746469736100000,1.884688973430000,-1.905755639080000,0.000000000000000
-38.085807800300003,174.790878295999988,1.518776178360000,1.746480584140000,1.884467959400000,-1.904043078420000,0.000000000000000
-38.086601257300003,174.790283203000001,1.517392277720000,1.744919300080000,1.882828116420000,-1.902006268500000,0.000000000000000
-38.086975097699998,174.789611815999990,1.518676519390000,1.747447848320000,1.885964393620000,-1.908176422120000,0.000000000000000
-38.084297180199997,174.791015625000000,1.518442392350000,1.746901988980000,1.885347008710000,-1.906843662260000,0.000000000000000
-38.083568573000001,174.791397095000008,1.516536355020000,1.745443582530000,1.884068250660000,-1.909939765930000,0.000000000000000
-38.082832336400003,174.791748046999999,1.516462445260000,1.741698503490000,1.880102634430000,-1.896145820620000,0.000000000000000
-38.092220306400002,174.783843993999994,1.537544965740000,1.772612094880000,1.907585859300000,-1.938664674760000,0.000000000000000
-38.091747283899998,174.784393311000002,1.536130428310000,1.771179676060000,1.906850337980000,-1.937704563140000,0.000000000000000
-38.090919494600001,174.784515381000006,1.535086393360000,1.770548462870000,1.906466722490000,-1.941892504690000,0.000000000000000
-38.097694396999998,174.780288696000014,1.540816426280000,1.774119257930000,1.910239696500000,-1.929970502850000,0.000000000000000
-38.094684600800001,174.782562256000006,1.536289930340000,1.769918799400000,1.905246615410000,-1.930620551110000,0.000000000000000
-38.095504760700003,174.782196045000006,1.537802696230000,1.771296262740000,1.906801819800000,-1.930432438850000,0.000000000000000
-38.096164703399999,174.781951904000010,1.538830041890000,1.772124052050000,1.907883405690000,-1.930092692380000,0.000000000000000
-38.096580505399999,174.781417847000000,1.539449453350000,1.772750377660000,1.908594965930000,-1.930334210400000,0.000000000000000
-38.097141265899999,174.780838012999993,1.540016651150000,1.773409366610000,1.909417510030000,-1.930277705190000,0.000000000000000
-38.097465515099998,174.779571532999995,1.540152668950000,1.773602843280000,1.909682154660000,-1.930617690090000,0.000000000000000
-38.097297668499998,174.779006957999997,1.539699912070000,1.773344755170000,1.909400582310000,-1.930886387830000,0.000000000000000
-38.097530364999997,174.778457642000006,1.539974093440000,1.773544788360000,1.909687161450000,-1.930766224860000,0.000000000000000
-38.097850799600003,174.777755737000007,1.540576934810000,1.774155497550000,1.910354733470000,-1.930693745610000,0.000000000000000
-38.098251342799998,174.776885985999996,1.541186571120000,1.774627923970000,1.910982012750000,-1.930264353750000,0.000000000000000
-38.098232269299999,174.775985717999987,1.541292548180000,1.774787902830000,1.911226511000000,-1.930095434190000,0.000000000000000
-38.098300933799997,174.775238037000008,1.541702985760000,1.775171399120000,1.911730289460000,-1.929942011830000,0.000000000000000
-38.092658996600001,174.783218384000008,1.536283612250000,1.770818829540000,1.905426621440000,-1.934868931770000,0.000000000000000
-38.093818664600001,174.782562256000006,1.536304473880000,1.770580887790000,1.905214428900000,-1.932630419730000,0.000000000000000
-38.093032836900001,174.782546996999997,1.535006761550000,1.769251942630000,1.903741359710000,-1.933380484580000,0.000000000000000
-38.097721099899999,174.774795532000013,1.540892243390000,1.774520754810000,1.911056756970000,-1.929990410800000,0.000000000000000
-38.097194671600001,174.774200438999998,1.540616273880000,1.774508118630000,1.911193013190000,-1.930698037150000,0.000000000000000
-38.096458435099997,174.773757934999992,1.540396094320000,1.774249672890000,1.910921335220000,-1.929840207100000,0.000000000000000
-38.087577819800003,174.789291381999988,1.519920468330000,1.748979568480000,1.887481808660000,-1.908963918690000,0.000000000000000
-38.088298797599997,174.788909912000008,1.521496057510000,1.750802040100000,1.889368534090000,-1.911132812500000,0.000000000000000
-38.089088439900003,174.788589478000006,1.525557160380000,1.755984663960000,1.894625544550000,-1.917493581770000,0.000000000000000
-38.089202880899997,174.787872313999998,1.526333689690000,1.757423043250000,1.896428823470000,-1.924002528190000,0.000000000000000
-38.090740203899998,174.785446167000003,1.536276102070000,1.772985696790000,1.910023689270000,-1.947587251660000,0.000000000000000
-38.090591430700002,174.786148071000014,1.534256935120000,1.769770503040000,1.908013224600000,-1.943241238590000,0.000000000000000
-38.089672088599997,174.787338256999988,1.529122710230000,1.761877536770000,1.900998115540000,-1.931893944740000,0.000000000000000
-38.090145111100000,174.786682129000013,1.532308578490000,1.767096400260000,1.906007289890000,-1.940607905390000,0.000000000000000
-38.086921691900002,174.788970946999996,1.517578005790000,1.747134327890000,1.885883927350000,-1.910874009130000,0.000000000000000
-38.085006713900000,174.790557860999996,1.515597939490000,1.743386268620000,1.881271362300000,-1.901732921600000,0.000000000000000
-38.085693359399997,174.790039062000005,1.515211701390000,1.743056893350000,1.881058335300000,-1.901883840560000,0.000000000000000
-38.086322784399997,174.789474487000007,1.516383051870000,1.744499921800000,1.882889509200000,-1.903958082200000,0.000000000000000
-38.084285736100000,174.790252686000002,1.516398072240000,1.744945168500000,1.882917761800000,-1.903735518460000,0.000000000000000
-38.083610534700000,174.790634154999992,1.518316745760000,1.746920108800000,1.885489106180000,-1.907643556590000,0.000000000000000
-38.082904815699997,174.791000365999992,1.515781641010000,1.743552088740000,1.881964325900000,-1.905351758000000,0.000000000000000
-38.090087890600003,174.784912109000004,1.533165335660000,1.769382715230000,1.906131505970000,-1.944333672520000,0.000000000000000
-38.090152740500002,174.784164428999986,1.533062577250000,1.768670320510000,1.904676318170000,-1.945797085760000,0.000000000000000
-38.091972351099997,174.783187865999992,1.534533739090000,1.769219517710000,1.904068708420000,-1.936303853990000,0.000000000000000
-38.091361999500002,174.783660889000004,1.534007668500000,1.769157886510000,1.904450535770000,-1.939518928530000,0.000000000000000
-38.090652465799998,174.783813476999995,1.533219933510000,1.768798708920000,1.904184937480000,-1.942355632780000,0.000000000000000
-38.090179443399997,174.783584595000008,1.532157897950000,1.767589569090000,1.903099179270000,-1.944771528240000,0.000000000000000
-38.096920013400002,174.780075073000006,1.539474368100000,1.772972464560000,1.908895850180000,-1.931049466130000,0.000000000000000
-38.094158172599997,174.781982421999999,1.536100268360000,1.770287156110000,1.904876589780000,-1.932529449460000,0.000000000000000
-38.094810485799997,174.781692504999995,1.535895228390000,1.770056605340000,1.905121088030000,-1.931481242180000,0.000000000000000
-38.095661163300001,174.781295776000007,1.537358760830000,1.771018028260000,1.906531214710000,-1.931189417840000,0.000000000000000
-38.096321105999998,174.780624390000014,1.538405179980000,1.771891593930000,1.907657504080000,-1.931017756460000,0.000000000000000
-38.096771240199999,174.779327392999988,1.538908839230000,1.772395133970000,1.908335924150000,-1.931031823160000,0.000000000000000
-38.096809387199997,174.778610229000009,1.539072632790000,1.772677183150000,1.908660769460000,-1.931437730790000,0.000000000000000
-38.097030639600000,174.777893065999990,1.539177060130000,1.772919535640000,1.909036874770000,-1.930983304980000,0.000000000000000
-38.097290039100002,174.777114868000012,1.539649486540000,1.773351669310000,1.909584522250000,-1.931027889250000,0.000000000000000
-38.097476959200002,174.776306151999989,1.540034174920000,1.773794054990000,1.910119891170000,-1.930940389630000,0.000000000000000
-38.097595214800002,174.775512695000003,1.540436625480000,1.774167776110000,1.910641551020000,-1.930450916290000,0.000000000000000
-38.092247009300003,174.782562256000006,1.533693194390000,1.768837690350000,1.903520703320000,-1.935906648640000,0.000000000000000
-38.093395233199999,174.781784058000000,1.534419894220000,1.768590688710000,1.902863860130000,-1.932296872140000,0.000000000000000
-38.092624664299997,174.781967162999990,1.534291625020000,1.769234418870000,1.904339194300000,-1.935918569560000,0.000000000000000
-38.097000122099999,174.775009154999992,1.540426850320000,1.773990392680000,1.910526275630000,-1.930098056790000,0.000000000000000
-38.096408844000003,174.774520873999990,1.539869904520000,1.773646354680000,1.910278797150000,-1.929140448570000,0.000000000000000
-38.095874786400003,174.774124145999991,1.540716409680000,1.774554133420000,1.911369800570000,-1.929029464720000,0.000000000000000
-38.095630645800000,174.773406982000012,1.541039109230000,1.774865984920000,1.911758661270000,-1.928860545160000,0.000000000000000
-38.095081329300001,174.772811890000014,1.542022705080000,1.776278734210000,1.913282394410000,-1.929100275040000,0.000000000000000
-38.094421386699999,174.772552490000010,1.542116999630000,1.775829315190000,1.912878751750000,-1.927697777750000,0.000000000000000
-38.087593078600001,174.788513184000010,1.519242286680000,1.748918294910000,1.887633800510000,-1.912750601770000,0.000000000000000
-38.088390350300003,174.788009643999999,1.524438381200000,1.755482554440000,1.894220232960000,-1.922607183460000,0.000000000000000
-38.088897705100003,174.787277222000000,1.527821064000000,1.760358810420000,1.899198174480000,-1.930990576740000,0.000000000000000
-38.089859008799998,174.785827637000011,1.534259319310000,1.770697116850000,1.908617138860000,-1.948273658750000,0.000000000000000
-38.089336395300002,174.786605834999989,1.530431628230000,1.765077948570000,1.904092311860000,-1.940953612330000,0.000000000000000
-38.086856842000003,174.788208007999998,1.517692208290000,1.747361421590000,1.886155128480000,-1.911834478380000,0.000000000000000
-38.086196899400001,174.788711548000009,1.515840888020000,1.744559407230000,1.883196473120000,-1.907569170000000,0.000000000000000
-38.084899902300002,174.789779662999990,1.514336466790000,1.742265701290000,1.880447387700000,-1.901020884510000,0.000000000000000
-38.085533142099997,174.789230347000000,1.513843774800000,1.741626501080000,1.879825115200000,-1.900671601300000,0.000000000000000
-38.084247589100002,174.789627074999999,1.514806866650000,1.742950439450000,1.881080746650000,-1.902324199680000,0.000000000000000
-38.083637237500000,174.789916992000002,1.519847393040000,1.748525619510000,1.887418389320000,-1.906325101850000,0.000000000000000
-38.082958221399998,174.790252686000002,1.517852306370000,1.746498107910000,1.885030269620000,-1.905785441400000,0.000000000000000
-38.089286804200000,174.785095215000013,1.530437707900000,1.766738414760000,1.904542207720000,-1.947923421860000,0.000000000000000
-38.089569091800001,174.784454345999990,1.529830813410000,1.765939354900000,1.902887821200000,-1.945656895640000,0.000000000000000
-38.089508056600003,174.783706665000011,1.530601739880000,1.766561269760000,1.902310252190000,-1.949061989780000,0.000000000000000
-38.091361999500002,174.782653809000010,1.534828066830000,1.770770430560000,1.907353758810000,-1.942732095720000,0.000000000000000
-38.090652465799998,174.783172607000012,1.533020854000000,1.768606901170000,1.904609799390000,-1.943615555760000,0.000000000000000
-38.089935302699999,174.783020020000009,1.529933571820000,1.765687346460000,1.901634454730000,-1.946201801300000,0.000000000000000
-38.096138000499998,174.779800415000011,1.537812232970000,1.771357893940000,1.907088041310000,-1.931214928630000,0.000000000000000
-38.094085693399997,174.781295776000007,1.534677743910000,1.768632769580000,1.903202176090000,-1.931330204010000,0.000000000000000
-38.094772338900000,174.780853271000012,1.534799814220000,1.768897175790000,1.903934121130000,-1.930991768840000,0.000000000000000
-38.095478057900003,174.780334473000011,1.535989165310000,1.769695997240000,1.905224442480000,-1.931161046030000,0.000000000000000
-38.095996856699998,174.778900146000012,1.537748575210000,1.771513581280000,1.907173871990000,-1.932169079780000,0.000000000000000
-38.096244812000002,174.778076171999999,1.538295149800000,1.771916031840000,1.907743930820000,-1.931856632230000,0.000000000000000
-38.096466064500000,174.777328490999992,1.538918375970000,1.772528052330000,1.908560395240000,-1.931783676150000,0.000000000000000
-38.096664428700002,174.776550293000014,1.539302349090000,1.773013710980000,1.909205794330000,-1.930817604060000,0.000000000000000
-38.096836090099998,174.775772095000008,1.539634227750000,1.773125290870000,1.909486889840000,-1.930341124530000,0.000000000000000
-38.091835021999998,174.781768798999991,1.536026597020000,1.772037744520000,1.909677505490000,-1.940939903260000,0.000000000000000
-38.091053008999999,174.781906128000003,1.533332109450000,1.768878340720000,1.906105875970000,-1.940603256230000,0.000000000000000
-38.093421935999999,174.781005859000004,1.533333420750000,1.767704248430000,1.901928067210000,-1.932080268860000,0.000000000000000
-38.092617034900002,174.781158446999996,1.535116195680000,1.770107507710000,1.906685471530000,-1.936844944950000,0.000000000000000
-38.096240997300001,174.775253295999988,1.539018750190000,1.772485017780000,1.908875346180000,-1.929452061650000,0.000000000000000
-38.095684051500001,174.774749756000006,1.539004802700000,1.772497653960000,1.908983945850000,-1.928797364230000,0.000000000000000
-38.095195770300002,174.774169921999999,1.539635181430000,1.773332715030000,1.909942626950000,-1.928129434590000,0.000000000000000
-38.094650268599999,174.773483276000007,1.541661024090000,1.775582432750000,1.912523627280000,-1.928626894950000,0.000000000000000
-38.094001769999998,174.773162842000005,1.542383432390000,1.776628971100000,1.913693785670000,-1.929025530820000,0.000000000000000
-38.087520599400001,174.787704467999987,1.522852301600000,1.753315567970000,1.891891241070000,-1.921731591220000,0.000000000000000
-38.088138580299997,174.787155151000007,1.522967696190000,1.753899931910000,1.892685532570000,-1.921054124830000,0.000000000000000
-38.088638305700002,174.786651610999996,1.524628639220000,1.756716966630000,1.895875692370000,-1.928510785100000,0.000000000000000
-38.088813781699997,174.785888671999999,1.531040191650000,1.766698956490000,1.905488848690000,-1.948181867600000,0.000000000000000
-38.088581085199998,174.785125732000012,1.528612852100000,1.764594197270000,1.903236269950000,-1.946327090260000,0.000000000000000
-38.086772918699999,174.787445068000011,1.517778277400000,1.747384190560000,1.886081099510000,-1.914179325100000,0.000000000000000
-38.086120605500000,174.787933350000003,1.514058232310000,1.742791056630000,1.881455540660000,-1.905408740040000,0.000000000000000
-38.085433960000003,174.788436890000014,1.513031601910000,1.740755081180000,1.879226684570000,-1.900856256480000,0.000000000000000
-38.084644317600002,174.788986206000004,1.513271093370000,1.741447925570000,1.879749417300000,-1.899647235870000,0.000000000000000
-38.083763122599997,174.789215087999992,1.517261028290000,1.746215701100000,1.884734153750000,-1.903164744380000,0.000000000000000
-38.082973480200003,174.789505004999995,1.519385337830000,1.748224616050000,1.887056589130000,-1.902656078340000,0.000000000000000
-38.088809967000003,174.784362793000014,1.531424999240000,1.768310189250000,1.905469775200000,-1.957322835920000,0.000000000000000
-38.088687896700002,174.783477782999995,1.528862833980000,1.765247225760000,1.901748061180000,-1.954097509380000,0.000000000000000
-38.089206695599998,174.782928467000005,1.527582645420000,1.763282060620000,1.899922370910000,-1.948778390880000,0.000000000000000
-38.088577270499997,174.782821654999992,1.526793599130000,1.762597441670000,1.899908781050000,-1.953504800800000,0.000000000000000
-38.090419769299999,174.782348632999998,1.532543659210000,1.767939805980000,1.905274271970000,-1.945322513580000,0.000000000000000
-38.089641571000001,174.782409668000014,1.527853012080000,1.763273239140000,1.900143146510000,-1.946828365330000,0.000000000000000
-38.090534210199998,174.781600951999991,1.529133558270000,1.763883948330000,1.900407075880000,-1.937977910040000,0.000000000000000
-38.095336914100002,174.779495238999999,1.535902619360000,1.769978404050000,1.905349969860000,-1.932018399240000,0.000000000000000
-38.093959808299999,174.780502318999993,1.534386992450000,1.769052624700000,1.903125643730000,-1.933276653290000,0.000000000000000
-38.094650268599999,174.779983520999991,1.535606861110000,1.769859313960000,1.904430150990000,-1.932926416400000,0.000000000000000
-38.095470428500001,174.778213501000010,1.536502242090000,1.770357608800000,1.905931353570000,-1.931118011470000,0.000000000000000
-38.095199585000003,174.778808593999997,1.535527229310000,1.769504189490000,1.904857873920000,-1.931250214580000,0.000000000000000
-38.095703125000000,174.777526854999991,1.537603378300000,1.771384239200000,1.907081961630000,-1.931352615360000,0.000000000000000
-38.095870971700002,174.776779175000001,1.537784099580000,1.771246552470000,1.907191276550000,-1.930288076400000,0.000000000000000
-38.096050262500000,174.776016234999986,1.538265347480000,1.771857738490000,1.908074855800000,-1.929703712460000,0.000000000000000
-38.091827392600003,174.780990601000013,1.534188270570000,1.769209504130000,1.906206250190000,-1.936433911320000,0.000000000000000
-38.091110229500003,174.781188965000013,1.530982851980000,1.765812158580000,1.902358651160000,-1.936742424960000,0.000000000000000
-38.093059539800002,174.780258178999986,1.533768653870000,1.768358349800000,1.903856754300000,-1.933409690860000,0.000000000000000
-38.092166900599999,174.780380248999990,1.532966375350000,1.767523288730000,1.904050111770000,-1.933983922000000,0.000000000000000
-38.095462799099998,174.775482178000004,1.538912057880000,1.772537231450000,1.908937454220000,-1.928461432460000,0.000000000000000
-38.094921112100003,174.774932860999996,1.540007710460000,1.773625493050000,1.910281896590000,-1.928101539610000,0.000000000000000
-38.094406127900001,174.774368285999998,1.540720224380000,1.774469971660000,1.911235094070000,-1.928187966350000,0.000000000000000
-38.093833923299997,174.773895264000004,1.542334795000000,1.776459813120000,1.913519978520000,-1.928922176360000,0.000000000000000
-38.087375640899999,174.786911011000001,1.519523978230000,1.749423265460000,1.888076663020000,-1.915715098380000,0.000000000000000
-38.088012695300002,174.786361693999993,1.523809552190000,1.756473422050000,1.895348191260000,-1.930971622470000,0.000000000000000
-38.087970733600002,174.785537720000008,1.527690410610000,1.762774586680000,1.901634931560000,-1.945251226430000,0.000000000000000
-38.088016510000003,174.784729004000013,1.527090787890000,1.763162970540000,1.901927232740000,-1.951628685000000,0.000000000000000
-38.086688995400003,174.786773681999989,1.517476320270000,1.747502565380000,1.886398434640000,-1.915994763370000,0.000000000000000
-38.086074829099999,174.787155151000007,1.514098644260000,1.743304491040000,1.882167577740000,-1.909631013870000,0.000000000000000
-38.085399627699999,174.787643433000000,1.512519598010000,1.740593433380000,1.879198789600000,-1.900330305100000,0.000000000000000
-38.084701538099999,174.788116454999994,1.512880682950000,1.740975379940000,1.879456281660000,-1.899351358410000,0.000000000000000
-38.083942413300001,174.788482665999993,1.514412760730000,1.742688059810000,1.881083011630000,-1.900215148930000,0.000000000000000
-38.083129882800002,174.788772582999997,1.520056843760000,1.748989701270000,1.887711763380000,-1.903509259220000,0.000000000000000
-38.088027954099999,174.783935546999999,1.529216408730000,1.766691923140000,1.904211759570000,-1.963208675380000,0.000000000000000
-38.087997436499997,174.783142090000013,1.527550578120000,1.764634132390000,1.902817249300000,-1.962753295900000,0.000000000000000
-38.088096618700000,174.782394409000005,1.525431990620000,1.762120246890000,1.901563882830000,-1.960523843770000,0.000000000000000
-38.088893890400001,174.782135009999990,1.527410507200000,1.763725757600000,1.902867436410000,-1.954666495320000,0.000000000000000
-38.089748382600000,174.781616210999999,1.527680754660000,1.763450503350000,1.901923298840000,-1.945665597920000,0.000000000000000
-38.088218689000001,174.781707764000004,1.524999856950000,1.761095166210000,1.901633262630000,-1.957349538800000,0.000000000000000
-38.090339660600002,174.780990601000013,1.530284881590000,1.765222072600000,1.903865814210000,-1.941883444790000,0.000000000000000
-38.089633941700001,174.780700684000010,1.524336576460000,1.759571433070000,1.897787928580000,-1.939624667170000,0.000000000000000
-38.094570159900002,174.779144287000008,1.534497380260000,1.768655419350000,1.903250336650000,-1.931375503540000,0.000000000000000
-38.093772888200000,174.779586792000003,1.532936334610000,1.767114400860000,1.901027083400000,-1.930310606960000,0.000000000000000
-38.095062255899997,174.777694701999991,1.535455107690000,1.769316196440000,1.904791355130000,-1.930541992190000,0.000000000000000
-38.094623565699997,174.778274535999998,1.534353733060000,1.768796443940000,1.903536200520000,-1.931755542760000,0.000000000000000
-38.093040466300003,174.779495238999999,1.530900955200000,1.764825820920000,1.899506926540000,-1.930587649350000,0.000000000000000
-38.095100402800000,174.777038573999988,1.536320328710000,1.769982218740000,1.905550718310000,-1.929712772370000,0.000000000000000
-38.095241546600001,174.776260376000010,1.537794232370000,1.771210432050000,1.907136201860000,-1.929408311840000,0.000000000000000
-38.091400146500000,174.780456543000014,1.530912518500000,1.765540719030000,1.902331113820000,-1.935163378720000,0.000000000000000
-38.090785980200003,174.780548095999990,1.528920054440000,1.763911128040000,1.901429414750000,-1.937802195550000,0.000000000000000
-38.092422485400000,174.779647826999991,1.530580759050000,1.764769673350000,1.900746345520000,-1.931941390040000,0.000000000000000
-38.091667175300003,174.779754639000004,1.530350565910000,1.764972209930000,1.901928901670000,-1.934377074240000,0.000000000000000
-38.094646453899998,174.775680542000003,1.536061286930000,1.769302487370000,1.904947400090000,-1.928175568580000,0.000000000000000
-38.094142913799999,174.775115967000005,1.536861658100000,1.769901514050000,1.905610442160000,-1.927042961120000,0.000000000000000
-38.093688964800002,174.774627686000002,1.537535190580000,1.770664572720000,1.906664848330000,-1.926764965060000,0.000000000000000
-38.087123870799999,174.786041259999990,1.519838333130000,1.751183748250000,1.890284419060000,-1.924014091490000,0.000000000000000
-38.087272644000002,174.785079956000004,1.521691441540000,1.755344390870000,1.894908428190000,-1.937451243400000,0.000000000000000
-38.087436676000003,174.784347534000005,1.526082634930000,1.762748599050000,1.901250720020000,-1.958507657050000,0.000000000000000
-38.086097717299999,174.786285399999997,1.513673543930000,1.742993712430000,1.881997466090000,-1.911684036250000,0.000000000000000
-38.085357666000000,174.786880493000012,1.511627197270000,1.739969372750000,1.878736615180000,-1.902127265930000,0.000000000000000
-38.084712982200003,174.787368773999987,1.511624813080000,1.739550113680000,1.878031253810000,-1.898049116130000,0.000000000000000
-38.084064483600002,174.787750243999994,1.513919353490000,1.741747856140000,1.880113005640000,-1.898915529250000,0.000000000000000
-38.083343505899997,174.788040160999998,1.515163421630000,1.743491768840000,1.881922006610000,-1.900174021720000,0.000000000000000
-38.087219238300001,174.783584595000008,1.525797486310000,1.763130545620000,1.900782465930000,-1.964919805530000,0.000000000000000
-38.087368011499997,174.782669067000000,1.523151278500000,1.760242581370000,1.899186372760000,-1.964239239690000,0.000000000000000
-38.087524414100002,174.781860351999995,1.528181076050000,1.764949798580000,1.908530116080000,-1.970733284950000,0.000000000000000
-38.088771820100000,174.781082153000000,1.528411746030000,1.763759732250000,1.905507683750000,-1.952951908110000,0.000000000000000
-38.087799072300001,174.781097412000008,1.527631282810000,1.763862490650000,1.907579660420000,-1.963403701780000,0.000000000000000
-38.090229034399997,174.780303954999994,1.527692317960000,1.762200832370000,1.900859236720000,-1.939233064650000,0.000000000000000
-38.089035034200002,174.780166626000010,1.526934385300000,1.761328220370000,1.903034567830000,-1.946397542950000,0.000000000000000
-38.089675903299998,174.780059813999998,1.523911356930000,1.758468031880000,1.897158265110000,-1.939635753630000,0.000000000000000
-38.093852996800003,174.778701782000013,1.533349037170000,1.767738461490000,1.901887655260000,-1.931570410730000,0.000000000000000
-38.093280792199998,174.779022217000005,1.531584143640000,1.765533208850000,1.899978399280000,-1.930518031120000,0.000000000000000
-38.094425201400000,174.777435303000004,1.534969925880000,1.769159317020000,1.903811931610000,-1.930756330490000,0.000000000000000
-38.093795776400000,174.777908324999999,1.532534122470000,1.766571998600000,1.900393724440000,-1.929182529450000,0.000000000000000
-38.092666626000003,174.778991698999988,1.530720949170000,1.764956474300000,1.900544762610000,-1.931272387500000,0.000000000000000
-38.094310760500001,174.776535034000005,1.534664630890000,1.768279433250000,1.903374552730000,-1.928117871280000,0.000000000000000
-38.090847015400001,174.779846190999990,1.527197360990000,1.762033939360000,1.899560213090000,-1.935470938680000,0.000000000000000
-38.091949462899997,174.779052734000004,1.529442429540000,1.764151334760000,1.901302814480000,-1.933638215070000,0.000000000000000
-38.091228485099997,174.779129028000000,1.528058409690000,1.762541651730000,1.900326013570000,-1.935070514680000,0.000000000000000
-38.093788146999998,174.775787353999988,1.537221193310000,1.770518064500000,1.906202316280000,-1.926977515220000,0.000000000000000
-38.093410491900002,174.775299071999996,1.536410689350000,1.769663572310000,1.905234456060000,-1.927198410030000,0.000000000000000
-38.086448669399999,174.785385131999988,1.517295002940000,1.749213814740000,1.888641953470000,-1.928053736690000,0.000000000000000
-38.086639404300001,174.784408568999993,1.520554900170000,1.756052970890000,1.894922018050000,-1.950627565380000,0.000000000000000
-38.085746765099998,174.785614014000004,1.513830184940000,1.744456529620000,1.883890748020000,-1.920710325240000,0.000000000000000
-38.085243225100001,174.786132812000005,1.511802077290000,1.740030050280000,1.878799676900000,-1.904510617260000,0.000000000000000
-38.084617614700001,174.786682129000013,1.511281013490000,1.738706231120000,1.877036809920000,-1.896939754490000,0.000000000000000
-38.084140777599998,174.787139892999988,1.513290524480000,1.740922451020000,1.879250407220000,-1.898445963860000,0.000000000000000
-38.083557128899997,174.787322998000008,1.513052463530000,1.740747213360000,1.879092812540000,-1.898537874220000,0.000000000000000
-38.086444854699998,174.783630370999987,1.519638180730000,1.756138443950000,1.894250750540000,-1.961742877960000,0.000000000000000
-38.086616516100001,174.782943726000013,1.520321607590000,1.757296681400000,1.896420359610000,-1.966140151020000,0.000000000000000
-38.086757659900002,174.782119751000010,1.520064949990000,1.757410049440000,1.900529980660000,-1.972342491150000,0.000000000000000
-38.086902618400003,174.781204223999993,1.521431326870000,1.756830215450000,1.901350378990000,-1.963934659960000,0.000000000000000
-38.087303161599998,174.780502318999993,1.522984504700000,1.757994413380000,1.900807380680000,-1.959392547610000,0.000000000000000
-38.088077545200001,174.780181884999990,1.527380704880000,1.762610912320000,1.905960202220000,-1.953694939610000,0.000000000000000
-38.090084075900002,174.779632568000011,1.526307821270000,1.760629892350000,1.899876594540000,-1.939000964160000,0.000000000000000
-38.088645935099997,174.779464722000000,1.533358335490000,1.767752170560000,1.912742257120000,-1.953756093980000,0.000000000000000
-38.089393615699997,174.779525756999988,1.525359630580000,1.759828805920000,1.900472521780000,-1.942517161370000,0.000000000000000
-38.093067169199998,174.778320312000005,1.529088974000000,1.762769937520000,1.897423386570000,-1.929345607760000,0.000000000000000
-38.093647003199997,174.777145386000001,1.530077457430000,1.763758301730000,1.897514104840000,-1.927563905720000,0.000000000000000
-38.093170166000000,174.777603148999987,1.529235720630000,1.762673020360000,1.896508336070000,-1.926810264590000,0.000000000000000
-38.092227935799997,174.778366089000002,1.526955723760000,1.761302709580000,1.898192048070000,-1.931801080700000,0.000000000000000
-38.093330383300000,174.776397704999994,1.528986334800000,1.762126326560000,1.896436095240000,-1.927114129070000,0.000000000000000
-38.090530395499997,174.779098511000001,1.525321245190000,1.759271502490000,1.897596120830000,-1.935813188550000,0.000000000000000
-38.091480255100002,174.778457642000006,1.526695132260000,1.761014938350000,1.898386240010000,-1.931893825530000,0.000000000000000
-38.090885162399999,174.778594970999990,1.524283766750000,1.758502960210000,1.895865798000000,-1.932344794270000,0.000000000000000
-38.092903137199997,174.775726318000011,1.514614224430000,1.746168017390000,1.888223052020000,-1.933928132060000,0.000000000000000
-38.085803985600002,174.784866332999997,1.515450596810000,1.748568892480000,1.887892484660000,-1.935032606120000,0.000000000000000
-38.085838317899999,174.784011840999995,1.515921473500000,1.750907421110000,1.889793157580000,-1.942186832430000,0.000000000000000
-38.085132598900003,174.785369873000008,1.508185744290000,1.737254858020000,1.875975012780000,-1.912678241730000,0.000000000000000
-38.084514617899998,174.785980225000003,1.508674383160000,1.735150218010000,1.873035788540000,-1.895978450780000,0.000000000000000
-38.083740234399997,174.786605834999989,1.511067390440000,1.738601326940000,1.876806020740000,-1.896917104720000,0.000000000000000
-38.085906982399997,174.783203125000000,1.513332009320000,1.749623417850000,1.888373017310000,-1.965175509450000,0.000000000000000
-38.086013793900001,174.782409668000014,1.513466596600000,1.749713063240000,1.891924381260000,-1.965185880660000,0.000000000000000
-38.086105346700002,174.781600951999991,1.512561798100000,1.747362136840000,1.891362667080000,-1.960886597630000,0.000000000000000
-38.086124420200001,174.780807495000005,1.516134858130000,1.749545931820000,1.896367311480000,-1.964908242230000,0.000000000000000
-38.086700439500000,174.780426024999997,1.521946072580000,1.756642222400000,1.902735471730000,-1.963037967680000,0.000000000000000
-38.087047576899998,174.779617309999992,1.533299803730000,1.769672632220000,1.918568611150000,-1.974819540980000,0.000000000000000
-38.087928771999998,174.779342651000007,1.527564764020000,1.762378931050000,1.905414700510000,-1.951451420780000,0.000000000000000
-38.089832305900003,174.778961181999989,1.525646328930000,1.759459018710000,1.899812221530000,-1.939655423160000,0.000000000000000
-38.088340759300003,174.778747559000010,1.529496312140000,1.763320684430000,1.907178044320000,-1.949199438100000,0.000000000000000
-38.089099883999999,174.778854370000005,1.529546260830000,1.763548612590000,1.906661748890000,-1.946225881580000,0.000000000000000
-38.092491149899999,174.777648926000012,1.527343392370000,1.761288881300000,1.897035002710000,-1.929279208180000,0.000000000000000
-38.092845916700000,174.776977539000001,1.525248527530000,1.759099125860000,1.895392179490000,-1.929488778110000,0.000000000000000
-38.091709137000002,174.777740478999988,1.525033354760000,1.759111166000000,1.896540522580000,-1.930809974670000,0.000000000000000
-38.092494964600000,174.776214600000003,1.522182345390000,1.755761027340000,1.893871188160000,-1.929619431500000,0.000000000000000
-38.090297698999997,174.778411865000010,1.525375843050000,1.759463906290000,1.899052262310000,-1.936219811440000,0.000000000000000
-38.090892791700000,174.777877808000000,1.523007869720000,1.756479263310000,1.894505739210000,-1.932549715040000,0.000000000000000
-38.092227935799997,174.775390625000000,1.517031431200000,1.748170375820000,1.889371514320000,-1.931748032570000,0.000000000000000
-38.085216522200000,174.783508301000012,1.512975931170000,1.748644828800000,1.887913942340000,-1.958811402320000,0.000000000000000
-38.085025787399999,174.784439087000010,1.512310147290000,1.747001647950000,1.886868834500000,-1.949936747550000,0.000000000000000
-38.084449768100001,174.785202026000007,1.502539992330000,1.729100108150000,1.866090893750000,-1.895332217220000,0.000000000000000
-38.083904266399998,174.785873412999990,1.507660984990000,1.734285473820000,1.872238397600000,-1.897300243380000,0.000000000000000
-38.085304260299999,174.782714843999997,1.507397890090000,1.745120525360000,1.888257384300000,-1.976225018500000,0.000000000000000
-38.085376739499999,174.781921387000011,1.498819828030000,1.729936122890000,1.875366926190000,-1.947321772580000,0.000000000000000
-38.085460662800003,174.781158446999996,1.505382895470000,1.737259507180000,1.881963968280000,-1.946069598200000,0.000000000000000
-38.085453033400000,174.780426024999997,1.512415289880000,1.744336009030000,1.894066095350000,-1.960757017140000,0.000000000000000
-38.086112976099997,174.780014037999990,1.526772260670000,1.761222124100000,1.910944819450000,-1.970444321630000,0.000000000000000
-38.086032867400000,174.779159545999988,1.544690608980000,1.782282710080000,1.934544801710000,-1.992316722870000,0.000000000000000
-38.086673736599998,174.778564453000001,1.543406724930000,1.779652833940000,1.930264830590000,-1.978992223740000,0.000000000000000
-38.087535858199999,174.778701782000013,1.534310340880000,1.769466519360000,1.916330575940000,-1.962525606160000,0.000000000000000
-38.089572906500003,174.778259276999989,1.527628421780000,1.761099219320000,1.902944684030000,-1.941632509230000,0.000000000000000
-38.088020324699997,174.778015137000011,1.530957698820000,1.765170812610000,1.910281658170000,-1.953014969830000,0.000000000000000
-38.088813781699997,174.778121948000006,1.529147505760000,1.762514114380000,1.905039072040000,-1.942556500430000,0.000000000000000
-38.091934204099999,174.776870728000006,1.520557522770000,1.753980994220000,1.892550587650000,-1.931246399880000,0.000000000000000
-38.091228485099997,174.777191162000008,1.523483991620000,1.757356166840000,1.894357085230000,-1.928667068480000,0.000000000000000
-38.091735839800002,174.775909423999991,1.519372701640000,1.752447724340000,1.889050126080000,-1.926112890240000,0.000000000000000
-38.090080261200001,174.777679443000011,1.524689555170000,1.758137941360000,1.898355364800000,-1.935518741610000,0.000000000000000
-38.090560913099999,174.777099609000004,1.520353317260000,1.753851056100000,1.892440319060000,-1.931178331380000,0.000000000000000
-38.091587066700001,174.775009154999992,1.519989967350000,1.752870202060000,1.888817906380000,-1.925533056260000,0.000000000000000
-38.084728241000001,174.783020020000009,1.508663535120000,1.741620659830000,1.882775783540000,-1.963068962100000,0.000000000000000
-38.084777832000000,174.781402587999992,1.496588587760000,1.724706292150000,1.872838854790000,-1.949193716050000,0.000000000000000
-38.084938049300000,174.780776978000006,1.506581306460000,1.738649368290000,1.884285211560000,-1.949872612950000,0.000000000000000
-38.084751129200001,174.780166626000010,1.513121366500000,1.744337558750000,1.895640134810000,-1.957795858380000,0.000000000000000
-38.085330963099999,174.779647826999991,1.537228703500000,1.771897792820000,1.926994204520000,-1.977456212040000,0.000000000000000
-38.085834503199997,174.778305053999986,1.549329519270000,1.787592649460000,1.939576625820000,-1.995225310330000,0.000000000000000
-38.085186004599997,174.778823853000006,1.553405046460000,1.791031956670000,1.945711970330000,-1.995542764660000,0.000000000000000
-38.086387634300003,174.777755737000007,1.542838573460000,1.779649853710000,1.929181575780000,-1.979009509090000,0.000000000000000
-38.087192535400000,174.777893065999990,1.539435267450000,1.774498224260000,1.923182606700000,-1.967572808270000,0.000000000000000
-38.089317321800003,174.777526854999991,1.522323489190000,1.755548477170000,1.896097421650000,-1.936074137690000,0.000000000000000
-38.087707519500000,174.777236937999987,1.530956983570000,1.765069842340000,1.911666154860000,-1.955867171290000,0.000000000000000
-38.088523864700001,174.777359009000008,1.525946140290000,1.759152174000000,1.902854204180000,-1.945171713830000,0.000000000000000
-38.091037750200002,174.776397704999994,1.517877578740000,1.750618219380000,1.887791991230000,-1.926844954490000,0.000000000000000
-38.091125488300001,174.775558472000000,1.517885327340000,1.750575780870000,1.888304948810000,-1.927731394770000,0.000000000000000
-38.089836120599998,174.776947021000012,1.520406603810000,1.753786802290000,1.892250061040000,-1.930173277850000,0.000000000000000
-38.090297698999997,174.776458740000010,1.519521832470000,1.752706170080000,1.891074061390000,-1.930111765860000,0.000000000000000
-38.090877532999997,174.774841309000010,1.518384218220000,1.751282095910000,1.889336466790000,-1.927686691280000,0.000000000000000
-38.086128234900002,174.777160645000009,1.540441036220000,1.776682972910000,1.926687717440000,-1.977137327190000,0.000000000000000
-38.085659027100000,174.777557373000008,1.547819375990000,1.785363316540000,1.937263727190000,-1.989077329640000,0.000000000000000
-38.084236144999998,174.780746459999989,1.505155444150000,1.736396193500000,1.883972525600000,-1.953721165660000,0.000000000000000
-38.084117889399998,174.780014037999990,1.515758514400000,1.747090816500000,1.898285627370000,-1.959550023080000,0.000000000000000
-38.084442138699998,174.779342651000007,1.534244894980000,1.768169045450000,1.922701001170000,-1.972413659100000,0.000000000000000
-38.085067748999997,174.777999878000003,1.548950672150000,1.786888957020000,1.939942955970000,-1.992635607720000,0.000000000000000
-38.084403991700000,174.778427123999990,1.536818861960000,1.772593140600000,1.924582719800000,-1.976044297220000,0.000000000000000
-38.086841583300000,174.777069092000005,1.535857319830000,1.770868897440000,1.918656945230000,-1.964204669000000,0.000000000000000
-38.087440490699997,174.776611328000001,1.528013467790000,1.761819839480000,1.908845543860000,-1.957000374790000,0.000000000000000
-38.089080810500000,174.776748657000013,1.519588470460000,1.752372026440000,1.893261075020000,-1.935997128490000,0.000000000000000
-38.088214874300000,174.776519774999997,1.523826360700000,1.756965756420000,1.900968909260000,-1.944062113760000,0.000000000000000
-38.090385437000002,174.775680542000003,1.517891049390000,1.750988245010000,1.888096928600000,-1.926461100580000,0.000000000000000
-38.089672088599997,174.776184081999986,1.514006972310000,1.746634960170000,1.884112000470000,-1.926457881930000,0.000000000000000
-38.090164184599999,174.774963379000013,1.518941521640000,1.752071976660000,1.889277815820000,-1.926785826680000,0.000000000000000
-38.086185455299997,174.776550293000014,1.535366296770000,1.770356535910000,1.919805765150000,-1.969640135770000,0.000000000000000
-38.085563659700000,174.776870728000006,1.538508057590000,1.774435758590000,1.924716115000000,-1.976190328600000,0.000000000000000
-38.084968566900002,174.777236937999987,1.538583397870000,1.774808764460000,1.924966573720000,-1.977398991580000,0.000000000000000
-38.083610534700000,174.779556273999987,1.493250727650000,1.718375563620000,1.864884495740000,-1.922159194950000,0.000000000000000
-38.083690643300002,174.778793334999989,1.511373400690000,1.742568492890000,1.890927433970000,-1.951934814450000,0.000000000000000
-38.084342956500002,174.777633667000003,1.528815865520000,1.763291239740000,1.913076758380000,-1.967674255370000,0.000000000000000
-38.083690643300002,174.778015137000011,1.514173150060000,1.745920419690000,1.894338965420000,-1.954538583760000,0.000000000000000
-38.086856842000003,174.776245117000002,1.528099179270000,1.762212753300000,1.910047650340000,-1.960087299350000,0.000000000000000
-38.086189269999998,174.775817870999987,1.523045420650000,1.756435751910000,1.904864907260000,-1.961059927940000,0.000000000000000
-38.087574005100002,174.775955199999999,1.518791794780000,1.751832365990000,1.897566556930000,-1.951225399970000,0.000000000000000
-38.088916778600002,174.775955199999999,1.513642907140000,1.745437145230000,1.889006376270000,-1.941394686700000,0.000000000000000
-38.088249206500002,174.775756835999999,1.508284688000000,1.740088820460000,1.882249236110000,-1.937639474870000,0.000000000000000
-38.089515685999999,174.775314331000004,1.519026994710000,1.752198696140000,1.890143394470000,-1.927349686620000,0.000000000000000
-38.085533142099997,174.776168823000006,1.524130821230000,1.758588194850000,1.906263947490000,-1.959549665450000,0.000000000000000
-38.084903717000003,174.776519774999997,1.523469567300000,1.757997632030000,1.906100153920000,-1.961130738260000,0.000000000000000
-38.084278106699998,174.776885985999996,1.520006656650000,1.753111124040000,1.901698350910000,-1.957784891130000,0.000000000000000
-38.083019256599997,174.778320312000005,1.504801630970000,1.734892964360000,1.883276104930000,-1.944341897960000,0.000000000000000
-38.086910247799999,174.775466918999996,1.516108155250000,1.749344110490000,1.895215153690000,-1.951756119730000,0.000000000000000
-38.086147308299999,174.775039673000009,1.520274043080000,1.753171682360000,1.903956770900000,-1.963575243950000,0.000000000000000
-38.087768554699998,174.775161743000012,1.508648991580000,1.739729762080000,1.887836098670000,-1.953897833820000,0.000000000000000
-38.088771820100000,174.775222778000000,1.494461417200000,1.724222779270000,1.864546537400000,-1.932678103450000,0.000000000000000
-38.086914062500000,174.774551392000006,1.513609647750000,1.745643258090000,1.896989583970000,-1.966625571250000,0.000000000000000
-38.087692260700003,174.774444579999994,1.506559729580000,1.738182306290000,1.887480020520000,-1.952425003050000,0.000000000000000
-38.088275909399997,174.774734496999997,1.495339751240000,1.725573182110000,1.878112316130000,-1.970031976700000,0.000000000000000
-38.087394714399998,174.773727417000003,1.514612793920000,1.746165513990000,1.895938873290000,-1.955676555630000,0.000000000000000
-38.088104248000000,174.774032592999987,1.512132525440000,1.744395732880000,1.898714184760000,-1.970373511310000,0.000000000000000
-38.088153839100002,174.773284912000008,1.510188341140000,1.741740465160000,1.890341877940000,-1.951035857200000,0.000000000000000
