latitude,longitude,mhws10,mhwsc,hat,lat,mask
-37.756385803199997,174.948104857999994,1.503911256790000,1.650844454770000,1.784756064410000,-1.429236412050000,0.000000000000000
-37.757537841800001,174.944549561000002,1.502825021740000,1.649741411210000,1.783550500870000,-1.428336858750000,0.000000000000000
-37.757598877000000,174.945205687999987,1.502956032750000,1.649901390080000,1.783722877500000,-1.428514599800000,0.000000000000000
-37.756893157999997,174.947647095000008,1.503702163700000,1.650649309160000,1.784526705740000,-1.429066896440000,0.000000000000000
-37.757179260299999,174.948196410999998,1.503807663920000,1.650761008260000,1.784644246100000,-1.428982257840000,0.000000000000000
-37.757053375200002,174.947097778000000,1.503551483150000,1.650504231450000,1.784366726880000,-1.428906083110000,0.000000000000000
-37.757591247599997,174.945571898999987,1.503102779390000,1.650034308430000,1.783871650700000,-1.428683638570000,0.000000000000000
-37.757247924799998,174.946426392000006,1.503338813780000,1.650295495990000,1.784143567090000,-1.428887248040000,0.000000000000000
-37.757579803500001,174.945983887000011,1.503155231480000,1.650105357170000,1.783927440640000,-1.428561568260000,0.000000000000000
-37.757720947300001,174.944168090999995,1.502701401710000,1.649619579320000,1.783424854280000,-1.428336858750000,0.000000000000000
-37.757984161400003,174.944534301999994,1.502724170680000,1.649647712710000,1.783442735670000,-1.428277850150000,0.000000000000000
-37.757789611800000,174.944900512999993,1.502873659130000,1.649818658830000,1.783630847930000,-1.428488492970000,0.000000000000000
-37.758007049600003,174.945312500000000,1.502956509590000,1.649880886080000,1.783683538440000,-1.428382515910000,0.000000000000000
-37.757492065400001,174.947616576999991,1.503699660300000,1.650628805160000,1.784513831140000,-1.429095983510000,0.000000000000000
-37.757900237999998,174.948242187999995,1.503701567650000,1.650642871860000,1.784510374070000,-1.428879618640000,0.000000000000000
-37.757724762000002,174.946975707999997,1.503422379490000,1.650357723240000,1.784204363820000,-1.428722620010000,0.000000000000000
-37.758010864299997,174.945816040000011,1.503077149390000,1.650002121930000,1.783821940420000,-1.428615808490000,0.000000000000000
-37.757926940899999,174.946365356000001,1.503332376480000,1.650224566460000,1.784074544910000,-1.428807735440000,0.000000000000000
-37.757511138900000,174.941711426000012,1.502178311350000,1.649056196210000,1.782817840580000,-1.427452206610000,0.000000000000000
-37.757663726799997,174.943450928000004,1.502502560620000,1.649429321290000,1.783217668530000,-1.428062438960000,0.000000000000000
-37.757907867400000,174.943801879999995,1.502573370930000,1.649485349660000,1.783270835880000,-1.428104400630000,0.000000000000000
-37.757659912100003,174.942764282000013,1.502346754070000,1.649250984190000,1.783030271530000,-1.427818179130000,0.000000000000000
-37.757869720499997,174.943099976000013,1.502387881280000,1.649298310280000,1.783076882360000,-1.427873253820000,0.000000000000000
-37.757694244400000,174.942077637000011,1.502263665200000,1.649113774300000,1.782888293270000,-1.427617311480000,0.000000000000000
-37.757884979200000,174.942428589000002,1.502224445340000,1.649120688440000,1.782886624340000,-1.427817583080000,0.000000000000000
-37.758163452100000,174.944137573000006,1.502623677250000,1.649536490440000,1.783325076100000,-1.428187012670000,0.000000000000000
-37.758438110400000,174.944488524999997,1.502681970600000,1.649609565730000,1.783403754230000,-1.428304672240000,0.000000000000000
-37.758243560799997,174.944900512999993,1.502808809280000,1.649732589720000,1.783539772030000,-1.428416848180000,0.000000000000000
-37.758445739700001,174.945236206000004,1.502864837650000,1.649782776830000,1.783589243890000,-1.428464770320000,0.000000000000000
-37.758373260500001,174.945587157999995,1.502997279170000,1.649903655050000,1.783721804620000,-1.428589820860000,0.000000000000000
-37.758201599099998,174.947555542000003,1.503582835200000,1.650497317310000,1.784353017810000,-1.428922295570000,0.000000000000000
-37.758716583300000,174.948196410999998,1.503561615940000,1.650502800940000,1.784354686740000,-1.428856134410000,0.000000000000000
-37.758426666299997,174.946838379000013,1.503251433370000,1.650193095210000,1.784009695050000,-1.428693771360000,0.000000000000000
-37.758579254200001,174.946090698000006,1.503080725670000,1.649997234340000,1.783804297450000,-1.428463697430000,0.000000000000000
-37.757801055900003,174.941406250000000,1.502084136010000,1.648935079570000,1.782697081570000,-1.427436470990000,0.000000000000000
-37.757938385000003,174.941772460999999,1.502114534380000,1.648992657660000,1.782747745510000,-1.427469372750000,0.000000000000000
-37.758190155000001,174.941497803000004,1.501953363420000,1.648866891860000,1.782602667810000,-1.427313804630000,0.000000000000000
-37.758098602300002,174.943435668999996,1.502450346950000,1.649360656740000,1.783141970630000,-1.428009271620000,0.000000000000000
-37.758335113500003,174.943771362000007,1.502506613730000,1.649415135380000,1.783201217650000,-1.428133010860000,0.000000000000000
-37.758079528800003,174.942764282000013,1.502291798590000,1.649206399920000,1.782972216610000,-1.427765369420000,0.000000000000000
-37.758285522500003,174.943099976000013,1.502339124680000,1.649249553680000,1.783024549480000,-1.427960276600000,0.000000000000000
-37.758110046399999,174.942108154000010,1.502125740050000,1.649039506910000,1.782792449000000,-1.427521705630000,0.000000000000000
-37.758289337199997,174.942443848000011,1.502168536190000,1.649082660680000,1.782844901080000,-1.427627205850000,0.000000000000000
-37.757572174099998,174.937393187999987,1.501476526260000,1.648198962210000,1.781928300860000,-1.426059007640000,0.000000000000000
-37.758602142299999,174.944091796999999,1.502562999730000,1.649475216870000,1.783260226250000,-1.428199291230000,0.000000000000000
-37.758853912399999,174.944396973000011,1.502583265300000,1.649504899980000,1.783284664150000,-1.428177356720000,0.000000000000000
-37.758789062500000,174.944900512999993,1.502740621570000,1.649657726290000,1.783442139630000,-1.428300619130000,0.000000000000000
-37.758819580100003,174.945495604999991,1.502897858620000,1.649812698360000,1.783604621890000,-1.428396463390000,0.000000000000000
-37.758953094500001,174.947418212999992,1.503411293030000,1.650315523150000,1.784157633780000,-1.428703784940000,0.000000000000000
-37.759441375700000,174.947967529000010,1.503441214560000,1.650380373000000,1.784203767780000,-1.428872823720000,0.000000000000000
-37.759170532200002,174.946655273000005,1.503191113470000,1.650086164470000,1.783905982970000,-1.428710103030000,0.000000000000000
-37.759334564200003,174.945922851999995,1.502977371220000,1.649872541430000,1.783672451970000,-1.428586602210000,0.000000000000000
-37.757694244400000,174.941024779999992,1.502037525180000,1.648890495300000,1.782642006870000,-1.427266716960000,0.000000000000000
-37.757606506300000,174.940628051999994,1.502020955090000,1.648844838140000,1.782598972320000,-1.427245855330000,0.000000000000000
-37.758098602300002,174.941131592000005,1.501884341240000,1.648791074750000,1.782528281210000,-1.427263498310000,0.000000000000000
-37.758327484100001,174.941818237000007,1.501992106440000,1.648905515670000,1.782655239110000,-1.427524566650000,0.000000000000000
-37.758499145499997,174.941558837999992,1.501934051510000,1.648846268650000,1.782588958740000,-1.427424311640000,0.000000000000000
-37.758468627900001,174.941253662000008,1.501837372780000,1.648754000660000,1.782486200330000,-1.427295684810000,0.000000000000000
-37.758518219000003,174.943420409999987,1.502413153650000,1.649312496190000,1.783083319660000,-1.427987098690000,0.000000000000000
-37.758716583300000,174.943725585999999,1.502442598340000,1.649350285530000,1.783119201660000,-1.428006649020000,0.000000000000000
-37.758491516100001,174.942779540999993,1.502231478690000,1.649135351180000,1.782898783680000,-1.427829980850000,0.000000000000000
-37.758659362800003,174.943084717000005,1.502256155010000,1.649183273320000,1.782938957210000,-1.427782773970000,0.000000000000000
-37.758518219000003,174.942138671999999,1.502048730850000,1.648964405060000,1.782712340350000,-1.427609324460000,0.000000000000000
-37.758659362800003,174.942459106000001,1.502095818520000,1.649022936820000,1.782767295840000,-1.427660346030000,0.000000000000000
-37.757617950399997,174.936691284000005,1.501371383670000,1.648060917850000,1.781794071200000,-1.425946950910000,0.000000000000000
-37.757797241200002,174.937057495000005,1.501399636270000,1.648105502130000,1.781839132310000,-1.426060080530000,0.000000000000000
-37.757781982399997,174.937744140999996,1.501470565800000,1.648220062260000,1.781939864160000,-1.426176786420000,0.000000000000000
-37.757980346700002,174.937393187999987,1.501380324360000,1.648116350170000,1.781838417050000,-1.426149845120000,0.000000000000000
-37.757785797099999,174.938446045000006,1.501541256900000,1.648343682290000,1.782070875170000,-1.426413178440000,0.000000000000000
-37.757999420200001,174.938095092999987,1.501413345340000,1.648228883740000,1.781941413880000,-1.426300048830000,0.000000000000000
-37.759113311800000,174.943984984999986,1.502519249920000,1.649436235430000,1.783216118810000,-1.428176522250000,0.000000000000000
-37.759323120099999,174.944549561000002,1.502666711810000,1.649567961690000,1.783358454700000,-1.428358554840000,0.000000000000000
-37.759403228799997,174.945205687999987,1.502804398540000,1.649711728100000,1.783511400220000,-1.428415179250000,0.000000000000000
-37.759765625000000,174.947265625000000,1.503197550770000,1.650141954420000,1.783937454220000,-1.428637266160000,0.000000000000000
-37.759967803999999,174.946441649999997,1.503031373020000,1.649970531460000,1.783761978150000,-1.428446888920000,0.000000000000000
-37.760059356699998,174.945617676000012,1.502908825870000,1.649825692180000,1.783618330960000,-1.428454279900000,0.000000000000000
-37.757854461699999,174.936370850000003,1.501227974890000,1.647912025450000,1.781634092330000,-1.425842881200000,0.000000000000000
-37.758010864299997,174.940750121999997,1.501803278920000,1.648712158200000,1.782445549960000,-1.427120566370000,0.000000000000000
-37.757900237999998,174.940399170000006,1.501769781110000,1.648664236070000,1.782395362850000,-1.427008390430000,0.000000000000000
-37.757976532000001,174.940002440999990,1.501670002940000,1.648560047150000,1.782282471660000,-1.426871776580000,0.000000000000000
-37.758422851600002,174.940872192000000,1.501783728600000,1.648695230480000,1.782421231270000,-1.427176833150000,0.000000000000000
-37.758716583300000,174.941802978999988,1.501936912540000,1.648860454560000,1.782589793210000,-1.427364945410000,0.000000000000000
-37.758796691900002,174.941436767999988,1.501827359200000,1.648751378060000,1.782476663590000,-1.427318930630000,0.000000000000000
-37.758796691900002,174.941055298000009,1.501736044880000,1.648668289180000,1.782385826110000,-1.427156925200000,0.000000000000000
-37.759014129599997,174.943374634000008,1.502359747890000,1.649273395540000,1.783053994180000,-1.428088545800000,0.000000000000000
-37.758979797400002,174.942779540999993,1.502195239070000,1.649107337000000,1.782868862150000,-1.427810788150000,0.000000000000000
-37.759010314900003,174.942184448000006,1.502026796340000,1.648948788640000,1.782698273660000,-1.427618861200000,0.000000000000000
-37.757984161400003,174.938812256000006,1.501500487330000,1.648353576660000,1.782070279120000,-1.426501512530000,0.000000000000000
-37.758068084700000,174.936721801999994,1.501266121860000,1.647973418240000,1.781695127490000,-1.425966262820000,0.000000000000000
-37.758155822799999,174.937088012999993,1.501265764240000,1.648026943210000,1.781742691990000,-1.426046013830000,0.000000000000000
-37.758197784399997,174.937728881999988,1.501316547390000,1.648130655290000,1.781846642490000,-1.426214575770000,0.000000000000000
-37.758377075200002,174.937362670999988,1.501225948330000,1.648034572600000,1.781741976740000,-1.426097154620000,0.000000000000000
-37.758216857900003,174.938446045000006,1.501376390460000,1.648238182070000,1.781940102580000,-1.426360845570000,0.000000000000000
-37.758430480999998,174.938079834000007,1.501260757450000,1.648131608960000,1.781827926640000,-1.426237344740000,0.000000000000000
-37.758209228500000,174.939651488999999,1.501565814020000,1.648463130000000,1.782173156740000,-1.426779985430000,0.000000000000000
-37.758197784399997,174.939239501999992,1.501477360730000,1.648377776150000,1.782084941860000,-1.426627278330000,0.000000000000000
-37.758346557599999,174.940399170000006,1.501676678660000,1.648592948910000,1.782309532170000,-1.427039504050000,0.000000000000000
-37.758472442600002,174.939926146999994,1.501532197000000,1.648463368420000,1.782169580460000,-1.426846027370000,0.000000000000000
-37.758800506599997,174.940643311000002,1.501622319220000,1.648558259010000,1.782268524170000,-1.427039384840000,0.000000000000000
-37.759136200000000,174.941680907999995,1.501870512960000,1.648800849910000,1.782535314560000,-1.427464723590000,0.000000000000000
-37.759170532200002,174.941238403000000,1.501793980600000,1.648718953130000,1.782443046570000,-1.427295088770000,0.000000000000000
-37.759117126500001,174.940872192000000,1.501670718190000,1.648604035380000,1.782314300540000,-1.427141189580000,0.000000000000000
-37.759510040300000,174.942489623999990,1.502060890200000,1.648987412450000,1.782724618910000,-1.427604794500000,0.000000000000000
-37.758434295699999,174.938827515000014,1.501334428790000,1.648249983790000,1.781941294670000,-1.426446318630000,0.000000000000000
-37.758613586400003,174.937698363999999,1.501179575920000,1.648054957390000,1.781746149060000,-1.426186442380000,0.000000000000000
-37.758663177499997,174.938446045000006,1.501245260240000,1.648161768910000,1.781850218770000,-1.426358222960000,0.000000000000000
-37.758876800499998,174.938049315999990,1.501137137410000,1.648062467580000,1.781744122510000,-1.426225066180000,0.000000000000000
-37.758575439500000,174.939514159999987,1.501405477520000,1.648339748380000,1.782031178470000,-1.426610589030000,0.000000000000000
-37.758636474600003,174.939147948999988,1.501362562180000,1.648287653920000,1.781977176670000,-1.426547288890000,0.000000000000000
-37.758853912399999,174.940185546999999,1.501522898670000,1.648460149770000,1.782159566880000,-1.426845908160000,0.000000000000000
-37.758869171100002,174.939773559999992,1.501461744310000,1.648390054700000,1.782084345820000,-1.426745414730000,0.000000000000000
-37.758892059300003,174.938842773000005,1.501238822940000,1.648177266120000,1.781855463980000,-1.426366806030000,0.000000000000000
-37.759140014600000,174.938430785999998,1.501155257230000,1.648091197010000,1.781759381290000,-1.426256775860000,0.000000000000000
-37.759067535400000,174.939346312999987,1.501314520840000,1.648266792300000,1.781945705410000,-1.426562428470000,0.000000000000000
-37.770950317400001,174.940872192000000,1.499831914900000,1.646710753440000,1.779538989070000,-1.421930193900000,0.000000000000000
-37.770427703899998,174.940139770999991,1.498822093010000,1.645673513410000,1.778374552730000,-1.421022653580000,0.000000000000000
-37.769603729200000,174.940979004000013,1.499801039700000,1.646629333500000,1.779523491860000,-1.422339439390000,0.000000000000000
-37.771713256799998,174.941375732000012,1.500155687330000,1.646986007690000,1.779899358750000,-1.421820878980000,0.000000000000000
-37.771778106699998,174.940628051999994,1.499710917470000,1.646617174150000,1.779413938520000,-1.421854496000000,0.000000000000000
-37.770568847699998,174.939300537000008,1.498544335370000,1.645360112190000,1.778025746350000,-1.421266436580000,0.000000000000000
-37.771373748800002,174.939895629999995,1.499166488650000,1.646069526670000,1.778770327570000,-1.420837640760000,0.000000000000000
-37.769645690899999,174.939697265999996,1.498547911640000,1.645412087440000,1.778072118760000,-1.420807957650000,0.000000000000000
-37.768520355200003,174.940002440999990,1.498957753180000,1.645730972290000,1.778485178950000,-1.421578168870000,0.000000000000000
-37.769832611100000,174.938766479000009,1.497903108600000,1.644639849660000,1.777209877970000,-1.420395493510000,0.000000000000000
-37.770648956300001,174.938430785999998,1.497945427890000,1.644548892970000,1.777068734170000,-1.420136928560000,0.000000000000000
-37.772327423100002,174.940063476999995,1.499622702600000,1.646452784540000,1.779256105420000,-1.421471714970000,0.000000000000000
-37.771476745599998,174.938842773000005,1.498520493510000,1.645291209220000,1.777904868130000,-1.420615673070000,0.000000000000000
-37.772075653100003,174.939376831000004,1.499235630040000,1.646142482760000,1.778860926630000,-1.421312332150000,0.000000000000000
-37.770702362100003,174.937713623000008,1.497593045230000,1.644152760510000,1.776646614070000,-1.420247673990000,0.000000000000000
-37.770809173600000,174.937225342000005,1.497538328170000,1.644033908840000,1.776514291760000,-1.420123100280000,0.000000000000000
-37.768913269000002,174.939025879000013,1.498073816300000,1.644837021830000,1.777485847470000,-1.420871853830000,0.000000000000000
-37.767993926999999,174.939178467000005,1.498628497120000,1.645368099210000,1.778114676480000,-1.421020746230000,0.000000000000000
-37.770011901899998,174.937942504999995,1.497513413430000,1.644095301630000,1.776600003240000,-1.420222520830000,0.000000000000000
-37.769191741900002,174.938171387000011,1.497527480130000,1.644145488740000,1.776674032210000,-1.420321226120000,0.000000000000000
-37.770736694299998,174.936828612999989,1.497362375260000,1.643800139430000,1.776259303090000,-1.420120716090000,0.000000000000000
-37.771148681600003,174.936996459999989,1.497678279880000,1.644222259520000,1.776730656620000,-1.420388698580000,0.000000000000000
-37.771213531500003,174.937438965000013,1.497847437860000,1.644387483600000,1.776879549030000,-1.420116066930000,0.000000000000000
-37.771297454799999,174.938018798999991,1.498176455500000,1.644887685780000,1.777465343480000,-1.420635581020000,0.000000000000000
-37.771991729699998,174.938125609999986,1.498565435410000,1.645285725590000,1.777861833570000,-1.420462012290000,0.000000000000000
-37.772369384800001,174.938735962000010,1.499078869820000,1.645920276640000,1.778624534610000,-1.421089768410000,0.000000000000000
-37.770244598399998,174.937194823999988,1.497273087500000,1.643717050550000,1.776170730590000,-1.419991135600000,0.000000000000000
-37.767292022699998,174.938552856000001,1.498360991480000,1.645091533660000,1.777841925620000,-1.421334624290000,0.000000000000000
-37.768299102800000,174.938339232999994,1.497755646710000,1.644488930700000,1.777072787280000,-1.420255184170000,0.000000000000000
-37.769451141399998,174.937393187999987,1.497106552120000,1.643562674520000,1.776019692420000,-1.419852137570000,0.000000000000000
-37.768642425499998,174.937545776000007,1.497217178340000,1.643823742870000,1.776348352430000,-1.420065999030000,0.000000000000000
-37.770309448200003,174.936538696000014,1.497169375420000,1.643524289130000,1.775983810420000,-1.420084714890000,0.000000000000000
-37.770458221399998,174.936126709000007,1.497334837910000,1.643565773960000,1.776041269300000,-1.420236468320000,0.000000000000000
-37.770771026600002,174.936370850000003,1.497489571570000,1.643735527990000,1.776209950450000,-1.420269370080000,0.000000000000000
-37.771129608199999,174.936599731000001,1.497697353360000,1.644135713580000,1.776619315150000,-1.420152187350000,0.000000000000000
-37.771427154500003,174.936767578000001,1.497769951820000,1.644284129140000,1.776781678200000,-1.420241475110000,0.000000000000000
-37.771564483600002,174.937088012999993,1.498021006580000,1.644618630410000,1.777144312860000,-1.420332670210000,0.000000000000000
-37.771743774400001,174.937561034999987,1.498134970660000,1.644805788990000,1.777365684510000,-1.420471549030000,0.000000000000000
-37.772350311300002,174.937561034999987,1.498729109760000,1.645459532740000,1.778086781500000,-1.420659065250000,0.000000000000000
-37.769680023200003,174.936691284000005,1.496880173680000,1.643313765530000,1.775773286820000,-1.420121073720000,0.000000000000000
-37.767757415799998,174.937591553000004,1.497525215150000,1.644217133520000,1.776819229130000,-1.420255422590000,0.000000000000000
-37.768932342500001,174.936828612999989,1.496976137160000,1.643423438070000,1.775889277460000,-1.419810175900000,0.000000000000000
-37.768222808799997,174.936950684000010,1.496972441670000,1.643594861030000,1.776139140130000,-1.420231223110000,0.000000000000000
-37.769950866700000,174.936035156000003,1.497020721440000,1.643321633340000,1.775795221330000,-1.420209169390000,0.000000000000000
-37.770442962600001,174.935745238999999,1.497361063960000,1.643546462060000,1.776047229770000,-1.420380830760000,0.000000000000000
-37.770824432399998,174.935958862000007,1.497579693790000,1.643789052960000,1.776280641560000,-1.420342087750000,0.000000000000000
-37.771175384499998,174.936187743999994,1.497753381730000,1.644079327580000,1.776578426360000,-1.420335412030000,0.000000000000000
-37.771507263200000,174.936431884999990,1.497913956640000,1.644386529920000,1.776910185810000,-1.420491814610000,0.000000000000000
-37.771793365500002,174.936721801999994,1.498156547550000,1.644790887830000,1.777344107630000,-1.420467138290000,0.000000000000000
-37.772056579599997,174.937103271000012,1.498326778410000,1.645002365110000,1.777570247650000,-1.420590281490000,0.000000000000000
-37.772613525399997,174.937026978000006,1.498898744580000,1.645641088490000,1.778269648550000,-1.420741319660000,0.000000000000000
-37.770065307599999,174.935455321999996,1.497327089310000,1.643487691880000,1.776033639910000,-1.420687913890000,0.000000000000000
-37.770503997799999,174.935317993000012,1.497581958770000,1.643746972080000,1.776288747790000,-1.420601725580000,0.000000000000000
-37.769195556600003,174.936141967999987,1.496714115140000,1.643137812610000,1.775613188740000,-1.419902443890000,0.000000000000000
-37.767395019500000,174.936553954999994,1.497171878810000,1.643810033800000,1.776360034940000,-1.419788241390000,0.000000000000000
-37.768386840799998,174.936264037999990,1.496704339980000,1.643197298050000,1.775654315950000,-1.419454932210000,0.000000000000000
-37.769489288300001,174.935516357000012,1.496860861780000,1.643267035480000,1.775797605510000,-1.420360922810000,0.000000000000000
-37.770858764600000,174.935546875000000,1.497667193410000,1.643873214720000,1.776394367220000,-1.420548200610000,0.000000000000000
-37.771224975599999,174.935775756999988,1.497895240780000,1.644155263900000,1.776674389840000,-1.420434832570000,0.000000000000000
-37.771587371800003,174.936019896999994,1.498025655750000,1.644446253780000,1.776975393300000,-1.420439362530000,0.000000000000000
-37.771930694600002,174.936294556000007,1.498225569730000,1.644820809360000,1.777372598650000,-1.420433163640000,0.000000000000000
-37.772262573200003,174.936630248999990,1.498313307760000,1.644993424420000,1.777569532390000,-1.420513510700000,0.000000000000000
-37.769794464100002,174.935028076000009,1.497240781780000,1.643561363220000,1.776148200040000,-1.420799136160000,0.000000000000000
-37.770210266100001,174.935089110999996,1.497494816780000,1.643671751020000,1.776251316070000,-1.420792341230000,0.000000000000000
-37.770893096899997,174.935134887999993,1.497843265530000,1.643990874290000,1.776560902600000,-1.420739173890000,0.000000000000000
-37.770538330100003,174.934906006000006,1.497733712200000,1.643920540810000,1.776504278180000,-1.420918464660000,0.000000000000000
-37.768733978299998,174.935516357000012,1.496762037280000,1.643220424650000,1.775750756260000,-1.420312285420000,0.000000000000000
-37.767841339100002,174.935562134000008,1.496732711790000,1.643254995350000,1.775815963750000,-1.419928789140000,0.000000000000000
-37.769180297900000,174.934906006000006,1.496981859210000,1.643439888950000,1.776066184040000,-1.420817732810000,0.000000000000000
-37.771263122599997,174.935348511000001,1.498003840450000,1.644282698630000,1.776829957960000,-1.420596599580000,0.000000000000000
-37.771640777599998,174.935577392999988,1.498136043550000,1.644511461260000,1.777073264120000,-1.420666933060000,0.000000000000000
-37.772033691399997,174.935836792000003,1.498345375060000,1.644909381870000,1.777491331100000,-1.420621991160000,0.000000000000000
-37.772403717000003,174.936141967999987,1.498575687410000,1.645271658900000,1.777871847150000,-1.420814394950000,0.000000000000000
-37.769676208500002,174.934509276999989,1.497305274010000,1.643747568130000,1.776421308520000,-1.421258687970000,0.000000000000000
-37.770153045699999,174.934722899999997,1.497603297230000,1.643845677380000,1.776494860650000,-1.421180725100000,0.000000000000000
-37.770919799799998,174.934722899999997,1.498038649560000,1.644250750540000,1.776856660840000,-1.420931100850000,0.000000000000000
-37.771286010700003,174.934936523000005,1.498127698900000,1.644423604010000,1.777010440830000,-1.420865774150000,0.000000000000000
-37.770542144799997,174.934494018999999,1.497851252560000,1.644131183620000,1.776791095730000,-1.421222567560000,0.000000000000000
-37.768314361599998,174.934722899999997,1.496682643890000,1.643176436420000,1.775749921800000,-1.419955611230000,0.000000000000000
-37.769062042199998,174.934173584000007,1.496992826460000,1.643615484240000,1.776307463650000,-1.421118259430000,0.000000000000000
-37.768360137899997,174.933959960999999,1.496774315830000,1.643278121950000,1.775869131090000,-1.420052170750000,0.000000000000000
-37.769378662100003,174.933593750000000,1.497585177420000,1.644150733950000,1.777002692220000,-1.422242283820000,0.000000000000000
-37.769721984900002,174.933990478999988,1.497713804240000,1.644107699390000,1.776899337770000,-1.421920657160000,0.000000000000000
-37.770145416299997,174.934265137000011,1.497713565830000,1.644078016280000,1.776768922810000,-1.421440124510000,0.000000000000000
-37.770935058600003,174.934310912999990,1.498090982440000,1.644392848010000,1.777043223380000,-1.421188712120000,0.000000000000000
-37.770572662399999,174.934082031000003,1.497959613800000,1.644345521930000,1.777035474780000,-1.421423316000000,0.000000000000000
-37.770961761499997,174.933914184999992,1.498249411580000,1.644638776780000,1.777345538140000,-1.421359777450000,0.000000000000000
-37.767555236800000,174.934051514000004,1.496289610860000,1.642808437350000,1.775244116780000,-1.418232083320000,0.000000000000000
-37.768791198700001,174.933502196999996,1.497212767600000,1.643765568730000,1.776579022410000,-1.421428084370000,0.000000000000000
-37.768085479699998,174.933349609000004,1.497028708460000,1.643494486810000,1.776232004170000,-1.420747041700000,0.000000000000000
-37.769214630100002,174.933105468999997,1.497525334360000,1.644053936000000,1.776867628100000,-1.421969413760000,0.000000000000000
-37.769615173299997,174.933242798000009,1.497639775280000,1.644180417060000,1.777070760730000,-1.422160387040000,0.000000000000000
-37.769866943399997,174.933532715000013,1.497501850130000,1.644133329390000,1.776873588560000,-1.421607017520000,0.000000000000000
-37.770206451400000,174.933822631999988,1.497834205630000,1.644237518310000,1.776997447010000,-1.421692013740000,0.000000000000000
-37.770629882800002,174.933670043999996,1.498109102250000,1.644542455670000,1.777266740800000,-1.421475052830000,0.000000000000000
-37.771022796600001,174.933532715000013,1.498324275020000,1.644798874860000,1.777519583700000,-1.421410560610000,0.000000000000000
-37.768634796100002,174.932815551999994,1.497363567350000,1.643992781640000,1.776891827580000,-1.422211170200000,0.000000000000000
-37.767894744899998,174.932632446000014,1.496974349020000,1.643447875980000,1.776144623760000,-1.420547485350000,0.000000000000000
-37.768867492699997,174.932296753000003,1.497695088390000,1.644309997560000,1.777307868000000,-1.423363685610000,0.000000000000000
-37.769229888900000,174.932586670000006,1.497726082800000,1.644168734550000,1.777223110200000,-1.422754764560000,0.000000000000000
-37.769634246800003,174.932861328000001,1.497700691220000,1.644294619560000,1.777155041690000,-1.422216892240000,0.000000000000000
-37.769977569600002,174.933120728000006,1.497809767720000,1.644360303880000,1.777203440670000,-1.421974182130000,0.000000000000000
-37.770298004200001,174.933395386000001,1.498094320300000,1.644534707070000,1.777341485020000,-1.421943545340000,0.000000000000000
-37.770709991499999,174.933273315000008,1.498124599460000,1.644669294360000,1.777417063710000,-1.421474814410000,0.000000000000000
-37.771118164100002,174.933151245000005,1.498549580570000,1.645097255710000,1.777851581570000,-1.421591997150000,0.000000000000000
-37.768371582000000,174.932205199999999,1.497232794760000,1.643759727480000,1.776762366290000,-1.422045946120000,0.000000000000000
-37.768779754599997,174.931823729999991,1.497727394100000,1.644069910050000,1.777281641960000,-1.423392891880000,0.000000000000000
-37.769317627000000,174.932052612000007,1.497121691700000,1.643645167350000,1.776446819310000,-1.421103477480000,0.000000000000000
-37.769710540799998,174.932418823000006,1.497736215590000,1.644289731980000,1.777226805690000,-1.422363400460000,0.000000000000000
-37.770061492899998,174.932723998999990,1.497668743130000,1.644310712810000,1.777134418490000,-1.421668291090000,0.000000000000000
-37.770393371600001,174.932998657000013,1.497970581050000,1.644502878190000,1.777282357220000,-1.421671152110000,0.000000000000000
-37.770805358899999,174.932876587000010,1.498296737670000,1.644843459130000,1.777614355090000,-1.421414971350000,0.000000000000000
-37.765800476099997,174.926498412999990,1.575384020810000,1.799397587780000,1.929623126980000,-1.870237112050000,0.000000000000000
-37.770168304400002,174.932296753000003,1.497601509090000,1.644187211990000,1.777002334590000,-1.421439886090000,0.000000000000000
-37.770492553700002,174.932586670000006,1.498270392420000,1.644804358480000,1.777655959130000,-1.421990990640000,0.000000000000000
-37.766002655000001,174.926818848000011,1.571901559830000,1.792647242550000,1.922519445420000,-1.853597044940000,0.000000000000000
-37.766178131099998,174.927108765000014,1.569887161250000,1.788920044900000,1.918384313580000,-1.846719145770000,0.000000000000000
-37.766193389900003,174.926498412999990,1.576499462130000,1.800985932350000,1.931695222850000,-1.871763706210000,0.000000000000000
-37.765995025599999,174.926162720000008,1.580148935320000,1.805675387380000,1.936610937120000,-1.883426189420000,0.000000000000000
-37.765590667700003,174.926147460999999,1.579763889310000,1.805593252180000,1.936215996740000,-1.883703351020000,0.000000000000000
-37.786144256599997,174.939407348999993,1.466205835340000,1.640551805500000,1.772267222400000,-1.605756640430000,0.000000000000000
-37.786174774199999,174.939773559999992,1.465365052220000,1.638927817340000,1.770613789560000,-1.602413415910000,0.000000000000000
-37.766380310099997,174.926849365000010,1.574020504950000,1.796044349670000,1.926386713980000,-1.860301971440000,0.000000000000000
-37.766540527300002,174.927261353000006,1.567651867870000,1.785357952120000,1.914636731150000,-1.840204238890000,0.000000000000000
-37.766395568800000,174.926177978999988,1.582473397250000,1.809921383860000,1.941474318500000,-1.891329050060000,0.000000000000000
-37.766586303700002,174.926528931000007,1.581993103030000,1.808614969250000,1.940150737760000,-1.887913703920000,0.000000000000000
-37.766204834000000,174.925827026000007,1.584021925930000,1.812090516090000,1.943753004070000,-1.897605180740000,0.000000000000000
-37.765796661400003,174.925796509000008,1.582476854320000,1.810263395310000,1.941445946690000,-1.894068241120000,0.000000000000000
-37.765380859399997,174.925781250000000,1.580097436900000,1.806322455410000,1.936875224110000,-1.885713338850000,0.000000000000000
-37.764965057399998,174.925781250000000,1.580555319790000,1.807469367980000,1.937859654430000,-1.888429164890000,0.000000000000000
-37.786464691200003,174.939178467000005,1.465040922160000,1.638817787170000,1.770424723630000,-1.602671146390000,0.000000000000000
-37.786571502699999,174.939651488999999,1.465260267260000,1.639227986340000,1.770869493480000,-1.604996681210000,0.000000000000000
-37.785972595200001,174.938583373999990,1.468341469760000,1.642123818400000,1.773714423180000,-1.605701804160000,0.000000000000000
-37.786376953100003,174.938766479000009,1.466509819030000,1.640589714050000,1.772158265110000,-1.604864120480000,0.000000000000000
-37.786758422900000,174.938934326000009,1.464169740680000,1.638102054600000,1.769560813900000,-1.603565216060000,0.000000000000000
-37.766876220699999,174.927627562999987,1.558862805370000,1.769271016120000,1.897960186000000,-1.796560645100000,0.000000000000000
-37.766605377200001,174.925857543999996,1.586402535440000,1.816192269330000,1.948355197910000,-1.906584024430000,0.000000000000000
-37.766784668000000,174.926879882999998,1.582651734350000,1.809135317800000,1.940701723100000,-1.888559222220000,0.000000000000000
-37.767021179200000,174.927230834999989,1.580561280250000,1.806531071660000,1.938008785250000,-1.885153412820000,0.000000000000000
-37.766792297400002,174.926208495999987,1.585517406460000,1.814533591270000,1.946613788600000,-1.901855945590000,0.000000000000000
-37.766979217500001,174.926544188999998,1.585784077640000,1.814907431600000,1.947000741960000,-1.902474164960000,0.000000000000000
-37.766422271700002,174.925491332999997,1.590708732600000,1.823619604110000,1.956326007840000,-1.924341917040000,0.000000000000000
-37.766010284399997,174.925460815000008,1.586309075360000,1.816910743710000,1.948846578600000,-1.908964872360000,0.000000000000000
-37.765594482399997,174.925430298000009,1.583238840100000,1.811007022860000,1.942302346230000,-1.895687341690000,0.000000000000000
-37.765171051000003,174.925415039000001,1.580718278880000,1.807614803310000,1.938328862190000,-1.888574481010000,0.000000000000000
-37.786869049099998,174.939300537000008,1.463304281230000,1.636605739590000,1.768030047420000,-1.600395441060000,0.000000000000000
-37.787071228000002,174.939682006999988,1.461927413940000,1.635612845420000,1.767091393470000,-1.602128863330000,0.000000000000000
-37.787071228000002,174.939056396000012,1.462546825410000,1.636035084720000,1.767444610600000,-1.602172970770000,0.000000000000000
-37.785888671899997,174.938156128000003,1.469131469730000,1.643034338950000,1.774684906010000,-1.606507897380000,0.000000000000000
-37.786304473900003,174.938354492000002,1.467384576800000,1.641492962840000,1.773060083390000,-1.605525851250000,0.000000000000000
-37.786697387700002,174.938552856000001,1.465167880060000,1.639148116110000,1.770590305330000,-1.604109168050000,0.000000000000000
-37.787059783899998,174.938735962000010,1.462731122970000,1.636278629300000,1.767662286760000,-1.602140069010000,0.000000000000000
-37.766654968300003,174.925155640000014,1.591731667520000,1.825310111050000,1.958232879640000,-1.927442550660000,0.000000000000000
-37.766830444299998,174.925521851000013,1.592259287830000,1.825432658200000,1.958438754080000,-1.927426338200000,0.000000000000000
-37.767005920400003,174.925888062000013,1.589561700820000,1.821572422980000,1.954344511030000,-1.918385624890000,0.000000000000000
-37.767192840600003,174.926864623999990,1.588352322580000,1.819152951240000,1.951500296590000,-1.911668181420000,0.000000000000000
-37.767429351799997,174.927185059000010,1.591555476190000,1.823940515520000,1.956981658940000,-1.920044898990000,0.000000000000000
-37.767181396500000,174.926223754999995,1.588644385340000,1.819723963740000,1.952263355260000,-1.914006590840000,0.000000000000000
-37.767360687299998,174.926544188999998,1.590586185460000,1.822736382480000,1.955577731130000,-1.919589996340000,0.000000000000000
-37.766235351600002,174.925109862999989,1.588980674740000,1.820660829540000,1.953089118000000,-1.916484832760000,0.000000000000000
-37.765815734900002,174.925079345999990,1.585645198820000,1.815666675570000,1.947591066360000,-1.905340909960000,0.000000000000000
-37.766475677499997,174.924774170000006,1.589488983150000,1.821145892140000,1.953781604770000,-1.918720841410000,0.000000000000000
-37.765388488799999,174.925048828000001,1.584056615830000,1.812187790870000,1.943585038190000,-1.898109436040000,0.000000000000000
-37.764957428000002,174.925033568999993,1.584196925160000,1.812319993970000,1.943685293200000,-1.897992014880000,0.000000000000000
-37.787277221700002,174.939346312999987,1.460930824280000,1.634207248690000,1.765531420710000,-1.600123763080000,0.000000000000000
-37.787403106699998,174.938583373999990,1.459520459180000,1.632833719250000,1.763951420780000,-1.600398182870000,0.000000000000000
-37.787395477300002,174.938980103000006,1.459770202640000,1.632894277570000,1.764051914220000,-1.599090576170000,0.000000000000000
-37.786247253399999,174.937942504999995,1.468096852300000,1.641862034800000,1.773376941680000,-1.606019854550000,0.000000000000000
-37.786647796600001,174.938140868999994,1.466152668000000,1.640177726750000,1.771616101260000,-1.604690313340000,0.000000000000000
-37.787029266399998,174.938354492000002,1.463340282440000,1.637103080750000,1.768397331240000,-1.603195905690000,0.000000000000000
-37.766731262199997,174.924453734999986,1.589684963230000,1.821556568150000,1.954497575760000,-1.920908689500000,0.000000000000000
-37.766899108899999,174.924835204999994,1.590500235560000,1.822847723960000,1.955790519710000,-1.923345685010000,0.000000000000000
-37.767066955600001,174.925216675000001,1.591832518580000,1.825178742410000,1.958233237270000,-1.927648544310000,0.000000000000000
-37.767234802200001,174.925567626999992,1.591909885410000,1.825051426890000,1.958190917970000,-1.926289319990000,0.000000000000000
-37.767395019500000,174.925933837999992,1.590474367140000,1.822643041610000,1.955551505090000,-1.920965433120000,0.000000000000000
-37.767581939700001,174.926834106000001,1.590620756150000,1.822734713550000,1.955739259720000,-1.919895410540000,0.000000000000000
-37.767551422099999,174.926269531000003,1.590865850450000,1.823065996170000,1.956025004390000,-1.921301007270000,0.000000000000000
-37.767681121800003,174.926544188999998,1.591825962070000,1.824801325800000,1.957787513730000,-1.924255132680000,0.000000000000000
-37.766044616700000,174.924728393999999,1.589070796970000,1.820698976520000,1.953253626820000,-1.917634367940000,0.000000000000000
-37.765617370599998,174.924697876000010,1.585553765300000,1.815532445910000,1.947513103490000,-1.905267238620000,0.000000000000000
-37.766296386699999,174.924377440999990,1.589888215070000,1.822134137150000,1.954982042310000,-1.922116994860000,0.000000000000000
-37.766571044899997,174.924041748000008,1.588907241820000,1.820419311520000,1.953338265420000,-1.918434381480000,0.000000000000000
-37.765182495099999,174.924652100000003,1.585688591000000,1.815851092340000,1.947653055190000,-1.905424356460000,0.000000000000000
-37.764736175499998,174.924652100000003,1.581658482550000,1.807873725890000,1.939214825630000,-1.888982772830000,0.000000000000000
-37.787380218499997,174.938156128000003,1.461181402210000,1.634672522540000,1.765791177750000,-1.602133512500000,0.000000000000000
-37.786201477100001,174.937515259000008,1.468202233310000,1.641987085340000,1.773500323300000,-1.605903506280000,0.000000000000000
-37.786598205600001,174.937728881999988,1.467063307760000,1.640714645390000,1.772107720380000,-1.605349659920000,0.000000000000000
-37.786994934100001,174.937942504999995,1.464891791340000,1.638411760330000,1.769671440120000,-1.604000926020000,0.000000000000000
-37.767002105700001,174.924133301000012,1.589184403420000,1.820910692210000,1.953976273540000,-1.920447230340000,0.000000000000000
-37.767154693599998,174.924514770999991,1.589113235470000,1.820711135860000,1.953688263890000,-1.919253945350000,0.000000000000000
-37.767311096199997,174.924896240000010,1.590745806690000,1.822848081590000,1.956032872200000,-1.923447489740000,0.000000000000000
-37.767471313500003,174.925262451000009,1.590462207790000,1.822607517240000,1.955669760700000,-1.922249913220000,0.000000000000000
-37.767631530800003,174.925628662000008,1.590648770330000,1.822727680210000,1.955852389340000,-1.922065138820000,0.000000000000000
-37.767780303999999,174.925979613999999,1.590756177900000,1.822810769080000,1.955925941470000,-1.921297669410000,0.000000000000000
-37.768001556400002,174.926742553999986,1.591729640960000,1.824218869210000,1.957460880280000,-1.922421455380000,0.000000000000000
-37.767913818399997,174.926330565999990,1.590849637990000,1.823164105420000,1.956184983250000,-1.921893477440000,0.000000000000000
-37.766864776600002,174.923736571999996,1.588609457020000,1.820150375370000,1.953155636790000,-1.919012665750000,0.000000000000000
-37.765838623000000,174.924331665000011,1.589539527890000,1.821160793300000,1.953842043880000,-1.917689919470000,0.000000000000000
-37.765430450399997,174.924331665000011,1.588222742080000,1.819542407990000,1.951851010320000,-1.913908720020000,0.000000000000000
-37.766109466600000,174.923965454000012,1.588625550270000,1.819993734360000,1.952756762500000,-1.915979385380000,0.000000000000000
-37.766422271700002,174.923614501999992,1.588846087460000,1.820408344270000,1.953366875650000,-1.918851614000000,0.000000000000000
-37.764965057399998,174.924163818000011,1.587565302850000,1.818890571590000,1.951376795770000,-1.911304712300000,0.000000000000000
-37.787349700900002,174.937744140999996,1.462349891660000,1.635894060130000,1.766937494280000,-1.602716445920000,0.000000000000000
-37.787734985400000,174.937973021999994,1.459312438960000,1.632404685020000,1.763294458390000,-1.600898981090000,0.000000000000000
-37.786159515400001,174.937088012999993,1.467730641370000,1.641593098640000,1.772972345350000,-1.606012463570000,0.000000000000000
-37.786556243900002,174.937301636000001,1.467395901680000,1.641119360920000,1.772510886190000,-1.605613827710000,0.000000000000000
-37.786956787100003,174.937530517999988,1.465632796290000,1.639103531840000,1.770343422890000,-1.604379415510000,0.000000000000000
-37.767150878899997,174.923507690000008,1.588650822640000,1.820466995240000,1.953644275670000,-1.920450329780000,0.000000000000000
-37.767269134499998,174.923843384000008,1.588764071460000,1.820468187330000,1.953618764880000,-1.920179963110000,0.000000000000000
-37.767414092999999,174.924209595000008,1.589190840720000,1.821082115170000,1.954288125040000,-1.920884490010000,0.000000000000000
-37.767570495599998,174.924591063999998,1.589475274090000,1.821307182310000,1.954506039620000,-1.920948028560000,0.000000000000000
-37.767723083500002,174.924972534000005,1.589562535290000,1.821306347850000,1.954501748090000,-1.920242309570000,0.000000000000000
-37.767875671399999,174.925338745000005,1.589974164960000,1.821785807610000,1.955058813100000,-1.920843124390000,0.000000000000000
-37.768024444600002,174.925689696999996,1.589843511580000,1.821471691130000,1.954602718350000,-1.919724464420000,0.000000000000000
-37.768169403100003,174.926055907999995,1.590087890620000,1.822134375570000,1.955545425420000,-1.920685410500000,0.000000000000000
-37.766788482700001,174.923233032000013,1.588905930520000,1.820805549620000,1.954065084460000,-1.921452164650000,0.000000000000000
-37.765548706099999,174.923843384000008,1.590062022210000,1.822397351260000,1.955337405200000,-1.921717762950000,0.000000000000000
-37.765975952100000,174.923538207999997,1.589286088940000,1.820976614950000,1.953963279720000,-1.919654011730000,0.000000000000000
-37.766216278100003,174.923171996999997,1.589300394060000,1.821269273760000,1.954460024830000,-1.920850753780000,0.000000000000000
-37.764942169199998,174.923492431999989,1.591004371640000,1.823644876480000,1.957102298740000,-1.921382427220000,0.000000000000000
-37.787315368700000,174.937332153000000,1.463892221450000,1.637223362920000,1.768296360970000,-1.603596568110000,0.000000000000000
-37.787708282499999,174.937545776000007,1.460382223130000,1.633609294890000,1.764457821850000,-1.601973772050000,0.000000000000000
-37.788085937500000,174.937774657999995,1.456992030140000,1.629712581630000,1.760263562200000,-1.599707603450000,0.000000000000000
-37.786514282200002,174.936889648000005,1.466959714890000,1.640705704690000,1.772033333780000,-1.605360269550000,0.000000000000000
-37.786918640099998,174.937103271000012,1.465797543530000,1.639396190640000,1.770578384400000,-1.604886889460000,0.000000000000000
-37.767059326199998,174.922760009999990,1.587725162510000,1.819345235820000,1.952472329140000,-1.918761014940000,0.000000000000000
-37.767307281500003,174.923171996999997,1.588481783870000,1.820608496670000,1.953924417500000,-1.921726226810000,0.000000000000000
-37.767517089800002,174.923538207999997,1.588362693790000,1.820146322250000,1.953333139420000,-1.920300245290000,0.000000000000000
-37.767677307100001,174.923904418999996,1.588509202000000,1.820246338840000,1.953433156010000,-1.920050263400000,0.000000000000000
-37.767829894999998,174.924285889000004,1.588994860650000,1.820957303050000,1.954345583920000,-1.920892000200000,0.000000000000000
-37.767982482900003,174.924667357999994,1.588867187500000,1.820702552800000,1.953964114190000,-1.919934511180000,0.000000000000000
-37.768131256099998,174.925033568999993,1.588994741440000,1.820938944820000,1.954279541970000,-1.920240521430000,0.000000000000000
-37.768280029300001,174.925399779999992,1.589126944540000,1.820999264720000,1.954365015030000,-1.919863820080000,0.000000000000000
-37.768428802499997,174.925765990999992,1.589853763580000,1.821641683580000,1.954956173900000,-1.920510768890000,0.000000000000000
-37.768569946299998,174.926132201999991,1.586769580840000,1.816298842430000,1.949740171430000,-1.909847855570000,0.000000000000000
-37.766510009800001,174.922729492000002,1.588220953940000,1.819788694380000,1.952898144720000,-1.918585300450000,0.000000000000000
-37.765594482399997,174.923126220999990,1.588865876200000,1.820292949680000,1.953168034550000,-1.916574954990000,0.000000000000000
-37.766010284399997,174.922729492000002,1.589339494710000,1.821365714070000,1.954633355140000,-1.921174883840000,0.000000000000000
-37.787281036400003,174.936889648000005,1.464323163030000,1.637757539750000,1.768781423570000,-1.604007601740000,0.000000000000000
-37.787685394299999,174.937133789000001,1.461910724640000,1.635108709340000,1.765963435170000,-1.603032946590000,0.000000000000000
-37.788078308099998,174.937377929999997,1.457861661910000,1.630748629570000,1.761300325390000,-1.600572824480000,0.000000000000000
-37.786876678500001,174.936676024999997,1.465763449670000,1.639423966410000,1.770583868030000,-1.605102062230000,0.000000000000000
-37.766807556200000,174.922256470000008,1.587778806690000,1.819862127300000,1.953068733220000,-1.920433878900000,0.000000000000000
-37.767372131300000,174.922332764000004,1.587467551230000,1.819584846500000,1.952965974810000,-1.921027183530000,0.000000000000000
-37.767570495599998,174.922790526999989,1.587425947190000,1.819028854370000,1.952104568480000,-1.919273495670000,0.000000000000000
-37.767765045200001,174.923217773000005,1.588072776790000,1.820149183270000,1.953513622280000,-1.921121835710000,0.000000000000000
-37.767936706500002,174.923599243000012,1.588083744050000,1.819978952410000,1.953255295750000,-1.920198321340000,0.000000000000000
-37.768093109100001,174.923980712999992,1.588417649270000,1.820227980610000,1.953485131260000,-1.920376181600000,0.000000000000000
-37.768245696999998,174.924362183000000,1.588393330570000,1.820101737980000,1.953425407410000,-1.919674754140000,0.000000000000000
-37.768394470200001,174.924743651999989,1.588702917100000,1.820471644400000,1.953805804250000,-1.920148968700000,0.000000000000000
-37.768539428700002,174.925109862999989,1.588560938840000,1.820268750190000,1.953634023670000,-1.919400095940000,0.000000000000000
-37.768684387199997,174.925476073999988,1.588653802870000,1.820539832120000,1.953927516940000,-1.919976830480000,0.000000000000000
-37.766185760500001,174.922225951999991,1.588254332540000,1.820387363430000,1.953788280490000,-1.919649481770000,0.000000000000000
-37.765548706099999,174.922393798999991,1.589177012440000,1.821071743970000,1.954148411750000,-1.919852256770000,0.000000000000000
-37.766540527300002,174.921691895000009,1.587442755700000,1.819520711900000,1.952774524690000,-1.919422626500000,0.000000000000000
-37.787246704099999,174.936462401999989,1.464350581170000,1.637875437740000,1.768862009050000,-1.604467153550000,0.000000000000000
-37.787654876700003,174.936691284000005,1.462316036220000,1.635529994960000,1.766371488570000,-1.603285312650000,0.000000000000000
-37.788070678700002,174.936935425000001,1.459430575370000,1.632499694820000,1.763131141660000,-1.601615309720000,0.000000000000000
-37.788532257100002,174.937225342000005,1.452076196670000,1.624149680140000,1.754227638240000,-1.597229003910000,0.000000000000000
-37.786834716800001,174.936233520999991,1.465525150300000,1.639159798620000,1.770269036290000,-1.604898214340000,0.000000000000000
-37.767169952400003,174.921798706000004,1.586979866030000,1.818989157680000,1.952220797540000,-1.919615626340000,0.000000000000000
-37.766975402800000,174.921295165999993,1.587430238720000,1.819431543350000,1.952913284300000,-1.921226739880000,0.000000000000000
-37.767734527599998,174.921936034999987,1.586687088010000,1.818689942360000,1.951866745950000,-1.920094013210000,0.000000000000000
-37.767883300800001,174.922439574999999,1.587269425390000,1.819278597830000,1.952547430990000,-1.920843124390000,0.000000000000000
-37.768047332800002,174.922882079999994,1.587517380710000,1.819569110870000,1.952883601190000,-1.920774936680000,0.000000000000000
-37.768207550000000,174.923294067000000,1.587720155720000,1.819566130640000,1.952792406080000,-1.920224666600000,0.000000000000000
-37.768363952599998,174.923675537000008,1.587831020360000,1.819800257680000,1.953163623810000,-1.920239329340000,0.000000000000000
-37.768512725800001,174.924072265999996,1.588065743450000,1.819874882700000,1.953181028370000,-1.920041441920000,0.000000000000000
-37.768661498999997,174.924438476999995,1.588348984720000,1.820048093800000,1.953370571140000,-1.919945240020000,0.000000000000000
-37.768802642799997,174.924819946000014,1.588498353960000,1.820140242580000,1.953492522240000,-1.919919013980000,0.000000000000000
-37.768947601299999,174.925186157000013,1.586954951290000,1.817830324170000,1.951307296750000,-1.914746165280000,0.000000000000000
-37.765701293900001,174.921554565000008,1.588272809980000,1.820120573040000,1.953418135640000,-1.919607043270000,0.000000000000000
-37.766399383500001,174.920974731000001,1.587946414950000,1.820090770720000,1.953711867330000,-1.921132802960000,0.000000000000000
-37.767169952400003,174.920684813999998,1.586935043330000,1.818979263310000,1.952377200130000,-1.920480132100000,0.000000000000000
-37.787212371800003,174.936019896999994,1.464218974110000,1.637721061710000,1.768710494040000,-1.604547619820000,0.000000000000000
-37.787616729699998,174.936248779000010,1.462823152540000,1.636157631870000,1.767004966740000,-1.603745579720000,0.000000000000000
-37.788024902300002,174.936492920000006,1.460295915600000,1.633494019510000,1.764150381090000,-1.602687358860000,0.000000000000000
-37.788440704300001,174.936721801999994,1.457551956180000,1.630205512050000,1.760596156120000,-1.601002454760000,0.000000000000000
-37.788856506300000,174.936920165999993,1.451165556910000,1.623230814930000,1.753187775610000,-1.596850037570000,0.000000000000000
-37.767604827900001,174.921325684000010,1.587098479270000,1.819208741190000,1.952609777450000,-1.921844005580000,0.000000000000000
-37.767791748000000,174.920791626000010,1.586526036260000,1.818351864810000,1.951636552810000,-1.920598745350000,0.000000000000000
-37.768146514900003,174.921630859000004,1.586413860320000,1.818315625190000,1.951569080350000,-1.920517563820000,0.000000000000000
-37.768226623499999,174.922103881999988,1.586721777920000,1.818797349930000,1.952043294910000,-1.920756459240000,0.000000000000000
-37.768356323200003,174.922546387000011,1.586958408360000,1.818941235540000,1.952194213870000,-1.920442700390000,0.000000000000000
-37.768497467000003,174.922973632999998,1.587142109870000,1.819181680680000,1.952526450160000,-1.920258283620000,0.000000000000000
-37.768646240199999,174.923370360999996,1.587520599370000,1.819392442700000,1.952617287640000,-1.920394063000000,0.000000000000000
-37.768791198700001,174.923767090000013,1.587412834170000,1.819332599640000,1.952699184420000,-1.919722795490000,0.000000000000000
-37.768932342500001,174.924148559999992,1.587673544880000,1.819485068320000,1.952794075010000,-1.920007824900000,0.000000000000000
-37.769073486300002,174.924530029000010,1.588003158570000,1.819628357890000,1.952957153320000,-1.919404864310000,0.000000000000000
-37.769214630100002,174.924896240000010,1.586215257640000,1.816736817360000,1.950178146360000,-1.913092017170000,0.000000000000000
-37.768173217799998,174.920608520999991,1.585627555850000,1.817198872570000,1.950354218480000,-1.919319033620000,0.000000000000000
-37.765506744400000,174.920455933000000,1.587903499600000,1.820222735400000,1.954244017600000,-1.920262813570000,0.000000000000000
-37.767780303999999,174.920227051000012,1.585929155350000,1.817596673970000,1.950715899470000,-1.919160723690000,0.000000000000000
-37.766490936300002,174.920181273999987,1.586965203290000,1.819245934490000,1.952396273610000,-1.919820666310000,0.000000000000000
-37.767158508300000,174.920013428000004,1.586125493050000,1.818038821220000,1.951457738880000,-1.919329643250000,0.000000000000000
-37.787586212199997,174.935806273999987,1.462568998340000,1.635892272000000,1.766722559930000,-1.603922724720000,0.000000000000000
-37.787986755399999,174.936050415000011,1.461151599880000,1.634397745130000,1.765092253680000,-1.603221178050000,0.000000000000000
-37.788387298600000,174.936279296999999,1.459019541740000,1.631985545160000,1.762493968010000,-1.602045893670000,0.000000000000000
-37.788784027100000,174.936492920000006,1.455483794210000,1.628079772000000,1.758387207980000,-1.599741697310000,0.000000000000000
-37.789157867400000,174.936706543000014,1.451410532000000,1.623715400700000,1.753742694850000,-1.597547769550000,0.000000000000000
-37.787559509300003,174.935379028000000,1.462391257290000,1.635766625400000,1.766602277760000,-1.604096412660000,0.000000000000000
-37.768226623499999,174.921112061000002,1.586555361750000,1.818286657330000,1.951548576350000,-1.920992493630000,0.000000000000000
-37.768516540500002,174.921463012999993,1.585978269580000,1.817970275880000,1.951107621190000,-1.920446515080000,0.000000000000000
-37.768573760999999,174.921829223999993,1.586366295810000,1.818477272990000,1.951784491540000,-1.920891880990000,0.000000000000000
-37.768676757800002,174.922256470000008,1.586547851560000,1.818542957310000,1.951743245120000,-1.920458316800000,0.000000000000000
-37.768802642799997,174.922668456999986,1.586881041530000,1.818879723550000,1.952117443080000,-1.920572400090000,0.000000000000000
-37.768936157200002,174.923080443999993,1.586802721020000,1.818756580350000,1.952065706250000,-1.919855594640000,0.000000000000000
-37.769077301000003,174.923477173000009,1.587494134900000,1.819344878200000,1.952546119690000,-1.920191168790000,0.000000000000000
-37.769214630100002,174.923858642999988,1.587302565570000,1.819184660910000,1.952514529230000,-1.919821143150000,0.000000000000000
-37.769348144500000,174.924240112000007,1.585354804990000,1.815430402760000,1.948748707770000,-1.911128878590000,0.000000000000000
-37.768123626700003,174.919784545999988,1.585502862930000,1.817457318310000,1.950766205790000,-1.920255661010000,0.000000000000000
-37.768463134800001,174.920196532999995,1.585310935970000,1.817230582240000,1.950497627260000,-1.920353055000000,0.000000000000000
-37.768611907999997,174.920745850000003,1.585819602010000,1.817471504210000,1.950597405430000,-1.920301437380000,0.000000000000000
-37.768203735400000,174.919296265000014,1.585151076320000,1.817040443420000,1.950316190720000,-1.919508218770000,0.000000000000000
-37.765941619899998,174.919509887999993,1.586685657500000,1.818795084950000,1.952132344250000,-1.919671773910000,0.000000000000000
-37.767574310299999,174.919494629000013,1.585802197460000,1.817678213120000,1.951225042340000,-1.920096516610000,0.000000000000000
-37.766780853299998,174.919479370000005,1.586619973180000,1.818599581720000,1.952076911930000,-1.919880867000000,0.000000000000000
-37.787952423100002,174.935607909999987,1.461083173750000,1.634335756300000,1.765064239500000,-1.603296518330000,0.000000000000000
-37.788345336900001,174.935836792000003,1.459726095200000,1.632949233060000,1.763560771940000,-1.602814078330000,0.000000000000000
-37.788738250700000,174.936065673999991,1.457930088040000,1.630816698070000,1.761276960370000,-1.601515173910000,0.000000000000000
-37.789119720499997,174.936294556000007,1.454851388930000,1.627289175990000,1.757496476170000,-1.599761724470000,0.000000000000000
-37.789489746100003,174.936538696000014,1.453643202780000,1.626172423360000,1.756017923360000,-1.599581122400000,0.000000000000000
-37.789848327599998,174.936798095999990,1.452968001370000,1.625348567960000,1.755105137830000,-1.598882436750000,0.000000000000000
-37.787921905499999,174.935165404999992,1.461446166040000,1.634708642960000,1.765516877170000,-1.603379130360000,0.000000000000000
-37.768749237100003,174.921173095999990,1.585928201680000,1.817692875860000,1.950935125350000,-1.920653820040000,0.000000000000000
-37.768886566200003,174.921569823999988,1.585881948470000,1.818012356760000,1.951149582860000,-1.920581817630000,0.000000000000000
-37.768993377699999,174.921966553000004,1.586060166360000,1.818134307860000,1.951387763020000,-1.920459032060000,0.000000000000000
-37.769107818599998,174.922378540000011,1.586278676990000,1.818334579470000,1.951648354530000,-1.920196056370000,0.000000000000000
-37.769237518300002,174.922775268999999,1.586453557010000,1.818411350250000,1.951657891270000,-1.920055270200000,0.000000000000000
-37.769367217999999,174.923187256000006,1.586646199230000,1.818514227870000,1.951794981960000,-1.919818282130000,0.000000000000000
-37.769500732399997,174.923568726000013,1.587044358250000,1.818742990490000,1.952011108400000,-1.919599056240000,0.000000000000000
-37.768592834499998,174.919662476000013,1.584626674650000,1.816487073900000,1.949769258500000,-1.919384121890000,0.000000000000000
-37.768676757800002,174.919204712000010,1.584209561350000,1.816007018090000,1.949239134790000,-1.918958544730000,0.000000000000000
-37.768978118900002,174.919967651000007,1.584822893140000,1.816592454910000,1.949786067010000,-1.919558405880000,0.000000000000000
-37.768985748299997,174.920440673999991,1.585170626640000,1.816872596740000,1.950094223020000,-1.919929146770000,0.000000000000000
-37.769073486300002,174.920883178999986,1.585296750070000,1.817105889320000,1.950242638590000,-1.920002698900000,0.000000000000000
-37.768424987800003,174.918777465999995,1.584327578540000,1.816103219990000,1.949443221090000,-1.919249176980000,0.000000000000000
-37.767814636200001,174.918853759999990,1.584686398510000,1.816376447680000,1.949590206150000,-1.918525695800000,0.000000000000000
-37.766365051299999,174.918762206999986,1.585947871210000,1.817892909050000,1.951739192010000,-1.919328331950000,0.000000000000000
-37.767150878899997,174.918853759999990,1.585517764090000,1.817399621010000,1.950752258300000,-1.918884158130000,0.000000000000000
-37.788314819299998,174.935394287000008,1.459896564480000,1.633120536800000,1.763771891590000,-1.602951884270000,0.000000000000000
-37.788703918499998,174.935638428000004,1.458688735960000,1.631833672520000,1.762387037280000,-1.602171421050000,0.000000000000000
-37.789089202900001,174.935867309999992,1.457311511040000,1.630078196530000,1.760452628140000,-1.601376295090000,0.000000000000000
-37.789470672599997,174.936111449999999,1.455059409140000,1.627622604370000,1.757784247400000,-1.600053668020000,0.000000000000000
-37.789844512899997,174.936370850000003,1.454224109650000,1.626958966260000,1.756802320480000,-1.600203990940000,0.000000000000000
-37.790214538599997,174.936630248999990,1.452851533890000,1.625440835950000,1.755156993870000,-1.599491953850000,0.000000000000000
-37.788284301799997,174.934951782000013,1.460314631460000,1.633538007740000,1.764284968380000,-1.603140354160000,0.000000000000000
-37.769180297900000,174.921295165999993,1.585672378540000,1.817554354670000,1.950816988950000,-1.920370221140000,0.000000000000000
-37.769294738799999,174.921691895000009,1.585698962210000,1.817761182790000,1.950938105580000,-1.920322299000000,0.000000000000000
-37.769412994400000,174.922088623000008,1.586138725280000,1.818215608600000,1.951454520230000,-1.920430183410000,0.000000000000000
-37.769538879400002,174.922500609999986,1.586131215100000,1.818113327030000,1.951355814930000,-1.919959068300000,0.000000000000000
-37.769664764399998,174.922897339000002,1.586380004880000,1.818342089650000,1.951604723930000,-1.920084238050000,0.000000000000000
-37.769054412800003,174.918853759999990,1.583791613580000,1.815594553950000,1.948840141300000,-1.918879747390000,0.000000000000000
-37.769111633300000,174.919464110999996,1.584287166600000,1.816187381740000,1.949417948720000,-1.919479131700000,0.000000000000000
-37.769351959200002,174.919845581000004,1.584169864650000,1.815969109540000,1.949152946470000,-1.919102549550000,0.000000000000000
-37.769363403299998,174.920211792000003,1.584581375120000,1.816368579860000,1.949570655820000,-1.919513463970000,0.000000000000000
-37.769412994400000,174.920623779000010,1.584968805310000,1.816709518430000,1.949970245360000,-1.919690251350000,0.000000000000000
-37.769493103000002,174.921035767000006,1.585109114650000,1.817087292670000,1.950188279150000,-1.919985294340000,0.000000000000000
-37.767490387000002,174.918395995999987,1.585419178010000,1.817036032680000,1.950627923010000,-1.919661760330000,0.000000000000000
-37.768753051799997,174.918212890999996,1.583780646320000,1.815456748010000,1.948733091350000,-1.918844461440000,0.000000000000000
-37.768047332800002,174.918289184999992,1.584599137310000,1.816215395930000,1.949690818790000,-1.919046998020000,0.000000000000000
-37.765888214100002,174.917831420999988,1.586615562440000,1.818447947500000,1.952252745630000,-1.920080900190000,0.000000000000000
-37.766887664800002,174.918167113999999,1.585477113720000,1.817425370220000,1.950892925260000,-1.919334292410000,0.000000000000000
-37.788673400900002,174.935195923000009,1.459528565410000,1.632732152940000,1.763416171070000,-1.602587819100000,0.000000000000000
-37.789062500000000,174.935440062999987,1.458245277400000,1.631289839740000,1.761812329290000,-1.602079391480000,0.000000000000000
-37.789443969700002,174.935684204000012,1.456962466240000,1.629939198490000,1.760230660440000,-1.601396441460000,0.000000000000000
-37.789825439500000,174.935928345000008,1.455348253250000,1.628109693530000,1.758137106900000,-1.600767016410000,0.000000000000000
-37.790214538599997,174.936187743999994,1.454338431360000,1.627077460290000,1.756910443310000,-1.600193500520000,0.000000000000000
-37.790634155299998,174.936492920000006,1.454255938530000,1.627172350880000,1.756763815880000,-1.600844264030000,0.000000000000000
-37.791110992400000,174.936645507999998,1.457572102550000,1.630394816400000,1.759581685070000,-1.603354930880000,0.000000000000000
-37.788650512700002,174.934738159000005,1.459704756740000,1.632871985440000,1.763594031330000,-1.602553009990000,0.000000000000000
-37.769245147699998,174.917922973999993,1.582843303680000,1.814362406730000,1.947584629060000,-1.917963147160000,0.000000000000000
-37.769359588599997,174.918380737000007,1.583237648010000,1.814857244490000,1.948079943660000,-1.918467521670000,0.000000000000000
-37.769596099899999,174.921432495000005,1.585336089130000,1.817292809490000,1.950489163400000,-1.919854640960000,0.000000000000000
-37.769710540799998,174.921813965000013,1.585692524910000,1.817803621290000,1.950997948650000,-1.920112967490000,0.000000000000000
-37.769836425800001,174.922210693000011,1.585720419880000,1.817710876460000,1.950962305070000,-1.919840693470000,0.000000000000000
-37.769962310799997,174.922607421999999,1.585999608040000,1.817811131480000,1.951064705850000,-1.919210433960000,0.000000000000000
-37.769531250000000,174.918762206999986,1.583215832710000,1.814960598950000,1.948136568070000,-1.918421506880000,0.000000000000000
-37.769523620599998,174.919158936000002,1.583532214160000,1.815298438070000,1.948494911190000,-1.918629527090000,0.000000000000000
-37.769607543900001,174.919586181999989,1.583763837810000,1.815569520000000,1.948787093160000,-1.918744921680000,0.000000000000000
-37.769695282000001,174.919982909999987,1.584148764610000,1.815971851350000,1.949165225030000,-1.919013142590000,0.000000000000000
-37.769752502400003,174.920394896999994,1.584607005120000,1.816209435460000,1.949342727660000,-1.919115066530000,0.000000000000000
-37.769817352300002,174.920791626000010,1.584490656850000,1.816220045090000,1.949493408200000,-1.919033527370000,0.000000000000000
-37.769889831500002,174.921173095999990,1.584911584850000,1.816814064980000,1.949952721600000,-1.919571042060000,0.000000000000000
-37.767547607399997,174.917816162000008,1.584886550900000,1.816532850270000,1.949995040890000,-1.919092416760000,0.000000000000000
-37.768894195599998,174.917556762999993,1.583140969280000,1.814715027810000,1.947954058650000,-1.918399095540000,0.000000000000000
-37.768249511699999,174.917663573999988,1.584059834480000,1.815497875210000,1.948915004730000,-1.918935418130000,0.000000000000000
-37.766048431400002,174.916625976999995,1.585509657860000,1.817081809040000,1.950638890270000,-1.918236374860000,0.000000000000000
-37.766868591300003,174.917312621999997,1.584984421730000,1.816484332080000,1.950111031530000,-1.918718218800000,0.000000000000000
-37.789035797099999,174.934997559000010,1.458963632580000,1.632115840910000,1.762733101840000,-1.602388143540000,0.000000000000000
-37.789421081500002,174.935241698999988,1.457779645920000,1.630658507350000,1.761071562770000,-1.601704478260000,0.000000000000000
-37.789802551299999,174.935485840000013,1.456437826160000,1.629495620730000,1.759730100630000,-1.601334214210000,0.000000000000000
-37.790187835700003,174.935745238999999,1.454821825030000,1.627768039700000,1.757711172100000,-1.600755214690000,0.000000000000000
-37.790584564200003,174.935989379999995,1.454870939250000,1.627757549290000,1.757454276080000,-1.601501822470000,0.000000000000000
-37.790985107399997,174.936218262000011,1.456585645680000,1.629137516020000,1.758443951610000,-1.602164149280000,0.000000000000000
-37.791339874300000,174.936370850000003,1.456879615780000,1.629800438880000,1.759137034420000,-1.602874279020000,0.000000000000000
-37.789020538300001,174.934555053999986,1.459492683410000,1.632693767550000,1.763415098190000,-1.602706789970000,0.000000000000000
-37.769462585399999,174.917510985999996,1.582564115520000,1.813958644870000,1.947192430500000,-1.918097138400000,0.000000000000000
-37.769744873000000,174.917999267999988,1.582596659660000,1.814152598380000,1.947297573090000,-1.917946577070000,0.000000000000000
-37.769821167000003,174.918502808000000,1.582779526710000,1.814392805100000,1.947572350500000,-1.918050408360000,0.000000000000000
-37.769996643100001,174.921539306999989,1.585208296780000,1.817116022110000,1.950316429140000,-1.919778347020000,0.000000000000000
-37.770130157499999,174.921920776000007,1.585528850560000,1.817417621610000,1.950538754460000,-1.919642567630000,0.000000000000000
-37.770256042500002,174.922317504999995,1.585563421250000,1.817239284520000,1.950560808180000,-1.918169856070000,0.000000000000000
-37.769889831500002,174.918914795000006,1.583057045940000,1.814760088920000,1.947899937630000,-1.918147206310000,0.000000000000000
-37.769943237299998,174.919326782000013,1.583341836930000,1.815072894100000,1.948230743410000,-1.918273448940000,0.000000000000000
-37.770015716600000,174.919754028000000,1.583674192430000,1.815412878990000,1.948557853700000,-1.918558120730000,0.000000000000000
-37.770084381099998,174.920150756999988,1.583691358570000,1.815457582470000,1.948689222340000,-1.918388128280000,0.000000000000000
-37.770145416299997,174.920562743999994,1.584419608120000,1.816049218180000,1.949206113820000,-1.919027566910000,0.000000000000000
-37.770202636699999,174.920959473000011,1.584569811820000,1.816284775730000,1.949463248250000,-1.919055223460000,0.000000000000000
-37.770221710199998,174.921295165999993,1.584648013110000,1.816438794140000,1.949609637260000,-1.919228196140000,0.000000000000000
-37.769142150900002,174.917022704999994,1.582663297650000,1.814114332200000,1.947389125820000,-1.918441176410000,0.000000000000000
-37.767738342299999,174.917068481000001,1.584184885030000,1.815859198570000,1.949280023570000,-1.919354915620000,0.000000000000000
-37.768505096399998,174.917022704999994,1.583173513410000,1.814483046530000,1.947858810420000,-1.918074965480000,0.000000000000000
-37.766326904300001,174.915466309000010,1.583217263220000,1.813885331150000,1.947587847710000,-1.914180517200000,0.000000000000000
-37.767105102499997,174.916366576999991,1.584160089490000,1.815588116650000,1.949181079860000,-1.918822288510000,0.000000000000000
-37.789394378700003,174.934799193999993,1.458824038510000,1.631956815720000,1.762556910510000,-1.602246642110000,0.000000000000000
-37.789775848399998,174.935043334999989,1.457349896430000,1.630366921420000,1.760716319080000,-1.601750493050000,0.000000000000000
-37.790157318100000,174.935287476000013,1.456134557720000,1.629106521610000,1.759237289430000,-1.601235628130000,0.000000000000000
-37.790546417199998,174.935531615999992,1.454357266430000,1.627151250840000,1.756922602650000,-1.600644111630000,0.000000000000000
-37.790935516399998,174.935775756999988,1.454342007640000,1.627161383630000,1.756826400760000,-1.600805878640000,0.000000000000000
-37.791313171399999,174.936004639000004,1.455959677700000,1.628586649890000,1.757925271990000,-1.602719664570000,0.000000000000000
-37.791675567600002,174.936264037999990,1.457095265390000,1.630260229110000,1.759257435800000,-1.603371024130000,0.000000000000000
-37.769767761200001,174.916992187999995,1.581510305400000,1.812848448750000,1.945913076400000,-1.917021393780000,0.000000000000000
-37.769981384300003,174.917541504000013,1.581846356390000,1.813298344610000,1.946389794350000,-1.917458057400000,0.000000000000000
-37.770164489700001,174.917892456000004,1.581889748570000,1.813299775120000,1.946382284160000,-1.917199850080000,0.000000000000000
-37.770168304400002,174.918258667000003,1.582236409190000,1.813736677170000,1.946872353550000,-1.917643666270000,0.000000000000000
-37.770225524899999,174.918670654000010,1.582563877110000,1.814127683640000,1.947293519970000,-1.917679429050000,0.000000000000000
-37.770439147899999,174.921615601000013,1.582108020780000,1.811396121980000,1.944552421570000,-1.907932996750000,0.000000000000000
-37.770282745400003,174.919082642000006,1.582625031470000,1.814277648930000,1.947445154190000,-1.917722940440000,0.000000000000000
-37.770347595200001,174.919494629000013,1.582977414130000,1.814679384230000,1.947867035870000,-1.917902469640000,0.000000000000000
-37.770412445100000,174.919906615999992,1.583268284800000,1.814952373500000,1.948120474820000,-1.917988896370000,0.000000000000000
-37.770477294899997,174.920318603999988,1.583746075630000,1.815462827680000,1.948631525040000,-1.918526411060000,0.000000000000000
-37.770538330100003,174.920730590999995,1.583735823630000,1.815346241000000,1.948537230490000,-1.918160796170000,0.000000000000000
-37.770591735799997,174.921188354000009,1.584396719930000,1.816001415250000,1.949186444280000,-1.918895840640000,0.000000000000000
-37.769821167000003,174.916503906000003,1.581180334090000,1.812453985210000,1.945575952530000,-1.917272329330000,0.000000000000000
-37.766975402800000,174.914642334000007,1.582722783090000,1.814020037650000,1.947610616680000,-1.917864561080000,0.000000000000000
-37.769378662100003,174.916534423999991,1.581853032110000,1.813157677650000,1.946352839470000,-1.917501688000000,0.000000000000000
-37.768848419199998,174.916549683000000,1.582531809810000,1.813886642460000,1.947159290310000,-1.918285250660000,0.000000000000000
-37.768161773700001,174.916244506999988,1.583058476450000,1.814507842060000,1.947956442830000,-1.918323278430000,0.000000000000000
-37.767471313500003,174.915451050000001,1.582990646360000,1.814343810080000,1.947883963580000,-1.917983889580000,0.000000000000000
-37.789749145499997,174.934616089000002,1.457881212230000,1.630797147750000,1.761255860330000,-1.602112650870000,0.000000000000000
-37.790130615199999,174.934860229000009,1.456727385520000,1.629817366600000,1.760094523430000,-1.601196050640000,0.000000000000000
-37.790512085000003,174.935089110999996,1.454702615740000,1.627573847770000,1.757536530490000,-1.601172685620000,0.000000000000000
-37.790897369400000,174.935333251999992,1.453374147420000,1.626050710680000,1.755723118780000,-1.600873231890000,0.000000000000000
-37.791282653800003,174.935562134000008,1.453041434290000,1.625917911530000,1.755389809610000,-1.600976705550000,0.000000000000000
-37.791664123499999,174.935821532999995,1.455106377600000,1.627601385120000,1.756689667700000,-1.601687073710000,0.000000000000000
-37.792053222699998,174.936080933000000,1.455251336100000,1.628456354140000,1.757518410680000,-1.603771448140000,0.000000000000000
-37.770275116000001,174.916656493999994,1.580740571020000,1.812004685400000,1.945027470590000,-1.916695475580000,0.000000000000000
-37.770317077599998,174.917190551999994,1.581107139590000,1.812428832050000,1.945444583890000,-1.916829705240000,0.000000000000000
-37.770423889200003,174.917633056999989,1.581415295600000,1.812791824340000,1.945838332180000,-1.917008757590000,0.000000000000000
-37.770507812500000,174.918029784999987,1.581687688830000,1.813156485560000,1.946187376980000,-1.917129278180000,0.000000000000000
-37.770557403600002,174.918441771999994,1.581924676900000,1.813446044920000,1.946513295170000,-1.917128682140000,0.000000000000000
-37.770618438699998,174.918838501000010,1.582127690320000,1.813704013820000,1.946806550030000,-1.917356848720000,0.000000000000000
-37.770679473900003,174.919250487999989,1.582513809200000,1.814133048060000,1.947250127790000,-1.917425751690000,0.000000000000000
-37.770744323700001,174.919662476000013,1.582720637320000,1.814362406730000,1.947502970700000,-1.917617559430000,0.000000000000000
-37.770809173600000,174.920074462999992,1.583011507990000,1.814674496650000,1.947837114330000,-1.917811274530000,0.000000000000000
-37.770874023399998,174.920486449999999,1.583241462710000,1.814879298210000,1.948069572450000,-1.917795300480000,0.000000000000000
-37.770938873299997,174.920898437999995,1.584224343300000,1.815786361690000,1.948933959010000,-1.918708682060000,0.000000000000000
-37.770538330100003,174.916244506999988,1.579781174660000,1.810970544820000,1.943894982340000,-1.915924429890000,0.000000000000000
-37.770069122300001,174.916152954000012,1.580402731900000,1.811627507210000,1.944662570950000,-1.916459321980000,0.000000000000000
-37.769618987999998,174.916152954000012,1.581259608270000,1.812556982040000,1.945690631870000,-1.917259693150000,0.000000000000000
-37.767410278299998,174.914047240999992,1.582427859310000,1.813782215120000,1.947337985040000,-1.918308973310000,0.000000000000000
-37.767852783199999,174.914642334000007,1.582057118420000,1.813282966610000,1.946788668630000,-1.917560458180000,0.000000000000000
-37.769050598100002,174.915954590000013,1.581836581230000,1.813259482380000,1.946572422980000,-1.918080687520000,0.000000000000000
-37.768402099600003,174.915344237999989,1.582779049870000,1.814171552660000,1.947702646260000,-1.918884992600000,0.000000000000000
-37.767421722400002,174.913360595999990,1.581831693650000,1.813092350960000,1.946604371070000,-1.917305469510000,0.000000000000000
-37.790863037100003,174.934890746999997,1.453159570690000,1.625918984410000,1.755565404890000,-1.600067734720000,0.000000000000000
-37.791252136200001,174.935119629000013,1.452028036120000,1.624449610710000,1.754077434540000,-1.599348068240000,0.000000000000000
-37.791641235400000,174.935363770000009,1.451567769050000,1.624095082280000,1.753343224530000,-1.601289391520000,0.000000000000000
-37.792030334499998,174.935607909999987,1.453166484830000,1.625780582430000,1.754780530930000,-1.602146148680000,0.000000000000000
-37.792423248299997,174.935867309999992,1.452456951140000,1.625247716900000,1.753780841830000,-1.602689623830000,0.000000000000000
-37.770702362100003,174.916580199999999,1.579845666890000,1.811015486720000,1.943910002710000,-1.915875196460000,0.000000000000000
-37.770694732700001,174.916946410999998,1.580263137820000,1.811461687090000,1.944392085080000,-1.916093587880000,0.000000000000000
-37.770748138400002,174.917373657000013,1.580630779270000,1.811949968340000,1.944862723350000,-1.916283369060000,0.000000000000000
-37.770820617699997,174.917785645000009,1.580989360810000,1.812301278110000,1.945290446280000,-1.916570425030000,0.000000000000000
-37.770885467500001,174.918197631999988,1.581334590910000,1.812671065330000,1.945731520650000,-1.916712880130000,0.000000000000000
-37.770946502699999,174.918609618999994,1.581513285640000,1.813012838360000,1.946042895320000,-1.916849732400000,0.000000000000000
-37.771007537800003,174.919006348000011,1.581924319270000,1.813404083250000,1.946516036990000,-1.916911005970000,0.000000000000000
-37.771072387700002,174.919418334999989,1.582008123400000,1.813551306720000,1.946674585340000,-1.917168021200000,0.000000000000000
-37.771141052200001,174.919830321999996,1.582610845570000,1.814206838610000,1.947346329690000,-1.917510032650000,0.000000000000000
-37.771209716800001,174.920242309999992,1.582523822780000,1.814116120340000,1.947287440300000,-1.917504191400000,0.000000000000000
-37.770954132100002,174.916336059999992,1.579138875010000,1.810330867770000,1.943180203440000,-1.915486335750000,0.000000000000000
-37.770851135299999,174.915924071999996,1.578854918480000,1.809981107710000,1.942828774450000,-1.915239214900000,0.000000000000000
-37.770381927499997,174.915771484000004,1.579678058620000,1.810777902600000,1.943730592730000,-1.916019082070000,0.000000000000000
-37.769767761200001,174.915634154999992,1.580474019050000,1.811743736270000,1.944836616520000,-1.916830539700000,0.000000000000000
-37.768093109100001,174.913009643999999,1.580819487570000,1.811984539030000,1.945428729060000,-1.917029261590000,0.000000000000000
-37.768177032499999,174.913833618000012,1.581740379330000,1.813058853150000,1.946738243100000,-1.917712688450000,0.000000000000000
-37.768680572500003,174.914566040000011,1.581446290020000,1.812719702720000,1.946062445640000,-1.917745709420000,0.000000000000000
-37.769184112500000,174.915176392000006,1.580988883970000,1.812238812450000,1.945473670960000,-1.917129635810000,0.000000000000000
-37.768142700200002,174.912353515999996,1.579917788510000,1.811016440390000,1.944546461110000,-1.916099667550000,0.000000000000000
-37.791606903100003,174.934921265000014,1.447741866110000,1.619866251950000,1.749119520190000,-1.596723198890000,0.000000000000000
-37.791999816900002,174.935150146000012,1.450151681900000,1.622064113620000,1.750984549520000,-1.600340962410000,0.000000000000000
-37.792404174799998,174.935409545999988,1.448427677150000,1.620635986330000,1.749666213990000,-1.602350234990000,0.000000000000000
-37.771034240699997,174.916732787999990,1.579518675800000,1.810714960100000,1.943555474280000,-1.915568113330000,0.000000000000000
-37.771087646500000,174.917129517000006,1.579874277110000,1.811102032660000,1.944005966190000,-1.915892362590000,0.000000000000000
-37.771148681600003,174.917541504000013,1.580183267590000,1.811505556110000,1.944367289540000,-1.915936708450000,0.000000000000000
-37.771213531500003,174.917953490999992,1.580648779870000,1.812002778050000,1.944917917250000,-1.916213989260000,0.000000000000000
-37.771274566700001,174.918365478999988,1.580851793290000,1.812191963200000,1.945184707640000,-1.916237115860000,0.000000000000000
-37.771331787100003,174.918762206999986,1.581267714500000,1.812655687330000,1.945696353910000,-1.916457772250000,0.000000000000000
-37.771396637000002,174.919174193999993,1.581541657450000,1.813059210780000,1.946078300480000,-1.916929721830000,0.000000000000000
-37.771465301500001,174.919570923000009,1.581712365150000,1.813108444210000,1.946233034130000,-1.916510820390000,0.000000000000000
-37.771183013900000,174.915664673000009,1.578174114230000,1.809097647670000,1.941895604130000,-1.914773225780000,0.000000000000000
-37.771263122599997,174.916076659999987,1.578328609470000,1.809373259540000,1.942114830020000,-1.914782285690000,0.000000000000000
-37.771343231199999,174.916488646999994,1.578643202780000,1.809756040570000,1.942526102070000,-1.914975047110000,0.000000000000000
-37.771492004400002,174.915405273000005,1.577475070950000,1.808265328410000,1.940987229350000,-1.914298892020000,0.000000000000000
-37.768295288099999,174.911895751999992,1.579572439190000,1.810315966610000,1.943511247630000,-1.916238665580000,0.000000000000000
-37.770778655999997,174.915466309000010,1.578695654870000,1.809741973880000,1.942612171170000,-1.915323972700000,0.000000000000000
-37.771133422900000,174.915283203000001,1.577982068060000,1.808811426160000,1.941633701320000,-1.914631247520000,0.000000000000000
-37.770286560099997,174.915222168000014,1.579301714900000,1.810329675670000,1.943346738820000,-1.915743589400000,0.000000000000000
-37.769771575900002,174.915023803999986,1.580208182330000,1.811398625370000,1.944525599480000,-1.916932821270000,0.000000000000000
-37.771373748800002,174.915008545000006,1.577426910400000,1.808131098750000,1.940903306010000,-1.914286732670000,0.000000000000000
-37.768653869600001,174.912170409999987,1.579399824140000,1.810185670850000,1.943348884580000,-1.915992975230000,0.000000000000000
-37.768650054900000,174.912689209000007,1.579918384550000,1.810768961910000,1.944013714790000,-1.916535019870000,0.000000000000000
-37.768745422400002,174.913284301999994,1.580398797990000,1.811431646350000,1.944723010060000,-1.916813373570000,0.000000000000000
-37.769031524699997,174.913909912000008,1.580593705180000,1.811725974080000,1.945036172870000,-1.917189598080000,0.000000000000000
-37.769432067899999,174.914520264000004,1.580319762230000,1.811357140540000,1.944614529610000,-1.916803598400000,0.000000000000000
-37.768260955800002,174.911468506000006,1.575878620150000,1.804308414460000,1.937540888790000,-1.903646707530000,0.000000000000000
-37.792770385700003,174.935165404999992,1.445586919780000,1.619990468030000,1.750251054760000,-1.616612434390000,0.000000000000000
-37.771411895800000,174.916885376000010,1.579020738600000,1.810158967970000,1.942917227750000,-1.915132522580000,0.000000000000000
-37.771476745599998,174.917297362999989,1.579369187360000,1.810533046720000,1.943375468250000,-1.915316224100000,0.000000000000000
-37.771537780800003,174.917709351000013,1.579813361170000,1.811013937000000,1.943872451780000,-1.915629625320000,0.000000000000000
-37.771598815899999,174.918121337999992,1.580164432530000,1.811392664910000,1.944313764570000,-1.915737628940000,0.000000000000000
-37.771656036400003,174.918518065999990,1.580511689190000,1.811793565750000,1.944758415220000,-1.916051864620000,0.000000000000000
-37.771717071499999,174.918930053999986,1.580483436580000,1.811694622040000,1.944762110710000,-1.915787696840000,0.000000000000000
-37.771781921399999,174.919326782000013,1.581521511080000,1.812848329540000,1.945945858960000,-1.916374683380000,0.000000000000000
-37.771575927699999,174.915817261000001,1.577602624890000,1.808448672290000,1.941162705420000,-1.914254546170000,0.000000000000000
-37.771656036400003,174.916229248000008,1.577709317210000,1.808740615840000,1.941376090050000,-1.914281725880000,0.000000000000000
-37.771732330299997,174.916641234999986,1.578277826310000,1.809241771700000,1.941979289050000,-1.914664745330000,0.000000000000000
-37.771697998000000,174.914718628000003,1.576753735540000,1.807316303250000,1.940046191220000,-1.913830161090000,0.000000000000000
-37.771797180199997,174.915145873999990,1.576563715930000,1.807249188420000,1.939869523050000,-1.913612246510000,0.000000000000000
-37.771888732900003,174.915557860999996,1.576801657680000,1.807521343230000,1.940150856970000,-1.913653969760000,0.000000000000000
-37.768672943100000,174.911727904999992,1.578681945800000,1.809360027310000,1.942541718480000,-1.915518879890000,0.000000000000000
-37.769004821800003,174.911956787000008,1.578517794610000,1.809302330020000,1.942544341090000,-1.915498614310000,0.000000000000000
-37.770832061800000,174.914901732999994,1.578292965890000,1.809173703190000,1.942067742350000,-1.915097832680000,0.000000000000000
-37.770175933799997,174.914535521999994,1.579178929330000,1.810122966770000,1.943175673480000,-1.915901184080000,0.000000000000000
-37.771274566700001,174.914550781000003,1.577383160590000,1.808075308800000,1.940912008290000,-1.914379119870000,0.000000000000000
-37.771625518800001,174.914337157999995,1.576728224750000,1.807255864140000,1.940039753910000,-1.913891911510000,0.000000000000000
-37.769111633300000,174.912902831999986,1.579392433170000,1.810210704800000,1.943501949310000,-1.915944814680000,0.000000000000000
-37.769157409700000,174.912399292000003,1.578898429870000,1.809926152230000,1.943289160730000,-1.915873169900000,0.000000000000000
-37.769393920900001,174.913360595999990,1.579251885410000,1.810182213780000,1.943360447880000,-1.916086077690000,0.000000000000000
-37.769752502400003,174.913925170999988,1.579461336140000,1.810413599010000,1.943626284600000,-1.916144371030000,0.000000000000000
-37.768688201899998,174.911285399999997,1.578247904780000,1.808687806130000,1.941724419590000,-1.915182471280000,0.000000000000000
-37.768348693800000,174.911071776999989,1.576203346250000,1.805082798000000,1.938203811650000,-1.906106948850000,0.000000000000000
-37.793880462600001,174.934890746999997,1.521945476530000,1.743705749510000,1.885903596880000,-1.871000528340000,0.000000000000000
-37.793529510500001,174.935134887999993,1.502473831180000,1.712354302410000,1.851454138760000,-1.828164100650000,0.000000000000000
-37.793121337899997,174.934921265000014,1.460935235020000,1.644865512850000,1.782001614570000,-1.692607879640000,0.000000000000000
-37.771800994899998,174.917053223000011,1.578565955160000,1.809678316120000,1.942401647570000,-1.914778709410000,0.000000000000000
-37.771865844700002,174.917465209999989,1.578955173490000,1.810144662860000,1.942877650260000,-1.915017604830000,0.000000000000000
-37.771923065199999,174.917877196999996,1.579331278800000,1.810475349430000,1.943308353420000,-1.915142059330000,0.000000000000000
-37.771980285600002,174.918289184999992,1.579699516300000,1.810852527620000,1.943728208540000,-1.915306091310000,0.000000000000000
-37.772033691399997,174.918685912999990,1.580170273780000,1.811422467230000,1.944351792340000,-1.915670394900000,0.000000000000000
-37.772087097200000,174.919082642000006,1.579262614250000,1.809296607970000,1.942358613010000,-1.911269545560000,0.000000000000000
-37.771972656199999,174.915969848999993,1.576910734180000,1.807705760000000,1.940324902530000,-1.913787722590000,0.000000000000000
-37.772048950200002,174.916381835999999,1.577190995220000,1.808209657670000,1.940764665600000,-1.913816928860000,0.000000000000000
-37.772121429400002,174.916793823000006,1.577639818190000,1.808626890180000,1.941261172290000,-1.914180517200000,0.000000000000000
-37.772010803199997,174.914443970000008,1.575938940050000,1.806380510330000,1.939018011090000,-1.913254380230000,0.000000000000000
-37.772113800000000,174.914871215999995,1.576002120970000,1.806460261340000,1.939084768300000,-1.913268685340000,0.000000000000000
-37.772201538099999,174.915298462000010,1.575982570650000,1.806542277340000,1.939093112950000,-1.913177013400000,0.000000000000000
-37.772289276099997,174.915710448999988,1.576121687890000,1.806771636010000,1.939311265950000,-1.913251280780000,0.000000000000000
-37.769123077400003,174.911529540999993,1.578199505810000,1.808935880660000,1.942147493360000,-1.915224552150000,0.000000000000000
-37.769416809100001,174.911956787000008,1.578595876690000,1.809283852580000,1.942470431330000,-1.915662884710000,0.000000000000000
-37.770801544199998,174.914260863999999,1.578190088270000,1.808841109280000,1.941838145260000,-1.915033936500000,0.000000000000000
-37.770343780499999,174.913925170999988,1.578658699990000,1.809445619580000,1.942488551140000,-1.915595412250000,0.000000000000000
-37.771308898900003,174.914047240999992,1.577121257780000,1.807715535160000,1.940567255020000,-1.914249062540000,0.000000000000000
-37.771839141800001,174.913955687999987,1.575906872750000,1.806306600570000,1.938989877700000,-1.913234591480000,0.000000000000000
-37.769607543900001,174.912811279000010,1.579168438910000,1.809967994690000,1.943244338040000,-1.916128396990000,0.000000000000000
-37.769657135000003,174.912338256999988,1.578690052030000,1.809507727620000,1.942770957950000,-1.915745139120000,0.000000000000000
-37.770122528100003,174.913299561000002,1.578535318370000,1.809327960010000,1.942490100860000,-1.915483713150000,0.000000000000000
-37.769412994400000,174.911148071000014,1.577834725380000,1.808519721030000,1.941709876060000,-1.914977312090000,0.000000000000000
-37.769023895300002,174.911102295000006,1.577943921090000,1.808384895320000,1.941459655760000,-1.914905548100000,0.000000000000000
-37.768707275399997,174.910858154000010,1.574326276780000,1.802301883700000,1.935290575030000,-1.901762962340000,0.000000000000000
-37.795211792000003,174.934188842999987,1.535243391990000,1.755780100820000,1.895774364470000,-1.863484025000000,0.000000000000000
-37.794940948499999,174.934509276999989,1.533221125600000,1.753745198250000,1.893965482710000,-1.864690661430000,0.000000000000000
-37.794643402100000,174.934814453000001,1.532481074330000,1.754140138630000,1.895368456840000,-1.869998812680000,0.000000000000000
-37.794216155999997,174.934646606000001,1.524146676060000,1.745199203490000,1.886347532270000,-1.865701317790000,0.000000000000000
-37.793819427499997,174.934463501000010,1.518732666970000,1.739170193670000,1.881176948550000,-1.866544008260000,0.000000000000000
-37.793472289999997,174.934677123999990,1.508235692980000,1.721970677380000,1.863761425020000,-1.849793791770000,0.000000000000000
-37.772190094000003,174.917205811000002,1.578028321270000,1.808947086330000,1.941681027410000,-1.914298295970000,0.000000000000000
-37.772251129200001,174.917633056999989,1.578660011290000,1.809829711910000,1.942526340480000,-1.914748668670000,0.000000000000000
-37.772308349600003,174.918045043999996,1.578982353210000,1.810040712360000,1.942827105520000,-1.914944887160000,0.000000000000000
-37.772357940699997,174.918457031000003,1.579280972480000,1.810317754750000,1.943197607990000,-1.914961695670000,0.000000000000000
-37.772365570100000,174.916122437000013,1.576479315760000,1.807100653650000,1.939694166180000,-1.913306832310000,0.000000000000000
-37.772441864000001,174.916534423999991,1.576627373700000,1.807521224020000,1.940041780470000,-1.913538336750000,0.000000000000000
-37.772514343300003,174.916961670000006,1.577246308330000,1.808188915250000,1.940798163410000,-1.913757920270000,0.000000000000000
-37.772682189900003,174.915863037000008,1.575487256050000,1.806081056590000,1.938494324680000,-1.912695169450000,0.000000000000000
-37.772342681900000,174.914154053000004,1.574988842010000,1.805293083190000,1.937821745870000,-1.912554264070000,0.000000000000000
-37.772434234599999,174.914596558000000,1.575135707860000,1.805483579640000,1.937991738320000,-1.912663578990000,0.000000000000000
-37.772521972699998,174.915023803999986,1.575178146360000,1.805585384370000,1.938058257100000,-1.912660956380000,0.000000000000000
-37.772605896000002,174.915451050000001,1.575331568720000,1.805796980860000,1.938256263730000,-1.912686228750000,0.000000000000000
-37.772281646700002,174.913681029999992,1.575040221210000,1.805325269700000,1.938023328780000,-1.912787199020000,0.000000000000000
-37.769641876199998,174.911560059000010,1.578000783920000,1.808912158010000,1.942205071450000,-1.915365457530000,0.000000000000000
-37.769809722900000,174.911209106000001,1.577654004100000,1.808235406880000,1.941286087040000,-1.914762377740000,0.000000000000000
-37.769916534399997,174.911987304999997,1.578067779540000,1.808766365050000,1.941982984540000,-1.915176153180000,0.000000000000000
-37.770866394000002,174.913589478000006,1.577749252320000,1.808407306670000,1.941441893580000,-1.914830565450000,0.000000000000000
-37.771442413300001,174.913604735999996,1.576721310620000,1.807166218760000,1.940049290660000,-1.913991093640000,0.000000000000000
-37.771846771200003,174.913406371999997,1.575828313830000,1.806127667430000,1.938924551010000,-1.913249731060000,0.000000000000000
-37.770191192600002,174.912536620999987,1.578219413760000,1.808919072150000,1.942153334620000,-1.915343880650000,0.000000000000000
-37.770694732700001,174.912963867000002,1.577664971350000,1.808268547060000,1.941357254980000,-1.914854764940000,0.000000000000000
-37.770114898700001,174.910995482999994,1.577352404590000,1.808166623120000,1.941523075100000,-1.914727687840000,0.000000000000000
-37.769695282000001,174.910827637000011,1.577452898030000,1.807847738270000,1.940935134890000,-1.914574027060000,0.000000000000000
-37.769187927200001,174.910690308000000,1.577530026440000,1.807903647420000,1.940907835960000,-1.914493083950000,0.000000000000000
-37.770042419399999,174.910552978999988,1.577214360240000,1.807966232300000,1.941234946250000,-1.914494752880000,0.000000000000000
-37.795475006099998,174.933853148999987,1.535527586940000,1.755612730980000,1.895726203920000,-1.862329363820000,0.000000000000000
-37.795055389399998,174.933776854999991,1.532786011700000,1.752703070640000,1.892321228980000,-1.861280560490000,0.000000000000000
-37.794792175300003,174.934082031000003,1.530677914620000,1.750139236450000,1.890034198760000,-1.859921813010000,0.000000000000000
-37.794517517099997,174.934371948000006,1.529071807860000,1.749092698100000,1.889268159870000,-1.862700939180000,0.000000000000000
-37.794124603299998,174.934234618999994,1.529737472530000,1.753967523570000,1.895865798000000,-1.886925697330000,0.000000000000000
-37.793800353999998,174.934112548999991,1.530745267870000,1.757919430730000,1.901921391490000,-1.906712889670000,0.000000000000000
-37.772579193100000,174.917373657000013,1.577446937560000,1.808414936070000,1.941055774690000,-1.914002776150000,0.000000000000000
-37.772640228299998,174.917800903000000,1.578150987630000,1.809151053430000,1.941854000090000,-1.914288282390000,0.000000000000000
-37.772693633999999,174.918228148999987,1.578581810000000,1.809610128400000,1.942364335060000,-1.914427161220000,0.000000000000000
-37.772762298600000,174.916290282999995,1.575817823410000,1.806358337400000,1.938889861110000,-1.912974119190000,0.000000000000000
-37.772834777800000,174.916702270999991,1.576281189920000,1.806918144230000,1.939471125600000,-1.913070082660000,0.000000000000000
-37.772907257100002,174.917114257999998,1.576421380040000,1.807152986530000,1.939735412600000,-1.913326740260000,0.000000000000000
-37.773002624500002,174.915603637999993,1.574676632880000,1.805015444760000,1.937399029730000,-1.912252545360000,0.000000000000000
-37.773078918499998,174.916030884000008,1.575045466420000,1.805567860600000,1.937942147250000,-1.912426114080000,0.000000000000000
-37.772708892799997,174.913894653000000,1.574261784550000,1.804314732550000,1.936838269230000,-1.912065744400000,0.000000000000000
-37.772773742699997,174.914337157999995,1.574246168140000,1.804418444630000,1.936852693560000,-1.912058234210000,0.000000000000000
-37.772850036599998,174.914764404000010,1.574258327480000,1.804557800290000,1.936914205550000,-1.912020206450000,0.000000000000000
-37.772926330600001,174.915191649999997,1.574482560160000,1.804812312130000,1.937169313430000,-1.912155389790000,0.000000000000000
-37.773063659700000,174.913665771000012,1.573211669920000,1.803416609760000,1.935910940170000,-1.911584854130000,0.000000000000000
-37.772674560500000,174.913452148000005,1.574162483220000,1.804287433620000,1.936906576160000,-1.912140727040000,0.000000000000000
-37.772277832000000,174.913223267000006,1.574965476990000,1.805140018460000,1.937906980510000,-1.912701606750000,0.000000000000000
-37.770172119100003,174.911499023000005,1.577590346340000,1.808318018910000,1.941552758220000,-1.914971351620000,0.000000000000000
-37.770404815699997,174.912002562999987,1.577750921250000,1.808468937870000,1.941715002060000,-1.915093064310000,0.000000000000000
-37.771347045900001,174.913040160999998,1.576424479480000,1.806809663770000,1.939682960510000,-1.913688659670000,0.000000000000000
-37.771900176999999,174.912963867000002,1.575467109680000,1.805754184720000,1.938608050350000,-1.913108229640000,0.000000000000000
-37.770935058600003,174.912353515999996,1.577103257180000,1.807541251180000,1.940660834310000,-1.914370179180000,0.000000000000000
-37.770401001000003,174.910293579000012,1.576630234720000,1.807003974910000,1.940164923670000,-1.913682222370000,0.000000000000000
-37.770477294899997,174.910751342999987,1.577034473420000,1.807478308680000,1.940619468690000,-1.914190530780000,0.000000000000000
-37.770496368400003,174.911178589000002,1.577294468880000,1.808173775670000,1.941514849660000,-1.914846897130000,0.000000000000000
-37.769592285199998,174.910339354999991,1.577155828480000,1.807479262350000,1.940542101860000,-1.914062500000000,0.000000000000000
-37.769977569600002,174.910079956000004,1.576856970790000,1.807107329370000,1.940193176270000,-1.913702368740000,0.000000000000000
-37.796154022200000,174.933578490999992,1.534269571300000,1.754237890240000,1.893643856050000,-1.859555602070000,0.000000000000000
-37.795726776099997,174.933517456000004,1.534597158430000,1.754723072050000,1.894259810450000,-1.861532926560000,0.000000000000000
-37.795307159399997,174.933456420999988,1.532466769220000,1.752051472660000,1.891606688500000,-1.859762310980000,0.000000000000000
-37.794898986800000,174.933380126999992,1.528726696970000,1.748449802400000,1.887871265410000,-1.859640240670000,0.000000000000000
-37.794647216800001,174.933685303000004,1.527788877490000,1.746769309040000,1.886438369750000,-1.858060479160000,0.000000000000000
-37.794391632100002,174.933975220000008,1.529165744780000,1.750365972520000,1.890823841090000,-1.868689537050000,0.000000000000000
-37.794006347699998,174.933868407999995,1.525408148770000,1.748117923740000,1.888837218280000,-1.877051115040000,0.000000000000000
-37.773319244400000,174.915344237999989,1.573756814000000,1.804146289830000,1.936433076860000,-1.911716222760000,0.000000000000000
-37.772975921600001,174.917541504000013,1.577213168140000,1.808002591130000,1.940701127050000,-1.913708925250000,0.000000000000000
-37.773036956799999,174.917984009000008,1.577996373180000,1.808947086330000,1.941620469090000,-1.914136648180000,0.000000000000000
-37.773155212399999,174.916442870999987,1.575359106060000,1.805887103080000,1.938295602800000,-1.912498950960000,0.000000000000000
-37.773227691700001,174.916854857999994,1.575583100320000,1.806165099140000,1.938660383220000,-1.912835001950000,0.000000000000000
-37.773303985600002,174.917282104000009,1.576072931290000,1.806624650960000,1.939198493960000,-1.912837147710000,0.000000000000000
-37.773395538300001,174.915771484000004,1.574143886570000,1.804440259930000,1.936760663990000,-1.911848187450000,0.000000000000000
-37.773471832299997,174.916183472000000,1.574452757840000,1.804705262180000,1.937075376510000,-1.912019133570000,0.000000000000000
-37.773117065400001,174.914093017999988,1.573101162910000,1.803437948230000,1.935801506040000,-1.911457896230000,0.000000000000000
-37.773185730000002,174.914505004999995,1.573412299160000,1.803691625600000,1.936058878900000,-1.911675095560000,0.000000000000000
-37.773250579799999,174.914932251000010,1.573447942730000,1.803810715680000,1.936103463170000,-1.911624908450000,0.000000000000000
-37.773441314700001,174.913864136000001,1.572410821910000,1.802773475650000,1.935186743740000,-1.911234736440000,0.000000000000000
-37.773632049600003,174.915100098000011,1.572866916660000,1.803357005120000,1.935607910160000,-1.911332964900000,0.000000000000000
-37.773403167700003,174.913467407000013,1.572755575180000,1.802851915360000,1.935404062270000,-1.911382198330000,0.000000000000000
-37.773033142099997,174.913269043000014,1.573451519010000,1.803543686870000,1.936176657680000,-1.911787271500000,0.000000000000000
-37.772674560500000,174.913024901999989,1.573935627940000,1.804104447360000,1.936779022220000,-1.912011981010000,0.000000000000000
-37.772285461400003,174.912750243999994,1.574749231340000,1.804969429970000,1.937813639640000,-1.912642359730000,0.000000000000000
-37.770336151099997,174.909866332999997,1.575602531430000,1.806265473370000,1.939620733260000,-1.913519978520000,0.000000000000000
-37.770668029799999,174.910049437999987,1.576243042950000,1.806797504430000,1.940099239350000,-1.913572669030000,0.000000000000000
-37.770809173600000,174.911605834999989,1.576973557470000,1.807521939280000,1.940727114680000,-1.914276242260000,0.000000000000000
-37.771736144999998,174.912414551000012,1.575933694840000,1.806044936180000,1.939100861550000,-1.913440465930000,0.000000000000000
-37.771366119400000,174.911895751999992,1.576198458670000,1.806385040280000,1.939462661740000,-1.913535356520000,0.000000000000000
-37.770896911599998,174.910446167000003,1.575533628460000,1.805548310280000,1.938663125040000,-1.912736177440000,0.000000000000000
-37.770912170400003,174.911026001000010,1.576328158380000,1.806528925900000,1.939596295360000,-1.913427591320000,0.000000000000000
-37.795970916700000,174.933166504000013,1.533514380460000,1.752944231030000,1.892591357230000,-1.859058499340000,0.000000000000000
-37.795551300000000,174.933120728000006,1.530508875850000,1.749325037000000,1.888351559640000,-1.855980038640000,0.000000000000000
-37.795139312700002,174.933059692000000,1.527019381520000,1.745806336400000,1.885105013850000,-1.856294155120000,0.000000000000000
-37.794746398900003,174.932998657000013,1.523985981940000,1.743408322330000,1.882769703870000,-1.858497381210000,0.000000000000000
-37.794502258300000,174.933288573999988,1.525392174720000,1.745649576190000,1.885422229770000,-1.863018870350000,0.000000000000000
-37.794246673600000,174.933578490999992,1.525862336160000,1.747109413150000,1.887796044350000,-1.871707081790000,0.000000000000000
-37.773708343499997,174.915496826000009,1.573095083240000,1.803617835040000,1.935814738270000,-1.911391139030000,0.000000000000000
-37.773544311499997,174.916610717999987,1.575137615200000,1.805647611620000,1.938055038450000,-1.912432432170000,0.000000000000000
-37.773612976099997,174.917022704999994,1.575424313550000,1.805952429770000,1.938358545300000,-1.912505984310000,0.000000000000000
-37.773788452100000,174.915924071999996,1.573767185210000,1.804246902470000,1.936483860020000,-1.911632418630000,0.000000000000000
-37.773868560799997,174.916351318000011,1.574124097820000,1.804432630540000,1.936738133430000,-1.911663055420000,0.000000000000000
-37.773765564000001,174.913665771000012,1.571928024290000,1.802263736720000,1.934658408160000,-1.910902976990000,0.000000000000000
-37.773525237999998,174.914260863999999,1.572359323500000,1.802833080290000,1.935110211370000,-1.911067247390000,0.000000000000000
-37.773590087899997,174.914688109999986,1.572470307350000,1.802937030790000,1.935183525090000,-1.911138415340000,0.000000000000000
-37.773777008099998,174.914031982000012,1.571941852570000,1.802338242530000,1.934670925140000,-1.910899758340000,0.000000000000000
-37.773910522500003,174.914871215999995,1.572359681130000,1.802851915360000,1.935030460360000,-1.911008238790000,0.000000000000000
-37.774005889900003,174.915237426999994,1.572412133220000,1.802918910980000,1.935097694400000,-1.910990118980000,0.000000000000000
-37.773746490500002,174.913269043000014,1.572257041930000,1.802344441410000,1.934899806980000,-1.911158084870000,0.000000000000000
-37.773361206099999,174.913055420000006,1.572906851770000,1.802950739860000,1.935595870020000,-1.911506891250000,0.000000000000000
-37.773017883300000,174.912902831999986,1.573519587520000,1.803628921510000,1.936406254770000,-1.911962151530000,0.000000000000000
-37.772750854500003,174.912612915000011,1.573867917060000,1.804021835330000,1.936859011650000,-1.912172436710000,0.000000000000000
-37.772365570100000,174.912231445000003,1.574706554410000,1.804694771770000,1.937654495240000,-1.912565469740000,0.000000000000000
-37.770683288599997,174.909698485999996,1.575441598890000,1.805932044980000,1.939257144930000,-1.912855982780000,0.000000000000000
-37.771022796600001,174.909973145000009,1.575112700460000,1.805563330650000,1.938926339150000,-1.913071393970000,0.000000000000000
-37.771389007600000,174.911346436000002,1.575787782670000,1.805927872660000,1.939090490340000,-1.913281083110000,0.000000000000000
-37.771953582800002,174.911727904999992,1.575336217880000,1.805378198620000,1.938492059710000,-1.912941217420000,0.000000000000000
-37.771404266399998,174.910263062000013,1.575413346290000,1.805994629860000,1.939684152600000,-1.913665890690000,0.000000000000000
-37.771396637000002,174.910781859999986,1.575369477270000,1.805847287180000,1.939185976980000,-1.913227558140000,0.000000000000000
-37.770709991499999,174.909286498999990,1.574396967890000,1.803740382190000,1.937097430230000,-1.907668471340000,0.000000000000000
-37.795787811300002,174.932769774999997,1.530691742900000,1.750662446020000,1.889632463460000,-1.860985398290000,0.000000000000000
-37.795368194600002,174.932723998999990,1.531429767610000,1.752239584920000,1.891307592390000,-1.866474866870000,0.000000000000000
-37.794960021999998,174.932678223000011,1.529956698420000,1.750635147090000,1.889351606370000,-1.867335200310000,0.000000000000000
-37.774097442600002,174.915649414000001,1.573046922680000,1.803520083430000,1.935697436330000,-1.911152124400000,0.000000000000000
-37.773937225300003,174.916778563999998,1.574463486670000,1.804754137990000,1.937121868130000,-1.911955714230000,0.000000000000000
-37.774185180700002,174.916076659999987,1.573316335680000,1.803879737850000,1.936075448990000,-1.911375880240000,0.000000000000000
-37.774269103999998,174.916519165000011,1.573889851570000,1.804426431660000,1.936717629430000,-1.911681532860000,0.000000000000000
-37.774120330800002,174.913482665999993,1.571571230890000,1.801812410350000,1.934247493740000,-1.910716772080000,0.000000000000000
-37.774116516100001,174.913909912000008,1.571510553360000,1.801926493640000,1.934226512910000,-1.910584211350000,0.000000000000000
-37.774032592799998,174.914428710999999,1.571751117710000,1.802288889880000,1.934505939480000,-1.910790205000000,0.000000000000000
-37.774421691900002,174.914154053000004,1.571414113040000,1.801890134810000,1.934137344360000,-1.910482287410000,0.000000000000000
-37.774288177499997,174.914932251000010,1.572080254550000,1.802447915080000,1.934560179710000,-1.910574793820000,0.000000000000000
-37.774406433099998,174.915374756000006,1.572594881060000,1.802997946740000,1.935123920440000,-1.910862803460000,0.000000000000000
-37.774406433099998,174.913299561000002,1.571335434910000,1.801559567450000,1.934035897250000,-1.910485029220000,0.000000000000000
-37.774105071999998,174.913070678999986,1.571419715880000,1.801644444470000,1.934113144870000,-1.910486340520000,0.000000000000000
-37.773715972900000,174.912826537999990,1.571913123130000,1.802075624470000,1.934613108630000,-1.910809993740000,0.000000000000000
-37.773262023900003,174.912582396999994,1.572926402090000,1.802917718890000,1.935643196110000,-1.911427855490000,0.000000000000000
-37.772899627699999,174.912170409999987,1.573815822600000,1.803785085680000,1.936730742450000,-1.912074804310000,0.000000000000000
-37.772575378399999,174.911743164000001,1.574615955350000,1.804595112800000,1.937783002850000,-1.912766218190000,0.000000000000000
-37.771057128899997,174.909545898000005,1.574418544770000,1.805002808570000,1.938573479650000,-1.913059949870000,0.000000000000000
-37.771423339800002,174.909805298000009,1.575729846950000,1.806444287300000,1.940316677090000,-1.914024710660000,0.000000000000000
-37.771896362299998,174.911087035999998,1.575051069260000,1.805603504180000,1.939002513890000,-1.913305163380000,0.000000000000000
-37.772335052499997,174.911331176999994,1.574828743930000,1.805163383480000,1.938487768170000,-1.913081765170000,0.000000000000000
-37.771816253700003,174.910049437999987,1.575408935550000,1.805987834930000,1.939621448520000,-1.913626551630000,0.000000000000000
-37.771869659399997,174.910537720000008,1.575449585910000,1.806110858920000,1.939727663990000,-1.913735389710000,0.000000000000000
-37.796268463099999,174.932098389000004,1.532235860820000,1.752671003340000,1.891805768010000,-1.865231990810000,0.000000000000000
-37.796020507800002,174.932434081999986,1.532617449760000,1.753461241720000,1.892533063890000,-1.866390466690000,0.000000000000000
-37.795604705800002,174.932373046999999,1.532401323320000,1.753251552580000,1.892060160640000,-1.866467356680000,0.000000000000000
-37.795177459700000,174.932327270999991,1.531910061840000,1.752850770950000,1.891405463220000,-1.866919398310000,0.000000000000000
-37.794708252000000,174.932312012000011,1.530923604970000,1.752669930460000,1.890434861180000,-1.866903066640000,0.000000000000000
-37.774501800499998,174.915802001999992,1.572911620140000,1.803372979160000,1.935503959660000,-1.911011457440000,0.000000000000000
-37.774589538599997,174.916244506999988,1.573699593540000,1.804203271870000,1.936404466630000,-1.911136150360000,0.000000000000000
-37.774650573700001,174.916656493999994,1.573102712630000,1.802839636800000,1.935142755510000,-1.907882690430000,0.000000000000000
-37.774574279799999,174.913726806999989,1.571096658710000,1.801517367360000,1.933819293980000,-1.910196781160000,0.000000000000000
-37.774749755899997,174.914154053000004,1.571264386180000,1.801765918730000,1.934006094930000,-1.910230398180000,0.000000000000000
-37.774635314900003,174.914566040000011,1.571737885480000,1.802089214320000,1.934216260910000,-1.910296320920000,0.000000000000000
-37.774726867699997,174.915084839000002,1.572307229040000,1.802706480030000,1.934822201730000,-1.910654306410000,0.000000000000000
-37.774803161599998,174.915527343999997,1.572579383850000,1.802949428560000,1.935074090960000,-1.910479545590000,0.000000000000000
-37.774703979500003,174.913299561000002,1.571000695230000,1.801262974740000,1.933725476260000,-1.910193920140000,0.000000000000000
-37.774528503399999,174.912918090999995,1.571211457250000,1.801287055020000,1.933898925780000,-1.910431861880000,0.000000000000000
-37.774112701400000,174.912643433000000,1.571558475490000,1.801600694660000,1.934287786480000,-1.910706162450000,0.000000000000000
-37.773719787600001,174.912384032999995,1.572053313260000,1.802200436590000,1.935007691380000,-1.911202311520000,0.000000000000000
-37.773361206099999,174.912094115999992,1.572790145870000,1.802792191510000,1.935690283780000,-1.911492705350000,0.000000000000000
-37.773078918499998,174.911727904999992,1.573599338530000,1.803424239160000,1.936472654340000,-1.911939859390000,0.000000000000000
-37.772811889600000,174.911300659000005,1.574073910710000,1.804187536240000,1.937432169910000,-1.912454485890000,0.000000000000000
-37.771427154500003,174.909362793000014,1.575378298760000,1.806119441990000,1.940044403080000,-1.913967728610000,0.000000000000000
-37.771808624300000,174.909622192000000,1.575694441800000,1.806297540660000,1.940142989160000,-1.914043068890000,0.000000000000000
-37.772129058799997,174.909851073999988,1.575379252430000,1.806145548820000,1.939983725550000,-1.913978815080000,0.000000000000000
-37.772441864000001,174.910797118999994,1.574528455730000,1.805262565610000,1.938772559170000,-1.913297176360000,0.000000000000000
-37.772266387899997,174.910232543999996,1.575177311900000,1.805793643000000,1.939465999600000,-1.913644313810000,0.000000000000000
-37.771373748800002,174.908874512000011,1.576109170910000,1.806957602500000,1.941472411160000,-1.915490627290000,0.000000000000000
-37.771518707299997,174.908401488999999,1.576802849770000,1.807574152950000,1.941908478740000,-1.915257930760000,0.000000000000000
-37.796096801799997,174.931686401000007,1.531388759610000,1.752208709720000,1.891157984730000,-1.865768313410000,0.000000000000000
-37.795848846399998,174.932037353999988,1.531541228290000,1.752298831940000,1.891173481940000,-1.865012407300000,0.000000000000000
-37.795421600300003,174.931976318000011,1.532765626910000,1.753193140030000,1.891568064690000,-1.866309523580000,0.000000000000000
-37.794994354200000,174.931930542000003,1.533354640010000,1.754091978070000,1.892334103580000,-1.867552876470000,0.000000000000000
-37.794628143300002,174.931900023999987,1.531186580660000,1.752226352690000,1.890044093130000,-1.866637825970000,0.000000000000000
-37.773460388200000,174.911743164000001,1.573065996170000,1.802867889400000,1.935960888860000,-1.911744236950000,0.000000000000000
-37.774913787800003,174.915954590000013,1.573547959330000,1.804048657420000,1.936222076420000,-1.911160826680000,0.000000000000000
-37.775012969999999,174.916442870999987,1.573191404340000,1.803765177730000,1.936003923420000,-1.910733222960000,0.000000000000000
-37.775024414100002,174.913513184000010,1.571098923680000,1.801360964780000,1.933825373650000,-1.910106301310000,0.000000000000000
-37.775043487500000,174.913940429999997,1.571268796920000,1.801644086840000,1.934012174610000,-1.910170793530000,0.000000000000000
-37.775070190400001,174.914367676000012,1.571506142620000,1.801994919780000,1.934234261510000,-1.910181403160000,0.000000000000000
-37.775154113799999,174.914855956999986,1.572014212610000,1.802433848380000,1.934600114820000,-1.910266041760000,0.000000000000000
-37.775074005100002,174.915283203000001,1.572716712950000,1.803057551380000,1.935176014900000,-1.910444140430000,0.000000000000000
-37.775207519500000,174.915649414000001,1.572942972180000,1.803463935850000,1.935624599460000,-1.910949468610000,0.000000000000000
-37.774990081799999,174.913070678999986,1.571255326270000,1.801283121110000,1.933945417400000,-1.910411596300000,0.000000000000000
-37.774898529100000,174.912643433000000,1.571016430850000,1.801171183590000,1.933904409410000,-1.910350441930000,0.000000000000000
-37.774490356400001,174.912445068000011,1.571528673170000,1.801558494570000,1.934458136560000,-1.911024451260000,0.000000000000000
-37.774105071999998,174.912216187000013,1.571846961980000,1.801879048350000,1.934812307360000,-1.911141276360000,0.000000000000000
-37.773750305199997,174.911972045999988,1.572589516640000,1.802415132520000,1.935444712640000,-1.911501765250000,0.000000000000000
-37.773368835399999,174.911331176999994,1.573238372800000,1.803351163860000,1.936640501020000,-1.912203192710000,0.000000000000000
-37.773082733199999,174.910842895999991,1.573600888250000,1.804056882860000,1.937469124790000,-1.912536501880000,0.000000000000000
-37.771831512500000,174.909179687999995,1.576235651970000,1.806722998620000,1.940694093700000,-1.914343714710000,0.000000000000000
-37.772216796899997,174.909484862999989,1.575556874280000,1.806142330170000,1.940086483960000,-1.914108872410000,0.000000000000000
-37.772537231400001,174.909851073999988,1.574731111530000,1.805283904080000,1.938961267470000,-1.913314342500000,0.000000000000000
-37.772811889600000,174.910308837999992,1.574193120000000,1.804885268210000,1.938501715660000,-1.913139104840000,0.000000000000000
-37.771873474099998,174.908721923999991,1.576984286310000,1.807865500450000,1.942130208020000,-1.915431261060000,0.000000000000000
-37.771923065199999,174.908325195000003,1.576759934430000,1.807535409930000,1.941772937770000,-1.915343165400000,0.000000000000000
-37.796348571800003,174.931320190000008,1.530785799030000,1.751264095310000,1.890394568440000,-1.864321589470000,0.000000000000000
-37.795913696299998,174.931274414000001,1.531865835190000,1.752350687980000,1.890826463700000,-1.866004467010000,0.000000000000000
-37.795669555700002,174.931625365999992,1.531668305400000,1.751987934110000,1.890531182290000,-1.864642024040000,0.000000000000000
-37.795242309599999,174.931564331000004,1.533162355420000,1.753500580790000,1.891705036160000,-1.866761207580000,0.000000000000000
-37.794784545900001,174.931503295999988,1.532600998880000,1.754654526710000,1.892058968540000,-1.867383480070000,0.000000000000000
-37.794349670400003,174.931640625000000,1.531616091730000,1.753502845760000,1.890773653980000,-1.866123676300000,0.000000000000000
-37.773754119899998,174.911590576000009,1.572848081590000,1.802740335460000,1.935945510860000,-1.911804318430000,0.000000000000000
-37.773765564000001,174.911254882999998,1.572760105130000,1.802935600280000,1.936256766320000,-1.911989688870000,0.000000000000000
-37.775367736800000,174.916076659999987,1.572521567340000,1.801875829700000,1.934102535250000,-1.905611395840000,0.000000000000000
-37.775405883799998,174.913284301999994,1.571150660510000,1.801312685010000,1.933869004250000,-1.910012602810000,0.000000000000000
-37.775417327900001,174.913742065000008,1.571244239810000,1.801581621170000,1.934003114700000,-1.910010457040000,0.000000000000000
-37.775421142600003,174.914169312000013,1.571240544320000,1.801652550700000,1.933997035030000,-1.909974694250000,0.000000000000000
-37.775421142600003,174.914550781000003,1.571539521220000,1.802055716510000,1.934325456620000,-1.910126447680000,0.000000000000000
-37.775684356699998,174.914886475000003,1.572447419170000,1.802920103070000,1.935138940810000,-1.910267949100000,0.000000000000000
-37.775474548299997,174.915298462000010,1.572728157040000,1.803198695180000,1.935390830040000,-1.910495758060000,0.000000000000000
-37.775615692099997,174.915710448999988,1.570564508440000,1.798402547840000,1.930617809300000,-1.899145364760000,0.000000000000000
-37.775814056400002,174.913085937999995,1.571349263190000,1.801426291470000,1.934071660040000,-1.909900546070000,0.000000000000000
-37.775386810299999,174.912780762000011,1.570979833600000,1.801144361500000,1.933869123460000,-1.910251617430000,0.000000000000000
-37.775165557900003,174.912399292000003,1.571180582050000,1.801196694370000,1.934127807620000,-1.910669445990000,0.000000000000000
-37.774833679200000,174.912231445000003,1.571372032170000,1.801370024680000,1.934301495550000,-1.910824060440000,0.000000000000000
-37.774463653600002,174.912017821999996,1.572031736370000,1.801851868630000,1.934943079950000,-1.911322116850000,0.000000000000000
-37.774097442600002,174.911804198999988,1.572416663170000,1.802216887470000,1.935336470600000,-1.911501884460000,0.000000000000000
-37.773609161400003,174.910903931000007,1.573017358780000,1.803526997570000,1.937054514880000,-1.912483096120000,0.000000000000000
-37.773460388200000,174.910354613999999,1.573090195660000,1.803752422330000,1.937331795690000,-1.912543535230000,0.000000000000000
-37.772289276099997,174.909027100000003,1.575641274450000,1.806164026260000,1.940225601200000,-1.914235830310000,0.000000000000000
-37.772705078100003,174.909378051999994,1.574967145920000,1.805540561680000,1.939479112630000,-1.913815975190000,0.000000000000000
-37.773090362500000,174.909820556999989,1.574083924290000,1.804674863820000,1.938453912730000,-1.913144707680000,0.000000000000000
-37.772224426299999,174.908004761000001,1.576427221300000,1.807324528690000,1.941784501080000,-1.915101408960000,0.000000000000000
-37.772312164299997,174.908538818000011,1.575822830200000,1.806627750400000,1.940851330760000,-1.914841771130000,0.000000000000000
-37.771881103500000,174.907638550000001,1.576786994930000,1.807910442350000,1.942393779750000,-1.916117191310000,0.000000000000000
-37.772708892799997,174.907470703000001,1.576589465140000,1.807700872420000,1.942393898960000,-1.915837526320000,0.000000000000000
-37.772308349600003,174.907485962000010,1.576648235320000,1.807615041730000,1.942185521130000,-1.915376305580000,0.000000000000000
-37.796588897699998,174.930953979000009,1.530737042430000,1.751380205150000,1.890695810320000,-1.864947080610000,0.000000000000000
-37.796150207499998,174.930908203000001,1.529353499410000,1.749608874320000,1.888174414630000,-1.863700866700000,0.000000000000000
-37.795726776099997,174.930862426999994,1.530742168430000,1.750877857210000,1.889119386670000,-1.864379167560000,0.000000000000000
-37.795494079599997,174.931213379000013,1.532833576200000,1.753257393840000,1.891301393510000,-1.866472601890000,0.000000000000000
-37.795089721700002,174.931167603000006,1.531913161280000,1.752705335620000,1.890609383580000,-1.866036534310000,0.000000000000000
-37.794761657700001,174.931091309000010,1.531381011010000,1.752728104590000,1.890321850780000,-1.866361975670000,0.000000000000000
-37.794433593800001,174.931198120000005,1.531611084940000,1.753007292750000,1.890386819840000,-1.865441083910000,0.000000000000000
-37.774078369100003,174.911422729000009,1.572501063350000,1.802569627760000,1.935851454730000,-1.911784529690000,0.000000000000000
-37.774024963400002,174.911041259999990,1.572500109670000,1.802959918980000,1.936408638950000,-1.912186980250000,0.000000000000000
-37.775806426999999,174.913543701000009,1.571463465690000,1.801712393760000,1.934234142300000,-1.909982085230000,0.000000000000000
-37.775802612299998,174.913986206000004,1.571737289430000,1.802194952960000,1.934582114220000,-1.909892439840000,0.000000000000000
-37.775779724099998,174.914428710999999,1.572075009350000,1.802623152730000,1.934962511060000,-1.910239219670000,0.000000000000000
-37.776191711400003,174.913360595999990,1.571482062340000,1.801568150520000,1.934221863750000,-1.909863591190000,0.000000000000000
-37.776153564500000,174.914749145999991,1.571225166320000,1.800487637520000,1.932909607890000,-1.905160427090000,0.000000000000000
-37.776214599600003,174.912948607999994,1.570999503140000,1.801189422610000,1.933955192570000,-1.909747600560000,0.000000000000000
-37.775882720900000,174.912643433000000,1.570936918260000,1.801176309590000,1.933961272240000,-1.910008430480000,0.000000000000000
-37.775531768800001,174.912307738999999,1.571026325230000,1.801090717320000,1.933932542800000,-1.910146951680000,0.000000000000000
-37.775177002000000,174.912033081000004,1.571407914160000,1.801268219950000,1.934266924860000,-1.910678744320000,0.000000000000000
-37.774806976299999,174.911819457999997,1.571730017660000,1.801488399510000,1.934540271760000,-1.910940647130000,0.000000000000000
-37.774436950700000,174.911621093999997,1.572214484210000,1.802132964130000,1.935361623760000,-1.911582231520000,0.000000000000000
-37.773944854699998,174.910629271999994,1.572769045830000,1.803397417070000,1.936981797220000,-1.912406444550000,0.000000000000000
-37.773937225300003,174.910232543999996,1.573209285740000,1.803731799130000,1.937497735020000,-1.912793040280000,0.000000000000000
-37.773746490500002,174.909774779999992,1.573744654660000,1.804237365720000,1.938126206400000,-1.913087844850000,0.000000000000000
-37.772800445599998,174.908828734999986,1.575641632080000,1.806381225590000,1.940654635430000,-1.914631247520000,0.000000000000000
-37.773292541499998,174.909255981000001,1.574212312700000,1.804829239850000,1.938839674000000,-1.913537263870000,0.000000000000000
-37.772689819299998,174.907806396000012,1.576632857320000,1.807658910750000,1.942345380780000,-1.915961623190000,0.000000000000000
-37.772769928000002,174.908279418999996,1.575822830200000,1.806530117990000,1.940909147260000,-1.914925098420000,0.000000000000000
-37.772972106899999,174.907302856000001,1.576361894610000,1.807383179660000,1.942011594770000,-1.915594339370000,0.000000000000000
-37.772972106899999,174.907608032000013,1.576078057290000,1.806888461110000,1.941361188890000,-1.914976000790000,0.000000000000000
-37.772594451899998,174.907165526999989,1.576786875720000,1.807966709140000,1.942582726480000,-1.915943741800000,0.000000000000000
-37.772903442400001,174.906906128000003,1.576277017590000,1.807307004930000,1.941998243330000,-1.915411353110000,0.000000000000000
-37.796371460000003,174.930541992000002,1.529362440110000,1.749700903890000,1.887943506240000,-1.865173101430000,0.000000000000000
-37.795951843300003,174.930511475000003,1.530382275580000,1.751081585880000,1.888897180560000,-1.866052746770000,0.000000000000000
-37.795536041299997,174.930465698000006,1.530173182490000,1.750144362450000,1.887987375260000,-1.864507079120000,0.000000000000000
-37.795318603500000,174.930816649999997,1.532105684280000,1.753306865690000,1.890945792200000,-1.866431951520000,0.000000000000000
-37.794937133799998,174.930786132999998,1.531677722930000,1.753043890000000,1.890582561490000,-1.866088747980000,0.000000000000000
-37.794570922900000,174.930801392000006,1.531489729880000,1.752963542940000,1.890503883360000,-1.866248488430000,0.000000000000000
-37.794170379599997,174.930862426999994,1.531551480290000,1.753146171570000,1.890541911130000,-1.865501165390000,0.000000000000000
-37.774402618400003,174.911224365000010,1.572123050690000,1.802276968960000,1.935594916340000,-1.911617636680000,0.000000000000000
-37.774349212600001,174.910812378000003,1.572371482850000,1.802827715870000,1.936373710630000,-1.912181138990000,0.000000000000000
-37.776531219500001,174.912857056000007,1.571194767950000,1.801252126690000,1.934114575390000,-1.909754514690000,0.000000000000000
-37.776542663599997,174.913177490000010,1.571389079090000,1.801561117170000,1.934305906300000,-1.909646749500000,0.000000000000000
-37.776206970200001,174.913803101000013,1.571689844130000,1.802017092700000,1.934521675110000,-1.909815311430000,0.000000000000000
-37.776187896700002,174.914260863999999,1.571906685830000,1.802344441410000,1.934748649600000,-1.910083889960000,0.000000000000000
-37.776573181200000,174.913589478000006,1.570963382720000,1.800459146500000,1.933241128920000,-1.907151222230000,0.000000000000000
-37.776523590099998,174.914520264000004,1.572642326350000,1.802534103390000,1.934995770450000,-1.907470226290000,0.000000000000000
-37.776325225800001,174.912567139000004,1.571000456810000,1.801021933560000,1.933899521830000,-1.909689784050000,0.000000000000000
-37.776027679400002,174.912139892999988,1.570936203000000,1.800816655160000,1.933830976490000,-1.910064220430000,0.000000000000000
-37.775562286400003,174.911865234000004,1.571299195290000,1.801106333730000,1.934197306630000,-1.910619616510000,0.000000000000000
-37.775161743200002,174.911621093999997,1.571554660800000,1.801527500150000,1.934810400010000,-1.911272048950000,0.000000000000000
-37.774776458700003,174.911422729000009,1.571879148480000,1.801702141760000,1.934884309770000,-1.911121249200000,0.000000000000000
-37.774299621600001,174.910415648999987,1.572339415550000,1.802989244460000,1.936599493030000,-1.912208557130000,0.000000000000000
-37.774238586400003,174.910003662000008,1.573120832440000,1.803608894350000,1.937445044520000,-1.912779092790000,0.000000000000000
-37.774215698200003,174.909622192000000,1.573294401170000,1.803692221640000,1.937582373620000,-1.912756681440000,0.000000000000000
-37.773986816399997,174.909149170000006,1.573760509490000,1.804405689240000,1.938497185710000,-1.913397192960000,0.000000000000000
-37.773426055900003,174.908554076999991,1.574637651440000,1.805412530900000,1.939649701120000,-1.914030909540000,0.000000000000000
-37.773166656500003,174.907943726000013,1.575593233110000,1.806378602980000,1.940838456150000,-1.914887428280000,0.000000000000000
-37.773319244400000,174.907104492000002,1.575878143310000,1.806869864460000,1.941527009010000,-1.915244817730000,0.000000000000000
-37.773330688500003,174.907531737999989,1.575833797450000,1.806855678560000,1.941516876220000,-1.915360569950000,0.000000000000000
-37.773254394500000,174.906661987000007,1.576074957850000,1.807103991510000,1.941840291020000,-1.915555238720000,0.000000000000000
-37.796165466300003,174.930145264000004,1.527073502540000,1.746726274490000,1.884489297870000,-1.863198399540000,0.000000000000000
-37.795749664299997,174.930099487000007,1.529021501540000,1.750475049020000,1.887802362440000,-1.866760373120000,0.000000000000000
-37.795337676999999,174.930068970000008,1.529756426810000,1.750689029690000,1.888168215750000,-1.865457534790000,0.000000000000000
-37.795131683299999,174.930435181000007,1.530346393590000,1.751209616660000,1.888872623440000,-1.865700840950000,0.000000000000000
-37.794742584200002,174.930419921999999,1.530692458150000,1.751571774480000,1.889187335970000,-1.865300416950000,0.000000000000000
-37.794384002699999,174.930450438999998,1.530606031420000,1.751397252080000,1.889100313190000,-1.865470170970000,0.000000000000000
-37.774734497099999,174.911010742000002,1.571770429610000,1.802272439000000,1.935764789580000,-1.911857604980000,0.000000000000000
-37.774688720699999,174.910598754999995,1.571999549870000,1.802427887920000,1.935967206950000,-1.911812067030000,0.000000000000000
-37.776733398399998,174.912612915000011,1.571078419690000,1.800965905190000,1.933865189550000,-1.909376144410000,0.000000000000000
-37.776840210000003,174.912979126000010,1.571071743970000,1.801220536230000,1.934020519260000,-1.909474253650000,0.000000000000000
-37.776897430399998,174.913360595999990,1.569710969920000,1.797966718670000,1.930798769000000,-1.901822566990000,0.000000000000000
-37.776561737100003,174.912216187000013,1.570835113530000,1.800681233410000,1.933707594870000,-1.909708142280000,0.000000000000000
-37.776393890400001,174.911788940000008,1.570727467540000,1.800511837010000,1.933632731440000,-1.909746885300000,0.000000000000000
-37.775943756099998,174.911621093999997,1.571104645730000,1.800881743430000,1.934131622310000,-1.910580396650000,0.000000000000000
-37.775524139399998,174.911422729000009,1.571403980260000,1.801242947580000,1.934499740600000,-1.910764455800000,0.000000000000000
-37.775123596199997,174.911209106000001,1.571439743040000,1.801713347430000,1.935109734540000,-1.911374449730000,0.000000000000000
-37.774635314900003,174.910202026000007,1.572474956510000,1.803005099300000,1.936788678170000,-1.912431955340000,0.000000000000000
-37.774589538599997,174.909790039000001,1.572803020480000,1.803233265880000,1.937072634700000,-1.912471175190000,0.000000000000000
-37.774528503399999,174.909378051999994,1.573184967040000,1.803904056550000,1.937999010090000,-1.913175702100000,0.000000000000000
-37.774536132800002,174.908935546999999,1.573593020440000,1.804126262660000,1.938287973400000,-1.913224220280000,0.000000000000000
-37.774169921899997,174.908508301000012,1.574529528620000,1.805151343350000,1.939565896990000,-1.914198398590000,0.000000000000000
-37.773799896200003,174.907913207999997,1.575154662130000,1.806105852130000,1.940698742870000,-1.914887905120000,0.000000000000000
-37.773700714100002,174.906860351999995,1.575361132620000,1.806470274930000,1.941178441050000,-1.915055632590000,0.000000000000000
-37.773761749300000,174.907333373999990,1.575313329700000,1.806313037870000,1.940949678420000,-1.914895176890000,0.000000000000000
-37.773609161400003,174.906417847000000,1.575100183490000,1.806236267090000,1.941002130510000,-1.914667129520000,0.000000000000000
-37.796382904100000,174.929779053000004,1.524483442310000,1.746563196180000,1.883159399030000,-1.866962194440000,0.000000000000000
-37.795959472699998,174.929748534999987,1.524201989170000,1.745527386670000,1.882534861560000,-1.864974260330000,0.000000000000000
-37.795547485400000,174.929718017999988,1.528154492380000,1.749831795690000,1.887166738510000,-1.867874383930000,0.000000000000000
-37.795146942099997,174.929672240999992,1.529556036000000,1.750943779950000,1.888309597970000,-1.866716980930000,0.000000000000000
-37.794914245599998,174.930023193000011,1.531477689740000,1.753167152400000,1.890599250790000,-1.866997122760000,0.000000000000000
-37.794509887700002,174.929992676000012,1.531541228290000,1.753375887870000,1.890727519990000,-1.866905689240000,0.000000000000000
-37.775077819800003,174.910797118999994,1.571496009830000,1.801946640010000,1.935446262360000,-1.911490321160000,0.000000000000000
-37.775028228799997,174.910385131999988,1.571922063830000,1.802504777910000,1.936255216600000,-1.912149310110000,0.000000000000000
-37.777011871299997,174.912322998000008,1.570942878720000,1.800585865970000,1.933625459670000,-1.908943414690000,0.000000000000000
-37.777126312299998,174.912734984999986,1.569330573080000,1.797387003900000,1.930351376530000,-1.901447057720000,0.000000000000000
-37.776893615699997,174.911865234000004,1.570636749270000,1.800452232360000,1.933664679530000,-1.909686446190000,0.000000000000000
-37.776645660400000,174.911514282000013,1.570582389830000,1.800322771070000,1.933663368230000,-1.910044431690000,0.000000000000000
-37.776283264200003,174.911376953000001,1.570915579800000,1.800681710240000,1.934026479720000,-1.910345077510000,0.000000000000000
-37.775878906199999,174.911193848000011,1.570965647700000,1.801092386250000,1.934517383580000,-1.910804986950000,0.000000000000000
-37.775474548299997,174.910995482999994,1.571182012560000,1.801429510120000,1.934844970700000,-1.911089658740000,0.000000000000000
-37.774978637700002,174.909988403000000,1.572571754460000,1.802910923960000,1.936782598500000,-1.912378311160000,0.000000000000000
-37.774932861300002,174.909576415999993,1.572606325150000,1.803258776660000,1.937269210820000,-1.912693500520000,0.000000000000000
-37.774902343800001,174.909194946000014,1.573045134540000,1.803646326070000,1.937773346900000,-1.912958145140000,0.000000000000000
-37.774909973100002,174.908859253000003,1.573258399960000,1.803790926930000,1.937981009480000,-1.913068532940000,0.000000000000000
-37.774726867699997,174.908523559999992,1.573506951330000,1.804233312610000,1.938508868220000,-1.913388609890000,0.000000000000000
-37.774539947500003,174.907989501999992,1.574217677120000,1.804779410360000,1.939162015910000,-1.913711786270000,0.000000000000000
-37.774219512899997,174.907531737999989,1.574686884880000,1.805412054060000,1.939882874490000,-1.914159655570000,0.000000000000000
-37.774063110400000,174.906585693000011,1.574837923050000,1.806034207340000,1.940726041790000,-1.914645791050000,0.000000000000000
-37.774192810099997,174.907058715999995,1.574619054790000,1.805524110790000,1.940090060230000,-1.914250612260000,0.000000000000000
-37.773948669399999,174.906158446999996,1.574702262880000,1.805786132810000,1.940431594850000,-1.914120912550000,0.000000000000000
-37.773521423299997,174.905975342000005,1.575412154200000,1.806610226630000,1.941400408740000,-1.914954543110000,0.000000000000000
-37.774322509800001,174.906311034999987,1.574090242390000,1.805090904240000,1.939586162570000,-1.913710474970000,0.000000000000000
-37.796184539800002,174.929382323999988,1.526274919510000,1.750573158260000,1.886462092400000,-1.877138018610000,0.000000000000000
-37.795730590799998,174.929321289000001,1.524753212930000,1.747252106670000,1.884233117100000,-1.871176242830000,0.000000000000000
-37.795372009300003,174.929397582999997,1.526974201200000,1.748299241070000,1.885716795920000,-1.867365956310000,0.000000000000000
-37.795070648200003,174.929290771000012,1.529646396640000,1.750834822650000,1.888360619540000,-1.866559386250000,0.000000000000000
-37.794631957999997,174.929534912000008,1.528615355490000,1.748910665510000,1.886619806290000,-1.864729046820000,0.000000000000000
-37.775421142600003,174.910583495999987,1.571376323700000,1.801871418950000,1.935521483420000,-1.911592721940000,0.000000000000000
-37.775371551500001,174.910171509000008,1.571591377260000,1.802132248880000,1.935868263240000,-1.911721348760000,0.000000000000000
-37.777271270800000,174.911727904999992,1.568746566770000,1.797452449800000,1.930919528010000,-1.904169917110000,0.000000000000000
-37.777038574199999,174.911392212000010,1.570267200470000,1.799931406970000,1.933421015740000,-1.909815669060000,0.000000000000000
-37.776618957499998,174.911148071000014,1.570390343670000,1.800270676610000,1.933754205700000,-1.910121321680000,0.000000000000000
-37.776218414299997,174.910964965999995,1.570589661600000,1.800783276560000,1.934295535090000,-1.910535097120000,0.000000000000000
-37.775821685799997,174.910781859999986,1.570998072620000,1.801331877710000,1.934916377070000,-1.911091327670000,0.000000000000000
-37.775321960399999,174.909774779999992,1.572171926500000,1.802452445030000,1.936312198640000,-1.911992907520000,0.000000000000000
-37.775276184100001,174.909378051999994,1.572202086450000,1.802711486820000,1.936692714690000,-1.912191629410000,0.000000000000000
-37.775234222400002,174.909011840999995,1.572316288950000,1.803040504460000,1.937122344970000,-1.912451028820000,0.000000000000000
-37.775154113799999,174.908630370999987,1.572922110560000,1.803571224210000,1.937821388240000,-1.912902116780000,0.000000000000000
-37.775051116900002,174.908233642999988,1.573226928710000,1.803941369060000,1.938281178470000,-1.913213610650000,0.000000000000000
-37.775020599400001,174.907836914000001,1.573296189310000,1.804027438160000,1.938411474230000,-1.913180232050000,0.000000000000000
-37.774795532200002,174.907363892000006,1.573743820190000,1.804491519930000,1.938951730730000,-1.913573861120000,0.000000000000000
-37.774612426799997,174.906692504999995,1.573863148690000,1.804691553120000,1.939188003540000,-1.913421034810000,0.000000000000000
-37.773883819600002,174.905731201000009,1.574149370190000,1.805121183400000,1.939655661580000,-1.913715720180000,0.000000000000000
-37.774295806900000,174.905944823999988,1.573785662650000,1.804647684100000,1.939055562020000,-1.913202166560000,0.000000000000000
-37.774681091300003,174.906188965000013,1.573135972020000,1.803923606870000,1.938275814060000,-1.912728071210000,0.000000000000000
-37.796413421600001,174.929031371999997,1.527419924740000,1.752837538720000,1.887696027760000,-1.884670376780000,0.000000000000000
-37.795982360799997,174.929016112999989,1.527376890180000,1.752925515170000,1.889332652090000,-1.884673357010000,0.000000000000000
-37.795692443800000,174.929000854000009,1.526588201520000,1.752093434330000,1.888712286950000,-1.884592771530000,0.000000000000000
-37.795368194600002,174.929000854000009,1.533615231510000,1.759293556210000,1.896216392520000,-1.881767511370000,0.000000000000000
-37.794826507600000,174.928833007999998,1.533049941060000,1.756586432460000,1.893463015560000,-1.872933745380000,0.000000000000000
-37.775764465300000,174.910369873000008,1.571032404900000,1.801493406300000,1.935170054440000,-1.911206483840000,0.000000000000000
-37.775711059599999,174.909957886000001,1.571551442150000,1.801838397980000,1.935682058330000,-1.911566972730000,0.000000000000000
-37.777381896999998,174.911102295000006,1.568370819090000,1.797736644740000,1.931694984440000,-1.905947208400000,0.000000000000000
-37.776966094999999,174.910934448000006,1.569817900660000,1.799958109860000,1.933695554730000,-1.910075783730000,0.000000000000000
-37.776561737100003,174.910751342999987,1.570233702660000,1.800318241120000,1.933900356290000,-1.910100102420000,0.000000000000000
-37.776161193800000,174.910552978999988,1.570747017860000,1.800986528400000,1.934622526170000,-1.910720825200000,0.000000000000000
-37.775661468499997,174.909561157000013,1.571740269660000,1.802029013630000,1.935969710350000,-1.911676049230000,0.000000000000000
-37.775608062700002,174.909179687999995,1.571910262110000,1.802632093430000,1.936797738080000,-1.912302017210000,0.000000000000000
-37.775547027599998,174.908798217999987,1.572183489800000,1.802843570710000,1.937047600750000,-1.912382960320000,0.000000000000000
-37.775470733600002,174.908401488999999,1.572630763050000,1.803191304210000,1.937487483020000,-1.912622451780000,0.000000000000000
-37.775398254400002,174.908004761000001,1.572811841960000,1.803483247760000,1.937854170800000,-1.912819981580000,0.000000000000000
-37.775318145800000,174.907608032000013,1.573056817050000,1.803702592850000,1.938144207000000,-1.912961721420000,0.000000000000000
-37.775306701700003,174.907272339000002,1.573073863980000,1.803769826890000,1.938252806660000,-1.912954568860000,0.000000000000000
-37.775154113799999,174.906906128000003,1.573179125790000,1.803964972500000,1.938466668130000,-1.913094758990000,0.000000000000000
-37.775089263900000,174.906433104999991,1.572881340980000,1.803731560710000,1.938199400900000,-1.912704229350000,0.000000000000000
-37.774269103999998,174.905517578000001,1.573361992840000,1.804253458980000,1.938661813740000,-1.913016200070000,0.000000000000000
-37.774677276600002,174.905746459999989,1.572736024860000,1.803626894950000,1.938002467160000,-1.912467837330000,0.000000000000000
-37.775081634499998,174.905975342000005,1.572544455530000,1.803362011910000,1.937777996060000,-1.912187337880000,0.000000000000000
-37.796577453600001,174.927917479999991,1.548728585240000,1.783213257790000,1.914815664290000,-1.933774590490000,0.000000000000000
-37.796367645300002,174.928268433000000,1.540802478790000,1.775043725970000,1.908850908280000,-1.936802506450000,0.000000000000000
-37.796169280999997,174.928649901999989,1.523879528050000,1.749381303790000,1.884424567220000,-1.886105418210000,0.000000000000000
-37.795696258500001,174.928665160999998,1.527590990070000,1.754649758340000,1.890465378760000,-1.893954396250000,0.000000000000000
-37.795185089100002,174.928543090999995,1.526171207430000,1.747455716130000,1.886254906650000,-1.869124174120000,0.000000000000000
-37.797199249300000,174.927551270000009,1.556857109070000,1.787103056910000,1.922097563740000,-1.917961359020000,0.000000000000000
-37.776107788099999,174.910156250000000,1.570902824400000,1.801270246510000,1.935111045840000,-1.911136865620000,0.000000000000000
-37.776050567600002,174.909759521000012,1.571235775950000,1.801470041280000,1.935412526130000,-1.911260008810000,0.000000000000000
-37.777702331500002,174.910858154000010,1.566836953160000,1.795084953310000,1.929074525830000,-1.900921821590000,0.000000000000000
-37.777297973600000,174.910705565999990,1.569525003430000,1.799624085430000,1.933579921720000,-1.909922361370000,0.000000000000000
-37.776897430399998,174.910522460999999,1.569884181020000,1.800074934960000,1.933950066570000,-1.910210013390000,0.000000000000000
-37.776500701899998,174.910339354999991,1.570312738420000,1.800611615180000,1.934437155720000,-1.910612583160000,0.000000000000000
-37.775997161900001,174.909362793000014,1.571268439290000,1.801843762400000,1.935961723330000,-1.911679863930000,0.000000000000000
-37.775936126700003,174.908966063999998,1.571371793750000,1.802031517030000,1.936160802840000,-1.911653757100000,0.000000000000000
-37.775871276899998,174.908569335999999,1.571813821790000,1.802412390710000,1.936669945720000,-1.912039279940000,0.000000000000000
-37.775798797599997,174.908172607000012,1.572090864180000,1.802689075470000,1.937016844750000,-1.912209510800000,0.000000000000000
-37.775722503700003,174.907791137999993,1.572400927540000,1.803001642230000,1.937411785130000,-1.912468075750000,0.000000000000000
-37.775665283199999,174.907409668000014,1.572425246240000,1.803122282030000,1.937568426130000,-1.912501811980000,0.000000000000000
-37.775596618700000,174.907043456999986,1.572420716290000,1.803175807000000,1.937635660170000,-1.912422418590000,0.000000000000000
-37.775527954099999,174.906631470000008,1.572427511220000,1.803206205370000,1.937680959700000,-1.912358045580000,0.000000000000000
-37.775489807100001,174.906204223999993,1.572200417520000,1.802937150000000,1.937345027920000,-1.912016510960000,0.000000000000000
-37.774673461900001,174.905303954999994,1.572544097900000,1.803386330600000,1.937721848490000,-1.912056565280000,0.000000000000000
-37.775074005100002,174.905548095999990,1.572024345400000,1.802744984630000,1.937063455580000,-1.911704182620000,0.000000000000000
-37.775470733600002,174.905776978000006,1.572038769720000,1.802762508390000,1.937155127530000,-1.911695957180000,0.000000000000000
-37.796794891399998,174.927429198999988,1.561824679370000,1.798683643340000,1.932360649110000,-1.942071199420000,0.000000000000000
-37.796371460000003,174.927627562999987,1.544549465180000,1.778422832490000,1.909647703170000,-1.930527925490000,0.000000000000000
-37.796157836900001,174.927902222000000,1.543595671650000,1.778813719750000,1.910293102260000,-1.939388394360000,0.000000000000000
-37.795932769799997,174.928253173999991,1.536336421970000,1.768931388850000,1.902827382090000,-1.923730254170000,0.000000000000000
-37.795543670699999,174.928237915000011,1.511467695240000,1.739015102390000,1.875607371330000,-1.901970624920000,0.000000000000000
-37.797378539999997,174.927093506000006,1.565793514250000,1.803379058840000,1.936679601670000,-1.944188714030000,0.000000000000000
-37.776443481400001,174.909942626999992,1.570582151410000,1.800840854640000,1.934752821920000,-1.910698175430000,0.000000000000000
-37.776390075700000,174.909545898000005,1.570836782460000,1.801197290420000,1.935299754140000,-1.911143779750000,0.000000000000000
-37.777618408199999,174.910491943000011,1.568907618520000,1.798673033710000,1.932843208310000,-1.908668637280000,0.000000000000000
-37.777233123800002,174.910308837999992,1.569605946540000,1.799706101420000,1.933762192730000,-1.909927129750000,0.000000000000000
-37.776840210000003,174.910125732000012,1.570065498350000,1.800247192380000,1.934230327610000,-1.910331487660000,0.000000000000000
-37.776332855200003,174.909149170000006,1.570892214780000,1.801388263700000,1.935553312300000,-1.911220312120000,0.000000000000000
-37.776275634800001,174.908737183000000,1.571205496790000,1.801700711250000,1.935977339740000,-1.911511898040000,0.000000000000000
-37.776210784900002,174.908340454000012,1.571315169330000,1.801970362660000,1.936326861380000,-1.911716222760000,0.000000000000000
-37.776123046899997,174.907943726000013,1.571692943570000,1.802329659460000,1.936768531800000,-1.911998867990000,0.000000000000000
-37.776042938200000,174.907577515000014,1.572000503540000,1.802653670310000,1.937152504920000,-1.912186145780000,0.000000000000000
-37.775993347200000,174.907211303999986,1.571932196620000,1.802555561070000,1.937035679820000,-1.912043690680000,0.000000000000000
-37.775943756099998,174.906814574999999,1.572051405910000,1.802750468250000,1.937291860580000,-1.912165522580000,0.000000000000000
-37.775897979699998,174.906402587999992,1.572000384330000,1.802734851840000,1.937274932860000,-1.912031769750000,0.000000000000000
-37.775863647500003,174.905990601000013,1.571966052060000,1.802797675130000,1.937380552290000,-1.912028193470000,0.000000000000000
-37.775463104200000,174.905349731000001,1.571974158290000,1.802720069890000,1.937073349950000,-1.911654591560000,0.000000000000000
-37.774669647200000,174.904876709000007,1.572346568110000,1.803155779840000,1.937500715260000,-1.911966681480000,0.000000000000000
-37.775077819800003,174.905105590999995,1.571796298030000,1.802541494370000,1.936846137050000,-1.911444306370000,0.000000000000000
-37.775482177699999,174.904937743999994,1.571951150890000,1.802655935290000,1.936982274060000,-1.911536455150000,0.000000000000000
-37.775844573999997,174.905578612999989,1.571725845340000,1.802395343780000,1.936876058580000,-1.911662697790000,0.000000000000000
-37.796958923299997,174.926879882999998,1.563985228540000,1.800625205040000,1.934738755230000,-1.942493319510000,0.000000000000000
-37.796562194800003,174.927032470999990,1.558004260060000,1.794212698940000,1.926766514780000,-1.940389156340000,0.000000000000000
-37.796287536599998,174.927307129000013,1.548595547680000,1.782922983170000,1.914667963980000,-1.933244943620000,0.000000000000000
-37.796047210700003,174.927566528000000,1.541071891780000,1.774067044260000,1.904942274090000,-1.927701711650000,0.000000000000000
-37.795654296899997,174.927749634000008,1.533009529110000,1.770274162290000,1.904476404190000,-1.962410807610000,0.000000000000000
-37.797012329099999,174.926422118999994,1.568059563640000,1.805505275730000,1.939546585080000,-1.945312261580000,0.000000000000000
-37.797420501700003,174.926620482999994,1.565294981000000,1.802380919460000,1.936656117440000,-1.944081544880000,0.000000000000000
-37.776782989499999,174.909729004000013,1.570233106610000,1.800592422490000,1.934769868850000,-1.910786271100000,0.000000000000000
-37.776725769000002,174.909332274999997,1.570514440540000,1.800881743430000,1.935137987140000,-1.910912394520000,0.000000000000000
-37.777954101600002,174.910293579000012,1.566353917120000,1.794797301290000,1.929455280300000,-1.901411890980000,0.000000000000000
-37.777568817099997,174.910095215000013,1.569063663480000,1.799244403840000,1.933645129200000,-1.910000562670000,0.000000000000000
-37.777175903299998,174.909912109000004,1.569759964940000,1.799913644790000,1.934134602550000,-1.910234332080000,0.000000000000000
-37.776672363300001,174.908935546999999,1.570725798610000,1.801222085950000,1.935598850250000,-1.911255598070000,0.000000000000000
-37.776622772200000,174.908523559999992,1.570912241940000,1.801484823230000,1.935938715930000,-1.911425590520000,0.000000000000000
-37.776580810500000,174.908065795999988,1.571150779720000,1.801721453670000,1.936237335210000,-1.911584854130000,0.000000000000000
-37.776382446299998,174.907730103000006,1.571355938910000,1.801954030990000,1.936453342440000,-1.911725521090000,0.000000000000000
-37.776378631599997,174.907394409000005,1.571408271790000,1.802033305170000,1.936557769780000,-1.911682963370000,0.000000000000000
-37.776340484599999,174.906997681000007,1.571752667430000,1.802461862560000,1.937154769900000,-1.912187933920000,0.000000000000000
-37.776298522899999,174.906600951999991,1.571652054790000,1.802440643310000,1.937085151670000,-1.911973714830000,0.000000000000000
-37.776260376000003,174.906188965000013,1.571690082550000,1.802443742750000,1.937094092370000,-1.911942958830000,0.000000000000000
-37.776229858400001,174.905776978000006,1.571795105930000,1.802551269530000,1.937196016310000,-1.911846756940000,0.000000000000000
-37.775840759300003,174.905166626000010,1.571835875510000,1.802629590030000,1.937203764920000,-1.911768317220000,0.000000000000000
-37.775112152100000,174.904617309999992,1.572121739390000,1.802850127220000,1.937170386310000,-1.911688685420000,0.000000000000000
-37.775547027599998,174.904602051000012,1.572324752810000,1.803073406220000,1.937493324280000,-1.911613345150000,0.000000000000000
-37.775848388699998,174.904785156000003,1.571784019470000,1.802525401120000,1.937039375310000,-1.911845564840000,0.000000000000000
-37.776210784900002,174.905380248999990,1.571751713750000,1.802576303480000,1.937261343000000,-1.911960363390000,0.000000000000000
-37.796646118200002,174.926239014000004,1.564783692360000,1.801835298540000,1.935686230660000,-1.944184303280000,0.000000000000000
-37.796588897699998,174.926651001000010,1.562131762500000,1.799065113070000,1.932386875150000,-1.942598581310000,0.000000000000000
-37.796180725100001,174.926910399999997,1.551813483240000,1.786918997760000,1.919926166530000,-1.936536908150000,0.000000000000000
-37.795764923100002,174.927261353000006,1.535895109180000,1.768439650540000,1.900842666630000,-1.934431433680000,0.000000000000000
-37.797008514399998,174.926071167000003,1.567552447320000,1.804986000060000,1.939340591430000,-1.944697260860000,0.000000000000000
-37.797462463400002,174.926132201999991,1.569295167920000,1.806876420970000,1.941242218020000,-1.946359634400000,0.000000000000000
-37.777122497599997,174.909515381000006,1.569846510890000,1.800052762030000,1.934306859970000,-1.910215020180000,0.000000000000000
-37.777065277100000,174.909118651999989,1.570132017140000,1.800536632540000,1.934971570970000,-1.910767674450000,0.000000000000000
-37.777908325200002,174.909896851000013,1.568297505380000,1.798665642740000,1.933314919470000,-1.909621596340000,0.000000000000000
-37.777515411400003,174.909698485999996,1.569416522980000,1.799697637560000,1.934237241740000,-1.910272598270000,0.000000000000000
-37.777015685999999,174.908721923999991,1.570384383200000,1.800929427150000,1.935454845430000,-1.911069750790000,0.000000000000000
-37.776977539100002,174.908325195000003,1.570757389070000,1.801345109940000,1.935996294020000,-1.911466479300000,0.000000000000000
-37.776977539100002,174.907989501999992,1.570816278460000,1.801459908490000,1.936161398890000,-1.911532759670000,0.000000000000000
-37.776775360099997,174.907653809000010,1.571152567860000,1.801785707470000,1.936488866810000,-1.911764383320000,0.000000000000000
-37.776741027800000,174.907196045000006,1.571307897570000,1.802012920380000,1.936793565750000,-1.911973834040000,0.000000000000000
-37.776695251500001,174.906784058000000,1.571447491650000,1.802197098730000,1.936979889870000,-1.912003397940000,0.000000000000000
-37.776653289800002,174.906372070000003,1.571503043170000,1.802315235140000,1.937123775480000,-1.912067770960000,0.000000000000000
-37.776615142799997,174.905975342000005,1.571479439740000,1.802371144290000,1.937191963200000,-1.912098646160000,0.000000000000000
-37.776584625200002,174.905578612999989,1.571577787400000,1.802468180660000,1.937291145320000,-1.912093043330000,0.000000000000000
-37.776195526099997,174.904983520999991,1.571852922440000,1.802590012550000,1.937212824820000,-1.911771059040000,0.000000000000000
-37.775447845499997,174.904235840000013,1.572539806370000,1.803338289260000,1.937679171560000,-1.912063717840000,0.000000000000000
-37.775840759300003,174.904418945000003,1.572221755980000,1.802901148800000,1.937324285510000,-1.911623120310000,0.000000000000000
-37.776187896700002,174.904617309999992,1.571637392040000,1.802352070810000,1.936884164810000,-1.911594152450000,0.000000000000000
-37.776557922400002,174.905181884999990,1.571406602860000,1.802136898040000,1.936836957930000,-1.911751151080000,0.000000000000000
-37.796722412100003,174.925857543999996,1.567284703250000,1.804374456410000,1.938257217410000,-1.944130301480000,0.000000000000000
-37.796375274699997,174.926025390999996,1.561284780500000,1.798161625860000,1.931679844860000,-1.943086266520000,0.000000000000000
-37.796165466300003,174.926406859999986,1.556553244590000,1.791798830030000,1.925168991090000,-1.936869859700000,0.000000000000000
-37.795719146700002,174.926773071000014,1.530370593070000,1.762333631520000,1.892696976660000,-1.928904294970000,0.000000000000000
-37.797191619899998,174.925689696999996,1.568246126170000,1.805691242220000,1.939971685410000,-1.946099758150000,0.000000000000000
-37.777458190899999,174.909301757999998,1.569455146790000,1.799996256830000,1.934632539750000,-1.910623431210000,0.000000000000000
-37.777408599899999,174.908920287999990,1.569574713710000,1.800259709360000,1.934909582140000,-1.910644173620000,0.000000000000000
-37.778251647899999,174.909698485999996,1.567718982700000,1.798027873040000,1.933011531830000,-1.909096717830000,0.000000000000000
-37.777851104699998,174.909500121999997,1.568961143490000,1.799279332160000,1.934015274050000,-1.909984588620000,0.000000000000000
-37.777359008799998,174.908523559999992,1.569730639460000,1.800531268120000,1.935215234760000,-1.910850048070000,0.000000000000000
-37.777309417700003,174.908142090000013,1.570095419880000,1.800758361820000,1.935469746590000,-1.910952925680000,0.000000000000000
-37.777233123800002,174.907775879000013,1.570350885390000,1.801054358480000,1.935821652410000,-1.911218285560000,0.000000000000000
-37.777149200399997,174.907379149999997,1.570760607720000,1.801440477370000,1.936303496360000,-1.911596655850000,0.000000000000000
-37.777095794700003,174.906967162999990,1.571043610570000,1.801691412930000,1.936594486240000,-1.911808133130000,0.000000000000000
-37.777046203600001,174.906570434999992,1.571127176280000,1.801897525790000,1.936814069750000,-1.911916136740000,0.000000000000000
-37.777004241900002,174.906173706000004,1.571269035340000,1.802149415020000,1.937123537060000,-1.912125349040000,0.000000000000000
-37.776962280299998,174.905776978000006,1.571314573290000,1.802198648450000,1.937139391900000,-1.912124633790000,0.000000000000000
-37.776927948000001,174.905380248999990,1.571412920950000,1.802296638490000,1.937270045280000,-1.912134766580000,0.000000000000000
-37.776535034200002,174.904800415000011,1.571392416950000,1.802091479300000,1.936809182170000,-1.911682128910000,0.000000000000000
-37.776512146000002,174.904434204000012,1.571154832840000,1.801844835280000,1.936548233030000,-1.911652803420000,0.000000000000000
-37.775836944600002,174.904006957999997,1.572223544120000,1.803075194360000,1.937577486040000,-1.912016987800000,0.000000000000000
-37.776184082000000,174.904220581000004,1.571401357650000,1.802095890050000,1.936764121060000,-1.911650061610000,0.000000000000000
-37.776493072500003,174.904113770000009,1.570957899090000,1.801569581030000,1.936251401900000,-1.911207318310000,0.000000000000000
-37.775867462199997,174.903579712000010,1.572052121160000,1.801494598390000,1.935991287230000,-1.906948328020000,0.000000000000000
-37.776893615699997,174.904998779000010,1.571186900140000,1.802063822750000,1.936979651450000,-1.912019610400000,0.000000000000000
-37.796764373800002,174.925415039000001,1.567257165910000,1.804469347000000,1.938535809520000,-1.945036172870000,0.000000000000000
-37.796356201199998,174.925674437999987,1.563069343570000,1.799808025360000,1.933713674550000,-1.943522691730000,0.000000000000000
-37.795982360799997,174.925964354999991,1.552584409710000,1.787497282030000,1.920342922210000,-1.934678196910000,0.000000000000000
-37.795677185099997,174.926284790000011,1.531518578530000,1.763148903850000,1.894959807400000,-1.930312395100000,0.000000000000000
-37.797233581500002,174.925079345999990,1.567815423010000,1.805109858510000,1.939216852190000,-1.944860816000000,0.000000000000000
-37.796722412100003,174.924987793000014,1.567666172980000,1.804813385010000,1.938981533050000,-1.944641828540000,0.000000000000000
-37.777797698999997,174.909103393999999,1.568970084190000,1.799433231350000,1.934168219570000,-1.910008788110000,0.000000000000000
-37.777744293200001,174.908706665000011,1.569048047070000,1.799773931500000,1.934603452680000,-1.910355210300000,0.000000000000000
-37.778587341300003,174.909484862999989,1.567086577420000,1.797305345540000,1.932728290560000,-1.907998800280000,0.000000000000000
-37.778190612800003,174.909286498999990,1.568109393120000,1.798609256740000,1.933577775960000,-1.909540295600000,0.000000000000000
-37.777690887500000,174.908325195000003,1.569167375560000,1.799992680550000,1.934857606890000,-1.910519123080000,0.000000000000000
-37.777629852300002,174.907928467000005,1.569693803790000,1.800423860550000,1.935398578640000,-1.910998582840000,0.000000000000000
-37.777561187700002,174.907546996999997,1.570002436640000,1.800832390790000,1.935887098310000,-1.911420106890000,0.000000000000000
-37.777500152599998,174.907150268999999,1.570441126820000,1.801118373870000,1.936185359950000,-1.911592125890000,0.000000000000000
-37.777442932100001,174.906753540000011,1.570649743080000,1.801368951800000,1.936456203460000,-1.911799073220000,0.000000000000000
-37.777393341100002,174.906356812000013,1.570740461350000,1.801416754720000,1.936466217040000,-1.911760926250000,0.000000000000000
-37.777347564700001,174.905960082999997,1.570920825000000,1.801750183110000,1.936848163600000,-1.912057042120000,0.000000000000000
-37.777305603000002,174.905563354000009,1.570968985560000,1.801863670350000,1.936963200570000,-1.912146806720000,0.000000000000000
-37.777267456099999,174.905181884999990,1.571197271350000,1.802011728290000,1.937119841580000,-1.912315368650000,0.000000000000000
-37.776859283400000,174.904617309999992,1.570937991140000,1.801738858220000,1.936642646790000,-1.911780476570000,0.000000000000000
-37.776813507100002,174.904251098999993,1.570576786990000,1.801320672040000,1.936182260510000,-1.911496400830000,0.000000000000000
-37.776718139600000,174.903900146000012,1.570210695270000,1.800814151760000,1.935679197310000,-1.911319494250000,0.000000000000000
-37.776237487800003,174.903778076000009,1.570847988130000,1.801355481150000,1.935848474500000,-1.911067605020000,0.000000000000000
-37.777225494400000,174.904800415000011,1.570963025090000,1.801750302310000,1.936814427380000,-1.911952495570000,0.000000000000000
-37.789951324500002,174.923248290999993,1.590446591380000,1.829642295840000,1.968886256220000,-1.963863253590000,0.000000000000000
-37.790340423600000,174.923645020000009,1.588753342630000,1.826997995380000,1.966214895250000,-1.958175420760000,0.000000000000000
-37.796356201199998,174.925231934000010,1.565931439400000,1.803025364880000,1.937182903290000,-1.943838357930000,0.000000000000000
-37.795928955100003,174.925521851000013,1.556904315950000,1.792311668400000,1.925868868830000,-1.938470721240000,0.000000000000000
-37.795391082800002,174.925903320000003,1.531572103500000,1.763240456580000,1.896548986430000,-1.933230400090000,0.000000000000000
-37.796390533400000,174.924789428999986,1.565774679180000,1.802542448040000,1.936389923100000,-1.943124175070000,0.000000000000000
-37.796871185299999,174.924392699999999,1.567128777500000,1.804079771040000,1.938064694400000,-1.943975925450000,0.000000000000000
-37.789241790799998,174.922286987000007,1.590059161190000,1.829148292540000,1.968323111530000,-1.963318705560000,0.000000000000000
-37.789581298800002,174.922790526999989,1.589934468270000,1.829098224640000,1.968279957770000,-1.963180303570000,0.000000000000000
-37.788555145300002,174.919189453000001,1.587640762330000,1.826237916950000,1.965325355530000,-1.959321737290000,0.000000000000000
-37.778133392299999,174.908889770999991,1.568344473840000,1.799091815950000,1.934218049050000,-1.910225391390000,0.000000000000000
-37.778079986599998,174.908493042000003,1.568836212160000,1.799572587010000,1.934766888620000,-1.910620212550000,0.000000000000000
-37.778915405299998,174.909271240000010,1.565972805020000,1.795439958570000,1.931388735770000,-1.904746770860000,0.000000000000000
-37.778526306200000,174.909088134999990,1.567943215370000,1.798431754110000,1.933894991870000,-1.910036206250000,0.000000000000000
-37.778022766100001,174.908111571999996,1.569168925290000,1.799874186520000,1.935118198390000,-1.910918474200000,0.000000000000000
-37.777961730999998,174.907714843999997,1.569633245470000,1.800315380100000,1.935624837880000,-1.911328196530000,0.000000000000000
-37.777900695800000,174.907318115000010,1.569983601570000,1.800638437270000,1.935956478120000,-1.911603331570000,0.000000000000000
-37.777839660600002,174.906921387000011,1.570496201520000,1.801096916200000,1.936472654340000,-1.912042617800000,0.000000000000000
-37.777782440199999,174.906524657999995,1.570885539050000,1.801444530490000,1.936847925190000,-1.912347555160000,0.000000000000000
-37.777732849099998,174.906143187999987,1.571196317670000,1.801855921750000,1.937335371970000,-1.912807464600000,0.000000000000000
-37.777683258099998,174.905746459999989,1.571300864220000,1.801939368250000,1.937376618390000,-1.912809133530000,0.000000000000000
-37.777641296399999,174.905364990000010,1.571177005770000,1.801946640010000,1.937334775920000,-1.912744283680000,0.000000000000000
-37.777599334700000,174.904968262000011,1.571253538130000,1.801995038990000,1.937406301500000,-1.912812590600000,0.000000000000000
-37.777175903299998,174.904418945000003,1.570783615110000,1.801524162290000,1.936495780940000,-1.911897301670000,0.000000000000000
-37.777114868200002,174.904037476000013,1.570390105250000,1.801063656810000,1.935855269430000,-1.911337614060000,0.000000000000000
-37.777042388900000,174.903656006000006,1.570046782490000,1.800543904300000,1.935309529300000,-1.910394072530000,0.000000000000000
-37.776611328100003,174.903533936000002,1.568581938740000,1.798858284950000,1.933844447140000,-1.910409212110000,0.000000000000000
-37.777553558299999,174.904586792000003,1.571227669720000,1.802003860470000,1.937367916110000,-1.912933945660000,0.000000000000000
-37.790092468300003,174.922744751000010,1.590240001680000,1.829398632050000,1.968615889550000,-1.963844776150000,0.000000000000000
-37.790431976299999,174.923141479000009,1.589990615840000,1.829264283180000,1.968496441840000,-1.963567018510000,0.000000000000000
-37.790790557900003,174.923507690000008,1.590330243110000,1.829548954960000,1.968805551530000,-1.964124917980000,0.000000000000000
-37.791172027599998,174.923843384000008,1.585336565970000,1.821166515350000,1.960170507430000,-1.947721719740000,0.000000000000000
-37.795104980500000,174.925506592000005,1.529107928280000,1.760342001910000,1.893341422080000,-1.928432583810000,0.000000000000000
-37.795970916700000,174.925033568999993,1.559960365300000,1.796182036400000,1.930135607720000,-1.940505027770000,0.000000000000000
-37.795520782499999,174.925292968999997,1.546639800070000,1.780546784400000,1.914501190190000,-1.933795571330000,0.000000000000000
-37.795139312700002,174.925048828000001,1.540565609930000,1.773710250850000,1.907958149910000,-1.933429121970000,0.000000000000000
-37.796043396000002,174.924667357999994,1.564731001850000,1.801539897920000,1.935966968540000,-1.942110896110000,0.000000000000000
-37.796379089399998,174.924407959000007,1.567449569700000,1.804650664330000,1.938788771630000,-1.944065451620000,0.000000000000000
-37.789520263699998,174.921783446999996,1.589526057240000,1.828521370890000,1.967649459840000,-1.962938785550000,0.000000000000000
-37.789787292500002,174.922286987000007,1.589721322060000,1.828989982600000,1.968175768850000,-1.963504076000000,0.000000000000000
-37.790264129599997,174.922286987000007,1.589926242830000,1.829158306120000,1.968370079990000,-1.963837862010000,0.000000000000000
-37.789302825900002,174.921157837000010,1.589098811150000,1.827984809880000,1.967055201530000,-1.962280392650000,0.000000000000000
-37.788974762000002,174.920639037999990,1.585503816600000,1.821315765380000,1.960263609890000,-1.948214530940000,0.000000000000000
-37.789016723600000,174.920059204000012,1.589043736460000,1.827878236770000,1.966965794560000,-1.962680935860000,0.000000000000000
-37.788936614999997,174.919464110999996,1.588546156880000,1.827327370640000,1.966348648070000,-1.962360382080000,0.000000000000000
-37.788417816200003,174.918685912999990,1.582394123080000,1.816339373590000,1.955036044120000,-1.939809560780000,0.000000000000000
-37.788944244400000,174.918914795000006,1.588432669640000,1.827243447300000,1.966272592540000,-1.962675094600000,0.000000000000000
-37.778469085700003,174.908691406000003,1.568338751790000,1.798925042150000,1.934419155120000,-1.910429120060000,0.000000000000000
-37.778411865199999,174.908294678000004,1.568921804430000,1.799479842190000,1.935023784640000,-1.910957455640000,0.000000000000000
-37.779247283899998,174.909057617000002,1.566506385800000,1.797178387640000,1.933488130570000,-1.908889293670000,0.000000000000000
-37.778858184800001,174.908874512000011,1.567984223370000,1.798529744150000,1.934403777120000,-1.910604357720000,0.000000000000000
-37.778358459499998,174.907897948999988,1.569369435310000,1.799936056140000,1.935544610020000,-1.911519885060000,0.000000000000000
-37.778301239000001,174.907501220999990,1.569756627080000,1.800300478940000,1.935921072960000,-1.911778092380000,0.000000000000000
-37.778240203899998,174.907089232999994,1.570067167280000,1.800890326500000,1.936600446700000,-1.912509799000000,0.000000000000000
-37.778179168699999,174.906692504999995,1.570387840270000,1.801139354710000,1.936803579330000,-1.912565708160000,0.000000000000000
-37.778118133500001,174.906311034999987,1.570640087130000,1.801419734950000,1.937086462970000,-1.912836074830000,0.000000000000000
-37.778064727800000,174.905929565000008,1.570896148680000,1.801654696460000,1.937299370770000,-1.912928819660000,0.000000000000000
-37.778022766100001,174.905532837000010,1.571022868160000,1.801859736440000,1.937547206880000,-1.913250923160000,0.000000000000000
-37.777980804400002,174.905151367000002,1.571238636970000,1.802099108700000,1.937831401820000,-1.913577437400000,0.000000000000000
-37.777935028100003,174.904754639000004,1.571230769160000,1.802041053770000,1.937704086300000,-1.913537383080000,0.000000000000000
-37.777500152599998,174.904205321999996,1.570644378660000,1.801333308220000,1.936627030370000,-1.912282705310000,0.000000000000000
-37.777439117400000,174.903808593999997,1.570789694790000,1.801514029500000,1.936905384060000,-1.913068652150000,0.000000000000000
-37.777885437000002,174.904373168999996,1.571382641790000,1.802226901050000,1.937987565990000,-1.913599967960000,0.000000000000000
-37.790550231899999,174.922668456999986,1.589853644370000,1.829215884210000,1.968435883520000,-1.963937759400000,0.000000000000000
-37.790866851799997,174.923034668000014,1.590014338490000,1.829223871230000,1.968448519710000,-1.963978171350000,0.000000000000000
-37.791210174600003,174.923355103000006,1.589426636700000,1.828732609750000,1.967920422550000,-1.963262200360000,0.000000000000000
-37.791568756099998,174.923660278000000,1.588991999630000,1.827868103980000,1.966967344280000,-1.963282823560000,0.000000000000000
-37.794677734399997,174.925262451000009,1.540727615360000,1.771862745290000,1.907562255860000,-1.936263561250000,0.000000000000000
-37.794773101799997,174.924819946000014,1.540981054310000,1.773162007330000,1.908377408980000,-1.934635519980000,0.000000000000000
-37.795589446999998,174.924743651999989,1.553354024890000,1.788407087330000,1.922710299490000,-1.937694787980000,0.000000000000000
-37.795158386200001,174.924652100000003,1.542847990990000,1.776271343230000,1.910746693610000,-1.933988571170000,0.000000000000000
-37.795890808099998,174.924316406000003,1.558810710910000,1.794842362400000,1.928606271740000,-1.939088940620000,0.000000000000000
-37.789749145499997,174.920944214000002,1.588838219640000,1.827647447590000,1.966712117200000,-1.962307572360000,0.000000000000000
-37.789836883500001,174.921371459999989,1.589132189750000,1.828071355820000,1.967164874080000,-1.962786316870000,0.000000000000000
-37.790023803700002,174.921859740999992,1.589429378510000,1.828547358510000,1.967682719230000,-1.963081598280000,0.000000000000000
-37.790679931600003,174.922256470000008,1.589475512500000,1.828751325610000,1.967928886410000,-1.963701248170000,0.000000000000000
-37.790451049799998,174.921905517999988,1.589554190640000,1.828721165660000,1.967877507210000,-1.963597655300000,0.000000000000000
-37.789478301999999,174.920516967999987,1.588675737380000,1.827463984490000,1.966509938240000,-1.962387323380000,0.000000000000000
-37.789482116700000,174.920028687000013,1.588687777520000,1.827550053600000,1.966604590420000,-1.962572097780000,0.000000000000000
-37.789340972900000,174.919662476000013,1.588418841360000,1.827168107030000,1.966188311580000,-1.962172269820000,0.000000000000000
-37.789295196499999,174.919235229000009,1.588320374490000,1.827232599260000,1.966273307800000,-1.962496519090000,0.000000000000000
-37.788829803500001,174.918334960999999,1.588168621060000,1.827017426490000,1.966048479080000,-1.962286233900000,0.000000000000000
-37.789340972900000,174.918899535999998,1.588153719900000,1.827061414720000,1.966072559360000,-1.962282180790000,0.000000000000000
-37.789245605500000,174.918533324999999,1.587975144390000,1.826897621150000,1.965889692310000,-1.962354421620000,0.000000000000000
-37.788829803500001,174.917709351000013,1.585508584980000,1.822693347930000,1.961639881130000,-1.953498005870000,0.000000000000000
-37.778804779100000,174.908477782999995,1.568205833440000,1.798827886580000,1.934671282770000,-1.910912275310000,0.000000000000000
-37.778751373299997,174.908081054999997,1.568697810170000,1.799400329590000,1.935290694240000,-1.911430001260000,0.000000000000000
-37.779579162600001,174.908859253000003,1.564800500870000,1.794256925580000,1.930970668790000,-1.902946949010000,0.000000000000000
-37.779193878199997,174.908660889000004,1.567319989200000,1.798211812970000,1.934403896330000,-1.910658597950000,0.000000000000000
-37.778694152800000,174.907684326000009,1.569179177280000,1.800022959710000,1.935992002490000,-1.912206530570000,0.000000000000000
-37.778644561800000,174.907272339000002,1.569557547570000,1.800503134730000,1.936519026760000,-1.912732124330000,0.000000000000000
-37.778587341300003,174.906860351999995,1.569873690610000,1.800882339480000,1.936891794200000,-1.913015961650000,0.000000000000000
-37.778507232700001,174.906463623000008,1.570248007770000,1.801312923430000,1.937343358990000,-1.913449406620000,0.000000000000000
-37.778438568100000,174.906097412000008,1.570446968080000,1.801512956620000,1.937520384790000,-1.913634777070000,0.000000000000000
-37.778400421100002,174.905715942000000,1.570631980900000,1.801726579670000,1.937751173970000,-1.913888454440000,0.000000000000000
-37.778358459499998,174.905334473000011,1.570911407470000,1.802069544790000,1.938169360160000,-1.914427638050000,0.000000000000000
-37.778316497799999,174.904937743999994,1.571113824840000,1.802252531050000,1.938420772550000,-1.914795517920000,0.000000000000000
-37.778270721399998,174.904556273999987,1.571313858030000,1.802585601810000,1.938830614090000,-1.915562748910000,0.000000000000000
-37.777832031199999,174.903976440000008,1.571099996570000,1.801879763600000,1.937265872960000,-1.913459539410000,0.000000000000000
-37.777778625499998,174.903564453000001,1.570378184320000,1.800857305530000,1.936194300650000,-1.911100864410000,0.000000000000000
-37.778221130399999,174.904159545999988,1.570612549780000,1.801944136620000,1.938134431840000,-1.914996266370000,0.000000000000000
-37.790954589800002,174.922592162999990,1.589770436290000,1.828988194470000,1.968193888660000,-1.963869214060000,0.000000000000000
-37.791263580299997,174.922912598000011,1.589113354680000,1.828419327740000,1.967592954640000,-1.963491201400000,0.000000000000000
-37.791595459000000,174.923202515000014,1.588929533960000,1.827817559240000,1.966914415360000,-1.962926387790000,0.000000000000000
-37.791934967000003,174.923492431999989,1.586026668550000,1.824907779690000,1.963836431500000,-1.960782766340000,0.000000000000000
-37.792263030999997,174.923767090000013,1.585024714470000,1.823663353920000,1.962550282480000,-1.962012529370000,0.000000000000000
-37.792564392099997,174.924072265999996,1.571319818500000,1.802539944650000,1.940596580510000,-1.928816556930000,0.000000000000000
-37.792896270800000,174.924514770999991,1.573348402980000,1.809657573700000,1.947523713110000,-1.952513813970000,0.000000000000000
-37.794246673600000,174.925003051999994,1.542865753170000,1.775050401690000,1.910370826720000,-1.935264587400000,0.000000000000000
-37.793376922599997,174.924545287999990,1.557249307630000,1.791195154190000,1.928163051610000,-1.944270968440000,0.000000000000000
-37.793811798100002,174.924774170000006,1.543730616570000,1.775952935220000,1.911643147470000,-1.937555432320000,0.000000000000000
-37.794532775900002,174.924575806000007,1.541995882990000,1.774118542670000,1.909582495690000,-1.936064004900000,0.000000000000000
-37.794898986800000,174.924407959000007,1.542698383330000,1.775057673450000,1.910303831100000,-1.935043334960000,0.000000000000000
-37.795398712199997,174.924224853999988,1.541956424710000,1.774786591530000,1.908606886860000,-1.931406378750000,0.000000000000000
-37.791046142600003,174.922210693000011,1.589399933820000,1.828527927400000,1.967677950860000,-1.963623285290000,0.000000000000000
-37.789981842000003,174.920623779000010,1.588668227200000,1.827394247060000,1.966441035270000,-1.962240815160000,0.000000000000000
-37.790145873999997,174.921051024999997,1.588570952420000,1.827353358270000,1.966388106350000,-1.962114930150000,0.000000000000000
-37.790287017799997,174.921493529999992,1.588894009590000,1.827974677090000,1.967073559760000,-1.962721228600000,0.000000000000000
-37.790824890099998,174.921905517999988,1.589219331740000,1.828324079510000,1.967458128930000,-1.963235735890000,0.000000000000000
-37.790634155299998,174.921600342000005,1.589017391200000,1.828135252000000,1.967242002490000,-1.963100790980000,0.000000000000000
-37.789844512899997,174.920181273999987,1.588486194610000,1.827220201490000,1.966256380080000,-1.962143063550000,0.000000000000000
-37.789730071999998,174.919754028000000,1.588345646860000,1.827195644380000,1.966230869290000,-1.962486386300000,0.000000000000000
-37.789592742899998,174.919418334999989,1.588258624080000,1.827089905740000,1.966108441350000,-1.962332129480000,0.000000000000000
-37.789623260500001,174.919082642000006,1.588067054750000,1.826996088030000,1.966002464290000,-1.962504982950000,0.000000000000000
-37.789211273200003,174.918090820000003,1.587738633160000,1.826745033260000,1.965729832650000,-1.962459445000000,0.000000000000000
-37.789264678999999,174.917724609000004,1.587928295140000,1.827085375790000,1.966090798380000,-1.962750554080000,0.000000000000000
-37.789596557599999,174.918701171999999,1.587906122210000,1.826884865760000,1.965884089470000,-1.962433815000000,0.000000000000000
-37.789550781199999,174.918319701999991,1.587720036510000,1.826686143880000,1.965670943260000,-1.962275981900000,0.000000000000000
-37.789180755600000,174.917327881000006,1.587081193920000,1.826163649560000,1.965086460110000,-1.962318778040000,0.000000000000000
-37.779140472400002,174.908264159999987,1.568371653560000,1.799445152280000,1.935853481290000,-1.912567853930000,0.000000000000000
-37.779087066700001,174.907867431999989,1.568676829340000,1.799876451490000,1.936258196830000,-1.912850499150000,0.000000000000000
-37.779914855999998,174.908660889000004,1.566197872160000,1.796336650850000,1.933734536170000,-1.906955480580000,0.000000000000000
-37.779529571499999,174.908462523999987,1.568524479870000,1.800128459930000,1.937147378920000,-1.914613842960000,0.000000000000000
-37.779037475599999,174.907455443999993,1.569424867630000,1.800727248190000,1.937218189240000,-1.913907289510000,0.000000000000000
-37.778991699199999,174.907058715999995,1.569912076000000,1.801358222960000,1.937910556790000,-1.914616227150000,0.000000000000000
-37.778957366900002,174.906600951999991,1.570451498030000,1.801805257800000,1.938389658930000,-1.915109992030000,0.000000000000000
-37.778766632100002,174.906250000000000,1.570525646210000,1.801984548570000,1.938432455060000,-1.914935827260000,0.000000000000000
-37.778774261499997,174.905914306999989,1.570961117740000,1.802379131320000,1.938942790030000,-1.915638804440000,0.000000000000000
-37.778739929200000,174.905517578000001,1.571191549300000,1.802756190300000,1.939414143560000,-1.916307449340000,0.000000000000000
-37.778701782200002,174.905120850000003,1.571515083310000,1.803311705590000,1.940085172650000,-1.917235851290000,0.000000000000000
-37.778656005899997,174.904724120999987,1.571696877480000,1.803755998610000,1.940685272220000,-1.918116688730000,0.000000000000000
-37.778610229500003,174.904327392999988,1.571772933010000,1.804216980930000,1.941291332240000,-1.919118523600000,0.000000000000000
-37.778171539299997,174.903747559000010,1.570823073390000,1.802558064460000,1.939092516900000,-1.916689872740000,0.000000000000000
-37.778560638400002,174.903930664000001,1.573043584820000,1.805999279020000,1.943601846690000,-1.922360658650000,0.000000000000000
-37.791324615500002,174.922500609999986,1.588956713680000,1.828241109850000,1.967378497120000,-1.963258266450000,0.000000000000000
-37.791633605999998,174.922775268999999,1.588701248170000,1.827541351320000,1.966609239580000,-1.962516546250000,0.000000000000000
-37.791961669899997,174.923049926999994,1.587570905690000,1.826414227490000,1.965441465380000,-1.962320208550000,0.000000000000000
-37.792289733899999,174.923324584999989,1.585028886800000,1.823162436490000,1.961911201480000,-1.959383606910000,0.000000000000000
-37.792617797900000,174.923599243000012,1.581751823430000,1.819949507710000,1.958733677860000,-1.961273908620000,0.000000000000000
-37.792953491200002,174.923904418999996,1.575429916380000,1.812635898590000,1.950966715810000,-1.955789923670000,0.000000000000000
-37.793319702100000,174.924118042000003,1.565356731410000,1.799535512920000,1.937020778660000,-1.946770548820000,0.000000000000000
-37.794185638400002,174.924453734999986,1.546209573750000,1.778314709660000,1.914225220680000,-1.937856197360000,0.000000000000000
-37.793766021700002,174.924209595000008,1.554484009740000,1.787364244460000,1.924032688140000,-1.942268252370000,0.000000000000000
-37.794555664100002,174.924179076999991,1.541410207750000,1.773500442500000,1.908870458600000,-1.935234069820000,0.000000000000000
-37.794975280800003,174.923965454000012,1.535993218420000,1.767434954640000,1.902520179750000,-1.932835221290000,0.000000000000000
-37.791122436499997,174.921890259000008,1.589156031610000,1.828103899960000,1.967193722720000,-1.963115334510000,0.000000000000000
-37.791370391800001,174.922103881999988,1.588526487350000,1.827394723890000,1.966463685040000,-1.962569355960000,0.000000000000000
-37.790405273399998,174.920715331999986,1.588359236720000,1.827159166340000,1.966176748280000,-1.962187647820000,0.000000000000000
-37.790264129599997,174.920303345000008,1.588119149210000,1.826783180240000,1.965786099430000,-1.961972832680000,0.000000000000000
-37.790618896500000,174.921173095999990,1.588473796840000,1.827269196510000,1.966304063800000,-1.962227940560000,0.000000000000000
-37.791000366200002,174.921524048000009,1.588634014130000,1.827498555180000,1.966541051860000,-1.962449312210000,0.000000000000000
-37.790142059300003,174.919860840000013,1.588041186330000,1.826942682270000,1.965953230860000,-1.962388992310000,0.000000000000000
-37.789970397899999,174.919372559000010,1.587995171550000,1.826955199240000,1.965968251230000,-1.962459206580000,0.000000000000000
-37.789947509800001,174.918884276999989,1.587820410730000,1.826812148090000,1.965798735620000,-1.962408661840000,0.000000000000000
-37.789157867400000,174.916915893999999,1.580439567570000,1.813963770870000,1.952544450760000,-1.936832308770000,0.000000000000000
-37.789554595900000,174.917541504000013,1.587612032890000,1.826759457590000,1.965733051300000,-1.962689399720000,0.000000000000000
-37.789554595900000,174.917938232000012,1.587517261510000,1.826665639880000,1.965634107590000,-1.962675571440000,0.000000000000000
-37.789882659900002,174.918472290000011,1.587586879730000,1.826619982720000,1.965588808060000,-1.962424039840000,0.000000000000000
-37.789806366000001,174.918136597000000,1.587671875950000,1.826833963390000,1.965816020970000,-1.962727665900000,0.000000000000000
-37.789562225300003,174.917083740000010,1.587592720990000,1.826763749120000,1.965736985210000,-1.963105559350000,0.000000000000000
-37.779476165799998,174.908050537000008,1.568990230560000,1.800588727000000,1.937516808510000,-1.914643049240000,0.000000000000000
-37.779426574699997,174.907653809000010,1.569460630420000,1.801311373710000,1.938312172890000,-1.915698170660000,0.000000000000000
-37.780250549300000,174.908447265999996,1.567595005040000,1.798598527910000,1.936419844630000,-1.911022305490000,0.000000000000000
-37.779865264900003,174.908248901000007,1.568933129310000,1.800796508790000,1.938111543660000,-1.915665984150000,0.000000000000000
-37.779384612999998,174.907257079999994,1.570014238360000,1.801812291150000,1.938807606700000,-1.916026353840000,0.000000000000000
-37.779346466100002,174.906860351999995,1.570396900180000,1.802174925800000,1.939170598980000,-1.916347742080000,0.000000000000000
-37.779350280800003,174.906524657999995,1.570885896680000,1.802806854250000,1.939939975740000,-1.917288541790000,0.000000000000000
-37.779159545900001,174.906173706000004,1.570812344550000,1.802649140360000,1.939584493640000,-1.916702747340000,0.000000000000000
-37.779129028299998,174.905715942000000,1.571733593940000,1.803836584090000,1.941039204600000,-1.918594837190000,0.000000000000000
-37.779087066700001,174.905319214000002,1.572354078290000,1.804632067680000,1.942028522490000,-1.919988512990000,0.000000000000000
-37.779045105000002,174.904907226999995,1.572877883910000,1.805457949640000,1.943057179450000,-1.921497464180000,0.000000000000000
-37.778995513900000,174.904510498000008,1.573099732400000,1.806352138520000,1.944231867790000,-1.923391222950000,0.000000000000000
-37.778949737500000,174.904113770000009,1.573476314540000,1.807337164880000,1.945585489270000,-1.925673604010000,0.000000000000000
-37.778511047400002,174.903533936000002,1.573419332500000,1.806704998020000,1.944482684140000,-1.923604369160000,0.000000000000000
-37.778900146500000,174.903717040999993,1.574253916740000,1.808261871340000,1.946852445600000,-1.927636265750000,0.000000000000000
-37.791667938200000,174.922363281000003,1.588626265530000,1.827455043790000,1.966509938240000,-1.962726116180000,0.000000000000000
-37.791988372799999,174.922622681000007,1.587205290790000,1.825797677040000,1.964748144150000,-1.961234569550000,0.000000000000000
-37.792316436800000,174.922882079999994,1.585753321650000,1.824166417120000,1.963015317920000,-1.961052298550000,0.000000000000000
-37.792652130100002,174.923141479000009,1.582543730740000,1.820383429530000,1.959093928340000,-1.959197163580000,0.000000000000000
-37.792991638200000,174.923416137999993,1.575578808780000,1.812743902210000,1.951094388960000,-1.955899953840000,0.000000000000000
-37.793323516800001,174.923660278000000,1.566828131680000,1.802996993060000,1.940955638890000,-1.953835010530000,0.000000000000000
-37.793598175000000,174.923843384000008,1.556670069690000,1.790114402770000,1.927249789240000,-1.945303201680000,0.000000000000000
-37.794189453100003,174.923950195000003,1.546672701840000,1.778802990910000,1.914729714390000,-1.938260793690000,0.000000000000000
-37.793888092000003,174.923782348999993,1.551573514940000,1.784273266790000,1.920885801320000,-1.942635297780000,0.000000000000000
-37.794551849400001,174.923721312999987,1.542903423310000,1.774395108220000,1.910047650340000,-1.936226367950000,0.000000000000000
-37.791378021200003,174.921737670999988,1.588472962380000,1.827233552930000,1.966265201570000,-1.962514281270000,0.000000000000000
-37.791694641100001,174.921966553000004,1.588219404220000,1.826837182040000,1.965817093850000,-1.961967706680000,0.000000000000000
-37.790802002000000,174.920745850000003,1.588006615640000,1.826754927640000,1.965738773350000,-1.961957693100000,0.000000000000000
-37.790615081799999,174.920425415000011,1.587942719460000,1.826559901240000,1.965530991550000,-1.961672663690000,0.000000000000000
-37.790607452400003,174.919998168999996,1.587828278540000,1.826677203180000,1.965658903120000,-1.962313652040000,0.000000000000000
-37.791053771999998,174.921081543000014,1.588092684750000,1.826712846760000,1.965684890750000,-1.961814045910000,0.000000000000000
-37.791374206500002,174.921340942000000,1.587929487230000,1.826509952550000,1.965470910070000,-1.961782217030000,0.000000000000000
-37.791126251199998,174.920730590999995,1.587684273720000,1.826535463330000,1.965475916860000,-1.962011694910000,0.000000000000000
-37.790428161599998,174.919525146000012,1.587731957440000,1.826656818390000,1.965631961820000,-1.962321758270000,0.000000000000000
-37.790344238300001,174.919067382999998,1.587610483170000,1.826609969140000,1.965581059460000,-1.962497234340000,0.000000000000000
-37.790256500200002,174.918609618999994,1.587512969970000,1.826596379280000,1.965570569040000,-1.962576746940000,0.000000000000000
-37.789379119899998,174.916625976999995,1.587775707240000,1.827045679090000,1.966045379640000,-1.963718056680000,0.000000000000000
-37.789852142299999,174.917388915999993,1.587434768680000,1.826582431790000,1.965526461600000,-1.962814211850000,0.000000000000000
-37.789924621600001,174.917785645000009,1.587335705760000,1.826469302180000,1.965416312220000,-1.962471008300000,0.000000000000000
-37.790126800499998,174.918197631999988,1.587486147880000,1.826657652850000,1.965620040890000,-1.962700605390000,0.000000000000000
-37.789794921899997,174.916687012000011,1.587195396420000,1.826485991480000,1.965379834180000,-1.963017344470000,0.000000000000000
-37.790008544899997,174.917068481000001,1.587379932400000,1.826537728310000,1.965464472770000,-1.962716698650000,0.000000000000000
-37.789203643800001,174.915832520000009,1.584941148760000,1.821582555770000,1.960324287410000,-1.952028274540000,0.000000000000000
-37.779815673800002,174.907852173000009,1.569864869120000,1.801904916760000,1.939327836040000,-1.917160749440000,0.000000000000000
-37.779769897500003,174.907440186000002,1.570534110070000,1.802637100220000,1.940124630930000,-1.917955756190000,0.000000000000000
-37.780590057399998,174.908233642999988,1.568384051320000,1.800535202030000,1.938734054570000,-1.914807796480000,0.000000000000000
-37.780204772899999,174.908035278000000,1.569879889490000,1.802594900130000,1.940473914150000,-1.918980717660000,0.000000000000000
-37.779724121100003,174.907058715999995,1.571008920670000,1.803077697750000,1.940578222270000,-1.918460965160000,0.000000000000000
-37.779682159399997,174.906677245999987,1.571476221080000,1.803728818890000,1.941319823270000,-1.919282078740000,0.000000000000000
-37.779609680199997,174.906295776000007,1.571900963780000,1.804447650910000,1.942141652110000,-1.920334577560000,0.000000000000000
-37.779533386200001,174.905899048000009,1.572355747220000,1.805052280430000,1.942832469940000,-1.921243309970000,0.000000000000000
-37.779479980500000,174.905502318999993,1.572907805440000,1.805946230890000,1.943876266480000,-1.922597646710000,0.000000000000000
-37.779434204099999,174.905090331999986,1.573723554610000,1.807488918300000,1.945745110510000,-1.925249934200000,0.000000000000000
-37.779388427699999,174.904693603999988,1.574971079830000,1.809052348140000,1.947676181790000,-1.928108811380000,0.000000000000000
-37.779338836699999,174.904296875000000,1.577445387840000,1.812090754510000,1.951358556750000,-1.933353304860000,0.000000000000000
-37.779293060299999,174.903900146000012,1.579530239110000,1.815054774280000,1.954989910130000,-1.938892483710000,0.000000000000000
-37.778854370099999,174.903320312000005,1.573205947880000,1.806675672530000,1.945999741550000,-1.924795866010000,0.000000000000000
-37.779247283899998,174.903503418000014,1.582162499430000,1.819605708120000,1.960335016250000,-1.947104811670000,0.000000000000000
-37.790775299099998,174.919631957999997,1.587446212770000,1.826481699940000,1.965433597560000,-1.962445616720000,0.000000000000000
-37.792011260999999,174.922210693000011,1.587157368660000,1.825645685200000,1.964577436450000,-1.961563944820000,0.000000000000000
-37.792335510299999,174.922454834000007,1.586278915410000,1.824728131290000,1.963554978370000,-1.960797071460000,0.000000000000000
-37.792675018300002,174.922698975000003,1.583790779110000,1.822011709210000,1.960781216620000,-1.960372328760000,0.000000000000000
-37.793022155800003,174.922943115000010,1.579967021940000,1.817705869670000,1.956235527990000,-1.959159731860000,0.000000000000000
-37.793376922599997,174.923217773000005,1.573341965680000,1.810561895370000,1.948885798450000,-1.957715272900000,0.000000000000000
-37.793697357200003,174.923492431999989,1.558966994290000,1.792618393900000,1.929782271390000,-1.945894002910000,0.000000000000000
-37.794185638400002,174.923385620000005,1.528333067890000,1.759653449060000,1.893702030180000,-1.929538249970000,0.000000000000000
-37.791706085199998,174.921569823999988,1.587539553640000,1.826271414760000,1.965184211730000,-1.961687922480000,0.000000000000000
-37.792022705100003,174.921798706000004,1.586539983750000,1.825218796730000,1.964078068730000,-1.961281180380000,0.000000000000000
-37.790992736800000,174.920349120999987,1.587303876880000,1.826003789900000,1.964916944500000,-1.961385965350000,0.000000000000000
-37.791034698499999,174.919891357000012,1.587237834930000,1.826184272770000,1.965108871460000,-1.962142944340000,0.000000000000000
-37.791400909399997,174.920944214000002,1.587358474730000,1.826128244400000,1.965040683750000,-1.961662411690000,0.000000000000000
-37.791717529300001,174.921173095999990,1.587116956710000,1.825850367550000,1.964714765550000,-1.961552500720000,0.000000000000000
-37.791393280000001,174.920547484999986,1.587184667590000,1.825913906100000,1.964796304700000,-1.961541056630000,0.000000000000000
-37.790733337399999,174.919250487999989,1.587303996090000,1.826311588290000,1.965254783630000,-1.962256312370000,0.000000000000000
-37.790721893300002,174.918762206999986,1.587284326550000,1.826401710510000,1.965349793430000,-1.962665915490000,0.000000000000000
-37.790531158400000,174.918289184999992,1.587461113930000,1.826561212540000,1.965512633320000,-1.962828874590000,0.000000000000000
-37.789619445800000,174.916213988999999,1.587522625920000,1.826967358590000,1.965914845470000,-1.963335871700000,0.000000000000000
-37.789699554400002,174.915695190000008,1.587666630740000,1.827004671100000,1.965936541560000,-1.963065743450000,0.000000000000000
-37.790210723900003,174.917465209999989,1.587384462360000,1.826566696170000,1.965500473980000,-1.962855458260000,0.000000000000000
-37.790367126500001,174.917877196999996,1.587312221530000,1.826401948930000,1.965338945390000,-1.962552189830000,0.000000000000000
-37.790008544899997,174.916397095000008,1.587370157240000,1.826729536060000,1.965609669690000,-1.963213801380000,0.000000000000000
-37.790203094500001,174.916717529000010,1.587227225300000,1.826401472090000,1.965302348140000,-1.962615609170000,0.000000000000000
-37.790431976299999,174.917098998999990,1.587295770650000,1.826596140860000,1.965489983560000,-1.962971448900000,0.000000000000000
-37.789291381799998,174.915237426999994,1.587059736250000,1.826351523400000,1.965091705320000,-1.962363958360000,0.000000000000000
-37.789623260500001,174.914901732999994,1.587541103360000,1.826900005340000,1.965807676320000,-1.962932229040000,0.000000000000000
-37.789710998499999,174.914596558000000,1.587229132650000,1.826552510260000,1.965323448180000,-1.962517499920000,0.000000000000000
-37.780151367199998,174.907638550000001,1.570382237430000,1.803267359730000,1.941151142120000,-1.919536232950000,0.000000000000000
-37.780105590799998,174.907241821000014,1.570975303650000,1.803961157800000,1.941887974740000,-1.920292735100000,0.000000000000000
-37.781318664600001,174.908218384000008,1.569027900700000,1.799050927160000,1.938100337980000,-1.910218238830000,0.000000000000000
-37.780929565400001,174.908020020000009,1.570980310440000,1.803047657010000,1.941837191580000,-1.918917775150000,0.000000000000000
-37.780540466300003,174.907821654999992,1.570940732960000,1.803755283360000,1.941974997520000,-1.920796155930000,0.000000000000000
-37.780052185099997,174.906845092999987,1.571697354320000,1.804931402210000,1.942983031270000,-1.921639919280000,0.000000000000000
-37.779998779300001,174.906463623000008,1.572264194490000,1.805572748180000,1.943696379660000,-1.922466635700000,0.000000000000000
-37.779937744100003,174.906066895000009,1.573140740390000,1.806738257410000,1.945048093800000,-1.924167633060000,0.000000000000000
-37.779876709000000,174.905670165999993,1.574401855470000,1.808299899100000,1.946875333790000,-1.926732897760000,0.000000000000000
-37.779827117899998,174.905273437999995,1.575580239300000,1.809754252430000,1.948592424390000,-1.929127812390000,0.000000000000000
-37.779777526899998,174.904876709000007,1.577307701110000,1.812087535860000,1.951336026190000,-1.932924747470000,0.000000000000000
-37.779731750499998,174.904479979999991,1.579455018040000,1.815051198010000,1.954824090000000,-1.938027858730000,0.000000000000000
-37.779682159399997,174.904083251999992,1.581483602520000,1.817807078360000,1.958027124400000,-1.942418098450000,0.000000000000000
-37.779636383099998,174.903686523000005,1.582854986190000,1.819923877720000,1.960539579390000,-1.946047782900000,0.000000000000000
-37.779197692899999,174.903106688999998,1.582311630250000,1.819480299950000,1.960691332820000,-1.946216344830000,0.000000000000000
-37.779590606699998,174.903289795000006,1.585224628450000,1.822974443440000,1.964077234270000,-1.951385259630000,0.000000000000000
-37.791065216100002,174.919479370000005,1.587103486060000,1.826096296310000,1.965009570120000,-1.962203145030000,0.000000000000000
-37.792346954300001,174.922027587999992,1.586107969280000,1.824802041050000,1.963623762130000,-1.961141824720000,0.000000000000000
-37.792686462399999,174.922256470000008,1.583984494210000,1.822212815280000,1.960968971250000,-1.960694074630000,0.000000000000000
-37.793033599899999,174.922500609999986,1.581451416020000,1.819511055950000,1.958080291750000,-1.960182905200000,0.000000000000000
-37.793411254900001,174.922714232999994,1.576472640040000,1.812897443770000,1.951387286190000,-1.957043409350000,0.000000000000000
-37.793819427499997,174.923049926999994,1.551272630690000,1.785587191580000,1.922543287280000,-1.947986364360000,0.000000000000000
-37.792041778600002,174.921417235999996,1.586417913440000,1.825240850450000,1.964081406590000,-1.961495757100000,0.000000000000000
-37.792350769000002,174.921646118000012,1.586275935170000,1.825121879580000,1.963954806330000,-1.961755990980000,0.000000000000000
-37.791378021200003,174.920135498000008,1.586873531340000,1.825753927230000,1.964626312260000,-1.961760044100000,0.000000000000000
-37.791385650599999,174.919708251999992,1.586775660510000,1.825745940210000,1.964618921280000,-1.962002515790000,0.000000000000000
-37.791728973399998,174.920776367000002,1.586656928060000,1.825566768650000,1.964408755300000,-1.961633920670000,0.000000000000000
-37.792060852100001,174.921005248999990,1.586361646650000,1.825208187100000,1.964049935340000,-1.961628198620000,0.000000000000000
-37.791732788099999,174.920364379999995,1.586541533470000,1.825414061550000,1.964252114300000,-1.961626887320000,0.000000000000000
-37.791072845499997,174.919067382999998,1.587072968480000,1.826101064680000,1.965016365050000,-1.962435483930000,0.000000000000000
-37.790721893300002,174.917968750000000,1.587184429170000,1.826314687730000,1.965236425400000,-1.962699174880000,0.000000000000000
-37.791118621800003,174.918716431000007,1.587085247040000,1.826154708860000,1.965072155000000,-1.962647914890000,0.000000000000000
-37.790988922099999,174.918319701999991,1.587069034580000,1.826177358630000,1.965093851090000,-1.962656617160000,0.000000000000000
-37.789848327599998,174.915237426999994,1.587053775790000,1.826363921170000,1.965215086940000,-1.962630748750000,0.000000000000000
-37.790058135999999,174.916030884000008,1.586994290350000,1.826407670970000,1.965218186380000,-1.962736368180000,0.000000000000000
-37.790168762199997,174.915588379000013,1.586916565900000,1.826230525970000,1.965034127240000,-1.962330222130000,0.000000000000000
-37.790679931600003,174.917541504000013,1.587146759030000,1.826322317120000,1.965234160420000,-1.962748765950000,0.000000000000000
-37.790363311800000,174.916351318000011,1.587162852290000,1.826439261440000,1.965327620510000,-1.962631344800000,0.000000000000000
-37.790626525900002,174.916702270999991,1.586950302120000,1.826212286950000,1.965055584910000,-1.962404131890000,0.000000000000000
-37.790859222400002,174.917098998999990,1.587108731270000,1.826351284980000,1.965236663820000,-1.962705254550000,0.000000000000000
-37.790019989000001,174.914413451999991,1.587012052540000,1.826388001440000,1.965205669400000,-1.962669491770000,0.000000000000000
-37.789993286100000,174.914825438999998,1.586987495420000,1.826392412190000,1.965180993080000,-1.962745666500000,0.000000000000000
-37.789283752400003,174.914611815999990,1.586844205860000,1.826294898990000,1.965100646020000,-1.962792754170000,0.000000000000000
-37.789962768599999,174.914001465000013,1.587105870250000,1.826453685760000,1.965232491490000,-1.962754964830000,0.000000000000000
-37.789627075200002,174.914245604999991,1.587414264680000,1.826766133310000,1.965561032300000,-1.962690114970000,0.000000000000000
-37.789943695100000,174.913650512999993,1.587064743040000,1.826367497440000,1.965121150020000,-1.962345600130000,0.000000000000000
-37.780487060500000,174.907424926999994,1.571738719940000,1.804733753200000,1.943030953410000,-1.922103762630000,0.000000000000000
-37.780437469500001,174.907028198000006,1.572394847870000,1.805553317070000,1.943928956990000,-1.923087954520000,0.000000000000000
-37.781265258799998,174.907791137999993,1.573332309720000,1.806068539620000,1.945260524750000,-1.924207448960000,0.000000000000000
-37.780876159700000,174.907608032000013,1.572492122650000,1.805987834930000,1.944731593130000,-1.924679279330000,0.000000000000000
-37.780384063699998,174.906631470000008,1.573080420490000,1.806467294690000,1.944945693020000,-1.924248218540000,0.000000000000000
-37.780326843300003,174.906234740999992,1.574377179150000,1.807814359660000,1.946480154990000,-1.926266551020000,0.000000000000000
-37.780269622799999,174.905853271000012,1.575486660000000,1.809262990950000,1.948121190070000,-1.928440213200000,0.000000000000000
-37.780216217000003,174.905456543000014,1.576690077780000,1.810835003850000,1.949927091600000,-1.930779814720000,0.000000000000000
-37.780170440699997,174.905059813999998,1.578563809390000,1.813431143760000,1.952890753750000,-1.935064792630000,0.000000000000000
-37.780120849600003,174.904663085999999,1.580448150630000,1.816039562230000,1.955863118170000,-1.939095377920000,0.000000000000000
-37.780075073200003,174.904266357000012,1.581958174710000,1.817952156070000,1.958046317100000,-1.942044377330000,0.000000000000000
-37.780029296899997,174.903869629000013,1.583580851550000,1.820085883140000,1.960456132890000,-1.945375680920000,0.000000000000000
-37.779983520499997,174.903472899999997,1.584642887120000,1.821168184280000,1.961595058440000,-1.946897268300000,0.000000000000000
-37.779544830299997,174.902893065999990,1.584503531460000,1.821383595470000,1.962182879450000,-1.948261976240000,0.000000000000000
-37.779937744100003,174.903076171999999,1.584723353390000,1.821530938150000,1.961854457860000,-1.947718977930000,0.000000000000000
-37.791397094700002,174.919311523000005,1.586726188660000,1.825738549230000,1.964617013930000,-1.962153792380000,0.000000000000000
-37.792678832999997,174.921844482000012,1.584229946140000,1.822862982750000,1.961581707000000,-1.961378693580000,0.000000000000000
-37.793045043900001,174.922058104999991,1.584179162980000,1.822559952740000,1.961350917820000,-1.960991859440000,0.000000000000000
-37.793369293200001,174.922286987000007,1.579515218730000,1.817487001420000,1.955977320670000,-1.960174322130000,0.000000000000000
-37.793846130399999,174.922332764000004,1.578342914580000,1.814047336580000,1.952508211140000,-1.948600053790000,0.000000000000000
-37.792381286599998,174.921249390000014,1.585564255710000,1.824532985690000,1.963320374490000,-1.961758852010000,0.000000000000000
-37.792640685999999,174.921493529999992,1.584790945050000,1.823424220090000,1.962191462520000,-1.961179256440000,0.000000000000000
-37.791725158699997,174.919937134000008,1.586497426030000,1.825402617450000,1.964239358900000,-1.961776137350000,0.000000000000000
-37.791717529300001,174.919540404999992,1.586394667630000,1.825322985650000,1.964150905610000,-1.961797595020000,0.000000000000000
-37.792076110799997,174.920608520999991,1.586253285410000,1.825121760370000,1.963945627210000,-1.961807847020000,0.000000000000000
-37.792415618900002,174.920852660999998,1.585547924040000,1.824450969700000,1.963208556180000,-1.961760163310000,0.000000000000000
-37.792083740199999,174.920181273999987,1.586058378220000,1.824961900710000,1.963755607600000,-1.961729288100000,0.000000000000000
-37.791408538799999,174.918914795000006,1.586748719220000,1.825790762900000,1.964671134950000,-1.962433099750000,0.000000000000000
-37.791049957299997,174.917846679999997,1.587032198910000,1.826258420940000,1.965151309970000,-1.962761640550000,0.000000000000000
-37.791397094700002,174.918518065999990,1.586766004560000,1.825935125350000,1.964821934700000,-1.962688922880000,0.000000000000000
-37.791381835899998,174.918106079000012,1.586846828460000,1.826042890550000,1.964914917950000,-1.962725043300000,0.000000000000000
-37.790306091300003,174.915145873999990,1.586939811710000,1.826218128200000,1.965028882030000,-1.962240099910000,0.000000000000000
-37.790485382100002,174.915939331000004,1.587198734280000,1.826484322550000,1.965357661250000,-1.962603569030000,0.000000000000000
-37.790618896500000,174.915512084999989,1.586938381200000,1.826214551930000,1.965047597890000,-1.962409973140000,0.000000000000000
-37.791118621800003,174.917434692000000,1.586936593060000,1.826162219050000,1.965034246440000,-1.962656974790000,0.000000000000000
-37.791210174600003,174.917083740000010,1.586909055710000,1.826139211650000,1.964993715290000,-1.962651610370000,0.000000000000000
-37.790790557900003,174.916290282999995,1.586841344830000,1.826111674310000,1.964929938320000,-1.962351083760000,0.000000000000000
-37.791099548299997,174.916687012000011,1.586928129200000,1.826166987420000,1.965022802350000,-1.962462902070000,0.000000000000000
-37.790275573700001,174.913742065000008,1.586972236630000,1.826358795170000,1.965141892430000,-1.962587952610000,0.000000000000000
-37.790363311800000,174.914169312000013,1.586884379390000,1.826210021970000,1.964970588680000,-1.962234258650000,0.000000000000000
-37.790454864499999,174.914657592999987,1.586998105050000,1.826411247250000,1.965220689770000,-1.962648034100000,0.000000000000000
-37.790149688699998,174.913345337000010,1.587096929550000,1.826406121250000,1.965135574340000,-1.962420582770000,0.000000000000000
-37.789234161400003,174.914123534999987,1.587485551830000,1.826822876930000,1.965580344200000,-1.962855696680000,0.000000000000000
-37.789554595900000,174.913772582999997,1.587386250500000,1.826732516290000,1.965485930440000,-1.962647199630000,0.000000000000000
-37.789775848399998,174.913406371999997,1.587218046190000,1.826543211940000,1.965322971340000,-1.962718248370000,0.000000000000000
-37.780822753899997,174.907211303999986,1.573646187780000,1.807076454160000,1.945920228960000,-1.926040530200000,0.000000000000000
-37.780769348100002,174.906814574999999,1.574561476710000,1.807916998860000,1.946827054020000,-1.927078127860000,0.000000000000000
-37.782371521000002,174.907913207999997,1.574210643770000,1.805973529820000,1.946053862570000,-1.922077298160000,0.000000000000000
-37.781982421899997,174.907745360999996,1.576692581180000,1.810262441640000,1.950453639030000,-1.930218815800000,0.000000000000000
-37.781593322799999,174.907577515000014,1.575803160670000,1.809774398800000,1.949542284010000,-1.930419564250000,0.000000000000000
-37.781208038300001,174.907394409000005,1.574720144270000,1.808443069460000,1.947655916210000,-1.928691267970000,0.000000000000000
-37.780715942400001,174.906417847000000,1.575280427930000,1.808975934980000,1.948000907900000,-1.928504705430000,0.000000000000000
-37.780662536599998,174.906021118000012,1.576180815700000,1.810095548630000,1.949233889580000,-1.930047750470000,0.000000000000000
-37.780609130899997,174.905624390000014,1.577222943310000,1.811396718030000,1.950678467750000,-1.931947708130000,0.000000000000000
-37.780559539800002,174.905227660999998,1.578967690470000,1.813985705380000,1.953586339950000,-1.936059951780000,0.000000000000000
-37.780509948700001,174.904830933000000,1.580351710320000,1.815405607220000,1.955162763600000,-1.938145279880000,0.000000000000000
-37.780464172400002,174.904434204000012,1.581861853600000,1.817615866660000,1.957579493520000,-1.941386818890000,0.000000000000000
-37.780418396000002,174.904037476000013,1.583207607270000,1.819005608560000,1.959066510200000,-1.943050622940000,0.000000000000000
-37.780372619600001,174.903640746999997,1.584278345110000,1.820926189420000,1.961090326310000,-1.946511387830000,0.000000000000000
-37.780326843300003,174.903244018999999,1.584581017490000,1.820869922640000,1.960904955860000,-1.946283578870000,0.000000000000000
-37.779891967799998,174.902679443000011,1.584415435790000,1.820771217350000,1.960837483410000,-1.946570158000000,0.000000000000000
-37.779850006099998,174.902282715000013,1.584728598590000,1.821462154390000,1.961411237720000,-1.948282122610000,0.000000000000000
-37.779811859100001,174.901901245000005,1.582369804380000,1.817163586620000,1.956816434860000,-1.939313650130000,0.000000000000000
-37.780284881599997,174.902862548999991,1.585266232490000,1.821842789650000,1.961836934090000,-1.948044061660000,0.000000000000000
-37.791728973399998,174.919143676999994,1.586391210560000,1.825332880020000,1.964171648030000,-1.962023615840000,0.000000000000000
-37.792995452900001,174.921600342000005,1.584437251090000,1.823331952100000,1.962020754810000,-1.961767792700000,0.000000000000000
-37.793506622300001,174.921829223999993,1.580806612970000,1.818834662440000,1.957432031630000,-1.959974646570000,0.000000000000000
-37.792793273900003,174.921127318999993,1.584667563440000,1.823383331300000,1.962129950520000,-1.961410880090000,0.000000000000000
-37.792068481400001,174.919738770000009,1.586072683330000,1.825014591220000,1.963823556900000,-1.961901068690000,0.000000000000000
-37.792003631599997,174.919372559000010,1.585975527760000,1.824993252750000,1.963790059090000,-1.961790323260000,0.000000000000000
-37.792446136499997,174.920425415000011,1.585466265680000,1.824401378630000,1.963173866270000,-1.961682200430000,0.000000000000000
-37.792732238799999,174.920700073000006,1.584945678710000,1.823982834820000,1.962696313860000,-1.961527466770000,0.000000000000000
-37.792457580600001,174.919967651000007,1.585419297220000,1.824452757840000,1.963205575940000,-1.961628556250000,0.000000000000000
-37.791748046899997,174.918731688999998,1.586433410640000,1.825582146640000,1.964432358740000,-1.962450623510000,0.000000000000000
-37.791416168200001,174.917694092000005,1.586665868760000,1.825850009920000,1.964703559880000,-1.962411284450000,0.000000000000000
-37.791740417500002,174.918304443000011,1.586493492130000,1.825653910640000,1.964502334590000,-1.962497234340000,0.000000000000000
-37.791687011699999,174.917938232000012,1.586584925650000,1.825753688810000,1.964596152310000,-1.962501168250000,0.000000000000000
-37.790760040300000,174.915084839000002,1.586738228800000,1.825999259950000,1.964802861210000,-1.962303280830000,0.000000000000000
-37.790927887000002,174.915863037000008,1.586715340610000,1.825969576840000,1.964763283730000,-1.962169408800000,0.000000000000000
-37.791053771999998,174.915435790999993,1.586729049680000,1.825983166690000,1.964774966240000,-1.962099075320000,0.000000000000000
-37.791481018100001,174.917312621999997,1.586690306660000,1.825874209400000,1.964726328850000,-1.962403297420000,0.000000000000000
-37.791496276899998,174.916900634999990,1.586885809900000,1.826113700870000,1.964955568310000,-1.962678909300000,0.000000000000000
-37.791236877400003,174.916213988999999,1.586855530740000,1.826095342640000,1.964923620220000,-1.962275862690000,0.000000000000000
-37.791484832800002,174.916534423999991,1.586651921270000,1.825872182850000,1.964671015740000,-1.962247729300000,0.000000000000000
-37.790462493900002,174.913146973000011,1.586761355400000,1.826092958450000,1.964846134190000,-1.962319731710000,0.000000000000000
-37.790550231899999,174.913467407000013,1.586709737780000,1.826043248180000,1.964797973630000,-1.962269067760000,0.000000000000000
-37.790676116900002,174.913864136000001,1.586699247360000,1.826061844830000,1.964828491210000,-1.962333559990000,0.000000000000000
-37.790798187299998,174.914291381999988,1.586674690250000,1.825978517530000,1.964762926100000,-1.962363958360000,0.000000000000000
-37.790950775100001,174.914688109999986,1.586690783500000,1.825955867770000,1.964738726620000,-1.962175726890000,0.000000000000000
-37.790218353299998,174.912918090999995,1.586847186090000,1.826130628590000,1.964858412740000,-1.962141275410000,0.000000000000000
-37.790344238300001,174.912551879999995,1.586751461030000,1.826027989390000,1.964745640750000,-1.962143063550000,0.000000000000000
-37.789825439500000,174.913040160999998,1.587195158000000,1.826510548590000,1.965259552000000,-1.962545871730000,0.000000000000000
-37.788925170900001,174.913665771000012,1.587479114530000,1.826731324200000,1.965524792670000,-1.962246298790000,0.000000000000000
-37.789409637500000,174.913253784000005,1.587496161460000,1.826743960380000,1.965454936030000,-1.962389230730000,0.000000000000000
-37.781154632600000,174.906982421999999,1.575834751130000,1.809669494630000,1.948989152910000,-1.930190563200000,0.000000000000000
-37.781101226799997,174.906585693000011,1.576279282570000,1.810323476790000,1.949684739110000,-1.930933237080000,0.000000000000000
-37.782981872599997,174.907806396000012,1.573879718780000,1.804761886600000,1.944750785830000,-1.920477509500000,0.000000000000000
-37.782665252699999,174.907684326000009,1.577380657200000,1.811184287070000,1.951407432560000,-1.932637572290000,0.000000000000000
-37.782299041700000,174.907516479000009,1.579014778140000,1.814099431040000,1.954408884050000,-1.938023209570000,0.000000000000000
-37.781921386699999,174.907348632999998,1.578253507610000,1.813341736790000,1.953471183780000,-1.936383485790000,0.000000000000000
-37.781536102300002,174.907165526999989,1.576500296590000,1.811148524280000,1.950812578200000,-1.933084964750000,0.000000000000000
-37.781047821000001,174.906188965000013,1.576967358590000,1.811426877980000,1.950903058050000,-1.932451248170000,0.000000000000000
-37.780998230000002,174.905807495000005,1.578423261640000,1.813210129740000,1.952884912490000,-1.935151815410000,0.000000000000000
-37.780948638900000,174.905410767000006,1.580024957660000,1.815143227580000,1.955009698870000,-1.938150763510000,0.000000000000000
-37.780899047900000,174.905014037999990,1.581155061720000,1.816781640050000,1.956768870350000,-1.940379858020000,0.000000000000000
-37.780853271500000,174.904617309999992,1.583171367650000,1.819447875020000,1.959659576420000,-1.945106983180000,0.000000000000000
-37.780807495099999,174.904220581000004,1.583374261860000,1.819851279260000,1.960003852840000,-1.945326924320000,0.000000000000000
-37.780765533400000,174.903823853000006,1.583659648900000,1.820038437840000,1.960048556330000,-1.945162057880000,0.000000000000000
-37.780719757100002,174.903427123999990,1.584356188770000,1.820442080500000,1.960309147830000,-1.945393562320000,0.000000000000000
-37.780673980700001,174.903030395999991,1.584595918660000,1.820630550380000,1.960348725320000,-1.945683956150000,0.000000000000000
-37.780239105200003,174.902465820000003,1.585319280620000,1.822247624400000,1.962131142620000,-1.949204325680000,0.000000000000000
-37.780197143599999,174.902084351000013,1.585286259650000,1.821899533270000,1.961577415470000,-1.948514223100000,0.000000000000000
-37.780162811300002,174.901702881000006,1.585277318950000,1.822458744050000,1.962026596070000,-1.950077533720000,0.000000000000000
-37.780147552499997,174.901336670000006,1.585319757460000,1.822632670400000,1.962023496630000,-1.950664043430000,0.000000000000000
-37.780628204300001,174.902633667000003,1.585170388220000,1.821863174440000,1.961598157880000,-1.948273301120000,0.000000000000000
-37.792091369600001,174.919021606000001,1.585927486420000,1.824946165080000,1.963744997980000,-1.961921095850000,0.000000000000000
-37.793308258099998,174.921218871999997,1.583824515340000,1.822435736660000,1.961117029190000,-1.961209774020000,0.000000000000000
-37.793075561499997,174.920791626000010,1.584058046340000,1.822813272480000,1.961482524870000,-1.961354374890000,0.000000000000000
-37.792411804200000,174.919433593999997,1.585745573040000,1.824645042420000,1.963413834570000,-1.961637616160000,0.000000000000000
-37.792922973600000,174.920288085999999,1.584977388380000,1.823808789250000,1.962540268900000,-1.961557388310000,0.000000000000000
-37.792808532700001,174.919754028000000,1.584968328480000,1.824043154720000,1.962765336040000,-1.961651206020000,0.000000000000000
-37.792125701899998,174.918533324999999,1.586058378220000,1.825167298320000,1.963981390000000,-1.962301254270000,0.000000000000000
-37.791793823200003,174.917587279999992,1.586601972580000,1.825802326200000,1.964618086810000,-1.962378382680000,0.000000000000000
-37.792098998999997,174.917984009000008,1.586257219310000,1.825424313550000,1.964226126670000,-1.962267160420000,0.000000000000000
-37.791179657000001,174.915039062000005,1.586724996570000,1.825973272320000,1.964762568470000,-1.962257504460000,0.000000000000000
-37.791378021200003,174.915771484000004,1.586728811260000,1.825963020320000,1.964777827260000,-1.962252736090000,0.000000000000000
-37.791469573999997,174.915328979000009,1.586548209190000,1.825759291650000,1.964557051660000,-1.962146043780000,0.000000000000000
-37.791854858400001,174.917144774999997,1.586387872700000,1.825550675390000,1.964366912840000,-1.962179899220000,0.000000000000000
-37.791843414299997,174.916687012000011,1.586697816850000,1.825977921490000,1.964800834660000,-1.962492942810000,0.000000000000000
-37.791748046899997,174.916168212999992,1.586464881900000,1.825664877890000,1.964455604550000,-1.962053060530000,0.000000000000000
-37.790592193599998,174.912841796999999,1.586647272110000,1.825906515120000,1.964633226390000,-1.962090849880000,0.000000000000000
-37.790794372599997,174.913177490000010,1.586583137510000,1.825874447820000,1.964609146120000,-1.962096452710000,0.000000000000000
-37.790943145800000,174.913543701000009,1.586542487140000,1.825886964800000,1.964636206630000,-1.962191104890000,0.000000000000000
-37.791130065899999,174.913940429999997,1.586514353750000,1.825821638110000,1.964581012730000,-1.962083339690000,0.000000000000000
-37.791213989299997,174.914382934999992,1.586571216580000,1.825838088990000,1.964604377750000,-1.962112188340000,0.000000000000000
-37.791294097900000,174.914718628000003,1.586569905280000,1.825802206990000,1.964580535890000,-1.962146162990000,0.000000000000000
-37.790740966800001,174.912475585999999,1.586387157440000,1.825640082360000,1.964354872700000,-1.961896061900000,0.000000000000000
-37.789943695100000,174.912597656000003,1.586885809900000,1.826172351840000,1.964894175530000,-1.962090969090000,0.000000000000000
-37.790466308600003,174.912155151000007,1.586504459380000,1.825741529460000,1.964456081390000,-1.961931467060000,0.000000000000000
-37.790115356400001,174.912261962999992,1.586845874790000,1.826124906540000,1.964840054510000,-1.962193489070000,0.000000000000000
-37.789463043200001,174.912704467999987,1.587433457370000,1.826718211170000,1.965438961980000,-1.962510466580000,0.000000000000000
-37.788909912100003,174.912963867000002,1.587034702300000,1.825801968570000,1.964614391330000,-1.959764838220000,0.000000000000000
-37.781482696499999,174.906768798999991,1.576880335810000,1.811571478840000,1.951240897180000,-1.933262705800000,0.000000000000000
-37.781433105500000,174.906372070000003,1.578112363820000,1.813049197200000,1.952876687050000,-1.935425639150000,0.000000000000000
-37.783283233600002,174.907684326000009,1.577234745030000,1.811163783070000,1.951443076130000,-1.933431148530000,0.000000000000000
-37.782958984399997,174.907470703000001,1.579165458680000,1.815113067630000,1.955599308010000,-1.941203117370000,0.000000000000000
-37.782608032200002,174.907302856000001,1.580395936970000,1.816415429120000,1.956905245780000,-1.943400740620000,0.000000000000000
-37.782241821299998,174.907119751000010,1.580216288570000,1.816098928450000,1.956513047220000,-1.942343354230000,0.000000000000000
-37.781864166299997,174.906951904000010,1.578637480740000,1.813791751860000,1.953878283500000,-1.937263011930000,0.000000000000000
-37.781383514399998,174.905975342000005,1.579404115680000,1.814571380620000,1.954537868500000,-1.937674045560000,0.000000000000000
-37.781333923299997,174.905578612999989,1.580345153810000,1.815812110900000,1.955858588220000,-1.939287424090000,0.000000000000000
-37.781288146999998,174.905181884999990,1.581641793250000,1.817439436910000,1.957580447200000,-1.941717267040000,0.000000000000000
-37.781242370599998,174.904785156000003,1.582994699480000,1.819430470470000,1.959660887720000,-1.945674657820000,0.000000000000000
-37.781196594199997,174.904388428000004,1.582833886150000,1.819158911710000,1.959220290180000,-1.944102883340000,0.000000000000000
-37.781154632600000,174.903991698999988,1.584334731100000,1.820871353150000,1.961013913150000,-1.947823286060000,0.000000000000000
-37.781112670900001,174.903594970999990,1.584586024280000,1.821192622180000,1.961200714110000,-1.948346495630000,0.000000000000000
-37.781066894500000,174.903198242000002,1.584634661670000,1.821045756340000,1.960862398150000,-1.947347760200000,0.000000000000000
-37.781021118200002,174.902801514000004,1.584649443630000,1.821244955060000,1.960890650750000,-1.947519898410000,0.000000000000000
-37.780578613300001,174.902252196999996,1.585817337040000,1.822670578960000,1.962347030640000,-1.950195193290000,0.000000000000000
-37.780532836900001,174.901885985999996,1.585358619690000,1.822517395020000,1.962079644200000,-1.950051426890000,0.000000000000000
-37.780517578100003,174.901535034000005,1.585477232930000,1.822788476940000,1.962240099910000,-1.950623393060000,0.000000000000000
-37.780536651600002,174.901153563999998,1.585593581200000,1.822916626930000,1.962300419810000,-1.950365900990000,0.000000000000000
-37.780521392799997,174.900741576999991,1.585792064670000,1.823208928110000,1.962559580800000,-1.950897574420000,0.000000000000000
-37.780971527100000,174.902404784999987,1.585416674610000,1.821945428850000,1.961562037470000,-1.948690533640000,0.000000000000000
-37.792526245099999,174.918869018999999,1.585431218150000,1.824498176570000,1.963256955150000,-1.961648583410000,0.000000000000000
-37.793624877900001,174.920593262000011,1.579359173770000,1.813849091530000,1.952315092090000,-1.942556381230000,0.000000000000000
-37.792938232399997,174.919265746999997,1.585193634030000,1.824092268940000,1.962827801700000,-1.961732745170000,0.000000000000000
-37.793312072799999,174.919799804999997,1.584814548490000,1.823686361310000,1.962382435800000,-1.961277723310000,0.000000000000000
-37.792560577400003,174.918304443000011,1.585798978810000,1.824902772900000,1.963673949240000,-1.962114095690000,0.000000000000000
-37.792232513400002,174.917449951000009,1.586151480670000,1.825268268590000,1.964071750640000,-1.962016224860000,0.000000000000000
-37.792545318599998,174.917800903000000,1.586147665980000,1.825302243230000,1.964073300360000,-1.962228059770000,0.000000000000000
-37.791545867899998,174.914932251000010,1.586543202400000,1.825777053830000,1.964551448820000,-1.962083101270000,0.000000000000000
-37.791831970200001,174.915603637999993,1.586500763890000,1.825774908070000,1.964547634120000,-1.962138533590000,0.000000000000000
-37.791816711400003,174.915191649999997,1.586498618130000,1.825716972350000,1.964479804040000,-1.962056994440000,0.000000000000000
-37.792282104500003,174.916900634999990,1.586331248280000,1.825567126270000,1.964343428610000,-1.962261080740000,0.000000000000000
-37.792182922400002,174.916427612000007,1.586400866510000,1.825569033620000,1.964362382890000,-1.962076067920000,0.000000000000000
-37.792285919199998,174.915939331000004,1.586427330970000,1.825635910030000,1.964424252510000,-1.962303996090000,0.000000000000000
-37.790882110600002,174.912063598999993,1.586285114290000,1.825515270230000,1.964215874670000,-1.961922049520000,0.000000000000000
-37.791275024400001,174.913589478000006,1.586350321770000,1.825634360310000,1.964378118520000,-1.962030410770000,0.000000000000000
-37.790992736800000,174.912811279000010,1.586346626280000,1.825650453570000,1.964378833770000,-1.962032437320000,0.000000000000000
-37.791240692099997,174.913208007999998,1.586278200150000,1.825549960140000,1.964286923410000,-1.961948633190000,0.000000000000000
-37.791473388699998,174.913787842000005,1.586356401440000,1.825603723530000,1.964352965350000,-1.962075948720000,0.000000000000000
-37.791534423800002,174.914138793999996,1.586413502690000,1.825625181200000,1.964385867120000,-1.962089657780000,0.000000000000000
-37.791580200200002,174.914550781000003,1.586457848550000,1.825669288640000,1.964440107350000,-1.962092518810000,0.000000000000000
-37.791164398200003,174.912414551000012,1.586132645610000,1.825418472290000,1.964132308960000,-1.961882710460000,0.000000000000000
-37.791027069099997,174.911621093999997,1.585981845860000,1.825212240220000,1.963901519780000,-1.961716294290000,0.000000000000000
-37.790573120099999,174.911727904999992,1.586418151860000,1.825640320780000,1.964349269870000,-1.962014079090000,0.000000000000000
-37.789684295699999,174.912139892999988,1.587025046350000,1.826322674750000,1.965040087700000,-1.962175250050000,0.000000000000000
-37.790142059300003,174.911880493000012,1.586515665050000,1.825757741930000,1.964448094370000,-1.961788654330000,0.000000000000000
-37.790699005100002,174.911285399999997,1.586202859880000,1.825443029400000,1.964143753050000,-1.961993455890000,0.000000000000000
-37.789001464800002,174.912231445000003,1.587037086490000,1.826257109640000,1.964988231660000,-1.961080551150000,0.000000000000000
-37.789344787600001,174.911743164000001,1.587140440940000,1.826421976090000,1.965132832530000,-1.962167143820000,0.000000000000000
-37.781814575200002,174.906555176000012,1.579405307770000,1.814754128460000,1.954922556880000,-1.938526153560000,0.000000000000000
-37.781764984100001,174.906158446999996,1.580418229100000,1.816064119340000,1.956325769420000,-1.940797209740000,0.000000000000000
-37.783630371100003,174.907501220999990,1.577804565430000,1.811809897420000,1.952047824860000,-1.934998869900000,0.000000000000000
-37.783279418900001,174.907287598000011,1.581218719480000,1.817915439610000,1.958442807200000,-1.947072982790000,0.000000000000000
-37.782924652100000,174.907089232999994,1.582091450690000,1.819116711620000,1.959748268130000,-1.949565291400000,0.000000000000000
-37.782562255899997,174.906906128000003,1.582143306730000,1.818647265430000,1.959241628650000,-1.948111414910000,0.000000000000000
-37.782192230200003,174.906723021999994,1.581501126290000,1.817796468730000,1.958346962930000,-1.945892691610000,0.000000000000000
-37.781719207800002,174.905761718999997,1.581147432330000,1.816984534260000,1.957285285000000,-1.942343592640000,0.000000000000000
-37.781673431400002,174.905364990000010,1.582495808600000,1.818702459340000,1.959098815920000,-1.945767283440000,0.000000000000000
-37.781627655000001,174.904968262000011,1.583180665970000,1.819677948950000,1.960060477260000,-1.947346448900000,0.000000000000000
-37.781585693399997,174.904571532999995,1.583567142490000,1.820181488990000,1.960469961170000,-1.947888731960000,0.000000000000000
-37.781543731699998,174.904174804999997,1.584707260130000,1.821428060530000,1.961681723590000,-1.950303792950000,0.000000000000000
-37.781501769999998,174.903778076000009,1.584992766380000,1.821886301040000,1.962007164960000,-1.950527668000000,0.000000000000000
-37.781459808299999,174.903381348000011,1.584392309190000,1.821038007740000,1.960901856420000,-1.948002099990000,0.000000000000000
-37.781417846700002,174.902984618999994,1.584907054900000,1.821838974950000,1.961654663090000,-1.949654579160000,0.000000000000000
-37.781375885000003,174.902572631999988,1.585111856460000,1.821587324140000,1.961193561550000,-1.948683023450000,0.000000000000000
-37.780910491900002,174.902023315000008,1.585407733920000,1.822592735290000,1.962156534190000,-1.950233817100000,0.000000000000000
-37.780822753899997,174.901702881000006,1.585233688350000,1.822480916980000,1.961936712270000,-1.950204133990000,0.000000000000000
-37.780910491900002,174.901382446000014,1.585397362710000,1.822749853130000,1.962136387830000,-1.950907945630000,0.000000000000000
-37.780998230000002,174.900939940999990,1.585518956180000,1.822867274280000,1.962248563770000,-1.951092839240000,0.000000000000000
-37.780918121299997,174.900482178000004,1.585837006570000,1.823169231410000,1.962507009510000,-1.951051950450000,0.000000000000000
-37.781322479200000,174.902160645000009,1.585231900220000,1.822309970860000,1.961862564090000,-1.950207471850000,0.000000000000000
-37.793037414600001,174.918640137000011,1.585385203360000,1.824487447740000,1.963217496870000,-1.961812734600000,0.000000000000000
-37.793537139900003,174.919128418000014,1.584669113160000,1.823190212250000,1.961941599850000,-1.959879398350000,0.000000000000000
-37.793025970499997,174.917984009000008,1.585583686830000,1.824666500090000,1.963421583180000,-1.961840271950000,0.000000000000000
-37.792819976799997,174.917282104000009,1.585965275760000,1.825100064280000,1.963861703870000,-1.962018966670000,0.000000000000000
-37.791938781699997,174.914810181000007,1.586324691770000,1.825503945350000,1.964273571970000,-1.961994290350000,0.000000000000000
-37.792301178000002,174.915267943999993,1.586274385450000,1.825447082520000,1.964213728900000,-1.961973547940000,0.000000000000000
-37.792766571000001,174.916458129999995,1.586009979250000,1.825155019760000,1.963909745220000,-1.961848616600000,0.000000000000000
-37.792877197300001,174.915695190000008,1.586122393610000,1.825270771980000,1.964018106460000,-1.961917996410000,0.000000000000000
-37.791324615500002,174.911987304999997,1.585945487020000,1.825212717060000,1.963913559910000,-1.961821436880000,0.000000000000000
-37.791477203399999,174.911544800000001,1.585662603380000,1.824914693830000,1.963599681850000,-1.961669325830000,0.000000000000000
-37.791591644299999,174.913467407000013,1.586211919780000,1.825439214710000,1.964175701140000,-1.961909651760000,0.000000000000000
-37.791427612299998,174.912780762000011,1.586082100870000,1.825353622440000,1.964069128040000,-1.961862683300000,0.000000000000000
-37.791645050000000,174.913116454999994,1.586113810540000,1.825377106670000,1.964107871060000,-1.961978197100000,0.000000000000000
-37.791843414299997,174.913818359000004,1.586179614070000,1.825406312940000,1.964141368870000,-1.961866855620000,0.000000000000000
-37.791961669899997,174.914306640999996,1.586253166200000,1.825491309170000,1.964238166810000,-1.961974024770000,0.000000000000000
-37.791618347200000,174.912353515999996,1.585886359210000,1.825144767760000,1.963844895360000,-1.961793303490000,0.000000000000000
-37.791206359900002,174.911117553999986,1.585699677470000,1.824947118760000,1.963629603390000,-1.961722731590000,0.000000000000000
-37.791175842299999,174.910598754999995,1.585681080820000,1.824966907500000,1.963656306270000,-1.962024807930000,0.000000000000000
-37.790237426799997,174.911392212000010,1.586562395100000,1.825787782670000,1.964492678640000,-1.962097525600000,0.000000000000000
-37.789775848399998,174.911560059000010,1.586841344830000,1.826105833050000,1.964819431300000,-1.962180137630000,0.000000000000000
-37.790775299099998,174.910827637000011,1.585921049120000,1.825196504590000,1.963901281360000,-1.961949110030000,0.000000000000000
-37.790382385299999,174.910980225000003,1.586351871490000,1.825575709340000,1.964272975920000,-1.962062120440000,0.000000000000000
-37.788864135700003,174.911468506000006,1.586564421650000,1.825353264810000,1.964151263240000,-1.959447264670000,0.000000000000000
-37.789402008099998,174.911300659000005,1.586879730220000,1.826146245000000,1.964838981630000,-1.962026596070000,0.000000000000000
-37.782146453899998,174.906326293999996,1.581847310070000,1.818258404730000,1.958829164510000,-1.946509718890000,0.000000000000000
-37.782100677499997,174.905929565000008,1.582724332810000,1.819295525550000,1.959921121600000,-1.948404550550000,0.000000000000000
-37.783981323200003,174.907287598000011,1.579737186430000,1.815636515620000,1.956028103830000,-1.943266987800000,0.000000000000000
-37.783615112299998,174.907089232999994,1.582530498500000,1.819352030750000,1.959900021550000,-1.950783252720000,0.000000000000000
-37.783256530800003,174.906890868999994,1.583088278770000,1.820172309880000,1.960774660110000,-1.952335238460000,0.000000000000000
-37.782890319800003,174.906692504999995,1.582855224610000,1.820095300670000,1.960751056670000,-1.951799273490000,0.000000000000000
-37.782520294199998,174.906509398999987,1.582957744600000,1.819763302800000,1.960447907450000,-1.950355529790000,0.000000000000000
-37.782058715799998,174.905532837000010,1.583672046660000,1.820551753040000,1.961231112480000,-1.950785756110000,0.000000000000000
-37.782012939500000,174.905136107999994,1.584306955340000,1.821316003800000,1.961966514590000,-1.951877832410000,0.000000000000000
-37.781970977800000,174.904739379999995,1.584886670110000,1.822276830670000,1.962897658350000,-1.953649520870000,0.000000000000000
-37.781932830800002,174.904357909999987,1.585429668430000,1.822502613070000,1.963011145590000,-1.953634142880000,0.000000000000000
-37.781890869100003,174.903945923000009,1.584365487100000,1.821304321290000,1.961488008500000,-1.950100660320000,0.000000000000000
-37.781852722200000,174.903549193999993,1.584198474880000,1.820876836780000,1.960831165310000,-1.948528409000000,0.000000000000000
-37.781814575200002,174.903152465999995,1.584520578380000,1.821548104290000,1.961413383480000,-1.949811339380000,0.000000000000000
-37.781776428199997,174.902755737000007,1.585152149200000,1.821860075000000,1.961618781090000,-1.949916124340000,0.000000000000000
-37.781734466600000,174.902343750000000,1.585153102870000,1.822111129760000,1.961738467220000,-1.950416922570000,0.000000000000000
-37.781242370599998,174.901718140000014,1.585541009900000,1.822838783260000,1.962352395060000,-1.950920939450000,0.000000000000000
-37.781333923299997,174.901260376000010,1.585336446760000,1.822638273240000,1.962043643000000,-1.950506806370000,0.000000000000000
-37.781429290799998,174.900939940999990,1.585514783860000,1.822890996930000,1.962261438370000,-1.950960636140000,0.000000000000000
-37.781345367400000,174.900619506999988,1.585542798040000,1.822857856750000,1.962190151210000,-1.950620174410000,0.000000000000000
-37.781303405800003,174.900222778000000,1.585664749150000,1.822926163670000,1.962235450740000,-1.950518608090000,0.000000000000000
-37.781311035199998,174.899795532000013,1.585525035860000,1.822847008710000,1.962165713310000,-1.949468731880000,0.000000000000000
-37.781700134300003,174.901931762999993,1.584653139110000,1.821719169620000,1.961145877840000,-1.949247598650000,0.000000000000000
-37.793640136699999,174.918334960999999,1.585284471510000,1.824251890180000,1.962992310520000,-1.961213469510000,0.000000000000000
-37.793548584000000,174.917510985999996,1.585754871370000,1.824883818630000,1.963628649710000,-1.962017536160000,0.000000000000000
-37.793346405000001,174.916839600000003,1.586024880410000,1.825157761570000,1.963912963870000,-1.962165474890000,0.000000000000000
-37.792430877699999,174.914596558000000,1.586154222490000,1.825363397600000,1.964106678960000,-1.961961269380000,0.000000000000000
-37.792938232399997,174.915008545000006,1.586026549340000,1.825157403950000,1.963911890980000,-1.962059497830000,0.000000000000000
-37.793560028100003,174.916107178000004,1.585878849030000,1.825018048290000,1.963784098630000,-1.962124466900000,0.000000000000000
-37.793418884300003,174.915390015000014,1.585772871970000,1.824896574020000,1.963628172870000,-1.961822152140000,0.000000000000000
-37.791637420699999,174.911193848000011,1.585485339160000,1.824727773670000,1.963400244710000,-1.961631536480000,0.000000000000000
-37.791778564500000,174.911895751999992,1.585631012920000,1.824847102170000,1.963528990750000,-1.961603760720000,0.000000000000000
-37.791889190699997,174.911468506000006,1.585406661030000,1.824604988100000,1.963276982310000,-1.961549520490000,0.000000000000000
-37.792076110799997,174.913314818999993,1.585920810700000,1.825077176090000,1.963802695270000,-1.961779832840000,0.000000000000000
-37.791900634800001,174.912765503000003,1.585865974430000,1.825127959250000,1.963838577270000,-1.961831092830000,0.000000000000000
-37.792430877699999,174.913909912000008,1.586023092270000,1.825163006780000,1.963905692100000,-1.961966991420000,0.000000000000000
-37.792621612500000,174.913345337000010,1.585683822630000,1.824863433840000,1.963574051860000,-1.961742639540000,0.000000000000000
-37.792121887199997,174.912261962999992,1.585581302640000,1.824768900870000,1.963459849360000,-1.961619257930000,0.000000000000000
-37.791645050000000,174.910766601999995,1.585292339320000,1.824542522430000,1.963212251660000,-1.961652159690000,0.000000000000000
-37.791511535600002,174.910293579000012,1.585186243060000,1.824453353880000,1.963127374650000,-1.961736798290000,0.000000000000000
-37.790817260700003,174.910430907999995,1.585923790930000,1.825212001800000,1.963913440700000,-1.962204933170000,0.000000000000000
-37.791095733600002,174.910171509000008,1.585401296620000,1.824692368510000,1.963378310200000,-1.961821198460000,0.000000000000000
-37.789844512899997,174.910919188999998,1.586587548260000,1.825831055640000,1.964555859570000,-1.962176561360000,0.000000000000000
-37.790367126500001,174.910507201999991,1.586288213730000,1.825569987300000,1.964282751080000,-1.962345480920000,0.000000000000000
-37.789184570300002,174.910797118999994,1.586634874340000,1.825847506520000,1.964557051660000,-1.961696743970000,0.000000000000000
-37.789546966600000,174.910552978999988,1.586559295650000,1.825830459590000,1.964552760120000,-1.962253093720000,0.000000000000000
-37.782478332499998,174.906112670999988,1.583390951160000,1.820723652840000,1.961493492130000,-1.952247381210000,0.000000000000000
-37.782436370799999,174.905715942000000,1.584039926530000,1.821575880050000,1.962382793430000,-1.953755736350000,0.000000000000000
-37.784698486300002,174.907287598000011,1.574826717380000,1.806666612630000,1.946574091910000,-1.926585793500000,0.000000000000000
-37.784328460700003,174.907089232999994,1.581542253490000,1.818407535550000,1.958809494970000,-1.949575185780000,0.000000000000000
-37.783958435099997,174.906875609999986,1.583016514780000,1.820202231410000,1.960667610170000,-1.953267216680000,0.000000000000000
-37.783592224099998,174.906677245999987,1.583531975750000,1.820623993870000,1.961189508440000,-1.953685522080000,0.000000000000000
-37.783226013200000,174.906478881999988,1.583680152890000,1.820916891100000,1.961602091790000,-1.953922271730000,0.000000000000000
-37.782852172900000,174.906295776000007,1.583653092380000,1.820892810820000,1.961629748340000,-1.953290820120000,0.000000000000000
-37.782398223900003,174.905319214000002,1.584773898120000,1.822125673290000,1.962911844250000,-1.954573988910000,0.000000000000000
-37.782356262199997,174.904922484999986,1.585160970690000,1.822718262670000,1.963464617730000,-1.955513715740000,0.000000000000000
-37.782318115199999,174.904525756999988,1.585388898850000,1.822388529780000,1.962967634200000,-1.954127907750000,0.000000000000000
-37.782279968300003,174.904129028000000,1.585365414620000,1.822422862050000,1.962875723840000,-1.953764438630000,0.000000000000000
-37.782241821299998,174.903732300000001,1.585499048230000,1.822779774670000,1.963135838510000,-1.954359054570000,0.000000000000000
-37.782203674300000,174.903335571000014,1.585453152660000,1.822782039640000,1.962967276570000,-1.953726887700000,0.000000000000000
-37.782169342000003,174.902923584000007,1.585346937180000,1.822418332100000,1.962368369100000,-1.952130317690000,0.000000000000000
-37.782138824500002,174.902526854999991,1.585446596150000,1.822659134860000,1.962468624110000,-1.952398777010000,0.000000000000000
-37.782108306900000,174.902114868000012,1.585026264190000,1.822144985200000,1.961738586430000,-1.950692772870000,0.000000000000000
-37.781696319600002,174.901504517000006,1.585257053380000,1.822559714320000,1.961990118030000,-1.950939893720000,0.000000000000000
-37.781730651899998,174.901107787999990,1.585311532020000,1.822635293010000,1.962007164960000,-1.950910925870000,0.000000000000000
-37.781730651899998,174.900756835999999,1.585389852520000,1.822681069370000,1.962041735650000,-1.950669169430000,0.000000000000000
-37.781700134300003,174.900375365999992,1.585604429240000,1.822890758510000,1.962221860890000,-1.950700163840000,0.000000000000000
-37.781684875499998,174.899993896000012,1.585526108740000,1.822738051410000,1.962054252620000,-1.950110673900000,0.000000000000000
-37.781684875499998,174.899658203000001,1.584719419480000,1.820650577550000,1.959952592850000,-1.944818139080000,0.000000000000000
-37.782093048100002,174.901702881000006,1.584545969960000,1.821597576140000,1.961008191110000,-1.949321627620000,0.000000000000000
-37.794429779100000,174.917816162000008,1.580370187760000,1.814731955530000,1.953216671940000,-1.941152572630000,0.000000000000000
-37.794036865199999,174.916854857999994,1.584859490390000,1.823008418080000,1.961779117580000,-1.958036184310000,0.000000000000000
-37.794326782200002,174.916152954000012,1.582192063330000,1.817609786990000,1.956190109250000,-1.946721553800000,0.000000000000000
-37.793018341100002,174.914321898999987,1.585784077640000,1.824903607370000,1.963616728780000,-1.961663961410000,0.000000000000000
-37.793579101600002,174.914764404000010,1.585647940640000,1.824744105340000,1.963474869730000,-1.961942315100000,0.000000000000000
-37.794147491499999,174.915374756000006,1.585762500760000,1.824879169460000,1.963599443440000,-1.962172150610000,0.000000000000000
-37.791973114000001,174.911071776999989,1.585176348690000,1.824360966680000,1.963020563130000,-1.961450815200000,0.000000000000000
-37.792240142799997,174.911743164000001,1.585342407230000,1.824531793590000,1.963201403620000,-1.961529970170000,0.000000000000000
-37.792240142799997,174.911331176999994,1.585205554960000,1.824401736260000,1.963056087490000,-1.961481332780000,0.000000000000000
-37.792510986300002,174.912765503000003,1.585623741150000,1.824831604960000,1.963527560230000,-1.961773037910000,0.000000000000000
-37.793071746800003,174.913635254000013,1.585513949390000,1.824593901630000,1.963301420210000,-1.961674571040000,0.000000000000000
-37.793010711699999,174.913085937999995,1.585471987720000,1.824640512470000,1.963328599930000,-1.961724877360000,0.000000000000000
-37.792678832999997,174.912094115999992,1.585290789600000,1.824429869650000,1.963094353680000,-1.961482524870000,0.000000000000000
-37.791946411100000,174.910369873000008,1.584923744200000,1.824146270750000,1.962803483010000,-1.961578607560000,0.000000000000000
-37.792064666700000,174.910736084000007,1.584987878800000,1.824172258380000,1.962826251980000,-1.961465477940000,0.000000000000000
-37.791816711400003,174.909957886000001,1.584884405140000,1.824140071870000,1.962801337240000,-1.961776018140000,0.000000000000000
-37.791397094700002,174.909866332999997,1.585173368450000,1.824476480480000,1.963155865670000,-1.961988091470000,0.000000000000000
-37.790683746299997,174.910079956000004,1.585852861400000,1.825141668320000,1.963844418530000,-1.962174177170000,0.000000000000000
-37.790992736800000,174.909759521000012,1.585339188580000,1.824635505680000,1.963323116300000,-1.961950659750000,0.000000000000000
-37.790233612100003,174.909957886000001,1.586097478870000,1.825388193130000,1.964103937150000,-1.962263107300000,0.000000000000000
-37.789844512899997,174.910308837999992,1.586505770680000,1.825804352760000,1.964532494540000,-1.962442755700000,0.000000000000000
-37.789314269999998,174.910156250000000,1.586214065550000,1.825533270840000,1.964297294620000,-1.962023735050000,0.000000000000000
-37.788875579799999,174.909866332999997,1.583718895910000,1.820616841320000,1.959336876870000,-1.951692938800000,0.000000000000000
-37.782817840600003,174.905899048000009,1.584221005440000,1.821761488910000,1.962572574620000,-1.954969882970000,0.000000000000000
-37.782779693599998,174.905502318999993,1.584722876550000,1.822307229040000,1.963139057160000,-1.955888748170000,0.000000000000000
-37.785037994400000,174.907073975000003,1.577195644380000,1.811867237090000,1.951916456220000,-1.937599897380000,0.000000000000000
-37.784671783400000,174.906875609999986,1.582479715350000,1.819946050640000,1.960199117660000,-1.953687191010000,0.000000000000000
-37.784305572500003,174.906677245999987,1.582800388340000,1.820386767390000,1.960757732390000,-1.954182982440000,0.000000000000000
-37.783935546899997,174.906463623000008,1.583138108250000,1.820474982260000,1.960931301120000,-1.953704714780000,0.000000000000000
-37.783565521200003,174.906280517999988,1.583725333210000,1.821003079410000,1.961599826810000,-1.954375267030000,0.000000000000000
-37.783191680900003,174.906082153000000,1.584041714670000,1.821369409560000,1.962097287180000,-1.954715490340000,0.000000000000000
-37.782741546600001,174.905105590999995,1.585167050360000,1.822767376900000,1.963577508930000,-1.956542611120000,0.000000000000000
-37.782703399699997,174.904708862000007,1.585422158240000,1.822928428650000,1.963655710220000,-1.956441044810000,0.000000000000000
-37.782665252699999,174.904312134000008,1.585651755330000,1.823145270350000,1.963774681090000,-1.956524610520000,0.000000000000000
-37.782627105700001,174.903915404999992,1.585942506790000,1.823564529420000,1.964106321330000,-1.956767320630000,0.000000000000000
-37.782592773399998,174.903503418000014,1.585953712460000,1.823444366460000,1.963818073270000,-1.955872297290000,0.000000000000000
-37.782562255899997,174.903106688999998,1.586028099060000,1.823404431340000,1.963611602780000,-1.955217957500000,0.000000000000000
-37.782531738300001,174.902709960999999,1.585611701010000,1.823207259180000,1.963213324550000,-1.954426288600000,0.000000000000000
-37.782505035400000,174.902297973999993,1.585192918780000,1.822393894200000,1.962116479870000,-1.951858282090000,0.000000000000000
-37.782482147200000,174.901901245000005,1.584761619570000,1.821884512900000,1.961418151860000,-1.950384736060000,0.000000000000000
-37.782089233400001,174.901306151999989,1.584813952450000,1.821938157080000,1.961317300800000,-1.949575185780000,0.000000000000000
-37.782093048100002,174.900924683000000,1.585080266000000,1.822278380390000,1.961628794670000,-1.949966549870000,0.000000000000000
-37.782081603999998,174.900543212999992,1.585231065750000,1.822420716290000,1.961729526520000,-1.950106382370000,0.000000000000000
-37.782062530499999,174.900146484000004,1.585275411610000,1.822413921360000,1.961658835410000,-1.949544429780000,0.000000000000000
-37.782035827599998,174.899780273000005,1.585365653040000,1.822509646420000,1.961753726010000,-1.949542284010000,0.000000000000000
-37.781963348399998,174.899414062000005,1.581325411800000,1.814789056780000,1.953860998150000,-1.933155655860000,0.000000000000000
-37.782470703100003,174.901489257999998,1.584485173230000,1.821554660800000,1.960932612420000,-1.949340224270000,0.000000000000000
-37.795017242400000,174.916687012000011,1.579208850860000,1.812996149060000,1.951399445530000,-1.937619686130000,0.000000000000000
-37.794879913300001,174.915756226000013,1.582572579380000,1.818133831020000,1.956761717800000,-1.948038458820000,0.000000000000000
-37.793670654300001,174.914001465000013,1.585568904880000,1.824695467950000,1.963399887080000,-1.961935877800000,0.000000000000000
-37.794284820599998,174.914474487000007,1.585429072380000,1.824500799180000,1.963204860690000,-1.961829900740000,0.000000000000000
-37.794979095499997,174.914947509999990,1.579707741740000,1.813953876500000,1.952419996260000,-1.940097332000000,0.000000000000000
-37.792373657200002,174.910964965999995,1.584892988200000,1.824022412300000,1.962667942050000,-1.961323142050000,0.000000000000000
-37.792728424099998,174.911392212000010,1.584918260570000,1.823992371560000,1.962638616560000,-1.961301445960000,0.000000000000000
-37.793178558299999,174.912536620999987,1.585142850880000,1.824203372000000,1.962872266770000,-1.961422562600000,0.000000000000000
-37.793674469000003,174.913146973000011,1.585243582730000,1.824292778970000,1.962967991830000,-1.961549401280000,0.000000000000000
-37.793308258099998,174.911834717000005,1.584967970850000,1.824087142940000,1.962731957440000,-1.961464881900000,0.000000000000000
-37.792259216300003,174.910018920999988,1.584551215170000,1.823730587960000,1.962373614310000,-1.961487889290000,0.000000000000000
-37.792388916000000,174.910476684999992,1.584704160690000,1.823895692830000,1.962537169460000,-1.961497187610000,0.000000000000000
-37.792095184300003,174.909622192000000,1.584474325180000,1.823675632480000,1.962322354320000,-1.961589813230000,0.000000000000000
-37.791690826400000,174.909545898000005,1.584721922870000,1.823945522310000,1.962605476380000,-1.961687564850000,0.000000000000000
-37.791290283199999,174.909454345999990,1.585014581680000,1.824280500410000,1.962951302530000,-1.961875081060000,0.000000000000000
-37.790584564200003,174.909637451000009,1.585622549060000,1.824881553650000,1.963569045070000,-1.961947441100000,0.000000000000000
-37.790897369400000,174.909347534000005,1.585174322130000,1.824427723880000,1.963111519810000,-1.961824893950000,0.000000000000000
-37.790176391599999,174.909469604000009,1.585705280300000,1.824978947640000,1.963679909710000,-1.961851120000000,0.000000000000000
-37.789760589600000,174.909759521000012,1.586337327960000,1.825607895850000,1.964331626890000,-1.962390065190000,0.000000000000000
-37.789222717299999,174.909469604000009,1.585885643960000,1.825066089630000,1.963807106020000,-1.961611747740000,0.000000000000000
-37.788913726799997,174.909072876000010,1.584349393840000,1.822586178780000,1.961440920830000,-1.957240700720000,0.000000000000000
-37.783157348600000,174.905685425000001,1.584564208980000,1.822016119960000,1.962789654730000,-1.955910921100000,0.000000000000000
-37.783119201700003,174.905288696000014,1.585053205490000,1.822603821750000,1.963391304020000,-1.956952214240000,0.000000000000000
-37.785720825200002,174.907043456999986,1.575534582140000,1.809183716770000,1.948877453800000,-1.933562636380000,0.000000000000000
-37.785369873000000,174.906860351999995,1.580255031590000,1.817367434500000,1.957454562190000,-1.949547290800000,0.000000000000000
-37.785015106199999,174.906661987000007,1.582087278370000,1.819594264030000,1.959750652310000,-1.953896284100000,0.000000000000000
-37.784652710000003,174.906463623000008,1.582661151890000,1.820246458050000,1.960466861720000,-1.954128146170000,0.000000000000000
-37.784282684300003,174.906265259000008,1.583135604860000,1.820711374280000,1.961081624030000,-1.954734802250000,0.000000000000000
-37.783908844000003,174.906066895000009,1.583358287810000,1.820989251140000,1.961478948590000,-1.954753041270000,0.000000000000000
-37.783531189000001,174.905868529999992,1.584056615830000,1.821556210520000,1.962202787400000,-1.955489039420000,0.000000000000000
-37.783084869400000,174.904891967999987,1.585200548170000,1.822883725170000,1.963620305060000,-1.957178592680000,0.000000000000000
-37.783046722400002,174.904479979999991,1.585382103920000,1.823194622990000,1.963861703870000,-1.957377552990000,0.000000000000000
-37.783012390099998,174.904083251999992,1.585438013080000,1.823314547540000,1.963871598240000,-1.957108378410000,0.000000000000000
-37.782978057900003,174.903686523000005,1.585722088810000,1.823519587520000,1.963955640790000,-1.956999063490000,0.000000000000000
-37.782947540300000,174.903289795000006,1.586020231250000,1.823772668840000,1.964089274410000,-1.957015395160000,0.000000000000000
-37.782917022699998,174.902877808000000,1.585965037350000,1.823734998700000,1.963886380200000,-1.956345796590000,0.000000000000000
-37.782894134499998,174.902481079000012,1.585516691210000,1.822913169860000,1.962804436680000,-1.953712463380000,0.000000000000000
-37.782871246299997,174.902069092000005,1.584980964660000,1.822199583050000,1.961854815480000,-1.951693058010000,0.000000000000000
-37.782855987500000,174.901672362999989,1.584854006770000,1.822063326840000,1.961575150490000,-1.950922131540000,0.000000000000000
-37.782466888400002,174.901092529000010,1.584598302840000,1.821679472920000,1.960997462270000,-1.949360251430000,0.000000000000000
-37.782459258999999,174.900695801000012,1.584848403930000,1.821934223180000,1.961221337320000,-1.949306011200000,0.000000000000000
-37.782447814900003,174.900314331000004,1.585063099860000,1.822174549100000,1.961465358730000,-1.949575066570000,0.000000000000000
-37.782428741499999,174.899917603000006,1.585350036620000,1.822498202320000,1.961777806280000,-1.949856281280000,0.000000000000000
-37.782394409200002,174.899536132999998,1.583530783650000,1.819106578830000,1.958343148230000,-1.942106366160000,0.000000000000000
-37.782844543499998,174.901275634999990,1.584205985070000,1.821185112000000,1.960498809810000,-1.948403596880000,0.000000000000000
-37.794399261499997,174.913650512999993,1.585160136220000,1.824205636980000,1.962894558910000,-1.961884856220000,0.000000000000000
-37.794933319099997,174.914154053000004,1.584169030190000,1.822026848790000,1.960746884350000,-1.956380486490000,0.000000000000000
-37.795696258500001,174.914337157999995,1.577759385110000,1.810657382010000,1.948943734170000,-1.933973312380000,0.000000000000000
-37.792858123800002,174.910736084000007,1.584532141690000,1.823640942570000,1.962267041210000,-1.961251616480000,0.000000000000000
-37.793392181400002,174.911117553999986,1.584503412250000,1.823585033420000,1.962199211120000,-1.961275696750000,0.000000000000000
-37.793880462600001,174.912292479999991,1.584966301920000,1.824122786520000,1.962755203250000,-1.961617231370000,0.000000000000000
-37.794521331799999,174.912796020999991,1.584936618800000,1.823970675470000,1.962637186050000,-1.961690068240000,0.000000000000000
-37.793987274199999,174.911529540999993,1.584515213970000,1.823473811150000,1.962100505830000,-1.961280941960000,0.000000000000000
-37.792480468800001,174.909652709999989,1.584235429760000,1.823440432550000,1.962063193320000,-1.961517214780000,0.000000000000000
-37.792823791499998,174.910049437999987,1.584198832510000,1.823359370230000,1.961972117420000,-1.961315631870000,0.000000000000000
-37.792358398399998,174.909286498999990,1.584200620650000,1.823349356650000,1.961973786350000,-1.961548447610000,0.000000000000000
-37.791961669899997,174.909240723000011,1.584440112110000,1.823606967930000,1.962242484090000,-1.961627244950000,0.000000000000000
-37.791580200200002,174.909149170000006,1.584627628330000,1.823803663250000,1.962454438210000,-1.961652278900000,0.000000000000000
-37.791191101099997,174.909057617000002,1.584836363790000,1.824044227600000,1.962699294090000,-1.961710095410000,0.000000000000000
-37.790515899699997,174.909225464000002,1.585392951970000,1.824644327160000,1.963326573370000,-1.961855888370000,0.000000000000000
-37.790191650399997,174.909088134999990,1.585343480110000,1.824544072150000,1.963227272030000,-1.961460351940000,0.000000000000000
-37.790809631300000,174.908950806000007,1.584933161740000,1.824134469030000,1.962793469430000,-1.961511611940000,0.000000000000000
-37.789768219000003,174.909149170000006,1.585765004160000,1.824969410900000,1.963667750360000,-1.961681127550000,0.000000000000000
-37.789287567099997,174.908889770999991,1.585413575170000,1.824561476710000,1.963256835940000,-1.961145639420000,0.000000000000000
-37.788898467999999,174.908645629999995,1.583492517470000,1.821402549740000,1.960231661800000,-1.955193877220000,0.000000000000000
-37.788505554200000,174.908432006999988,1.581393837930000,1.817229866980000,1.956045269970000,-1.947337150570000,0.000000000000000
-37.788116455100003,174.908218384000008,1.576671600340000,1.809290051460000,1.947871446610000,-1.931976675990000,0.000000000000000
-37.783500671399999,174.905471801999994,1.584281802180000,1.821978807450000,1.962623238560000,-1.956179022790000,0.000000000000000
-37.783466339100002,174.905059813999998,1.584391593930000,1.822177767750000,1.962768793110000,-1.956229448320000,0.000000000000000
-37.786022186300002,174.906829834000007,1.579016327860000,1.815703630450000,1.955463290210000,-1.947295427320000,0.000000000000000
-37.785682678199997,174.906661987000007,1.581411242490000,1.818795084950000,1.958735704420000,-1.953732967380000,0.000000000000000
-37.785354614299997,174.906478881999988,1.581615209580000,1.819320678710000,1.959364652630000,-1.954063177110000,0.000000000000000
-37.785636901899998,174.906341553000004,1.581813931470000,1.819052457810000,1.958969473840000,-1.954103708270000,0.000000000000000
-37.785007476799997,174.906265259000008,1.582247495650000,1.819762825970000,1.959903597830000,-1.954085588460000,0.000000000000000
-37.784633636499997,174.906051636000001,1.582866787910000,1.820379853250000,1.960591673850000,-1.954350113870000,0.000000000000000
-37.784255981400001,174.905853271000012,1.583232164380000,1.820853948590000,1.961190342900000,-1.954792380330000,0.000000000000000
-37.783878326400000,174.905654907000013,1.583602190020000,1.821298718450000,1.961766242980000,-1.955159425740000,0.000000000000000
-37.783428192099997,174.904663085999999,1.584640502930000,1.822470068930000,1.963011145590000,-1.956517457960000,0.000000000000000
-37.783397674600003,174.904266357000012,1.584887504580000,1.822895526890000,1.963387727740000,-1.956976175310000,0.000000000000000
-37.783363342299999,174.903869629000013,1.585319042210000,1.823261976240000,1.963681221010000,-1.957329630850000,0.000000000000000
-37.783332824699997,174.903457642000006,1.585505008700000,1.823384642600000,1.963669538500000,-1.956870317460000,0.000000000000000
-37.783302307100001,174.903060912999990,1.585521221160000,1.823344826700000,1.963473320010000,-1.956092476840000,0.000000000000000
-37.783279418900001,174.902648926000012,1.585668206210000,1.823287963870000,1.963246822360000,-1.955280184750000,0.000000000000000
-37.783256530800003,174.902252196999996,1.585763931270000,1.823128700260000,1.962932348250000,-1.954555630680000,0.000000000000000
-37.783237457299997,174.901855468999997,1.585175514220000,1.822510123250000,1.962102770810000,-1.952326536180000,0.000000000000000
-37.783222198499999,174.901443481000001,1.584528923030000,1.821733951570000,1.961123824120000,-1.950268745420000,0.000000000000000
-37.782836914100002,174.900878906000003,1.584424734120000,1.821374297140000,1.960649132730000,-1.948377013210000,0.000000000000000
-37.782829284700000,174.900482178000004,1.584666728970000,1.821640968320000,1.960870742800000,-1.948580861090000,0.000000000000000
-37.782817840600003,174.900085448999988,1.584808349610000,1.821767210960000,1.960965871810000,-1.948542237280000,0.000000000000000
-37.782802581799999,174.899673462000010,1.584666967390000,1.821117758750000,1.960349082950000,-1.946467876430000,0.000000000000000
-37.783214569099997,174.901046753000003,1.584439396860000,1.821571111680000,1.960852265360000,-1.949380636220000,0.000000000000000
-37.795318603500000,174.913345337000010,1.583118081090000,1.820275425910000,1.958932280540000,-1.953709125520000,0.000000000000000
-37.793445587199997,174.910400390999996,1.584080934520000,1.823138952260000,1.961733341220000,-1.961167812350000,0.000000000000000
-37.794044494600001,174.910781859999986,1.584058165550000,1.823028922080000,1.961633682250000,-1.961213946340000,0.000000000000000
-37.794624328600001,174.911956787000008,1.584612727170000,1.823593139650000,1.962223649020000,-1.961418509480000,0.000000000000000
-37.795227050800001,174.912414551000012,1.584333062170000,1.823413014410000,1.962055921550000,-1.961051225660000,0.000000000000000
-37.794670105000002,174.911178589000002,1.583975076680000,1.822862386700000,1.961466193200000,-1.961209058760000,0.000000000000000
-37.792877197300001,174.909332274999997,1.583778142930000,1.822885155680000,1.961485147480000,-1.961243510250000,0.000000000000000
-37.793472289999997,174.909683228000006,1.583464860920000,1.822395682330000,1.960987925530000,-1.960955262180000,0.000000000000000
-37.792541503899997,174.908889770999991,1.583721876140000,1.822808027270000,1.961398243900000,-1.961230635640000,0.000000000000000
-37.792186737100003,174.908966063999998,1.583931207660000,1.823026299480000,1.961631894110000,-1.961141347890000,0.000000000000000
-37.791866302499997,174.908859253000003,1.584202766420000,1.823301434520000,1.961923718450000,-1.961397290230000,0.000000000000000
-37.791477203399999,174.908752440999990,1.584325671200000,1.823435544970000,1.962059497830000,-1.961246967320000,0.000000000000000
-37.791095733600002,174.908660889000004,1.584525585170000,1.823656678200000,1.962290167810000,-1.961292266850000,0.000000000000000
-37.790439605700001,174.908828734999986,1.585016131400000,1.824194788930000,1.962858796120000,-1.961366653440000,0.000000000000000
-37.790065765400001,174.908752440999990,1.585097670560000,1.824207544330000,1.962872147560000,-1.961070895200000,0.000000000000000
-37.790718078600001,174.908554076999991,1.584640741350000,1.823767900470000,1.962401151660000,-1.961153149600000,0.000000000000000
-37.789665222200000,174.908615112000007,1.585202693940000,1.824255585670000,1.962950944900000,-1.960930109020000,0.000000000000000
-37.789268493700000,174.908401488999999,1.585050821300000,1.824002027510000,1.962722778320000,-1.960777282710000,0.000000000000000
-37.788867950399997,174.908187865999992,1.584513664250000,1.823082089420000,1.961887359620000,-1.959779143330000,0.000000000000000
-37.788467407200002,174.907989501999992,1.583240985870000,1.820882916450000,1.959795355800000,-1.955354571340000,0.000000000000000
-37.788089752200001,174.907791137999993,1.581266999240000,1.817819118500000,1.956777215000000,-1.949602365490000,0.000000000000000
-37.786373138400002,174.906982421999999,1.578659892080000,1.815004467960000,1.954553484920000,-1.945805549620000,0.000000000000000
-37.787765502900001,174.907608032000013,1.581408381460000,1.818294644360000,1.957335591320000,-1.950985550880000,0.000000000000000
-37.786746978799997,174.907089232999994,1.576518416400000,1.810918569560000,1.950210690500000,-1.938216686250000,0.000000000000000
-37.783843994100003,174.905258178999986,1.583784341810000,1.821569919590000,1.962006211280000,-1.955524444580000,0.000000000000000
-37.783809661900001,174.904846190999990,1.584205031390000,1.821894168850000,1.962294220920000,-1.955905318260000,0.000000000000000
-37.786293029799999,174.906631470000008,1.581275224690000,1.818676710130000,1.958241343500000,-1.954126238820000,0.000000000000000
-37.785987853999998,174.906402587999992,1.581313967700000,1.818681240080000,1.958437561990000,-1.954115748410000,0.000000000000000
-37.785762786900001,174.906112670999988,1.581680655480000,1.818961024280000,1.958803772930000,-1.954073548320000,0.000000000000000
-37.785400390600003,174.906066895000009,1.582306385040000,1.819658637050000,1.959625363350000,-1.954628944400000,0.000000000000000
-37.784988403299998,174.905838012999993,1.582351803780000,1.820131897930000,1.960230112080000,-1.954686999320000,0.000000000000000
-37.784603118900002,174.905639648000005,1.582872271540000,1.820542216300000,1.960733771320000,-1.954634666440000,0.000000000000000
-37.784225463900000,174.905441284000005,1.583379149440000,1.821084380150000,1.961393833160000,-1.955130457880000,0.000000000000000
-37.783779144299999,174.904449462999992,1.584423542020000,1.822194576260000,1.962551355360000,-1.956199049950000,0.000000000000000
-37.783744812000002,174.904037476000013,1.584688544270000,1.822517633440000,1.962802648540000,-1.956364154820000,0.000000000000000
-37.783714294399999,174.903640746999997,1.584819197650000,1.822649240490000,1.962828874590000,-1.956025362010000,0.000000000000000
-37.783687591600000,174.903228759999990,1.585160493850000,1.822899103160000,1.962963938710000,-1.955947875980000,0.000000000000000
-37.783660888699998,174.902832031000003,1.585268378260000,1.822783112530000,1.962680339810000,-1.954961061480000,0.000000000000000
-37.783638000499998,174.902435303000004,1.585236310960000,1.822472691540000,1.962184309960000,-1.953458786010000,0.000000000000000
-37.783618926999999,174.902023315000008,1.584920644760000,1.822275519370000,1.961828470230000,-1.952353954320000,0.000000000000000
-37.783603668200001,174.901626587000010,1.584497690200000,1.821778178220000,1.961178183560000,-1.950914740560000,0.000000000000000
-37.783592224099998,174.901214600000003,1.584350109100000,1.821543574330000,1.960823535920000,-1.949606060980000,0.000000000000000
-37.783206939700001,174.900650023999987,1.584377646450000,1.821453213690000,1.960670232770000,-1.948758363720000,0.000000000000000
-37.783203125000000,174.900253295999988,1.584609508510000,1.821694493290000,1.960905909540000,-1.948737025260000,0.000000000000000
-37.783199310299999,174.899841309000010,1.584823846820000,1.821929812430000,1.961127281190000,-1.949034810070000,0.000000000000000
-37.783584594700002,174.900817870999987,1.584161400790000,1.821265816690000,1.960466742520000,-1.948771357540000,0.000000000000000
-37.796192169199998,174.912460326999991,1.581410765650000,1.817165493970000,1.955697059630000,-1.948373079300000,0.000000000000000
-37.794082641599999,174.910049437999987,1.583291411400000,1.822154760360000,1.960740566250000,-1.960859537120000,0.000000000000000
-37.794685363799999,174.910430907999995,1.583297133450000,1.822169661520000,1.960759043690000,-1.961204051970000,0.000000000000000
-37.795471191399997,174.911529540999993,1.581633090970000,1.818398118020000,1.956979751590000,-1.951863288880000,0.000000000000000
-37.795215606699998,174.910781859999986,1.583210229870000,1.822132706640000,1.960705995560000,-1.960619688030000,0.000000000000000
-37.794105529799999,174.909317017000006,1.582672238350000,1.821684241290000,1.960239768030000,-1.960886359210000,0.000000000000000
-37.792980194099997,174.908706665000011,1.583214521410000,1.822212576870000,1.960769772530000,-1.960810542110000,0.000000000000000
-37.793495178199997,174.908996581999986,1.583152294160000,1.822165846820000,1.960745215420000,-1.961216092110000,0.000000000000000
-37.792903900100001,174.908233642999988,1.582813143730000,1.821726560590000,1.960258603100000,-1.960468888280000,0.000000000000000
-37.792621612500000,174.908508301000012,1.583536624910000,1.822561025620000,1.961115241050000,-1.961050748830000,0.000000000000000
-37.792213439900003,174.908569335999999,1.583748817440000,1.822779297830000,1.961368799210000,-1.961127042770000,0.000000000000000
-37.791770935099997,174.908462523999987,1.583947062490000,1.822982668880000,1.961577177050000,-1.961084365840000,0.000000000000000
-37.791374206500002,174.908355712999992,1.584051251410000,1.823095679280000,1.961693763730000,-1.960930347440000,0.000000000000000
-37.790992736800000,174.908264159999987,1.584207654000000,1.823272347450000,1.961874961850000,-1.960840225220000,0.000000000000000
-37.790344238300001,174.908447265999996,1.584737420080000,1.823818922040000,1.962468385700000,-1.961007475850000,0.000000000000000
-37.789981842000003,174.908340454000012,1.584827899930000,1.823838829990000,1.962507009510000,-1.960898756980000,0.000000000000000
-37.790618896500000,174.908172607000012,1.584399700160000,1.823454737660000,1.962074160580000,-1.960879564290000,0.000000000000000
-37.789630889900003,174.908172607000012,1.584829211240000,1.823712348940000,1.962411522870000,-1.960637807850000,0.000000000000000
-37.789257049600003,174.907897948999988,1.584509730340000,1.823215365410000,1.961953997610000,-1.960049510000000,0.000000000000000
-37.788810730000002,174.907714843999997,1.584162116050000,1.822633266450000,1.961449742320000,-1.959418416020000,0.000000000000000
-37.788410186800000,174.907546996999997,1.583800196650000,1.822156548500000,1.961024284360000,-1.958797931670000,0.000000000000000
-37.788024902300002,174.907363892000006,1.583232522010000,1.821356654170000,1.960294604300000,-1.957878112790000,0.000000000000000
-37.786628723100002,174.906707764000004,1.581160783770000,1.818622469900000,1.958172917370000,-1.954803466800000,0.000000000000000
-37.787609100300003,174.907241821000014,1.582727432250000,1.820634722710000,1.959735155110000,-1.957010746000000,0.000000000000000
-37.787162780800003,174.907165526999989,1.581399917600000,1.818987607960000,1.958151459690000,-1.954182267190000,0.000000000000000
-37.786975860600002,174.906814574999999,1.581447839740000,1.819050192830000,1.958182334900000,-1.954851269720000,0.000000000000000
-37.784191131599997,174.905029296999999,1.583640813830000,1.821298122410000,1.961548805240000,-1.955218315120000,0.000000000000000
-37.784156799300000,174.904632568000011,1.583807349210000,1.821611046790000,1.961821079250000,-1.955531716350000,0.000000000000000
-37.786453247099999,174.906280517999988,1.581459045410000,1.818974971770000,1.958381056790000,-1.954555749890000,0.000000000000000
-37.786067962600001,174.905990601000013,1.581352949140000,1.818667292590000,1.958359003070000,-1.954298019410000,0.000000000000000
-37.785717010500001,174.905792235999996,1.581804275510000,1.819091439250000,1.958883881570000,-1.953967809680000,0.000000000000000
-37.785339355500000,174.905609131000006,1.582611799240000,1.820045948030000,1.959916949270000,-1.954735398290000,0.000000000000000
-37.784954071000001,174.905410767000006,1.583075046540000,1.820497751240000,1.960508823390000,-1.954984784130000,0.000000000000000
-37.784572601299999,174.905227660999998,1.582959651950000,1.820716500280000,1.960863351820000,-1.954822421070000,0.000000000000000
-37.784126281699997,174.904220581000004,1.583932399750000,1.821848630910000,1.961989402770000,-1.955605387690000,0.000000000000000
-37.784095764200003,174.903823853000006,1.584389090540000,1.822123289110000,1.962183713910000,-1.955616474150000,0.000000000000000
-37.784065246600001,174.903411865000010,1.584577202800000,1.822298288350000,1.962261676790000,-1.955369234090000,0.000000000000000
-37.784038543699999,174.903015137000011,1.584875941280000,1.822333574300000,1.962163090710000,-1.954644918440000,0.000000000000000
-37.784015655499999,174.902603148999987,1.584848642350000,1.822115778920000,1.961783409120000,-1.953454732890000,0.000000000000000
-37.783996582000000,174.902206420999988,1.584408164020000,1.821738243100000,1.961242556570000,-1.951966881750000,0.000000000000000
-37.783977508500001,174.901794434000010,1.584232926370000,1.821536898610000,1.960898160930000,-1.950896620750000,0.000000000000000
-37.783966064500000,174.901382446000014,1.584185838700000,1.821459054950000,1.960723280910000,-1.950089335440000,0.000000000000000
-37.783958435099997,174.900985717999987,1.583943009380000,1.821121454240000,1.960312843320000,-1.949175477030000,0.000000000000000
-37.783580780000001,174.900421142999988,1.584474921230000,1.821589827540000,1.960777401920000,-1.948802828790000,0.000000000000000
-37.783580780000001,174.900024414000001,1.584604024890000,1.821697235110000,1.960858941080000,-1.948705554010000,0.000000000000000
-37.783588409399997,174.899612426999994,1.580800056460000,1.814538955690000,1.953571796420000,-1.932913541790000,0.000000000000000
-37.783954620400003,174.900588988999999,1.584290146830000,1.821455359460000,1.960633993150000,-1.949013590810000,0.000000000000000
-37.796497344999999,174.911300659000005,1.576877713200000,1.810427427290000,1.948677062990000,-1.936628341670000,0.000000000000000
-37.794746398900003,174.909683228000006,1.582725048070000,1.821831226350000,1.960377931590000,-1.961189031600000,0.000000000000000
-37.795356750499998,174.910125732000012,1.581392049790000,1.818964123730000,1.957528591160000,-1.954845547680000,0.000000000000000
-37.795886993400003,174.910675048999991,1.579763770100000,1.815283417700000,1.953716874120000,-1.946680307390000,0.000000000000000
-37.794784545900001,174.908828734999986,1.581964969640000,1.820921540260000,1.959412693980000,-1.960529208180000,0.000000000000000
-37.794067382800002,174.908615112000007,1.582295179370000,1.821214199070000,1.959717154500000,-1.960452795030000,0.000000000000000
-37.794498443599998,174.908279418999996,1.581588864330000,1.820447206500000,1.958910703660000,-1.960141777990000,0.000000000000000
-37.793460845900000,174.908294678000004,1.582460999490000,1.821330666540000,1.959838032720000,-1.960394382480000,0.000000000000000
-37.793144226099997,174.907897948999988,1.582494139670000,1.821346282960000,1.959817290310000,-1.960186481480000,0.000000000000000
-37.792747497599997,174.907821654999992,1.582656502720000,1.821528315540000,1.960005998610000,-1.960060358050000,0.000000000000000
-37.792472839399998,174.908157348999993,1.583308458330000,1.822298526760000,1.960821747780000,-1.960721731190000,0.000000000000000
-37.792045593300003,174.908126831000004,1.583417773250000,1.822385668750000,1.960928440090000,-1.960589051250000,0.000000000000000
-37.791645050000000,174.908050537000008,1.583555579190000,1.822530984880000,1.961083054540000,-1.960506439210000,0.000000000000000
-37.791263580299997,174.907974243000012,1.583734154700000,1.822708368300000,1.961275458340000,-1.960478663440000,0.000000000000000
-37.790893554699998,174.907897948999988,1.583920240400000,1.822867870330000,1.961455106740000,-1.960492491720000,0.000000000000000
-37.790248870799999,174.908065795999988,1.584522843360000,1.823551177980000,1.962185621260000,-1.960833191870000,0.000000000000000
-37.789924621600001,174.908004761000001,1.584581851960000,1.823473930360000,1.962145447730000,-1.960651516910000,0.000000000000000
-37.790519714399998,174.907775879000013,1.584093093870000,1.823036313060000,1.961635231970000,-1.960457086560000,0.000000000000000
-37.789676666299997,174.907775879000013,1.584304094310000,1.823075413700000,1.961767673490000,-1.960191607480000,0.000000000000000
-37.789436340300000,174.907546996999997,1.584056019780000,1.822640180590000,1.961373806000000,-1.959761142730000,0.000000000000000
-37.789115905800003,174.907440186000002,1.583929896350000,1.822424173360000,1.961209297180000,-1.959426641460000,0.000000000000000
-37.788734435999999,174.907287598000011,1.583769321440000,1.822123169900000,1.960986852650000,-1.958878993990000,0.000000000000000
-37.788341522200000,174.907104492000002,1.583658576010000,1.821873426440000,1.960764288900000,-1.958521723750000,0.000000000000000
-37.787929534900002,174.906921387000011,1.583051681520000,1.821135520940000,1.960112929340000,-1.957602024080000,0.000000000000000
-37.786926269500000,174.906448363999999,1.581676959990000,1.819483876230000,1.958733201030000,-1.955675601960000,0.000000000000000
-37.787418365500002,174.906692504999995,1.582576870920000,1.820460796360000,1.959539175030000,-1.956801891330000,0.000000000000000
-37.784538269000002,174.904815673999991,1.583084464070000,1.820996165280000,1.961068511010000,-1.954923868180000,0.000000000000000
-37.784507751500001,174.904403687000013,1.584016084670000,1.821462988850000,1.961460351940000,-1.955420851710000,0.000000000000000
-37.786834716800001,174.905990601000013,1.582170128820000,1.820007085800000,1.959270119670000,-1.955942869190000,0.000000000000000
-37.786430358899999,174.905792235999996,1.582034707070000,1.819675683980000,1.959005117420000,-1.955331802370000,0.000000000000000
-37.786052703899998,174.905578612999989,1.581536173820000,1.818929314610000,1.958551764490000,-1.954420924190000,0.000000000000000
-37.785678863500003,174.905380248999990,1.581988573070000,1.819267988200000,1.959022641180000,-1.953971624370000,0.000000000000000
-37.785301208500002,174.905197143999999,1.582800269130000,1.820241570470000,1.960036993030000,-1.954592823980000,0.000000000000000
-37.784919738799999,174.904998779000010,1.583291530610000,1.820730686190000,1.960674285890000,-1.955074071880000,0.000000000000000
-37.784473419199998,174.903991698999988,1.584107518200000,1.821540832520000,1.961455464360000,-1.954989790920000,0.000000000000000
-37.784446716300003,174.903594970999990,1.584323644640000,1.821813464160000,1.961655139920000,-1.954994916920000,0.000000000000000
-37.784416198700001,174.903182982999994,1.584345936780000,1.821819067000000,1.961557507510000,-1.954353451730000,0.000000000000000
-37.784393310500000,174.902786254999995,1.584328532220000,1.821751713750000,1.961380600930000,-1.953460931780000,0.000000000000000
-37.784370422400002,174.902374267999988,1.584457278250000,1.821782231330000,1.961301803590000,-1.952940344810000,0.000000000000000
-37.784351348900003,174.901962279999992,1.584042429920000,1.821389555930000,1.960752487180000,-1.951327204700000,0.000000000000000
-37.784339904799999,174.901565551999994,1.583796143530000,1.821082115170000,1.960320711140000,-1.950146079060000,0.000000000000000
-37.784328460700003,174.901153563999998,1.583922266960000,1.821225166320000,1.960406184200000,-1.950027346610000,0.000000000000000
-37.784320831300001,174.900741576999991,1.584118366240000,1.821418762210000,1.960573911670000,-1.949898719790000,0.000000000000000
-37.783954620400003,174.900177001999992,1.584312200550000,1.821520805360000,1.960684895520000,-1.949290871620000,0.000000000000000
-37.783958435099997,174.899795532000013,1.584690451620000,1.821889638900000,1.961088180540000,-1.949207425120000,0.000000000000000
-37.784324646000002,174.900344848999993,1.583991169930000,1.821236610410000,1.960369348530000,-1.949429750440000,0.000000000000000
-37.796649932900003,174.910430907999995,1.576260566710000,1.809737086300000,1.947965264320000,-1.935924172400000,0.000000000000000
-37.795478820800000,174.909332274999997,1.581631660460000,1.820344686510000,1.958884716030000,-1.958520531650000,0.000000000000000
-37.796131133999999,174.909835815000008,1.580615520480000,1.817610979080000,1.956087946890000,-1.952267527580000,0.000000000000000
-37.795013427699999,174.908111571999996,1.581380009650000,1.820113062860000,1.958510875700000,-1.959628343580000,0.000000000000000
-37.795570373499999,174.908523559999992,1.581476330760000,1.820208191870000,1.958607673650000,-1.959584951400000,0.000000000000000
-37.794063568100000,174.907989501999992,1.581702828410000,1.820492267610000,1.958960413930000,-1.960059285160000,0.000000000000000
-37.794563293499998,174.907821654999992,1.581308603290000,1.820045113560000,1.958425521850000,-1.959548354150000,0.000000000000000
-37.793563842799998,174.907608032000013,1.581697702410000,1.820437312130000,1.958854675290000,-1.959517121320000,0.000000000000000
-37.795005798299997,174.907394409000005,1.580945491790000,1.819430947300000,1.957717537880000,-1.958787441250000,0.000000000000000
-37.793048858600002,174.907501220999990,1.581923007970000,1.820682525630000,1.959130525590000,-1.959607362750000,0.000000000000000
-37.793296814000001,174.907211303999986,1.581629633900000,1.820352196690000,1.958736419680000,-1.959392428400000,0.000000000000000
-37.792636871299997,174.907424926999994,1.582325339320000,1.821143388750000,1.959582924840000,-1.959644436840000,0.000000000000000
-37.792289733899999,174.907714843999997,1.582941293720000,1.821809291840000,1.960283517840000,-1.960065484050000,0.000000000000000
-37.791889190699997,174.907775879000013,1.583077907560000,1.821975231170000,1.960491657260000,-1.960130929950000,0.000000000000000
-37.791522979699998,174.907623290999993,1.583210945130000,1.822098374370000,1.960628628730000,-1.960134744640000,0.000000000000000
-37.791141510000003,174.907653809000010,1.583529591560000,1.822442889210000,1.960995316510000,-1.960270643230000,0.000000000000000
-37.790828704799999,174.907501220999990,1.583627700810000,1.822477221490000,1.961052179340000,-1.960220932960000,0.000000000000000
-37.790088653600002,174.907653809000010,1.584145784380000,1.822972416880000,1.961610317230000,-1.960350155830000,0.000000000000000
-37.790447235099997,174.907348632999998,1.583817005160000,1.822680234910000,1.961270689960000,-1.960327148440000,0.000000000000000
-37.789730071999998,174.907394409000005,1.583871364590000,1.822546958920000,1.961208105090000,-1.959852576260000,0.000000000000000
-37.789402008099998,174.907196045000006,1.583614706990000,1.822080135350000,1.960800766940000,-1.959294795990000,0.000000000000000
-37.789047241200002,174.907028198000006,1.583353638650000,1.821793198590000,1.960577011110000,-1.958903074260000,0.000000000000000
-37.788673400900002,174.906860351999995,1.583326101300000,1.821568369870000,1.960443973540000,-1.958478808400000,0.000000000000000
-37.788284301799997,174.906677245999987,1.583153486250000,1.821340203290000,1.960250020030000,-1.958068370820000,0.000000000000000
-37.787895202599998,174.906478881999988,1.582742691040000,1.820762991910000,1.959788441660000,-1.957368850710000,0.000000000000000
-37.787250518800001,174.906173706000004,1.582079768180000,1.820075631140000,1.959274291990000,-1.956357836720000,0.000000000000000
-37.787601470900000,174.906250000000000,1.582374334340000,1.820316076280000,1.959411263470000,-1.956811308860000,0.000000000000000
-37.784885406500003,174.904586792000003,1.583432435990000,1.820841908450000,1.960716724400000,-1.954842448230000,0.000000000000000
-37.784854888900000,174.904174804999997,1.583607077600000,1.821010112760000,1.960795164110000,-1.954471826550000,0.000000000000000
-37.787166595499997,174.905731201000009,1.582031965260000,1.819956660270000,1.959165811540000,-1.956147789960000,0.000000000000000
-37.786781310999999,174.905548095999990,1.582322597500000,1.820170640950000,1.959426403050000,-1.955921411510000,0.000000000000000
-37.786396026600002,174.905349731000001,1.582105636600000,1.819853782650000,1.959180593490000,-1.955343365670000,0.000000000000000
-37.786018371600001,174.905166626000010,1.581940412520000,1.819409608840000,1.959008216860000,-1.954871654510000,0.000000000000000
-37.785644531199999,174.904968262000011,1.582447648050000,1.819861650470000,1.959534049030000,-1.954531669620000,0.000000000000000
-37.785266876199998,174.904785156000003,1.582932829860000,1.820354819300000,1.960110902790000,-1.954519152640000,0.000000000000000
-37.784824371299997,174.903778076000009,1.583777666090000,1.821222066880000,1.960954904560000,-1.954525351520000,0.000000000000000
-37.784797668499998,174.903366089000002,1.583828449250000,1.821331381800000,1.960991501810000,-1.954020500180000,0.000000000000000
-37.784770965600003,174.902954101999995,1.583932638170000,1.821390628810000,1.960988163950000,-1.953635692600000,0.000000000000000
-37.784748077400003,174.902557373000008,1.583957433700000,1.821395874020000,1.960891127590000,-1.952962040900000,0.000000000000000
-37.784725189200003,174.902145386000001,1.583815932270000,1.821203231810000,1.960571646690000,-1.951829671860000,0.000000000000000
-37.784709930399998,174.901733398000005,1.583610296250000,1.820953845980000,1.960201144220000,-1.950722813610000,0.000000000000000
-37.784694671600001,174.901321410999998,1.583468675610000,1.820730805400000,1.959876537320000,-1.949553489690000,0.000000000000000
-37.784687042199998,174.900924683000000,1.583489179610000,1.820728659630000,1.959828615190000,-1.949315667150000,0.000000000000000
-37.784683227499997,174.900512695000003,1.583652496340000,1.820893883710000,1.959990382190000,-1.949308514600000,0.000000000000000
-37.784339904799999,174.899932860999996,1.584651470180000,1.821975231170000,1.961115121840000,-1.949820041660000,0.000000000000000
-37.784305572500003,174.899597168000014,1.579307317730000,1.811111807820000,1.949989318850000,-1.926624655720000,0.000000000000000
-37.784465789800002,174.899215698000006,1.581146836280000,1.814730882640000,1.953850507740000,-1.932005643840000,0.000000000000000
-37.784698486300002,174.900100707999997,1.583867907520000,1.821000814440000,1.960099220280000,-1.949017286300000,0.000000000000000
-37.797157287600001,174.909530640000014,1.578830838200000,1.814446091650000,1.952790021900000,-1.946129679680000,0.000000000000000
-37.796276092500001,174.908950806000007,1.581308484080000,1.819893360140000,1.958359479900000,-1.958185791970000,0.000000000000000
-37.795665741000001,174.907775879000013,1.581051468850000,1.819645881650000,1.957976222040000,-1.959192872050000,0.000000000000000
-37.796218872099999,174.908187865999992,1.581397652630000,1.819942116740000,1.958278536800000,-1.959146618840000,0.000000000000000
-37.795703887899997,174.907058715999995,1.580756664280000,1.819231987000000,1.957442760470000,-1.958612442020000,0.000000000000000
-37.795196533199999,174.906799315999990,1.580658793450000,1.819128751750000,1.957328915600000,-1.958480954170000,0.000000000000000
-37.795589446999998,174.906417847000000,1.579915881160000,1.818301320080000,1.956479907040000,-1.957879662510000,0.000000000000000
-37.794239044199998,174.907333373999990,1.581127643590000,1.819808244710000,1.958165049550000,-1.959348678590000,0.000000000000000
-37.793685913099999,174.907043456999986,1.581134200100000,1.819760560990000,1.958099722860000,-1.958920121190000,0.000000000000000
-37.793281555199997,174.906829834000007,1.581177473070000,1.819833040240000,1.958179950710000,-1.958927512170000,0.000000000000000
-37.794673919700003,174.906814574999999,1.580690860750000,1.819149971010000,1.957392692570000,-1.958615422250000,0.000000000000000
-37.792903900100001,174.907058715999995,1.581673860550000,1.820368289950000,1.958756566050000,-1.959131836890000,0.000000000000000
-37.792518615699997,174.907089232999994,1.581934094430000,1.820662617680000,1.959080815320000,-1.959223508830000,0.000000000000000
-37.792308807399998,174.907318115000010,1.582629323010000,1.821402788160000,1.959835648540000,-1.959716320040000,0.000000000000000
-37.791938781699997,174.907379149999997,1.582875132560000,1.821725964550000,1.960193753240000,-1.959941864010000,0.000000000000000
-37.791587829599997,174.907241821000014,1.582809805870000,1.821640968320000,1.960125684740000,-1.959740400310000,0.000000000000000
-37.791202545200001,174.907257079999994,1.583200335500000,1.822064757350000,1.960580348970000,-1.960017323490000,0.000000000000000
-37.790775299099998,174.907089232999994,1.583293080330000,1.822059631350000,1.960602521900000,-1.959854483600000,0.000000000000000
-37.790069580100003,174.907180785999998,1.583691358570000,1.822431921960000,1.961038827900000,-1.959893465040000,0.000000000000000
-37.790393829300001,174.906936645999991,1.583401322360000,1.822151899340000,1.960706114770000,-1.959657549860000,0.000000000000000
-37.789714813200000,174.906982421999999,1.583261966710000,1.821730494500000,1.960404157640000,-1.959158539770000,0.000000000000000
-37.789363861100000,174.906799315999990,1.583115339280000,1.821495890620000,1.960220456120000,-1.958782792090000,0.000000000000000
-37.788997650100001,174.906616210999999,1.582962870600000,1.821246623990000,1.960020422940000,-1.958417773250000,0.000000000000000
-37.788623809800001,174.906433104999991,1.582928419110000,1.821073532100000,1.959918618200000,-1.958036422730000,0.000000000000000
-37.788246154799999,174.906250000000000,1.582681179050000,1.820770502090000,1.959673643110000,-1.957633495330000,0.000000000000000
-37.787891387899997,174.906066895000009,1.582375526430000,1.820342898370000,1.959323287010000,-1.957046628000000,0.000000000000000
-37.787540435799997,174.905899048000009,1.582093477250000,1.819985747340000,1.959072232250000,-1.956593871120000,0.000000000000000
-37.785232543900001,174.904373168999996,1.583050966260000,1.820454835890000,1.960173487660000,-1.954437375070000,0.000000000000000
-37.785202026400000,174.903961181999989,1.583353757860000,1.820840716360000,1.960492968560000,-1.954579234120000,0.000000000000000
-37.787487030000001,174.905487061000002,1.582062363620000,1.819910287860000,1.958991527560000,-1.956383585930000,0.000000000000000
-37.787113189700001,174.905303954999994,1.582049965860000,1.820002198220000,1.959185004230000,-1.956123471260000,0.000000000000000
-37.786735534700000,174.905120850000003,1.582208275790000,1.820114493370000,1.959325432780000,-1.955726981160000,0.000000000000000
-37.786361694299998,174.904937743999994,1.582039952280000,1.819696307180000,1.959079980850000,-1.955094814300000,0.000000000000000
-37.785984039299997,174.904739379999995,1.582282066350000,1.819810390470000,1.959330797200000,-1.954718828200000,0.000000000000000
-37.785610198999997,174.904556273999987,1.582810997960000,1.820351481440000,1.959956765170000,-1.954917669300000,0.000000000000000
-37.785171508799998,174.903549193999993,1.583434104920000,1.820912837980000,1.960518002510000,-1.954196333890000,0.000000000000000
-37.785144805900003,174.903137206999986,1.583663463590000,1.821194529530000,1.960761189460000,-1.954243659970000,0.000000000000000
-37.785121917700003,174.902725220000008,1.583648085590000,1.821148753170000,1.960648894310000,-1.953546881680000,0.000000000000000
-37.785099029500003,174.902313232000012,1.583500862120000,1.820838212970000,1.960230350490000,-1.952095866200000,0.000000000000000
-37.785079956099999,174.901901245000005,1.583389401440000,1.820762991910000,1.960053801540000,-1.951341271400000,0.000000000000000
-37.785064697300001,174.901504517000006,1.583246707920000,1.820572972300000,1.959758520130000,-1.950343966480000,0.000000000000000
-37.785049438500003,174.901092529000010,1.583248257640000,1.820561409000000,1.959670543670000,-1.949877738950000,0.000000000000000
-37.785037994400000,174.900680542000003,1.583415865900000,1.820708513260000,1.959784746170000,-1.949614882470000,0.000000000000000
-37.785030364999997,174.900283812999987,1.583250999450000,1.820547819140000,1.959613204000000,-1.949661731720000,0.000000000000000
-37.784786224400001,174.899597168000014,1.582784533500000,1.819672703740000,1.958837389950000,-1.947382926940000,0.000000000000000
-37.785022735600002,174.899917603000006,1.583463311200000,1.820801854130000,1.959858536720000,-1.949907422070000,0.000000000000000
-37.798053741499999,174.908737183000000,1.579000234600000,1.814947485920000,1.953250288960000,-1.947624683380000,0.000000000000000
-37.797092437700002,174.908279418999996,1.580877900120000,1.819454312320000,1.957817196850000,-1.958311557770000,0.000000000000000
-37.798736572300001,174.908203125000000,1.578316211700000,1.814040303230000,1.952285885810000,-1.946058511730000,0.000000000000000
-37.796489715600003,174.907409668000014,1.580465912820000,1.818915486340000,1.957167029380000,-1.958224534990000,0.000000000000000
-37.796268463099999,174.906555176000012,1.580301880840000,1.818700909610000,1.956844449040000,-1.958208680150000,0.000000000000000
-37.795993804900000,174.905883789000001,1.580669879910000,1.819041013720000,1.957043170930000,-1.958133578300000,0.000000000000000
-37.795013427699999,174.906341553000004,1.580231428150000,1.818647980690000,1.956825613980000,-1.958262324330000,0.000000000000000
-37.795356750499998,174.905868529999992,1.580759763720000,1.819116234780000,1.957131505010000,-1.958247303960000,0.000000000000000
-37.794109344500001,174.906707764000004,1.580717682840000,1.819185614590000,1.957463264470000,-1.958590269090000,0.000000000000000
-37.792961120599998,174.906677245999987,1.581158161160000,1.819785952570000,1.958136796950000,-1.958731293680000,0.000000000000000
-37.793628692600002,174.906555176000012,1.580720067020000,1.819262862210000,1.957556605340000,-1.958540439610000,0.000000000000000
-37.793216705299997,174.906417847000000,1.581042766570000,1.819543719290000,1.957837939260000,-1.958626866340000,0.000000000000000
-37.794475555399998,174.906280517999988,1.580413699150000,1.818849325180000,1.957034349440000,-1.958238482480000,0.000000000000000
-37.792575836200001,174.906707764000004,1.581659317020000,1.820336461070000,1.958711147310000,-1.959088325500000,0.000000000000000
-37.792167663599997,174.906951904000010,1.582172870640000,1.820925235750000,1.959338426590000,-1.959254384040000,0.000000000000000
-37.791797637899997,174.907028198000006,1.582425475120000,1.821225881580000,1.959671497340000,-1.959458589550000,0.000000000000000
-37.791473388699998,174.906906128000003,1.582505345340000,1.821182608600000,1.959655404090000,-1.959308981900000,0.000000000000000
-37.791080474899999,174.906799315999990,1.582694888110000,1.821355938910000,1.959845662120000,-1.959314107890000,0.000000000000000
-37.790691375700000,174.906677245999987,1.582694888110000,1.821302890780000,1.959836006160000,-1.959003925320000,0.000000000000000
-37.792209625200002,174.906555176000012,1.581867098810000,1.820525646210000,1.958896756170000,-1.959015369420000,0.000000000000000
-37.790035247799999,174.906753540000011,1.583159208300000,1.821839571000000,1.960402250290000,-1.959275007250000,0.000000000000000
-37.790336608899999,174.906539917000003,1.582900762560000,1.821530103680000,1.960075855260000,-1.959076762200000,0.000000000000000
-37.789684295699999,174.906570434999992,1.582834601400000,1.821193456650000,1.959845185280000,-1.958693861960000,0.000000000000000
-37.789325714100002,174.906387329000012,1.582595944400000,1.820898413660000,1.959620475770000,-1.958302021030000,0.000000000000000
-37.788951873800002,174.906188965000013,1.582625150680000,1.820756077770000,1.959530711170000,-1.958023905750000,0.000000000000000
-37.788578033400000,174.906005859000004,1.582406520840000,1.820489764210000,1.959343433380000,-1.957626819610000,0.000000000000000
-37.788211822500003,174.905838012999993,1.582276105880000,1.820285558700000,1.959213018420000,-1.957233190540000,0.000000000000000
-37.787849426299999,174.905654907000013,1.582154512410000,1.820042014120000,1.959055304530000,-1.956822276120000,0.000000000000000
-37.785575866700000,174.904144287000008,1.582852125170000,1.820353627200000,1.959938287730000,-1.954548597340000,0.000000000000000
-37.785545349099998,174.903732300000001,1.583040118220000,1.820564389230000,1.960103034970000,-1.954322099690000,0.000000000000000
-37.787803649899999,174.905242920000006,1.581961512570000,1.819786310200000,1.958791136740000,-1.956542134280000,0.000000000000000
-37.787441253700003,174.905075073000006,1.581889867780000,1.819813609120000,1.958899617200000,-1.956247806550000,0.000000000000000
-37.787071228000002,174.904891967999987,1.581974387170000,1.819862961770000,1.959022402760000,-1.955764532090000,0.000000000000000
-37.786697387700002,174.904708862000007,1.582048296930000,1.819825410840000,1.959077477460000,-1.955433368680000,0.000000000000000
-37.786327362100003,174.904510498000008,1.582110881810000,1.819733619690000,1.959111213680000,-1.954759240150000,0.000000000000000
-37.785953521700002,174.904327392999988,1.582639932630000,1.820280194280000,1.959728717800000,-1.954894542690000,0.000000000000000
-37.785518646200003,174.903320312000005,1.583223104480000,1.820770502090000,1.960286617280000,-1.954333305360000,0.000000000000000
-37.785495758099998,174.902908324999999,1.583386301990000,1.820947408680000,1.960418820380000,-1.954018235210000,0.000000000000000
-37.785472869899998,174.902496337999992,1.583568930630000,1.821128964420000,1.960573673250000,-1.953967928890000,0.000000000000000
-37.785453796399999,174.902084351000013,1.583485245700000,1.821037292480000,1.960403919220000,-1.953203916550000,0.000000000000000
-37.785434722900000,174.901672362999989,1.583321928980000,1.820768356320000,1.960033774380000,-1.951870918270000,0.000000000000000
-37.785415649400001,174.901260376000010,1.583122015000000,1.820489764210000,1.959646105770000,-1.950621485710000,0.000000000000000
-37.785400390600003,174.900848389000004,1.583060622220000,1.820387005810000,1.959474086760000,-1.949947714810000,0.000000000000000
-37.785381317099997,174.900436401000007,1.583217978480000,1.820593714710000,1.959648609160000,-1.950318217280000,0.000000000000000
-37.785354614299997,174.900024414000001,1.583303689960000,1.820667982100000,1.959714293480000,-1.950258135800000,0.000000000000000
-37.785247802699999,174.899627686000002,1.582105398180000,1.819470524790000,1.958334445950000,-1.950453400610000,0.000000000000000
-37.798084258999999,174.907775879000013,1.580376744270000,1.818580269810000,1.956852912900000,-1.956235647200000,0.000000000000000
-37.797382354699998,174.907363892000006,1.580616235730000,1.819074392320000,1.957311272620000,-1.958388566970000,0.000000000000000
-37.799106597900000,174.907363892000006,1.574099540710000,1.807269215580000,1.945232033730000,-1.933306455610000,0.000000000000000
-37.796733856199999,174.905899048000009,1.580512166020000,1.818909287450000,1.956887602810000,-1.957834720610000,0.000000000000000
-37.797100067099997,174.906631470000008,1.580303907390000,1.818621635440000,1.956701040270000,-1.957440853120000,0.000000000000000
-37.796344757100002,174.905258178999986,1.580482959750000,1.818828344350000,1.956836104390000,-1.958027720450000,0.000000000000000
-37.795665741000001,174.905319214000002,1.580842494960000,1.819172024730000,1.957194209100000,-1.958302855490000,0.000000000000000
-37.794795989999997,174.905838012999993,1.580254435540000,1.818649649620000,1.956776499750000,-1.958138465880000,0.000000000000000
-37.795085907000001,174.905364990000010,1.580790996550000,1.819117069240000,1.957130551340000,-1.958222746850000,0.000000000000000
-37.793968200700000,174.906204223999993,1.580544233320000,1.818991422650000,1.957206845280000,-1.958373904230000,0.000000000000000
-37.792827606199999,174.906341553000004,1.581097006800000,1.819664835930000,1.957979321480000,-1.958595037460000,0.000000000000000
-37.793514251700003,174.906097412000008,1.580486297610000,1.818907856940000,1.957157135010000,-1.958194494250000,0.000000000000000
-37.793090820300002,174.906021118000012,1.580774188040000,1.819244265560000,1.957499027250000,-1.958291411400000,0.000000000000000
-37.794281005899997,174.905807495000005,1.580130815510000,1.818541407590000,1.956693768500000,-1.957989096640000,0.000000000000000
-37.792438507100002,174.906280517999988,1.581189036370000,1.819749116900000,1.958094358440000,-1.958467364310000,0.000000000000000
-37.791816711400003,174.906616210999999,1.582205057140000,1.820907115940000,1.959306597710000,-1.959260821340000,0.000000000000000
-37.791370391800001,174.906494140999996,1.582151651380000,1.820761561390000,1.959194540980000,-1.958930492400000,0.000000000000000
-37.790969848600000,174.906402587999992,1.582288146020000,1.820894241330000,1.959351181980000,-1.958844542500000,0.000000000000000
-37.790599823000001,174.906295776000007,1.582382798190000,1.820928812030000,1.959429502490000,-1.958691954610000,0.000000000000000
-37.792049407999997,174.906234740999992,1.581658363340000,1.820238232610000,1.958578944210000,-1.958629965780000,0.000000000000000
-37.790008544899997,174.906356812000013,1.582645416260000,1.821112155910000,1.959685206410000,-1.958685517310000,0.000000000000000
-37.790294647200000,174.906204223999993,1.582468628880000,1.820972204210000,1.959503650670000,-1.958612561230000,0.000000000000000
-37.789661407499999,174.906143187999987,1.582185029980000,1.820452451710000,1.959099292760000,-1.958078980450000,0.000000000000000
-37.789283752400003,174.905960082999997,1.582189440730000,1.820343613620000,1.959056854250000,-1.957826018330000,0.000000000000000
-37.788906097400002,174.905776978000006,1.582197666170000,1.820217847820000,1.958968997000000,-1.957565784450000,0.000000000000000
-37.788532257100002,174.905593871999997,1.581926107410000,1.819928169250000,1.958791375160000,-1.957216262820000,0.000000000000000
-37.788166046100002,174.905426024999997,1.581921100620000,1.819869995120000,1.958797335620000,-1.956929326060000,0.000000000000000
-37.785919189500000,174.903915404999992,1.582726359370000,1.820358037950000,1.959804654120000,-1.954848885540000,0.000000000000000
-37.785892486599998,174.903503418000014,1.582968592640000,1.820639848710000,1.960066795350000,-1.954924583440000,0.000000000000000
-37.788120269799997,174.905014037999990,1.581742167470000,1.819652199750000,1.958567142490000,-1.956706523900000,0.000000000000000
-37.787761688200000,174.904846190999990,1.581738471980000,1.819553017620000,1.958559274670000,-1.956304073330000,0.000000000000000
-37.787399292000003,174.904663085999999,1.581728339200000,1.819616794590000,1.958696126940000,-1.955991625790000,0.000000000000000
-37.787036895800000,174.904479979999991,1.581758618350000,1.819646358490000,1.958817958830000,-1.955603957180000,0.000000000000000
-37.786666870099999,174.904296875000000,1.581927537920000,1.819630861280000,1.958911776540000,-1.954977154730000,0.000000000000000
-37.786293029799999,174.904098511000001,1.582312345500000,1.819971084590000,1.959317684170000,-1.954699277880000,0.000000000000000
-37.785865783699997,174.903091431000007,1.582979917530000,1.820597529410000,1.960005998610000,-1.954393506050000,0.000000000000000
-37.785842895499997,174.902679443000011,1.583148479460000,1.820794582370000,1.960183978080000,-1.954349875450000,0.000000000000000
-37.785823821999998,174.902267456000004,1.583206295970000,1.820747733120000,1.960101366040000,-1.953643441200000,0.000000000000000
-37.785804748499999,174.901840209999989,1.583113431930000,1.820654273030000,1.959953427310000,-1.952826142310000,0.000000000000000
-37.785785675000000,174.901428223000011,1.583056807520000,1.820527434350000,1.959757447240000,-1.952043294910000,0.000000000000000
-37.785762786900001,174.901016234999986,1.583079576490000,1.820516943930000,1.959664583210000,-1.951282501220000,0.000000000000000
-37.785747528100003,174.900604248000008,1.583237767220000,1.820657730100000,1.959763288500000,-1.950853824620000,0.000000000000000
-37.785728454599997,174.900177001999992,1.583233356480000,1.820629358290000,1.959663748740000,-1.950353860860000,0.000000000000000
-37.785709381099998,174.899673462000010,1.584164142610000,1.821551918980000,1.960640192030000,-1.950227618220000,0.000000000000000
-37.798141479500003,174.906707764000004,1.580393552780000,1.818690776820000,1.956816673280000,-1.957784771920000,0.000000000000000
-37.797111511200001,174.905181884999990,1.580183267590000,1.818509817120000,1.956540942190000,-1.957762837410000,0.000000000000000
-37.797588348399998,174.905868529999992,1.580431461330000,1.818799972530000,1.956864953040000,-1.958112120630000,0.000000000000000
-37.796653747599997,174.904602051000012,1.579982399940000,1.818236947060000,1.956197857860000,-1.957736492160000,0.000000000000000
-37.795909881599997,174.904678345000008,1.580209732060000,1.818478822710000,1.956449866290000,-1.957767128940000,0.000000000000000
-37.795318603500000,174.904876709000007,1.580327630040000,1.818689584730000,1.956706404690000,-1.958057999610000,0.000000000000000
-37.795429229699998,174.904464722000000,1.580079436300000,1.818325161930000,1.956295013430000,-1.957835912700000,0.000000000000000
-37.794563293499998,174.905380248999990,1.580343723300000,1.818652510640000,1.956715226170000,-1.958035588260000,0.000000000000000
-37.794811248800002,174.904937743999994,1.580688714980000,1.818988561630000,1.956984877590000,-1.958174109460000,0.000000000000000
-37.793804168699999,174.905746459999989,1.580325841900000,1.818760871890000,1.956928014760000,-1.958064198490000,0.000000000000000
-37.792686462399999,174.905960082999997,1.580900430680000,1.819388151170000,1.957658290860000,-1.958270668980000,0.000000000000000
-37.793361663799999,174.905685425000001,1.580234050750000,1.818646430970000,1.956860184670000,-1.957929611210000,0.000000000000000
-37.792942047099999,174.905624390000014,1.580449461940000,1.818896412850000,1.957116484640000,-1.957904458050000,0.000000000000000
-37.794082641599999,174.905349731000001,1.579797148700000,1.818176865580000,1.956314444540000,-1.957732677460000,0.000000000000000
-37.792289733899999,174.905899048000009,1.580994725230000,1.819527506830000,1.957832098010000,-1.958199620250000,0.000000000000000
-37.791641235400000,174.906173706000004,1.581623315810000,1.820207595830000,1.958580255510000,-1.958468675610000,0.000000000000000
-37.791236877400003,174.906082153000000,1.581667542460000,1.820190906520000,1.958599448200000,-1.958257079120000,0.000000000000000
-37.790843963599997,174.906005859000004,1.581781983380000,1.820217728610000,1.958677530290000,-1.958146572110000,0.000000000000000
-37.790466308600003,174.905929565000008,1.582110285760000,1.820540785790000,1.959038138390000,-1.958274722100000,0.000000000000000
-37.791889190699997,174.905838012999993,1.581235766410000,1.819770097730000,1.958077549930000,-1.958171248440000,0.000000000000000
-37.790046691900002,174.905914306999989,1.582138419150000,1.820521473880000,1.959048628810000,-1.958224058150000,0.000000000000000
-37.789623260500001,174.905700684000010,1.581622242930000,1.819820404050000,1.958449363710000,-1.957569718360000,0.000000000000000
-37.789234161400003,174.905517578000001,1.581634521480000,1.819619894030000,1.958328962330000,-1.957293510440000,0.000000000000000
-37.788848877000000,174.905349731000001,1.581587910650000,1.819559335710000,1.958342432980000,-1.957079768180000,0.000000000000000
-37.788478851299999,174.905181884999990,1.581670880320000,1.819633007050000,1.958484172820000,-1.956932067870000,0.000000000000000
-37.786266326899998,174.903686523000005,1.582328200340000,1.819934606550000,1.959282875060000,-1.954299807550000,0.000000000000000
-37.786239623999997,174.903274535999998,1.582463502880000,1.820083141330000,1.959420681000000,-1.954231977460000,0.000000000000000
-37.788421630899997,174.904800415000011,1.581391811370000,1.819301128390000,1.958150148390000,-1.956605434420000,0.000000000000000
-37.788078308099998,174.904617309999992,1.581441044810000,1.819288849830000,1.958208441730000,-1.956393361090000,0.000000000000000
-37.787727355999998,174.904434204000012,1.581516146660000,1.819303393360000,1.958311080930000,-1.955991625790000,0.000000000000000
-37.787368774400001,174.904251098999993,1.581545829770000,1.819407105450000,1.958499670030000,-1.955709934230000,0.000000000000000
-37.787002563500003,174.904067993000012,1.581719994540000,1.819485902790000,1.958687901500000,-1.955323576930000,0.000000000000000
-37.786636352499997,174.903869629000013,1.582010030750000,1.819723010060000,1.959007143970000,-1.955017805100000,0.000000000000000
-37.786212921100002,174.902862548999991,1.582553863530000,1.820137500760000,1.959482312200000,-1.953921198840000,0.000000000000000
-37.786193847699998,174.902450562000013,1.582718372340000,1.820310831070000,1.959638476370000,-1.953808069230000,0.000000000000000
-37.786174774199999,174.902023315000008,1.582974910740000,1.820580720900000,1.959906578060000,-1.953969240190000,0.000000000000000
-37.786155700700000,174.901596068999993,1.583134174350000,1.820694565770000,1.959986805920000,-1.953574299810000,0.000000000000000
-37.786132812500000,174.901168823000006,1.583030104640000,1.820541501050000,1.959781885150000,-1.952276349070000,0.000000000000000
-37.786102294899997,174.900772095000008,1.582857847210000,1.820286989210000,1.959420919420000,-1.951249122620000,0.000000000000000
-37.786094665500002,174.900360107000012,1.583283305170000,1.820730805400000,1.959849476810000,-1.951115131380000,0.000000000000000
-37.786098480200003,174.899932860999996,1.583198785780000,1.820594787600000,1.959653973580000,-1.950458288190000,0.000000000000000
-37.798515319800003,174.905700684000010,1.579940795900000,1.818207263950000,1.956275224690000,-1.957416415210000,0.000000000000000
-37.797405242899998,174.904464722000000,1.579591512680000,1.817869186400000,1.955782651900000,-1.957339525220000,0.000000000000000
-37.797939300499998,174.905044556000007,1.579600214960000,1.817864298820000,1.955856919290000,-1.957232594490000,0.000000000000000
-37.796905517600003,174.903945923000009,1.579317450520000,1.817562222480000,1.955452561380000,-1.957281947140000,0.000000000000000
-37.796253204300001,174.904083251999992,1.579793095590000,1.818098068240000,1.956010460850000,-1.957610964780000,0.000000000000000
-37.795688629200001,174.904113770000009,1.579786539080000,1.818068146710000,1.955988645550000,-1.957673788070000,0.000000000000000
-37.795211792000003,174.904113770000009,1.579784631730000,1.817968130110000,1.955916404720000,-1.957567572590000,0.000000000000000
-37.795017242400000,174.904510498000008,1.580067396160000,1.818382978440000,1.956381201740000,-1.957760334010000,0.000000000000000
-37.794334411599998,174.904953003000003,1.580215334890000,1.818519949910000,1.956552982330000,-1.957934260370000,0.000000000000000
-37.794559478799997,174.904541015999996,1.580365657810000,1.818597197530000,1.956584334370000,-1.957963824270000,0.000000000000000
-37.793624877900001,174.905319214000002,1.580075144770000,1.818489551540000,1.956618547440000,-1.957792758940000,0.000000000000000
-37.792537689200003,174.905563354000009,1.580474019050000,1.818910717960000,1.957161545750000,-1.957786440850000,0.000000000000000
-37.793193817099997,174.905273437999995,1.579923868180000,1.818312644960000,1.956493973730000,-1.957574963570000,0.000000000000000
-37.792781829799999,174.905227660999998,1.580135226250000,1.818558931350000,1.956740975380000,-1.957587957380000,0.000000000000000
-37.793876647899999,174.904937743999994,1.579546689990000,1.817902445790000,1.956004738810000,-1.957412719730000,0.000000000000000
-37.792137146000002,174.905502318999993,1.580676198010000,1.819127202030000,1.957395792010000,-1.957715868950000,0.000000000000000
-37.791488647500003,174.905761718999997,1.581164479260000,1.819619655610000,1.957977890970000,-1.957939863200000,0.000000000000000
-37.791088104200000,174.905685425000001,1.581276416780000,1.819681167600000,1.958064675330000,-1.957834243770000,0.000000000000000
-37.790699005100002,174.905624390000014,1.581395864490000,1.819653749470000,1.958121538160000,-1.957721471790000,0.000000000000000
-37.790317535400000,174.905563354000009,1.581619977950000,1.819867968560000,1.958381772040000,-1.957763195040000,0.000000000000000
-37.791736602800000,174.905441284000005,1.580680727960000,1.819107532500000,1.957405567170000,-1.957602500920000,0.000000000000000
-37.789943695100000,174.905441284000005,1.581483840940000,1.819677948950000,1.958209633830000,-1.957486033440000,0.000000000000000
-37.789566039999997,174.905258178999986,1.581151723860000,1.819215655330000,1.957824230190000,-1.957076072690000,0.000000000000000
-37.789169311499997,174.905075073000006,1.581118822100000,1.818992495540000,1.957696557040000,-1.956760406490000,0.000000000000000
-37.788780212399999,174.904922484999986,1.581099629400000,1.819009900090000,1.957806110380000,-1.956646442410000,0.000000000000000
-37.786605835000003,174.903457642000006,1.581994652750000,1.819643139840000,1.958949804310000,-1.954624652860000,0.000000000000000
-37.786582946800003,174.903045654000010,1.582191467290000,1.819860100750000,1.959193110470000,-1.954822778700000,0.000000000000000
-37.788677215600003,174.904586792000003,1.580923676490000,1.818767666820000,1.957567930220000,-1.956329345700000,0.000000000000000
-37.788391113300001,174.904418945000003,1.581007122990000,1.818829655650000,1.957686424260000,-1.956182718280000,0.000000000000000
-37.788055419899997,174.904220581000004,1.581178545950000,1.818910956380000,1.957840919490000,-1.955971837040000,0.000000000000000
-37.787700653100003,174.904037476000013,1.581304192540000,1.819035530090000,1.958058476450000,-1.955814599990000,0.000000000000000
-37.787338256799998,174.903839110999996,1.581293106080000,1.819175601010000,1.958306789400000,-1.955479025840000,0.000000000000000
-37.786975860600002,174.903656006000006,1.581747174260000,1.819482922550000,1.958715677260000,-1.955244898800000,0.000000000000000
-37.786560058600003,174.902633667000003,1.582273006440000,1.819916486740000,1.959249019620000,-1.954552292820000,0.000000000000000
-37.786540985099997,174.902221679999997,1.582490086560000,1.820150494580000,1.959477186200000,-1.954536318780000,0.000000000000000
-37.786525726299999,174.901794434000010,1.582655429840000,1.820304870610000,1.959609150890000,-1.954194188120000,0.000000000000000
-37.786510467500001,174.901351928999986,1.582996249200000,1.820739984510000,1.960038185120000,-1.954870820050000,0.000000000000000
-37.786483764600000,174.900894165000011,1.583193659780000,1.820793628690000,1.960042715070000,-1.953436970710000,0.000000000000000
-37.786407470699999,174.900543212999992,1.583014488220000,1.820502281190000,1.959655761720000,-1.951890587810000,0.000000000000000
-37.786483764600000,174.900192261000001,1.583058357240000,1.820552706720000,1.959690690040000,-1.951753854750000,0.000000000000000
-37.797065734900002,174.903305053999986,1.578473329540000,1.816540002820000,1.954413771630000,-1.956736445430000,0.000000000000000
-37.797176361100000,174.902709960999999,1.577541351320000,1.815497636800000,1.953274846080000,-1.956089854240000,0.000000000000000
-37.798805236800000,174.904830933000000,1.579180479050000,1.817400813100000,1.955443024640000,-1.957252144810000,0.000000000000000
-37.797603607200003,174.903732300000001,1.578719019890000,1.816853642460000,1.954782366750000,-1.956783652310000,0.000000000000000
-37.798213958700003,174.904235840000013,1.578991174700000,1.817180275920000,1.955163478850000,-1.957262516020000,0.000000000000000
-37.797691345200001,174.903060912999990,1.577978491780000,1.816036581990000,1.953840136530000,-1.956323981290000,0.000000000000000
-37.797718048100002,174.902450562000013,1.577253699300000,1.815115213390000,1.952907800670000,-1.955618858340000,0.000000000000000
-37.797248840300000,174.902221679999997,1.576940417290000,1.814928174020000,1.952631473540000,-1.955832719800000,0.000000000000000
-37.797641754200001,174.901794434000010,1.576767802240000,1.814763307570000,1.952412366870000,-1.955614566800000,0.000000000000000
-37.796459198000001,174.903503418000014,1.578994870190000,1.817114472390000,1.954997777940000,-1.956958055500000,0.000000000000000
-37.795913696299998,174.903640746999997,1.579274773600000,1.817396283150000,1.955296635630000,-1.957250475880000,0.000000000000000
-37.795417785600002,174.903701782000013,1.579516291620000,1.817727208140000,1.955624938010000,-1.957399487500000,0.000000000000000
-37.794960021999998,174.903747559000010,1.579475402830000,1.817566275600000,1.955482125280000,-1.957374215130000,0.000000000000000
-37.794761657700001,174.904144287000008,1.579584956170000,1.817864775660000,1.955846667290000,-1.957497239110000,0.000000000000000
-37.794105529799999,174.904556273999987,1.579832196240000,1.818081855770000,1.956100940700000,-1.957597970960000,0.000000000000000
-37.794319152800000,174.904159545999988,1.579942226410000,1.818130731580000,1.956093668940000,-1.957602500920000,0.000000000000000
-37.793437957800002,174.904922484999986,1.579669952390000,1.818047285080000,1.956160187720000,-1.957455992700000,0.000000000000000
-37.792377471899997,174.905166626000010,1.580036878590000,1.818403482440000,1.956637024880000,-1.957337379460000,0.000000000000000
-37.793018341100002,174.904876709000007,1.579496741290000,1.817825317380000,1.955985903740000,-1.957123637200000,0.000000000000000
-37.792613983199999,174.904830933000000,1.579627871510000,1.817975163460000,1.956140518190000,-1.957124114040000,0.000000000000000
-37.793670654300001,174.904541015999996,1.579218506810000,1.817544341090000,1.955620169640000,-1.957152247430000,0.000000000000000
-37.791980743400003,174.905105590999995,1.580220341680000,1.818568229680000,1.956814050670000,-1.957319736480000,0.000000000000000
-37.790203094500001,174.905212401999989,1.580943822860000,1.819056153300000,1.957584977150000,-1.957182407380000,0.000000000000000
-37.791336059599999,174.905364990000010,1.580718040470000,1.819006204610000,1.957350254060000,-1.957364559170000,0.000000000000000
-37.790935516399998,174.905288696000014,1.580749273300000,1.818951368330000,1.957331538200000,-1.957252025600000,0.000000000000000
-37.790538787800003,174.905227660999998,1.580795168880000,1.818945288660000,1.957389235500000,-1.957089662550000,0.000000000000000
-37.791587829599997,174.905044556000007,1.580232381820000,1.818477988240000,1.956762433050000,-1.957142233850000,0.000000000000000
-37.789905548100002,174.905029296999999,1.580710530280000,1.818743348120000,1.957295060160000,-1.956778049470000,0.000000000000000
-37.789520263699998,174.904800415000011,1.580509662630000,1.818345069890000,1.956967592240000,-1.956430196760000,0.000000000000000
-37.789070129400002,174.904571532999995,1.580573201180000,1.818372488020000,1.957075476650000,-1.956313610080000,0.000000000000000
-37.786949157700001,174.903244018999999,1.581785917280000,1.819566130640000,1.958846926690000,-1.955335497860000,0.000000000000000
-37.786926269500000,174.902832031000003,1.581938266750000,1.819752097130000,1.959061622620000,-1.955451011660000,0.000000000000000
-37.788730621299997,174.904251098999993,1.580536603930000,1.818235993390000,1.957015395160000,-1.956061959270000,0.000000000000000
-37.788387298600000,174.904022217000005,1.580669760700000,1.818376064300000,1.957231521610000,-1.955886125560000,0.000000000000000
-37.788036346399998,174.903808593999997,1.580902934070000,1.818616151810000,1.957568764690000,-1.955917596820000,0.000000000000000
-37.787677764900003,174.903625487999989,1.581098556520000,1.818815112110000,1.957891941070000,-1.955643653870000,0.000000000000000
-37.787315368700000,174.903427123999990,1.581250548360000,1.819075942040000,1.958258509640000,-1.955500483510000,0.000000000000000
-37.786907196000001,174.902404784999987,1.582153916360000,1.819856762890000,1.959190011020000,-1.955106019970000,0.000000000000000
-37.786891937299998,174.901992798000009,1.582261919980000,1.819968581200000,1.959284067150000,-1.954964995380000,0.000000000000000
-37.786884307900003,174.901550293000014,1.582597017290000,1.820290565490000,1.959608793260000,-1.954668045040000,0.000000000000000
-37.786876678500001,174.901062012000011,1.582690477370000,1.820396661760000,1.959667325020000,-1.954546570780000,0.000000000000000
-37.786869049099998,174.900497437000013,1.583107113840000,1.820716619490000,1.959969878200000,-1.953798055650000,0.000000000000000
-37.796562194800003,174.902893065999990,1.577654123310000,1.815655946730000,1.953510284420000,-1.956071496010000,0.000000000000000
-37.796775817899999,174.902343750000000,1.577127933500000,1.814964771270000,1.952720165250000,-1.955680012700000,0.000000000000000
-37.799190521200003,174.903915404999992,1.578183531760000,1.816273570060000,1.954117298130000,-1.956384181980000,0.000000000000000
-37.798343658400000,174.903396606000001,1.578053593640000,1.816070199010000,1.953892469410000,-1.956358790400000,0.000000000000000
-37.798236846899997,174.902740478999988,1.577655553820000,1.815720558170000,1.953479290010000,-1.956379294400000,0.000000000000000
-37.798305511499997,174.902145386000001,1.576920151710000,1.814924716950000,1.952603220940000,-1.955819964410000,0.000000000000000
-37.798229217500001,174.901565551999994,1.576812386510000,1.814869880680000,1.952424287800000,-1.955618858340000,0.000000000000000
-37.797836303700002,174.901138306000007,1.576444029810000,1.814433693890000,1.952012777330000,-1.955327272420000,0.000000000000000
-37.796936035199998,174.901794434000010,1.576524496080000,1.814410090450000,1.952088594440000,-1.955377459530000,0.000000000000000
-37.797229766800001,174.901260376000010,1.576662778850000,1.814670085910000,1.952214121820000,-1.955656766890000,0.000000000000000
-37.797378539999997,174.900650023999987,1.576161384580000,1.814138293270000,1.951670765880000,-1.955338001250000,0.000000000000000
-37.796058654799999,174.903152465999995,1.578536987300000,1.816558480260000,1.954402685170000,-1.956743597980000,0.000000000000000
-37.796100616499999,174.902755737000007,1.577847480770000,1.815765261650000,1.953577637670000,-1.956221222880000,0.000000000000000
-37.795593261699999,174.903274535999998,1.578807473180000,1.816889524460000,1.954770445820000,-1.956850886340000,0.000000000000000
-37.795139312700002,174.903335571000014,1.579124569890000,1.817237615590000,1.955106377600000,-1.957170844080000,0.000000000000000
-37.794700622599997,174.903381348000011,1.578913927080000,1.817012667660000,1.954906344410000,-1.957006454470000,0.000000000000000
-37.794517517099997,174.903778076000009,1.579049229620000,1.817245841030000,1.955213904380000,-1.957009553910000,0.000000000000000
-37.793884277300002,174.904174804999997,1.579212784770000,1.817429780960000,1.955442905430000,-1.957179903980000,0.000000000000000
-37.794086456300001,174.903793334999989,1.579297423360000,1.817511081700000,1.955454349520000,-1.957291126250000,0.000000000000000
-37.793247222900000,174.904525756999988,1.579302072530000,1.817634105680000,1.955717206000000,-1.957088470460000,0.000000000000000
-37.792217254599997,174.904785156000003,1.579646110530000,1.817883491520000,1.956091880800000,-1.956918954850000,0.000000000000000
-37.792839050300003,174.904495238999999,1.579051494600000,1.817256927490000,1.955394744870000,-1.956752181050000,0.000000000000000
-37.792442321800003,174.904464722000000,1.579187631610000,1.817352652550000,1.955504775050000,-1.956665396690000,0.000000000000000
-37.793460845900000,174.904159545999988,1.578626871110000,1.816862344740000,1.954925537110000,-1.956599235530000,0.000000000000000
-37.791831970200001,174.904724120999987,1.579696178440000,1.817841887470000,1.956076025960000,-1.956751465800000,0.000000000000000
-37.790302276600002,174.904830933000000,1.580168724060000,1.818124055860000,1.956579446790000,-1.956494688990000,0.000000000000000
-37.791183471700002,174.904953003000003,1.580147504810000,1.818292498590000,1.956617355350000,-1.956880927090000,0.000000000000000
-37.790763855000002,174.904876709000007,1.580076098440000,1.818153023720000,1.956528544430000,-1.956621766090000,0.000000000000000
-37.791446685799997,174.904632568000011,1.579583525660000,1.817678451540000,1.955933094020000,-1.956499457360000,0.000000000000000
-37.789901733400001,174.904571532999995,1.579883694650000,1.817763209340000,1.956287145610000,-1.956113457680000,0.000000000000000
-37.789508819600002,174.904327392999988,1.579778671260000,1.817505478860000,1.956123113630000,-1.955743551250000,0.000000000000000
-37.789108276400000,174.904067993000012,1.579927682880000,1.817603826520000,1.956300735470000,-1.955731749530000,0.000000000000000
-37.787288665799998,174.903015137000011,1.581229209900000,1.818939089780000,1.958185315130000,-1.955072164540000,0.000000000000000
-37.787265777599998,174.902603148999987,1.581421136860000,1.819201707840000,1.958497405050000,-1.955601453780000,0.000000000000000
-37.788738250700000,174.903823853000006,1.580209493640000,1.817715644840000,1.956503033640000,-1.955561757090000,0.000000000000000
-37.788379669199998,174.903594970999990,1.580345630650000,1.817912936210000,1.956790208820000,-1.955484509470000,0.000000000000000
-37.788017272899999,174.903396606000001,1.580870747570000,1.818546175960000,1.957545757290000,-1.956456542020000,0.000000000000000
-37.787654876700003,174.903198242000002,1.581102490430000,1.818808436390000,1.957985281940000,-1.956146478650000,0.000000000000000
-37.787250518800001,174.902191162000008,1.581547498700000,1.819406747820000,1.958709836010000,-1.955570340160000,0.000000000000000
-37.787250518800001,174.901779175000001,1.581605553630000,1.819464325900000,1.958750247960000,-1.955379247670000,0.000000000000000
-37.787250518800001,174.901321410999998,1.581890463830000,1.819594264030000,1.958858251570000,-1.954602003100000,0.000000000000000
-37.787254333500002,174.900802612000007,1.582166790960000,1.819907069210000,1.959119677540000,-1.954793214800000,0.000000000000000
-37.796443939200003,174.901992798000009,1.576619982720000,1.814406991000000,1.952128052710000,-1.955473661420000,0.000000000000000
-37.796291351299999,174.902420043999996,1.577044844630000,1.814955353740000,1.952739715580000,-1.955761075020000,0.000000000000000
-37.799137115500002,174.902679443000011,1.577562928200000,1.815519332890000,1.953344225880000,-1.955907344820000,0.000000000000000
-37.798496246299997,174.901046753000003,1.576519608500000,1.814537286760000,1.952111124990000,-1.955686211590000,0.000000000000000
-37.798862457299997,174.901687621999997,1.576624751090000,1.814615368840000,1.952231287960000,-1.955425024030000,0.000000000000000
-37.798042297400002,174.900527954000012,1.576087951660000,1.814036488530000,1.951531171800000,-1.955032706260000,0.000000000000000
-37.797622680700002,174.900085448999988,1.575462222100000,1.813345193860000,1.950832962990000,-1.954822897910000,0.000000000000000
-37.796501159700000,174.901626587000010,1.576268315320000,1.814134836200000,1.951800107960000,-1.955337762830000,0.000000000000000
-37.796710967999999,174.901306151999989,1.576294064520000,1.814226508140000,1.951828718190000,-1.955407142640000,0.000000000000000
-37.796875000000000,174.900878906000003,1.576092720030000,1.814021110530000,1.951579809190000,-1.955139636990000,0.000000000000000
-37.797363281199999,174.899291992000002,1.574143290520000,1.811732888220000,1.949156880380000,-1.953965425490000,0.000000000000000
-37.797275543200001,174.899719237999989,1.574967384340000,1.812671899800000,1.950110793110000,-1.954486489300000,0.000000000000000
-37.797122955299997,174.900161743000012,1.575432658200000,1.813226938250000,1.950704336170000,-1.954700231550000,0.000000000000000
-37.796928405800003,174.900482178000004,1.575662255290000,1.813518524170000,1.951040148740000,-1.954905271530000,0.000000000000000
-37.795730590799998,174.902847290000011,1.577759623530000,1.815789103510000,1.953644871710000,-1.956212878230000,0.000000000000000
-37.795864105200003,174.902465820000003,1.577226281170000,1.815176248550000,1.952971458440000,-1.955874919890000,0.000000000000000
-37.795303344700002,174.902923584000007,1.577858448030000,1.815917611120000,1.953787565230000,-1.956256389620000,0.000000000000000
-37.794872283899998,174.902984618999994,1.578169822690000,1.816269040110000,1.954132199290000,-1.956519603730000,0.000000000000000
-37.794448852499997,174.903030395999991,1.577988624570000,1.816014528270000,1.953899264340000,-1.956382036210000,0.000000000000000
-37.794273376500001,174.903411865000010,1.578505277630000,1.816628575330000,1.954572319980000,-1.956647872920000,0.000000000000000
-37.793663024899999,174.903808593999997,1.578498840330000,1.816717028620000,1.954710364340000,-1.956660509110000,0.000000000000000
-37.793853759800001,174.903427123999990,1.578497052190000,1.816585421560000,1.954517364500000,-1.956655025480000,0.000000000000000
-37.793052673299997,174.904159545999988,1.578683733940000,1.816896557810000,1.954966187480000,-1.956632971760000,0.000000000000000
-37.792060852100001,174.904418945000003,1.579097151760000,1.817165493970000,1.955353856090000,-1.956437349320000,0.000000000000000
-37.792652130100002,174.904129028000000,1.578542947770000,1.816556096080000,1.954674959180000,-1.956165552140000,0.000000000000000
-37.792270660400000,174.904098511000001,1.578487157820000,1.816490411760000,1.954622387890000,-1.956115365030000,0.000000000000000
-37.793254852300002,174.903793334999989,1.578113913540000,1.816176772120000,1.954213142400000,-1.956211686130000,0.000000000000000
-37.791690826400000,174.904357909999987,1.579050302510000,1.817080855370000,1.955304861070000,-1.956285834310000,0.000000000000000
-37.790229797400002,174.904403687000013,1.579374790190000,1.817211389540000,1.955678224560000,-1.955791473390000,0.000000000000000
-37.790584564200003,174.904479979999991,1.579357624050000,1.817273736000000,1.955653548240000,-1.955971002580000,0.000000000000000
-37.791030883799998,174.904479979999991,1.579302668570000,1.817292809490000,1.955597639080000,-1.956102728840000,0.000000000000000
-37.791362762500000,174.904296875000000,1.578948378560000,1.816936135290000,1.955182552340000,-1.956039190290000,0.000000000000000
-37.789947509800001,174.904067993000012,1.578953742980000,1.816698193550000,1.955201029780000,-1.955667138100000,0.000000000000000
-37.789493560799997,174.903823853000006,1.578986167910000,1.816658973690000,1.955275893210000,-1.955343961720000,0.000000000000000
-37.789100646999998,174.903594970999990,1.579239606860000,1.816900968550000,1.955605387690000,-1.955672502520000,0.000000000000000
-37.787628173800002,174.902786254999995,1.581026434900000,1.818744540210000,1.958027243610000,-1.955961465840000,0.000000000000000
-37.787597656199999,174.902389526000007,1.581009149550000,1.818643927570000,1.957951903340000,-1.955232381820000,0.000000000000000
-37.788730621299997,174.903381348000011,1.579511523250000,1.817123532300000,1.955932617190000,-1.955638051030000,0.000000000000000
-37.788364410400000,174.903167725000003,1.580029845240000,1.817483067510000,1.956404805180000,-1.954931497570000,0.000000000000000
-37.787994384800001,174.902969359999986,1.580915808680000,1.818711638450000,1.957818031310000,-1.957734227180000,0.000000000000000
-37.787597656199999,174.902008056999989,1.581306576730000,1.819028615950000,1.958381533620000,-1.955471396450000,0.000000000000000
-37.787616729699998,174.901596068999993,1.581344127660000,1.819118261340000,1.958468914030000,-1.955484271050000,0.000000000000000
-37.787628173800002,174.901138306000007,1.581995368000000,1.819551229480000,1.958949327470000,-1.954001307490000,0.000000000000000
-37.796142578100003,174.901702881000006,1.576203703880000,1.813918232920000,1.951627254490000,-1.955196499820000,0.000000000000000
-37.796012878399999,174.902084351000013,1.576460242270000,1.814307212830000,1.952085256580000,-1.955279231070000,0.000000000000000
-37.799751281699997,174.901702881000006,1.576463937760000,1.814404964450000,1.951917529110000,-1.955541253090000,0.000000000000000
-37.798732757600000,174.900360107000012,1.576108098030000,1.814077138900000,1.951532006260000,-1.955311179160000,0.000000000000000
-37.799266815199999,174.900955199999999,1.576396584510000,1.814371228220000,1.951857090000000,-1.955014824870000,0.000000000000000
-37.798198700000000,174.899871826000009,1.575481653210000,1.813376069070000,1.950822949410000,-1.954934000970000,0.000000000000000
-37.797725677499997,174.899536132999998,1.574740409850000,1.812403917310000,1.949827432630000,-1.954168438910000,0.000000000000000
-37.797698974600003,174.899154662999990,1.574261665340000,1.811846733090000,1.949220418930000,-1.954050302510000,0.000000000000000
-37.797767639200003,174.898880004999995,1.573938608170000,1.811516284940000,1.948855280880000,-1.953827381130000,0.000000000000000
-37.797435760500001,174.898941040000011,1.573663949970000,1.811249971390000,1.948612332340000,-1.953798532490000,0.000000000000000
-37.797550201400000,174.898605347000000,1.573501229290000,1.811167716980000,1.948459029200000,-1.953890919690000,0.000000000000000
-37.796283721899997,174.901336670000006,1.575910091400000,1.813668489460000,1.951318264010000,-1.955057263370000,0.000000000000000
-37.796436309800001,174.900955199999999,1.575989961620000,1.813838362690000,1.951399207120000,-1.955282688140000,0.000000000000000
-37.796566009499998,174.900573729999991,1.575657248500000,1.813481450080000,1.951011300090000,-1.954980850220000,0.000000000000000
-37.797069549600003,174.899017334000007,1.573500990870000,1.810984253880000,1.948380112650000,-1.953503847120000,0.000000000000000
-37.796966552699999,174.899414062000005,1.574227452280000,1.811741352080000,1.949160575870000,-1.953886866570000,0.000000000000000
-37.796844482399997,174.899810790999993,1.574808955190000,1.812478899960000,1.949934363370000,-1.954367041590000,0.000000000000000
-37.796699523900003,174.900192261000001,1.575320363040000,1.813075780870000,1.950561523440000,-1.954751849170000,0.000000000000000
-37.795452117899998,174.902542113999999,1.577286362650000,1.815266728400000,1.953070759770000,-1.955965280530000,0.000000000000000
-37.795597076400000,174.902145386000001,1.576801061630000,1.814661026000000,1.952418446540000,-1.955612540250000,0.000000000000000
-37.795032501199998,174.902587890999996,1.577397704120000,1.815388441090000,1.953217983250000,-1.955969452860000,0.000000000000000
-37.794612884499998,174.902648926000012,1.577300071720000,1.815267324450000,1.953111290930000,-1.955974340440000,0.000000000000000
-37.794197082499998,174.902679443000011,1.576938986780000,1.814945936200000,1.952819108960000,-1.955637931820000,0.000000000000000
-37.794029235799997,174.903060912999990,1.577767014500000,1.815869331360000,1.953779935840000,-1.956200838090000,0.000000000000000
-37.793445587199997,174.903442382999998,1.577786207200000,1.815896630290000,1.953862190250000,-1.956182718280000,0.000000000000000
-37.793624877900001,174.903076171999999,1.577405095100000,1.815467715260000,1.953391313550000,-1.955949306490000,0.000000000000000
-37.792854309100001,174.903793334999989,1.577981114390000,1.816024661060000,1.954077124600000,-1.956000924110000,0.000000000000000
-37.791900634800001,174.904052734000004,1.578389406200000,1.816339373590000,1.954507589340000,-1.955792665480000,0.000000000000000
-37.792465210000003,174.903778076000009,1.577812552450000,1.815729141240000,1.953820586200000,-1.955729603770000,0.000000000000000
-37.792102813699998,174.903747559000010,1.577811837200000,1.815694093700000,1.953810811040000,-1.955507159230000,0.000000000000000
-37.793045043900001,174.903442382999998,1.577353835110000,1.815277457240000,1.953291416170000,-1.955581903460000,0.000000000000000
-37.791534423800002,174.904006957999997,1.578276157380000,1.816181182860000,1.954376101490000,-1.955631613730000,0.000000000000000
-37.790409088099999,174.904083251999992,1.578834772110000,1.816539287570000,1.954939723010000,-1.955561757090000,0.000000000000000
-37.790763855000002,174.904159545999988,1.578784585000000,1.816612362860000,1.954935431480000,-1.955697774890000,0.000000000000000
-37.791110992400000,174.903976440000008,1.578285574910000,1.816071867940000,1.954336166380000,-1.955433964730000,0.000000000000000
-37.790245056200000,174.903686523000005,1.578157663350000,1.815834403040000,1.954264998440000,-1.955280542370000,0.000000000000000
-37.789840698200003,174.903549193999993,1.578209280970000,1.815914630890000,1.954458594320000,-1.955299377440000,0.000000000000000
-37.789447784399997,174.903366089000002,1.578403711320000,1.815963864330000,1.954602122310000,-1.955231308940000,0.000000000000000
-37.789077758799998,174.903152465999995,1.578802108760000,1.816452741620000,1.955209374430000,-1.955381751060000,0.000000000000000
-37.787960052499997,174.902542113999999,1.581081151960000,1.818860530850000,1.958143949510000,-1.958551168440000,0.000000000000000
-37.787887573200003,174.902206420999988,1.580876588820000,1.818397283550000,1.957726836200000,-1.957162737850000,0.000000000000000
-37.788719177200001,174.902938842999987,1.578962326050000,1.816673040390000,1.955521225930000,-1.955771207810000,0.000000000000000
-37.788345336900001,174.902725220000008,1.579936265950000,1.817546248440000,1.956575512890000,-1.956385254860000,0.000000000000000
-37.787975311300002,174.901870728000006,1.580669999120000,1.818271875380000,1.957572221760000,-1.957200169560000,0.000000000000000
-37.788005828899998,174.901458740000010,1.580188632010000,1.817974925040000,1.957216858860000,-1.958296179770000,0.000000000000000
-37.795879364000001,174.901382446000014,1.575651526450000,1.813325881960000,1.951001048090000,-1.954912424090000,0.000000000000000
-37.795738220200001,174.901763915999993,1.575864315030000,1.813658952710000,1.951403260230000,-1.954971432690000,0.000000000000000
-37.798873901400000,174.899612426999994,1.575491905210000,1.813320994380000,1.950724244120000,-1.954580783840000,0.000000000000000
-37.800247192400001,174.900802612000007,1.576403141020000,1.814443707470000,1.951937317850000,-1.955452919010000,0.000000000000000
-37.799514770499997,174.900146484000004,1.576097846030000,1.814073204990000,1.951508045200000,-1.955358862880000,0.000000000000000
-37.800964355500000,174.900314331000004,1.576139211650000,1.814017534260000,1.951465010640000,-1.954908609390000,0.000000000000000
-37.798202514600000,174.899124145999991,1.574763655660000,1.812440514560000,1.949788689610000,-1.954516053200000,0.000000000000000
-37.797946929900000,174.898574829000012,1.573757648470000,1.811385393140000,1.948673725130000,-1.953777909280000,0.000000000000000
-37.797672271700002,174.898239136000001,1.573385357860000,1.811079859730000,1.948311090470000,-1.953818917270000,0.000000000000000
-37.797180175800001,174.898651123000008,1.573125123980000,1.810710906980000,1.948032140730000,-1.953558087350000,0.000000000000000
-37.797420501700003,174.897933959999989,1.572872042660000,1.810570716860000,1.947768688200000,-1.953505277630000,0.000000000000000
-37.797298431400002,174.898300170999988,1.572976112370000,1.810579419140000,1.947836756710000,-1.953506112100000,0.000000000000000
-37.796024322500003,174.901016234999986,1.575467586520000,1.813202023510000,1.950816035270000,-1.954868197440000,0.000000000000000
-37.796161651600002,174.900634765999996,1.575501680370000,1.813222646710000,1.950764536860000,-1.954859256740000,0.000000000000000
-37.796298980700001,174.900253295999988,1.574961662290000,1.812643289570000,1.950167536740000,-1.954440951350000,0.000000000000000
-37.796802520800000,174.898727417000003,1.572777509690000,1.810248732570000,1.947623133660000,-1.953176021580000,0.000000000000000
-37.796684265099998,174.899108887000011,1.573588967320000,1.811175942420000,1.948555588720000,-1.953793883320000,0.000000000000000
-37.796562194800003,174.899490356000001,1.574185132980000,1.811694979670000,1.949132204060000,-1.953953504560000,0.000000000000000
-37.796432495099999,174.899871826000009,1.574795603750000,1.812375187870000,1.949831128120000,-1.954368829730000,0.000000000000000
-37.795181274400001,174.902206420999988,1.576772570610000,1.814676165580000,1.952465295790000,-1.955549478530000,0.000000000000000
-37.795330047599997,174.901824951000009,1.575821518900000,1.813683867450000,1.951447010040000,-1.954954862590000,0.000000000000000
-37.794769287100003,174.902252196999996,1.576840043070000,1.814772605900000,1.952552080150000,-1.955719470980000,0.000000000000000
-37.794353485099997,174.902297973999993,1.576488614080000,1.814375042920000,1.952186226840000,-1.955405354500000,0.000000000000000
-37.793941497799999,174.902343750000000,1.576210379600000,1.814002394680000,1.951836943630000,-1.955168724060000,0.000000000000000
-37.793788909900002,174.902709960999999,1.576853871350000,1.814790487290000,1.952668070790000,-1.955599904060000,0.000000000000000
-37.793228149400001,174.903091431000007,1.577031970020000,1.814915776250000,1.952859759330000,-1.955547213550000,0.000000000000000
-37.793399810799997,174.902740478999988,1.576545476910000,1.814364433290000,1.952258944510000,-1.955276250840000,0.000000000000000
-37.792648315400001,174.903427123999990,1.577136278150000,1.814969658850000,1.953001260760000,-1.955351114270000,0.000000000000000
-37.791751861599998,174.903701782000013,1.577628731730000,1.815454363820000,1.953605651860000,-1.955370068550000,0.000000000000000
-37.792266845699999,174.903427123999990,1.576914668080000,1.814649105070000,1.952741026880000,-1.954897284510000,0.000000000000000
-37.791950225800001,174.903457642000006,1.577051877980000,1.814832806590000,1.952930212020000,-1.955160260200000,0.000000000000000
-37.792831420900001,174.903076171999999,1.576572179790000,1.814341902730000,1.952316284180000,-1.955111503600000,0.000000000000000
-37.791374206500002,174.903625487999989,1.577599883080000,1.815372109410000,1.953552603720000,-1.955218315120000,0.000000000000000
-37.790683746299997,174.903747559000010,1.577870368960000,1.815492749210000,1.953846335410000,-1.955002784730000,0.000000000000000
-37.791027069099997,174.903564453000001,1.577566146850000,1.815145492550000,1.953403711320000,-1.955159425740000,0.000000000000000
-37.790454864499999,174.903411865000010,1.577432513240000,1.815022230150000,1.953405499460000,-1.955041646960000,0.000000000000000
-37.790138244600001,174.903274535999998,1.577399849890000,1.815046548840000,1.953493475910000,-1.955265402790000,0.000000000000000
-37.789772033699997,174.903106688999998,1.577516317370000,1.815195679660000,1.953734755520000,-1.955898404120000,0.000000000000000
-37.789409637500000,174.902908324999999,1.577744126320000,1.815412521360000,1.954098343850000,-1.955714344980000,0.000000000000000
-37.789062500000000,174.902709960999999,1.577806472780000,1.815431714060000,1.954208016400000,-1.955859780310000,0.000000000000000
-37.788311004599997,174.902221679999997,1.580125093460000,1.817898035050000,1.957126855850000,-1.958021759990000,0.000000000000000
-37.788726806600003,174.902481079000012,1.578482389450000,1.816157102580000,1.955053806300000,-1.955907940860000,0.000000000000000
-37.788429260299999,174.901718140000014,1.580441474910000,1.817832589150000,1.957306981090000,-1.956145524980000,0.000000000000000
-37.795616149899999,174.901062012000011,1.574881672860000,1.812530040740000,1.950190663340000,-1.954453587530000,0.000000000000000
-37.795475006099998,174.901443481000001,1.575175523760000,1.812941193580000,1.950655460360000,-1.954571962360000,0.000000000000000
-37.798957824699997,174.898880004999995,1.574786424640000,1.812481522560000,1.949815154080000,-1.954266071320000,0.000000000000000
-37.799625396700002,174.899322509999990,1.575564742090000,1.813529729840000,1.950935482980000,-1.955139040950000,0.000000000000000
-37.800350189200003,174.899841309000010,1.576068162920000,1.813882112500000,1.951291441920000,-1.954671859740000,0.000000000000000
-37.801326751700003,174.899536132999998,1.574892640110000,1.812015533450000,1.949489712720000,-1.950714468960000,0.000000000000000
-37.797576904300001,174.897583007999998,1.572946548460000,1.810651779170000,1.947785615920000,-1.953619480130000,0.000000000000000
-37.797756195100000,174.897888184000010,1.573177933690000,1.810878753660000,1.948063373570000,-1.953697323800000,0.000000000000000
-37.798442840600003,174.898468017999988,1.574252247810000,1.811906695370000,1.949175357820000,-1.954144358630000,0.000000000000000
-37.798061370799999,174.898117065000008,1.573528409000000,1.811244487760000,1.948457717900000,-1.953808307650000,0.000000000000000
-37.796920776400000,174.898361206000004,1.572559356690000,1.810051202770000,1.947353601460000,-1.953338503840000,0.000000000000000
-37.797325134300003,174.897247313999998,1.572842121120000,1.810518980030000,1.947587251660000,-1.953627586360000,0.000000000000000
-37.797180175800001,174.897628784000005,1.572754025460000,1.810410618780000,1.947552680970000,-1.953530192380000,0.000000000000000
-37.797046661400003,174.897994995000005,1.572750806810000,1.810369133950000,1.947561621670000,-1.953654170040000,0.000000000000000
-37.795757293699999,174.900695801000012,1.575049757960000,1.812638998030000,1.950214862820000,-1.954673290250000,0.000000000000000
-37.795894622799999,174.900314331000004,1.574753284450000,1.812331199650000,1.949864387510000,-1.954415798190000,0.000000000000000
-37.796031951899998,174.899932860999996,1.574485421180000,1.812034845350000,1.949507713320000,-1.954251527790000,0.000000000000000
-37.796539306600003,174.898422240999992,1.572207927700000,1.809596657750000,1.946926474570000,-1.952964425090000,0.000000000000000
-37.796413421600001,174.898788451999991,1.572643518450000,1.810107707980000,1.947477459910000,-1.953166842460000,0.000000000000000
-37.796291351299999,174.899169921999999,1.573258161540000,1.810741662980000,1.948154091840000,-1.953428983690000,0.000000000000000
-37.796161651600002,174.899551392000006,1.573937416080000,1.811456561090000,1.948894739150000,-1.953871011730000,0.000000000000000
-37.794918060299999,174.901870728000006,1.575799465180000,1.813628435130000,1.951398491860000,-1.954941391940000,0.000000000000000
-37.795066833500002,174.901504517000006,1.575198769570000,1.812940955160000,1.950655817990000,-1.954648137090000,0.000000000000000
-37.794509887700002,174.901916504000013,1.575764894490000,1.813572525980000,1.951349854470000,-1.954933166500000,0.000000000000000
-37.794097900399997,174.901962279999992,1.575563192370000,1.813273429870000,1.951056122780000,-1.954801440240000,0.000000000000000
-37.793678283699997,174.901992798000009,1.575202345850000,1.812848687170000,1.950651526450000,-1.954451918600000,0.000000000000000
-37.793537139900003,174.902374267999988,1.575794100760000,1.813564300540000,1.951424121860000,-1.954801678660000,0.000000000000000
-37.793018341100002,174.902725220000008,1.575955629350000,1.813651561740000,1.951578974720000,-1.954805731770000,0.000000000000000
-37.793197631799998,174.902435303000004,1.575623750690000,1.813356876370000,1.951233148570000,-1.954783320430000,0.000000000000000
-37.792430877699999,174.903076171999999,1.576282739640000,1.813980221750000,1.951990962030000,-1.954892516140000,0.000000000000000
-37.791641235400000,174.903320312000005,1.576927661900000,1.814496397970000,1.952647209170000,-1.954597473140000,0.000000000000000
-37.791996002200001,174.903076171999999,1.576157689090000,1.813675403590000,1.951767206190000,-1.954501032830000,0.000000000000000
-37.792621612500000,174.902725220000008,1.575595498090000,1.813190579410000,1.951163411140000,-1.954465389250000,0.000000000000000
-37.791194915799998,174.903167725000003,1.576704859730000,1.814186930660000,1.952360868450000,-1.955114483830000,0.000000000000000
-37.790763855000002,174.903305053999986,1.577075004580000,1.814575672150000,1.952896118160000,-1.955007314680000,0.000000000000000
-37.790435791000000,174.903060912999990,1.576728582380000,1.814227581020000,1.952601313590000,-1.955064892770000,0.000000000000000
-37.790077209499998,174.902862548999991,1.576845645900000,1.814311146740000,1.952793717380000,-1.954782128330000,0.000000000000000
-37.789714813200000,174.902679443000011,1.576943635940000,1.814520359040000,1.953080534930000,-1.956019878390000,0.000000000000000
-37.789375305199997,174.902481079000012,1.577155947690000,1.814749717710000,1.953428030010000,-1.956832885740000,0.000000000000000
-37.789070129400002,174.902313232000012,1.577658176420000,1.815159440040000,1.954027056690000,-1.955475091930000,0.000000000000000
-37.788848877000000,174.901977539000001,1.576400280000000,1.814194321630000,1.953023195270000,-1.958170533180000,0.000000000000000
-37.795356750499998,174.900741576999991,1.574234724040000,1.811790466310000,1.949419617650000,-1.954030752180000,0.000000000000000
-37.795211792000003,174.901123046999999,1.574700593950000,1.812317490580000,1.949986100200000,-1.954319953920000,0.000000000000000
-37.798984527599998,174.898208618000012,1.574185371400000,1.811983227730000,1.949202895160000,-1.954176783560000,0.000000000000000
-37.799629211400003,174.898498534999987,1.574867129330000,1.812604546550000,1.949901938440000,-1.954513072970000,0.000000000000000
-37.800434112500000,174.898910521999994,1.575477600100000,1.813262701030000,1.950636506080000,-1.954506874080000,0.000000000000000
-37.797733306900000,174.897201537999990,1.572877645490000,1.810611605640000,1.947699308400000,-1.953555107120000,0.000000000000000
-37.798049926799997,174.897598267000006,1.573245167730000,1.810942173000000,1.948092460630000,-1.953638195990000,0.000000000000000
-37.798503875700000,174.897903442000000,1.573679208760000,1.811231493950000,1.948462843890000,-1.953740596770000,0.000000000000000
-37.797836303700002,174.896789551000012,1.572471141820000,1.810153603550000,1.947226762770000,-1.953252196310000,0.000000000000000
-37.797576904300001,174.896499634000008,1.571928620340000,1.809528470040000,1.946575760840000,-1.952955484390000,0.000000000000000
-37.797454834000000,174.896865845000008,1.572355270390000,1.809980273250000,1.947058916090000,-1.953111052510000,0.000000000000000
-37.796665191700001,174.898056029999992,1.572311639790000,1.809815645220000,1.947046637540000,-1.953303575520000,0.000000000000000
-37.797065734900002,174.896926879999995,1.572184562680000,1.809818625450000,1.946873307230000,-1.953252792360000,0.000000000000000
-37.796932220499997,174.897308350000003,1.572329401970000,1.809929609300000,1.947048306470000,-1.953241109850000,0.000000000000000
-37.796794891399998,174.897674561000002,1.572441339490000,1.810117840770000,1.947259426120000,-1.953498005870000,0.000000000000000
-37.795494079599997,174.900375365999992,1.574286222460000,1.811793088910000,1.949344515800000,-1.954203009610000,0.000000000000000
-37.795631408699997,174.899993896000012,1.573950767520000,1.811438322070000,1.948950886730000,-1.953899264340000,0.000000000000000
-37.795764923100002,174.899612426999994,1.573541998860000,1.811090469360000,1.948549151420000,-1.953768134120000,0.000000000000000
-37.796279907200002,174.898101806999989,1.571992754940000,1.809267640110000,1.946534752850000,-1.953049063680000,0.000000000000000
-37.796150207499998,174.898483276000007,1.572052359580000,1.809331893920000,1.946671962740000,-1.952922821040000,0.000000000000000
-37.796024322500003,174.898849487000007,1.572491168980000,1.809890747070000,1.947271347050000,-1.953136920930000,0.000000000000000
-37.795898437500000,174.899230956999986,1.573044538500000,1.810539960860000,1.947958946230000,-1.953434824940000,0.000000000000000
-37.794658660899998,174.901550293000014,1.575054764750000,1.812696456910000,1.950439810750000,-1.954412698750000,0.000000000000000
-37.794807434100001,174.901168823000006,1.574356913570000,1.811885476110000,1.949590563770000,-1.954046010970000,0.000000000000000
-37.794250488300001,174.901580811000002,1.574879646300000,1.812494158740000,1.950234174730000,-1.954366564750000,0.000000000000000
-37.793842315699997,174.901626587000010,1.574426174160000,1.811987519260000,1.949757933620000,-1.954104185100000,0.000000000000000
-37.793441772500003,174.901641845999990,1.574108362200000,1.811536908150000,1.949323415760000,-1.953695893290000,0.000000000000000
-37.793216705299997,174.902038573999988,1.574935197830000,1.812502026560000,1.950313925740000,-1.954517364500000,0.000000000000000
-37.792823791499998,174.902328490999992,1.574870228770000,1.812335491180000,1.950239896770000,-1.954356670380000,0.000000000000000
-37.792224883999999,174.902725220000008,1.575436353680000,1.812913537030000,1.950911164280000,-1.954439878460000,0.000000000000000
-37.791576385500001,174.902877808000000,1.575770974160000,1.813025236130000,1.951172351840000,-1.954082965850000,0.000000000000000
-37.791877746600001,174.902694701999991,1.575318455700000,1.812687754630000,1.950758695600000,-1.954715251920000,0.000000000000000
-37.792400360099997,174.902374267999988,1.574785470960000,1.812135815620000,1.950088500980000,-1.954103350640000,0.000000000000000
-37.791175842299999,174.902648926000012,1.575549602510000,1.812879204750000,1.951077818870000,-1.954717040060000,0.000000000000000
-37.790790557900003,174.902862548999991,1.576177358630000,1.813601017000000,1.951905131340000,-1.954836726190000,0.000000000000000
-37.790401458700003,174.902618407999995,1.575723171230000,1.813228845600000,1.951560378070000,-1.955521225930000,0.000000000000000
-37.790000915500002,174.902420043999996,1.575708150860000,1.813222169880000,1.951615452770000,-1.956006407740000,0.000000000000000
-37.789649963400002,174.902282715000013,1.576002717020000,1.813578605650000,1.952145457270000,-1.956390023230000,0.000000000000000
-37.789337158199999,174.901947021000012,1.575384259220000,1.813242673870000,1.951798915860000,-1.958325386050000,0.000000000000000
-37.795093536400003,174.900421142999988,1.573506236080000,1.810936689380000,1.948537707330000,-1.953705191610000,0.000000000000000
-37.794952392600003,174.900787353999988,1.573954701420000,1.811361908910000,1.949009656910000,-1.953902959820000,0.000000000000000
-37.798923492400000,174.897705078000001,1.573804378510000,1.811380743980000,1.948602557180000,-1.953777909280000,0.000000000000000
-37.799457550000000,174.897781371999997,1.574222683910000,1.811851143840000,1.949082374570000,-1.954015970230000,0.000000000000000
-37.800312042199998,174.897888184000010,1.574713706970000,1.812416672710000,1.949698328970000,-1.954347252850000,0.000000000000000
-37.801082611100000,174.897445678999986,1.574524760250000,1.812000155450000,1.949390292170000,-1.952705383300000,0.000000000000000
-37.798164367699997,174.897064209000007,1.573028206830000,1.810737490650000,1.947825193410000,-1.953587532040000,0.000000000000000
-37.798561096199997,174.897384643999999,1.573245167730000,1.811035156250000,1.948150396350000,-1.953783512120000,0.000000000000000
-37.798171997099999,174.896682738999999,1.572606921200000,1.810248970990000,1.947334647180000,-1.953238844870000,0.000000000000000
-37.797935485799997,174.896423340000013,1.572231411930000,1.809860467910000,1.946869254110000,-1.953144669530000,0.000000000000000
-37.797695159900002,174.896148681999989,1.571893692020000,1.809462547300000,1.946443080900000,-1.952969908710000,0.000000000000000
-37.797470092799998,174.895828246999997,1.571566104890000,1.809050560000000,1.945983171460000,-1.952767014500000,0.000000000000000
-37.797332763699998,174.896194457999997,1.571735024450000,1.809232473370000,1.946193575860000,-1.952972650530000,0.000000000000000
-37.797199249300000,174.896560668999996,1.571649432180000,1.809192895890000,1.946244120600000,-1.952765822410000,0.000000000000000
-37.796409606899999,174.897735595999990,1.571987271310000,1.809478998180000,1.946666598320000,-1.953263998030000,0.000000000000000
-37.796817779500003,174.896606445000003,1.571453571320000,1.808986902240000,1.946025371550000,-1.952780723570000,0.000000000000000
-37.796680450399997,174.896987915000011,1.571782827380000,1.809378743170000,1.946449995040000,-1.953036069870000,0.000000000000000
-37.796543121299997,174.897354126000010,1.571962952610000,1.809588432310000,1.946702003480000,-1.953275680540000,0.000000000000000
-37.795234680199997,174.900039673000009,1.573434710500000,1.810880064960000,1.948401451110000,-1.953804016110000,0.000000000000000
-37.795368194600002,174.899673462000010,1.572999000550000,1.810393452640000,1.947878718380000,-1.953422069550000,0.000000000000000
-37.795501709000000,174.899291992000002,1.572757959370000,1.810100197790000,1.947525024410000,-1.953328371050000,0.000000000000000
-37.796020507800002,174.897781371999997,1.571448922160000,1.808765888210000,1.945988178250000,-1.952813148500000,0.000000000000000
-37.795890808099998,174.898162842000005,1.571672677990000,1.808902382850000,1.946175336840000,-1.952987909320000,0.000000000000000
-37.795764923100002,174.898544312000013,1.571618795390000,1.808836102490000,1.946207523350000,-1.952573776250000,0.000000000000000
-37.795635223399998,174.898910521999994,1.572317004200000,1.809571385380000,1.946956634520000,-1.953027248380000,0.000000000000000
-37.794399261499997,174.901214600000003,1.574190616610000,1.811641216280000,1.949347734450000,-1.953942298890000,0.000000000000000
-37.794548034700000,174.900833129999995,1.573458194730000,1.810812354090000,1.948482155800000,-1.953566312790000,0.000000000000000
-37.793994903600002,174.901245117000002,1.574028015140000,1.811478853230000,1.949188947680000,-1.953955173490000,0.000000000000000
-37.793590545699999,174.901290893999999,1.573528170590000,1.810847401620000,1.948582410810000,-1.953723073010000,0.000000000000000
-37.793262481699998,174.901336670000006,1.573216915130000,1.810485005380000,1.948249220850000,-1.953258633610000,0.000000000000000
-37.793052673299997,174.901596068999993,1.573746204380000,1.811163663860000,1.948954224590000,-1.954283118250000,0.000000000000000
-37.792781829799999,174.901870728000006,1.573933839800000,1.811303734780000,1.949186086650000,-1.954139590260000,0.000000000000000
-37.792522430399998,174.902069092000005,1.574207425120000,1.811464905740000,1.949390053750000,-1.953772664070000,0.000000000000000
-37.792011260999999,174.902374267999988,1.574680447580000,1.812070131300000,1.950092077260000,-1.954631924630000,0.000000000000000
-37.791576385500001,174.902389526000007,1.574458360670000,1.811654090880000,1.949770808220000,-1.954069375990000,0.000000000000000
-37.792190551799997,174.902038573999988,1.573962807660000,1.811325907710000,1.949272871020000,-1.954702734950000,0.000000000000000
-37.791152954099999,174.902175903000000,1.574070930480000,1.811367154120000,1.949496269230000,-1.955151796340000,0.000000000000000
-37.790767669700003,174.902374267999988,1.574703693390000,1.812127470970000,1.950357675550000,-1.955018877980000,0.000000000000000
-37.790325164800002,174.902130126999992,1.574450969700000,1.811788558960000,1.950031280520000,-1.954857707020000,0.000000000000000
-37.789829254200001,174.901916504000013,1.574657320980000,1.812367796900000,1.950743913650000,-1.957084298130000,0.000000000000000
-37.794834137000002,174.900085448999988,1.572922945020000,1.810107707980000,1.947667121890000,-1.953429579730000,0.000000000000000
-37.794696807900003,174.900466918999996,1.573115468030000,1.810367703440000,1.947980761530000,-1.953483343120000,0.000000000000000
-37.799106597900000,174.897232056000007,1.573434710500000,1.811113595960000,1.948264241220000,-1.953695058820000,0.000000000000000
-37.799789428700002,174.897140503000003,1.573778510090000,1.811465382580000,1.948675274850000,-1.953821301460000,0.000000000000000
-37.800449371299997,174.897094726999995,1.574441432950000,1.812160611150000,1.949462890620000,-1.954204678540000,0.000000000000000
-37.798625946000001,174.896774292000003,1.572915911670000,1.810645103450000,1.947710514070000,-1.953451633450000,0.000000000000000
-37.798305511499997,174.896331787000008,1.572337627410000,1.809946417810000,1.947010278700000,-1.953079462050000,0.000000000000000
-37.798019409200002,174.896102904999992,1.571954369540000,1.809570312500000,1.946568369870000,-1.952951192860000,0.000000000000000
-37.797618866000001,174.895477295000006,1.571452617650000,1.808907389640000,1.945803999900000,-1.952686667440000,0.000000000000000
-37.797855377200001,174.895797729000009,1.571670532230000,1.809225797650000,1.946182370190000,-1.952792644500000,0.000000000000000
-37.797237396200003,174.895523071000014,1.571196198460000,1.808604359630000,1.945492267610000,-1.952581763270000,0.000000000000000
-37.797096252400003,174.895874023000005,1.571322321890000,1.808761000630000,1.945686578750000,-1.952709198000000,0.000000000000000
-37.796955108600002,174.896240234000004,1.571354985240000,1.808845877650000,1.945822000500000,-1.952776193620000,0.000000000000000
-37.797370910600002,174.895156859999986,1.571208477020000,1.808569192890000,1.945407748220000,-1.952541828160000,0.000000000000000
-37.796154022200000,174.897415160999998,1.571496486660000,1.808971881870000,1.946107625960000,-1.953029394150000,0.000000000000000
-37.796573638900000,174.896286011000001,1.570833086970000,1.808315277100000,1.945307612420000,-1.952539920810000,0.000000000000000
-37.796428680399998,174.896652222000000,1.571049213410000,1.808586955070000,1.945621252060000,-1.952724695210000,0.000000000000000
-37.796291351299999,174.897033690999990,1.571270465850000,1.808722853660000,1.945820927620000,-1.952785968780000,0.000000000000000
-37.794975280800003,174.899719237999989,1.572667360310000,1.809834837910000,1.947349190710000,-1.953281283380000,0.000000000000000
-37.795108795200001,174.899337768999999,1.572465062140000,1.809688091280000,1.947135686870000,-1.953250885010000,0.000000000000000
-37.795242309599999,174.898971558000000,1.571953296660000,1.809102177620000,1.946522474290000,-1.952835083010000,0.000000000000000
-37.795768737800003,174.897460937999995,1.570864558220000,1.808171153070000,1.945345163350000,-1.952776670460000,0.000000000000000
-37.795635223399998,174.897842407000013,1.571050286290000,1.808225631710000,1.945466160770000,-1.952813506130000,0.000000000000000
-37.795505523700001,174.898223876999992,1.571121215820000,1.808167219160000,1.945485591890000,-1.952591776850000,0.000000000000000
-37.795375823999997,174.898590087999992,1.571449279790000,1.808581709860000,1.945948839190000,-1.952717661860000,0.000000000000000
-37.794143676799997,174.900878906000003,1.572908401490000,1.810205221180000,1.947919249530000,-1.953098177910000,0.000000000000000
-37.794296264600000,174.900497437000013,1.572450518610000,1.809718012810000,1.947375297550000,-1.953407049180000,0.000000000000000
-37.793731689500000,174.900909423999991,1.572833061220000,1.810155272480000,1.947845816610000,-1.953470230100000,0.000000000000000
-37.793277740500002,174.900939940999990,1.572457790370000,1.809679746630000,1.947395086290000,-1.953382492070000,0.000000000000000
-37.792942047099999,174.901199340999995,1.572744846340000,1.809936523440000,1.947721242900000,-1.953893423080000,0.000000000000000
-37.792671203600001,174.901473998999990,1.572922229770000,1.810139536860000,1.947980880740000,-1.953805923460000,0.000000000000000
-37.792411804200000,174.901748657000013,1.573121666910000,1.810332775120000,1.948225736620000,-1.953896760940000,0.000000000000000
-37.791797637899997,174.902008056999989,1.573564052580000,1.810815572740000,1.948831081390000,-1.954684257510000,0.000000000000000
-37.791450500499998,174.901992798000009,1.573940038680000,1.811136603360000,1.949227213860000,-1.954598188400000,0.000000000000000
-37.792011260999999,174.901657104000009,1.573198318480000,1.810327887540000,1.948340535160000,-1.954283475880000,0.000000000000000
-37.791187286400003,174.901794434000010,1.572689890860000,1.809791922570000,1.947797060010000,-1.955096244810000,0.000000000000000
-37.790756225599999,174.901824951000009,1.573201537130000,1.810356020930000,1.948460936550000,-1.953883528710000,0.000000000000000
-37.790210723900003,174.901626587000010,1.571682333950000,1.808961749080000,1.946740508080000,-1.957366585730000,0.000000000000000
-37.794578552200001,174.899765015000014,1.572078228000000,1.809109926220000,1.946646094320000,-1.953045129780000,0.000000000000000
-37.794441223100002,174.900131226000013,1.572301030160000,1.809485077860000,1.947077035900000,-1.953281641010000,0.000000000000000
-37.801441192600002,174.894119262999993,1.568586587910000,1.802792668340000,1.939837694170000,-1.935238242150000,0.000000000000000
-37.800937652599998,174.895935059000010,1.573502182960000,1.811075448990000,1.948286414150000,-1.953497529030000,0.000000000000000
-37.799293518100001,174.896575928000004,1.573107838630000,1.810701251030000,1.947827816010000,-1.953419208530000,0.000000000000000
-37.800117492699997,174.896286011000001,1.573092579840000,1.810666561130000,1.947792291640000,-1.953289151190000,0.000000000000000
-37.798778533899998,174.896163940000008,1.572434544560000,1.810084223750000,1.947125792500000,-1.953140616420000,0.000000000000000
-37.798309326199998,174.895828246999997,1.572091698650000,1.809686779980000,1.946637034420000,-1.953035593030000,0.000000000000000
-37.797492980999998,174.894790648999987,1.570790648460000,1.808144688610000,1.944969058040000,-1.952230453490000,0.000000000000000
-37.797756195100000,174.895095824999999,1.571426391600000,1.808836221690000,1.945679306980000,-1.952650308610000,0.000000000000000
-37.798015594500001,174.895431518999999,1.571616053580000,1.809147000310000,1.946066617970000,-1.952735424040000,0.000000000000000
-37.797008514399998,174.895217895999991,1.570928335190000,1.808225274090000,1.945047616960000,-1.952489614490000,0.000000000000000
-37.796867370599998,174.895568848000011,1.570811152460000,1.808180332180000,1.945071578030000,-1.952407240870000,0.000000000000000
-37.796718597400002,174.895919800000001,1.570897221570000,1.808301568030000,1.945227265360000,-1.952569961550000,0.000000000000000
-37.797119140600003,174.894866943000011,1.570570468900000,1.807875394820000,1.944692015650000,-1.952125668530000,0.000000000000000
-37.795902252200001,174.897079467999987,1.570732235910000,1.808068275450000,1.945181727410000,-1.952597737310000,0.000000000000000
-37.796337127699999,174.895950317000000,1.570336818700000,1.807739257810000,1.944672822950000,-1.952398657800000,0.000000000000000
-37.796184539800002,174.896331787000008,1.570313096050000,1.807767033580000,1.944769740100000,-1.952347993850000,0.000000000000000
-37.796039581300001,174.896713256999988,1.570568561550000,1.808049678800000,1.945094227790000,-1.952622890470000,0.000000000000000
-37.794715881300000,174.899383545000006,1.571904301640000,1.808867216110000,1.946336269380000,-1.952980875970000,0.000000000000000
-37.794849395800000,174.899017334000007,1.571520209310000,1.808547496800000,1.945968747140000,-1.952825546260000,0.000000000000000
-37.794986724899999,174.898635863999999,1.571009635930000,1.807963490490000,1.945354938510000,-1.952450275420000,0.000000000000000
-37.795513153100003,174.897140503000003,1.570172786710000,1.807387948040000,1.944519519810000,-1.952545404430000,0.000000000000000
-37.795379638699998,174.897521973000011,1.570315480230000,1.807386994360000,1.944590806960000,-1.952369213100000,0.000000000000000
-37.795242309599999,174.897888184000010,1.570469379430000,1.807498931880000,1.944757699970000,-1.952567219730000,0.000000000000000
-37.795116424600003,174.898269653000000,1.570493936540000,1.807530641560000,1.944874525070000,-1.952420353890000,0.000000000000000
-37.793891906699997,174.900527954000012,1.571867346760000,1.808993101120000,1.946682333950000,-1.952748417850000,0.000000000000000
-37.794048309300003,174.900161743000012,1.571762204170000,1.808946013450000,1.946550369260000,-1.953426241870000,0.000000000000000
-37.793483734100001,174.900543212999992,1.571468591690000,1.808503389360000,1.946233272550000,-1.952783226970000,0.000000000000000
-37.793083190899999,174.900527954000012,1.571155786510000,1.808145761490000,1.945873260500000,-1.953221201900000,0.000000000000000
-37.792839050300003,174.900802612000007,1.571487665180000,1.808488011360000,1.946250557900000,-1.953429937360000,0.000000000000000
-37.792556762700002,174.901077270999991,1.571742653850000,1.808789253230000,1.946593046190000,-1.953396320340000,0.000000000000000
-37.792278289800002,174.901351928999986,1.572541236880000,1.809661149980000,1.947529315950000,-1.954691767690000,0.000000000000000
-37.791534423800002,174.901580811000002,1.572403192520000,1.809431433680000,1.947422027590000,-1.954354166980000,0.000000000000000
-37.791858673100002,174.901214600000003,1.571329593660000,1.808387160300000,1.946265935900000,-1.954972863200000,0.000000000000000
-37.791046142600003,174.901397704999994,1.571615815160000,1.808630704880000,1.946516871450000,-1.954109549520000,0.000000000000000
-37.790592193599998,174.901321410999998,1.571671843530000,1.808552265170000,1.946342825890000,-1.954285025600000,0.000000000000000
-37.794319152800000,174.899444579999994,1.571344137190000,1.808405041690000,1.945923805240000,-1.953002452850000,0.000000000000000
-37.794189453100003,174.899810790999993,1.571364760400000,1.808505892750000,1.946074604990000,-1.953097581860000,0.000000000000000
-37.797229766800001,174.894485473999993,1.570358276370000,1.807595968250000,1.944365859030000,-1.952013254170000,0.000000000000000
-37.801086425800001,174.894378662000008,1.573008179660000,1.810390472410000,1.947662711140000,-1.951297521590000,0.000000000000000
-37.801097869899998,174.893798828000001,1.573227524760000,1.810712933540000,1.947902202610000,-1.952556371690000,0.000000000000000
-37.800392150900002,174.895385742000002,1.572718143460000,1.810302615170000,1.947463035580000,-1.952804207800000,0.000000000000000
-37.799343109100001,174.895889282000013,1.572483301160000,1.810127496720000,1.947199702260000,-1.953045487400000,0.000000000000000
-37.799793243400003,174.895538329999994,1.572464466090000,1.810021638870000,1.947134017940000,-1.952854514120000,0.000000000000000
-37.798797607399997,174.895568848000011,1.572040319440000,1.809619903560000,1.946637034420000,-1.952803611760000,0.000000000000000
-37.798393249500002,174.895355225000003,1.571544766430000,1.809112310410000,1.946083784100000,-1.952581405640000,0.000000000000000
-37.797607421899997,174.894409179999997,1.570437073710000,1.807740688320000,1.944543600080000,-1.951982140540000,0.000000000000000
-37.797878265400001,174.894699097000000,1.571021676060000,1.808457493780000,1.945319890980000,-1.952266454700000,0.000000000000000
-37.798168182399998,174.895019531000003,1.571284055710000,1.808794379230000,1.945691347120000,-1.952483415600000,0.000000000000000
-37.796993255600000,174.894149779999992,1.569903612140000,1.807093858720000,1.943784117700000,-1.951872229580000,0.000000000000000
-37.796813964800002,174.894958495999987,1.570406675340000,1.807647347450000,1.944445014000000,-1.952130794530000,0.000000000000000
-37.796657562299998,174.895248412999990,1.570545196530000,1.807802915570000,1.944623470310000,-1.952332139020000,0.000000000000000
-37.796493530299998,174.895584106000001,1.570436477660000,1.807748675350000,1.944620966910000,-1.952356100080000,0.000000000000000
-37.796794891399998,174.894577026000007,1.570053815840000,1.807212829590000,1.943958640100000,-1.951943993570000,0.000000000000000
-37.795642852800000,174.896759032999995,1.570054173470000,1.807328343390000,1.944390416150000,-1.952448606490000,0.000000000000000
-37.796108245799999,174.895614623999990,1.569825410840000,1.807177066800000,1.944053888320000,-1.952210783960000,0.000000000000000
-37.795944213900000,174.895980834999989,1.569766759870000,1.807118177410000,1.944060206410000,-1.952249646190000,0.000000000000000
-37.795787811300002,174.896377562999987,1.569847464560000,1.807162880900000,1.944172859190000,-1.952262520790000,0.000000000000000
-37.795253753700003,174.896820068000011,1.569472789760000,1.806641340260000,1.943723440170000,-1.952436685560000,0.000000000000000
-37.794452667199998,174.899063109999986,1.571361780170000,1.808241486550000,1.945690870290000,-1.952847599980000,0.000000000000000
-37.794593810999999,174.898681640999996,1.570589423180000,1.807444810870000,1.944873690610000,-1.952253222470000,0.000000000000000
-37.794738769500000,174.898315429999997,1.569970488550000,1.806756973270000,1.944142818450000,-1.952156543730000,0.000000000000000
-37.795131683299999,174.897186279000010,1.569433093070000,1.806438922880000,1.943605780600000,-1.952042937280000,0.000000000000000
-37.794979095499997,174.897567748999990,1.569747328760000,1.806887745860000,1.944080352780000,-1.952873110770000,0.000000000000000
-37.794853210399999,174.897949218999997,1.569561362270000,1.806493878360000,1.943805456160000,-1.952369093890000,0.000000000000000
-37.793655395499997,174.900192261000001,1.571243524550000,1.808320879940000,1.945959687230000,-1.953356981280000,0.000000000000000
-37.793811798100002,174.899841309000010,1.570785999300000,1.807736635210000,1.945372462270000,-1.952558875080000,0.000000000000000
-37.793262481699998,174.900192261000001,1.570752501490000,1.807719945910000,1.945375919340000,-1.953308582310000,0.000000000000000
-37.792934417700003,174.900207520000009,1.570638775830000,1.807557463650000,1.945222496990000,-1.953280568120000,0.000000000000000
-37.792720794700003,174.900436401000007,1.570882678030000,1.807856678960000,1.945578813550000,-1.954059481620000,0.000000000000000
-37.792446136499997,174.900665282999995,1.570871829990000,1.807803630830000,1.945587992670000,-1.953279733660000,0.000000000000000
-37.792160034200002,174.900924683000000,1.571469902990000,1.808515191080000,1.946349859240000,-1.954358935360000,0.000000000000000
-37.791793823200003,174.900817870999987,1.570830583570000,1.807831406590000,1.945713400840000,-1.954656720160000,0.000000000000000
-37.791381835899998,174.900970459000007,1.571107864380000,1.807892799380000,1.945746302600000,-1.952460885050000,0.000000000000000
-37.790824890099998,174.900894165000011,1.567444920540000,1.804389595990000,1.941659092900000,-1.954843044280000,0.000000000000000
-37.794052123999997,174.899124145999991,1.570817470550000,1.807754039760000,1.945178627970000,-1.953193187710000,0.000000000000000
-37.793937683099998,174.899490356000001,1.570599198340000,1.807617664340000,1.945150494580000,-1.952955842020000,0.000000000000000
-37.797382354699998,174.894119262999993,1.570291757580000,1.807492256160000,1.944217920300000,-1.951964020730000,0.000000000000000
-37.796966552699999,174.893417357999994,1.569137811660000,1.806226372720000,1.942841172220000,-1.951326608660000,0.000000000000000
-37.797187805199997,174.893768311000002,1.569818019870000,1.806957721710000,1.943613290790000,-1.951735377310000,0.000000000000000
-37.800754547099999,174.893997192000000,1.572615504260000,1.810030698780000,1.947195768360000,-1.952307462690000,0.000000000000000
-37.800491332999997,174.894546509000008,1.571928501130000,1.809330344200000,1.946443676950000,-1.952265024190000,0.000000000000000
-37.800754547099999,174.893478393999999,1.571615219120000,1.808937311170000,1.946030735970000,-1.952075958250000,0.000000000000000
-37.799839019799997,174.894882201999991,1.572320818900000,1.809776663780000,1.946911334990000,-1.952484607700000,0.000000000000000
-37.799278259300003,174.895217895999991,1.571879506110000,1.809379339220000,1.946424603460000,-1.952600359920000,0.000000000000000
-37.798690795900001,174.894943237000007,1.571537017820000,1.809141874310000,1.946108818050000,-1.952548027040000,0.000000000000000
-37.797698974600003,174.894104004000013,1.570393681530000,1.807635188100000,1.944371342660000,-1.952041625980000,0.000000000000000
-37.797962188699998,174.894302368000012,1.570764184000000,1.808126091960000,1.944948196410000,-1.952125668530000,0.000000000000000
-37.798286437999998,174.894577026000007,1.570875287060000,1.808321356770000,1.945178747180000,-1.952257037160000,0.000000000000000
-37.796779632600000,174.893798828000001,1.569426655770000,1.806556463240000,1.943188905720000,-1.951615095140000,0.000000000000000
-37.796722412100003,174.893081665000011,1.568520307540000,1.805527091030000,1.942062735560000,-1.951123714450000,0.000000000000000
-37.796558380100002,174.893447876000010,1.568792700770000,1.805845856670000,1.942418098450000,-1.951309919360000,0.000000000000000
-37.796581268300002,174.894165039000001,1.569352507590000,1.806550145150000,1.943231701850000,-1.951647639270000,0.000000000000000
-37.796489715600003,174.894897460999999,1.569909095760000,1.807097792630000,1.943881750110000,-1.951938509940000,0.000000000000000
-37.796279907200002,174.895248412999990,1.569950461390000,1.807189583780000,1.944009304050000,-1.952131867410000,0.000000000000000
-37.796348571800003,174.894500732000012,1.569358825680000,1.806615591050000,1.943325519560000,-1.951793670650000,0.000000000000000
-37.795379638699998,174.896423340000013,1.569356083870000,1.806545376780000,1.943565964700000,-1.952250242230000,0.000000000000000
-37.795883178700002,174.895263671999999,1.569249987600000,1.806558489800000,1.943374872210000,-1.952041149140000,0.000000000000000
-37.795711517299999,174.895645142000006,1.569287896160000,1.806553840640000,1.943436622620000,-1.952124595640000,0.000000000000000
-37.795539855999998,174.896026610999996,1.569286584850000,1.806515693660000,1.943463921550000,-1.952173471450000,0.000000000000000
-37.794929504400002,174.896499634000008,1.568666815760000,1.805752515790000,1.942784309390000,-1.952261924740000,0.000000000000000
-37.794929504400002,174.896911620999987,1.568972945210000,1.806068539620000,1.943164944650000,-1.952324509620000,0.000000000000000
-37.794181823700001,174.898727417000003,1.569460749630000,1.806319117550000,1.943808555600000,-1.951814889910000,0.000000000000000
-37.794353485099997,174.898345946999996,1.569645047190000,1.806509017940000,1.943860054020000,-1.952686905860000,0.000000000000000
-37.794528961200001,174.898040771000012,1.568846225740000,1.805650115010000,1.943022727970000,-1.951515078540000,0.000000000000000
-37.794742584200002,174.897201537999990,1.568920373920000,1.805998682980000,1.943133711810000,-1.952400684360000,0.000000000000000
-37.794521331799999,174.897628784000005,1.568348646160000,1.805148363110000,1.942419648170000,-1.952169299130000,0.000000000000000
-37.793426513699998,174.899841309000010,1.570802927020000,1.807810306550000,1.945393681530000,-1.953418374060000,0.000000000000000
-37.793613433799997,174.899566649999997,1.570574879650000,1.807603836060000,1.945151090620000,-1.953223466870000,0.000000000000000
-37.792980194099997,174.899841309000010,1.570221304890000,1.807109951970000,1.944771170620000,-1.953591942790000,0.000000000000000
-37.792617797900000,174.900070190000008,1.569793581960000,1.806583166120000,1.944264292720000,-1.952676296230000,0.000000000000000
-37.792388916000000,174.900314331000004,1.569774389270000,1.806594133380000,1.944156765940000,-1.953359961510000,0.000000000000000
-37.792022705100003,174.900466918999996,1.569939136510000,1.806815147400000,1.944567084310000,-1.954976201060000,0.000000000000000
-37.791538238500003,174.900466918999996,1.568810582160000,1.805468320850000,1.943044066430000,-1.952150225640000,0.000000000000000
-37.791061401400000,174.900466918999996,1.570208907130000,1.806813240050000,1.944491982460000,-1.951201796530000,0.000000000000000
-37.793762207000000,174.898788451999991,1.569529414180000,1.806332468990000,1.943860173230000,-1.951988458630000,0.000000000000000
-37.793647766100001,174.899200438999998,1.570151448250000,1.807093977930000,1.944626450540000,-1.952880859380000,0.000000000000000
-37.796909332299997,174.892700195000003,1.568183064460000,1.805144429210000,1.941674828530000,-1.950836777690000,0.000000000000000
-37.797138214100002,174.893035889000004,1.568858623500000,1.805895090100000,1.942472577100000,-1.951237320900000,0.000000000000000
-37.800685882600000,174.893020629999995,1.571135163310000,1.808420419690000,1.945405364040000,-1.951762914660000,0.000000000000000
-37.797584533699997,174.893783568999993,1.570197701450000,1.807371377940000,1.944070816040000,-1.951831221580000,0.000000000000000
-37.797420501700003,174.893371581999986,1.569511055950000,1.806617498400000,1.943292498590000,-1.951364278790000,0.000000000000000
-37.800338745099999,174.893814087000010,1.572449684140000,1.809851408000000,1.946994662280000,-1.952308893200000,0.000000000000000
-37.799850463900000,174.894165039000001,1.572126030920000,1.809495687480000,1.946659088130000,-1.952217102050000,0.000000000000000
-37.800376892099997,174.893295287999990,1.571809887890000,1.809149980550000,1.946204304700000,-1.952063083650000,0.000000000000000
-37.799224853500000,174.894485473999993,1.571164846420000,1.808684587480000,1.945656299590000,-1.952243328090000,0.000000000000000
-37.798675537100003,174.894409179999997,1.571110129360000,1.808626651760000,1.945569038390000,-1.952180147170000,0.000000000000000
-37.797962188699998,174.893890381000006,1.570397973060000,1.807685732840000,1.944470644000000,-1.951853632930000,0.000000000000000
-37.798343658400000,174.894119262999993,1.570681691170000,1.808083653450000,1.944915413860000,-1.952066063880000,0.000000000000000
-37.799388885500001,174.893875121999997,1.571323752400000,1.808703541760000,1.945727467540000,-1.952036261560000,0.000000000000000
-37.796680450399997,174.892364501999992,1.567471504210000,1.804495453830000,1.940911769870000,-1.950786590580000,0.000000000000000
-37.796493530299998,174.892730712999992,1.567936778070000,1.804909706120000,1.941367626190000,-1.950937151910000,0.000000000000000
-37.796390533400000,174.893814087000010,1.568969130520000,1.806084871290000,1.942680716510000,-1.951564192770000,0.000000000000000
-37.796272277800000,174.893127440999990,1.568173170090000,1.805121541020000,1.941626667980000,-1.951064467430000,0.000000000000000
-37.796222686800000,174.893508910999998,1.568389892580000,1.805425882340000,1.941980957980000,-1.951197266580000,0.000000000000000
-37.796192169199998,174.894134521000012,1.568858027460000,1.806038618090000,1.942683458330000,-1.951572179790000,0.000000000000000
-37.796043396000002,174.894836426000012,1.569166541100000,1.806363105770000,1.943119287490000,-1.951784014700000,0.000000000000000
-37.796005248999997,174.894439696999996,1.568811059000000,1.806020379070000,1.942704677580000,-1.951697945590000,0.000000000000000
-37.795677185099997,174.894973754999995,1.568561911580000,1.805768251420000,1.942555308340000,-1.951690673830000,0.000000000000000
-37.795116424600003,174.896072387999993,1.568677067760000,1.805805444720000,1.942769765850000,-1.952184319500000,0.000000000000000
-37.795497894299999,174.895278931000007,1.568665027620000,1.805823922160000,1.942653298380000,-1.951842188840000,0.000000000000000
-37.795295715300000,174.895660399999997,1.568655610080000,1.805826663970000,1.942714214320000,-1.952070593830000,0.000000000000000
-37.794750213599997,174.896102904999992,1.568281173710000,1.805358052250000,1.942308664320000,-1.952310085300000,0.000000000000000
-37.794486999500002,174.896377562999987,1.567955613140000,1.805014729500000,1.942011237140000,-1.952434301380000,0.000000000000000
-37.794586181600003,174.896804809999992,1.568176984790000,1.805101990700000,1.942207455640000,-1.951764225960000,0.000000000000000
-37.793888092000003,174.898330687999987,1.567852616310000,1.804478883740000,1.941934466360000,-1.951605081560000,0.000000000000000
-37.794178008999999,174.897949218999997,1.567674398420000,1.804310679440000,1.941666483880000,-1.951568007470000,0.000000000000000
-37.794315338099999,174.897155762000011,1.568171024320000,1.805420517920000,1.942439556120000,-1.953252792360000,0.000000000000000
-37.794052123999997,174.897521973000011,1.566815257070000,1.803294539450000,1.940597534180000,-1.951370835300000,0.000000000000000
-37.793235778800003,174.899414062000005,1.569462537770000,1.806168913840000,1.943812489510000,-1.952147483830000,0.000000000000000
-37.792835235600002,174.899459839000002,1.569164037700000,1.806086778640000,1.943542242050000,-1.953611016270000,0.000000000000000
-37.792549133300000,174.899673462000010,1.568870663640000,1.805476427080000,1.943094611170000,-1.952354669570000,0.000000000000000
-37.792133331300001,174.899932860999996,1.569562435150000,1.806370377540000,1.944085359570000,-1.954184174540000,0.000000000000000
-37.791694641100001,174.900085448999988,1.569238781930000,1.805936813350000,1.943564176560000,-1.953139185910000,0.000000000000000
-37.791278839100002,174.900024414000001,1.566404700280000,1.801129937170000,1.938734412190000,-1.942487239840000,0.000000000000000
-37.793514251700003,174.898498534999987,1.567828655240000,1.804418802260000,1.941835403440000,-1.951680183410000,0.000000000000000
-37.793285369899998,174.898864745999987,1.567837357520000,1.804546475410000,1.941939473150000,-1.952916026120000,0.000000000000000
-37.800617217999999,174.892562865999992,1.571876406670000,1.809077739720000,1.946228861810000,-1.950635433200000,0.000000000000000
-37.797080993700000,174.892318726000013,1.567913532260000,1.804809927940000,1.941295146940000,-1.950774073600000,0.000000000000000
-37.797477722200000,174.892990112000007,1.569079160690000,1.806144595150000,1.942766070370000,-1.951219677930000,0.000000000000000
-37.797344207800002,174.892639159999987,1.568588495250000,1.805561423300000,1.942089200020000,-1.951095104220000,0.000000000000000
-37.800289154100000,174.892837523999987,1.572280049320000,1.809641003610000,1.946760296820000,-1.952138066290000,0.000000000000000
-37.797866821299998,174.893463134999990,1.569969058040000,1.807148814200000,1.943858146670000,-1.951681733130000,0.000000000000000
-37.797737121600001,174.893127440999990,1.569470644000000,1.806616425510000,1.943277597430000,-1.951395154000000,0.000000000000000
-37.799816131599997,174.893371581999986,1.570966839790000,1.808246731760000,1.945258855820000,-1.951722502710000,0.000000000000000
-37.798847198499999,174.893890381000006,1.570806145670000,1.808231234550000,1.945166587830000,-1.951933503150000,0.000000000000000
-37.798324585000003,174.893615723000011,1.570389747620000,1.807664513590000,1.944421172140000,-1.951887965200000,0.000000000000000
-37.799213409399997,174.893463134999990,1.570812225340000,1.808274984360000,1.945196032520000,-1.951907038690000,0.000000000000000
-37.796859741200002,174.891998290999993,1.567096352580000,1.804066777230000,1.940472126010000,-1.950520873070000,0.000000000000000
-37.796504974400001,174.892059326000009,1.566761016850000,1.803614974020000,1.940018534660000,-1.950235605240000,0.000000000000000
-37.796142578100003,174.892761229999991,1.567427635190000,1.804412364960000,1.940844535830000,-1.950785994530000,0.000000000000000
-37.796237945599998,174.892364501999992,1.566902875900000,1.803767442700000,1.940189719200000,-1.950338363650000,0.000000000000000
-37.796020507800002,174.893783568999993,1.568442821500000,1.805491924290000,1.942075014110000,-1.951372027400000,0.000000000000000
-37.795917510999999,174.892974853999988,1.567459344860000,1.804445862770000,1.940894007680000,-1.950874328610000,0.000000000000000
-37.795867919899997,174.893371581999986,1.567815184590000,1.804817557330000,1.941323041920000,-1.951123714450000,0.000000000000000
-37.795810699500002,174.894134521000012,1.568338871000000,1.805413126950000,1.942040920260000,-1.951429367070000,0.000000000000000
-37.795631408699997,174.894561767999988,1.568195700650000,1.805392384530000,1.942101359370000,-1.951618671420000,0.000000000000000
-37.795326232900003,174.894912720000008,1.568062782290000,1.805168032650000,1.941930413250000,-1.951704502110000,0.000000000000000
-37.794822692899999,174.895675659000005,1.567960262300000,1.805020213130000,1.941921114920000,-1.951999425890000,0.000000000000000
-37.795089721700002,174.895263671999999,1.568107128140000,1.805210471150000,1.942022800450000,-1.951972126960000,0.000000000000000
-37.794456481899999,174.895507812000005,1.567238569260000,1.804206490520000,1.941089391710000,-1.951878428460000,0.000000000000000
-37.794391632100002,174.895919800000001,1.567667603490000,1.804674863820000,1.941591620450000,-1.952221274380000,0.000000000000000
-37.794151306200000,174.896240234000004,1.567531108860000,1.804577231410000,1.941509485240000,-1.952402234080000,0.000000000000000
-37.794120788599997,174.896667479999991,1.567511320110000,1.804410099980000,1.941468596460000,-1.951857209210000,0.000000000000000
-37.793510437000002,174.898178101000013,1.566491246220000,1.802813768390000,1.940254807470000,-1.950992465020000,0.000000000000000
-37.793724060099997,174.897842407000013,1.566815257070000,1.803512573240000,1.940717816350000,-1.951945662500000,0.000000000000000
-37.793872833300000,174.897109984999986,1.566887974740000,1.803937077520000,1.940889000890000,-1.952307820320000,0.000000000000000
-37.793701171899997,174.897430420000006,1.566018104550000,1.802613735200000,1.939709663390000,-1.951338052750000,0.000000000000000
-37.792858123800002,174.899108887000011,1.568644285200000,1.805316448210000,1.943071722980000,-1.951938748360000,0.000000000000000
-37.792560577400003,174.899307251000010,1.568523406980000,1.805308580400000,1.942706942560000,-1.953288912770000,0.000000000000000
-37.792167663599997,174.899398803999986,1.568261384960000,1.804883480070000,1.942369103430000,-1.953323602680000,0.000000000000000
-37.793128967299999,174.898330687999987,1.567231178280000,1.803681731220000,1.941087484360000,-1.951547622680000,0.000000000000000
-37.792839050300003,174.898681640999996,1.567660212520000,1.804395556450000,1.941743016240000,-1.952754378320000,0.000000000000000
-37.797405242899998,174.892288207999997,1.568011999130000,1.804943919180000,1.941457509990000,-1.950791239740000,0.000000000000000
-37.797286987299998,174.891967773000005,1.567536592480000,1.804539442060000,1.940964579580000,-1.950755476950000,0.000000000000000
-37.797748565699997,174.892761229999991,1.568993330000000,1.806057929990000,1.942694067960000,-1.951193809510000,0.000000000000000
-37.797653198200003,174.892425537000008,1.568699121480000,1.805660367010000,1.942248702050000,-1.950969219210000,0.000000000000000
-37.799812316900002,174.892593384000008,1.571568489070000,1.808897376060000,1.945918440820000,-1.951971530910000,0.000000000000000
-37.798175811800000,174.893035889000004,1.569846510890000,1.807046413420000,1.943817257880000,-1.951326847080000,0.000000000000000
-37.799266815199999,174.892929076999991,1.570823073390000,1.808201909070000,1.945133686070000,-1.951782107350000,0.000000000000000
-37.798755645800000,174.893264770999991,1.570293545720000,1.807605743410000,1.944397449490000,-1.951775193210000,0.000000000000000
-37.796577453600001,174.891662598000011,1.566435575490000,1.803250312810000,1.939548611640000,-1.950320124630000,0.000000000000000
-37.797035217299999,174.891647339000002,1.566721320150000,1.803653120990000,1.940031647680000,-1.950353741650000,0.000000000000000
-37.796176910400000,174.891921996999997,1.566303253170000,1.803151726720000,1.939457058910000,-1.950348377230000,0.000000000000000
-37.796131133999999,174.891494751000010,1.566239595410000,1.803195476530000,1.939346790310000,-1.950570583340000,0.000000000000000
-37.795791626000003,174.892593384000008,1.566578984260000,1.803507089610000,1.939910650250000,-1.950391650200000,0.000000000000000
-37.795875549300000,174.892166137999993,1.566329836850000,1.803219318390000,1.939530134200000,-1.950429439540000,0.000000000000000
-37.795635223399998,174.893768311000002,1.567792057990000,1.804759144780000,1.941325068470000,-1.951167345050000,0.000000000000000
-37.795383453399999,174.892639159999987,1.566051363950000,1.803021550180000,1.939389228820000,-1.950430750850000,0.000000000000000
-37.795528411900001,174.893035889000004,1.566849827770000,1.803828835490000,1.940260171890000,-1.950806498530000,0.000000000000000
-37.795482635500001,174.893432617000002,1.567114591600000,1.804185986520000,1.940682172780000,-1.951011180880000,0.000000000000000
-37.795394897500003,174.894134521000012,1.567872643470000,1.805066704750000,1.941644907000000,-1.951748609540000,0.000000000000000
-37.795162200900002,174.894515990999992,1.567570090290000,1.804558992390000,1.941244959830000,-1.951551675800000,0.000000000000000
-37.794918060299999,174.894866943000011,1.567247867580000,1.804246187210000,1.941020369530000,-1.951350331310000,0.000000000000000
-37.794673919700003,174.895217895999991,1.567430138590000,1.804463863370000,1.941247582440000,-1.951948642730000,0.000000000000000
-37.794277191200003,174.895202637000011,1.566392660140000,1.803246617320000,1.940065503120000,-1.951318860050000,0.000000000000000
-37.794116973900003,174.895568848000011,1.566878557210000,1.803857445720000,1.940722346310000,-1.951892137530000,0.000000000000000
-37.793956756599997,174.895935059000010,1.567070841790000,1.804017901420000,1.940940141680000,-1.952117919920000,0.000000000000000
-37.793800353999998,174.896316528000000,1.566936016080000,1.803928136830000,1.940899014470000,-1.952333331110000,0.000000000000000
-37.793636321999998,174.896728515999996,1.566568851470000,1.803538322450000,1.940479755400000,-1.952094197270000,0.000000000000000
-37.793292999300000,174.897888184000010,1.565064311030000,1.801493167880000,1.938647150990000,-1.951006054880000,0.000000000000000
-37.793434143100001,174.897552490000010,1.565623044970000,1.802097082140000,1.939230680470000,-1.950873255730000,0.000000000000000
-37.793418884300003,174.897155762000011,1.565498471260000,1.802054286000000,1.939097285270000,-1.950989961620000,0.000000000000000
-37.792915344199997,174.897918701000009,1.565759062770000,1.802045583720000,1.939465999600000,-1.951385498050000,0.000000000000000
-37.792388916000000,174.898895264000004,1.566602230070000,1.803028702740000,1.940481543540000,-1.951288819310000,0.000000000000000
-37.792541503899997,174.898254395000009,1.564103722570000,1.800385832790000,1.937559366230000,-1.951596260070000,0.000000000000000
-37.796455383300000,174.891204834000007,1.565982222560000,1.802877545360000,1.939009785650000,-1.950286388400000,0.000000000000000
-37.799819946299998,174.891983032000013,1.566841483120000,1.801376342770000,1.938179254530000,-1.936823964120000,0.000000000000000
-37.797359466600000,174.891632079999994,1.567085146900000,1.804028749470000,1.940399885180000,-1.950627207760000,0.000000000000000
-37.797676086400003,174.892089843999997,1.568230867390000,1.805177330970000,1.941665887830000,-1.951066136360000,0.000000000000000
-37.797592163099999,174.891769409000005,1.567602038380000,1.804546236990000,1.940981388090000,-1.950761079790000,0.000000000000000
-37.798099517799997,174.892364501999992,1.568672180180000,1.805743336680000,1.942287325860000,-1.951290488240000,0.000000000000000
-37.799278259300003,174.892288207999997,1.569918632510000,1.807078599930000,1.943834304810000,-1.951448321340000,0.000000000000000
-37.798713684100001,174.892623901000007,1.569879293440000,1.807080626490000,1.943874120710000,-1.951399207120000,0.000000000000000
-37.796875000000000,174.891281128000003,1.566331744190000,1.803307890890000,1.939523458480000,-1.950464725490000,0.000000000000000
-37.797267913799999,174.891342162999990,1.566671252250000,1.803688645360000,1.939909100530000,-1.950746893880000,0.000000000000000
-37.796348571800003,174.890792847000000,1.565403342250000,1.802203416820000,1.938261389730000,-1.949819803240000,0.000000000000000
-37.796058654799999,174.891098021999994,1.565472483630000,1.802324414250000,1.938456177710000,-1.949810862540000,0.000000000000000
-37.795734405499999,174.891769409000005,1.565896153450000,1.802847385410000,1.939052104950000,-1.950313687320000,0.000000000000000
-37.795795440699997,174.891357421999999,1.565463781360000,1.802373647690000,1.938510775570000,-1.949979901310000,0.000000000000000
-37.795452117899998,174.892211914000001,1.566000342370000,1.802923679350000,1.939186215400000,-1.950483798980000,0.000000000000000
-37.795234680199997,174.893722534000005,1.566785216330000,1.803746938710000,1.940312266350000,-1.950844764710000,0.000000000000000
-37.795055389399998,174.892471312999987,1.565534830090000,1.802467703820000,1.938753008840000,-1.950377106670000,0.000000000000000
-37.795101165799998,174.892883301000012,1.565889358520000,1.802892923360000,1.939267158510000,-1.950558066370000,0.000000000000000
-37.795154571499999,174.893310546999999,1.566247582440000,1.803210616110000,1.939676284790000,-1.950719475750000,0.000000000000000
-37.794788360600002,174.894515990999992,1.566707968710000,1.803701400760000,1.940379977230000,-1.951388835910000,0.000000000000000
-37.794910430900003,174.894088745000005,1.566233515740000,1.803084731100000,1.939718842510000,-1.950724720950000,0.000000000000000
-37.794475555399998,174.894790648999987,1.566289782520000,1.803187012670000,1.939924478530000,-1.951246380810000,0.000000000000000
-37.794052123999997,174.894882201999991,1.565666556360000,1.802481055260000,1.939189195630000,-1.951146364210000,0.000000000000000
-37.793895721399998,174.895233154000010,1.566013455390000,1.802835941310000,1.939651608470000,-1.951516151430000,0.000000000000000
-37.793724060099997,174.895599365000010,1.566228985790000,1.803096175190000,1.939965009690000,-1.951926708220000,0.000000000000000
-37.793560028100003,174.895965576000009,1.566346049310000,1.803382873540000,1.940253734590000,-1.951967597010000,0.000000000000000
-37.793388366700000,174.896347045999988,1.566402435300000,1.803321719170000,1.940250515940000,-1.951737403870000,0.000000000000000
-37.793205261200001,174.896728515999996,1.564944863320000,1.801580071450000,1.938313484190000,-1.950525760650000,0.000000000000000
-37.793048858600002,174.897491454999994,1.563871860500000,1.800428152080000,1.937128543850000,-1.950139403340000,0.000000000000000
-37.793022155800003,174.897064209000007,1.565151810650000,1.801604032520000,1.938594341280000,-1.950695037840000,0.000000000000000
-37.792575836200001,174.897659301999994,1.557216167450000,1.789119958880000,1.925667524340000,-1.928672194480000,0.000000000000000
-37.796752929699998,174.890884398999987,1.565966367720000,1.802864193920000,1.938955783840000,-1.950252294540000,0.000000000000000
-37.796638488799999,174.890487670999988,1.565492868420000,1.802298069000000,1.938304305080000,-1.949800133710000,0.000000000000000
-37.799350738500003,174.891708373999990,1.567408561710000,1.803967356680000,1.940436959270000,-1.948468089100000,0.000000000000000
-37.797626495400003,174.891448975000003,1.567267656330000,1.804221034050000,1.940587997440000,-1.950725436210000,0.000000000000000
-37.798019409200002,174.891708373999990,1.567928433420000,1.804942965510000,1.941372036930000,-1.950954914090000,0.000000000000000
-37.798706054699998,174.891906737999989,1.568927645680000,1.806022048000000,1.942584514620000,-1.951628327370000,0.000000000000000
-37.797157287600001,174.890960693000011,1.566164851190000,1.803048849110000,1.939182639120000,-1.950235009190000,0.000000000000000
-37.797550201400000,174.891052245999987,1.566525697710000,1.803563475610000,1.939713835720000,-1.950636744500000,0.000000000000000
-37.796241760299999,174.890411376999992,1.565012693410000,1.801872015000000,1.937785983090000,-1.949776887890000,0.000000000000000
-37.795955657999997,174.890701293999996,1.565099835400000,1.801963806150000,1.937962174420000,-1.949851870540000,0.000000000000000
-37.795669555700002,174.891021728999988,1.565214157100000,1.802101492880000,1.938131928440000,-1.949996471410000,0.000000000000000
-37.795314788799999,174.891815186000002,1.565537571910000,1.802502036090000,1.938681602480000,-1.950211405750000,0.000000000000000
-37.795387268100001,174.891387938999998,1.565445184710000,1.802313208580000,1.938400149350000,-1.950146913530000,0.000000000000000
-37.795021057100001,174.892044067000000,1.565787792210000,1.802761435510000,1.938896894450000,-1.950716614720000,0.000000000000000
-37.796142578100003,174.890029907000013,1.564317941670000,1.800999522210000,1.936894893650000,-1.949061393740000,0.000000000000000
-37.794826507600000,174.893600464000002,1.565640091900000,1.802512407300000,1.939012289050000,-1.950718760490000,0.000000000000000
-37.794673919700003,174.892303467000005,1.565438032150000,1.802395343780000,1.938578963280000,-1.950594663620000,0.000000000000000
-37.794715881300000,174.892730712999992,1.565380334850000,1.802256226540000,1.938569068910000,-1.950328469280000,0.000000000000000
-37.794765472400002,174.893157959000007,1.565847277640000,1.802929520610000,1.939244031910000,-1.951124668120000,0.000000000000000
-37.794483184800001,174.894317626999992,1.565414905550000,1.802194356920000,1.938839793210000,-1.950519680980000,0.000000000000000
-37.794475555399998,174.893875121999997,1.564629077910000,1.801290154460000,1.937867045400000,-1.950238466260000,0.000000000000000
-37.794132232700001,174.894515990999992,1.564643263820000,1.801327705380000,1.938016295430000,-1.950331807140000,0.000000000000000
-37.793849945100000,174.894638062000013,1.563960194590000,1.800492644310000,1.937168478970000,-1.949531674390000,0.000000000000000
-37.793693542500002,174.894912720000008,1.564453721050000,1.801064133640000,1.937790155410000,-1.950322866440000,0.000000000000000
-37.793498992899998,174.895248412999990,1.565106034280000,1.801876664160000,1.938580393790000,-1.950763463970000,0.000000000000000
-37.793323516800001,174.895614623999990,1.565291166310000,1.802019596100000,1.938900589940000,-1.951183676720000,0.000000000000000
-37.793159484900002,174.895980834999989,1.565485715870000,1.802304863930000,1.939258575440000,-1.951530456540000,0.000000000000000
-37.792972564700001,174.896362304999997,1.564929246900000,1.801582098010000,1.938288688660000,-1.950649261470000,0.000000000000000
-37.792789459200002,174.896743773999987,1.564182281490000,1.800822854040000,1.937719345090000,-1.950109243390000,0.000000000000000
-37.792663574199999,174.897171020999991,1.562517404560000,1.798877358440000,1.935391783710000,-1.948668122290000,0.000000000000000
-37.796520233199999,174.890106201000009,1.564817667010000,1.801598429680000,1.937509775160000,-1.949465513230000,0.000000000000000
-37.796390533400000,174.889801024999997,1.564248919490000,1.800900220870000,1.936773777010000,-1.948961138730000,0.000000000000000
-37.797046661400003,174.890563965000013,1.565566778180000,1.802513003350000,1.938492536540000,-1.949985265730000,0.000000000000000
-37.796924591100002,174.890167235999996,1.565181851390000,1.801888108250000,1.937862992290000,-1.949372410770000,0.000000000000000
-37.799011230500000,174.891326904000010,1.567512512210000,1.804828524590000,1.941078901290000,-1.952445864680000,0.000000000000000
-37.797969818100000,174.891159058000000,1.566988110540000,1.804125905040000,1.940331578250000,-1.950977802280000,0.000000000000000
-37.798473358199999,174.891281128000003,1.566962599750000,1.804082274440000,1.940297365190000,-1.951088666920000,0.000000000000000
-37.797458648700001,174.890655517999988,1.566430687900000,1.803197264670000,1.939396262170000,-1.950045824050000,0.000000000000000
-37.797824859599999,174.890777587999992,1.566295981410000,1.803193211560000,1.939319014550000,-1.950219988820000,0.000000000000000
-37.796428680399998,174.889450073000006,1.563618302350000,1.800159931180000,1.935992598530000,-1.948557972910000,0.000000000000000
-37.795856475800001,174.890319823999988,1.564563870430000,1.801378488540000,1.937295913700000,-1.949466109280000,0.000000000000000
-37.795558929400002,174.890625000000000,1.564623832700000,1.801454544070000,1.937412142750000,-1.949563503270000,0.000000000000000
-37.795265197799999,174.890930176000012,1.564885139470000,1.801742672920000,1.937739610670000,-1.949778437610000,0.000000000000000
-37.794986724899999,174.891632079999994,1.565099716190000,1.801980495450000,1.938102483750000,-1.949951648710000,0.000000000000000
-37.794956207299997,174.891220092999987,1.565042972560000,1.802002549170000,1.937995195390000,-1.950196385380000,0.000000000000000
-37.794635772699998,174.891876220999990,1.565229892730000,1.802091121670000,1.938202500340000,-1.950261712070000,0.000000000000000
-37.796081543000000,174.889663696000014,1.563566803930000,1.800240755080000,1.936057925220000,-1.948834180830000,0.000000000000000
-37.795768737800003,174.889923095999990,1.563740134240000,1.800391078000000,1.936264395710000,-1.948858976360000,0.000000000000000
-37.796054840099998,174.889266967999987,1.563020944600000,1.799602031710000,1.935316920280000,-1.948568701740000,0.000000000000000
-37.794425964399998,174.893432617000002,1.565222620960000,1.802180647850000,1.938495635990000,-1.950991630550000,0.000000000000000
-37.794284820599998,174.892135620000005,1.565053105350000,1.801939368250000,1.938039422040000,-1.950434923170000,0.000000000000000
-37.794326782200002,174.892562865999992,1.565271139140000,1.802197098730000,1.938359379770000,-1.950739026070000,0.000000000000000
-37.794376373299997,174.892990112000007,1.565020203590000,1.801827192310000,1.938141703610000,-1.950282454490000,0.000000000000000
-37.794124603299998,174.894119262999993,1.563364863400000,1.799929857250000,1.936542034150000,-1.949470758440000,0.000000000000000
-37.794086456300001,174.893692017000006,1.563973426820000,1.800852417950000,1.937120079990000,-1.950432419780000,0.000000000000000
-37.793815612800003,174.894332886000001,1.562461256980000,1.798916101460000,1.935516834260000,-1.949028849600000,0.000000000000000
-37.793556213400002,174.894577026000007,1.561704635620000,1.797855734830000,1.934602022170000,-1.948816299440000,0.000000000000000
-37.793315887500000,174.894882201999991,1.562822222710000,1.799112439160000,1.935904622080000,-1.949183464050000,0.000000000000000
-37.793037414600001,174.895263671999999,1.563465237620000,1.800102472310000,1.936741113660000,-1.950506567960000,0.000000000000000
-37.792968750000000,174.895660399999997,1.564074635510000,1.800732731820000,1.937490463260000,-1.949985861780000,0.000000000000000
-37.792751312299998,174.895965576000009,1.564072370530000,1.800745248790000,1.937518954280000,-1.949772000310000,0.000000000000000
-37.792533874500002,174.896362304999997,1.560182929040000,1.794833898540000,1.931303977970000,-1.939936518670000,0.000000000000000
-37.792343139600000,174.896804809999992,1.557306170460000,1.788872361180000,1.925408244130000,-1.926175594330000,0.000000000000000
-37.796791076700003,174.889724731000001,1.564405918120000,1.801125645640000,1.936977267270000,-1.949122548100000,0.000000000000000
-37.797359466600000,174.890228271000012,1.565554142000000,1.802451610570000,1.938384056090000,-1.950093150140000,0.000000000000000
-37.797199249300000,174.889877318999993,1.565021514890000,1.801722764970000,1.937659144400000,-1.949136853220000,0.000000000000000
-37.798820495599998,174.890884398999987,1.566252708440000,1.803211212160000,1.939238429070000,-1.950522184370000,0.000000000000000
-37.798320770300002,174.890686034999987,1.567219614980000,1.804132223130000,1.940370798110000,-1.950714826580000,0.000000000000000
-37.797828674300000,174.890365601000013,1.565545916560000,1.802467346190000,1.938409447670000,-1.949895977970000,0.000000000000000
-37.796829223600000,174.889236449999999,1.563509821890000,1.800022482870000,1.935848712920000,-1.948405861850000,0.000000000000000
-37.796432495099999,174.889007568000011,1.562731623650000,1.799149632450000,1.934942603110000,-1.948103070260000,0.000000000000000
-37.795463562000002,174.890213012999993,1.564047813420000,1.800755023960000,1.936632275580000,-1.949216723440000,0.000000000000000
-37.795158386200001,174.890518187999987,1.564295291900000,1.801046371460000,1.936973690990000,-1.949403166770000,0.000000000000000
-37.794864654500003,174.890838623000008,1.564491987230000,1.801281094550000,1.937234759330000,-1.949599146840000,0.000000000000000
-37.794612884499998,174.891448975000003,1.564837098120000,1.801682949070000,1.937721729280000,-1.950029611590000,0.000000000000000
-37.794620513900000,174.891098021999994,1.564649105070000,1.801619291310000,1.937567710880000,-1.949980616570000,0.000000000000000
-37.794246673600000,174.891693115000010,1.564339160920000,1.801143050190000,1.937218427660000,-1.949865102770000,0.000000000000000
-37.796020507800002,174.888824462999992,1.562149763110000,1.798633694650000,1.934323787690000,-1.947968840600000,0.000000000000000
-37.795707702599998,174.889526367000002,1.563367605210000,1.800006151200000,1.935752034190000,-1.948849439620000,0.000000000000000
-37.795379638699998,174.889816284000005,1.563558816910000,1.800278663640000,1.936054110530000,-1.949033379550000,0.000000000000000
-37.795654296899997,174.889114379999995,1.562607884410000,1.799136042590000,1.934821724890000,-1.948299288750000,0.000000000000000
-37.794036865199999,174.893264770999991,1.564596652980000,1.801480770110000,1.937727570530000,-1.950510382650000,0.000000000000000
-37.793895721399998,174.891967773000005,1.563725590710000,1.800580739970000,1.936704039570000,-1.949694871900000,0.000000000000000
-37.793933868400003,174.892395020000009,1.564574837680000,1.801498055460000,1.937672853470000,-1.950183272360000,0.000000000000000
-37.793979644799997,174.892837523999987,1.565165400510000,1.802133440970000,1.938293814660000,-1.950866699220000,0.000000000000000
-37.793762207000000,174.893951415999993,1.562554240230000,1.799027800560000,1.935373663900000,-1.949291706090000,0.000000000000000
-37.793701171899997,174.893539428999986,1.563443899150000,1.800181150440000,1.936377644540000,-1.949843883510000,0.000000000000000
-37.793464660600002,174.894210815000008,1.560914516450000,1.797317147250000,1.933541178700000,-1.948182463650000,0.000000000000000
-37.793190002400003,174.894500732000012,1.560340762140000,1.796431422230000,1.932788491250000,-1.947751760480000,0.000000000000000
-37.792922973600000,174.894805907999995,1.560027241710000,1.795883893970000,1.932507872580000,-1.948052525520000,0.000000000000000
-37.792667388900000,174.895080565999990,1.561320304870000,1.797472357750000,1.934146881100000,-1.948006272320000,0.000000000000000
-37.792575836200001,174.895507812000005,1.562756657600000,1.799027085300000,1.935734033580000,-1.949512004850000,0.000000000000000
-37.795963287399999,174.888397217000005,1.561361074450000,1.797708630560000,1.933313488960000,-1.947645783420000,0.000000000000000
-37.797241210899998,174.889465331999986,1.564492940900000,1.801055788990000,1.937081336980000,-1.948666334150000,0.000000000000000
-37.797691345200001,174.889785767000006,1.565247058870000,1.802003622060000,1.937956333160000,-1.949280381200000,0.000000000000000
-37.799030303999999,174.890304565000008,1.565483093260000,1.802287459370000,1.938123583790000,-1.950017929080000,0.000000000000000
-37.798313140899999,174.890014648000005,1.565742731090000,1.802508711810000,1.938548922540000,-1.949788928030000,0.000000000000000
-37.796836853000002,174.888778687000013,1.562816619870000,1.799252629280000,1.935010313990000,-1.948136210440000,0.000000000000000
-37.797245025599999,174.888977051000012,1.563363313670000,1.799980759620000,1.935709238050000,-1.948781132700000,0.000000000000000
-37.796432495099999,174.888504028000000,1.561853408810000,1.798355102540000,1.933921217920000,-1.948134422300000,0.000000000000000
-37.795055389399998,174.890106201000009,1.563922524450000,1.800690889360000,1.936496853830000,-1.949319839480000,0.000000000000000
-37.794738769500000,174.890426636000001,1.564077854160000,1.800940990450000,1.936775803570000,-1.949543476100000,0.000000000000000
-37.794456481899999,174.890777587999992,1.564315438270000,1.801267623900000,1.937156915660000,-1.949753165250000,0.000000000000000
-37.794223785400000,174.891204834000007,1.564354419710000,1.801427245140000,1.937326312070000,-1.950178146360000,0.000000000000000
-37.793842315699997,174.891540526999989,1.563859343530000,1.800821661950000,1.936727046970000,-1.950114130970000,0.000000000000000
-37.794033050499998,174.890762329000012,1.564431071280000,1.801304340360000,1.937119364740000,-1.949942946430000,0.000000000000000
-37.795566558799997,174.888244629000013,1.560669898990000,1.797073483470000,1.932645320890000,-1.947433114050000,0.000000000000000
-37.795597076400000,174.888671875000000,1.561518669130000,1.797870874400000,1.933528780940000,-1.947621107100000,0.000000000000000
-37.795307159399997,174.889389037999990,1.562936186790000,1.799552917480000,1.935253500940000,-1.948614358900000,0.000000000000000
-37.794971466100002,174.889694214000002,1.563143491740000,1.799850106240000,1.935610055920000,-1.948735237120000,0.000000000000000
-37.795238494899998,174.888961792000003,1.561923027040000,1.798429846760000,1.934095978740000,-1.947977304460000,0.000000000000000
-37.793510437000002,174.891830443999993,1.563346505170000,1.800155282020000,1.936125874520000,-1.949806451800000,0.000000000000000
-37.793640136699999,174.893112183000000,1.564243197440000,1.801153063770000,1.937246441840000,-1.950317740440000,0.000000000000000
-37.793544769299999,174.892227173000009,1.563619613650000,1.800409078600000,1.936507582660000,-1.949859142300000,0.000000000000000
-37.793575286900001,174.892669678000004,1.564299345020000,1.801116228100000,1.937220215800000,-1.950223684310000,0.000000000000000
-37.793384551999999,174.893814087000010,1.562165856360000,1.798812150960000,1.934855818750000,-1.948876857760000,0.000000000000000
-37.793308258099998,174.893402100000003,1.563334226610000,1.800049662590000,1.936168074610000,-1.949587345120000,0.000000000000000
-37.793083190899999,174.894104004000013,1.560393810270000,1.796676874160000,1.932765007020000,-1.948104500770000,0.000000000000000
-37.792797088599997,174.894409179999997,1.557812571530000,1.793618440630000,1.929719448090000,-1.946648955350000,0.000000000000000
-37.792522430399998,174.894729613999999,1.557680845260000,1.793193936350000,1.929855227470000,-1.947043657300000,0.000000000000000
-37.795539855999998,174.887847899999997,1.559953689580000,1.796349167820000,1.931837916370000,-1.947152256970000,0.000000000000000
-37.795909881599997,174.888000487999989,1.560517787930000,1.796811103820000,1.932349681850000,-1.947280287740000,0.000000000000000
-37.796249389600000,174.888137817000000,1.561186313630000,1.797508597370000,1.933087229730000,-1.947422504430000,0.000000000000000
-37.796867370599998,174.888381957999997,1.561949372290000,1.798392176630000,1.934037208560000,-1.947883248330000,0.000000000000000
-37.797691345200001,174.889190673999991,1.564536333080000,1.801108121870000,1.937088131900000,-1.948562979700000,0.000000000000000
-37.798206329300001,174.889389037999990,1.564781188960000,1.801426887510000,1.937323451040000,-1.949158787730000,0.000000000000000
-37.798812866200002,174.889541626000010,1.565532207490000,1.802273273470000,1.938252329830000,-1.949223756790000,0.000000000000000
-37.797225952100000,174.888534545999988,1.562813758850000,1.799263596530000,1.935012936590000,-1.948023200040000,0.000000000000000
-37.797649383500001,174.888702392999988,1.562861561780000,1.799443602560000,1.935144901280000,-1.948357939720000,0.000000000000000
-37.796672821000001,174.888000487999989,1.561319351200000,1.797616124150000,1.933233380320000,-1.947368025780000,0.000000000000000
-37.794635772699998,174.889999390000014,1.563620328900000,1.800337791440000,1.936097979550000,-1.949123501780000,0.000000000000000
-37.794258117699997,174.890350342000005,1.564066767690000,1.800876498220000,1.936656594280000,-1.949520349500000,0.000000000000000
-37.793869018599999,174.890457153000000,1.564376711850000,1.801246762280000,1.936975240710000,-1.949881434440000,0.000000000000000
-37.793750762899997,174.891113281000003,1.564828276630000,1.801791787150000,1.937533259390000,-1.950627207760000,0.000000000000000
-37.793434143100001,174.891418456999986,1.564146518710000,1.801085710530000,1.936818838120000,-1.950357317920000,0.000000000000000
-37.793636321999998,174.890716553000004,1.564592361450000,1.801527619360000,1.937294006350000,-1.950047016140000,0.000000000000000
-37.795154571499999,174.887741089000002,1.559216141700000,1.795580029490000,1.931075811390000,-1.946844220160000,0.000000000000000
-37.795246124300000,174.888092040999993,1.560032963750000,1.796517848970000,1.932033658030000,-1.947294473650000,0.000000000000000
-37.795146942099997,174.888488770000009,1.560784220700000,1.797212958340000,1.932823896410000,-1.947450637820000,0.000000000000000
-37.794898986800000,174.889266967999987,1.562275171280000,1.798893928530000,1.934595823290000,-1.948257684710000,0.000000000000000
-37.794563293499998,174.889572143999999,1.562740206720000,1.799393892290000,1.935103774070000,-1.948577642440000,0.000000000000000
-37.794822692899999,174.888854979999991,1.561319112780000,1.797911763190000,1.933536648750000,-1.947840690610000,0.000000000000000
-37.793125152599998,174.891708373999990,1.563339591030000,1.800204515460000,1.936036705970000,-1.949781298640000,0.000000000000000
-37.793224334700000,174.892059326000009,1.563079237940000,1.799877285960000,1.935755133630000,-1.949491500850000,0.000000000000000
-37.793231964100002,174.892959595000008,1.563785433770000,1.800583601000000,1.936696410180000,-1.950136780740000,0.000000000000000
-37.793132782000001,174.892471312999987,1.563005685810000,1.799673080440000,1.935742139820000,-1.949443221090000,0.000000000000000
-37.792991638200000,174.893692017000006,1.561707854270000,1.798238039020000,1.934252738950000,-1.948552966120000,0.000000000000000
-37.792907714800002,174.893264770999991,1.562909007070000,1.799760937690000,1.935612559320000,-1.949312329290000,0.000000000000000
-37.792682647699998,174.893997192000000,1.559880256650000,1.796332359310000,1.931987643240000,-1.946840047840000,0.000000000000000
-37.795082092299999,174.887329101999995,1.558577656750000,1.794838190080000,1.930246710780000,-1.946650981900000,0.000000000000000
-37.795486450200002,174.887451171999999,1.559107184410000,1.795304894450000,1.930812954900000,-1.946537256240000,0.000000000000000
-37.795883178700002,174.887588501000010,1.559832334520000,1.796107053760000,1.931560039520000,-1.947043895720000,0.000000000000000
-37.796268463099999,174.887756348000011,1.560583114620000,1.796842575070000,1.932390570640000,-1.947146058080000,0.000000000000000
-37.796649932900003,174.887512206999986,1.560395598410000,1.796657323840000,1.932177782060000,-1.947105526920000,0.000000000000000
-37.797161102300002,174.888107300000001,1.562028408050000,1.798480391500000,1.934132575990000,-1.947817325590000,0.000000000000000
-37.798126220699999,174.888839722000000,1.564182519910000,1.800843954090000,1.936707973480000,-1.948720693590000,0.000000000000000
-37.798599243200002,174.888992309999992,1.564683675770000,1.801290869710000,1.937227129940000,-1.948631763460000,0.000000000000000
-37.797603607200003,174.888244629000013,1.563469409940000,1.799897074700000,1.935783267020000,-1.947903394700000,0.000000000000000
-37.798004150399997,174.888412476000013,1.564121723180000,1.800588488580000,1.936506509780000,-1.948165297510000,0.000000000000000
-37.797077178999999,174.887664795000006,1.561667323110000,1.798003077510000,1.933705568310000,-1.947242021560000,0.000000000000000
-37.797004699699997,174.887237548999991,1.560648083690000,1.796926856040000,1.932509183880000,-1.947105646130000,0.000000000000000
-37.794219970699999,174.889862061000002,1.563051819800000,1.799786567690000,1.935540676120000,-1.948786973950000,0.000000000000000
-37.793872833300000,174.890106201000009,1.563580274580000,1.800339579580000,1.936084389690000,-1.949163317680000,0.000000000000000
-37.793552398700001,174.890350342000005,1.563966870310000,1.800844192500000,1.936568140980000,-1.949546575550000,0.000000000000000
-37.793346405000001,174.891006470000008,1.564871788020000,1.801891207700000,1.937569618230000,-1.950558900830000,0.000000000000000
-37.793037414600001,174.891311645999991,1.564280629160000,1.801330566410000,1.936986088750000,-1.950414419170000,0.000000000000000
-37.793258667000003,174.890625000000000,1.564169764520000,1.801077008250000,1.936868548390000,-1.949875712390000,0.000000000000000
-37.794681549099998,174.887207031000003,1.558187842370000,1.794551610950000,1.929918646810000,-1.946621298790000,0.000000000000000
-37.794746398900003,174.887634276999989,1.558787107470000,1.795035481450000,1.930510878560000,-1.946686625480000,0.000000000000000
-37.794830322300001,174.888092040999993,1.559605479240000,1.796008348460000,1.931560635570000,-1.946983933450000,0.000000000000000
-37.794727325399997,174.888504028000000,1.560464024540000,1.796985149380000,1.932570934300000,-1.947399258610000,0.000000000000000
-37.794498443599998,174.889144896999994,1.561655759810000,1.798330545430000,1.933993697170000,-1.948040246960000,0.000000000000000
-37.794166564900003,174.889419556000007,1.562253236770000,1.798864603040000,1.934526562690000,-1.948379397390000,0.000000000000000
-37.794437408400000,174.888732909999987,1.560695648190000,1.797261118890000,1.932867407800000,-1.947567582130000,0.000000000000000
-37.792720794700003,174.891601562000005,1.563631176950000,1.800598859790000,1.936184883120000,-1.949922084810000,0.000000000000000
-37.792816162100003,174.892074584999989,1.562128186230000,1.798966288570000,1.934710264210000,-1.949173808100000,0.000000000000000
-37.792823791499998,174.892837523999987,1.562406182290000,1.799009680750000,1.935044527050000,-1.948945045470000,0.000000000000000
-37.792724609399997,174.892486571999996,1.561237573620000,1.797739863400000,1.933696031570000,-1.948406100270000,0.000000000000000
-37.792583465600003,174.893569946000014,1.562504291530000,1.799267172810000,1.935177683830000,-1.949462175370000,0.000000000000000
-37.792503356899999,174.893142699999999,1.562209129330000,1.798816561700000,1.934857487680000,-1.948432683940000,0.000000000000000
-37.792255401600002,174.893890381000006,1.560698747630000,1.797152280810000,1.932925939560000,-1.948099732400000,0.000000000000000
-37.794616699199999,174.886795043999996,1.557759046550000,1.794042825700000,1.929330110550000,-1.946389079090000,0.000000000000000
-37.795009612999998,174.886917113999999,1.558036565780000,1.794268488880000,1.929605603220000,-1.946426272390000,0.000000000000000
-37.795421600300003,174.887039184999992,1.558462738990000,1.794725418090000,1.930093407630000,-1.946649551390000,0.000000000000000
-37.795841217000003,174.887161254999995,1.558964729310000,1.795105814930000,1.930585622790000,-1.946500062940000,0.000000000000000
-37.796253204300001,174.887329101999995,1.559885025020000,1.796098947530000,1.931577920910000,-1.946842312810000,0.000000000000000
-37.796627044700003,174.887084960999999,1.559904813770000,1.796116352080000,1.931607127190000,-1.946771979330000,0.000000000000000
-37.797542571999998,174.887771606000001,1.561747431760000,1.798132896420000,1.933790087700000,-1.947601675990000,0.000000000000000
-37.798610687299998,174.888320923000009,1.564652442930000,1.801251053810000,1.937222838400000,-1.948271393780000,0.000000000000000
-37.798034668000000,174.887954712000010,1.563253402710000,1.799886107440000,1.935753107070000,-1.948292016980000,0.000000000000000
-37.797431945800000,174.887313842999987,1.561527609830000,1.797908186910000,1.933606028560000,-1.947285771370000,0.000000000000000
-37.797286987299998,174.886978148999987,1.560752630230000,1.797083616260000,1.932728886600000,-1.946813225750000,0.000000000000000
-37.796962737999998,174.886856079000012,1.560436129570000,1.796619296070000,1.932224988940000,-1.946716427800000,0.000000000000000
-37.793830871600001,174.889709473000011,1.562749266620000,1.799412488940000,1.935088396070000,-1.948694705960000,0.000000000000000
-37.793502807599999,174.889968871999997,1.562858581540000,1.799607753750000,1.935343861580000,-1.948750853540000,0.000000000000000
-37.793190002400003,174.890228271000012,1.563458323480000,1.800246238710000,1.935945034030000,-1.949316978450000,0.000000000000000
-37.792957305900003,174.890899657999995,1.564185023310000,1.801166176800000,1.936899542810000,-1.950112462040000,0.000000000000000
-37.792644500700000,174.891189574999999,1.563914537430000,1.800916671750000,1.936652660370000,-1.950016260150000,0.000000000000000
-37.792881012000002,174.890502929999997,1.563759088520000,1.800686240200000,1.936336159710000,-1.949688196180000,0.000000000000000
-37.794235229500003,174.886688232000012,1.557565689090000,1.793878197670000,1.929133415220000,-1.946224570270000,0.000000000000000
-37.794296264600000,174.887069701999991,1.558122158050000,1.794479966160000,1.929755687710000,-1.946708202360000,0.000000000000000
-37.794342041000000,174.887481688999998,1.558187961580000,1.794541478160000,1.929965376850000,-1.946563124660000,0.000000000000000
-37.794387817400001,174.887908936000002,1.559083104130000,1.795361280440000,1.930846214290000,-1.946887254710000,0.000000000000000
-37.794406890899999,174.888336181999989,1.559667348860000,1.796085357670000,1.931672930720000,-1.946985602380000,0.000000000000000
-37.794105529799999,174.889007568000011,1.560851931570000,1.797411680220000,1.933076381680000,-1.947544336320000,0.000000000000000
-37.793773651099997,174.889282226999995,1.561268210410000,1.797910094260000,1.933586597440000,-1.947818398480000,0.000000000000000
-37.794055938699998,174.888595581000004,1.560243844990000,1.796679019930000,1.932235717770000,-1.947448372840000,0.000000000000000
-37.792320251500001,174.891464232999994,1.563491582870000,1.800493359570000,1.936071753500000,-1.949806332590000,0.000000000000000
-37.792377471899997,174.891891479000009,1.562574386600000,1.799335718150000,1.934865713120000,-1.948890209200000,0.000000000000000
-37.792407989499999,174.892318726000013,1.560806036000000,1.797419071200000,1.932924747470000,-1.947996735570000,0.000000000000000
-37.792438507100002,174.892730712999992,1.560030221940000,1.796347975730000,1.932364583020000,-1.948311448100000,0.000000000000000
-37.792163848900003,174.893447876000010,1.560929417610000,1.797432661060000,1.932903289790000,-1.947428226470000,0.000000000000000
-37.792102813699998,174.893005370999987,1.559441685680000,1.795589089390000,1.931660294530000,-1.948318004610000,0.000000000000000
-37.794174194299998,174.886306762999993,1.557315588000000,1.793733477590000,1.928888440130000,-1.946241021160000,0.000000000000000
-37.794544219999999,174.886413573999988,1.557350516320000,1.793653845790000,1.928868651390000,-1.946196913720000,0.000000000000000
-37.794933319099997,174.886520386000001,1.557532429700000,1.793757557870000,1.929032802580000,-1.946184754370000,0.000000000000000
-37.795337676999999,174.886627196999996,1.557800173760000,1.793975114820000,1.929322719570000,-1.946194887160000,0.000000000000000
-37.795764923100002,174.886734009000008,1.558331012730000,1.794491887090000,1.929821014400000,-1.946570277210000,0.000000000000000
-37.796249389600000,174.886840820000003,1.559101581570000,1.795203924180000,1.930736780170000,-1.946294426920000,0.000000000000000
-37.796653747599997,174.886749267999988,1.559556245800000,1.795711517330000,1.931246042250000,-1.946564793590000,0.000000000000000
-37.797946929900000,174.887390137000011,1.562462210660000,1.798955440520000,1.934726953510000,-1.947419524190000,0.000000000000000
-37.798511505100002,174.887588501000010,1.563735604290000,1.799716711040000,1.935758233070000,-1.945412993430000,0.000000000000000
-37.797733306900000,174.886856079000012,1.562216281890000,1.798591375350000,1.934429168700000,-1.947471261020000,0.000000000000000
-37.797298431400002,174.886627196999996,1.560543179510000,1.796838521960000,1.932470202450000,-1.946982264520000,0.000000000000000
-37.796909332299997,174.886505126999992,1.559538006780000,1.795664072040000,1.931193590160000,-1.946421980860000,0.000000000000000
-37.793445587199997,174.889556884999990,1.561886906620000,1.798519253730000,1.934170126910000,-1.948217153550000,0.000000000000000
-37.793125152599998,174.889831543000014,1.562334775920000,1.798992872240000,1.934661865230000,-1.948533415790000,0.000000000000000
-37.792812347400002,174.890106201000009,1.562774181370000,1.799517750740000,1.935178279880000,-1.948909759520000,0.000000000000000
-37.792572021500000,174.890777587999992,1.563661217690000,1.800625681880000,1.936257958410000,-1.949787735940000,0.000000000000000
-37.792259216300003,174.891052245999987,1.563542008400000,1.800510406490000,1.936134696010000,-1.949582934380000,0.000000000000000
-37.792503356899999,174.890380859000004,1.562896490100000,1.799710273740000,1.935377955440000,-1.949074864390000,0.000000000000000
-37.793861389200003,174.886215209999989,1.557371616360000,1.793850183490000,1.928933382030000,-1.946271061900000,0.000000000000000
-37.793869018599999,174.886550903000000,1.557567000390000,1.794030785560000,1.929180264470000,-1.946452975270000,0.000000000000000
-37.793926239000001,174.886932373000008,1.557767152790000,1.794124484060000,1.929384708400000,-1.946409106250000,0.000000000000000
-37.793964385999999,174.887329101999995,1.558295607570000,1.794729709630000,1.930027961730000,-1.946898460390000,0.000000000000000
-37.793983459499998,174.887741089000002,1.558363676070000,1.794629216190000,1.930111765860000,-1.946471571920000,0.000000000000000
-37.794013977100001,174.888168334999989,1.559421539310000,1.795824050900000,1.931316256520000,-1.947039723400000,0.000000000000000
-37.793712616000001,174.888870238999999,1.560347795490000,1.796805500980000,1.932414174080000,-1.947422027590000,0.000000000000000
-37.793380737299998,174.889144896999994,1.560810565950000,1.797298669820000,1.932909488680000,-1.947587609290000,0.000000000000000
-37.793655395499997,174.888442993000012,1.559893131260000,1.796496987340000,1.931932806970000,-1.947521924970000,0.000000000000000
-37.791938781699997,174.891326904000010,1.563296794890000,1.800557017330000,1.935953974720000,-1.949495315550000,0.000000000000000
-37.791984558099998,174.891738892000006,1.562483072280000,1.799328804020000,1.934837341310000,-1.948673248290000,0.000000000000000
-37.792026519799997,174.892150879000013,1.561399102210000,1.798141360280000,1.933705329900000,-1.948630452160000,0.000000000000000
-37.792064666700000,174.892578125000000,1.559726119040000,1.796032071110000,1.931375265120000,-1.947071671490000,0.000000000000000
-37.794082641599999,174.885955811000002,1.557016730310000,1.793431878090000,1.928527235980000,-1.946014046670000,0.000000000000000
-37.794456481899999,174.886032104000009,1.556891918180000,1.793170690540000,1.928339242940000,-1.945894360540000,0.000000000000000
-37.794841766399998,174.886123657000013,1.556998848920000,1.793197989460000,1.928442239760000,-1.945852518080000,0.000000000000000
-37.795242309599999,174.886215209999989,1.557207584380000,1.793372869490000,1.928614497180000,-1.946113944050000,0.000000000000000
-37.795658111599998,174.886306762999993,1.557647585870000,1.793784618380000,1.929118275640000,-1.946078419690000,0.000000000000000
-37.796089172400002,174.886398315000008,1.557925581930000,1.794095158580000,1.929451107980000,-1.946411013600000,0.000000000000000
-37.796516418499998,174.886444092000005,1.558878183360000,1.795074582100000,1.930493474010000,-1.946639537810000,0.000000000000000
-37.798091888400002,174.886444092000005,1.562214851380000,1.798720717430000,1.934566140170000,-1.947795629500000,0.000000000000000
-37.797664642299999,174.886337279999992,1.560916185380000,1.797215580940000,1.932922840120000,-1.946502208710000,0.000000000000000
-37.797229766800001,174.886215209999989,1.559967994690000,1.796165585520000,1.931737542150000,-1.946705937390000,0.000000000000000
-37.796810150100001,174.886123657000013,1.558988690380000,1.795059919360000,1.930579185490000,-1.946266651150000,0.000000000000000
-37.793697357200003,174.885925293000014,1.556904196740000,1.793311715130000,1.928395152090000,-1.945822119710000,0.000000000000000
-37.793056487999998,174.889434813999998,1.561207890510000,1.797737836840000,1.933361530300000,-1.947842836380000,0.000000000000000
-37.792743682900003,174.889709473000011,1.561517715450000,1.798134565350000,1.933765888210000,-1.948008656500000,0.000000000000000
-37.792434692400001,174.889984131000006,1.562030076980000,1.798742532730000,1.934318184850000,-1.948414206500000,0.000000000000000
-37.792194366499999,174.890655517999988,1.562944769860000,1.799937605860000,1.935477852820000,-1.949233651160000,0.000000000000000
-37.791881561300002,174.890914917000003,1.563035130500000,1.799878001210000,1.935489773750000,-1.949092864990000,0.000000000000000
-37.792125701899998,174.890258789000001,1.562338590620000,1.799190282820000,1.934717059140000,-1.948691368100000,0.000000000000000
-37.793479919399999,174.886352539000001,1.557605981830000,1.794193625450000,1.929239511490000,-1.946543097500000,0.000000000000000
-37.793544769299999,174.886825562000013,1.557568073270000,1.793975830080000,1.929197072980000,-1.946356773380000,0.000000000000000
-37.793651580800002,174.887176514000004,1.557917594910000,1.794325947760000,1.929605245590000,-1.946493148800000,0.000000000000000
-37.793594360400000,174.887542725000003,1.558278441430000,1.794737696650000,1.930058717730000,-1.946844577790000,0.000000000000000
-37.793605804400002,174.888000487999989,1.558577179910000,1.794797182080000,1.930321574210000,-1.946356534960000,0.000000000000000
-37.793312072799999,174.888732909999987,1.559866189960000,1.796385169030000,1.931925177570000,-1.947213649750000,0.000000000000000
-37.792987823499999,174.889022826999991,1.560320138930000,1.796984314920000,1.932484507560000,-1.947537541390000,0.000000000000000
-37.793235778800003,174.888290404999992,1.558912396430000,1.795342445370000,1.930830836300000,-1.946719288830000,0.000000000000000
-37.791568756099998,174.891174315999990,1.562658429150000,1.799752950670000,1.935185909270000,-1.948715090750000,0.000000000000000
-37.791606903100003,174.891586303999986,1.562460303310000,1.799525618550000,1.934955239300000,-1.948687911030000,0.000000000000000
-37.791641235400000,174.891998290999993,1.561986923220000,1.799045324330000,1.934387803080000,-1.948472738270000,0.000000000000000
-37.791687011699999,174.892410278000000,1.560971498490000,1.797553896900000,1.933002710340000,-1.947518706320000,0.000000000000000
-37.793518066399997,174.885513306000007,1.556711912160000,1.793322682380000,1.928272366520000,-1.946004629140000,0.000000000000000
-37.793960571299998,174.885589600000003,1.556447982790000,1.792778491970000,1.927867293360000,-1.945553064350000,0.000000000000000
-37.794353485099997,174.885665893999999,1.556606769560000,1.792923569680000,1.928024768830000,-1.945741415020000,0.000000000000000
-37.794746398900003,174.885742187999995,1.556518912320000,1.792709589000000,1.927902102470000,-1.945647954940000,0.000000000000000
-37.795143127400003,174.885833740000010,1.556708693500000,1.792781591420000,1.928038835530000,-1.945615768430000,0.000000000000000
-37.795547485400000,174.885910034000005,1.557044863700000,1.793130874630000,1.928407073020000,-1.945821642880000,0.000000000000000
-37.795967102100001,174.885986328000001,1.557412028310000,1.793513298030000,1.928811788560000,-1.946144461630000,0.000000000000000
-37.796390533400000,174.886047362999989,1.558216094970000,1.794358015060000,1.929779887200000,-1.946174860000000,0.000000000000000
-37.797576904300001,174.885879517000006,1.559534192090000,1.795799970630000,1.931417346000000,-1.946377396580000,0.000000000000000
-37.797126769999998,174.885787964000002,1.559917211530000,1.796013951300000,1.931607365610000,-1.946394920350000,0.000000000000000
-37.796695709200002,174.885726928999986,1.557867407800000,1.794021248820000,1.929383158680000,-1.946412920950000,0.000000000000000
-37.793277740500002,174.885925293000014,1.556945204730000,1.793403863910000,1.928452849390000,-1.945860505100000,0.000000000000000
-37.793121337899997,174.885589600000003,1.557296514510000,1.793988108630000,1.928830504420000,-1.946431040760000,0.000000000000000
-37.792671203600001,174.889312743999994,1.560613512990000,1.797293901440000,1.932815194130000,-1.947650671010000,0.000000000000000
-37.792358398399998,174.889587401999989,1.560699343680000,1.797357082370000,1.932939052580000,-1.947612404820000,0.000000000000000
-37.792053222699998,174.889862061000002,1.561527609830000,1.798247218130000,1.933755993840000,-1.948149204250000,0.000000000000000
-37.791820526099997,174.890533446999996,1.562170386310000,1.799057960510000,1.934560060500000,-1.948519825940000,0.000000000000000
-37.791515350300003,174.890792847000000,1.562085628510000,1.799010276790000,1.934527277950000,-1.948449611660000,0.000000000000000
-37.791751861599998,174.890136718999997,1.561775088310000,1.798717737200000,1.934157133100000,-1.948242425920000,0.000000000000000
-37.792991638200000,174.886276245000005,1.557408690450000,1.793979048730000,1.929014325140000,-1.946273684500000,0.000000000000000
-37.793113708500002,174.886734009000008,1.557932615280000,1.794574499130000,1.929620265960000,-1.946893334390000,0.000000000000000
-37.793235778800003,174.887222290000011,1.557716369630000,1.794125080110000,1.929407000540000,-1.946438670160000,0.000000000000000
-37.793136596700002,174.887786865000010,1.558201909070000,1.794581770900000,1.929971575740000,-1.946544289590000,0.000000000000000
-37.792907714800002,174.888610840000013,1.559184312820000,1.795608162880000,1.931143164630000,-1.946748852730000,0.000000000000000
-37.792591094999999,174.888900756999988,1.559738039970000,1.796296000480000,1.931804299350000,-1.947048664090000,0.000000000000000
-37.792804717999999,174.888183593999997,1.558703899380000,1.795203685760000,1.930576920510000,-1.946861982350000,0.000000000000000
-37.791252136200001,174.891433715999995,1.562722325330000,1.799919247630000,1.935265302660000,-1.948750615120000,0.000000000000000
-37.791206359900002,174.891036987000007,1.562433362010000,1.799564480780000,1.934931993480000,-1.948653817180000,0.000000000000000
-37.791259765600003,174.891815186000002,1.561845302580000,1.798863291740000,1.934211015700000,-1.948194265370000,0.000000000000000
-37.791282653800003,174.892257690000008,1.558440089230000,1.793416500090000,1.928702950480000,-1.937764167790000,0.000000000000000
-37.790973663300001,174.891632079999994,1.562298655510000,1.799418449400000,1.934781670570000,-1.948449254040000,0.000000000000000
-37.793159484900002,174.885192870999987,1.556994795800000,1.793722033500000,1.928509593010000,-1.946136355400000,0.000000000000000
-37.793544769299999,174.885116576999991,1.556451797490000,1.793090581890000,1.927971720700000,-1.945797324180000,0.000000000000000
-37.793865203899998,174.885223389000004,1.556268692020000,1.792719841000000,1.927711606030000,-1.945599317550000,0.000000000000000
-37.794250488300001,174.885299683000000,1.556099414830000,1.792343616490000,1.927446484570000,-1.945313215260000,0.000000000000000
-37.794639587399999,174.885360717999987,1.556085705760000,1.792272210120000,1.927438020710000,-1.945357084270000,0.000000000000000
-37.795036315899999,174.885437012000011,1.556101322170000,1.792163372040000,1.927388191220000,-1.945337295530000,0.000000000000000
-37.795436859100001,174.885513306000007,1.556294322010000,1.792347192760000,1.927667021750000,-1.945331096650000,0.000000000000000
-37.795848846399998,174.885589600000003,1.556667447090000,1.792739748950000,1.928003311160000,-1.945721864700000,0.000000000000000
-37.796268463099999,174.885650634999990,1.557314276700000,1.793390274050000,1.928745150570000,-1.945943474770000,0.000000000000000
-37.797454834000000,174.885437012000011,1.556641101840000,1.790853023530000,1.926239013670000,-1.937639832500000,0.000000000000000
-37.797000885000003,174.885375976999995,1.557621836660000,1.793742418290000,1.929122447970000,-1.946160197260000,0.000000000000000
-37.796566009499998,174.885330199999999,1.557631134990000,1.793726921080000,1.929091453550000,-1.946032881740000,0.000000000000000
-37.792785644500000,174.885467529000010,1.557211518290000,1.793983578680000,1.928802251820000,-1.946147680280000,0.000000000000000
-37.792869567899999,174.885864257999998,1.557711482050000,1.794624090190000,1.929427742960000,-1.946842789650000,0.000000000000000
-37.792282104500003,174.889190673999991,1.560529828070000,1.797335028650000,1.932692170140000,-1.947775721550000,0.000000000000000
-37.791976928700002,174.889480590999995,1.560880661010000,1.797713518140000,1.933106184010000,-1.947806715970000,0.000000000000000
-37.791679382300003,174.889755248999990,1.561201810840000,1.798017024990000,1.933459281920000,-1.947790980340000,0.000000000000000
-37.791454315199999,174.890411376999992,1.562119007110000,1.799268364910000,1.934559583660000,-1.948556661610000,0.000000000000000
-37.791160583500002,174.890655517999988,1.562462806700000,1.799586772920000,1.934915900230000,-1.948545336720000,0.000000000000000
-37.791385650599999,174.890029907000013,1.561748862270000,1.798701405530000,1.934110164640000,-1.948286056520000,0.000000000000000
-37.792560577400003,174.886184692000000,1.557639002800000,1.794447422030000,1.929354071620000,-1.946678757670000,0.000000000000000
-37.792663574199999,174.886611937999987,1.557746410370000,1.794382691380000,1.929403185840000,-1.946546554570000,0.000000000000000
-37.792762756300000,174.887069701999991,1.558064699170000,1.794646620750000,1.929756999020000,-1.946831464770000,0.000000000000000
-37.792835235600002,174.887466431000007,1.558075666430000,1.794550776480000,1.929796576500000,-1.946638584140000,0.000000000000000
-37.792644500700000,174.887802123999990,1.558689236640000,1.795288324360000,1.930513024330000,-1.947043061260000,0.000000000000000
-37.792503356899999,174.888504028000000,1.559241294860000,1.795812964440000,1.931195616720000,-1.947012066840000,0.000000000000000
-37.792205810500000,174.888793945000003,1.559958577160000,1.796652436260000,1.932015061380000,-1.947288990020000,0.000000000000000
-37.792400360099997,174.888122559000010,1.558696627620000,1.795219302180000,1.930555939670000,-1.946724295620000,0.000000000000000
-37.790904998800002,174.891296387000011,1.562383532520000,1.799467921260000,1.934858560560000,-1.948198676110000,0.000000000000000
-37.790843963599997,174.890899657999995,1.562582850460000,1.799681305890000,1.935096383090000,-1.948457956310000,0.000000000000000
-37.790660858199999,174.891586303999986,1.562716245650000,1.799916267400000,1.935283899310000,-1.948189496990000,0.000000000000000
-37.792728424099998,174.885055542000003,1.556938886640000,1.793807506560000,1.928525686260000,-1.946158528330000,0.000000000000000
-37.793025970499997,174.884780884000008,1.556373596190000,1.792950153350000,1.927743315700000,-1.945553660390000,0.000000000000000
-37.793403625499998,174.884811401000007,1.555984735490000,1.792546272280000,1.927434206010000,-1.945313334470000,0.000000000000000
-37.793773651099997,174.884857178000004,1.555857419970000,1.792302131650000,1.927260279660000,-1.945267200470000,0.000000000000000
-37.794143676799997,174.884918212999992,1.555784583090000,1.792069435120000,1.927114844320000,-1.945193886760000,0.000000000000000
-37.794532775900002,174.884994506999988,1.555698037150000,1.791880011560000,1.927019834520000,-1.945071220400000,0.000000000000000
-37.794925689700001,174.885070801000012,1.555686354640000,1.791768431660000,1.926993250850000,-1.945037484170000,0.000000000000000
-37.795326232900003,174.885131835999999,1.555684447290000,1.791732788090000,1.927045226100000,-1.945043921470000,0.000000000000000
-37.795730590799998,174.885208129999995,1.556275844570000,1.792239069940000,1.927599787710000,-1.945138216020000,0.000000000000000
-37.796146392799997,174.885269165000011,1.556697964670000,1.792748570440000,1.928150177000000,-1.945546865460000,0.000000000000000
-37.796432495099999,174.884933472000000,1.556559920310000,1.792708873750000,1.928048372270000,-1.945891380310000,0.000000000000000
-37.796859741200002,174.884979248000008,1.557278990750000,1.793400645260000,1.928786873820000,-1.946073174480000,0.000000000000000
-37.796707153299998,174.884613037000008,1.556844711300000,1.793017029760000,1.928422808650000,-1.946312427520000,0.000000000000000
-37.792697906500003,174.884704590000013,1.556806802750000,1.793576955800000,1.928203701970000,-1.946070194240000,0.000000000000000
-37.792381286599998,174.885330199999999,1.557348966600000,1.794213175770000,1.928948640820000,-1.946222782140000,0.000000000000000
-37.792465210000003,174.885757446000014,1.558243274690000,1.795250177380000,1.929910898210000,-1.947140455250000,0.000000000000000
-37.791900634800001,174.889083862000007,1.560567140580000,1.797404527660000,1.932723879810000,-1.947543859480000,0.000000000000000
-37.791591644299999,174.889358520999991,1.560829043390000,1.797721147540000,1.933050751690000,-1.947739481930000,0.000000000000000
-37.791305542000003,174.889648437999995,1.561195492740000,1.798181772230000,1.933496236800000,-1.947985649110000,0.000000000000000
-37.791088104200000,174.890289306999989,1.561721563340000,1.798637986180000,1.934105753900000,-1.947946071620000,0.000000000000000
-37.790843963599997,174.890533446999996,1.561853885650000,1.798846960070000,1.934260725980000,-1.948145270350000,0.000000000000000
-37.791027069099997,174.889907837000010,1.561445951460000,1.798404693600000,1.933722138400000,-1.947752594950000,0.000000000000000
-37.792144775399997,174.886062621999997,1.558620095250000,1.795746445660000,1.930367231370000,-1.947603702550000,0.000000000000000
-37.792232513400002,174.886489868000012,1.557702302930000,1.794386386870000,1.929374933240000,-1.946468472480000,0.000000000000000
-37.792320251500001,174.886932373000008,1.558255434040000,1.795067429540000,1.930035591130000,-1.947072863580000,0.000000000000000
-37.792400360099997,174.887420654000010,1.558076858520000,1.794582605360000,1.929802536960000,-1.946453571320000,0.000000000000000
-37.792297363300001,174.887817382999998,1.558833479880000,1.795526623730000,1.930688381200000,-1.947016954420000,0.000000000000000
-37.792121887199997,174.888412476000013,1.559234142300000,1.795843958850000,1.931179523470000,-1.946873545650000,0.000000000000000
-37.791824340799998,174.888687134000008,1.559478402140000,1.795991539960000,1.931422829630000,-1.946778655050000,0.000000000000000
-37.792037963900000,174.888046265000014,1.559025049210000,1.795729279520000,1.930927395820000,-1.947021484380000,0.000000000000000
-37.790496826199998,174.891204834000007,1.554989337920000,1.785734891890000,1.920607090000000,-1.919645786290000,0.000000000000000
-37.790447235099997,174.890670776000007,1.561215162280000,1.798042774200000,1.933443903920000,-1.946576237680000,0.000000000000000
-37.792316436800000,174.884841918999996,1.557370543480000,1.794307589530000,1.928856253620000,-1.946551203730000,0.000000000000000
-37.792896270800000,174.884429931999989,1.555948853490000,1.792736172680000,1.927428007130000,-1.945556283000000,0.000000000000000
-37.793270111100000,174.884460448999988,1.555575847630000,1.792124748230000,1.926947593690000,-1.945163726810000,0.000000000000000
-37.793651580800002,174.884506226000013,1.555404782300000,1.791801691060000,1.926739096640000,-1.944941878320000,0.000000000000000
-37.794033050499998,174.884567261000001,1.555397868160000,1.791615605350000,1.926642417910000,-1.944840192790000,0.000000000000000
-37.794418335000003,174.884628295999988,1.555225253110000,1.791329741480000,1.926497459410000,-1.944626569750000,0.000000000000000
-37.794811248800002,174.884689331000004,1.555289506910000,1.791369795800000,1.926577448840000,-1.944766640660000,0.000000000000000
-37.795211792000003,174.884750365999992,1.555274724960000,1.791276931760000,1.926582098010000,-1.944725751880000,0.000000000000000
-37.795612335199998,174.884826659999987,1.555451273920000,1.791452407840000,1.926783919330000,-1.944897055630000,0.000000000000000
-37.796020507800002,174.884887695000003,1.555794358250000,1.791846156120000,1.927178978920000,-1.945289373400000,0.000000000000000
-37.796306610099997,174.884567261000001,1.555845379830000,1.791886210440000,1.927203416820000,-1.945415973660000,0.000000000000000
-37.796585082999997,174.884262084999989,1.555108189580000,1.791324257850000,1.926566481590000,-1.946028828620000,0.000000000000000
-37.792518615699997,174.884414673000009,1.556534409520000,1.793258547780000,1.927853226660000,-1.945786118510000,0.000000000000000
-37.791957855200003,174.885208129999995,1.557817816730000,1.794840574260000,1.929392814640000,-1.946919441220000,0.000000000000000
-37.792045593300003,174.885635376000010,1.557695031170000,1.794589638710000,1.929352998730000,-1.946382761000000,0.000000000000000
-37.791740417500002,174.885955811000002,1.558447837830000,1.795464396480000,1.930137395860000,-1.947105884550000,0.000000000000000
-37.791515350300003,174.888961792000003,1.559953093530000,1.796628236770000,1.932041645050000,-1.947141408920000,0.000000000000000
-37.790996551500001,174.889587401999989,1.560997486110000,1.797780156140000,1.933213949200000,-1.947685837750000,0.000000000000000
-37.791164398200003,174.889251709000007,1.560534119610000,1.797379851340000,1.932687520980000,-1.947353959080000,0.000000000000000
-37.790672302200001,174.890182495000005,1.561302661900000,1.798219561580000,1.933579325680000,-1.947931289670000,0.000000000000000
-37.790710449199999,174.889739990000010,1.561644673350000,1.798787355420000,1.933963179590000,-1.948126673700000,0.000000000000000
-37.791824340799998,174.886367798000009,1.558560013770000,1.795538187030000,1.930266499520000,-1.947317481040000,0.000000000000000
-37.791896820100000,174.886795043999996,1.558131694790000,1.795067787170000,1.929964303970000,-1.947130441670000,0.000000000000000
-37.791961669899997,174.887237548999991,1.558058738710000,1.794681787490000,1.929779887200000,-1.946641802790000,0.000000000000000
-37.791996002200001,174.887664795000006,1.558445096020000,1.795035481450000,1.930253982540000,-1.946619749070000,0.000000000000000
-37.791748046899997,174.888305664000001,1.559254169460000,1.796007633210000,1.931210398670000,-1.947127461430000,0.000000000000000
-37.791461944600002,174.888580321999996,1.559576392170000,1.796378970150000,1.931585431100000,-1.947124958040000,0.000000000000000
-37.791671752900001,174.887924193999993,1.558961033820000,1.795693635940000,1.930849552150000,-1.946875929830000,0.000000000000000
-37.790264129599997,174.890258789000001,1.558177351950000,1.793064475060000,1.928319454190000,-1.935087442400000,0.000000000000000
-37.792121887199997,174.884414673000009,1.557031154630000,1.793953657150000,1.928428649900000,-1.946255803110000,0.000000000000000
-37.791805267299999,174.884750365999992,1.557770729060000,1.794951796530000,1.929346680640000,-1.946960210800000,0.000000000000000
-37.791599273700001,174.885116576999991,1.558166623120000,1.795436143880000,1.929848194120000,-1.947286725040000,0.000000000000000
-37.792739868200002,174.884078979000009,1.556210875510000,1.792946457860000,1.927477478980000,-1.945787906650000,0.000000000000000
-37.793132782000001,174.884109496999997,1.555567860600000,1.792381286620000,1.927038908000000,-1.945458889010000,0.000000000000000
-37.793521881099998,174.884140015000014,1.555160641670000,1.791663408280000,1.926506638530000,-1.944934725760000,0.000000000000000
-37.793907165500002,174.884201050000001,1.555037140850000,1.791298747060000,1.926285147670000,-1.944620609280000,0.000000000000000
-37.794300079300001,174.884246826000009,1.554948449130000,1.791077017780000,1.926180839540000,-1.944529056550000,0.000000000000000
-37.794692993200002,174.884307860999996,1.554956436160000,1.790942907330000,1.926201939580000,-1.944280385970000,0.000000000000000
-37.795093536400003,174.884384154999992,1.554969906810000,1.790873289110000,1.926250457760000,-1.944219470020000,0.000000000000000
-37.795497894299999,174.884445190000008,1.555207371710000,1.791106700900000,1.926554560660000,-1.944314956670000,0.000000000000000
-37.795902252200001,174.884506226000013,1.555537939070000,1.791456818580000,1.926911950110000,-1.944576382640000,0.000000000000000
-37.796188354500003,174.884201050000001,1.555618047710000,1.791553497310000,1.926970124240000,-1.944753050800000,0.000000000000000
-37.796485900900002,174.883895873999990,1.555311203000000,1.791237950330000,1.926654100420000,-1.944297194480000,0.000000000000000
-37.792346954300001,174.884063720999990,1.556559562680000,1.793443918230000,1.927872180940000,-1.946063041690000,0.000000000000000
-37.791595459000000,174.885528563999998,1.558353900910000,1.795508623120000,1.930029749870000,-1.947275400160000,0.000000000000000
-37.791435241700000,174.886245728000006,1.558972716330000,1.796167850490000,1.930753111840000,-1.947670221330000,0.000000000000000
-37.791393280000001,174.885894774999997,1.558576703070000,1.795652389530000,1.930281400680000,-1.947224020960000,0.000000000000000
-37.791160583500002,174.888824462999992,1.560185551640000,1.797101616860000,1.932316064830000,-1.947612404820000,0.000000000000000
-37.790767669700003,174.889373779000010,1.560756325720000,1.797696232800000,1.932990312580000,-1.947803378110000,0.000000000000000
-37.790821075399997,174.889007568000011,1.560565471650000,1.797535061840000,1.932702183720000,-1.947652101520000,0.000000000000000
-37.790332794199998,174.889877318999993,1.562014222150000,1.799209594730000,1.934488177300000,-1.948391318320000,0.000000000000000
-37.790458679200000,174.889526367000002,1.561266064640000,1.798105001450000,1.933475613590000,-1.947450280190000,0.000000000000000
-37.791492462199997,174.886657715000013,1.558508872990000,1.795449018480000,1.930242896080000,-1.947293758390000,0.000000000000000
-37.791549682599999,174.887084960999999,1.558090448380000,1.795003294940000,1.929982185360000,-1.946866750720000,0.000000000000000
-37.791606903100003,174.887512206999986,1.558569431300000,1.795286059380000,1.930371284480000,-1.946881294250000,0.000000000000000
-37.791370391800001,174.888214110999996,1.559551477430000,1.796400070190000,1.931515455250000,-1.947305321690000,0.000000000000000
-37.791149139399998,174.888473511000001,1.559952735900000,1.796901583670000,1.931998372080000,-1.947472095490000,0.000000000000000
-37.791267394999998,174.887817382999998,1.558751106260000,1.795464634900000,1.930630445480000,-1.946830272670000,0.000000000000000
-37.791118621800003,174.886505126999992,1.559155464170000,1.796458601950000,1.931019306180000,-1.948027372360000,0.000000000000000
-37.791786193800000,174.884353637999993,1.557414770130000,1.794655919080000,1.928975462910000,-1.946769833560000,0.000000000000000
-37.791965484599999,174.884063720999990,1.556915283200000,1.794000983240000,1.928332567210000,-1.946393132210000,0.000000000000000
-37.791477203399999,174.884490967000005,1.557838082310000,1.795376062390000,1.929621696470000,-1.947207450870000,0.000000000000000
-37.791378021200003,174.884872437000013,1.558128714560000,1.795561909680000,1.929899334910000,-1.947313547130000,0.000000000000000
-37.791267394999998,174.885253906000003,1.558475494380000,1.795944690700000,1.930313229560000,-1.947507381440000,0.000000000000000
-37.792575836200001,174.883712768999999,1.556028723720000,1.792771816250000,1.927224874500000,-1.945537328720000,0.000000000000000
-37.792980194099997,174.883728026999989,1.555723547940000,1.792318463330000,1.926888108250000,-1.945219993590000,0.000000000000000
-37.793384551999999,174.883773803999986,1.555283069610000,1.791971683500000,1.926650404930000,-1.945111989970000,0.000000000000000
-37.793777465799998,174.883834839000002,1.554889082910000,1.791314125060000,1.926182389260000,-1.944648385050000,0.000000000000000
-37.794174194299998,174.883880615000010,1.554725766180000,1.790850281720000,1.925914168360000,-1.944280028340000,0.000000000000000
-37.794570922900000,174.883941649999997,1.554625630380000,1.790710091590000,1.925922155380000,-1.944124817850000,0.000000000000000
-37.794971466100002,174.884002686000002,1.554696202280000,1.790667414670000,1.926018118860000,-1.944050788880000,0.000000000000000
-37.795379638699998,174.884063720999990,1.554911136630000,1.790744781490000,1.926225066180000,-1.943971276280000,0.000000000000000
-37.795783996600001,174.884124756000006,1.555144190790000,1.791016340260000,1.926538467410000,-1.944176673890000,0.000000000000000
-37.796077728299998,174.883819579999994,1.555678248410000,1.791516423230000,1.927140831950000,-1.944093465810000,0.000000000000000
-37.796375274699997,174.883514404000010,1.556454300880000,1.792357802390000,1.928046345710000,-1.944361090660000,0.000000000000000
-37.792427062999998,174.883422851999995,1.556159734730000,1.793112277980000,1.927406072620000,-1.945832252500000,0.000000000000000
-37.792156219500001,174.883697509999990,1.556454896930000,1.793485641480000,1.927790641780000,-1.946090221410000,0.000000000000000
-37.791156768800001,174.885650634999990,1.558803319930000,1.796241283420000,1.930671215060000,-1.947753548620000,0.000000000000000
-37.791038513200000,174.886077881000006,1.559121012690000,1.796388745310000,1.930923461910000,-1.947628378870000,0.000000000000000
-37.790847778299998,174.888610840000013,1.560431241990000,1.797438859940000,1.932553172110000,-1.947770714760000,0.000000000000000
-37.790454864499999,174.889160156000003,1.561326146130000,1.798506617550000,1.933647394180000,-1.948388338090000,0.000000000000000
-37.790538787800003,174.888809204000012,1.560960412030000,1.798208832740000,1.933279991150000,-1.948306083680000,0.000000000000000
-37.790035247799999,174.889450073000006,1.558880567550000,1.794596195220000,1.929862380030000,-1.940559506420000,0.000000000000000
-37.790809631300000,174.886398315000008,1.559348821640000,1.796745061870000,1.931274056430000,-1.947960376740000,0.000000000000000
-37.791145324699997,174.886932373000008,1.558352231980000,1.795380473140000,1.930266022680000,-1.947218775750000,0.000000000000000
-37.791191101099997,174.887374878000003,1.558650374410000,1.795626282690000,1.930559992790000,-1.947273015980000,0.000000000000000
-37.790920257600000,174.888168334999989,1.559345722200000,1.796138167380000,1.931331157680000,-1.946988344190000,0.000000000000000
-37.790843963599997,174.887680053999986,1.558552026750000,1.795541167260000,1.930606126790000,-1.947086334230000,0.000000000000000
-37.790786743200002,174.886734009000008,1.559255838390000,1.796568512920000,1.931146979330000,-1.947947621350000,0.000000000000000
-37.791572570800000,174.884078979000009,1.557320714000000,1.794809937480000,1.929017305370000,-1.946899294850000,0.000000000000000
-37.791805267299999,174.883789062000005,1.556974649430000,1.794484376910000,1.928640484810000,-1.946797370910000,0.000000000000000
-37.791271209700000,174.883926392000006,1.557977557180000,1.795678019520000,1.929690837860000,-1.947474479680000,0.000000000000000
-37.791210174600003,174.884246826000009,1.558016657830000,1.795813202860000,1.929911017420000,-1.947493672370000,0.000000000000000
-37.791110992400000,174.884597778000000,1.558311223980000,1.796131730080000,1.930272817610000,-1.947775363920000,0.000000000000000
-37.791000366200002,174.884979248000008,1.558540701870000,1.796315908430000,1.930548787120000,-1.947762370110000,0.000000000000000
-37.790882110600002,174.885360717999987,1.558889031410000,1.796696186070000,1.930977821350000,-1.948044776920000,0.000000000000000
-37.792453765899999,174.883102417000003,1.555914402010000,1.792991042140000,1.927195191380000,-1.945734500890000,0.000000000000000
-37.792800903299998,174.883331298999991,1.555708050730000,1.792430758480000,1.926837563510000,-1.945325613020000,0.000000000000000
-37.793243408199999,174.883407592999987,1.555062890050000,1.791801333430000,1.926411867140000,-1.944797635080000,0.000000000000000
-37.793643951400000,174.883453368999994,1.554889082910000,1.791327595710000,1.926089763640000,-1.944537997250000,0.000000000000000
-37.794040679900000,174.883514404000010,1.554644703870000,1.790922760960000,1.925864577290000,-1.944274783130000,0.000000000000000
-37.794441223100002,174.883560181000007,1.554354190830000,1.790520548820000,1.925691008570000,-1.943860173230000,0.000000000000000
-37.794849395800000,174.883621215999995,1.554552078250000,1.790517568590000,1.925901293750000,-1.943640470500000,0.000000000000000
-37.795257568399997,174.883682251000010,1.554884314540000,1.790657639500000,1.926204919820000,-1.943544626240000,0.000000000000000
-37.795665741000001,174.883743285999998,1.555204272270000,1.790965199470000,1.926608085630000,-1.943538188930000,0.000000000000000
-37.795959472699998,174.883438109999986,1.555850386620000,1.791652321820000,1.927383065220000,-1.943544149400000,0.000000000000000
-37.796264648399998,174.883117676000012,1.556572556500000,1.792404055600000,1.928181409840000,-1.943635940550000,0.000000000000000
-37.796684265099998,174.883209228999988,1.555138468740000,1.790420293810000,1.926119446750000,-1.939298510550000,0.000000000000000
-37.792148590099998,174.883285521999994,1.556388258930000,1.793796181680000,1.927908778190000,-1.946287393570000,0.000000000000000
-37.792179107700001,174.882980347000000,1.556032300000000,1.793342709540000,1.927442550660000,-1.945844769480000,0.000000000000000
-37.791839599600003,174.883468628000003,1.556865215300000,1.794473052020000,1.928526997570000,-1.946751356120000,0.000000000000000
-37.790756225599999,174.885757446000014,1.559157013890000,1.796834588050000,1.931206822400000,-1.948000192640000,0.000000000000000
-37.790615081799999,174.886138915999993,1.559470057490000,1.797154903410000,1.931581139560000,-1.948263287540000,0.000000000000000
-37.790485382100002,174.888427734000004,1.558953762050000,1.795497536660000,1.930884957310000,-1.946664571760000,0.000000000000000
-37.790092468300003,174.888809204000012,1.558754444120000,1.795169949530000,1.930575966840000,-1.945383906360000,0.000000000000000
-37.790496826199998,174.886505126999992,1.559553384780000,1.797141194340000,1.931633591650000,-1.948226451870000,0.000000000000000
-37.790733337399999,174.887207031000003,1.558626055720000,1.795709252360000,1.930566549300000,-1.947509646420000,0.000000000000000
-37.790473937999998,174.887954712000010,1.558185219760000,1.795314788820000,1.930400729180000,-1.947384715080000,0.000000000000000
-37.790481567400001,174.887557982999994,1.559227705000000,1.796298146250000,1.931115627290000,-1.947821378710000,0.000000000000000
-37.790412902800000,174.886886597000000,1.559547543530000,1.797097802160000,1.931642889980000,-1.948442578320000,0.000000000000000
-37.791492462199997,174.883651732999994,1.557585597040000,1.795245409010000,1.929239630700000,-1.947175383570000,0.000000000000000
-37.791114807100001,174.883682251000010,1.558153867720000,1.795760273930000,1.929708004000000,-1.947444319730000,0.000000000000000
-37.790973663300001,174.884002686000002,1.558639526370000,1.796258926390000,1.930220246320000,-1.947737813000000,0.000000000000000
-37.790859222400002,174.884338379000013,1.558809995650000,1.796527385710000,1.930539727210000,-1.947982192040000,0.000000000000000
-37.790744781500003,174.884704590000013,1.558768391610000,1.796658039090000,1.930764317510000,-1.947970986370000,0.000000000000000
-37.790622711200001,174.885086059999992,1.559189438820000,1.797133803370000,1.931268811230000,-1.948264479640000,0.000000000000000
-37.790493011499997,174.885467529000010,1.559388279910000,1.797394394870000,1.931592583660000,-1.948372006420000,0.000000000000000
-37.792404174799998,174.882751465000013,1.555563688280000,1.792686581610000,1.926817059520000,-1.945423841480000,0.000000000000000
-37.792770385700003,174.882873534999987,1.555370211600000,1.792097568510000,1.926405072210000,-1.945008635520000,0.000000000000000
-37.793144226099997,174.883010863999999,1.555165171620000,1.791721343990000,1.926210761070000,-1.944704175000000,0.000000000000000
-37.793518066399997,174.883087157999995,1.554692506790000,1.791370749470000,1.926004886630000,-1.944444894790000,0.000000000000000
-37.793907165500002,174.883132934999992,1.554507374760000,1.790855169300000,1.925712227820000,-1.944021582600000,0.000000000000000
-37.794307708700003,174.883193970000008,1.554466485980000,1.790601611140000,1.925617694850000,-1.943895697590000,0.000000000000000
-37.794715881300000,174.883239745999987,1.554346561430000,1.790464162830000,1.925753951070000,-1.943578720090000,0.000000000000000
-37.795127868700000,174.883300781000003,1.554734587670000,1.790622591970000,1.926118612290000,-1.943344116210000,0.000000000000000
-37.795543670699999,174.883361815999990,1.555380821230000,1.791129708290000,1.926826357840000,-1.943335056300000,0.000000000000000
-37.795837402300002,174.883041381999988,1.555997371670000,1.791842818260000,1.927623987200000,-1.943238019940000,0.000000000000000
-37.796138763400002,174.882705687999987,1.557366967200000,1.793336749080000,1.929239988330000,-1.943859100340000,0.000000000000000
-37.796596527100000,174.882781982000012,1.556985497470000,1.792969465260000,1.928632736210000,-1.943662643430000,0.000000000000000
-37.792041778600002,174.882705687999987,1.555881857870000,1.793367266650000,1.927359223370000,-1.945890903470000,0.000000000000000
-37.791843414299997,174.883071898999987,1.556485533710000,1.794035792350000,1.928053736690000,-1.946284770970000,0.000000000000000
-37.791580200200002,174.883316040000011,1.556968688960000,1.794650673870000,1.928651571270000,-1.946675896640000,0.000000000000000
-37.790359497099999,174.885848998999990,1.559653759000000,1.797646045680000,1.931891202930000,-1.948590755460000,0.000000000000000
-37.790229797400002,174.886245728000006,1.559853196140000,1.797831296920000,1.932124376300000,-1.948502779010000,0.000000000000000
-37.790031433099998,174.888198853000006,1.550173282620000,1.780719876290000,1.915534257890000,-1.918380141260000,0.000000000000000
-37.790126800499998,174.886627196999996,1.559831500050000,1.797763586040000,1.932143926620000,-1.948568820950000,0.000000000000000
-37.790264129599997,174.887268065999990,1.559433102610000,1.796616315840000,1.931355237960000,-1.947997808460000,0.000000000000000
-37.790092468300003,174.887680053999986,1.559597253800000,1.797120928760000,1.931703686710000,-1.948369622230000,0.000000000000000
-37.790069580100003,174.886978148999987,1.559745550160000,1.797542572020000,1.931990385060000,-1.948418259620000,0.000000000000000
-37.791271209700000,174.883346558000000,1.557818055150000,1.795329213140000,1.929233074190000,-1.947126865390000,0.000000000000000
-37.790912628199997,174.883392334000007,1.558359980580000,1.796015620230000,1.929821252820000,-1.947584986690000,0.000000000000000
-37.790760040300000,174.883728026999989,1.558815479280000,1.796534299850000,1.930370569230000,-1.947859287260000,0.000000000000000
-37.790622711200001,174.884078979000009,1.559188008310000,1.796950817110000,1.930826306340000,-1.948201298710000,0.000000000000000
-37.790500640899999,174.884445190000008,1.559466362000000,1.797215104100000,1.931150436400000,-1.948297858240000,0.000000000000000
-37.790378570599998,174.884811401000007,1.559703588490000,1.797452449800000,1.931473255160000,-1.948501110080000,0.000000000000000
-37.790241241499999,174.885177612000007,1.560070157050000,1.797867536540000,1.931922435760000,-1.948674201970000,0.000000000000000
-37.790103912399999,174.885559081999986,1.560214519500000,1.798107028010000,1.932216048240000,-1.948803305630000,0.000000000000000
-37.792274475100001,174.882385254000013,1.555432319640000,1.792846560480000,1.926800131800000,-1.945586919780000,0.000000000000000
-37.792713165300000,174.882415771000012,1.555035948750000,1.792020320890000,1.926156997680000,-1.945058107380000,0.000000000000000
-37.793117523200003,174.882614136000001,1.554741024970000,1.791259646420000,1.925682663920000,-1.944371461870000,0.000000000000000
-37.793415069600002,174.882781982000012,1.554524302480000,1.791192054750000,1.925771951680000,-1.944167733190000,0.000000000000000
-37.793758392299999,174.882781982000012,1.554379940030000,1.790812850000000,1.925550937650000,-1.943941950800000,0.000000000000000
-37.794166564900003,174.882812500000000,1.554399609570000,1.790561318400000,1.925500869750000,-1.943562150000000,0.000000000000000
-37.794578552200001,174.882858276000007,1.554147005080000,1.790374517440000,1.925567030910000,-1.943332552910000,0.000000000000000
-37.794994354200000,174.882919312000013,1.554738879200000,1.790680885310000,1.926111578940000,-1.943174839020000,0.000000000000000
-37.795413970900000,174.882980347000000,1.555398702620000,1.791209936140000,1.926893472670000,-1.943085193630000,0.000000000000000
-37.795703887899997,174.882644653000000,1.556062340740000,1.791863799100000,1.927588462830000,-1.942864179610000,0.000000000000000
-37.795986175499998,174.882293701000009,1.556834220890000,1.792713880540000,1.928477048870000,-1.943265914920000,0.000000000000000
-37.796451568599998,174.882339478000006,1.557316064830000,1.793230652810000,1.928978323940000,-1.943757653240000,0.000000000000000
-37.791881561300002,174.882369995000005,1.556048154830000,1.793404459950000,1.927254915240000,-1.945919752120000,0.000000000000000
-37.791664123499999,174.882705687999987,1.556865930560000,1.794215321540000,1.928055167200000,-1.946485400200000,0.000000000000000
-37.791454315199999,174.883026123000008,1.557120561600000,1.794617414470000,1.928520560260000,-1.946698546410000,0.000000000000000
-37.789951324500002,174.885955811000002,1.560225844380000,1.798257946970000,1.932451009750000,-1.948821544650000,0.000000000000000
-37.789825439500000,174.886367798000009,1.560265302660000,1.798406243320000,1.932684183120000,-1.949029922490000,0.000000000000000
-37.789737701400000,174.886810303000004,1.560241699220000,1.798301696780000,1.932657837870000,-1.948932886120000,0.000000000000000
-37.789802551299999,174.887268065999990,1.560205221180000,1.797646880150000,1.932287573810000,-1.948481798170000,0.000000000000000
-37.789447784399997,174.886550903000000,1.561198353770000,1.799200057980000,1.933261394500000,-1.949176430700000,0.000000000000000
-37.791088104200000,174.883041381999988,1.557789921760000,1.795336961750000,1.929127097130000,-1.947144269940000,0.000000000000000
-37.790706634499998,174.883071898999987,1.558289408680000,1.796043992040000,1.929738163950000,-1.947622776030000,0.000000000000000
-37.790538787800003,174.883438109999986,1.558808922770000,1.796615362170000,1.930352449420000,-1.947932124140000,0.000000000000000
-37.790390014600000,174.883804321000014,1.559334993360000,1.797229886050000,1.930989503860000,-1.948323369030000,0.000000000000000
-37.790260314900003,174.884170532000013,1.559732675550000,1.797672986980000,1.931465387340000,-1.948558092120000,0.000000000000000
-37.790145873999997,174.884536743000012,1.559957265850000,1.797894001010000,1.931754231450000,-1.948835372920000,0.000000000000000
-37.790008544899997,174.884887695000003,1.560263633730000,1.798201084140000,1.932121276860000,-1.948750376700000,0.000000000000000
-37.789840698200003,174.885269165000011,1.560733437540000,1.798773169520000,1.932675838470000,-1.949171066280000,0.000000000000000
-37.789737701400000,174.885635376000010,1.560831427570000,1.798813104630000,1.932833909990000,-1.949272036550000,0.000000000000000
-37.792110443100000,174.882034301999994,1.555259823800000,1.792548418050000,1.926395773890000,-1.945341348650000,0.000000000000000
-37.792495727499997,174.882049561000002,1.554761648180000,1.792029857640000,1.926007151600000,-1.944927930830000,0.000000000000000
-37.792823791499998,174.882049561000002,1.554502606390000,1.791415691380000,1.925516963010000,-1.944545745850000,0.000000000000000
-37.793117523200003,174.882202148000005,1.554590702060000,1.791207909580000,1.925455689430000,-1.944374918940000,0.000000000000000
-37.793533325200002,174.882400512999993,1.554109215740000,1.790695548060000,1.925255656240000,-1.943812847140000,0.000000000000000
-37.794010162399999,174.882431029999992,1.554078221320000,1.790381312370000,1.925192832950000,-1.943350911140000,0.000000000000000
-37.794437408400000,174.882476806999989,1.554144382480000,1.790246963500000,1.925328731540000,-1.943129897120000,0.000000000000000
-37.794857025100001,174.882537842000005,1.554444432260000,1.790626645090000,1.925917148590000,-1.943087220190000,0.000000000000000
-37.795276641800001,174.882583618000012,1.555276751520000,1.791223287580000,1.926775455470000,-1.943130254750000,0.000000000000000
-37.795555114700001,174.882263184000010,1.555603742600000,1.791489958760000,1.927064180370000,-1.942981362340000,0.000000000000000
-37.795825958300000,174.881927490000010,1.556328177450000,1.792220830920000,1.927875876430000,-1.943098545070000,0.000000000000000
-37.796245575000000,174.881942748999990,1.556968688960000,1.792898535730000,1.928586483000000,-1.943341851230000,0.000000000000000
-37.796722412100003,174.881942748999990,1.551475524900000,1.783053994180000,1.918517589570000,-1.922398328780000,0.000000000000000
-37.791713714600000,174.882019043000014,1.555754303930000,1.792976498600000,1.926757335660000,-1.945641160010000,0.000000000000000
-37.791492462199997,174.882354735999996,1.556649923320000,1.794003009800000,1.927745223050000,-1.946283578870000,0.000000000000000
-37.791278839100002,174.882705687999987,1.557264566420000,1.794776797290000,1.928529977800000,-1.946863770480000,0.000000000000000
-37.789459228500000,174.886032104000009,1.561194539070000,1.799241900440000,1.933229923250000,-1.949486732480000,0.000000000000000
-37.789157867400000,174.887069701999991,1.561361670490000,1.799434423450000,1.933664798740000,-1.949090123180000,0.000000000000000
-37.789058685299999,174.886428832999997,1.561496615410000,1.799482584000000,1.933655142780000,-1.949702024460000,0.000000000000000
-37.790893554699998,174.882720946999996,1.557728052140000,1.795378327370000,1.929035544400000,-1.947174310680000,0.000000000000000
-37.790496826199998,174.882751465000013,1.558379769330000,1.796153783800000,1.929706931110000,-1.947731494900000,0.000000000000000
-37.790317535400000,174.883117676000012,1.558882832530000,1.796716094020000,1.930313467980000,-1.947950005530000,0.000000000000000
-37.790153503399999,174.883499145999991,1.559441208840000,1.797367095950000,1.931009173390000,-1.948363900180000,0.000000000000000
-37.790008544899997,174.883880615000010,1.559936761860000,1.797952890400000,1.931631565090000,-1.948658823970000,0.000000000000000
-37.789894103999998,174.884277343999997,1.560352087020000,1.798393964770000,1.932097911830000,-1.948965787890000,0.000000000000000
-37.789836883500001,174.884613037000008,1.560389161110000,1.798456430440000,1.932250976560000,-1.948872804640000,0.000000000000000
-37.789611816399997,174.884902954000012,1.560809612270000,1.798993587490000,1.932824254040000,-1.949427366260000,0.000000000000000
-37.789337158199999,174.885406493999994,1.561502814290000,1.799691796300000,1.933471679690000,-1.949411630630000,0.000000000000000
-37.791946411100000,174.881683350000003,1.555161118510000,1.792426109310000,1.926123857500000,-1.945379972460000,0.000000000000000
-37.792343139600000,174.881713867000002,1.554577469830000,1.791733503340000,1.925582647320000,-1.944821715350000,0.000000000000000
-37.792716980000002,174.881744384999990,1.554037213330000,1.791139125820000,1.925125360490000,-1.944434523580000,0.000000000000000
-37.793075561499997,174.881820678999986,1.554102897640000,1.790849089620000,1.924981236460000,-1.944125533100000,0.000000000000000
-37.793449401899998,174.881942748999990,1.553879022600000,1.790233373640000,1.924623727800000,-1.943655014040000,0.000000000000000
-37.793869018599999,174.882034301999994,1.553716659550000,1.790125370030000,1.924794673920000,-1.943221092220000,0.000000000000000
-37.794296264600000,174.882095337000010,1.553903341290000,1.790051102640000,1.924961090090000,-1.942988991740000,0.000000000000000
-37.794715881300000,174.882156371999997,1.554380655290000,1.790547966960000,1.925705909730000,-1.942964315410000,0.000000000000000
-37.795135498000000,174.882202148000005,1.554913163190000,1.791047215460000,1.926426053050000,-1.943119645120000,0.000000000000000
-37.795413970900000,174.881881714000002,1.555444121360000,1.791534900670000,1.926948308940000,-1.942995667460000,0.000000000000000
-37.795700073200003,174.881546020999991,1.556136369710000,1.792073130610000,1.927613854410000,-1.943159937860000,0.000000000000000
-37.796058654799999,174.881622313999998,1.557045578960000,1.792973160740000,1.928642511370000,-1.943387508390000,0.000000000000000
-37.796436309800001,174.881515503000003,1.555545091630000,1.790828228000000,1.926512718200000,-1.938029527660000,0.000000000000000
-37.791542053199997,174.881652831999986,1.556100130080000,1.793498754500000,1.926978349690000,-1.946236371990000,0.000000000000000
-37.791309356699998,174.882003784000005,1.556400895120000,1.793814539910000,1.927428007130000,-1.946241736410000,0.000000000000000
-37.791091918900001,174.882354735999996,1.557115793230000,1.794691205020000,1.928319454190000,-1.946791172030000,0.000000000000000
-37.788856506300000,174.885910034000005,1.562113642690000,1.800461173060000,1.934145569800000,-1.950140237810000,0.000000000000000
-37.790687560999999,174.882369995000005,1.557728886600000,1.795405507090000,1.928922295570000,-1.947249889370000,0.000000000000000
-37.790279388400002,174.882400512999993,1.558318018910000,1.796184420590000,1.929600596430000,-1.947674989700000,0.000000000000000
-37.790092468300003,174.882797240999992,1.558889746670000,1.796819090840000,1.930292844770000,-1.948050737380000,0.000000000000000
-37.789920806900000,174.883178710999999,1.559438824650000,1.797430038450000,1.930966377260000,-1.948526620860000,0.000000000000000
-37.789752960199998,174.883575438999998,1.559977531430000,1.798025131230000,1.931612968440000,-1.948687911030000,0.000000000000000
-37.789592742899998,174.884002686000002,1.560668706890000,1.798830151560000,1.932419419290000,-1.949183106420000,0.000000000000000
-37.789520263699998,174.884460448999988,1.560932040210000,1.799096107480000,1.932761430740000,-1.949385881420000,0.000000000000000
-37.789134979200000,174.884811401000007,1.561539292340000,1.799794316290000,1.933437108990000,-1.949520349500000,0.000000000000000
-37.788711547900000,174.885269165000011,1.562084317210000,1.800428271290000,1.934110283850000,-1.949896454810000,0.000000000000000
-37.791786193800000,174.881301879999995,1.555396437640000,1.792711853980000,1.926142096520000,-1.945683836940000,0.000000000000000
-37.792190551799997,174.881347656000003,1.554411172870000,1.791761517520000,1.925399899480000,-1.945001363750000,0.000000000000000
-37.792587280299998,174.881393433000000,1.553922057150000,1.790933609010000,1.924731016160000,-1.944424510000000,0.000000000000000
-37.792972564700001,174.881454467999987,1.553441166880000,1.790414571760000,1.924422740940000,-1.943841338160000,0.000000000000000
-37.793357849099998,174.881530762000011,1.553598523140000,1.790184617040000,1.924335002900000,-1.943649530410000,0.000000000000000
-37.793754577599998,174.881622313999998,1.553849816320000,1.790187835690000,1.924552440640000,-1.943356513980000,0.000000000000000
-37.794166564900003,174.881698607999994,1.553374648090000,1.789786696430000,1.924510478970000,-1.942735672000000,0.000000000000000
-37.794578552200001,174.881774901999989,1.553899168970000,1.790191173550000,1.925139307980000,-1.942936539650000,0.000000000000000
-37.794994354200000,174.881835937999995,1.554731369020000,1.790894031520000,1.926147699360000,-1.943045616150000,0.000000000000000
-37.795272827100000,174.881515503000003,1.555024504660000,1.791191220280000,1.926487684250000,-1.943037629130000,0.000000000000000
-37.795539855999998,174.881179809999992,1.555719256400000,1.791937708850000,1.927305221560000,-1.943136096000000,0.000000000000000
-37.796081543000000,174.881164551000012,1.556131958960000,1.791813015940000,1.927452564240000,-1.941201090810000,0.000000000000000
-37.791618347200000,174.880920409999987,1.555085301400000,1.792388916020000,1.925725221630000,-1.945344448090000,0.000000000000000
-37.791366577100000,174.881271362000007,1.555984377860000,1.793429970740000,1.926790475850000,-1.946002960210000,0.000000000000000
-37.791126251199998,174.881637573000006,1.556548476220000,1.794086337090000,1.927484154700000,-1.946522355080000,0.000000000000000
-37.790897369400000,174.882003784000005,1.557166218760000,1.794779181480000,1.928238272670000,-1.946915030480000,0.000000000000000
-37.788200378399999,174.885726928999986,1.563122630120000,1.801540613170000,1.934940695760000,-1.950347542760000,0.000000000000000
-37.790477752699999,174.882019043000014,1.557688951490000,1.795469522480000,1.928838968280000,-1.947275996210000,0.000000000000000
-37.790050506599997,174.882049561000002,1.558542728420000,1.796293139460000,1.929579377170000,-1.947778344150000,0.000000000000000
-37.789863586400003,174.882446289000001,1.559107661250000,1.796974897380000,1.930310368540000,-1.948183655740000,0.000000000000000
-37.789684295699999,174.882843017999988,1.559566497800000,1.797516465190000,1.930908083920000,-1.948453068730000,0.000000000000000
-37.789520263699998,174.883239745999987,1.559852719310000,1.797936201100000,1.931417226790000,-1.948502063750000,0.000000000000000
-37.789325714100002,174.883651732999994,1.560601830480000,1.798791408540000,1.932332754140000,-1.949219942090000,0.000000000000000
-37.789062500000000,174.884170532000013,1.561493277550000,1.799683690070000,1.933195114140000,-1.949431419370000,0.000000000000000
-37.788570404100000,174.884658812999987,1.562291145320000,1.800579905510000,1.934079051020000,-1.950314164160000,0.000000000000000
-37.788173675499998,174.885101318000011,1.562772989270000,1.801060914990000,1.934627890590000,-1.949511289600000,0.000000000000000
-37.792041778600002,174.880966187000013,1.554737091060000,1.791913270950000,1.925330162050000,-1.945121526720000,0.000000000000000
-37.792453765899999,174.881011962999992,1.554029226300000,1.791162252430000,1.924677014350000,-1.944719314580000,0.000000000000000
-37.792854309100001,174.881072998000008,1.553390622140000,1.790551543240000,1.924237132070000,-1.944307684900000,0.000000000000000
-37.793251037600001,174.881149292000003,1.552967429160000,1.789868831630000,1.923828005790000,-1.943583130840000,0.000000000000000
-37.793647766100001,174.881240845000008,1.553613781930000,1.790363907810000,1.924447178840000,-1.943572521210000,0.000000000000000
-37.794044494600001,174.881317139000004,1.553296685220000,1.789546489720000,1.923964619640000,-1.942942261700000,0.000000000000000
-37.794448852499997,174.881393433000000,1.553676366810000,1.789918303490000,1.924804210660000,-1.942448496820000,0.000000000000000
-37.794857025100001,174.881454467999987,1.554105639460000,1.790412068370000,1.925432562830000,-1.943060755730000,0.000000000000000
-37.795120239299997,174.881164551000012,1.554773330690000,1.790919542310000,1.926041603090000,-1.943101525310000,0.000000000000000
-37.795341491700000,174.880905151000007,1.554973721500000,1.790996789930000,1.926254510880000,-1.943017125130000,0.000000000000000
-37.795726776099997,174.880828857000012,1.555781841280000,1.791922330860000,1.927332997320000,-1.943238139150000,0.000000000000000
-37.791885376000003,174.880569457999997,1.554623007770000,1.791892886160000,1.925122022630000,-1.945072650910000,0.000000000000000
-37.791450500499998,174.880538940000008,1.555113315580000,1.792494654660000,1.925606489180000,-1.945564985280000,0.000000000000000
-37.791191101099997,174.880889892999988,1.555836677550000,1.793311953540000,1.926519513130000,-1.945959210400000,0.000000000000000
-37.790935516399998,174.881256103999988,1.556575775150000,1.794139742850000,1.927373766900000,-1.946478724480000,0.000000000000000
-37.790695190400001,174.881637573000006,1.557260274890000,1.794939279560000,1.928229451180000,-1.946974635120000,0.000000000000000
-37.790252685500000,174.881637573000006,1.557973980900000,1.795716881750000,1.928890824320000,-1.947451591490000,0.000000000000000
-37.789813995400003,174.881698607999994,1.558628678320000,1.796441912650000,1.929591894150000,-1.947737216950000,0.000000000000000
-37.789627075200002,174.882110595999990,1.559209942820000,1.797050476070000,1.930260181430000,-1.948098421100000,0.000000000000000
-37.789443969700002,174.882507323999988,1.559679746630000,1.797588944440000,1.930888414380000,-1.948367714880000,0.000000000000000
-37.789276123000000,174.882919312000013,1.560352325440000,1.798347830770000,1.931677579880000,-1.949054718020000,0.000000000000000
-37.789165496800003,174.883285521999994,1.560482621190000,1.798595905300000,1.932049036030000,-1.949181437490000,0.000000000000000
-37.788860321000001,174.883590698000006,1.561213135720000,1.799388170240000,1.932836771010000,-1.949314713480000,0.000000000000000
-37.788421630899997,174.884017943999993,1.562034845350000,1.800261735920000,1.933657288550000,-1.949639678000000,0.000000000000000
-37.787929534900002,174.884552001999992,1.562736868860000,1.801002740860000,1.934391736980000,-1.950037837030000,0.000000000000000
-37.792308807399998,174.880630493000012,1.553991198540000,1.791100621220000,1.924408912660000,-1.944643497470000,0.000000000000000
-37.792163848900003,174.880233765000014,1.553819417950000,1.791000962260000,1.924103140830000,-1.944658875470000,0.000000000000000
-37.792728424099998,174.880691528000000,1.553290367130000,1.790365338330000,1.923851251600000,-1.944049239160000,0.000000000000000
-37.793136596700002,174.880767821999996,1.552097916600000,1.789144277570000,1.922783494000000,-1.943506240840000,0.000000000000000
-37.793537139900003,174.880844115999992,1.552125811580000,1.788435220720000,1.922567486760000,-1.942235231400000,0.000000000000000
-37.793933868400003,174.880935668999996,1.552960991860000,1.789131164550000,1.923431515690000,-1.942051172260000,0.000000000000000
-37.794326782200002,174.881011962999992,1.553192138670000,1.789281845090000,1.923814415930000,-1.942160725590000,0.000000000000000
-37.794723510700003,174.881088256999988,1.553538084030000,1.789843559270000,1.924724936490000,-1.942942023280000,0.000000000000000
-37.794994354200000,174.880798340000013,1.554788708690000,1.791062593460000,1.926066279410000,-1.943009138110000,0.000000000000000
-37.795330047599997,174.880523681999989,1.555113077160000,1.791180014610000,1.926315903660000,-1.942878961560000,0.000000000000000
-37.791717529300001,174.880172729000009,1.554581403730000,1.791881561280000,1.924930930140000,-1.945066928860000,0.000000000000000
-37.791275024400001,174.880142212000010,1.555126786230000,1.792538285260000,1.925462961200000,-1.945613026620000,0.000000000000000
-37.791015625000000,174.880493164000001,1.555871129040000,1.793337821960000,1.926363706590000,-1.946000218390000,0.000000000000000
-37.790752410899998,174.880859375000000,1.556347727780000,1.793916225430000,1.927032113080000,-1.946334838870000,0.000000000000000
-37.790489196800003,174.881240845000008,1.557228803630000,1.794856071470000,1.928019762040000,-1.946879863740000,0.000000000000000
-37.789981842000003,174.881225585999999,1.558102369310000,1.795789361000000,1.928825855260000,-1.947352170940000,0.000000000000000
-37.789577484100001,174.881393433000000,1.558783054350000,1.796551346780000,1.929608106610000,-1.947879076000000,0.000000000000000
-37.789394378700003,174.881759643999999,1.559446215630000,1.797345399860000,1.930413842200000,-1.948251843450000,0.000000000000000
-37.789203643800001,174.882156371999997,1.559735894200000,1.797699093820000,1.930916428570000,-1.948587656020000,0.000000000000000
-37.788997650100001,174.882583618000012,1.560373783110000,1.798348426820000,1.931603550910000,-1.948782086370000,0.000000000000000
-37.788841247599997,174.883056640999996,1.560659527780000,1.798691272740000,1.932012915610000,-1.948697686200000,0.000000000000000
-37.788337707499998,174.883346558000000,1.561715841290000,1.799951195720000,1.933342695240000,-1.949966549870000,0.000000000000000
-37.787769317600002,174.883804321000014,1.562318801880000,1.800586700440000,1.933952808380000,-1.949842929840000,0.000000000000000
-37.792011260999999,174.879821776999989,1.553779959680000,1.790927648540000,1.923833966260000,-1.944641232490000,0.000000000000000
-37.792594909700000,174.880294800000001,1.553412199020000,1.790423393250000,1.923669695850000,-1.944135308270000,0.000000000000000
-37.792457580600001,174.879898071000014,1.553333044050000,1.790451765060000,1.923453450200000,-1.944184780120000,0.000000000000000
-37.793014526400000,174.880371093999997,1.552288413050000,1.789113283160000,1.922360181810000,-1.943819284440000,0.000000000000000
-37.793426513699998,174.880447387999993,1.550682902340000,1.787266492840000,1.920770525930000,-1.943128228190000,0.000000000000000
-37.793827056900000,174.880538940000008,1.550508975980000,1.786321520810000,1.920553445820000,-1.941337227820000,0.000000000000000
-37.794212341300003,174.880630493000012,1.552133321760000,1.788086533550000,1.922623634340000,-1.941778182980000,0.000000000000000
-37.794597625700000,174.880722045999988,1.553289413450000,1.789232254030000,1.924101710320000,-1.942462205890000,0.000000000000000
-37.794849395800000,174.880432129000013,1.553754925730000,1.789916872980000,1.924860000610000,-1.942932248120000,0.000000000000000
-37.795005798299997,174.880157470999990,1.553499460220000,1.789730191230000,1.924639821050000,-1.942932844160000,0.000000000000000
-37.791889190699997,174.879409790000011,1.553390741350000,1.790829539300000,1.923851728440000,-1.944658279420000,0.000000000000000
-37.791519164999997,174.879714965999995,1.554433584210000,1.792002201080000,1.925002574920000,-1.945253372190000,0.000000000000000
-37.791530609100001,174.879302978999988,1.554055213930000,1.791644096370000,1.924777865410000,-1.944921135900000,0.000000000000000
-37.791095733600002,174.879806518999999,1.555069088940000,1.792790055270000,1.925873398780000,-1.945652842520000,0.000000000000000
-37.790851592999999,174.880111693999993,1.555757999420000,1.793565988540000,1.926668882370000,-1.946161150930000,0.000000000000000
-37.790576934800001,174.880462646000012,1.556387305260000,1.794195532800000,1.927266716960000,-1.946566104890000,0.000000000000000
-37.790309905999997,174.880828857000012,1.557142972950000,1.794806957240000,1.927797198300000,-1.946826696400000,0.000000000000000
-37.789924621600001,174.880783081000004,1.557589411740000,1.795364499090000,1.928363919260000,-1.947073221210000,0.000000000000000
-37.787033081099999,174.883529662999990,1.556207060810000,1.788595795630000,1.921528458600000,-1.924728989600000,0.000000000000000
-37.789512634300003,174.880966187000013,1.558339238170000,1.796276688580000,1.929382085800000,-1.947567224500000,0.000000000000000
-37.789184570300002,174.881378173999991,1.559367060660000,1.797214508060000,1.930248498920000,-1.947928786280000,0.000000000000000
-37.788955688500003,174.881805420000006,1.559974431990000,1.798060417180000,1.931256651880000,-1.948559165000000,0.000000000000000
-37.788806915300000,174.882217407000013,1.560214281080000,1.798181414600000,1.931364536290000,-1.948465943340000,0.000000000000000
-37.788421630899997,174.882614136000001,1.561049938200000,1.799214124680000,1.932454943660000,-1.949381709100000,0.000000000000000
-37.787715911900001,174.882995604999991,1.561856985090000,1.799962162970000,1.933202743530000,-1.948781609540000,0.000000000000000
-37.791767120400003,174.879028320000003,1.553231835370000,1.790748476980000,1.924000859260000,-1.944604277610000,0.000000000000000
-37.792320251500001,174.879486084000007,1.553013205530000,1.790059924130000,1.922935009000000,-1.943965792660000,0.000000000000000
-37.792888641399998,174.879974365000010,1.552380919460000,1.789219617840000,1.922178745270000,-1.943895697590000,0.000000000000000
-37.792762756300000,174.879577637000011,1.552083492280000,1.789203763010000,1.922065377240000,-1.943819046020000,0.000000000000000
-37.793315887500000,174.880065918000014,1.551734209060000,1.788637280460000,1.921749830250000,-1.943861722950000,0.000000000000000
-37.793727874799998,174.880142212000010,1.548873901370000,1.785342454910000,1.919148087500000,-1.944450974460000,0.000000000000000
-37.794116973900003,174.880233765000014,1.549978733060000,1.786392211910000,1.919886469840000,-1.942184448240000,0.000000000000000
-37.794475555399998,174.880340576000009,1.552144408230000,1.788166642190000,1.922406792640000,-1.942171454430000,0.000000000000000
-37.794685363799999,174.880065918000014,1.557468771930000,1.793389201160000,1.929066658020000,-1.942947268490000,0.000000000000000
-37.792186737100003,174.879089354999991,1.552669763570000,1.790028452870000,1.923145055770000,-1.944228887560000,0.000000000000000
-37.792034149199999,174.878692626999992,1.552532315250000,1.789981603620000,1.923346519470000,-1.944143652920000,0.000000000000000
-37.791351318399997,174.878997803000004,1.554126977920000,1.791627049450000,1.924924016000000,-1.944909334180000,0.000000000000000
-37.791114807100001,174.879394531000003,1.554861903190000,1.792439818380000,1.925737977030000,-1.945511460300000,0.000000000000000
-37.790725707999997,174.879699706999986,1.555786609650000,1.793418288230000,1.926673054700000,-1.945969343190000,0.000000000000000
-37.790405273399998,174.880035399999997,1.556367754940000,1.794149398800000,1.927334785460000,-1.946359395980000,0.000000000000000
-37.790130615199999,174.880432129000013,1.556898713110000,1.794802546500000,1.927925229070000,-1.946784853940000,0.000000000000000
-37.789684295699999,174.880462646000012,1.557380080220000,1.795232653620000,1.928291916850000,-1.946876764300000,0.000000000000000
-37.789241790799998,174.880538940000008,1.557822227480000,1.795674085620000,1.928726077080000,-1.947211503980000,0.000000000000000
-37.786937713599997,174.882553101000013,1.557619214060000,1.791628003120000,1.924731254580000,-1.930924057960000,0.000000000000000
-37.788982391399998,174.880935668999996,1.558932423590000,1.796738505360000,1.929765582080000,-1.947682976720000,0.000000000000000
-37.788681030299998,174.881378173999991,1.559983134270000,1.797975182530000,1.931032180790000,-1.948589801790000,0.000000000000000
-37.788452148399998,174.881927490000010,1.560681581500000,1.798717379570000,1.931822896000000,-1.948844552040000,0.000000000000000
-37.787799835199998,174.882156371999997,1.561319589610000,1.799448013310000,1.932599902150000,-1.949299454690000,0.000000000000000
-37.791603088400002,174.878646851000013,1.553414464000000,1.790736317630000,1.924170613290000,-1.944515943530000,0.000000000000000
-37.791862487800003,174.878311157000013,1.552670240400000,1.789826035500000,1.923309087750000,-1.944040060040000,0.000000000000000
-37.792625427200001,174.879165648999987,1.551988244060000,1.789183974270000,1.922245979310000,-1.943672776220000,0.000000000000000
-37.793197631799998,174.879653931000007,1.551509380340000,1.788324952130000,1.921391606330000,-1.942703962330000,0.000000000000000
-37.793071746800003,174.879241943000011,1.551145792010000,1.788266420360000,1.921428799630000,-1.943663716320000,0.000000000000000
-37.793632507300003,174.879745482999994,1.549530267720000,1.785916090010000,1.919721364970000,-1.943237066270000,0.000000000000000
-37.794059753399999,174.879837035999998,1.547410368920000,1.783526539800000,1.916758298870000,-1.941759109500000,0.000000000000000
-37.794399261499997,174.879943848000011,1.540355920790000,1.775730848310000,1.909248232840000,-1.940361619000000,0.000000000000000
-37.792476654100000,174.878753662000008,1.551704645160000,1.788946270940000,1.922174334530000,-1.943717956540000,0.000000000000000
-37.792308807399998,174.878356934000010,1.551601052280000,1.788871765140000,1.922367453580000,-1.943669795990000,0.000000000000000
-37.792121887199997,174.877975464000002,1.552148580550000,1.788969516750000,1.922648072240000,-1.943683266640000,0.000000000000000
-37.791175842299999,174.878616332999997,1.554160237310000,1.791531801220000,1.925019383430000,-1.944849967960000,0.000000000000000
-37.790924072300001,174.878952026000007,1.554842710490000,1.792408943180000,1.925849080090000,-1.945291757580000,0.000000000000000
-37.790637969999999,174.879272460999999,1.555702805520000,1.793370366100000,1.926799774170000,-1.945787787440000,0.000000000000000
-37.790252685500000,174.879562378000003,1.556467294690000,1.794142484660000,1.927573561670000,-1.946279168130000,0.000000000000000
-37.789886474600003,174.879989623999990,1.557266831400000,1.794945359230000,1.928377628330000,-1.946798443790000,0.000000000000000
-37.789409637500000,174.880126953000001,1.557702183720000,1.795392513280000,1.928777217860000,-1.947032213210000,0.000000000000000
-37.789054870599998,174.880218506000006,1.557891726490000,1.795639991760000,1.928987622260000,-1.947119832040000,0.000000000000000
-37.788810730000002,174.880508423000009,1.558305859570000,1.796265602110000,1.929396390910000,-1.947409987450000,0.000000000000000
-37.787197112999998,174.881484984999986,1.558303356170000,1.794066548350000,1.927166223530000,-1.937611460690000,0.000000000000000
-37.788455963099999,174.880859375000000,1.559175968170000,1.797109603880000,1.930174589160000,-1.947955250740000,0.000000000000000
-37.788063049300000,174.881393433000000,1.560603737830000,1.798582315440000,1.931710720060000,-1.948349356650000,0.000000000000000
-37.791427612299998,174.878265381000006,1.553467512130000,1.790575981140000,1.924156188960000,-1.944353222850000,0.000000000000000
-37.791679382300003,174.877929687999995,1.552890419960000,1.789741992950000,1.923432707790000,-1.943987846370000,0.000000000000000
-37.792930603000002,174.878829956000004,1.551020383830000,1.788095235820000,1.921340465550000,-1.943150281910000,0.000000000000000
-37.793518066399997,174.879333495999987,1.550237298010000,1.786919713020000,1.920534610750000,-1.942666530610000,0.000000000000000
-37.793384551999999,174.878921509000008,1.550661087040000,1.787519693370000,1.921142816540000,-1.943570852280000,0.000000000000000
-37.793979644799997,174.879425048999991,1.547177672390000,1.783747792240000,1.918629407880000,-1.943597197530000,0.000000000000000
-37.794490814200003,174.879547118999994,1.544624805450000,1.780360460280000,1.916389584540000,-1.941754698750000,0.000000000000000
-37.791931152300002,174.877593993999994,1.552245974540000,1.788842558860000,1.922650933270000,-1.943556785580000,0.000000000000000
-37.792774200399997,174.878417968999997,1.550970315930000,1.788066029550000,1.921483278270000,-1.943289041520000,0.000000000000000
-37.792579650900002,174.877990723000011,1.551081538200000,1.787919282910000,1.921644568440000,-1.943330168720000,0.000000000000000
-37.792358398399998,174.877624512000011,1.550776124000000,1.787684321400000,1.921265244480000,-1.942945361140000,0.000000000000000
-37.790996551500001,174.878234862999989,1.554175257680000,1.791306972500000,1.924943685530000,-1.944635987280000,0.000000000000000
-37.790752410899998,174.878570556999989,1.554880976680000,1.792115926740000,1.925708293910000,-1.945055127140000,0.000000000000000
-37.790512085000003,174.878890990999992,1.555349946020000,1.792804241180000,1.926252126690000,-1.945398330690000,0.000000000000000
-37.790298461900001,174.879165648999987,1.556085109710000,1.793549418450000,1.927059531210000,-1.945905685420000,0.000000000000000
-37.789970397899999,174.879226684999992,1.556662559510000,1.794164061550000,1.927641153340000,-1.946111202240000,0.000000000000000
-37.789836883500001,174.879547118999994,1.557035684590000,1.794662594800000,1.928131937980000,-1.946489453320000,0.000000000000000
-37.789493560799997,174.879699706999986,1.557526469230000,1.795177340510000,1.928696393970000,-1.946821212770000,0.000000000000000
-37.789093017600003,174.879852295000006,1.557743191720000,1.795466184620000,1.928996562960000,-1.946980834010000,0.000000000000000
-37.788722991900002,174.880081176999994,1.557962894440000,1.795789241790000,1.929136037830000,-1.947254180910000,0.000000000000000
-37.788406372099999,174.880386353000006,1.558409571650000,1.796398520470000,1.929600954060000,-1.947528243060000,0.000000000000000
-37.787784576400000,174.880569457999997,1.559741258620000,1.797716379170000,1.930805325510000,-1.948563814160000,0.000000000000000
-37.791244506799998,174.877883910999998,1.553680658340000,1.790505886080000,1.924298644070000,-1.944306731220000,0.000000000000000
-37.791496276899998,174.877548217999987,1.553029894830000,1.789703369140000,1.923581957820000,-1.943944454190000,0.000000000000000
-37.791748046899997,174.877212523999987,1.552317023280000,1.788868069650000,1.922868251800000,-1.943540096280000,0.000000000000000
-37.793247222900000,174.878509521000012,1.549859404560000,1.786630988120000,1.920201897620000,-1.942748188970000,0.000000000000000
-37.793846130399999,174.879013062000013,1.548021078110000,1.784481048580000,1.919139385220000,-1.942735075950000,0.000000000000000
-37.793701171899997,174.878616332999997,1.549305319790000,1.785797715190000,1.919888377190000,-1.942777395250000,0.000000000000000
-37.794330596899997,174.879089354999991,1.548321485520000,1.784797787670000,1.919503450390000,-1.943627238270000,0.000000000000000
-37.794834137000002,174.879180907999995,1.548151612280000,1.784350872040000,1.918872952460000,-1.942104935650000,0.000000000000000
-37.792175293000000,174.877258301000012,1.551199197770000,1.787883877750000,1.921806216240000,-1.943202257160000,0.000000000000000
-37.793109893800001,174.878021240000010,1.549682497980000,1.786447525020000,1.920168876650000,-1.942659974100000,0.000000000000000
-37.792793273900003,174.877609253000003,1.550304889680000,1.786874532700000,1.920714497570000,-1.942766427990000,0.000000000000000
-37.792541503899997,174.877319335999999,1.550367951390000,1.787029981610000,1.920973658560000,-1.942846417430000,0.000000000000000
-37.792011260999999,174.876861571999996,1.551606655120000,1.787997126580000,1.922085762020000,-1.943148016930000,0.000000000000000
-37.790809631300000,174.877838134999990,1.554459929470000,1.791234135630000,1.925127625470000,-1.944625735280000,0.000000000000000
-37.790565490699997,174.878189087000010,1.554999351500000,1.791903257370000,1.925635695460000,-1.944916963580000,0.000000000000000
-37.790332794199998,174.878540039000001,1.555753350260000,1.792844176290000,1.926500797270000,-1.945399641990000,0.000000000000000
-37.790122985799997,174.878875732000012,1.556240320210000,1.793556690220000,1.927116751670000,-1.945732116700000,0.000000000000000
-37.789718627900001,174.878890990999992,1.556491136550000,1.793827533720000,1.927409410480000,-1.945934057240000,0.000000000000000
-37.789577484100001,174.879287720000008,1.557144284250000,1.794618129730000,1.928171038630000,-1.946375131610000,0.000000000000000
-37.789161682100001,174.879409790000011,1.557651042940000,1.795251131060000,1.928808927540000,-1.946753978730000,0.000000000000000
-37.788711547900000,174.879592895999991,1.558463096620000,1.796045184140000,1.929756879810000,-1.947183132170000,0.000000000000000
-37.788261413599997,174.879928589000002,1.558514475820000,1.796259284020000,1.929776787760000,-1.947362184520000,0.000000000000000
-37.787712097200000,174.879745482999994,1.558812379840000,1.796668052670000,1.930310487750000,-1.947426080700000,0.000000000000000
-37.791057586699999,174.877502440999990,1.553822040560000,1.790427446370000,1.924407124520000,-1.944176077840000,0.000000000000000
-37.791309356699998,174.877166748000008,1.553225755690000,1.789762020110000,1.923855185510000,-1.943926215170000,0.000000000000000
-37.791561126700003,174.876815795999988,1.552398204800000,1.788998126980000,1.923199296000000,-1.943561196330000,0.000000000000000
-37.793590545699999,174.878204345999990,1.548791289330000,1.785117149350000,1.919585466380000,-1.942903876300000,0.000000000000000
-37.793525695800000,174.877853393999999,1.549277901650000,1.785575509070000,1.919985651970000,-1.942558407780000,0.000000000000000
-37.794158935500000,174.878677368000012,1.545990586280000,1.782092809680000,1.917773962020000,-1.942509293560000,0.000000000000000
-37.793972015400001,174.878341675000001,1.548023104670000,1.784127712250000,1.919584989550000,-1.943403601650000,0.000000000000000
-37.794673919700003,174.878723145000009,1.546807885170000,1.782794356350000,1.917759537700000,-1.941956400870000,0.000000000000000
-37.792457580600001,174.876953125000000,1.550433635710000,1.786949634550000,1.920981168750000,-1.942718267440000,0.000000000000000
-37.793251037600001,174.877548217999987,1.548430919650000,1.785058379170000,1.918515086170000,-1.941639184950000,0.000000000000000
-37.792922973600000,174.877136229999991,1.548890948300000,1.785490751270000,1.919405460360000,-1.942204475400000,0.000000000000000
-37.791809082000000,174.876464843999997,1.551642656330000,1.788223981860000,1.922454833980000,-1.943120598790000,0.000000000000000
-37.792308807399998,174.876480103000006,1.550626397130000,1.787097573280000,1.921314239500000,-1.942742824550000,0.000000000000000
-37.790615081799999,174.877456665000011,1.554337263110000,1.791053175930000,1.925054192540000,-1.944428682330000,0.000000000000000
-37.790367126500001,174.877807617000002,1.554927468300000,1.791753172870000,1.925706505780000,-1.944719552990000,0.000000000000000
-37.790126800499998,174.878158568999993,1.555392026900000,1.792394995690000,1.926148772240000,-1.945009946820000,0.000000000000000
-37.789905548100002,174.878524779999992,1.555986285210000,1.793123960490000,1.926864147190000,-1.945509433750000,0.000000000000000
-37.789459228500000,174.878524779999992,1.556649446490000,1.793938040730000,1.927629470830000,-1.945794820790000,0.000000000000000
-37.789283752400003,174.878952026000007,1.557073712350000,1.794531703000000,1.928081154820000,-1.946193695070000,0.000000000000000
-37.788803100599999,174.879058837999992,1.557063460350000,1.794664382930000,1.927967906000000,-1.946213483810000,0.000000000000000
-37.788219451899998,174.879241943000011,1.557729840280000,1.795429348950000,1.928798079490000,-1.946664452550000,0.000000000000000
-37.787582397500003,174.879043579000012,1.558665037160000,1.796529054640000,1.929818868640000,-1.947110533710000,0.000000000000000
-37.790870666499998,174.877120972000000,1.553598403930000,1.790223717690000,1.924335002900000,-1.944021105770000,0.000000000000000
-37.791122436499997,174.876785278000000,1.552974462510000,1.789683818820000,1.923920869830000,-1.943777918820000,0.000000000000000
-37.791595459000000,174.876098632999998,1.551576972010000,1.788340806960000,1.922721743580000,-1.943138480190000,0.000000000000000
-37.791370391800001,174.876434326000009,1.552254915240000,1.789002537730000,1.923343300820000,-1.943470716480000,0.000000000000000
-37.793701171899997,174.877532959000007,1.548009037970000,1.784045815470000,1.918236494060000,-1.941830754280000,0.000000000000000
-37.793983459499998,174.877929687999995,1.546165108680000,1.782345294950000,1.916850686070000,-1.941069245340000,0.000000000000000
-37.794422149699997,174.878295898000005,1.547271966930000,1.783461809160000,1.918176293370000,-1.941300749780000,0.000000000000000
-37.792770385700003,174.876663207999997,1.549256443980000,1.785642743110000,1.919647097590000,-1.941949248310000,0.000000000000000
-37.793441772500003,174.877151488999999,1.547438025470000,1.783762931820000,1.917517542840000,-1.940981030460000,0.000000000000000
-37.793216705299997,174.876739501999992,1.548093795780000,1.784387707710000,1.918777108190000,-1.941867828370000,0.000000000000000
-37.792678832999997,174.876296996999997,1.549617886540000,1.785995006560000,1.920183300970000,-1.942247271540000,0.000000000000000
-37.792007446299998,174.876083373999990,1.550975799560000,1.787623882290000,1.921970367430000,-1.942837953570000,0.000000000000000
-37.791767120400003,174.875808715999995,1.551064491270000,1.787728786470000,1.922148227690000,-1.942789435390000,0.000000000000000
-37.792434692400001,174.876007079999994,1.549990892410000,1.786449313160000,1.920666933060000,-1.942181468010000,0.000000000000000
-37.790424346899997,174.877075195000003,1.554045200350000,1.790777444840000,1.924940347670000,-1.944182991980000,0.000000000000000
-37.790164947500003,174.877410889000004,1.554506778720000,1.791286349300000,1.925396084790000,-1.944425702100000,0.000000000000000
-37.789913177499997,174.877761840999995,1.555073738100000,1.792018771170000,1.925893664360000,-1.944865942000000,0.000000000000000
-37.789672851600002,174.878128051999994,1.555774807930000,1.792892694470000,1.926665782930000,-1.945208549500000,0.000000000000000
-37.789192199699997,174.878097534000005,1.555638313290000,1.792730093000000,1.926427841190000,-1.945114374160000,0.000000000000000
-37.788978576700003,174.878555298000009,1.556158185010000,1.793368220330000,1.927028059960000,-1.945516824720000,0.000000000000000
-37.788463592500001,174.878601073999988,1.556957721710000,1.794458150860000,1.927830219270000,-1.946030855180000,0.000000000000000
-37.788009643599999,174.878662109000004,1.558197855950000,1.795818924900000,1.929371476170000,-1.946319699290000,0.000000000000000
-37.787700653100003,174.878387451000009,1.558992981910000,1.796937346460000,1.930216073990000,-1.947038531300000,0.000000000000000
-37.790683746299997,174.876739501999992,1.553412914280000,1.790221333500000,1.924569010730000,-1.944037318230000,0.000000000000000
-37.790939331099999,174.876403809000010,1.552771091460000,1.789659023280000,1.924063086510000,-1.943758964540000,0.000000000000000
-37.791683196999998,174.875473021999994,1.550786972050000,1.787493944170000,1.921989679340000,-1.942649960520000,0.000000000000000
-37.791423797599997,174.875747681000007,1.551511883740000,1.788257479670000,1.922715544700000,-1.943022727970000,0.000000000000000
-37.791183471700002,174.876068115000010,1.552197337150000,1.789031147960000,1.923510789870000,-1.943416833880000,0.000000000000000
-37.794101715099998,174.877532959000007,1.547146916390000,1.783009052280000,1.917199015620000,-1.940450191500000,0.000000000000000
-37.793891906699997,174.877182006999988,1.546605229380000,1.782621026040000,1.916883587840000,-1.941125273700000,0.000000000000000
-37.794582366900002,174.877777100000003,1.546270966530000,1.782190322880000,1.917082309720000,-1.942416310310000,0.000000000000000
-37.793037414600001,174.876342773000005,1.548821449280000,1.785209298130000,1.919566273690000,-1.941837906840000,0.000000000000000
-37.793663024899999,174.876785278000000,1.547185778620000,1.783153533940000,1.917213559150000,-1.940602540970000,0.000000000000000
-37.793449401899998,174.876388550000001,1.547852039340000,1.783978819850000,1.918193697930000,-1.941295504570000,0.000000000000000
-37.792846679699998,174.875976562000005,1.549154043200000,1.785444617270000,1.919580221180000,-1.941757678990000,0.000000000000000
-37.792125701899998,174.875625609999986,1.550237298010000,1.786797881130000,1.921110153200000,-1.942343950270000,0.000000000000000
-37.791965484599999,174.875152587999992,1.549813628200000,1.786292791370000,1.920668840410000,-1.941974759100000,0.000000000000000
-37.792621612500000,174.875610351999995,1.549102425580000,1.785439491270000,1.919593572620000,-1.941652774810000,0.000000000000000
-37.790237426799997,174.876678467000005,1.553549766540000,1.790587067600000,1.925070643420000,-1.944201588630000,0.000000000000000
-37.789970397899999,174.877014159999987,1.554021477700000,1.790735960010000,1.924866795540000,-1.944103598590000,0.000000000000000
-37.789703369100003,174.877349853999988,1.554870128630000,1.791711092000000,1.925772309300000,-1.944526195530000,0.000000000000000
-37.789440155000001,174.877716063999998,1.554904341700000,1.791781544690000,1.925698637960000,-1.944400429730000,0.000000000000000
-37.788940429699998,174.877639770999991,1.554550647740000,1.791864156720000,1.925005316730000,-1.944303035740000,0.000000000000000
-37.788669586200001,174.878067017000006,1.556231617930000,1.793228626250000,1.927495479580000,-1.945256471630000,0.000000000000000
-37.788089752200001,174.878067017000006,1.553912520410000,1.790959000590000,1.923932433130000,-1.943997025490000,0.000000000000000
-37.790500640899999,174.876342773000005,1.553107738490000,1.790068268780000,1.924574732780000,-1.943839669230000,0.000000000000000
-37.790763855000002,174.876022339000002,1.552570819850000,1.789496302600000,1.924060821530000,-1.943653702740000,0.000000000000000
-37.791797637899997,174.874740601000013,1.549973964690000,1.786529064180000,1.921304106710000,-1.942297697070000,0.000000000000000
-37.791542053199997,174.875076293999996,1.550474405290000,1.787217020990000,1.921855449680000,-1.942543625830000,0.000000000000000
-37.791278839100002,174.875381470000008,1.551348686220000,1.788185000420000,1.922844767570000,-1.943019151690000,0.000000000000000
-37.791019439700001,174.875701904000010,1.551929831500000,1.788816928860000,1.923423290250000,-1.943294882770000,0.000000000000000
-37.794345855700001,174.877243042000003,1.546684026720000,1.782610297200000,1.916807293890000,-1.940237998960000,0.000000000000000
-37.794101715099998,174.876815795999988,1.546662807460000,1.782567620280000,1.916571140290000,-1.940742611890000,0.000000000000000
-37.794830322300001,174.877304076999991,1.543462991710000,1.777412295340000,1.911416769030000,-1.928734302520000,0.000000000000000
-37.793254852300002,174.876007079999994,1.548287391660000,1.784440994260000,1.918515086170000,-1.941227078440000,0.000000000000000
-37.793872833300000,174.876419067000000,1.546735286710000,1.782725334170000,1.916629552840000,-1.940463185310000,0.000000000000000
-37.793663024899999,174.876037598000011,1.547278404240000,1.783323526380000,1.917357921600000,-1.940764069560000,0.000000000000000
-37.793052673299997,174.875625609999986,1.548000812530000,1.784150123600000,1.918072342870000,-1.941014647480000,0.000000000000000
-37.792221069299998,174.874786376999992,1.549180626870000,1.785714864730000,1.920437097550000,-1.941965818410000,0.000000000000000
-37.792407989499999,174.875213623000008,1.548971652980000,1.785379529000000,1.919646978380000,-1.941608667370000,0.000000000000000
-37.792850494400000,174.875228881999988,1.548291206360000,1.784586548810000,1.918972015380000,-1.941396474840000,0.000000000000000
-37.789791107200003,174.876632690000008,1.553760409360000,1.790634274480000,1.925002574920000,-1.943981647490000,0.000000000000000
-37.790054321299998,174.876296996999997,1.553424596790000,1.790380120280000,1.924967288970000,-1.944086790080000,0.000000000000000
-37.789505004900001,174.876953125000000,1.553990483280000,1.790995836260000,1.925421833990000,-1.944195866580000,0.000000000000000
-37.789218902599998,174.877288818000011,1.553765296940000,1.790602087970000,1.924899935720000,-1.944092035290000,0.000000000000000
-37.788764953600001,174.877227782999995,1.554066538810000,1.790770769120000,1.924965977670000,-1.943934082980000,0.000000000000000
-37.788349151600002,174.877426146999994,1.551333665850000,1.787670135500000,1.921588301660000,-1.941963434220000,0.000000000000000
-37.789386749300000,174.876586914000001,1.553608417510000,1.790459990500000,1.925138950350000,-1.944225668910000,0.000000000000000
-37.790325164800002,174.875961303999986,1.552987813950000,1.789848923680000,1.924458742140000,-1.943770170210000,0.000000000000000
-37.790599823000001,174.875640868999994,1.552679657940000,1.789424777030000,1.924136042590000,-1.943588495250000,0.000000000000000
-37.792034149199999,174.874389648000005,1.549350857730000,1.785781621930000,1.920583486560000,-1.941845774650000,0.000000000000000
-37.791625976600002,174.874374390000014,1.550108790400000,1.786619901660000,1.921566605570000,-1.942285299300000,0.000000000000000
-37.791389465300000,174.874694823999988,1.550503373150000,1.787115931510000,1.921927928920000,-1.942481994630000,0.000000000000000
-37.791133880600000,174.875000000000000,1.551337838170000,1.788015246390000,1.922796130180000,-1.942884445190000,0.000000000000000
-37.790870666499998,174.875320434999992,1.551936149600000,1.788665294650000,1.923437118530000,-1.943270444870000,0.000000000000000
-37.794555664100002,174.876846312999987,1.546146035190000,1.781936049460000,1.915837287900000,-1.940264701840000,0.000000000000000
-37.794292450000000,174.876434326000009,1.546328544620000,1.782155156140000,1.916060924530000,-1.940258979800000,0.000000000000000
-37.793468475300003,174.875656128000003,1.547283887860000,1.783366441730000,1.917268037800000,-1.940703868870000,0.000000000000000
-37.794063568100000,174.876052856000001,1.546439290050000,1.782343387600000,1.916375041010000,-1.940325498580000,0.000000000000000
-37.793869018599999,174.875671387000011,1.546553850170000,1.782518386840000,1.916532635690000,-1.940235853200000,0.000000000000000
-37.793277740500002,174.875259398999987,1.547342896460000,1.783583521840000,1.917937636380000,-1.940925478940000,0.000000000000000
-37.792465210000003,174.874420165999993,1.548336625100000,1.784830927850000,1.919451475140000,-1.941335082050000,0.000000000000000
-37.792659759499998,174.874832153000000,1.548358678820000,1.784855008130000,1.919395208360000,-1.941444993020000,0.000000000000000
-37.793090820300002,174.874862670999988,1.547674655910000,1.784049272540000,1.918541073800000,-1.941027045250000,0.000000000000000
-37.789596557599999,174.876266479000009,1.554147601130000,1.790900826450000,1.925904870030000,-1.944389939310000,0.000000000000000
-37.789871215799998,174.875900268999999,1.553650975230000,1.790500998500000,1.925369977950000,-1.944102287290000,0.000000000000000
-37.788955688500003,174.876815795999988,1.553785920140000,1.790434956550000,1.924519538880000,-1.943612575530000,0.000000000000000
-37.788356780999997,174.876953125000000,1.549302816390000,1.785589218140000,1.919041633610000,-1.941133618350000,0.000000000000000
-37.789077758799998,174.876281737999989,1.554202914240000,1.791042327880000,1.925896406170000,-1.944183588030000,0.000000000000000
-37.790164947500003,174.875564574999999,1.553163647650000,1.789790391920000,1.924776911740000,-1.943913102150000,0.000000000000000
-37.790447235099997,174.875244140999996,1.552675962450000,1.789360880850000,1.924262881280000,-1.943569064140000,0.000000000000000
-37.792259216300003,174.874008178999986,1.548428058620000,1.784790873530000,1.919513225560000,-1.941265702250000,0.000000000000000
-37.791835784900002,174.874023437999995,1.549762606620000,1.786069154740000,1.921123862270000,-1.942036271100000,0.000000000000000
-37.791458129900001,174.874023437999995,1.550433516500000,1.786797285080000,1.921940326690000,-1.942405939100000,0.000000000000000
-37.791240692099997,174.874328612999989,1.550802588460000,1.787197470660000,1.922225356100000,-1.942573666570000,0.000000000000000
-37.790992736800000,174.874618529999992,1.551426649090000,1.787929892540000,1.922894239430000,-1.942921400070000,0.000000000000000
-37.790725707999997,174.874923706000004,1.551985383030000,1.788521528240000,1.923461556430000,-1.943202614780000,0.000000000000000
-37.794445037800003,174.876037598000011,1.545485496520000,1.781445980070000,1.915140151980000,-1.939762592320000,0.000000000000000
-37.793685913099999,174.875289917000003,1.546561956410000,1.782593369480000,1.916625618930000,-1.940295696260000,0.000000000000000
-37.794246673600000,174.875701904000010,1.545785784720000,1.781835079190000,1.915554046630000,-1.939975142480000,0.000000000000000
-37.794078826899998,174.875335693000011,1.546024322510000,1.781862735750000,1.915766596790000,-1.939943075180000,0.000000000000000
-37.793510437000002,174.874908446999996,1.546682000160000,1.782768964770000,1.916953206060000,-1.940331816670000,0.000000000000000
-37.792713165300000,174.874023437999995,1.547291517260000,1.783590316770000,1.918251991270000,-1.940827012060000,0.000000000000000
-37.792907714800002,174.874450684000010,1.547214508060000,1.783446311950000,1.917657494540000,-1.940527915950000,0.000000000000000
-37.793342590300000,174.874496459999989,1.546356558800000,1.782258272170000,1.916161894800000,-1.939906120300000,0.000000000000000
-37.789382934599999,174.875839232999994,1.553278565410000,1.790165066720000,1.924885272980000,-1.943968653680000,0.000000000000000
-37.789714813200000,174.875488281000003,1.553294539450000,1.790163397790000,1.924963593480000,-1.943888783450000,0.000000000000000
-37.788368225100001,174.876464843999997,1.553598284720000,1.789894342420000,1.926140069960000,-1.944638967510000,0.000000000000000
-37.787864685099997,174.876220703000001,1.554979681970000,1.791502475740000,1.927645206450000,-1.945350527760000,0.000000000000000
-37.788780212399999,174.875747681000007,1.554528474810000,1.791758060460000,1.926364779470000,-1.944618701930000,0.000000000000000
-37.790019989000001,174.875152587999992,1.553041934970000,1.789579272270000,1.924623131750000,-1.943746447560000,0.000000000000000
-37.790313720699999,174.874847412000008,1.552612185480000,1.789128780360000,1.924130201340000,-1.943481564520000,0.000000000000000
-37.792484283400000,174.873550415000011,1.547559976580000,1.783849358560000,1.918781876560000,-1.941033959390000,0.000000000000000
-37.792007446299998,174.873641967999987,1.548924207690000,1.785173296930000,1.920186161990000,-1.941539168360000,0.000000000000000
-37.791614532499999,174.873703003000003,1.549852013590000,1.786129832270000,1.921235799790000,-1.941923022270000,0.000000000000000
-37.791313171399999,174.873764037999990,1.550311565400000,1.786615371700000,1.921741247180000,-1.942171812060000,0.000000000000000
-37.791114807100001,174.873977660999998,1.550859570500000,1.787317633630000,1.922541141510000,-1.942618727680000,0.000000000000000
-37.790863037100003,174.874252318999993,1.551426172260000,1.787772417070000,1.922841310500000,-1.942782163620000,0.000000000000000
-37.790592193599998,174.874542235999996,1.552035927770000,1.788420677190000,1.923502922060000,-1.943130135540000,0.000000000000000
-37.794567108199999,174.875701904000010,1.542229413990000,1.776571154590000,1.910139203070000,-1.929738163950000,0.000000000000000
-37.793914794899997,174.874954223999993,1.545688390730000,1.781584143640000,1.915531873700000,-1.939727783200000,0.000000000000000
-37.794456481899999,174.875366210999999,1.545390725140000,1.781273007390000,1.915397644040000,-1.939636707310000,0.000000000000000
-37.794292450000000,174.875000000000000,1.545436263080000,1.781272888180000,1.915190577510000,-1.939525961880000,0.000000000000000
-37.793758392299999,174.874557495000005,1.545611143110000,1.781613111500000,1.915768384930000,-1.939786911010000,0.000000000000000
-37.792987823499999,174.873641967999987,1.546712994580000,1.782872915270000,1.917775392530000,-1.940682291980000,0.000000000000000
-37.793167114299997,174.874069214000002,1.546160101890000,1.782424092290000,1.916964411740000,-1.940310716630000,0.000000000000000
-37.793609619100003,174.874145507999998,1.545651316640000,1.781802654270000,1.916429400440000,-1.940180897710000,0.000000000000000
-37.792827606199999,174.873214722000000,1.546640276910000,1.782773494720000,1.917701244350000,-1.940458893780000,0.000000000000000
-37.789249420200001,174.875381470000008,1.553366303440000,1.790035486220000,1.925623536110000,-1.944227457050000,0.000000000000000
-37.789585113500003,174.875061034999987,1.553762078290000,1.790564298630000,1.925963759420000,-1.944432377820000,0.000000000000000
-37.788131713900000,174.875762938999998,1.555490493770000,1.792407989500000,1.927737474440000,-1.945655465130000,0.000000000000000
-37.787662506099998,174.875778198000006,1.555243372920000,1.791897773740000,1.927740454670000,-1.945131301880000,0.000000000000000
-37.788860321000001,174.875228881999988,1.554090380670000,1.790737509730000,1.926351308820000,-1.944738388060000,0.000000000000000
-37.788402557399998,174.875244140999996,1.554855227470000,1.791362166400000,1.927492022510000,-1.945096254350000,0.000000000000000
-37.792476654100000,174.873123168999996,1.547504067420000,1.783805608750000,1.919066309930000,-1.941309094430000,0.000000000000000
-37.789894103999998,174.874755859000004,1.552969098090000,1.789528489110000,1.924708485600000,-1.943706870080000,0.000000000000000
-37.790187835700003,174.874450684000010,1.552511096000000,1.789087295530000,1.924292683600000,-1.943520784380000,0.000000000000000
-37.792133331300001,174.873229979999991,1.548299908640000,1.784456729890000,1.919587016110000,-1.941288709640000,0.000000000000000
-37.791721344000003,174.873321532999995,1.549258351330000,1.785565376280000,1.920760869980000,-1.941739201550000,0.000000000000000
-37.791347503700003,174.873443603999988,1.550302386280000,1.786763548850000,1.922256708150000,-1.942648768420000,0.000000000000000
-37.791038513200000,174.873641967999987,1.550556659700000,1.787076473240000,1.922327518460000,-1.942446589470000,0.000000000000000
-37.790760040300000,174.873870850000003,1.551232934000000,1.787938594820000,1.923280358310000,-1.942968130110000,0.000000000000000
-37.790473937999998,174.874145507999998,1.551831126210000,1.788485288620000,1.923771023750000,-1.943238973620000,0.000000000000000
-37.794151306200000,174.874618529999992,1.544919133190000,1.780869483950000,1.914983749390000,-1.939575076100000,0.000000000000000
-37.794677734399997,174.875000000000000,1.544465184210000,1.780249476430000,1.913920044900000,-1.938441753390000,0.000000000000000
-37.794467926000003,174.874694823999988,1.544933199880000,1.780672788620000,1.914549231530000,-1.939293384550000,0.000000000000000
-37.794029235799997,174.874221801999994,1.545313954350000,1.781487584110000,1.916003584860000,-1.939723134040000,0.000000000000000
-37.793266296399999,174.873260498000008,1.545516014100000,1.781480431560000,1.916166663170000,-1.939851522450000,0.000000000000000
-37.793449401899998,174.873687743999994,1.545625209810000,1.781712889670000,1.916379094120000,-1.940000772480000,0.000000000000000
-37.793903350800001,174.873779296999999,1.544532775880000,1.780284643170000,1.914224863050000,-1.938817739490000,0.000000000000000
-37.793495178199997,174.872879028000000,1.544226169590000,1.780025243760000,1.914771318440000,-1.939376831050000,0.000000000000000
-37.793075561499997,174.872848511000001,1.545163989070000,1.781085968020000,1.915796875950000,-1.939608216290000,0.000000000000000
-37.792667388900000,174.872817993000012,1.546696424480000,1.782655119900000,1.917677402500000,-1.940409064290000,0.000000000000000
-37.789157867400000,174.874938965000013,1.554002523420000,1.790791034700000,1.926225662230000,-1.944537758830000,0.000000000000000
-37.789482116700000,174.874633789000001,1.553451538090000,1.789991736410000,1.925120592120000,-1.943881750110000,0.000000000000000
-37.787700653100003,174.875137329000012,1.555041074750000,1.791673183440000,1.927332997320000,-1.944528579710000,0.000000000000000
-37.787189483600002,174.874572754000013,1.548916220660000,1.782171487810000,1.917332053180000,-1.925042390820000,0.000000000000000
-37.788711547900000,174.874816895000009,1.554287195210000,1.790949463840000,1.926068186760000,-1.944218277930000,0.000000000000000
-37.788238525399997,174.874755859000004,1.554827094080000,1.791550397870000,1.926745533940000,-1.944863080980000,0.000000000000000
-37.792259216300003,174.872817993000012,1.547762751580000,1.784035921100000,1.919373512270000,-1.941249251370000,0.000000000000000
-37.789775848399998,174.874343871999997,1.552754879000000,1.789483547210000,1.924806714060000,-1.943764925000000,0.000000000000000
-37.790065765400001,174.874038696000014,1.552541136740000,1.789174318310000,1.924560666080000,-1.943524003030000,0.000000000000000
-37.791835784900002,174.872894287000008,1.549039006230000,1.785323381420000,1.920820713040000,-1.941927552220000,0.000000000000000
-37.791374206500002,174.873001098999993,1.550395488740000,1.786800146100000,1.922439098360000,-1.942445635800000,0.000000000000000
-37.791007995599998,174.873245238999999,1.550890445710000,1.787407040600000,1.922993302350000,-1.942702531810000,0.000000000000000
-37.790683746299997,174.873489379999995,1.551212310790000,1.787786483760000,1.923172473910000,-1.942695260050000,0.000000000000000
-37.790374755899997,174.873748779000010,1.551862359050000,1.788489699360000,1.923845291140000,-1.943112134930000,0.000000000000000
-37.793304443399997,174.872497559000010,1.545235753060000,1.781425952910000,1.917061567310000,-1.940695285800000,0.000000000000000
-37.794433593800001,174.874328612999989,1.544738888740000,1.780715346340000,1.915075302120000,-1.939281225200000,0.000000000000000
-37.794792175300003,174.874542235999996,1.541702389720000,1.775977849960000,1.910064935680000,-1.929611444470000,0.000000000000000
-37.794330596899997,174.873886107999994,1.543686032300000,1.779518008230000,1.913191199300000,-1.938590407370000,0.000000000000000
-37.793766021700002,174.873275756999988,1.543708562850000,1.779600739480000,1.913987874980000,-1.938867926600000,0.000000000000000
-37.794223785400000,174.873458862000007,1.543003678320000,1.778870224950000,1.913254261020000,-1.939055442810000,0.000000000000000
-37.793708801299999,174.872512817000000,1.544131040570000,1.780066490170000,1.915420532230000,-1.939875602720000,0.000000000000000
-37.793849945100000,174.872848511000001,1.543651700020000,1.779493331910000,1.914462208750000,-1.939454317090000,0.000000000000000
-37.792892456099999,174.872467040999993,1.546311855320000,1.782527685170000,1.918121218680000,-1.941071510310000,0.000000000000000
-37.792465210000003,174.872436523000005,1.547298073770000,1.783413767810000,1.918849706650000,-1.940979361530000,0.000000000000000
-37.789062500000000,174.874481201000009,1.554169774060000,1.790678620340000,1.926423192020000,-1.944567203520000,0.000000000000000
-37.789402008099998,174.874267578000001,1.553722381590000,1.790337204930000,1.925715684890000,-1.944148659710000,0.000000000000000
-37.787818908699997,174.874237061000002,1.554068923000000,1.790717244150000,1.926130056380000,-1.943728089330000,0.000000000000000
-37.788547515899999,174.874313354000009,1.554290771480000,1.790906548500000,1.926520943640000,-1.944552183150000,0.000000000000000
-37.791984558099998,174.872436523000005,1.548319578170000,1.784615039830000,1.920208692550000,-1.941527247430000,0.000000000000000
-37.789623260500001,174.873947143999999,1.553555130960000,1.790041208270000,1.925673961640000,-1.944121956830000,0.000000000000000
-37.789955139200003,174.873611449999999,1.552770376210000,1.789219379430000,1.924646973610000,-1.943450570110000,0.000000000000000
-37.791545867899998,174.872573853000006,1.549275398250000,1.785508275030000,1.920915126800000,-1.941497564320000,0.000000000000000
-37.791213989299997,174.872650146000012,1.550209760670000,1.786540031430000,1.922031521800000,-1.941861271860000,0.000000000000000
-37.790958404500003,174.872848511000001,1.551362276080000,1.787538528440000,1.923272490500000,-1.942693591120000,0.000000000000000
-37.790634155299998,174.873077392999988,1.551557064060000,1.787937521930000,1.923557043080000,-1.942848086360000,0.000000000000000
-37.790294647200000,174.873336792000003,1.552273392680000,1.788707375530000,1.924311995510000,-1.943316578870000,0.000000000000000
-37.793521881099998,174.872085571000014,1.544401407240000,1.780280828480000,1.915369153020000,-1.939330935480000,0.000000000000000
-37.793121337899997,174.872161865000010,1.545756816860000,1.781794428830000,1.917196154590000,-1.940148949620000,0.000000000000000
-37.794818878199997,174.873992920000006,1.544508695600000,1.780232429500000,1.914199471470000,-1.939065933230000,0.000000000000000
-37.794586181600003,174.873580933000000,1.543091297150000,1.778937935830000,1.913432836530000,-1.938375711440000,0.000000000000000
-37.794170379599997,174.873016357000012,1.543610692020000,1.779504656790000,1.914681077000000,-1.939535021780000,0.000000000000000
-37.794570922900000,174.873168945000003,1.543722391130000,1.779759049420000,1.915071249010000,-1.939600467680000,0.000000000000000
-37.793525695800000,174.871704101999995,1.544185876850000,1.780097603800000,1.915475368500000,-1.939528226850000,0.000000000000000
-37.793857574500002,174.871780395999991,1.543776988980000,1.779834628110000,1.915416598320000,-1.939727187160000,0.000000000000000
-37.793979644799997,174.872192382999998,1.543576955800000,1.779508590700000,1.914782762530000,-1.939409971240000,0.000000000000000
-37.794105529799999,174.872589110999996,1.543601274490000,1.779393911360000,1.914331674580000,-1.939104437830000,0.000000000000000
-37.792728424099998,174.872024535999998,1.546802282330000,1.782906889920000,1.918492555620000,-1.940744400020000,0.000000000000000
-37.792251586900001,174.872055053999986,1.547850131990000,1.783830404280000,1.919559955600000,-1.941366314890000,0.000000000000000
-37.791904449500002,174.872039795000006,1.548395872120000,1.784488916400000,1.920283436780000,-1.941584825520000,0.000000000000000
-37.789066314700001,174.873916626000010,1.553577542300000,1.790127038960000,1.925333261490000,-1.943793535230000,0.000000000000000
-37.787700653100003,174.873397826999991,1.553703665730000,1.790183305740000,1.925278067590000,-1.943435549740000,0.000000000000000
-37.788394928000002,174.873657226999995,1.553990721700000,1.790592193600000,1.925785303120000,-1.944172024730000,0.000000000000000
-37.787654876700003,174.872741698999988,1.553727507590000,1.790271997450000,1.925460457800000,-1.942973613740000,0.000000000000000
-37.791610717799998,174.872192382999998,1.548307061200000,1.784490942960000,1.919918179510000,-1.941108703610000,0.000000000000000
-37.789482116700000,174.873458862000007,1.553114891050000,1.789669990540000,1.924917697910000,-1.943538308140000,0.000000000000000
-37.789878845200001,174.873153687000013,1.552320122720000,1.788729548450000,1.924075126650000,-1.942934870720000,0.000000000000000
-37.791255950900002,174.872314453000001,1.549183964730000,1.785398006440000,1.920797467230000,-1.941391468050000,0.000000000000000
-37.790924072300001,174.872467040999993,1.550474643710000,1.786768674850000,1.922312259670000,-1.941943764690000,0.000000000000000
-37.790596008300000,174.872680664000001,1.551388144490000,1.787639260290000,1.923214197160000,-1.942419052120000,0.000000000000000
-37.790248870799999,174.872894287000008,1.552185654640000,1.788470268250000,1.924055576320000,-1.942871809010000,0.000000000000000
-37.793155670200001,174.871749878000003,1.544958353040000,1.780942559240000,1.916182279590000,-1.939614057540000,0.000000000000000
-37.793380737299998,174.871444701999991,1.544455289840000,1.780383586880000,1.916129231450000,-1.940077066420000,0.000000000000000
-37.794509887700002,174.872726440000008,1.542744040490000,1.778617620470000,1.912994980810000,-1.938210844990000,0.000000000000000
-37.794948577900001,174.872863770000009,1.542747378350000,1.778578042980000,1.913010239600000,-1.938475608830000,0.000000000000000
-37.793457031199999,174.871124267999988,1.543056488040000,1.778830647470000,1.914130210880000,-1.938826203350000,0.000000000000000
-37.793712616000001,174.871414184999992,1.543530583380000,1.779413104060000,1.914833307270000,-1.939019441600000,0.000000000000000
-37.794124603299998,174.871444701999991,1.542371392250000,1.778009176250000,1.913023471830000,-1.938450932500000,0.000000000000000
-37.794277191200003,174.871856688999998,1.542800784110000,1.778604865070000,1.913857460020000,-1.938826441760000,0.000000000000000
-37.794406890899999,174.872283936000002,1.542679667470000,1.778269290920000,1.913261890410000,-1.938959717750000,0.000000000000000
-37.792781829799999,174.871597290000011,1.546263933180000,1.782225012780000,1.917807340620000,-1.940294146540000,0.000000000000000
-37.792415618900002,174.871658324999999,1.546762585640000,1.782803177830000,1.918399214740000,-1.940635442730000,0.000000000000000
-37.792018890400001,174.871719359999986,1.547214150430000,1.783373713490000,1.918916463850000,-1.940645337100000,0.000000000000000
-37.791656494100003,174.871810912999990,1.548041105270000,1.784087181090000,1.919892907140000,-1.941522479060000,0.000000000000000
-37.788936614999997,174.873245238999999,1.553398489950000,1.789885878560000,1.925202846530000,-1.943562507630000,0.000000000000000
-37.788303375200002,174.872879028000000,1.553299427030000,1.789775371550000,1.924948334690000,-1.943175673480000,0.000000000000000
-37.787971496600001,174.872238159000005,1.553507924080000,1.790110111240000,1.925134181980000,-1.943280220030000,0.000000000000000
-37.787902832000000,174.870849609000004,1.548691153530000,1.781950950620000,1.916816830640000,-1.924582719800000,0.000000000000000
-37.791301727300002,174.871932982999994,1.548895001410000,1.785094261170000,1.920989632610000,-1.941975355150000,0.000000000000000
-37.789428710899998,174.872924804999997,1.553150057790000,1.789538741110000,1.925108790400000,-1.943625211720000,0.000000000000000
-37.789855957000000,174.872680664000001,1.552223443980000,1.788541078570000,1.924073457720000,-1.942988157270000,0.000000000000000
-37.790939331099999,174.872085571000014,1.549155473710000,1.785337686540000,1.920713901520000,-1.941109538080000,0.000000000000000
-37.790580749500002,174.872253418000014,1.550612688060000,1.786838769910000,1.922446131710000,-1.942055106160000,0.000000000000000
-37.790225982700001,174.872467040999993,1.551844477650000,1.788012027740000,1.923678159710000,-1.942651271820000,0.000000000000000
-37.793037414600001,174.871261597000000,1.544369459150000,1.780304908750000,1.915653109550000,-1.939300179480000,0.000000000000000
-37.793178558299999,174.870880126999992,1.543066978450000,1.779094338420000,1.914759874340000,-1.939465880390000,0.000000000000000
-37.793518066399997,174.870712279999992,1.541771531110000,1.777626037600000,1.913212180140000,-1.938840031620000,0.000000000000000
-37.794845581099999,174.872390746999997,1.542033910750000,1.777616262440000,1.912236094470000,-1.937980651860000,0.000000000000000
-37.793922424300000,174.871002196999996,1.541212677960000,1.776653647420000,1.911508440970000,-1.937661290170000,0.000000000000000
-37.794406890899999,174.871109009000008,1.540698289870000,1.776151299480000,1.911404013630000,-1.938029050830000,0.000000000000000
-37.794563293499998,174.871520995999987,1.541121840480000,1.776781558990000,1.911861658100000,-1.937956094740000,0.000000000000000
-37.794723510700003,174.871932982999994,1.541653633120000,1.777331113820000,1.912564992900000,-1.938806176190000,0.000000000000000
-37.792564392099997,174.871261597000000,1.546680808070000,1.782799482350000,1.918877601620000,-1.941186904910000,0.000000000000000
-37.792140960700003,174.871337890999996,1.548401832580000,1.784464955330000,1.921028256420000,-1.942426919940000,0.000000000000000
-37.791740417500002,174.871429443000011,1.547893404960000,1.784060120580000,1.920225501060000,-1.941911816600000,0.000000000000000
-37.791362762500000,174.871536254999995,1.549267292020000,1.785370111470000,1.921682357790000,-1.942334055900000,0.000000000000000
-37.788944244400000,174.872604370000005,1.552942037580000,1.789472103120000,1.924720406530000,-1.943148851390000,0.000000000000000
-37.788520812999998,174.872283936000002,1.554086446760000,1.790654540060000,1.925896644590000,-1.943271040920000,0.000000000000000
-37.788387298600000,174.871749878000003,1.553586244580000,1.790095925330000,1.925246238710000,-1.942627668380000,0.000000000000000
-37.788337707499998,174.871124267999988,1.554402947430000,1.790965080260000,1.926100134850000,-1.942732810970000,0.000000000000000
-37.790977478000002,174.871673584000007,1.549080610280000,1.785299777980000,1.921443581580000,-1.942296624180000,0.000000000000000
-37.789466857900003,174.872375487999989,1.552783250810000,1.789126515390000,1.924585819240000,-1.942861914630000,0.000000000000000
-37.789886474600003,174.872268676999994,1.551871061330000,1.788014531140000,1.923668384550000,-1.942543268200000,0.000000000000000
-37.790588378899997,174.871826171999999,1.549928903580000,1.786083698270000,1.921879529950000,-1.941970586780000,0.000000000000000
-37.790195465099998,174.872024535999998,1.550978183750000,1.787178158760000,1.922688961030000,-1.941860795020000,0.000000000000000
-37.792747497599997,174.870788573999988,1.544282555580000,1.780176997180000,1.915633678440000,-1.939317226410000,0.000000000000000
-37.793132782000001,174.870498657000013,1.543527483940000,1.779464721680000,1.915813326840000,-1.940355181690000,0.000000000000000
-37.793502807599999,174.870269774999997,1.541898965840000,1.777690649030000,1.913850069050000,-1.939495444300000,0.000000000000000
-37.793903350800001,174.870483398000005,1.540770053860000,1.776394367220000,1.912383675580000,-1.939113974570000,0.000000000000000
-37.794326782200002,174.870681762999993,1.539727568630000,1.775189399720000,1.910809516910000,-1.938163518910000,0.000000000000000
-37.794677734399997,174.870834351000013,1.539790034290000,1.775267124180000,1.910857200620000,-1.938307285310000,0.000000000000000
-37.794834137000002,174.871170043999996,1.539833426480000,1.775275111200000,1.910485982890000,-1.937783718110000,0.000000000000000
-37.795013427699999,174.871566771999994,1.540236473080000,1.775549650190000,1.910303473470000,-1.937561750410000,0.000000000000000
-37.792255401600002,174.870910645000009,1.547991752620000,1.783997893330000,1.920237541200000,-1.941219687460000,0.000000000000000
-37.791835784900002,174.871017456000004,1.548981785770000,1.785313963890000,1.922207474710000,-1.942917585370000,0.000000000000000
-37.791439056400002,174.871124267999988,1.549690723420000,1.785837531090000,1.922419548030000,-1.942422151570000,0.000000000000000
-37.791042327900001,174.871246337999992,1.549496531490000,1.785582542420000,1.922114610670000,-1.942633271220000,0.000000000000000
-37.789005279500003,174.871932982999994,1.552436232570000,1.788935780530000,1.924126625060000,-1.942867994310000,0.000000000000000
-37.788768768300002,174.871383667000003,1.553314566610000,1.789863228800000,1.925191283230000,-1.943992972370000,0.000000000000000
-37.790637969999999,174.871383667000003,1.550567984580000,1.786799311640000,1.923354625700000,-1.942986726760000,0.000000000000000
-37.789684295699999,174.871810912999990,1.551296949390000,1.787456512450000,1.923077583310000,-1.942254543300000,0.000000000000000
-37.790195465099998,174.871536254999995,1.549908638000000,1.785966634750000,1.921963930130000,-1.941979885100000,0.000000000000000
-37.792331695599998,174.870468140000014,1.545993685720000,1.781733870510000,1.917309045790000,-1.939484000210000,0.000000000000000
-37.792732238799999,174.870285034000005,1.544155359270000,1.779956817630000,1.916127324100000,-1.940144419670000,0.000000000000000
-37.793113708500002,174.870056151999989,1.543083786960000,1.778944969180000,1.915236353870000,-1.939684271810000,0.000000000000000
-37.793483734100001,174.869842529000010,1.541440486910000,1.777145028110000,1.913224816320000,-1.938944578170000,0.000000000000000
-37.793872833300000,174.870040893999999,1.541066884990000,1.776768565180000,1.913235425950000,-1.939421653750000,0.000000000000000
-37.794281005899997,174.870223998999990,1.539793252940000,1.775409460070000,1.911540985110000,-1.938740134240000,0.000000000000000
-37.794616699199999,174.869949340999995,1.540869235990000,1.776365876200000,1.913460254670000,-1.939726948740000,0.000000000000000
-37.794757842999999,174.870422362999989,1.539100646970000,1.774507403370000,1.910329461100000,-1.938180327420000,0.000000000000000
-37.795063018800001,174.870803832999997,1.539809346200000,1.775190234180000,1.910974979400000,-1.937909245490000,0.000000000000000
-37.795284271200003,174.871200562000013,1.531323909760000,1.760693430900000,1.896232843400000,-1.907456636430000,0.000000000000000
-37.791919708300000,174.870605468999997,1.548361897470000,1.784320950510000,1.920603632930000,-1.941242098810000,0.000000000000000
-37.791515350300003,174.870712279999992,1.549437999730000,1.785441040990000,1.921811699870000,-1.941675066950000,0.000000000000000
-37.791976928700002,174.870193481000001,1.546887755390000,1.782720446590000,1.918839693070000,-1.940467000010000,0.000000000000000
-37.791122436499997,174.870834351000013,1.549837946890000,1.785970211030000,1.922726273540000,-1.942759990690000,0.000000000000000
-37.790725707999997,174.870941162000008,1.550602912900000,1.786766529080000,1.923363804820000,-1.942579150200000,0.000000000000000
-37.789253234900002,174.871337890999996,1.551044940950000,1.787054777150000,1.923016786580000,-1.942015171050000,0.000000000000000
-37.789016723600000,174.871032715000013,1.547603249550000,1.783332109450000,1.918661832810000,-1.941156148910000,0.000000000000000
-37.790290832499998,174.871032715000013,1.549980521200000,1.786306977270000,1.923203468320000,-1.943263530730000,0.000000000000000
-37.789775848399998,174.871170043999996,1.551375389100000,1.787538766860000,1.923830032350000,-1.942748785020000,0.000000000000000
-37.792350769000002,174.870025634999990,1.544809460640000,1.780646324160000,1.916679263110000,-1.939858436580000,0.000000000000000
-37.792724609399997,174.869827270999991,1.544035911560000,1.779965758320000,1.916591048240000,-1.940562009810000,0.000000000000000
-37.793094635000003,174.869613646999994,1.542767405510000,1.778557419780000,1.915021181110000,-1.939704060550000,0.000000000000000
-37.793464660600002,174.869400023999987,1.541711807250000,1.777421951290000,1.914153814320000,-1.939768791200000,0.000000000000000
-37.793842315699997,174.869613646999994,1.541031837460000,1.776627898220000,1.913198232650000,-1.939237117770000,0.000000000000000
-37.794216155999997,174.869812012000011,1.540411710740000,1.775948882100000,1.912388682370000,-1.938879847530000,0.000000000000000
-37.794490814200003,174.869598389000004,1.540207505230000,1.775693178180000,1.912150740620000,-1.938514232640000,0.000000000000000
-37.794883728000002,174.869567870999987,1.539994955060000,1.775463461880000,1.911860704420000,-1.938372969630000,0.000000000000000
-37.795059204099999,174.870025634999990,1.539826631550000,1.775233864780000,1.912012577060000,-1.938919663430000,0.000000000000000
-37.795276641800001,174.870422362999989,1.538214802740000,1.773453712460000,1.908645749090000,-1.937076568600000,0.000000000000000
-37.795539855999998,174.870803832999997,1.531266689300000,1.761636853220000,1.896264791490000,-1.911344408990000,0.000000000000000
-37.791988372799999,174.869796753000003,1.546290993690000,1.782183408740000,1.918706655500000,-1.940861582760000,0.000000000000000
-37.791591644299999,174.870300293000014,1.548212766650000,1.784170746800000,1.920343518260000,-1.940881252290000,0.000000000000000
-37.791194915799998,174.870407104000009,1.549403309820000,1.785415053370000,1.922033786770000,-1.941996932030000,0.000000000000000
-37.791683196999998,174.869964600000003,1.547498226170000,1.783433079720000,1.919928073880000,-1.941164970400000,0.000000000000000
-37.790805816700001,174.870529175000001,1.550086736680000,1.786123991010000,1.922589421270000,-1.942024469380000,0.000000000000000
-37.790447235099997,174.870651245000005,1.550301194190000,1.786327123640000,1.922921657560000,-1.942480683330000,0.000000000000000
-37.790885925300003,174.870162964000002,1.549899458890000,1.785842657090000,1.922483205800000,-1.942083239560000,0.000000000000000
-37.789264678999999,174.870697021000012,1.547833085060000,1.783922076230000,1.920973062520000,-1.942557454110000,0.000000000000000
-37.789970397899999,174.870559692000000,1.551256060600000,1.787342429160000,1.924061894420000,-1.942716240880000,0.000000000000000
-37.789241790799998,174.870193481000001,1.549504995350000,1.785253882410000,1.923498868940000,-1.943758368490000,0.000000000000000
-37.792339325000000,174.869598389000004,1.545230507850000,1.781296968460000,1.918168067930000,-1.941163063050000,0.000000000000000
-37.792709350599999,174.869400023999987,1.543953895570000,1.779764413830000,1.916468381880000,-1.940264344220000,0.000000000000000
-37.793079376199998,174.869186401000007,1.542791247370000,1.778537154200000,1.915326595310000,-1.939941763880000,0.000000000000000
-37.793449401899998,174.868972778000000,1.541752576830000,1.777405381200000,1.914339661600000,-1.939669251440000,0.000000000000000
-37.793830871600001,174.869201659999987,1.541217565540000,1.776822924610000,1.913792133330000,-1.939553737640000,0.000000000000000
-37.794189453100003,174.869415282999995,1.540573716160000,1.776116371150000,1.912792205810000,-1.939059257510000,0.000000000000000
-37.794548034700000,174.869262695000003,1.540037035940000,1.775436639790000,1.912126898770000,-1.938578844070000,0.000000000000000
-37.794883728000002,174.869171142999988,1.539304971690000,1.774694681170000,1.911289095880000,-1.938262939450000,0.000000000000000
-37.795291900599999,174.869720459000007,1.538904190060000,1.774276137350000,1.910129666330000,-1.937300562860000,0.000000000000000
-37.795295715300000,174.869293212999992,1.539104342460000,1.774475932120000,1.911088347430000,-1.938326358800000,0.000000000000000
-37.795536041299997,174.870056151999989,1.539270997050000,1.774417757990000,1.911559224130000,-1.937292218210000,0.000000000000000
-37.791957855200003,174.869384765999996,1.546134114270000,1.782287001610000,1.919171810150000,-1.941240668300000,0.000000000000000
-37.791618347200000,174.869613646999994,1.547442913060000,1.783581495290000,1.920389890670000,-1.941500782970000,0.000000000000000
-37.791248321499999,174.869903563999998,1.548914670940000,1.784929394720000,1.921677112580000,-1.941942691800000,0.000000000000000
-37.790443420400003,174.870193481000001,1.549873948100000,1.786108374600000,1.923077344890000,-1.942814826970000,0.000000000000000
-37.790737152100000,174.869796753000003,1.549755334850000,1.785872697830000,1.922791242600000,-1.942345023160000,0.000000000000000
-37.789566039999997,174.870117187999995,1.550741553310000,1.787126541140000,1.924260854720000,-1.943382620810000,0.000000000000000
-37.789993286100000,174.870010376000010,1.550442814830000,1.786430716510000,1.923165917400000,-1.942542672160000,0.000000000000000
-37.789222717299999,174.869705199999999,1.551478147510000,1.787606239320000,1.924523353580000,-1.942902445790000,0.000000000000000
-37.792316436800000,174.869171142999988,1.544795155530000,1.780695319180000,1.917418122290000,-1.940398693080000,0.000000000000000
-37.792690277100000,174.868957520000009,1.543900847430000,1.779720544820000,1.916715264320000,-1.940501213070000,0.000000000000000
-37.793060302699999,174.868743896000012,1.542482256890000,1.778138279910000,1.915043234830000,-1.939762115480000,0.000000000000000
-37.793437957800002,174.868545532000013,1.541487932210000,1.777043700220000,1.914143681530000,-1.939594388010000,0.000000000000000
-37.793830871600001,174.868774414000001,1.540773510930000,1.776305675510000,1.913210153580000,-1.939070701600000,0.000000000000000
-37.794208526600002,174.869018554999997,1.540158391000000,1.775574207310000,1.912360906600000,-1.938797116280000,0.000000000000000
-37.795055389399998,174.868865967000005,1.539092302320000,1.774364590640000,1.911356449130000,-1.938239693640000,0.000000000000000
-37.794631957999997,174.868835448999988,1.539352416990000,1.774705886840000,1.911541342740000,-1.938497304920000,0.000000000000000
-37.794864654500003,174.868621826000009,1.539203286170000,1.774446129800000,1.911550283430000,-1.938617229460000,0.000000000000000
-37.795528411900001,174.868820190000008,1.537988185880000,1.773104548450000,1.909744858740000,-1.937548279760000,0.000000000000000
-37.795692443800000,174.869644165000011,1.539524197580000,1.774876713750000,1.911298632620000,-1.938241481780000,0.000000000000000
-37.795730590799998,174.869232178000004,1.538294434550000,1.773562073710000,1.909977078440000,-1.937820911410000,0.000000000000000
-37.791915893599999,174.868957520000009,1.545800685880000,1.781861186030000,1.918758511540000,-1.940867900850000,0.000000000000000
-37.791549682599999,174.869186401000007,1.547380924220000,1.783420443530000,1.920429825780000,-1.941623449330000,0.000000000000000
-37.791282653800003,174.869445801000012,1.548065304760000,1.784030556680000,1.920738220210000,-1.941353440280000,0.000000000000000
-37.790981292700003,174.869491576999991,1.548952221870000,1.785091519360000,1.922004699710000,-1.942030072210000,0.000000000000000
-37.790267944299998,174.869674683000000,1.550534248350000,1.786693096160000,1.923670053480000,-1.942809939380000,0.000000000000000
-37.790607452400003,174.869338988999999,1.549396038060000,1.785492420200000,1.922334074970000,-1.942098259930000,0.000000000000000
-37.789707183799997,174.869522095000008,1.550255894660000,1.786468386650000,1.923949956890000,-1.943347334860000,0.000000000000000
-37.789272308299999,174.869216918999996,1.550402402880000,1.786625504490000,1.924106240270000,-1.943280935290000,0.000000000000000
-37.792293548600000,174.868728637999993,1.544825434680000,1.780782461170000,1.917934417720000,-1.940948009490000,0.000000000000000
-37.792671203600001,174.868530273000005,1.543564081190000,1.779275298120000,1.916354298590000,-1.940220355990000,0.000000000000000
-37.793048858600002,174.868316649999997,1.542345166210000,1.777884125710000,1.915042281150000,-1.939878463750000,0.000000000000000
-37.795604705800002,174.868362426999994,1.535513520240000,1.770571351050000,1.906638503070000,-1.936687111850000,0.000000000000000
-37.793422698999997,174.868118285999998,1.541708350180000,1.777108311650000,1.914601802830000,-1.939988732340000,0.000000000000000
-37.793819427499997,174.868331909000005,1.540726542470000,1.776138305660000,1.913412690160000,-1.939363718030000,0.000000000000000
-37.794223785400000,174.868576050000001,1.540079236030000,1.775433659550000,1.912600159650000,-1.938970208170000,0.000000000000000
-37.795131683299999,174.868438720999990,1.538088440900000,1.773218512540000,1.910081624980000,-1.937580704690000,0.000000000000000
-37.794639587399999,174.868362426999994,1.540141224860000,1.775241494180000,1.912919759750000,-1.939253091810000,0.000000000000000
-37.795879364000001,174.868621826000009,1.536772012710000,1.771749496460000,1.908407211300000,-1.936708092690000,0.000000000000000
-37.796005248999997,174.868301392000006,1.533419013020000,1.767542839050000,1.903743028640000,-1.930794000630000,0.000000000000000
-37.791885376000003,174.868499756000006,1.546373844150000,1.782150864600000,1.919687390330000,-1.941846251490000,0.000000000000000
-37.791492462199997,174.868728637999993,1.546991944310000,1.782887101170000,1.919964671130000,-1.941364288330000,0.000000000000000
-37.791023254400002,174.869018554999997,1.548448920250000,1.784583687780000,1.921719789510000,-1.942080974580000,0.000000000000000
-37.790119171100002,174.869140625000000,1.550587892530000,1.786725163460000,1.923718690870000,-1.942682743070000,0.000000000000000
-37.790500640899999,174.868927001999992,1.549028158190000,1.785245180130000,1.922236442570000,-1.942116618160000,0.000000000000000
-37.789520263699998,174.868789673000009,1.550949335100000,1.787015914920000,1.923510909080000,-1.942354679110000,0.000000000000000
-37.792274475100001,174.868286132999998,1.544939637180000,1.780702114110000,1.918095111850000,-1.941037416460000,0.000000000000000
-37.792655944800003,174.868087768999999,1.543641209600000,1.779170155530000,1.916580080990000,-1.940539598460000,0.000000000000000
-37.793029785199998,174.867889404000010,1.542844653130000,1.778150439260000,1.915818214420000,-1.940538287160000,0.000000000000000
-37.793399810799997,174.867675781000003,1.541374802590000,1.776604294780000,1.914086461070000,-1.939520955090000,0.000000000000000
-37.795753478999998,174.867965698000006,1.537670493130000,1.771744370460000,1.910094976430000,-1.938027858730000,0.000000000000000
-37.795330047599997,174.867996215999995,1.537204384800000,1.771916985510000,1.909229397770000,-1.937406182290000,0.000000000000000
-37.793800353999998,174.867889404000010,1.540673613550000,1.775900125500000,1.913397431370000,-1.939319968220000,0.000000000000000
-37.794204711900001,174.868133545000006,1.540242671970000,1.775450348850000,1.912867784500000,-1.939062833790000,0.000000000000000
-37.794895172099999,174.867996215999995,1.538699388500000,1.773746490480000,1.910961985590000,-1.938083529470000,0.000000000000000
-37.794525146500000,174.867950438999998,1.539719939230000,1.774767637250000,1.912222743030000,-1.938505887990000,0.000000000000000
-37.796165466300003,174.867950438999998,1.535840988160000,1.769177913670000,1.907353520390000,-1.932231187820000,0.000000000000000
-37.795925140400001,174.867584228999988,1.538905262950000,1.773258805270000,1.911535739900000,-1.938236951830000,0.000000000000000
-37.791877746600001,174.868041992000002,1.545712471010000,1.781412601470000,1.918757796290000,-1.940947532650000,0.000000000000000
-37.791465759300003,174.868255615000010,1.547319293020000,1.783069729800000,1.920521974560000,-1.941852331160000,0.000000000000000
-37.791114807100001,174.868499756000006,1.548035144810000,1.783945560460000,1.921294212340000,-1.942029833790000,0.000000000000000
-37.790649414100002,174.868499756000006,1.548953890800000,1.785033941270000,1.922345995900000,-1.942427396770000,0.000000000000000
-37.790107727100001,174.868606567000000,1.549377799030000,1.785540103910000,1.922977924350000,-1.942755818370000,0.000000000000000
-37.789646148700001,174.868301392000006,1.549147367480000,1.784947752950000,1.922675490380000,-1.942893147470000,0.000000000000000
-37.789710998499999,174.867813109999986,1.549872994420000,1.786092400550000,1.923416018490000,-1.942434191700000,0.000000000000000
-37.792266845699999,174.867858887000011,1.544562935830000,1.780189156530000,1.917653441430000,-1.940778613090000,0.000000000000000
-37.792640685999999,174.867660521999994,1.543633103370000,1.779040336610000,1.916638851170000,-1.940520524980000,0.000000000000000
-37.793006896999998,174.867462157999995,1.542515397070000,1.777704596520000,1.915344715120000,-1.940043568610000,0.000000000000000
-37.793369293200001,174.867263793999996,1.541999340060000,1.777056574820000,1.915075540540000,-1.940306663510000,0.000000000000000
-37.793758392299999,174.867477417000003,1.541305899620000,1.776343703270000,1.914388179780000,-1.940119028090000,0.000000000000000
-37.795680999799998,174.867248534999987,1.539057254790000,1.773654937740000,1.911583900450000,-1.938171386720000,0.000000000000000
-37.795501709000000,174.867614745999987,1.538940787320000,1.773337364200000,1.911592245100000,-1.938202500340000,0.000000000000000
-37.795085907000001,174.867630004999995,1.538758397100000,1.773589730260000,1.911338686940000,-1.938456535340000,0.000000000000000
-37.794208526600002,174.867645264000004,1.540471911430000,1.775476574900000,1.913281679150000,-1.939349055290000,0.000000000000000
-37.794670105000002,174.867630004999995,1.539214253430000,1.774154663090000,1.911727786060000,-1.938376307490000,0.000000000000000
-37.796348571800003,174.867568970000008,1.538522362710000,1.772885084150000,1.911068916320000,-1.938184738160000,0.000000000000000
-37.796089172400002,174.867218017999988,1.540716052060000,1.775012016300000,1.913764595990000,-1.939403772350000,0.000000000000000
-37.791889190699997,174.867614745999987,1.545548677440000,1.781165719030000,1.918823838230000,-1.941301345830000,0.000000000000000
-37.791477203399999,174.867767334000007,1.546568512920000,1.782284379010000,1.919855594640000,-1.941650509830000,0.000000000000000
-37.790939331099999,174.867965698000006,1.547493815420000,1.783380031590000,1.920677423480000,-1.941539883610000,0.000000000000000
-37.790218353299998,174.867996215999995,1.549546241760000,1.785826563840000,1.923027157780000,-1.942437291150000,0.000000000000000
-37.789924621600001,174.867385863999999,1.549007654190000,1.785149574280000,1.922439455990000,-1.942264318470000,0.000000000000000
-37.792259216300003,174.867431640999996,1.544904470440000,1.780370593070000,1.918393015860000,-1.941584944730000,0.000000000000000
-37.792621612500000,174.867248534999987,1.543693661690000,1.778994798660000,1.916819334030000,-1.940610408780000,0.000000000000000
-37.792984008799998,174.867050170999988,1.542892098430000,1.778098106380000,1.916216135030000,-1.940738201140000,0.000000000000000
-37.793350219700002,174.866851806999989,1.541781544690000,1.776854634280000,1.914921402930000,-1.940005064010000,0.000000000000000
-37.793720245400003,174.867065429999997,1.541491389270000,1.776410698890000,1.914534807210000,-1.939869403840000,0.000000000000000
-37.794044494600001,174.867263793999996,1.541028976440000,1.775827884670000,1.913919210430000,-1.939594030380000,0.000000000000000
-37.795833587600001,174.866897582999997,1.539854168890000,1.774031400680000,1.912444949150000,-1.938655138020000,0.000000000000000
-37.795505523700001,174.866958618000012,1.539862036710000,1.774232268330000,1.912582755090000,-1.938689351080000,0.000000000000000
-37.795242309599999,174.867218017999988,1.539632439610000,1.774240732190000,1.912528514860000,-1.938815355300000,0.000000000000000
-37.794860839800002,174.867340087999992,1.539377927780000,1.774037003520000,1.912032127380000,-1.938633203510000,0.000000000000000
-37.794456481899999,174.867218017999988,1.540016174320000,1.774799942970000,1.912775039670000,-1.939029455180000,0.000000000000000
-37.796802520800000,174.867523193000011,1.534198164940000,1.765631079670000,1.903588294980000,-1.922173619270000,0.000000000000000
-37.796512603799997,174.867156982000012,1.539376139640000,1.773555278780000,1.912007689480000,-1.938201427460000,0.000000000000000
-37.796230316200003,174.866821289000001,1.539209127430000,1.773761510850000,1.911837577820000,-1.938778519630000,0.000000000000000
-37.791889190699997,174.867187500000000,1.545743107800000,1.781304955480000,1.919234752660000,-1.941460013390000,0.000000000000000
-37.791568756099998,174.867370604999991,1.546593546870000,1.782045483590000,1.920239329340000,-1.942432999610000,0.000000000000000
-37.791130065899999,174.867370604999991,1.546967029570000,1.782863736150000,1.920446157460000,-1.941741943360000,0.000000000000000
-37.790531158400000,174.867416381999988,1.547766923900000,1.783810377120000,1.921256899830000,-1.941874265670000,0.000000000000000
-37.790184021000002,174.866973876999992,1.547751545910000,1.783812761310000,1.921063661580000,-1.941508769990000,0.000000000000000
-37.792247772200000,174.867019653000000,1.545014142990000,1.780306816100000,1.918356299400000,-1.941242575650000,0.000000000000000
-37.790378570599998,174.866516112999989,1.547519207000000,1.782997846600000,1.921374797820000,-1.943051338200000,0.000000000000000
-37.792594909700000,174.866821289000001,1.544142246250000,1.779370307920000,1.917553782460000,-1.941056609150000,0.000000000000000
-37.792961120599998,174.866622925000001,1.542917132380000,1.778087258340000,1.916231393810000,-1.940332889560000,0.000000000000000
-37.793338775599999,174.866424561000002,1.543963551520000,1.778679370880000,1.917716145520000,-1.941747546200000,0.000000000000000
-37.793720245400003,174.866668701000009,1.542890310290000,1.777468323710000,1.916324973110000,-1.941026568410000,0.000000000000000
-37.794086456300001,174.866897582999997,1.540408730510000,1.775249242780000,1.913164138790000,-1.938961863520000,0.000000000000000
-37.795932769799997,174.866531371999997,1.537993192670000,1.772293448450000,1.910256266590000,-1.937455654140000,0.000000000000000
-37.795555114700001,174.866638184000010,1.538226962090000,1.772710323330000,1.910525798800000,-1.937748551370000,0.000000000000000
-37.795207977300002,174.866790771000012,1.539224624630000,1.773771405220000,1.911871790890000,-1.938204169270000,0.000000000000000
-37.794849395800000,174.866973876999992,1.539960980420000,1.774626255040000,1.912880778310000,-1.938928127290000,0.000000000000000
-37.794471740699997,174.866744995000005,1.540542125700000,1.775054931640000,1.913536310200000,-1.939508557320000,0.000000000000000
-37.796909332299997,174.867111206000004,1.533526539800000,1.765269517900000,1.903144001960000,-1.923160314560000,0.000000000000000
-37.796699523900003,174.866714478000006,1.538020253180000,1.772396922110000,1.910511851310000,-1.938433170320000,0.000000000000000
-37.796325683600003,174.866424561000002,1.537534356120000,1.771758913990000,1.909860849380000,-1.937723517420000,0.000000000000000
-37.791908264200003,174.866836548000009,1.545792579650000,1.781111001970000,1.919237017630000,-1.941611289980000,0.000000000000000
-37.791461944600002,174.866897582999997,1.546514630320000,1.781996488570000,1.920155406000000,-1.942048788070000,0.000000000000000
-37.790790557900003,174.866790771000012,1.547255039220000,1.782920122150000,1.921070814130000,-1.942652463910000,0.000000000000000
-37.792198181200000,174.866622925000001,1.544642448430000,1.779972553250000,1.917953014370000,-1.940781593320000,0.000000000000000
-37.790645599400001,174.866088867000002,1.547223091130000,1.783013820650000,1.920675873760000,-1.941542744640000,0.000000000000000
-37.792560577400003,174.866409301999994,1.544556856160000,1.779553771020000,1.917940855030000,-1.941164135930000,0.000000000000000
-37.792942047099999,174.866195678999986,1.544039607050000,1.778833031650000,1.917345166210000,-1.940863490100000,0.000000000000000
-37.793331146200003,174.866012573000006,1.544188499450000,1.778952002530000,1.917842745780000,-1.941101789470000,0.000000000000000
-37.793720245400003,174.866241454999994,1.542447447780000,1.777067422870000,1.915411949160000,-1.939552664760000,0.000000000000000
-37.794101715099998,174.866485595999990,1.540933847430000,1.775592446330000,1.913933396340000,-1.939571499820000,0.000000000000000
-37.796024322500003,174.866134643999999,1.536383509640000,1.770302176480000,1.908493161200000,-1.936956167220000,0.000000000000000
-37.795623779300001,174.866256714000002,1.536871552470000,1.771056413650000,1.909233808520000,-1.937503933910000,0.000000000000000
-37.795234680199997,174.866394043000014,1.536808490750000,1.771310329440000,1.908944487570000,-1.937016963960000,0.000000000000000
-37.794857025100001,174.866546631000006,1.539179921150000,1.773632287980000,1.911624312400000,-1.938088297840000,0.000000000000000
-37.794490814200003,174.866302490000010,1.541009902950000,1.775220632550000,1.914146304130000,-1.939691901210000,0.000000000000000
-37.796649932900003,174.866302490000010,1.537888169290000,1.771711230280000,1.910544633870000,-1.937590003010000,0.000000000000000
-37.797012329099999,174.866348267000006,1.540237665180000,1.773736357690000,1.913300633430000,-1.939504623410000,0.000000000000000
-37.796413421600001,174.866043090999995,1.536351561550000,1.770150423050000,1.908446073530000,-1.937710285190000,0.000000000000000
-37.796131133999999,174.865753173999991,1.537246465680000,1.770676374440000,1.909851312640000,-1.937527537350000,0.000000000000000
-37.791751861599998,174.866439818999993,1.545745372770000,1.781208157540000,1.919219970700000,-1.941195368770000,0.000000000000000
-37.791194915799998,174.866287231000001,1.546560168270000,1.781963944440000,1.920217394830000,-1.942075490950000,0.000000000000000
-37.792129516599999,174.866165160999998,1.545795917510000,1.780751347540000,1.919335961340000,-1.941843390460000,0.000000000000000
-37.790912628199997,174.865676879999995,1.546570539470000,1.781695485120000,1.920230150220000,-1.942230105400000,0.000000000000000
-37.792530059800001,174.865966796999999,1.545362472530000,1.780142664910000,1.918777823450000,-1.941341876980000,0.000000000000000
-37.792926788300001,174.865768433000000,1.544673919680000,1.779419779780000,1.918056726460000,-1.940874457360000,0.000000000000000
-37.793331146200003,174.865570068000011,1.543744683270000,1.778352856640000,1.916959047320000,-1.940320849420000,0.000000000000000
-37.793724060099997,174.865814209000007,1.541476249690000,1.776166677470000,1.914163470270000,-1.938714385030000,0.000000000000000
-37.794109344500001,174.866058350000003,1.540866732600000,1.775273203850000,1.913690447810000,-1.939342021940000,0.000000000000000
-37.795711517299999,174.865844726999995,1.537655472760000,1.771319746970000,1.910408854480000,-1.938164114950000,0.000000000000000
-37.795291900599999,174.865966796999999,1.537583231930000,1.771330475810000,1.910356283190000,-1.938258051870000,0.000000000000000
-37.794883728000002,174.866119384999990,1.536313414570000,1.770908951760000,1.908313393590000,-1.936871767040000,0.000000000000000
-37.794509887700002,174.865875243999994,1.538641214370000,1.773042678830000,1.911257267000000,-1.937946915630000,0.000000000000000
-37.797447204599997,174.866333007999998,1.541893601420000,1.775578379630000,1.915384173390000,-1.940113782880000,0.000000000000000
-37.796798706099999,174.865997313999998,1.538858294490000,1.772499561310000,1.911625981330000,-1.938822746280000,0.000000000000000
-37.797210693399997,174.865982056000007,1.540564775470000,1.774228334430000,1.913653492930000,-1.939793825150000,0.000000000000000
-37.796546935999999,174.865676879999995,1.538866162300000,1.771670818330000,1.911561608310000,-1.937619686130000,0.000000000000000
-37.796268463099999,174.865341187000013,1.539400935170000,1.772558212280000,1.912273764610000,-1.938728570940000,0.000000000000000
-37.795825958300000,174.865417479999991,1.540088295940000,1.773340106010000,1.913125991820000,-1.939090609550000,0.000000000000000
-37.791603088400002,174.865844726999995,1.546334743500000,1.781399726870000,1.919974207880000,-1.941938638690000,0.000000000000000
-37.792137146000002,174.865768433000000,1.545291066170000,1.780432105060000,1.918720602990000,-1.940923333170000,0.000000000000000
-37.791183471700002,174.865249634000008,1.545935273170000,1.781044483180000,1.919428944590000,-1.941449046130000,0.000000000000000
-37.792491912800003,174.865539551000012,1.544685244560000,1.779626607890000,1.917998790740000,-1.940622210500000,0.000000000000000
-37.792926788300001,174.865325928000004,1.544497966770000,1.779178738590000,1.917787909510000,-1.940538883210000,0.000000000000000
-37.793342590300000,174.865142821999996,1.542458653450000,1.777018308640000,1.915277123450000,-1.939239025120000,0.000000000000000
-37.793731689500000,174.865386962999992,1.540377259250000,1.775070428850000,1.913067460060000,-1.938323974610000,0.000000000000000
-37.794120788599997,174.865615845000008,1.540734052660000,1.774996161460000,1.913863539700000,-1.939825892450000,0.000000000000000
-37.795368194600002,174.865524292000003,1.541241168980000,1.774502396580000,1.914721488950000,-1.940139055250000,0.000000000000000
-37.794921875000000,174.865676879999995,1.539995908740000,1.773801207540000,1.913643836980000,-1.940557718280000,0.000000000000000
-37.794521331799999,174.865432738999999,1.540431380270000,1.774483919140000,1.913741111760000,-1.939684629440000,0.000000000000000
-37.797634124799998,174.865951537999990,1.538499236110000,1.771251440050000,1.910667300220000,-1.932433128360000,0.000000000000000
-37.796966552699999,174.865631103999988,1.539862871170000,1.773204445840000,1.912740588190000,-1.938796281810000,0.000000000000000
-37.797393798800002,174.865600585999999,1.540105819700000,1.773520350460000,1.913054227830000,-1.939601659770000,0.000000000000000
-37.796707153299998,174.865280151000007,1.539421796800000,1.772856354710000,1.912271261220000,-1.939159154890000,0.000000000000000
-37.796432495099999,174.864944457999997,1.541347980500000,1.774539709090000,1.914697647090000,-1.939494848250000,0.000000000000000
-37.795974731400001,174.865005493000012,1.540067434310000,1.773640632630000,1.913035988810000,-1.939307212830000,0.000000000000000
-37.795497894299999,174.865081787000008,1.540496110920000,1.774282932280000,1.913420677190000,-1.938806772230000,0.000000000000000
-37.791923522899999,174.865295409999987,1.545586705210000,1.780617713930000,1.918985486030000,-1.940919995310000,0.000000000000000
-37.791454315199999,174.864837646000012,1.545750498770000,1.780776858330000,1.919234395030000,-1.941133499150000,0.000000000000000
-37.792503356899999,174.865066528000000,1.545547008510000,1.780202388760000,1.919266462330000,-1.941795229910000,0.000000000000000
-37.792968750000000,174.864898681999989,1.543860077860000,1.778570652010000,1.917012691500000,-1.939922571180000,0.000000000000000
-37.793361663799999,174.864746093999997,1.542746067050000,1.777166128160000,1.916170358660000,-1.940539121630000,0.000000000000000
-37.793739318800000,174.864959717000005,1.541286706920000,1.775735378270000,1.914633393290000,-1.939956784250000,0.000000000000000
-37.794132232700001,174.865188598999993,1.540951967240000,1.775135040280000,1.914385914800000,-1.940228462220000,0.000000000000000
-37.794956207299997,174.865158081000004,1.541849136350000,1.775403380390000,1.915209770200000,-1.940191030500000,0.000000000000000
-37.794498443599998,174.865036011000001,1.542222499850000,1.775864958760000,1.915620803830000,-1.940539121630000,0.000000000000000
-37.795192718499997,174.864700317000000,1.540960907940000,1.774680614470000,1.913962483410000,-1.939334392550000,0.000000000000000
-37.797824859599999,174.865570068000011,1.535598158840000,1.767178177830000,1.906500577930000,-1.923831343650000,0.000000000000000
-37.797145843499997,174.865249634000008,1.538949608800000,1.772343516350000,1.911581635480000,-1.938684582710000,0.000000000000000
-37.797584533699997,174.865219115999992,1.538951873780000,1.772432565690000,1.911707997320000,-1.939733862880000,0.000000000000000
-37.796886444099997,174.864883423000009,1.540336489680000,1.773503541950000,1.913431406020000,-1.939324021340000,0.000000000000000
-37.796607971199997,174.864532470999990,1.540610909460000,1.774177670480000,1.913721680640000,-1.939769148830000,0.000000000000000
-37.796142578100003,174.864578246999997,1.541072130200000,1.774445891380000,1.914355754850000,-1.939931511880000,0.000000000000000
-37.795673370400003,174.864639282000013,1.541821122170000,1.775240063670000,1.915202021600000,-1.940069437030000,0.000000000000000
-37.792091369600001,174.864730834999989,1.545321345330000,1.780082225800000,1.918677330020000,-1.940889716150000,0.000000000000000
-37.791721344000003,174.864410399999997,1.545321702960000,1.779969096180000,1.918880820270000,-1.941361546520000,0.000000000000000
-37.792621612500000,174.864608765000014,1.544588327410000,1.779232144360000,1.917893648150000,-1.940423965450000,0.000000000000000
-37.793045043900001,174.864517212000010,1.544144868850000,1.778791427610000,1.917539715770000,-1.940372467040000,0.000000000000000
-37.793369293200001,174.864425659000005,1.543078184130000,1.777406096460000,1.916495680810000,-1.940490603450000,0.000000000000000
-37.793701171899997,174.864547729000009,1.543059825900000,1.777094483380000,1.916651368140000,-1.941055059430000,0.000000000000000
-37.794174194299998,174.864715576000009,1.543082714080000,1.776829123500000,1.916856884960000,-1.941568732260000,0.000000000000000
-37.794700622599997,174.864700317000000,1.541639804840000,1.775443077090000,1.914755702020000,-1.939540266990000,0.000000000000000
-37.794925689700001,174.864303589000002,1.541824936870000,1.775431275370000,1.915036797520000,-1.939885377880000,0.000000000000000
-37.795391082800002,174.864273071000014,1.542017221450000,1.775528550150000,1.915520787240000,-1.940390706060000,0.000000000000000
-37.798023223900003,174.865188598999993,1.533193707470000,1.764014959340000,1.903144717220000,-1.919992923740000,0.000000000000000
-37.797340393100001,174.864852904999992,1.538275480270000,1.771364808080000,1.910791873930000,-1.938229441640000,0.000000000000000
-37.797782897899999,174.864822387999993,1.538188934330000,1.771158576010000,1.910535573960000,-1.937798023220000,0.000000000000000
-37.797077178999999,174.864486693999993,1.538659572600000,1.772062778470000,1.911330938340000,-1.939281225200000,0.000000000000000
-37.796794891399998,174.864105225000003,1.540532946590000,1.773815393450000,1.913724303250000,-1.939762949940000,0.000000000000000
-37.796318054200000,174.864166259999990,1.540549755100000,1.773981451990000,1.913701415060000,-1.939731001850000,0.000000000000000
-37.795852661100000,174.864227295000006,1.540072083470000,1.773684024810000,1.912874817850000,-1.938896179200000,0.000000000000000
-37.791992187500000,174.863983154000010,1.545053601260000,1.780339598660000,1.918083310130000,-1.939428687100000,0.000000000000000
-37.791526794399999,174.863052368000012,1.545571684840000,1.780439019200000,1.918844223020000,-1.941071987150000,0.000000000000000
-37.792327880899997,174.864181518999999,1.544871330260000,1.779947876930000,1.918092250820000,-1.939844250680000,0.000000000000000
-37.792797088599997,174.864242553999986,1.544346690180000,1.778761029240000,1.917774558070000,-1.940925240520000,0.000000000000000
-37.793159484900002,174.864151001000010,1.543607592580000,1.777955293660000,1.916954755780000,-1.940343022350000,0.000000000000000
-37.793567657499999,174.864166259999990,1.543261528020000,1.777444362640000,1.916752696040000,-1.940677881240000,0.000000000000000
-37.793998718300003,174.864242553999986,1.542898178100000,1.776806116100000,1.916282296180000,-1.940425753590000,0.000000000000000
-37.794456481899999,174.864303589000002,1.542175769810000,1.776000499730000,1.915355563160000,-1.939769268040000,0.000000000000000
-37.794689178500001,174.863922118999994,1.541692972180000,1.775358557700000,1.914852499960000,-1.939770460130000,0.000000000000000
-37.795127868700000,174.863922118999994,1.541955947880000,1.775566339490000,1.915417194370000,-1.940071821210000,0.000000000000000
-37.795566558799997,174.863876342999987,1.540894031520000,1.774376988410000,1.913869738580000,-1.939301371570000,0.000000000000000
-37.797554016100001,174.864456176999994,1.537657141690000,1.770639538760000,1.910078167920000,-1.938230156900000,0.000000000000000
-37.797973632800002,174.864486693999993,1.535776495930000,1.768499493600000,1.907529354100000,-1.936241388320000,0.000000000000000
-37.796974182100001,174.863693237000007,1.538993120190000,1.772247195240000,1.911744952200000,-1.939158201220000,0.000000000000000
-37.797290801999999,174.864059448000006,1.539243817330000,1.772438049320000,1.912630915640000,-1.938837051390000,0.000000000000000
-37.797134399400001,174.863296509000008,1.537614941600000,1.770493984220000,1.910076022150000,-1.937845945360000,0.000000000000000
-37.796493530299998,174.863739014000004,1.541467547420000,1.774990797040000,1.915403127670000,-1.940498590470000,0.000000000000000
-37.796020507800002,174.863800048999991,1.541526317600000,1.774780392650000,1.915002226830000,-1.940523505210000,0.000000000000000
-37.796684265099998,174.863327026000007,1.539666295050000,1.773130416870000,1.912538886070000,-1.939264535900000,0.000000000000000
-37.795715332000000,174.863479613999999,1.541051626210000,1.774503827100000,1.914385795590000,-1.939808368680000,0.000000000000000
-37.791999816900002,174.862716675000001,1.543695807460000,1.777410864830000,1.917235374450000,-1.941115856170000,0.000000000000000
-37.792263030999997,174.863571167000003,1.543260216710000,1.777017712590000,1.917086601260000,-1.941856741910000,0.000000000000000
-37.792007446299998,174.863189696999996,1.543839335440000,1.777873516080000,1.917495489120000,-1.941283464430000,0.000000000000000
-37.792819976799997,174.863769531000003,1.544702291490000,1.779368877410000,1.918118000030000,-1.940377116200000,0.000000000000000
-37.793365478500000,174.863800048999991,1.543488860130000,1.777509927750000,1.916911721230000,-1.940847635270000,0.000000000000000
-37.793819427499997,174.863845824999999,1.542991638180000,1.776970386510000,1.916419863700000,-1.940552115440000,0.000000000000000
-37.794254303000002,174.863906859999986,1.542466759680000,1.776260614400000,1.915654063220000,-1.939872384070000,0.000000000000000
-37.794483184800001,174.863571167000003,1.541760444640000,1.775450706480000,1.914865374570000,-1.939445376400000,0.000000000000000
-37.794891357399997,174.863571167000003,1.541713476180000,1.775285243990000,1.915078520770000,-1.939924955370000,0.000000000000000
-37.795303344700002,174.863540648999987,1.541505694390000,1.775062203410000,1.914865851400000,-1.939827442170000,0.000000000000000
-37.797866821299998,174.864013671999999,1.537417292590000,1.770075082780000,1.909831523900000,-1.937495708470000,0.000000000000000
-37.797462463400002,174.863601684999992,1.537467122080000,1.770601511000000,1.909788131710000,-1.938097119330000,0.000000000000000
-37.797508239700001,174.863235473999993,1.536897778510000,1.769630789760000,1.909176230430000,-1.937384963040000,0.000000000000000
-37.797298431400002,174.862945556999989,1.537386298180000,1.770419955250000,1.910480618480000,-1.937808156010000,0.000000000000000
-37.796886444099997,174.862945556999989,1.538661956790000,1.771636009220000,1.911375641820000,-1.938615083690000,0.000000000000000
-37.796169280999997,174.863327026000007,1.541646838190000,1.775032997130000,1.915286302570000,-1.940532922740000,0.000000000000000
-37.796451568599998,174.862945556999989,1.540521740910000,1.773778438570000,1.913773894310000,-1.939655065540000,0.000000000000000
-37.795791626000003,174.863143920999988,1.541206002240000,1.774589776990000,1.914606332780000,-1.939851403240000,0.000000000000000
-37.795448303199997,174.863189696999996,1.541171073910000,1.774630308150000,1.914506912230000,-1.939718842510000,0.000000000000000
-37.792419433600003,174.862365723000011,1.543138146400000,1.777416944500000,1.915957570080000,-1.935027480130000,0.000000000000000
-37.792640685999999,174.863052368000012,1.545224428180000,1.779875278470000,1.918263435360000,-1.939703822140000,0.000000000000000
-37.793178558299999,174.863388062000013,1.543226838110000,1.777476072310000,1.916566371920000,-1.940420866010000,0.000000000000000
-37.793643951400000,174.863433837999992,1.543180823330000,1.777315616610000,1.916495561600000,-1.939941048620000,0.000000000000000
-37.794082641599999,174.863525390999996,1.542400598530000,1.776120543480000,1.915702819820000,-1.940314173700000,0.000000000000000
-37.794319152800000,174.863281250000000,1.541878342630000,1.775550246240000,1.915014147760000,-1.939543962480000,0.000000000000000
-37.794666290300000,174.863250732000012,1.541907310490000,1.775403857230000,1.915344476700000,-1.940301537510000,0.000000000000000
-37.795066833500002,174.863220215000013,1.541319847110000,1.774837493900000,1.914581418040000,-1.939449548720000,0.000000000000000
-37.792724609399997,174.862030029000010,1.545108318330000,1.779817461970000,1.918493151660000,-1.940641522410000,0.000000000000000
-37.797649383500001,174.862991332999997,1.537036776540000,1.769735217090000,1.909562110900000,-1.937501907350000,0.000000000000000
-37.798381805399998,174.863800048999991,1.536714673040000,1.769629359250000,1.909624218940000,-1.936782479290000,0.000000000000000
-37.797988891599999,174.863342284999987,1.536765575410000,1.769770026210000,1.909812569620000,-1.936936855320000,0.000000000000000
-37.797519683799997,174.862640381000006,1.537214398380000,1.770264983180000,1.910287022590000,-1.937615275380000,0.000000000000000
-37.797092437700002,174.862594604000009,1.537292480470000,1.770084857940000,1.909683227540000,-1.937636733060000,0.000000000000000
-37.796665191700001,174.862594604000009,1.538420200350000,1.771480917930000,1.911035776140000,-1.938013553620000,0.000000000000000
-37.796024322500003,174.862884521000012,1.540969610210000,1.774365067480000,1.914350509640000,-1.939733505250000,0.000000000000000
-37.796264648399998,174.862579345999990,1.539973616600000,1.773241877560000,1.913092255590000,-1.939184188840000,0.000000000000000
-37.795589446999998,174.862808228000006,1.541318535800000,1.774630546570000,1.914840102200000,-1.940022349360000,0.000000000000000
-37.795230865500002,174.862945556999989,1.541029214860000,1.774486422540000,1.914297580720000,-1.939428806300000,0.000000000000000
-37.792995452900001,174.862442017000006,1.544672727580000,1.779211163520000,1.918160319330000,-1.940826773640000,0.000000000000000
-37.793430328399999,174.862915039000001,1.543264389040000,1.777242779730000,1.916837334630000,-1.941080331800000,0.000000000000000
-37.793979644799997,174.863128662000008,1.542464733120000,1.776143193240000,1.915760874750000,-1.940232872960000,0.000000000000000
-37.794387817400001,174.862945556999989,1.541923403740000,1.775404572490000,1.915104627610000,-1.939704418180000,0.000000000000000
-37.794849395800000,174.862854004000013,1.541571140290000,1.774960279460000,1.914953351020000,-1.939843177800000,0.000000000000000
-37.793186187700002,174.861984253000003,1.543899774550000,1.778232932090000,1.917317628860000,-1.940358996390000,0.000000000000000
-37.797931671100002,174.862777709999989,1.536451935770000,1.769158124920000,1.908985257150000,-1.936660647390000,0.000000000000000
-37.797805786100000,174.862350464000002,1.536150455470000,1.768731355670000,1.908319115640000,-1.936846733090000,0.000000000000000
-37.798763275100001,174.863357543999996,1.533233642580000,1.765456676480000,1.903902888300000,-1.933634042740000,0.000000000000000
-37.798362731899999,174.862915039000001,1.534699201580000,1.767131090160000,1.906413197520000,-1.935968518260000,0.000000000000000
-37.797332763699998,174.862197876000010,1.536845088010000,1.769922137260000,1.910100221630000,-1.937379598620000,0.000000000000000
-37.797706603999998,174.861938476999995,1.537943124770000,1.770737171170000,1.911281108860000,-1.937908768650000,0.000000000000000
-37.796855926500001,174.862228393999999,1.537281751630000,1.769954681400000,1.909688115120000,-1.937419295310000,0.000000000000000
-37.796440124500002,174.862258910999998,1.538880705830000,1.771862864490000,1.911683559420000,-1.938353896140000,0.000000000000000
-37.795890808099998,174.862518311000002,1.540435910220000,1.773710012440000,1.913672447200000,-1.939234733580000,0.000000000000000
-37.796119689900003,174.862304687999995,1.539517402650000,1.772637724880000,1.912514090540000,-1.938666701320000,0.000000000000000
-37.795520782499999,174.862380981000001,1.540763735770000,1.774051308630000,1.914083480830000,-1.939372897150000,0.000000000000000
-37.795204162600001,174.862609862999989,1.540890097620000,1.774272680280000,1.914155721660000,-1.939292550090000,0.000000000000000
-37.793575286900001,174.862319946000014,1.543056726460000,1.776929378510000,1.916415572170000,-1.940348148350000,0.000000000000000
-37.794010162399999,174.862655640000014,1.542477607730000,1.776053905490000,1.916041016580000,-1.940513372420000,0.000000000000000
-37.794506073000001,174.862533568999993,1.541759252550000,1.775312185290000,1.915163517000000,-1.939708352090000,0.000000000000000
-37.794887542700003,174.862472534000005,1.541090011600000,1.774377703670000,1.914339900020000,-1.939399600030000,0.000000000000000
-37.793655395499997,174.861816406000003,1.542312741280000,1.776044368740000,1.915557146070000,-1.940010190010000,0.000000000000000
-37.798263549799998,174.862457274999997,1.536356687550000,1.768851399420000,1.909290075300000,-1.936540365220000,0.000000000000000
-37.798072814900003,174.862075806000007,1.537081956860000,1.769721627240000,1.910259962080000,-1.937089324000000,0.000000000000000
-37.798866271999998,174.862625121999997,1.532841205600000,1.765137910840000,1.904757261280000,-1.934163093570000,0.000000000000000
-37.798053741499999,174.861709595000008,1.539213538170000,1.771647095680000,1.912590146060000,-1.938196301460000,0.000000000000000
-37.797332763699998,174.861740112000007,1.539422631260000,1.771784782410000,1.912674546240000,-1.938832044600000,0.000000000000000
-37.797012329099999,174.861892699999999,1.537041425700000,1.770084261890000,1.910134792330000,-1.937714695930000,0.000000000000000
-37.797653198200003,174.861541748000008,1.538620114330000,1.771620392800000,1.912063121800000,-1.938360691070000,0.000000000000000
-37.796588897699998,174.861831665000011,1.538152098660000,1.771288037300000,1.911378145220000,-1.938174366950000,0.000000000000000
-37.796161651600002,174.861984253000003,1.538952112200000,1.771969914440000,1.911883831020000,-1.938367247580000,0.000000000000000
-37.795829772899999,174.862152100000003,1.539937257770000,1.773135662080000,1.912987470630000,-1.938733577730000,0.000000000000000
-37.795471191399997,174.861984253000003,1.539944171910000,1.773074984550000,1.913135409360000,-1.939038395880000,0.000000000000000
-37.795150756799998,174.862228393999999,1.540646553040000,1.773856759070000,1.913881301880000,-1.939324855800000,0.000000000000000
-37.794170379599997,174.862106323000006,1.541291713710000,1.774715900420000,1.914366960530000,-1.939016699790000,0.000000000000000
-37.794731140099998,174.862121581999986,1.540507912640000,1.773705601690000,1.913658142090000,-1.939047694210000,0.000000000000000
-37.794120788599997,174.861633301000012,1.540223717690000,1.773599267010000,1.913105845450000,-1.938371300700000,0.000000000000000
-37.798538207999997,174.861968993999994,1.537780523300000,1.770264387130000,1.910853028300000,-1.937487363820000,0.000000000000000
-37.799175262500000,174.862060546999999,1.536194443700000,1.768104076390000,1.908871769910000,-1.935356259350000,0.000000000000000
-37.798393249500002,174.861419678000004,1.537286877630000,1.770077943800000,1.910436987880000,-1.936985731120000,0.000000000000000
-37.797950744600001,174.861282348999993,1.538752913480000,1.771277427670000,1.911845564840000,-1.938027858730000,0.000000000000000
-37.797328948999997,174.861404418999996,1.539520382880000,1.772006273270000,1.912699818610000,-1.938483476640000,0.000000000000000
-37.796955108600002,174.861480712999992,1.538630843160000,1.771531820300000,1.912055373190000,-1.938458561900000,0.000000000000000
-37.797550201400000,174.861145020000009,1.537741303440000,1.770692944530000,1.910919666290000,-1.937317848210000,0.000000000000000
-37.796512603799997,174.861358642999988,1.538727283480000,1.771857261660000,1.912159800530000,-1.938573837280000,0.000000000000000
-37.796173095699999,174.861572265999996,1.538814187050000,1.772176861760000,1.912445187570000,-1.938803195950000,0.000000000000000
-37.795814514200003,174.861770629999995,1.539394140240000,1.772448182110000,1.912478804590000,-1.938750982280000,0.000000000000000
-37.795440673800002,174.861541748000008,1.539320826530000,1.772390961650000,1.912227630620000,-1.938277125360000,0.000000000000000
-37.795074462899997,174.861801146999994,1.540334343910000,1.773510932920000,1.913475036620000,-1.938908934590000,0.000000000000000
-37.794605255100002,174.861618042000003,1.539327502250000,1.772740125660000,1.913146138190000,-1.939344525340000,0.000000000000000
-37.794395446800003,174.861221312999987,1.537024378780000,1.769228458400000,1.911211609840000,-1.940808415410000,0.000000000000000
-37.799503326400000,174.861679076999991,1.536910653110000,1.768862366680000,1.909476995470000,-1.935408115390000,0.000000000000000
-37.798957824699997,174.861450195000003,1.537778615950000,1.770046830180000,1.910799384120000,-1.936867713930000,0.000000000000000
-37.798610687299998,174.861083984000004,1.537836432460000,1.770084619520000,1.910903573040000,-1.936794400220000,0.000000000000000
-37.798236846899997,174.860992431999989,1.537176251410000,1.769740104680000,1.910135626790000,-1.936849355700000,0.000000000000000
-37.797824859599999,174.860870360999996,1.538178563120000,1.770460844040000,1.911049962040000,-1.937321543690000,0.000000000000000
-37.797153472900000,174.861099243000012,1.538861751560000,1.771567344670000,1.912139296530000,-1.938407063480000,0.000000000000000
-37.796760559100001,174.861068726000013,1.537821650510000,1.770920991900000,1.911051034930000,-1.937594771390000,0.000000000000000
-37.797386169399999,174.860717773000005,1.538704276080000,1.771016478540000,1.911639809610000,-1.937836408620000,0.000000000000000
-37.796436309800001,174.861022948999988,1.538655757900000,1.771765589710000,1.912008643150000,-1.938232064250000,0.000000000000000
-37.796157836900001,174.861175537000008,1.538625717160000,1.771867871280000,1.912117242810000,-1.938455581670000,0.000000000000000
-37.795806884800001,174.861343384000008,1.538767218590000,1.771945118900000,1.912040829660000,-1.938651800160000,0.000000000000000
-37.795433044399999,174.861083984000004,1.538959026340000,1.772325754170000,1.912534713750000,-1.938904523850000,0.000000000000000
-37.795040130600000,174.861312865999992,1.538810849190000,1.772215247150000,1.912506818770000,-1.939124584200000,0.000000000000000
-37.794700622599997,174.861114501999992,1.539509892460000,1.772644758220000,1.912668943410000,-1.938189506530000,0.000000000000000
-37.794467926000003,174.860763550000001,1.538467407230000,1.771473526950000,1.911396145820000,-1.937938690190000,0.000000000000000
-37.800094604500003,174.861618042000003,1.535461544990000,1.767269492150000,1.907750129700000,-1.935392260550000,0.000000000000000
-37.800102233899999,174.861022948999988,1.535738348960000,1.767395734790000,1.908193230630000,-1.934351801870000,0.000000000000000
-37.799533844000003,174.861099243000012,1.534349203110000,1.766757726670000,1.906649708750000,-1.934336662290000,0.000000000000000
-37.798957824699997,174.860870360999996,1.537141203880000,1.769411802290000,1.910067439080000,-1.936167240140000,0.000000000000000
-37.798519134499998,174.860702515000014,1.537814736370000,1.770064830780000,1.910921573640000,-1.936933994290000,0.000000000000000
-37.798110961900001,174.860580443999993,1.537937641140000,1.770223975180000,1.911028742790000,-1.937045216560000,0.000000000000000
-37.797721862800003,174.860473632999998,1.537421226500000,1.769853949550000,1.910255670550000,-1.936837196350000,0.000000000000000
-37.797412872300001,174.860351562000005,1.537812709810000,1.770079493520000,1.910626530650000,-1.937056660650000,0.000000000000000
-37.796943664600001,174.860733032000013,1.537300348280000,1.770189404490000,1.910369873050000,-1.937141537670000,0.000000000000000
-37.796558380100002,174.860733032000013,1.538098931310000,1.771096944810000,1.911290764810000,-1.937805533410000,0.000000000000000
-37.797096252400003,174.860382079999994,1.537291049960000,1.769942998890000,1.910396575930000,-1.937314748760000,0.000000000000000
-37.796192169199998,174.860778809000010,1.538552165030000,1.771536827090000,1.911813139920000,-1.938437938690000,0.000000000000000
-37.795822143599999,174.860916137999993,1.538469314580000,1.771564364430000,1.911571741100000,-1.938358783720000,0.000000000000000
-37.795501709000000,174.860702515000014,1.537896990780000,1.770933985710000,1.910894393920000,-1.938035249710000,0.000000000000000
-37.794986724899999,174.860702515000014,1.539507746700000,1.772994756700000,1.913275122640000,-1.939408779140000,0.000000000000000
-37.794361114499999,174.860290526999989,1.539503693580000,1.772498250010000,1.912423610690000,-1.938025712970000,0.000000000000000
-37.794490814200003,174.859802245999987,1.539823055270000,1.772847890850000,1.912787675860000,-1.938151478770000,0.000000000000000
-37.799816131599997,174.860549926999994,1.535870552060000,1.767538189890000,1.908564209940000,-1.934823036190000,0.000000000000000
-37.800376892099997,174.860580443999993,1.535673975940000,1.767735362050000,1.908366203310000,-1.935390710830000,0.000000000000000
-37.799297332800002,174.860504149999997,1.535920858380000,1.767908573150000,1.908498287200000,-1.934963822360000,0.000000000000000
-37.799556732200003,174.860092162999990,1.535160541530000,1.767168164250000,1.907658815380000,-1.934592366220000,0.000000000000000
-37.798816680900003,174.860397339000002,1.536464095120000,1.768595099450000,1.909040689470000,-1.935666203500000,0.000000000000000
-37.798385620099999,174.860290526999989,1.537305235860000,1.769519329070000,1.910197615620000,-1.936244964600000,0.000000000000000
-37.797981262199997,174.860183715999995,1.537251591680000,1.769424080850000,1.910074830060000,-1.936683773990000,0.000000000000000
-37.797607421899997,174.860107421999999,1.536760210990000,1.769094109540000,1.909521222110000,-1.936330676080000,0.000000000000000
-37.797248840300000,174.860061645999991,1.537320971490000,1.769504666330000,1.910097479820000,-1.937090396880000,0.000000000000000
-37.796714782700001,174.860397339000002,1.537170052530000,1.770009994510000,1.910243391990000,-1.937256097790000,0.000000000000000
-37.796314239499999,174.860412598000011,1.537232995030000,1.770291090010000,1.910265564920000,-1.937120556830000,0.000000000000000
-37.796878814700001,174.860046387000011,1.536503553390000,1.769036769870000,1.909536123280000,-1.936925768850000,0.000000000000000
-37.795856475800001,174.860443115000010,1.538533806800000,1.771616339680000,1.911623120310000,-1.938066840170000,0.000000000000000
-37.795398712199997,174.860336303999986,1.538511753080000,1.771581172940000,1.911062002180000,-1.937918663020000,0.000000000000000
-37.794998168900001,174.859954834000007,1.539301037790000,1.772336721420000,1.912051081660000,-1.938049793240000,0.000000000000000
-37.794841766399998,174.859451293999996,1.539549946780000,1.772616505620000,1.912307381630000,-1.937889456750000,0.000000000000000
-37.800636291499998,174.860076904000010,1.532941460610000,1.764829158780000,1.904738307000000,-1.932786822320000,0.000000000000000
-37.800041198700001,174.860015868999994,1.535501837730000,1.767203330990000,1.907952189450000,-1.934116721150000,0.000000000000000
-37.799705505399999,174.859817504999995,1.535187602040000,1.766920566560000,1.907672047620000,-1.934680581090000,0.000000000000000
-37.799102783199999,174.860031128000003,1.536279439930000,1.768145203590000,1.908973097800000,-1.935252904890000,0.000000000000000
-37.799385070800000,174.859649657999995,1.534314870830000,1.766105532650000,1.906424880030000,-1.933600068090000,0.000000000000000
-37.798652648900003,174.859954834000007,1.535221338270000,1.767374157910000,1.907628297810000,-1.934719324110000,0.000000000000000
-37.798229217500001,174.859878540000011,1.536448836330000,1.768406629560000,1.908984422680000,-1.935795545580000,0.000000000000000
-37.797828674300000,174.859802245999987,1.536453604700000,1.768406987190000,1.908966779710000,-1.935927510260000,0.000000000000000
-37.797443389900003,174.859756470000008,1.535555362700000,1.767970681190000,1.908299326900000,-1.935884952550000,0.000000000000000
-37.797061920200001,174.859725951999991,1.535986304280000,1.768424749370000,1.908885478970000,-1.936253666880000,0.000000000000000
-37.796478271500000,174.860046387000011,1.536847352980000,1.769795656200000,1.909730553630000,-1.936669707300000,0.000000000000000
-37.796100616499999,174.860076904000010,1.537033081050000,1.769963741300000,1.910207152370000,-1.937842249870000,0.000000000000000
-37.796669006300000,174.859695434999992,1.535549640660000,1.768104076390000,1.908459663390000,-1.936671853070000,0.000000000000000
-37.795654296899997,174.859863281000003,1.538207530980000,1.771080613140000,1.910839676860000,-1.937589168550000,0.000000000000000
-37.795265197799999,174.859268187999987,1.539133310320000,1.772248983380000,1.912251234050000,-1.938137412070000,0.000000000000000
-37.800907135000003,174.859588623000008,1.533675074580000,1.765131115910000,1.906308174130000,-1.933675885200000,0.000000000000000
-37.800369262700002,174.859558104999991,1.533411502840000,1.765163064000000,1.905570745470000,-1.933629155160000,0.000000000000000
-37.799831390400001,174.859481812000013,1.534561276440000,1.766208410260000,1.906959295270000,-1.934101104740000,0.000000000000000
-37.799472808799997,174.859252929999997,1.533493876460000,1.765122056010000,1.905616641040000,-1.933640122410000,0.000000000000000
-37.798904418900001,174.859603881999988,1.536470890050000,1.768466711040000,1.909740805630000,-1.935979723930000,0.000000000000000
-37.799118042000003,174.859237670999988,1.534458279610000,1.766183376310000,1.906491518020000,-1.933675169940000,0.000000000000000
-37.798473358199999,174.859542847000000,1.534099817280000,1.766279339790000,1.906483411790000,-1.934160470960000,0.000000000000000
-37.798057556200000,174.859481812000013,1.535876631740000,1.767765402790000,1.908416748050000,-1.935512900350000,0.000000000000000
-37.797657012899997,174.859420776000007,1.535381078720000,1.767220616340000,1.907801508900000,-1.935673475270000,0.000000000000000
-37.797264099099998,174.859390259000008,1.535157561300000,1.767408967020000,1.907884597780000,-1.935723662380000,0.000000000000000
-37.796871185299999,174.859375000000000,1.534659981730000,1.766699910160000,1.907365918160000,-1.936029314990000,0.000000000000000
-37.796195983899999,174.859634398999987,1.536183834080000,1.768960952760000,1.909158468250000,-1.936396956440000,0.000000000000000
-37.796516418499998,174.859375000000000,1.535436987880000,1.767834067340000,1.908290505410000,-1.936177372930000,0.000000000000000
-37.795764923100002,174.859313965000013,1.538889288900000,1.772180438040000,1.911386370660000,-1.937711834910000,0.000000000000000
-37.800640106199999,174.859100342000005,1.533960342410000,1.765607237820000,1.906973361970000,-1.933994650840000,0.000000000000000
-37.801174163799999,174.859100342000005,1.533330321310000,1.764866113660000,1.905803561210000,-1.933671712880000,0.000000000000000
-37.800148010299999,174.859069823999988,1.533050656320000,1.764644622800000,1.905073285100000,-1.932794570920000,0.000000000000000
-37.799713134800001,174.858993529999992,1.534519076350000,1.766240596770000,1.907665610310000,-1.934474349020000,0.000000000000000
-37.799320220900000,174.858901978000006,1.532847404480000,1.764350295070000,1.904693722720000,-1.932938694950000,0.000000000000000
-37.798702239999997,174.859191895000009,1.535119533540000,1.766816020010000,1.907816410060000,-1.935062408450000,0.000000000000000
-37.798919677699999,174.858856201000009,1.532864451410000,1.764551997180000,1.904825448990000,-1.933045506480000,0.000000000000000
-37.798286437999998,174.859130859000004,1.534333944320000,1.766163825990000,1.906555414200000,-1.934304475780000,0.000000000000000
-37.797878265400001,174.859085082999997,1.534607410430000,1.766315817830000,1.906852126120000,-1.934941411020000,0.000000000000000
-37.797470092799998,174.859039306999989,1.534359335900000,1.766444206240000,1.906921148300000,-1.935064673420000,0.000000000000000
-37.797069549600003,174.859024048000009,1.534601807590000,1.766287565230000,1.907049775120000,-1.935833334920000,0.000000000000000
-37.796661377000000,174.859024048000009,1.534231901170000,1.766133785250000,1.906839847560000,-1.935647964480000,0.000000000000000
-37.796188354500003,174.859100342000005,1.533770084380000,1.765369296070000,1.906357526780000,-1.936526775360000,0.000000000000000
-37.801330566399997,174.858657837000010,1.533465147020000,1.765427708630000,1.906951785090000,-1.934252381320000,0.000000000000000
-37.800384521500000,174.858673095999990,1.532464861870000,1.763963103290000,1.904885172840000,-1.933244228360000,0.000000000000000
-37.800861358600002,174.858612061000002,1.532728672030000,1.764219999310000,1.905048370360000,-1.933197498320000,0.000000000000000
-37.800521850599999,174.858337401999989,1.532819509510000,1.764449954030000,1.905823946000000,-1.933517813680000,0.000000000000000
-37.799957275399997,174.858642578000001,1.531416893010000,1.763093709950000,1.903173089030000,-1.932049274440000,0.000000000000000
-37.799545288099999,174.858581543000014,1.533434987070000,1.765009284020000,1.906106710430000,-1.933850049970000,0.000000000000000
-37.799144744899998,174.858520507999998,1.533408999440000,1.764837265010000,1.905902981760000,-1.933964729310000,0.000000000000000
-37.798511505100002,174.858795165999993,1.534245967860000,1.765841603280000,1.906633734700000,-1.934514760970000,0.000000000000000
-37.798736572300001,174.858444214000002,1.532648444180000,1.764099001880000,1.904539823530000,-1.933043360710000,0.000000000000000
-37.798099517799997,174.858734131000006,1.533303737640000,1.765083312990000,1.905507564540000,-1.933925390240000,0.000000000000000
-37.797687530499999,174.858688354000009,1.533840894700000,1.765619516370000,1.906163573270000,-1.934718847270000,0.000000000000000
-37.797279357900003,174.858642578000001,1.533050417900000,1.764933466910000,1.905412554740000,-1.934522151950000,0.000000000000000
-37.796871185299999,174.858642578000001,1.533333420750000,1.765082955360000,1.905773520470000,-1.935061097150000,0.000000000000000
-37.796447753899997,174.858673095999990,1.531995773320000,1.763267517090000,1.904692530630000,-1.935299158100000,0.000000000000000
-37.801643371600001,174.858337401999989,1.534439921380000,1.765979051590000,1.907831668850000,-1.934960722920000,0.000000000000000
-37.801185607900003,174.858230590999995,1.533571124080000,1.765265822410000,1.907016873360000,-1.934363126750000,0.000000000000000
-37.801906585700003,174.857971190999990,1.529264688490000,1.758359670640000,1.899750232700000,-1.919204950330000,0.000000000000000
-37.802375793499998,174.857788085999999,1.524787306790000,1.751111626630000,1.892996191980000,-1.902641534810000,0.000000000000000
-37.800174713099999,174.858306884999990,1.532617926600000,1.764221072200000,1.905676245690000,-1.933699488640000,0.000000000000000
-37.800407409700000,174.858001709000007,1.533666133880000,1.765407800670000,1.907035470010000,-1.934195160870000,0.000000000000000
-37.800785064700001,174.858123779000010,1.533475756650000,1.765212297440000,1.906861424450000,-1.934283494950000,0.000000000000000
-37.801040649400001,174.857879639000004,1.532700181010000,1.764606714250000,1.906102061270000,-1.933664560320000,0.000000000000000
-37.799777984599999,174.858245850000003,1.531659483910000,1.763005852700000,1.903481841090000,-1.932164549830000,0.000000000000000
-37.799373626700003,174.858184813999998,1.532923817630000,1.764313817020000,1.905316114430000,-1.933354377750000,0.000000000000000
-37.798965454099999,174.858108520999991,1.532454609870000,1.763879656790000,1.904779791830000,-1.933398962020000,0.000000000000000
-37.798324585000003,174.858383178999986,1.533041715620000,1.764558076860000,1.905243039130000,-1.933900952340000,0.000000000000000
-37.798553466800001,174.858047484999986,1.532136797900000,1.763458967210000,1.904092192650000,-1.933072566990000,0.000000000000000
-37.797908782999997,174.858322143999999,1.533145427700000,1.764636874200000,1.905250787730000,-1.934147953990000,0.000000000000000
-37.797489166299997,174.858261107999994,1.533294439320000,1.764834880830000,1.905483484270000,-1.934528112410000,0.000000000000000
-37.797077178999999,174.858230590999995,1.533118486400000,1.764780640600000,1.905456185340000,-1.934717774390000,0.000000000000000
-37.796688079799999,174.858230590999995,1.533530950550000,1.765236616130000,1.905992627140000,-1.935299634930000,0.000000000000000
-37.801456451400000,174.857833862000007,1.532957434650000,1.764602899550000,1.905963540080000,-1.933902978900000,0.000000000000000
-37.801883697500003,174.857513428000004,1.534775018690000,1.766013741490000,1.908344507220000,-1.935124516490000,0.000000000000000
-37.802310943599998,174.857162476000013,1.535188078880000,1.766651749610000,1.908782482150000,-1.934868693350000,0.000000000000000
-37.800010681200000,174.857925415000011,1.533197641370000,1.764742136000000,1.906469345090000,-1.934249997140000,0.000000000000000
-37.800254821800003,174.857604979999991,1.531962394710000,1.763357520100000,1.904334783550000,-1.932606935500000,0.000000000000000
-37.800693512000002,174.857681273999987,1.531788706780000,1.763167738910000,1.903884291650000,-1.932474374770000,0.000000000000000
-37.801086425800001,174.857528687000013,1.531732201580000,1.763519763950000,1.905055642130000,-1.933485269550000,0.000000000000000
-37.799606323200003,174.857849120999987,1.531197667120000,1.762508034710000,1.903084993360000,-1.932131409650000,0.000000000000000
-37.799198150599999,174.857772826999991,1.531459808350000,1.762803673740000,1.903598308560000,-1.932600259780000,0.000000000000000
-37.798786163300001,174.857711792000003,1.531163692470000,1.762484431270000,1.903261780740000,-1.932700514790000,0.000000000000000
-37.798141479500003,174.857971190999990,1.532400131230000,1.763728141780000,1.904393315320000,-1.933487296100000,0.000000000000000
-37.798374176000003,174.857635498000008,1.531421542170000,1.762773036960000,1.903599500660000,-1.933073520660000,0.000000000000000
-37.797718048100002,174.857894896999994,1.531644463540000,1.763465285300000,1.903749465940000,-1.933107614520000,0.000000000000000
-37.797279357900003,174.857818603999988,1.532551169400000,1.764359593390000,1.904816031460000,-1.934178709980000,0.000000000000000
-37.796848297099999,174.857772826999991,1.530949473380000,1.762355446820000,1.903311610220000,-1.933625817300000,0.000000000000000
-37.801803588900000,174.857040404999992,1.534742116930000,1.766074299810000,1.908306360240000,-1.935129880910000,0.000000000000000
-37.801445007300003,174.857315062999987,1.534092187880000,1.765327572820000,1.907561421390000,-1.934820652010000,0.000000000000000
-37.803375244100003,174.855499267999988,1.527723431590000,1.756560564040000,1.898751020430000,-1.916488528250000,0.000000000000000
-37.802955627400003,174.855712890999996,1.533913969990000,1.765232443810000,1.908181071280000,-1.935826659200000,0.000000000000000
-37.802738189700001,174.856002808000000,1.533151149750000,1.764370560650000,1.906527042390000,-1.934478044510000,0.000000000000000
-37.802623748800002,174.856552123999990,1.534637928010000,1.765995621680000,1.908310294150000,-1.935019135480000,0.000000000000000
-37.802093505899997,174.856735229000009,1.534605860710000,1.766067028050000,1.908264160160000,-1.935300350190000,0.000000000000000
-37.799846649199999,174.857528687000013,1.531953334810000,1.763373613360000,1.904813408850000,-1.933387637140000,0.000000000000000
-37.800090789800002,174.857208251999992,1.531022667880000,1.762335538860000,1.903504371640000,-1.932521104810000,0.000000000000000
-37.801067352300002,174.857131957999997,1.533704757690000,1.764711499210000,1.906997084620000,-1.934558987620000,0.000000000000000
-37.800483703600001,174.857284545999988,1.530835151670000,1.762140631680000,1.903312921520000,-1.932481646540000,0.000000000000000
-37.800807952900001,174.857330321999996,1.531247615810000,1.762780547140000,1.904417514800000,-1.933289766310000,0.000000000000000
-37.799438476600002,174.857452392999988,1.531466960910000,1.762594938280000,1.903763890270000,-1.932804465290000,0.000000000000000
-37.799022674600003,174.857376098999993,1.530453681950000,1.761645793910000,1.902624607090000,-1.932430863380000,0.000000000000000
-37.798606872599997,174.857299804999997,1.529926657680000,1.761028766630000,1.901701688770000,-1.931942820550000,0.000000000000000
-37.797958373999997,174.857543945000003,1.531468629840000,1.762859821320000,1.903782606120000,-1.933656811710000,0.000000000000000
-37.798198700000000,174.857223511000001,1.529434323310000,1.760816097260000,1.901184439660000,-1.931519627570000,0.000000000000000
-37.797523498499999,174.857452392999988,1.532199859620000,1.763567090030000,1.904335379600000,-1.933802485470000,0.000000000000000
-37.797019958500002,174.857330321999996,1.534216761590000,1.766957521440000,1.906745910640000,-1.934081673620000,0.000000000000000
-37.801696777300002,174.856597899999997,1.534235954280000,1.765507221220000,1.907590866090000,-1.934456348420000,0.000000000000000
-37.801380157499999,174.856872559000010,1.534486055370000,1.765808463100000,1.907961964610000,-1.934795379640000,0.000000000000000
-37.803634643599999,174.854583740000010,1.533568978310000,1.764288187030000,1.907612204550000,-1.934285998340000,0.000000000000000
-37.803199768100001,174.854904175000001,1.532821893690000,1.763939023020000,1.906812191010000,-1.935167431830000,0.000000000000000
-37.802879333500002,174.855316162000008,1.533063411710000,1.764220118520000,1.906898379330000,-1.934845805170000,0.000000000000000
-37.802589416499998,174.855621337999992,1.533089518550000,1.764315009120000,1.907005190850000,-1.934864044190000,0.000000000000000
-37.802341461200001,174.855987548999991,1.533316254620000,1.764503717420000,1.906676411630000,-1.934446692470000,0.000000000000000
-37.802040100100001,174.856307982999994,1.534204244610000,1.765508294110000,1.907871603970000,-1.934913754460000,0.000000000000000
-37.804054260299999,174.854248046999999,1.524596214290000,1.751687884330000,1.894039273260000,-1.908167958260000,0.000000000000000
-37.799682617199998,174.857131957999997,1.530861616130000,1.762013792990000,1.903153419490000,-1.932348489760000,0.000000000000000
-37.799938201899998,174.856811523000005,1.530646681790000,1.761946678160000,1.903389453890000,-1.932701230050000,0.000000000000000
-37.800987243700000,174.856735229000009,1.534338593480000,1.765512943270000,1.907838106160000,-1.934830665590000,0.000000000000000
-37.800334930399998,174.856903076000009,1.530977964400000,1.762456536290000,1.904040455820000,-1.932923555370000,0.000000000000000
-37.800712585399999,174.856994629000013,1.532649993900000,1.763780832290000,1.905896425250000,-1.934107661250000,0.000000000000000
-37.799266815199999,174.857040404999992,1.530236363410000,1.761294126510000,1.902484536170000,-1.932416200640000,0.000000000000000
-37.798843383799998,174.856964110999996,1.529681682590000,1.760620832440000,1.901772975920000,-1.932175278660000,0.000000000000000
-37.798419952400003,174.856903076000009,1.528472542760000,1.759525656700000,1.900879144670000,-1.932511448860000,0.000000000000000
-37.797794342000003,174.857101440000008,1.530594706540000,1.761638045310000,1.902652859690000,-1.932938337330000,0.000000000000000
-37.798046112100003,174.856857300000001,1.529498457910000,1.760357499120000,1.901428222660000,-1.932357311250000,0.000000000000000
-37.797382354699998,174.856994629000013,1.531678438190000,1.763333916660000,1.903892278670000,-1.933610200880000,0.000000000000000
-37.801589965799998,174.856170654000010,1.533887624740000,1.765136480330000,1.907428860660000,-1.934718132020000,0.000000000000000
-37.801284789999997,174.856460571000014,1.534013867380000,1.765201807020000,1.907164692880000,-1.934423446660000,0.000000000000000
-37.803916931200000,174.853759765999996,1.531176805500000,1.761194467540000,1.903922915460000,-1.929694294930000,0.000000000000000
-37.803573608400001,174.854095459000007,1.533502578740000,1.764383196830000,1.907668471340000,-1.935519099240000,0.000000000000000
-37.803215026899998,174.854385376000010,1.533121109010000,1.763929128650000,1.907003998760000,-1.935295581820000,0.000000000000000
-37.802906036400003,174.854583740000010,1.532956838610000,1.763678073880000,1.906837105750000,-1.935087680820000,0.000000000000000
-37.802715301500001,174.854888915999993,1.532379865650000,1.763472557070000,1.906219601630000,-1.934536814690000,0.000000000000000
-37.802448272699998,174.855209351000013,1.532603502270000,1.763735532760000,1.906434774400000,-1.934644341470000,0.000000000000000
-37.802177429200000,174.855545043999996,1.532597661020000,1.763703107830000,1.906033039090000,-1.934165716170000,0.000000000000000
-37.801895141599999,174.855865478999988,1.533395171170000,1.764536499980000,1.906788825990000,-1.934279084210000,0.000000000000000
-37.799522399899999,174.856719970999990,1.529764175420000,1.760977864270000,1.902219891550000,-1.932097554210000,0.000000000000000
-37.799789428700002,174.856399535999998,1.530201911930000,1.761395692830000,1.903043389320000,-1.932645559310000,0.000000000000000
-37.800876617400000,174.856323242000002,1.533884048460000,1.764983773230000,1.907149314880000,-1.934378385540000,0.000000000000000
-37.800201416000000,174.856506348000011,1.531428813930000,1.762616872790000,1.904405713080000,-1.933222889900000,0.000000000000000
-37.800598144500000,174.856613159000005,1.533087015150000,1.764081597330000,1.906225919720000,-1.934157729150000,0.000000000000000
-37.799095153800003,174.856628418000014,1.529214262960000,1.760486006740000,1.901837348940000,-1.932232499120000,0.000000000000000
-37.798648834200002,174.856536865000010,1.528177976610000,1.759138345720000,1.900556564330000,-1.931949138640000,0.000000000000000
-37.798179626500001,174.856506348000011,1.528387904170000,1.759259343150000,1.900799751280000,-1.932262301450000,0.000000000000000
-37.797645568800000,174.856567382999998,1.527452468870000,1.758080840110000,1.899979472160000,-1.932548284530000,0.000000000000000
-37.801464080800002,174.855743407999995,1.533036231990000,1.764140486720000,1.906361341480000,-1.934094309810000,0.000000000000000
-37.801170349099998,174.856033324999999,1.533369541170000,1.764507412910000,1.906547427180000,-1.934012651440000,0.000000000000000
-37.803764343300003,174.853332520000009,1.530870079990000,1.761428356170000,1.904580712320000,-1.934643030170000,0.000000000000000
-37.803466796899997,174.853652954000012,1.531838655470000,1.762531280520000,1.905474185940000,-1.934271574020000,0.000000000000000
-37.803146362299998,174.853958129999995,1.532854437830000,1.763628959660000,1.906802654270000,-1.935053110120000,0.000000000000000
-37.802837371800003,174.854232787999990,1.532777667050000,1.763440608980000,1.906672716140000,-1.934866905210000,0.000000000000000
-37.802566528299998,174.854507446000014,1.532072067260000,1.762837767600000,1.905854463580000,-1.934887409210000,0.000000000000000
-37.802303314200003,174.854797362999989,1.531218886380000,1.762189388280000,1.904614806180000,-1.933609724040000,0.000000000000000
-37.802032470699999,174.855117798000009,1.531993150710000,1.762956738470000,1.905610203740000,-1.934256076810000,0.000000000000000
-37.801750183099998,174.855422973999993,1.531836271290000,1.762805938720000,1.904851794240000,-1.933408021930000,0.000000000000000
-37.804061889600000,174.853027343999997,1.523982286450000,1.751642704010000,1.895292997360000,-1.912985920910000,0.000000000000000
-37.799369812000002,174.856292725000003,1.528949975970000,1.760126113890000,1.901489138600000,-1.931918144230000,0.000000000000000
-37.799652099600003,174.855987548999991,1.530031561850000,1.761043310170000,1.902878880500000,-1.932764768600000,0.000000000000000
-37.800758361800000,174.855911254999995,1.532907366750000,1.763922929760000,1.906007409100000,-1.933862924580000,0.000000000000000
-37.800067901600002,174.856094359999986,1.530909180640000,1.762060642240000,1.903906106950000,-1.932955503460000,0.000000000000000
-37.800472259499998,174.856216431000007,1.532818555830000,1.763746619220000,1.905835986140000,-1.933901906010000,0.000000000000000
-37.798923492400000,174.856185912999990,1.528305768970000,1.759363651280000,1.900876879690000,-1.931920289990000,0.000000000000000
-37.798416137700002,174.856048584000007,1.527869820590000,1.758667707440000,1.900352478030000,-1.931978702550000,0.000000000000000
-37.797889709499998,174.856124878000003,1.526535034180000,1.757072329520000,1.898372650150000,-1.931057214740000,0.000000000000000
-37.801330566399997,174.855316162000008,1.531550645830000,1.762441515920000,1.904634237290000,-1.933394074440000,0.000000000000000
-37.801044464100002,174.855621337999992,1.531874179840000,1.762880086900000,1.904764413830000,-1.933198094370000,0.000000000000000
-37.803936004599997,174.852630615000010,1.530384659770000,1.761209130290000,1.904914498330000,-1.935318708420000,0.000000000000000
-37.803649902300002,174.852935790999993,1.530470490460000,1.761553764340000,1.905408859250000,-1.935979247090000,0.000000000000000
-37.803352355999998,174.853225707999997,1.530714273450000,1.761327624320000,1.904749035840000,-1.934911012650000,0.000000000000000
-37.803047180199997,174.853530884000008,1.530770182610000,1.761518597600000,1.904360413550000,-1.933839917180000,0.000000000000000
-37.802745819099997,174.853820801000012,1.531810998920000,1.762413382530000,1.905390381810000,-1.934219002720000,0.000000000000000
-37.802452087399999,174.854110717999987,1.532351970670000,1.763015747070000,1.906312823300000,-1.935025334360000,0.000000000000000
-37.802173614499999,174.854400634999990,1.531566023830000,1.762376785280000,1.905187845230000,-1.933973789220000,0.000000000000000
-37.801895141599999,174.854705811000002,1.532141089440000,1.762796640400000,1.905875921250000,-1.934745788570000,0.000000000000000
-37.801616668699999,174.855010985999996,1.530442237850000,1.761211514470000,1.903290510180000,-1.932767629620000,0.000000000000000
-37.804176330600001,174.852355956999986,1.528518557550000,1.758344292640000,1.902291178700000,-1.929123044010000,0.000000000000000
-37.799224853500000,174.855865478999988,1.528755903240000,1.759750843050000,1.901461958890000,-1.932074069980000,0.000000000000000
-37.799522399899999,174.855560303000004,1.529306411740000,1.760084271430000,1.902016282080000,-1.932409644130000,0.000000000000000
-37.800632476799997,174.855499267999988,1.531764149670000,1.762552022930000,1.904664158820000,-1.933294415470000,0.000000000000000
-37.799938201899998,174.855682373000008,1.530315995220000,1.761373996730000,1.903247833250000,-1.932658433910000,0.000000000000000
-37.800346374500002,174.855789184999992,1.531329274180000,1.762385725980000,1.904323816300000,-1.933122158050000,0.000000000000000
-37.798793792700003,174.855728148999987,1.527567267420000,1.758480429650000,1.900130748750000,-1.931781530380000,0.000000000000000
-37.798431396500000,174.855575562000013,1.527773022650000,1.758726954460000,1.899966955180000,-1.931206107140000,0.000000000000000
-37.798065185500000,174.855667113999999,1.527044177060000,1.757270932200000,1.900340676310000,-1.933212518690000,0.000000000000000
-37.801200866700000,174.854904175000001,1.531238317490000,1.762051463130000,1.904689431190000,-1.933840513230000,0.000000000000000
-37.800918579099999,174.855194092000005,1.530449032780000,1.761389493940000,1.903345465660000,-1.932638525960000,0.000000000000000
-37.803825378399999,174.852249145999991,1.529908776280000,1.761132121090000,1.905470609660000,-1.936363935470000,0.000000000000000
-37.803535461400003,174.852539062000005,1.529645681380000,1.760403156280000,1.904037714000000,-1.934921622280000,0.000000000000000
-37.803241729699998,174.852828979000009,1.530246257780000,1.761388421060000,1.905370712280000,-1.935600638390000,0.000000000000000
-37.802940368700000,174.853118896000012,1.530409932140000,1.760986208920000,1.904428243640000,-1.934627175330000,0.000000000000000
-37.802639007600000,174.853408812999987,1.530925393100000,1.761690378190000,1.905146598820000,-1.934762477870000,0.000000000000000
-37.802341461200001,174.853698729999991,1.530830740930000,1.761357665060000,1.904347538950000,-1.933901071550000,0.000000000000000
-37.802051544199998,174.854003906000003,1.530488729480000,1.761266469960000,1.903808116910000,-1.933161735530000,0.000000000000000
-37.801769256599997,174.854293823000006,1.532214760780000,1.762777686120000,1.905919432640000,-1.934604525570000,0.000000000000000
-37.801483154300001,174.854598998999990,1.530681729320000,1.761525392530000,1.904121041300000,-1.933460474010000,0.000000000000000
-37.804134368900002,174.851989745999987,1.529581665990000,1.760643720630000,1.904904603960000,-1.935696005820000,0.000000000000000
-37.799098968499997,174.855422973999993,1.528225183490000,1.759156465530000,1.900789856910000,-1.931583523750000,0.000000000000000
-37.799404144299999,174.855133056999989,1.528709053990000,1.759267687800000,1.901164293290000,-1.931950092320000,0.000000000000000
-37.800506591800001,174.855087279999992,1.530728816990000,1.761443972590000,1.903669118880000,-1.933018088340000,0.000000000000000
-37.799812316900002,174.855255126999992,1.529445052150000,1.760250449180000,1.902173876760000,-1.932215571400000,0.000000000000000
-37.800220489499999,174.855377196999996,1.530594468120000,1.761339664460000,1.903365612030000,-1.932821154590000,0.000000000000000
-37.798667907700001,174.855270386000001,1.527623414990000,1.758169174190000,1.900568008420000,-1.932487130170000,0.000000000000000
-37.798206329300001,174.855194092000005,1.529735684390000,1.760765433310000,1.901799201970000,-1.931566476820000,0.000000000000000
-37.801071167000003,174.854476928999986,1.529886245730000,1.760676980020000,1.902999162670000,-1.932672500610000,0.000000000000000
-37.800788879400002,174.854782104000009,1.530357360840000,1.761194944380000,1.903565883640000,-1.933066129680000,0.000000000000000
-37.804027557399998,174.851577759000008,1.529542446140000,1.760462403300000,1.904684662820000,-1.935441613200000,0.000000000000000
-37.803733825700000,174.851852417000003,1.529643058780000,1.760608196260000,1.904883265500000,-1.935377717020000,0.000000000000000
-37.803432464600000,174.852142334000007,1.529392123220000,1.760455608370000,1.904720067980000,-1.935838103290000,0.000000000000000
-37.803134918200001,174.852432251000010,1.529239654540000,1.759930253030000,1.903532981870000,-1.934399724010000,0.000000000000000
-37.802833557100001,174.852722168000014,1.529645562170000,1.760349035260000,1.903868794440000,-1.934379935260000,0.000000000000000
-37.802532196000001,174.853012084999989,1.530124306680000,1.760684728620000,1.904071450230000,-1.934149980550000,0.000000000000000
-37.802234649699997,174.853302001999992,1.530370593070000,1.760711908340000,1.903909564020000,-1.933897256850000,0.000000000000000
-37.801937103299998,174.853591918999996,1.530663847920000,1.761068344120000,1.904203295710000,-1.934035182000000,0.000000000000000
-37.801647186300002,174.853881835999999,1.530160307880000,1.760830640790000,1.903398394580000,-1.932947874070000,0.000000000000000
-37.801357269299999,174.854187012000011,1.531121134760000,1.761729717250000,1.904634594920000,-1.933898210530000,0.000000000000000
-37.804443359399997,174.851669312000013,1.528728723530000,1.758628845210000,1.902910828590000,-1.930685997010000,0.000000000000000
-37.804275512700002,174.851318359000004,1.529617190360000,1.760578393940000,1.905184149740000,-1.935157060620000,0.000000000000000
-37.798984527599998,174.854980468999997,1.527278184890000,1.757472395900000,1.899381995200000,-1.931111335750000,0.000000000000000
-37.799312591600000,174.854721068999993,1.527309179310000,1.757541298870000,1.899524569510000,-1.931387782100000,0.000000000000000
-37.800376892099997,174.854675293000014,1.529800057410000,1.760342001910000,1.902545332910000,-1.932424664500000,0.000000000000000
-37.799697876000003,174.854843140000014,1.528736948970000,1.759087085720000,1.901143193240000,-1.931882739070000,0.000000000000000
-37.800098419199998,174.854965209999989,1.530010581020000,1.760526299480000,1.902711391450000,-1.932647109030000,0.000000000000000
-37.798484802200001,174.854766845999990,1.523770332340000,1.754196166990000,1.894060969350000,-1.927705645560000,0.000000000000000
-37.803939819299998,174.851196289000001,1.529725551610000,1.760853290560000,1.905450940130000,-1.935739398000000,0.000000000000000
-37.800945282000001,174.854064940999990,1.530399799350000,1.760878801350000,1.903709888460000,-1.933441758160000,0.000000000000000
-37.800659179699998,174.854370117000002,1.529520869260000,1.760282874110000,1.902722239490000,-1.932799458500000,0.000000000000000
-37.803638458300000,174.851455687999987,1.529285669330000,1.760292768480000,1.904632091520000,-1.935310244560000,0.000000000000000
-37.803337097200000,174.851745604999991,1.529271125790000,1.760198235510000,1.904456615450000,-1.935412406920000,0.000000000000000
-37.803031921399999,174.852020264000004,1.529318928720000,1.760309696200000,1.904537200930000,-1.935486912730000,0.000000000000000
-37.802730560299999,174.852310181000007,1.529073834420000,1.759958744050000,1.903756141660000,-1.934632301330000,0.000000000000000
-37.802425384499998,174.852600098000011,1.529365658760000,1.760146856310000,1.903758049010000,-1.934297442440000,0.000000000000000
-37.802124023399998,174.852890015000014,1.529466748240000,1.759887814520000,1.903168559070000,-1.933734297750000,0.000000000000000
-37.801826477100001,174.853179931999989,1.529790759090000,1.760046005250000,1.903139114380000,-1.933389425280000,0.000000000000000
-37.801528930700002,174.853469848999993,1.529402256010000,1.759948611260000,1.902736425400000,-1.932939291000000,0.000000000000000
-37.801235198999997,174.853775023999987,1.530280590060000,1.760815501210000,1.903643488880000,-1.933301568030000,0.000000000000000
-37.804695129400002,174.851196289000001,1.530293345450000,1.761168837550000,1.905475497250000,-1.935039162640000,0.000000000000000
-37.804267883300000,174.850936890000014,1.529855966570000,1.760921359060000,1.905315756800000,-1.935059070590000,0.000000000000000
-37.798942565899999,174.854537964000002,1.525082468990000,1.755321145060000,1.897954821590000,-1.931123495100000,0.000000000000000
-37.799251556400002,174.854370117000002,1.526321649550000,1.756428003310000,1.898682236670000,-1.931265950200000,0.000000000000000
-37.800247192400001,174.854263306000007,1.528705000880000,1.759155154230000,1.901449918750000,-1.932075262070000,0.000000000000000
-37.799583435099997,174.854446410999998,1.527560591700000,1.758075356480000,1.900290966030000,-1.931573867800000,0.000000000000000
-37.799972534200002,174.854553223000011,1.528999686240000,1.759441971780000,1.901788711550000,-1.932489037510000,0.000000000000000
-37.798633575399997,174.854324340999995,1.520116686820000,1.748816847800000,1.893089413640000,-1.931493997570000,0.000000000000000
-37.803871154799999,174.850784301999994,1.529472351070000,1.760458350180000,1.904768705370000,-1.934796690940000,0.000000000000000
-37.803554534900002,174.851058959999989,1.529681444170000,1.760655522350000,1.905258536340000,-1.935589194300000,0.000000000000000
-37.800815582299997,174.853652954000012,1.529227375980000,1.759632110600000,1.902274966240000,-1.932561397550000,0.000000000000000
-37.800525665300000,174.853958129999995,1.529389619830000,1.759837746620000,1.902546644210000,-1.932894468310000,0.000000000000000
-37.803245544399999,174.851333618000012,1.529193282130000,1.760148644450000,1.904589772220000,-1.935536026950000,0.000000000000000
-37.802936553999999,174.851623534999987,1.528313875200000,1.759294509890000,1.903274178500000,-1.934496164320000,0.000000000000000
-37.802631378199997,174.851913451999991,1.528658866880000,1.759512424470000,1.903357505800000,-1.934368371960000,0.000000000000000
-37.802322387700002,174.852203368999994,1.529191970830000,1.759979248050000,1.903708457950000,-1.934184789660000,0.000000000000000
-37.802017211900001,174.852478026999989,1.529426217080000,1.760265946390000,1.904075026510000,-1.934553146360000,0.000000000000000
-37.801715850800001,174.852767943999993,1.529109001160000,1.759277105330000,1.902377605440000,-1.932989001270000,0.000000000000000
-37.801414489700001,174.853057860999996,1.529464364050000,1.760068297390000,1.903438210490000,-1.933838129040000,0.000000000000000
-37.801113128700003,174.853347778000000,1.528213858600000,1.758824944500000,1.901351332660000,-1.932090997700000,0.000000000000000
-37.804634094199997,174.850646973000011,1.530044674870000,1.760982990260000,1.905245780940000,-1.934555888180000,0.000000000000000
-37.804199218800001,174.850494384999990,1.529489874840000,1.760460376740000,1.904716491700000,-1.934866309170000,0.000000000000000
-37.798995971700002,174.854064940999990,1.525640606880000,1.755572319030000,1.897786617280000,-1.930512189870000,0.000000000000000
-37.800102233899999,174.853836059999992,1.527819633480000,1.758301019670000,1.900840759280000,-1.932129979130000,0.000000000000000
-37.799430847200000,174.854080199999999,1.526329398160000,1.756420254710000,1.898997545240000,-1.931634426120000,0.000000000000000
-37.799835205100003,174.854156493999994,1.527815103530000,1.758211374280000,1.900530576710000,-1.931830167770000,0.000000000000000
-37.798595428500001,174.853820801000012,1.524395704270000,1.754280924800000,1.898792505260000,-1.932844161990000,0.000000000000000
-37.803791046100002,174.850357056000007,1.528413772580000,1.759201049800000,1.903537869450000,-1.934300541880000,0.000000000000000
-37.803474426299999,174.850646973000011,1.528043985370000,1.758767724040000,1.902734041210000,-1.933847188950000,0.000000000000000
-37.803157806400002,174.850936890000014,1.528829813000000,1.759707331660000,1.904159069060000,-1.935139536860000,0.000000000000000
-37.800689697300001,174.853225707999997,1.528304576870000,1.758582234380000,1.901375770570000,-1.932406663890000,0.000000000000000
-37.800392150900002,174.853530884000008,1.528348207470000,1.758746027950000,1.901426792140000,-1.932342410090000,0.000000000000000
-37.802845001199998,174.851226806999989,1.528402805330000,1.759224891660000,1.903566122060000,-1.935109734540000,0.000000000000000
-37.802532196000001,174.851501465000013,1.527648568150000,1.758499979970000,1.902392268180000,-1.934170126910000,0.000000000000000
-37.802223205600001,174.851791381999988,1.527876019480000,1.758369565010000,1.901765704150000,-1.933086633680000,0.000000000000000
-37.801914215099998,174.852081298999991,1.528734445570000,1.759398818020000,1.902965664860000,-1.933601617810000,0.000000000000000
-37.801605224600003,174.852371215999995,1.528730511670000,1.759283304210000,1.902670741080000,-1.933365225790000,0.000000000000000
-37.801300048800002,174.852645873999990,1.528956174850000,1.759257674220000,1.902447819710000,-1.932955622670000,0.000000000000000
-37.800994873000000,174.852935790999993,1.528964042660000,1.759450912480000,1.902779102330000,-1.933461666110000,0.000000000000000
-37.804527282700001,174.850173949999999,1.529212117200000,1.759952306750000,1.904127240180000,-1.933879494670000,0.000000000000000
-37.804992675800001,174.850311279000010,1.530732631680000,1.761896371840000,1.906084895130000,-1.934782028200000,0.000000000000000
-37.804111480700001,174.850051879999995,1.527705907820000,1.758363962170000,1.902488350870000,-1.933658361430000,0.000000000000000
-37.798877716100002,174.853622437000013,1.525581598280000,1.755546927450000,1.898831605910000,-1.932365179060000,0.000000000000000
-37.799953460700003,174.853408812999987,1.527529835700000,1.757896900180000,1.900806903840000,-1.932433724400000,0.000000000000000
-37.799243926999999,174.853668212999992,1.525406599040000,1.755550265310000,1.898464202880000,-1.931743860240000,0.000000000000000
-37.799674987800003,174.853744506999988,1.526785969730000,1.756971240040000,1.899466872220000,-1.931526780130000,0.000000000000000
-37.798557281500003,174.853332520000009,1.527258515360000,1.757626056670000,1.900272965430000,-1.931889772420000,0.000000000000000
-37.803703308099998,174.849945068000011,1.526969909670000,1.757664561270000,1.902137041090000,-1.933860898020000,0.000000000000000
-37.803390502900001,174.850234984999986,1.527109861370000,1.757950186730000,1.902528643610000,-1.934784054760000,0.000000000000000
-37.803073883099998,174.850524901999989,1.527032494540000,1.757532596590000,1.901687979700000,-1.933827519420000,0.000000000000000
-37.802757263200000,174.850814818999993,1.526868343350000,1.757614135740000,1.901692628860000,-1.933954834940000,0.000000000000000
-37.800571441700001,174.852813720999990,1.528130650520000,1.758341431620000,1.901457667350000,-1.932673096660000,0.000000000000000
-37.800258636499997,174.853103637999993,1.527651667590000,1.757964253430000,1.900800108910000,-1.932200193410000,0.000000000000000
-37.802440643300002,174.851104735999996,1.527139067650000,1.757916331290000,1.902041316030000,-1.934150576590000,0.000000000000000
-37.802127838099999,174.851379395000009,1.526903867720000,1.757590651510000,1.901349544530000,-1.933399081230000,0.000000000000000
-37.801811218300003,174.851669312000013,1.527402400970000,1.757998347280000,1.901470541950000,-1.932909131050000,0.000000000000000
-37.801502227800000,174.851959228999988,1.528050184250000,1.758649587630000,1.902139544490000,-1.933125734330000,0.000000000000000
-37.801193237299998,174.852249145999991,1.528183221820000,1.758597731590000,1.901869297030000,-1.932810664180000,0.000000000000000
-37.800884246800003,174.852523803999986,1.528215646740000,1.758431911470000,1.901559591290000,-1.932573318480000,0.000000000000000
-37.804424285899998,174.849716187000013,1.527200818060000,1.757818579670000,1.902136325840000,-1.933107137680000,0.000000000000000
-37.804813385000003,174.849838256999988,1.527449965480000,1.757950901990000,1.901787281040000,-1.932815670970000,0.000000000000000
-37.804012298600000,174.849624634000008,1.526529312130000,1.757139563560000,1.901766180990000,-1.933907270430000,0.000000000000000
-37.799804687500000,174.852951050000001,1.526622653010000,1.756891846660000,1.899502396580000,-1.931358218190000,0.000000000000000
-37.798995971700002,174.853240967000005,1.526262998580000,1.756403207780000,1.899682044980000,-1.932276725770000,0.000000000000000
-37.799484252900001,174.853286743000012,1.527122139930000,1.757234454150000,1.900384187700000,-1.932562112810000,0.000000000000000
-37.798580169700003,174.852828979000009,1.526481866840000,1.756791234020000,1.899592757230000,-1.931769728660000,0.000000000000000
-37.803607940699997,174.849548340000013,1.525938153270000,1.756538391110000,1.901128172870000,-1.933592557910000,0.000000000000000
-37.803302764900003,174.849838256999988,1.525934815410000,1.756669521330000,1.901325106620000,-1.934255957600000,0.000000000000000
-37.802989959700000,174.850128173999991,1.525940179820000,1.756411433220000,1.900881767270000,-1.934077620510000,0.000000000000000
-37.802673339800002,174.850402831999986,1.525990843770000,1.756337165830000,1.900677800180000,-1.934164047240000,0.000000000000000
-37.802352905299998,174.850692748999990,1.525143980980000,1.755806565280000,1.899643301960000,-1.932919383050000,0.000000000000000
-37.800460815400001,174.852401732999994,1.527292490010000,1.757391333580000,1.900482892990000,-1.932140707970000,0.000000000000000
-37.800144195599998,174.852676392000006,1.526647567750000,1.756891369820000,1.899764537810000,-1.931840658190000,0.000000000000000
-37.802032470699999,174.850982665999993,1.525926351550000,1.756550073620000,1.900399923320000,-1.933162093160000,0.000000000000000
-37.801712036100000,174.851272582999997,1.526060819630000,1.756464004520000,1.899909853940000,-1.932264924050000,0.000000000000000
-37.801399230999998,174.851562500000000,1.526791334150000,1.757171630860000,1.900512576100000,-1.932276010510000,0.000000000000000
-37.801090240500002,174.851837157999995,1.527207612990000,1.757571816440000,1.900887608530000,-1.932372689250000,0.000000000000000
-37.800777435299999,174.852127074999999,1.527356982230000,1.757797598840000,1.901135087010000,-1.932651400570000,0.000000000000000
-37.804332733199999,174.849273681999989,1.526569843290000,1.756987094880000,1.901730179790000,-1.933102965350000,0.000000000000000
-37.804756164600001,174.849349976000013,1.525280475620000,1.755463719370000,1.900274634360000,-1.932494521140000,0.000000000000000
-37.803905487100003,174.849227904999992,1.526666045190000,1.757215738300000,1.902354121210000,-1.934468388560000,0.000000000000000
-37.799751281699997,174.852554321000014,1.525831580160000,1.756016492840000,1.898897409440000,-1.931489109990000,0.000000000000000
-37.799232482900003,174.852691649999997,1.526004910470000,1.756101369860000,1.898988127710000,-1.931539535520000,0.000000000000000
-37.798633575399997,174.852325438999998,1.525462627410000,1.755664348600000,1.898445010190000,-1.931019425390000,0.000000000000000
-37.803508758500001,174.849166870000005,1.524823665620000,1.755305767060000,1.899982213970000,-1.933255076410000,0.000000000000000
-37.803218841600000,174.849456787000008,1.524815559390000,1.755228400230000,1.899979591370000,-1.933919191360000,0.000000000000000
-37.802913665799998,174.849731445000003,1.524125218390000,1.754348993300000,1.898726582530000,-1.933261156080000,0.000000000000000
-37.802593231199999,174.850006103999988,1.523836970330000,1.754040479660000,1.898265957830000,-1.933155536650000,0.000000000000000
-37.802268981899999,174.850280762000011,1.523335695270000,1.753539681430000,1.897410869600000,-1.932447075840000,0.000000000000000
-37.801944732700001,174.850570678999986,1.523464083670000,1.753668069840000,1.897111892700000,-1.931486487390000,0.000000000000000
-37.800361633300000,174.851989745999987,1.526007652280000,1.756072998050000,1.899185180660000,-1.931647539140000,0.000000000000000
-37.800025939900003,174.852264404000010,1.526144504550000,1.756451606750000,1.899770736690000,-1.932259917260000,0.000000000000000
-37.801616668699999,174.850860595999990,1.524484634400000,1.754955530170000,1.898519158360000,-1.931940317150000,0.000000000000000
-37.801292419399999,174.851150512999993,1.525267839430000,1.755706071850000,1.899173021320000,-1.931978344920000,0.000000000000000
-37.800979614299997,174.851440429999997,1.525972485540000,1.756410837170000,1.899828672410000,-1.932068586350000,0.000000000000000
-37.800682067899999,174.851730347000000,1.526126861570000,1.756419420240000,1.899734854700000,-1.931997418400000,0.000000000000000
-37.804187774699997,174.848922729000009,1.526192188260000,1.756521344180000,1.900995969770000,-1.932499527930000,0.000000000000000
-37.804702758799998,174.848846436000002,1.527078986170000,1.757567048070000,1.902267217640000,-1.933066844940000,0.000000000000000
-37.803775787399999,174.848800659000005,1.525143623350000,1.755517959590000,1.900275826450000,-1.932958841320000,0.000000000000000
-37.803394317600002,174.848876953000001,1.523705601690000,1.754138588910000,1.899034738540000,-1.933307886120000,0.000000000000000
-37.804634094199997,174.848358154000010,1.525638818740000,1.756125807760000,1.900553464890000,-1.932513475420000,0.000000000000000
-37.799541473399998,174.852188109999986,1.525414228440000,1.755366921420000,1.898415327070000,-1.931387186050000,0.000000000000000
-37.799072265600003,174.852142334000007,1.524926662450000,1.755008578300000,1.897848129270000,-1.930828571320000,0.000000000000000
-37.798686981199999,174.851837157999995,1.524370908740000,1.754402041440000,1.897835254670000,-1.931693196300000,0.000000000000000
-37.803142547599997,174.849090576000009,1.523232698440000,1.753582715990000,1.898405790330000,-1.933356046680000,0.000000000000000
-37.802841186499997,174.849349976000013,1.522586584090000,1.752615571020000,1.897225975990000,-1.933256745340000,0.000000000000000
-37.802520752000000,174.849609375000000,1.521541595460000,1.751485824580000,1.895689606670000,-1.932490468030000,0.000000000000000
-37.802192687999998,174.849884032999995,1.521456837650000,1.751490592960000,1.895581483840000,-1.932417750360000,0.000000000000000
-37.801860809300003,174.850158690999990,1.521107792850000,1.751126766200000,1.894730806350000,-1.931249022480000,0.000000000000000
-37.801525116000001,174.850448607999994,1.521988391880000,1.751813173290000,1.895081758500000,-1.930513858800000,0.000000000000000
-37.800323486300002,174.851623534999987,1.524877667430000,1.754958391190000,1.898210525510000,-1.931490302090000,0.000000000000000
-37.799903869600001,174.851776123000008,1.524711012840000,1.754601717000000,1.897700428960000,-1.931063771250000,0.000000000000000
-37.801189422599997,174.850738524999997,1.523208975790000,1.753299832340000,1.896666049960000,-1.931055426600000,0.000000000000000
-37.800861358600002,174.851043701000009,1.524188756940000,1.754070281980000,1.897178769110000,-1.930684566500000,0.000000000000000
-37.800559997599997,174.851348876999992,1.525506854060000,1.755861759190000,1.899567604060000,-1.932420969010000,0.000000000000000
-37.804222106899999,174.848464965999995,1.525489330290000,1.755817413330000,1.900479555130000,-1.932506084440000,0.000000000000000
-37.803775787399999,174.848403931000007,1.524394512180000,1.754701495170000,1.899725198750000,-1.933090329170000,0.000000000000000
-37.803443908699997,174.848556518999999,1.523799657820000,1.754028797150000,1.899159193040000,-1.933387517930000,0.000000000000000
-37.803108215300000,174.848739623999990,1.522726178170000,1.752771019940000,1.897875070570000,-1.933508753780000,0.000000000000000
-37.804531097400002,174.847869873000008,1.523850798610000,1.753900766370000,1.898828625680000,-1.932079792020000,0.000000000000000
-37.804489135700003,174.847366332999997,1.524244308470000,1.754611730580000,1.900302410130000,-1.933125019070000,0.000000000000000
-37.799270629900001,174.851669312000013,1.523631572720000,1.753577589990000,1.896991014480000,-1.931288480760000,0.000000000000000
-37.798740387000002,174.851333618000012,1.522763371470000,1.752593040470000,1.895619392400000,-1.929956912990000,0.000000000000000
-37.802787780800003,174.848968506000006,1.521528601650000,1.751423954960000,1.896382927890000,-1.933419227600000,0.000000000000000
-37.802459716800001,174.849212646000012,1.520686149600000,1.750290513040000,1.895078539850000,-1.933480501170000,0.000000000000000
-37.802127838099999,174.849472045999988,1.519101023670000,1.748779058460000,1.892861723900000,-1.931693792340000,0.000000000000000
-37.801788330100003,174.849746704000012,1.519946217540000,1.749511837960000,1.893642783160000,-1.932053565980000,0.000000000000000
-37.801448821999998,174.850036620999987,1.519871830940000,1.749659538270000,1.893253684040000,-1.930748462680000,0.000000000000000
-37.801101684599999,174.850311279000010,1.521692752840000,1.751606106760000,1.895397543910000,-1.931406974790000,0.000000000000000
-37.800113678000002,174.851318359000004,1.524416446690000,1.754578590390000,1.898388743400000,-1.932194709780000,0.000000000000000
-37.799674987800003,174.851348876999992,1.523233294490000,1.753319740300000,1.896783471110000,-1.931209564210000,0.000000000000000
-37.800746917700003,174.850616454999994,1.522212982180000,1.752126336100000,1.895571112630000,-1.930900216100000,0.000000000000000
-37.800395965600003,174.850936890000014,1.523687005040000,1.753965020180000,1.897512316700000,-1.931297659870000,0.000000000000000
-37.802757263200000,174.848587035999998,1.521200656890000,1.750917553900000,1.896197199820000,-1.933592557910000,0.000000000000000
-37.803936004599997,174.848037720000008,1.524377822880000,1.754545331000000,1.899547696110000,-1.932462811470000,0.000000000000000
-37.803493499799998,174.848175048999991,1.522802710530000,1.752882838250000,1.897873878480000,-1.932342648510000,0.000000000000000
-37.803112030000001,174.848373412999990,1.522041916850000,1.751985430720000,1.897201061250000,-1.933084726330000,0.000000000000000
-37.804042816200003,174.847579956000004,1.523856282230000,1.754011392590000,1.899028658870000,-1.932289361950000,0.000000000000000
-37.804077148399998,174.847183228000006,1.522633552550000,1.752658128740000,1.897784590720000,-1.931930899620000,0.000000000000000
-37.804386138900000,174.846878051999994,1.524122118950000,1.754445433620000,1.899126768110000,-1.931827306750000,0.000000000000000
-37.799263000499998,174.851104735999996,1.522088885310000,1.751794219020000,1.895633101460000,-1.931123375890000,0.000000000000000
-37.798793792700003,174.850845337000010,1.520560503010000,1.749767661090000,1.893805146220000,-1.931363224980000,0.000000000000000
-37.802413940400001,174.848815918000014,1.520138502120000,1.749927520750000,1.895224213600000,-1.934033155440000,0.000000000000000
-37.802070617699997,174.849075317000000,1.518968820570000,1.748459577560000,1.893368124960000,-1.933515429500000,0.000000000000000
-37.801723480200003,174.849334717000005,1.518343567850000,1.747886300090000,1.892305850980000,-1.932265043260000,0.000000000000000
-37.801376342799998,174.849609375000000,1.518230438230000,1.747876644130000,1.891830444340000,-1.931178689000000,0.000000000000000
-37.801025390600003,174.849884032999995,1.519786477090000,1.749412775040000,1.893229603770000,-1.930858492850000,0.000000000000000
-37.800662994400000,174.850173949999999,1.520491600040000,1.750224709510000,1.894070148470000,-1.931224226950000,0.000000000000000
-37.799823760999999,174.850860595999990,1.523193955420000,1.753026843070000,1.896957755090000,-1.931807398800000,0.000000000000000
-37.800266265899999,174.850479126000010,1.521347284320000,1.751036643980000,1.894291639330000,-1.929945230480000,0.000000000000000
-37.802745819099997,174.848190308000000,1.520746707920000,1.750387430190000,1.895843029020000,-1.933270692830000,0.000000000000000
-37.802383422900000,174.848419188999998,1.520080804820000,1.749821424480000,1.895388603210000,-1.933979272840000,0.000000000000000
-37.803562164299997,174.847747803000004,1.521900892260000,1.751839160920000,1.897050738330000,-1.932202219960000,0.000000000000000
-37.803127288799999,174.847946167000003,1.521908402440000,1.751909136770000,1.897426843640000,-1.933328986170000,0.000000000000000
-37.803653717000003,174.847290039000001,1.521270513530000,1.751182913780000,1.896489501000000,-1.931893825530000,0.000000000000000
-37.803821563699998,174.846801757999998,1.520175933840000,1.750185966490000,1.895851969720000,-1.931666851040000,0.000000000000000
-37.804210662800003,174.846405029000010,1.518880009650000,1.748248219490000,1.893090605740000,-1.929900884630000,0.000000000000000
-37.799278259300003,174.850570678999986,1.521901726720000,1.751420021060000,1.895826101300000,-1.931787729260000,0.000000000000000
-37.798793792700003,174.850341796999999,1.519122958180000,1.748199105260000,1.893709897990000,-1.932714104650000,0.000000000000000
-37.802028655999997,174.848663329999994,1.518965840340000,1.748892068860000,1.894435524940000,-1.934462666510000,0.000000000000000
-37.801670074500002,174.848922729000009,1.518189430240000,1.747549414630000,1.892566323280000,-1.933317184450000,0.000000000000000
-37.801315307599999,174.849197387999993,1.518234968190000,1.747497081760000,1.892186760900000,-1.932708024980000,0.000000000000000
-37.800960540799998,174.849472045999988,1.519023776050000,1.748274326320000,1.892534971240000,-1.931622862820000,0.000000000000000
-37.800609588599997,174.849746704000012,1.520644664760000,1.749981164930000,1.894484162330000,-1.932368278500000,0.000000000000000
-37.800220489499999,174.849990845000008,1.521660447120000,1.751107335090000,1.895693778990000,-1.932723641400000,0.000000000000000
-37.799766540500002,174.850265503000003,1.521027088170000,1.750636339190000,1.894508123400000,-1.930908322330000,0.000000000000000
-37.800247192400001,174.849594115999992,1.521142601970000,1.750594854350000,1.895292282100000,-1.932570815090000,0.000000000000000
-37.802726745599998,174.847778320000003,1.520628929140000,1.750363707540000,1.896081328390000,-1.933273792270000,0.000000000000000
-37.802360534700000,174.848007201999991,1.519519448280000,1.749047756200000,1.894592642780000,-1.933126091960000,0.000000000000000
-37.801994323700001,174.848251342999987,1.518782019620000,1.748512744900000,1.894127726550000,-1.933811306950000,0.000000000000000
-37.803119659399997,174.847457886000001,1.520859241490000,1.750720500950000,1.896258234980000,-1.932327866550000,0.000000000000000
-37.803291320800000,174.846954345999990,1.520079731940000,1.749861001970000,1.895351648330000,-1.931612968440000,0.000000000000000
-37.803409576400000,174.846572876000010,1.519654154780000,1.749402523040000,1.895324230190000,-1.932072043420000,0.000000000000000
-37.803707122799999,174.846282959000007,1.518269538880000,1.747823596000000,1.893373608590000,-1.930128932000000,0.000000000000000
-37.803985595699999,174.845443726000013,1.511306285860000,1.739716649060000,1.885020494460000,-1.926303982730000,0.000000000000000
-37.804080963099999,174.845932006999988,1.514774799350000,1.743735790250000,1.889384865760000,-1.928815722470000,0.000000000000000
-37.799236297599997,174.850036620999987,1.522214174270000,1.751821875570000,1.896344423290000,-1.931899189950000,0.000000000000000
-37.798679351799997,174.849853515999996,1.520316481590000,1.750164866450000,1.896267652510000,-1.934305071830000,0.000000000000000
-37.801624298100002,174.848510742000002,1.518226861950000,1.747879385950000,1.893372535710000,-1.934046983720000,0.000000000000000
-37.801258087199997,174.848770142000006,1.518007636070000,1.747392773630000,1.892532229420000,-1.933357477190000,0.000000000000000
-37.800895690899999,174.849044800000001,1.518801569940000,1.748162150380000,1.893031239510000,-1.932749629020000,0.000000000000000
-37.800544738799999,174.849334717000005,1.519623637200000,1.748879671100000,1.893392205240000,-1.932096123700000,0.000000000000000
-37.799758911100000,174.849685668999996,1.520892858510000,1.750450611110000,1.895263910290000,-1.932974815370000,0.000000000000000
-37.800102233899999,174.849243164000001,1.520241260530000,1.749584674840000,1.894093155860000,-1.931914448740000,0.000000000000000
-37.801593780499999,174.848083495999987,1.517564773560000,1.747168898580000,1.892693638800000,-1.933371782300000,0.000000000000000
-37.802669525100001,174.847412109000004,1.519986987110000,1.749689698220000,1.895408153530000,-1.932614564900000,0.000000000000000
-37.802341461200001,174.847610473999993,1.519388914110000,1.749167680740000,1.895070195200000,-1.933505415920000,0.000000000000000
-37.801971435500000,174.847839354999991,1.517715454100000,1.747244954110000,1.892736554150000,-1.932687163350000,0.000000000000000
-37.802806854200000,174.847061157000013,1.519985079770000,1.749654889110000,1.895561099050000,-1.932612299920000,0.000000000000000
-37.801574707000000,174.847656250000000,1.516743421550000,1.746176004410000,1.891765475270000,-1.932749152180000,0.000000000000000
-37.803936004599997,174.844940186000002,1.510500669480000,1.739063501360000,1.885168194770000,-1.926853656770000,0.000000000000000
-37.803588867199998,174.845260620000005,1.514110088350000,1.742983579640000,1.888665080070000,-1.927785873410000,0.000000000000000
-37.803279876700003,174.846237183000000,1.518219590190000,1.747765302660000,1.893549442290000,-1.930785536770000,0.000000000000000
-37.802944183299999,174.846557617000002,1.518698692320000,1.748229384420000,1.893981456760000,-1.931161999700000,0.000000000000000
-37.803443908699997,174.845748901000007,1.516956686970000,1.746252179150000,1.891940116880000,-1.929468631740000,0.000000000000000
-37.799152374300000,174.849502562999987,1.521547794340000,1.751286149020000,1.895806074140000,-1.931686639790000,0.000000000000000
-37.798564910899998,174.849365234000004,1.523062109950000,1.752906560900000,1.897241830830000,-1.931777358060000,0.000000000000000
-37.801208496100003,174.848327637000011,1.517303228380000,1.746670842170000,1.891991376880000,-1.933306097980000,0.000000000000000
-37.800827026400000,174.848617553999986,1.517573833470000,1.746795773510000,1.891676187520000,-1.932391047480000,0.000000000000000
-37.800457000700000,174.848907470999990,1.519377589230000,1.748808026310000,1.893933057790000,-1.933494448660000,0.000000000000000
-37.799598693800000,174.849136353000006,1.520814538000000,1.750411868100000,1.895536422730000,-1.933705806730000,0.000000000000000
-37.799999237100003,174.848785399999997,1.520087957380000,1.749801397320000,1.895226597790000,-1.934256672860000,0.000000000000000
-37.801185607900003,174.847900390999996,1.517018795010000,1.746636509900000,1.892420768740000,-1.933965563770000,0.000000000000000
-37.801189422599997,174.847473145000009,1.516708612440000,1.746115565300000,1.891976237300000,-1.933362603190000,0.000000000000000
-37.802360534700000,174.847198485999996,1.519011616710000,1.748630523680000,1.894531607630000,-1.932605862620000,0.000000000000000
-37.801956176799997,174.847412109000004,1.517381072040000,1.746817588810000,1.892631769180000,-1.932882308960000,0.000000000000000
-37.802440643300002,174.846771240000010,1.518858432770000,1.748445749280000,1.894434213640000,-1.932213187220000,0.000000000000000
-37.801544189500000,174.847244262999993,1.515690922740000,1.745108842850000,1.890811085700000,-1.932321786880000,0.000000000000000
-37.803943633999999,174.844436645999991,1.508613705640000,1.736646175380000,1.882281303410000,-1.924824476240000,0.000000000000000
-37.803604126000003,174.844573975000003,1.513255357740000,1.742490291600000,1.888485074040000,-1.927077770230000,0.000000000000000
-37.803413391100001,174.844894409000005,1.514983892440000,1.744461774830000,1.890599012370000,-1.929315090180000,0.000000000000000
-37.803161621100003,174.845245360999996,1.516378998760000,1.746047139170000,1.892162799840000,-1.930059552190000,0.000000000000000
-37.802898407000001,174.846054076999991,1.518808126450000,1.748881697650000,1.895364284520000,-1.932636499400000,0.000000000000000
-37.802474975599999,174.846313476999995,1.518442988400000,1.748228788380000,1.894418358800000,-1.932133436200000,0.000000000000000
-37.802848815899999,174.845581054999997,1.519764184950000,1.749543666840000,1.896075844760000,-1.932376503940000,0.000000000000000
-37.799060821499999,174.848968506000006,1.521449327470000,1.751218438150000,1.896618843080000,-1.934003353120000,0.000000000000000
-37.798545837399999,174.848876953000001,1.522265553470000,1.752052783970000,1.896614193920000,-1.932526230810000,0.000000000000000
-37.798526763900000,174.848373412999990,1.521729469300000,1.751809358600000,1.897611379620000,-1.935766458510000,0.000000000000000
-37.801166534399997,174.847106934000010,1.515945434570000,1.745274782180000,1.891111254690000,-1.932661414150000,0.000000000000000
-37.800765991200002,174.848144531000003,1.516994237900000,1.746340870860000,1.891754388810000,-1.933487772940000,0.000000000000000
-37.800369262700002,174.848449706999986,1.517622113230000,1.746774673460000,1.891464114190000,-1.931748986240000,0.000000000000000
-37.799526214600000,174.848617553999986,1.521097898480000,1.751242876050000,1.897245407100000,-1.936308026310000,0.000000000000000
-37.799942016599999,174.848358154000010,1.518663883210000,1.748009204860000,1.893070697780000,-1.932690620420000,0.000000000000000
-37.800781250000000,174.847671509000008,1.517787337300000,1.747485995290000,1.893666505810000,-1.934746265410000,0.000000000000000
-37.800876617400000,174.847305298000009,1.516602516170000,1.746034622190000,1.891868948940000,-1.933160066600000,0.000000000000000
-37.801940918000000,174.846923828000001,1.518633365630000,1.748483181000000,1.895050168040000,-1.934156179430000,0.000000000000000
-37.802124023399998,174.846527100000003,1.518508315090000,1.748257994650000,1.894483327870000,-1.932334303860000,0.000000000000000
-37.802055358899999,174.846176146999994,1.518979310990000,1.748883962630000,1.895293474200000,-1.932655096050000,0.000000000000000
-37.801452636699999,174.846847534000005,1.516502141950000,1.746300935750000,1.892689943310000,-1.933734774590000,0.000000000000000
-37.804004669199998,174.843948363999999,1.497956871990000,1.723677039150000,1.866838097570000,-1.913626194000000,0.000000000000000
-37.803691864000001,174.843612670999988,1.504244446750000,1.731114387510000,1.875411391260000,-1.919070005420000,0.000000000000000
-37.803527832000000,174.844116210999999,1.513493657110000,1.742648720740000,1.888373970990000,-1.927520394330000,0.000000000000000
-37.803211212199997,174.844497681000007,1.517171978950000,1.746806621550000,1.893534660340000,-1.931324481960000,0.000000000000000
-37.802963256799998,174.844833373999990,1.516823410990000,1.746579766270000,1.892896533010000,-1.930394530300000,0.000000000000000
-37.802711486800000,174.845169067000000,1.518452167510000,1.748248577120000,1.894476771350000,-1.930942773820000,0.000000000000000
-37.802398681600003,174.845825195000003,1.520348072050000,1.750252485280000,1.896933197980000,-1.933156609540000,0.000000000000000
-37.802474975599999,174.845428467000005,1.519101023670000,1.748968839650000,1.895218610760000,-1.931343436240000,0.000000000000000
-37.801109314000001,174.846817017000006,1.515811562540000,1.745361924170000,1.891445040700000,-1.932896733280000,0.000000000000000
-37.798976898200003,174.848342895999991,1.521906018260000,1.751752495770000,1.897399902340000,-1.935264587400000,0.000000000000000
-37.798507690400001,174.847869873000008,1.521188497540000,1.751449346540000,1.897494673730000,-1.935752272610000,0.000000000000000
-37.800819396999998,174.846984862999989,1.515969395640000,1.745442867280000,1.891347527500000,-1.932931423190000,0.000000000000000
-37.800228118900002,174.847915648999987,1.519040107730000,1.749103069310000,1.895711898800000,-1.937020063400000,0.000000000000000
-37.799579620400003,174.848052978999988,1.520701169970000,1.750653505330000,1.896598219870000,-1.935509443280000,0.000000000000000
-37.800430297900000,174.847290039000001,1.517635822300000,1.747151732440000,1.892998218540000,-1.933380603790000,0.000000000000000
-37.801914215099998,174.845794678000004,1.518907785420000,1.749011993410000,1.895507693290000,-1.932636022570000,0.000000000000000
-37.801700592000003,174.846466063999998,1.518796682360000,1.748781681060000,1.895479917530000,-1.933923006060000,0.000000000000000
-37.801712036100000,174.846084595000008,1.518521428110000,1.748370409010000,1.894764661790000,-1.932494878770000,0.000000000000000
-37.801246643100001,174.846527100000003,1.517394542690000,1.747115731240000,1.893736958500000,-1.933921813960000,0.000000000000000
-37.803825378399999,174.843185425000001,1.503217458720000,1.730769038200000,1.877342939380000,-1.922286272050000,0.000000000000000
-37.804164886499997,174.843475342000005,1.500854730610000,1.727953553200000,1.875663876530000,-1.923380613330000,0.000000000000000
-37.803508758500001,174.842956543000014,1.508637189870000,1.738519549370000,1.887330055240000,-1.937217712400000,0.000000000000000
-37.803394317600002,174.843276978000006,1.504220485690000,1.732714056970000,1.879031538960000,-1.926773071290000,0.000000000000000
-37.803222656199999,174.843673706000004,1.508652687070000,1.736876130100000,1.882101178170000,-1.924578070640000,0.000000000000000
-37.803005218499997,174.844085693000011,1.516218066220000,1.745488643650000,1.891880869870000,-1.929770946500000,0.000000000000000
-37.802761077900001,174.844451904000010,1.517832875250000,1.747437477110000,1.894024491310000,-1.931197881700000,0.000000000000000
-37.802524566700001,174.844787598000011,1.518666982650000,1.748434782030000,1.894995808600000,-1.931761145590000,0.000000000000000
-37.802299499500002,174.845123290999993,1.519446015360000,1.749280452730000,1.895851969720000,-1.932318329810000,0.000000000000000
-37.802112579300001,174.845458984000004,1.519503831860000,1.749378085140000,1.895881652830000,-1.932345271110000,0.000000000000000
-37.800861358600002,174.846618651999989,1.516034603120000,1.745681285860000,1.891992926600000,-1.933484911920000,0.000000000000000
-37.799072265600003,174.847686767999988,1.521225452420000,1.751796483990000,1.898421049120000,-1.938378810880000,0.000000000000000
-37.798519134499998,174.847381592000005,1.523520350460000,1.753741741180000,1.898984551430000,-1.935044765470000,0.000000000000000
-37.800476074199999,174.846786498999990,1.516802430150000,1.746439337730000,1.892612934110000,-1.933688879010000,0.000000000000000
-37.799739837600001,174.847396851000013,1.519899725910000,1.749807715420000,1.895888209340000,-1.934376597400000,0.000000000000000
-37.800079345699999,174.846954345999990,1.517595052720000,1.747296571730000,1.893223643300000,-1.933660268780000,0.000000000000000
-37.801692962600001,174.845458984000004,1.519084572790000,1.749065041540000,1.895661234860000,-1.932607650760000,0.000000000000000
-37.801509857200003,174.845809937000013,1.518433570860000,1.748317003250000,1.894786477090000,-1.932561397550000,0.000000000000000
-37.801372528100003,174.846160889000004,1.518176794050000,1.747996926310000,1.894541740420000,-1.933103322980000,0.000000000000000
-37.800968170200001,174.846237183000000,1.516767144200000,1.746515393260000,1.893036603930000,-1.933330416680000,0.000000000000000
-37.803810119600001,174.842727660999998,1.514994740490000,1.744630455970000,1.894322395320000,-1.942361712460000,0.000000000000000
-37.804370880100002,174.843017578000001,1.501788139340000,1.725042104720000,1.872339606290000,-1.900741338730000,0.000000000000000
-37.803363800000000,174.842620850000003,1.516075372700000,1.746315717700000,1.896534085270000,-1.943482875820000,0.000000000000000
-37.803150176999999,174.842956543000014,1.508239030840000,1.738211870190000,1.886320590970000,-1.933723330500000,0.000000000000000
-37.802963256799998,174.843307495000005,1.510083317760000,1.739315032960000,1.886531949040000,-1.931260347370000,0.000000000000000
-37.802761077900001,174.843688965000013,1.513178586960000,1.742570400240000,1.889088988300000,-1.929761767390000,0.000000000000000
-37.802543640099998,174.844055176000012,1.516453385350000,1.746082544330000,1.892814993860000,-1.931364655490000,0.000000000000000
-37.802314758300000,174.844406128000003,1.517624974250000,1.747161984440000,1.893737554550000,-1.931251406670000,0.000000000000000
-37.802093505899997,174.844757079999994,1.518768191340000,1.748503088950000,1.895095467570000,-1.931808710100000,0.000000000000000
-37.801887512199997,174.845108032000013,1.519410371780000,1.749256968500000,1.895884275440000,-1.932404160500000,0.000000000000000
-37.800552368200002,174.846359253000003,1.516252636910000,1.745905280110000,1.892038822170000,-1.932661771770000,0.000000000000000
-37.799125671399999,174.847091675000001,1.519225835800000,1.749378085140000,1.895545482640000,-1.934307813640000,0.000000000000000
-37.798656463599997,174.846908568999993,1.519458055500000,1.749365687370000,1.895088434220000,-1.933292388920000,0.000000000000000
-37.800113678000002,174.846511840999995,1.516875863080000,1.746620059010000,1.892842292790000,-1.933665871620000,0.000000000000000
-37.799644470200001,174.846755981000001,1.519198894500000,1.748739480970000,1.894221663480000,-1.932605028150000,0.000000000000000
-37.798637390099998,174.846405029000010,1.517490625380000,1.747181415560000,1.892997741700000,-1.931920051570000,0.000000000000000
-37.801460266100001,174.845108032000013,1.518535494800000,1.748456478120000,1.895040631290000,-1.932216882710000,0.000000000000000
-37.801269531199999,174.845474243000012,1.518095612530000,1.748013138770000,1.894584298130000,-1.932472229000000,0.000000000000000
-37.801105499300000,174.845855712999992,1.517449259760000,1.747159242630000,1.893650770190000,-1.932595014570000,0.000000000000000
-37.800674438500003,174.845932006999988,1.516612887380000,1.746198892590000,1.892549276350000,-1.932670950890000,0.000000000000000
-37.803619384800001,174.842285156000003,1.514448642730000,1.745251297950000,1.895022034650000,-1.940799593930000,0.000000000000000
-37.804180145300002,174.842346190999990,1.511453270910000,1.739200711250000,1.887709259990000,-1.921705126760000,0.000000000000000
-37.803367614700001,174.841873168999996,1.519961476330000,1.749526262280000,1.899779081340000,-1.943316936490000,0.000000000000000
-37.803157806400002,174.842239379999995,1.515658974650000,1.745826721190000,1.895220756530000,-1.938819289210000,0.000000000000000
-37.802940368700000,174.842590331999986,1.515270113950000,1.745581984520000,1.895143747330000,-1.940034508710000,0.000000000000000
-37.802730560299999,174.842941284000005,1.510967135430000,1.741231679920000,1.889590978620000,-1.934971690180000,0.000000000000000
-37.802524566700001,174.843307495000005,1.510459065440000,1.739955425260000,1.886919975280000,-1.930227756500000,0.000000000000000
-37.802310943599998,174.843673706000004,1.514354348180000,1.744232773780000,1.891215801240000,-1.931342005730000,0.000000000000000
-37.802093505899997,174.844024657999995,1.516917347910000,1.746564149860000,1.893501400950000,-1.931917071340000,0.000000000000000
-37.801876068100000,174.844390868999994,1.517642617230000,1.747444987300000,1.894168257710000,-1.931831955910000,0.000000000000000
-37.801662445100000,174.844741821000014,1.518486976620000,1.748171925540000,1.894788503650000,-1.931955575940000,0.000000000000000
-37.800212860099997,174.846038818000011,1.516359329220000,1.745882749560000,1.892181992530000,-1.932941198350000,0.000000000000000
-37.799110412600001,174.846435546999999,1.518863320350000,1.748343110080000,1.893617630000000,-1.931449174880000,0.000000000000000
-37.799705505399999,174.846191406000003,1.516960620880000,1.746725440030000,1.892862558360000,-1.933453440670000,0.000000000000000
-37.798721313500003,174.845916748000008,1.519819498060000,1.749441385270000,1.894286394120000,-1.931450128560000,0.000000000000000
-37.801223754900001,174.844741821000014,1.517336368560000,1.747208714490000,1.893707275390000,-1.931392312050000,0.000000000000000
-37.801017761200001,174.845123290999993,1.517448306080000,1.747292160990000,1.893807291980000,-1.931958913800000,0.000000000000000
-37.800830841100002,174.845520020000009,1.516636013980000,1.746208548550000,1.892540931700000,-1.931842088700000,0.000000000000000
-37.800373077400003,174.845581054999997,1.514842391010000,1.744302272800000,1.890262842180000,-1.930986642840000,0.000000000000000
-37.803836822500003,174.841857909999987,1.521819233890000,1.752953052520000,1.903939962390000,-1.949143171310000,0.000000000000000
-37.803539276099997,174.841461181999989,1.522693157200000,1.753085017200000,1.903782010080000,-1.945487380030000,0.000000000000000
-37.803272247300001,174.841186523000005,1.522607684140000,1.752979993820000,1.903588175770000,-1.944749236110000,0.000000000000000
-37.803127288799999,174.841506957999997,1.520936965940000,1.751254558560000,1.901638150220000,-1.943624854090000,0.000000000000000
-37.802932739299997,174.841873168999996,1.518516540530000,1.748358488080000,1.898103356360000,-1.940870285030000,0.000000000000000
-37.802722930900003,174.842224120999987,1.516060709950000,1.746381163600000,1.895400404930000,-1.937223196030000,0.000000000000000
-37.802509307900003,174.842575073000006,1.519280076030000,1.748906970020000,1.898525357250000,-1.940530776980000,0.000000000000000
-37.802295684800001,174.842926024999997,1.514127254490000,1.744725704190000,1.893366456030000,-1.936289548870000,0.000000000000000
-37.802082061800000,174.843292235999996,1.513440608980000,1.743434667590000,1.890957355500000,-1.932670116420000,0.000000000000000
-37.801864623999997,174.843658446999996,1.514633059500000,1.744438529010000,1.891451001170000,-1.931407928470000,0.000000000000000
-37.801647186300002,174.844009398999987,1.516182541850000,1.746088504790000,1.892969965930000,-1.931660175320000,0.000000000000000
-37.801433563200000,174.844375609999986,1.517476797100000,1.747176408770000,1.893880605700000,-1.931599497800000,0.000000000000000
-37.800994873000000,174.844375609999986,1.515396833420000,1.744933843610000,1.891245722770000,-1.930337429050000,0.000000000000000
-37.799865722699998,174.845642090000013,1.515992283820000,1.745406270030000,1.891110658650000,-1.931055665020000,0.000000000000000
-37.799289703399999,174.845779418999996,1.516551375390000,1.746216058730000,1.892119288440000,-1.932691216470000,0.000000000000000
-37.798843383799998,174.845428467000005,1.517044901850000,1.746767282490000,1.892611980440000,-1.932434558870000,0.000000000000000
-37.800762176500001,174.844726562000005,1.516624569890000,1.746221065520000,1.892522335050000,-1.930841922760000,0.000000000000000
-37.800548553500001,174.845138550000001,1.516118407250000,1.745677351950000,1.892119050030000,-1.931570887570000,0.000000000000000
-37.800098419199998,174.845214843999997,1.514490604400000,1.743872404100000,1.890014886860000,-1.931423068050000,0.000000000000000
-37.798969268800001,174.844940186000002,1.514032363890000,1.743269920350000,1.888909935950000,-1.930467844010000,0.000000000000000
-37.804023742699997,174.841384887999993,1.524618983270000,1.756097316740000,1.907011747360000,-1.945873379710000,0.000000000000000
-37.803619384800001,174.840927123999990,1.526189804080000,1.758310794830000,1.909196138380000,-1.947945594790000,0.000000000000000
-37.803333282499999,174.840560912999990,1.526362299920000,1.758277297020000,1.909081578250000,-1.946546316150000,0.000000000000000
-37.803146362299998,174.840866089000002,1.524888873100000,1.756772398950000,1.907699823380000,-1.947304487230000,0.000000000000000
-37.802921295200001,174.841171265000014,1.521988987920000,1.752178072930000,1.902531147000000,-1.943303585050000,0.000000000000000
-37.802719116200002,174.841506957999997,1.520528316500000,1.750706553460000,1.900708317760000,-1.941786646840000,0.000000000000000
-37.802505493200002,174.841857909999987,1.519297480580000,1.749410390850000,1.898912310600000,-1.939837098120000,0.000000000000000
-37.802291870099999,174.842208862000007,1.517921090130000,1.748085141180000,1.897042512890000,-1.937212944030000,0.000000000000000
-37.802074432399998,174.842559813999998,1.517763376240000,1.747964501380000,1.896958231930000,-1.937391519550000,0.000000000000000
-37.801856994600001,174.842910767000006,1.515668869020000,1.746141552930000,1.894561409950000,-1.935392022130000,0.000000000000000
-37.801639556900000,174.843276978000006,1.515682578090000,1.745536088940000,1.893302083020000,-1.933541893960000,0.000000000000000
-37.801418304400002,174.843627929999997,1.515457272530000,1.745379805560000,1.892524361610000,-1.931928157810000,0.000000000000000
-37.801204681400002,174.843994140999996,1.516089081760000,1.745914816860000,1.892720818520000,-1.931322693820000,0.000000000000000
-37.800754547099999,174.843994140999996,1.515460371970000,1.745178341870000,1.891846179960000,-1.930843472480000,0.000000000000000
-37.800598144500000,174.844360351999995,1.515060901640000,1.744256973270000,1.890003561970000,-1.928663015370000,0.000000000000000
-37.799499511699999,174.845031737999989,1.513525128360000,1.742748379710000,1.888627886770000,-1.930668592450000,0.000000000000000
-37.800205230700001,174.844665526999989,1.513239741330000,1.742465376850000,1.888419866560000,-1.929286479950000,0.000000000000000
-37.799091339100002,174.844467162999990,1.512400865550000,1.741465806960000,1.887327075000000,-1.929603576660000,0.000000000000000
-37.803211212199997,174.840270995999987,1.527160406110000,1.759136319160000,1.909810066220000,-1.946838855740000,0.000000000000000
-37.804306030299998,174.840774535999998,1.524742126460000,1.755673527720000,1.906262397770000,-1.946873188020000,0.000000000000000
-37.803188323999997,174.839874267999988,1.526881098750000,1.758977890010000,1.909650683400000,-1.946374893190000,0.000000000000000
-37.803096771200003,174.839385985999996,1.528465867040000,1.760658621790000,1.911614060400000,-1.948110461240000,0.000000000000000
-37.803718566900002,174.840225220000008,1.526525020600000,1.758449554440000,1.909042119980000,-1.945770978930000,0.000000000000000
-37.802978515600003,174.840515137000011,1.525668859480000,1.757205724720000,1.907765865330000,-1.945042490960000,0.000000000000000
-37.802749633799998,174.840820312000005,1.525533676150000,1.757336020470000,1.908257961270000,-1.947755336760000,0.000000000000000
-37.802520752000000,174.841156006000006,1.521297097210000,1.751498579980000,1.901546716690000,-1.941960334780000,0.000000000000000
-37.802299499500002,174.841491698999988,1.521142721180000,1.751356720920000,1.901164650920000,-1.941098451610000,0.000000000000000
-37.802074432399998,174.841842651000007,1.519241213800000,1.749598026280000,1.898938655850000,-1.938949108120000,0.000000000000000
-37.801853179900000,174.842193603999988,1.519003868100000,1.749048471450000,1.898158669470000,-1.938330769540000,0.000000000000000
-37.801635742199998,174.842544556000007,1.515990734100000,1.746577024460000,1.895119190220000,-1.935835480690000,0.000000000000000
-37.801414489700001,174.842895507999998,1.514950633050000,1.744876265530000,1.892779707910000,-1.933431744580000,0.000000000000000
-37.801189422599997,174.843246459999989,1.513985037800000,1.743846654890000,1.891316294670000,-1.932168245320000,0.000000000000000
-37.800964355500000,174.843612670999988,1.512109160420000,1.741401910780000,1.887711048130000,-1.928664922710000,0.000000000000000
-37.800491332999997,174.843582153000000,1.509383797650000,1.737544059750000,1.882362484930000,-1.924860596660000,0.000000000000000
-37.800270080600001,174.844039917000003,1.510675787930000,1.739268183710000,1.884180545810000,-1.926026463510000,0.000000000000000
-37.799648284900002,174.844161987000007,1.510670661930000,1.739001274110000,1.884049892430000,-1.926195979120000,0.000000000000000
-37.799213409399997,174.843978881999988,1.510865688320000,1.739034414290000,1.883910775180000,-1.925812721250000,0.000000000000000
-37.802841186499997,174.840148926000012,1.526380181310000,1.758325099950000,1.908940434460000,-1.946079492570000,0.000000000000000
-37.802677154500003,174.839691162000008,1.526360392570000,1.758227944370000,1.908931374550000,-1.945960402490000,0.000000000000000
-37.802669525100001,174.839172362999989,1.528141260150000,1.760511040690000,1.911716938020000,-1.949016213420000,0.000000000000000
-37.802661895800000,174.838729857999994,1.530541419980000,1.763779163360000,1.915153622630000,-1.951440811160000,0.000000000000000
-37.803047180199997,174.838928223000011,1.529657602310000,1.762562394140000,1.913708686830000,-1.949757099150000,0.000000000000000
-37.802993774400001,174.838562012000011,1.530894279480000,1.764196991920000,1.915305733680000,-1.950294375420000,0.000000000000000
-37.803581237800003,174.839553832999997,1.528128266330000,1.760075926780000,1.910905718800000,-1.947030782700000,0.000000000000000
-37.803421020499997,174.839111328000001,1.529687285420000,1.762077331540000,1.913045644760000,-1.947957038880000,0.000000000000000
-37.804130554200000,174.839660645000009,1.527368426320000,1.759177684780000,1.910001873970000,-1.946195244790000,0.000000000000000
-37.802703857399997,174.838317870999987,1.530410051350000,1.763738274570000,1.914910078050000,-1.949923634530000,0.000000000000000
-37.802581787100003,174.840469359999986,1.525116920470000,1.756527066230000,1.907160997390000,-1.945469975470000,0.000000000000000
-37.802337646500000,174.840789795000006,1.523304700850000,1.753838419910000,1.904232621190000,-1.943844437600000,0.000000000000000
-37.802101135299999,174.841125487999989,1.522443413730000,1.752575278280000,1.902549624440000,-1.941897869110000,0.000000000000000
-37.801864623999997,174.841476440000008,1.520742893220000,1.750842809680000,1.900561809540000,-1.940672874450000,0.000000000000000
-37.801635742199998,174.841827392999988,1.518952369690000,1.749061822890000,1.898265838620000,-1.938073754310000,0.000000000000000
-37.801414489700001,174.842178345000008,1.519078493120000,1.749173522000000,1.898416996000000,-1.937672853470000,0.000000000000000
-37.801204681400002,174.842529296999999,1.515036821370000,1.745544910430000,1.894035816190000,-1.934725880620000,0.000000000000000
-37.800968170200001,174.842849731000001,1.514661550520000,1.744762539860000,1.892710924150000,-1.933289647100000,0.000000000000000
-37.800727844199997,174.843200684000010,1.512729048730000,1.742532372470000,1.890063047410000,-1.932059288020000,0.000000000000000
-37.800304412800003,174.843185425000001,1.506729245190000,1.735559105870000,1.882111310960000,-1.928094983100000,0.000000000000000
-37.799919128399999,174.843475342000005,1.508714318280000,1.736620187760000,1.881129384040000,-1.924274086950000,0.000000000000000
-37.799339294399999,174.843490601000013,1.510288000110000,1.738603711130000,1.883723855020000,-1.926501750950000,0.000000000000000
-37.802421569800003,174.840087890999996,1.526574254040000,1.758377552030000,1.909229397770000,-1.947283744810000,0.000000000000000
-37.802253723100002,174.839767456000004,1.525792121890000,1.757799148560000,1.908714532850000,-1.947215080260000,0.000000000000000
-37.802265167199998,174.839385985999996,1.526680588720000,1.758678793910000,1.909863829610000,-1.948728561400000,0.000000000000000
-37.802257537800003,174.838928223000011,1.529255747800000,1.762418746950000,1.914065837860000,-1.952670812610000,0.000000000000000
-37.802291870099999,174.838470459000007,1.530464291570000,1.763886570930000,1.915391683580000,-1.952253222470000,0.000000000000000
-37.803115844700002,174.838211059999992,1.530556678770000,1.763603687290000,1.914540648460000,-1.949076890950000,0.000000000000000
-37.803443908699997,174.838623046999999,1.530856013300000,1.763608098030000,1.914576649670000,-1.948922038080000,0.000000000000000
-37.803932189900003,174.839065551999994,1.529627680780000,1.762314796450000,1.913293838500000,-1.948758721350000,0.000000000000000
-37.804431915300000,174.839279175000001,1.527542114260000,1.759613871570000,1.910400152210000,-1.945846080780000,0.000000000000000
-37.802783966100002,174.837905884000008,1.530560851100000,1.764035940170000,1.915177106860000,-1.950041532520000,0.000000000000000
-37.802368164100002,174.838012695000003,1.532133221630000,1.765978932380000,1.917328834530000,-1.953098773960000,0.000000000000000
-37.802169799799998,174.840408324999999,1.524246811870000,1.755471229550000,1.906139850620000,-1.945351362230000,0.000000000000000
-37.801914215099998,174.840744018999999,1.522789597510000,1.753114342690000,1.903330206870000,-1.943029880520000,0.000000000000000
-37.801662445100000,174.841094970999990,1.521589040760000,1.751646161080000,1.901684761050000,-1.941883683200000,0.000000000000000
-37.801418304400002,174.841445923000009,1.519531607630000,1.749793171880000,1.899508595470000,-1.940281033520000,0.000000000000000
-37.801181793200001,174.841812134000008,1.515535712240000,1.745673775670000,1.894423246380000,-1.935954570770000,0.000000000000000
-37.800968170200001,174.842178345000008,1.516957759860000,1.746687173840000,1.895741701130000,-1.938741326330000,0.000000000000000
-37.800819396999998,174.842514037999990,1.512168645860000,1.741709589960000,1.888865590100000,-1.930138587950000,0.000000000000000
-37.800457000700000,174.842758178999986,1.510193586350000,1.739859819410000,1.887704491620000,-1.931332826610000,0.000000000000000
-37.799922943100000,174.842880248999990,1.510576963420000,1.739750981330000,1.887057423590000,-1.931273818020000,0.000000000000000
-37.799461364700001,174.843002318999993,1.500754117970000,1.725368380550000,1.871039867400000,-1.905318856240000,0.000000000000000
-37.802005767799997,174.840026854999991,1.524616718290000,1.756625652310000,1.907596707340000,-1.947180628780000,0.000000000000000
-37.801891326899998,174.839614868000012,1.524286031720000,1.756178259850000,1.907413959500000,-1.947784304620000,0.000000000000000
-37.801841735799997,174.839157104000009,1.528248429300000,1.761144399640000,1.913100838660000,-1.953688383100000,0.000000000000000
-37.801818847699998,174.838638306000007,1.531119227410000,1.764377832410000,1.916151404380000,-1.954274654390000,0.000000000000000
-37.801948547400002,174.838165282999995,1.532439947130000,1.766361832620000,1.917862057690000,-1.954182267190000,0.000000000000000
-37.802871704099999,174.837554931999989,1.530978441240000,1.764903783800000,1.916185855870000,-1.951264023780000,0.000000000000000
-37.803581237800003,174.838058472000000,1.531200170520000,1.764211297040000,1.915090799330000,-1.948770523070000,0.000000000000000
-37.803195953399999,174.837768554999997,1.530679225920000,1.764041304590000,1.915093064310000,-1.949723243710000,0.000000000000000
-37.804023742699997,174.838424683000000,1.531603455540000,1.764853715900000,1.915898323060000,-1.949995756150000,0.000000000000000
-37.804496765099998,174.838806151999989,1.529932618140000,1.763101577760000,1.914138317110000,-1.948251008990000,0.000000000000000
-37.802032470699999,174.837738037000008,1.532232403760000,1.766202449800000,1.917546272280000,-1.952625036240000,0.000000000000000
-37.802448272699998,174.837554931999989,1.531831622120000,1.765802264210000,1.917103409770000,-1.952185034750000,0.000000000000000
-37.802745819099997,174.837203979000009,1.532512664790000,1.766424179080000,1.917805790900000,-1.952902436260000,0.000000000000000
-37.801738739000001,174.840347290000011,1.523009777070000,1.753980517390000,1.904623866080000,-1.945349216460000,0.000000000000000
-37.801475524899999,174.840698242000002,1.521871566770000,1.751985788350000,1.902202129360000,-1.942555665970000,0.000000000000000
-37.801212310799997,174.841064453000001,1.521072149280000,1.751360177990000,1.901832699780000,-1.943708181380000,0.000000000000000
-37.800952911400003,174.841430664000001,1.513016462330000,1.742840290070000,1.892104744910000,-1.937713265420000,0.000000000000000
-37.800693512000002,174.841812134000008,1.517338633540000,1.747624635700000,1.896866440770000,-1.935989737510000,0.000000000000000
-37.800495147699998,174.842239379999995,1.515841603280000,1.746243119240000,1.895086407660000,-1.932546854020000,0.000000000000000
-37.799957275399997,174.842376709000007,1.505177378650000,1.733589291570000,1.879328489300000,-1.925052642820000,0.000000000000000
-37.801574707000000,174.839935303000004,1.521967291830000,1.752947926520000,1.904006600380000,-1.946552157400000,0.000000000000000
-37.801406860400000,174.838577270999991,1.532053947450000,1.765658020970000,1.917398214340000,-1.955561161040000,0.000000000000000
-37.801399230999998,174.839447021000012,1.525630593300000,1.758817076680000,1.911133766170000,-1.955145359040000,0.000000000000000
-37.801429748499999,174.838943481000001,1.530610680580000,1.764428257940000,1.916529059410000,-1.956870079040000,0.000000000000000
-37.801647186300002,174.837844848999993,1.533103942870000,1.766974329950000,1.918407559390000,-1.954255461690000,0.000000000000000
-37.801540374799998,174.838241576999991,1.532692551610000,1.766572475430000,1.918105840680000,-1.954854130740000,0.000000000000000
-37.803085327100000,174.836914062000005,1.531935691830000,1.765934586520000,1.917362809180000,-1.952306270600000,0.000000000000000
-37.803188323999997,174.837341309000010,1.531125068660000,1.765071630480000,1.916328668590000,-1.951292753220000,0.000000000000000
-37.804080963099999,174.837829590000013,1.530949115750000,1.763775467870000,1.914582967760000,-1.948884129520000,0.000000000000000
-37.803623199500002,174.837539673000009,1.530575037000000,1.763334631920000,1.914283871650000,-1.948461532590000,0.000000000000000
-37.804595947300001,174.838195801000012,1.530777096750000,1.763486027720000,1.914561867710000,-1.948844432830000,0.000000000000000
-37.801723480200003,174.837463379000013,1.533703923230000,1.767705678940000,1.919100165370000,-1.954627513890000,0.000000000000000
-37.802055358899999,174.837371826000009,1.532649517060000,1.766637563710000,1.917957663540000,-1.952924847600000,0.000000000000000
-37.802600860600002,174.836761475000003,1.532893061640000,1.767020583150000,1.918444275860000,-1.953392028810000,0.000000000000000
-37.802284240699997,174.837081909000005,1.532786369320000,1.766731858250000,1.918087959290000,-1.953041195870000,0.000000000000000
-37.801292419399999,174.840301514000004,1.519436836240000,1.749789834020000,1.900137186050000,-1.942561864850000,0.000000000000000
-37.801017761200001,174.840652465999995,1.518934726720000,1.748966336250000,1.899294495580000,-1.942903041840000,0.000000000000000
-37.800746917700003,174.841033936000002,1.513934373860000,1.743547439580000,1.894418001170000,-1.943688154220000,0.000000000000000
-37.800468444800003,174.841415404999992,1.502675294880000,1.731774210930000,1.878821492200000,-1.929987192150000,0.000000000000000
-37.800090789800002,174.841812134000008,1.503103256230000,1.731162309650000,1.877923607830000,-1.926783561710000,0.000000000000000
-37.801113128700003,174.839889526000007,1.519718885420000,1.750838279720000,1.902336478230000,-1.948198914530000,0.000000000000000
-37.800903320300002,174.839508056999989,1.524273037910000,1.757330417630000,1.909728050230000,-1.954551935200000,0.000000000000000
-37.801155090300000,174.838317870999987,1.533742308620000,1.767681360240000,1.919330716130000,-1.956506252290000,0.000000000000000
-37.801086425800001,174.838699340999995,1.532295465470000,1.765930294990000,1.917821407320000,-1.956407785420000,0.000000000000000
-37.801029205299997,174.839111328000001,1.530029058460000,1.763987541200000,1.916272997860000,-1.957808852200000,0.000000000000000
-37.801464080800002,174.837234496999997,1.534041047100000,1.768431305890000,1.919905185700000,-1.955173611640000,0.000000000000000
-37.801368713400002,174.837554931999989,1.534214854240000,1.768405079840000,1.919882535930000,-1.955798745160000,0.000000000000000
-37.801261901899998,174.837936401000007,1.534035444260000,1.768020510670000,1.919536948200000,-1.955774068830000,0.000000000000000
-37.802936553999999,174.836441040000011,1.533157587050000,1.767730474470000,1.919172406200000,-1.954004406930000,0.000000000000000
-37.803440094000003,174.836547851999995,1.533259153370000,1.767867565160000,1.919323086740000,-1.954388260840000,0.000000000000000
-37.803611755399999,174.837051392000006,1.530163884160000,1.763655304910000,1.914862871170000,-1.949823737140000,0.000000000000000
-37.804592132600000,174.837554931999989,1.530736446380000,1.763304471970000,1.914298295970000,-1.948737740520000,0.000000000000000
-37.804077148399998,174.837173462000010,1.529814362530000,1.762671351430000,1.913554906850000,-1.947865009310000,0.000000000000000
-37.802471160899998,174.836303710999999,1.533198356630000,1.767638206480000,1.919237375260000,-1.954727053640000,0.000000000000000
-37.801784515400001,174.837005615000010,1.533688306810000,1.767944931980000,1.919329524040000,-1.954408288000000,0.000000000000000
-37.802078247099999,174.836608887000011,1.533008217810000,1.767234802250000,1.918765187260000,-1.954193592070000,0.000000000000000
-37.800838470499997,174.840255737000007,1.516303658490000,1.746087551120000,1.896490693090000,-1.944300174710000,0.000000000000000
-37.800548553500001,174.840621948000006,1.515751004220000,1.746019124980000,1.897295713420000,-1.945815563200000,0.000000000000000
-37.800277710000003,174.841003418000014,1.506514310840000,1.737499237060000,1.889381527900000,-1.949123978610000,0.000000000000000
-37.800674438500003,174.839859009000008,1.519043207170000,1.750938653950000,1.902734756470000,-1.949894070630000,0.000000000000000
-37.800552368200002,174.839538573999988,1.523464202880000,1.755923986430000,1.907909035680000,-1.952817320820000,0.000000000000000
-37.800647735600002,174.839218140000014,1.528591513630000,1.762052774430000,1.914057970050000,-1.955443739890000,0.000000000000000
-37.800865173299997,174.838027954000012,1.535895586010000,1.770240902900000,1.921918749810000,-1.958564400670000,0.000000000000000
-37.800777435299999,174.838439940999990,1.535159468650000,1.769315361980000,1.921217918400000,-1.959390282630000,0.000000000000000
-37.800720214800002,174.838851928999986,1.532637238500000,1.766446471210000,1.918423533440000,-1.958085894580000,0.000000000000000
-37.801319122300001,174.836883545000006,1.535298466680000,1.769514203070000,1.920966148380000,-1.956170678140000,0.000000000000000
-37.801124572799999,174.837249756000006,1.534811019900000,1.769137144090000,1.920731544490000,-1.956846117970000,0.000000000000000
-37.800983428999999,174.837631226000013,1.534480929370000,1.768501877780000,1.920065879820000,-1.956367492680000,0.000000000000000
-37.803230285600002,174.836074829000012,1.532004475590000,1.766188859940000,1.917611956600000,-1.952272057530000,0.000000000000000
-37.803756713900000,174.836135863999999,1.530044913290000,1.763977169990000,1.915377497670000,-1.950778841970000,0.000000000000000
-37.804027557399998,174.836639404000010,1.530176162720000,1.764016270640000,1.915187835690000,-1.950174331670000,0.000000000000000
-37.805042266800001,174.837310790999993,1.528100013730000,1.760505795480000,1.911375880240000,-1.946008086200000,0.000000000000000
-37.804523467999999,174.836975098000011,1.528887987140000,1.761289000510000,1.912091732030000,-1.947335362430000,0.000000000000000
-37.800376892099997,174.840194701999991,1.518898963930000,1.750594615940000,1.902486085890000,-1.950614094730000,0.000000000000000
-37.800041198700001,174.840591431000007,1.508593201640000,1.737883448600000,1.888444423680000,-1.942604899410000,0.000000000000000
-37.800266265899999,174.839752196999996,1.520925045010000,1.753126144410000,1.904699563980000,-1.949697136880000,0.000000000000000
-37.800571441700001,174.837707520000009,1.536175489430000,1.770424246790000,1.922252655030000,-1.959513545040000,0.000000000000000
-37.800277710000003,174.839324951000009,1.528714656830000,1.761838674550000,1.913584828380000,-1.954511642460000,0.000000000000000
-37.800392150900002,174.838989257999998,1.531756043430000,1.765448451040000,1.917414665220000,-1.956748008730000,0.000000000000000
-37.800449371299997,174.838150023999987,1.537506937980000,1.772222638130000,1.924263715740000,-1.961580038070000,0.000000000000000
-37.800380706799999,174.838607787999990,1.534722685810000,1.768907904620000,1.920967102050000,-1.958960890770000,0.000000000000000
-37.800891876199998,174.836883545000006,1.536449074750000,1.770989179610000,1.922573804860000,-1.958308100700000,0.000000000000000
-37.800720214800002,174.837280273000005,1.535603523250000,1.769750833510000,1.921470046040000,-1.958131074910000,0.000000000000000
-37.800292968800001,174.837341309000010,1.535876750950000,1.770062208180000,1.921961665150000,-1.959332585330000,0.000000000000000
-37.804271698000001,174.836151123000008,1.528061389920000,1.761376023290000,1.912786245350000,-1.949337601660000,0.000000000000000
-37.804531097400002,174.836502074999999,1.526119589810000,1.758019566540000,1.908811688420000,-1.945069313050000,0.000000000000000
-37.805023193399997,174.836654662999990,1.524357914920000,1.755638718610000,1.906251072880000,-1.940840125080000,0.000000000000000
-37.804458618200002,174.835784912000008,1.531068921090000,1.765028715130000,1.916821002960000,-1.954083085060000,0.000000000000000
-37.799877166700000,174.840087890999996,1.522451758380000,1.754632353780000,1.906328678130000,-1.952127456670000,0.000000000000000
-37.799846649199999,174.839523315000008,1.526563048360000,1.759537816050000,1.911196112630000,-1.953810691830000,0.000000000000000
-37.800117492699997,174.837783812999987,1.536826491360000,1.771544814110000,1.923657894130000,-1.960896730420000,0.000000000000000
-37.799949646000002,174.838928223000011,1.532291769980000,1.766357898710000,1.918263673780000,-1.957896947860000,0.000000000000000
-37.799983978299998,174.838317870999987,1.535910129550000,1.770799994470000,1.922817230220000,-1.960487127300000,0.000000000000000
-37.800457000700000,174.836914062000005,1.536205410960000,1.770622730260000,1.922331333160000,-1.958429336550000,0.000000000000000
-37.800064086900001,174.836990356000001,1.536092281340000,1.770578026770000,1.922335743900000,-1.959302663800000,0.000000000000000
-37.799823760999999,174.837356567000000,1.535013794900000,1.769341707230000,1.921195507050000,-1.958913445470000,0.000000000000000
-37.804813385000003,174.836105347000000,1.525783658030000,1.757525801660000,1.908634781840000,-1.941086530690000,0.000000000000000
-37.804809570300002,174.835586548000009,1.530104517940000,1.764011740680000,1.915644884110000,-1.950108647350000,0.000000000000000
-37.799354553199997,174.839874267999988,1.524240136150000,1.756927132610000,1.908329010010000,-1.952067136760000,0.000000000000000
-37.799346923800002,174.839218140000014,1.527911424640000,1.761492490770000,1.913049578670000,-1.954121828080000,0.000000000000000
-37.799583435099997,174.837890625000000,1.534192204480000,1.768647193910000,1.920683264730000,-1.959559917450000,0.000000000000000
-37.799423217799998,174.838516234999986,1.532101988790000,1.766226410870000,1.917947888370000,-1.956769943240000,0.000000000000000
-37.799266815199999,174.837341309000010,1.533124327660000,1.767206072810000,1.918979167940000,-1.957491755490000,0.000000000000000
-37.798778533899998,174.838806151999989,1.519069433210000,1.745812296870000,1.896289229390000,-1.920411348340000,0.000000000000000
-37.798889160199998,174.837982178000004,1.530297279360000,1.763983130460000,1.915660381320000,-1.955742716790000,0.000000000000000
-37.798244476299999,174.837615967000005,1.526068091390000,1.757388830180000,1.908742189410000,-1.944182753560000,0.000000000000000
