latitude,longitude,mhws10,mhwsc,hat,lat,mask
-40.768020629900001,173.930160521999994,1.455451965330000,1.678765296940000,1.847934603690000,-1.803829669950000,0.000000000000000
-40.766567230200003,173.928482056000007,1.455404162410000,1.678674459460000,1.847834229470000,-1.803651571270000,0.000000000000000
-40.766563415500002,173.927032470999990,1.455402970310000,1.678665757180000,1.847822546960000,-1.803615927700000,0.000000000000000
-40.767097473100002,173.925643920999988,1.455369114880000,1.678639173510000,1.847795009610000,-1.803604960440000,0.000000000000000
-40.767765045200001,173.927810668999996,1.455396294590000,1.678667902950000,1.847825407980000,-1.803654313090000,0.000000000000000
-40.769073486300002,173.929626465000013,1.455430865290000,1.678722620010000,1.847888350490000,-1.803762793540000,0.000000000000000
-40.767910003700003,173.929031371999997,1.455415487290000,1.678672432900000,1.847828388210000,-1.803631544110000,0.000000000000000
-40.766784668000000,173.922729492000002,1.455262184140000,1.678546547890000,1.847706198690000,-1.803542017940000,0.000000000000000
-40.766048431400002,173.920410156000003,1.455240011220000,1.678394198420000,1.847524881360000,-1.803168892860000,0.000000000000000
-40.767761230500000,173.924545287999990,1.455371260640000,1.678639888760000,1.847795963290000,-1.803590655330000,0.000000000000000
-40.768280029300001,173.926315308000000,1.455368041990000,1.678632974620000,1.847787618640000,-1.803581237790000,0.000000000000000
-40.769508361800000,173.928176879999995,1.455404996870000,1.678684711460000,1.847847104070000,-1.803703546520000,0.000000000000000
-40.771007537800003,173.928924561000002,1.455317020420000,1.678660988810000,1.847828388210000,-1.803670048710000,0.000000000000000
-40.768207550000000,173.923141479000009,1.455150604250000,1.678360700610000,1.847501635550000,-1.803177952770000,0.000000000000000
-40.767009735099997,173.921234131000006,1.455214262010000,1.678497076030000,1.847645998000000,-1.803456902500000,0.000000000000000
-40.768039703399999,173.921875000000000,1.455156087880000,1.678345680240000,1.847489118580000,-1.803131341930000,0.000000000000000
-40.769176483199999,173.924758910999998,1.455337882040000,1.678630471230000,1.847788929940000,-1.803631663320000,0.000000000000000
-40.770099639900003,173.926254271999994,1.455266714100000,1.678508877750000,1.847657799720000,-1.803398847580000,0.000000000000000
-40.771255493200002,173.927490234000004,1.455270886420000,1.678564429280000,1.847717046740000,-1.803640007970000,0.000000000000000
-40.769542694099997,173.923538207999997,1.455099463460000,1.678286790850000,1.847418665890000,-1.803117156030000,0.000000000000000
-40.769664764399998,173.921936034999987,1.455127596860000,1.678352594380000,1.847486615180000,-1.803210616110000,0.000000000000000
-40.768531799300000,173.920349120999987,1.455144762990000,1.678374528880000,1.847516417500000,-1.803208947180000,0.000000000000000
-40.770675659200002,173.924743651999989,1.455206394200000,1.678466200830000,1.847611188890000,-1.803373336790000,0.000000000000000
-40.771697998000000,173.926025390999996,1.455163240430000,1.678478479390000,1.847631573680000,-1.803472638130000,0.000000000000000
-40.773216247599997,173.925979613999999,1.455070853230000,1.678380370140000,1.847512245180000,-1.803584218030000,0.000000000000000
-40.771003723100002,173.923309326000009,1.455120205880000,1.678363919260000,1.847506165500000,-1.803232192990000,0.000000000000000
-40.771183013900000,173.922134398999987,1.455060958860000,1.678232431410000,1.847362995150000,-1.802985906600000,0.000000000000000
-40.783573150599999,173.922912598000011,1.454262375830000,1.676754713060000,1.845693111420000,-1.799579858780000,0.000000000000000
-40.778488159200002,173.924804687999995,1.454750299450000,1.677885890010000,1.846988201140000,-1.802623510360000,0.000000000000000
-40.780693054200000,173.923645020000009,1.454761981960000,1.677936196330000,1.847049713130000,-1.802747845650000,0.000000000000000
-40.779224395800000,173.923873901000007,1.454642891880000,1.677164912220000,1.846201896670000,-1.800713181500000,0.000000000000000
-40.770839691200003,173.921142578000001,1.454997062680000,1.678153991700000,1.847278118130000,-1.802906155590000,0.000000000000000
-40.769966125499998,173.919967651000007,1.455106616020000,1.677991032600000,1.847103118900000,-1.802289009090000,0.000000000000000
-40.772407531699997,173.922866821000014,1.454946041110000,1.678148746490000,1.847280502320000,-1.802949309350000,0.000000000000000
-40.771995544399999,173.921417235999996,1.455010890960000,1.678224682810000,1.847361683850000,-1.803081750870000,0.000000000000000
-40.780914306600003,173.922027587999992,1.454697966580000,1.677802681920000,1.846891999240000,-1.802508234980000,0.000000000000000
-40.782150268599999,173.922286987000007,1.454780340190000,1.678034543990000,1.847174048420000,-1.802975177760000,0.000000000000000
-40.777690887500000,173.923538207999997,1.454723477360000,1.677855253220000,1.846956014630000,-1.802543282510000,0.000000000000000
-40.779438018800001,173.922317504999995,1.454699516300000,1.677826285360000,1.846926093100000,-1.802522182460000,0.000000000000000
-40.771385192899999,173.920242309999992,1.454956650730000,1.678116798400000,1.847238183020000,-1.802838206290000,0.000000000000000
-40.770614623999997,173.919387817000000,1.454799294470000,1.677951931950000,1.847055554390000,-1.802710056300000,0.000000000000000
-40.776782989499999,173.922393798999991,1.454670667650000,1.677783250810000,1.846872329710000,-1.802454590800000,0.000000000000000
-40.774330139200003,173.923934937000013,1.454948306080000,1.678150057790000,1.847289323810000,-1.802974820140000,0.000000000000000
-40.775447845499997,173.922958373999990,1.454768300060000,1.677915811540000,1.847019910810000,-1.802630662920000,0.000000000000000
-40.773399353000002,173.921783446999996,1.454871892930000,1.677992701530000,1.847100138660000,-1.802623391150000,0.000000000000000
-40.772766113300001,173.920379639000004,1.454816818240000,1.677943587300000,1.847049713130000,-1.802658677100000,0.000000000000000
-40.780422210700003,173.921035767000006,1.454681754110000,1.677834749220000,1.846940040590000,-1.802595376970000,0.000000000000000
-40.781875610400000,173.920822143999999,1.454650878910000,1.677773475650000,1.846867084500000,-1.802491307260000,0.000000000000000
-40.781879425000000,173.919387817000000,1.454624652860000,1.677754998210000,1.846847057340000,-1.802459955220000,0.000000000000000
-40.777881622300001,173.921615601000013,1.454690694810000,1.677819609640000,1.846913218500000,-1.802516222000000,0.000000000000000
-40.779247283899998,173.920501709000007,1.454613685610000,1.677726030350000,1.846810936930000,-1.802412748340000,0.000000000000000
-40.792915344199997,173.902542113999999,1.381848216060000,1.546966552730000,1.705089807510000,-1.485598564150000,0.000000000000000
-40.769954681400002,173.918319701999991,1.453610777850000,1.675782442090000,1.844670295720000,-1.796925902370000,0.000000000000000
-40.771339416499998,173.918060303000004,1.454761624340000,1.677864551540000,1.846957683560000,-1.802498102190000,0.000000000000000
-40.772125244100003,173.919158936000002,1.454874873160000,1.678028225900000,1.847142219540000,-1.802807450290000,0.000000000000000
-40.776374816900002,173.921264648000005,1.454700350760000,1.677823424340000,1.846917986870000,-1.802488684650000,0.000000000000000
-40.774852752699999,173.921630859000004,1.454762458800000,1.677886843680000,1.846985816960000,-1.802551627160000,0.000000000000000
-40.774040222200000,173.920471190999990,1.454818964000000,1.677985906600000,1.847099900250000,-1.802763104440000,0.000000000000000
-40.773654937700002,173.919174193999993,1.454738020900000,1.677859663960000,1.846955418590000,-1.802513241770000,0.000000000000000
-40.780632019000002,173.919494629000013,1.454620838170000,1.677748322490000,1.846839189530000,-1.802440881730000,0.000000000000000
-40.781272888200000,173.918212890999996,1.454592943190000,1.677713513370000,1.846801757810000,-1.802413821220000,0.000000000000000
-40.777759551999999,173.919631957999997,1.454607725140000,1.677729129790000,1.846816539760000,-1.802414655690000,0.000000000000000
-40.779350280800003,173.918960571000014,1.454583525660000,1.677699685100000,1.846786856650000,-1.802398681640000,0.000000000000000
-40.781322479200000,173.917068481000001,1.454507470130000,1.677621245380000,1.846701860430000,-1.802306175230000,0.000000000000000
-40.770412445100000,173.917007446000014,1.454755663870000,1.677866339680000,1.846960306170000,-1.802503585820000,0.000000000000000
-40.771942138699998,173.916824340999995,1.454692244530000,1.677782654760000,1.846868038180000,-1.802420139310000,0.000000000000000
-40.772983551000003,173.917694092000005,1.454716205600000,1.677838325500000,1.846934795380000,-1.802585363390000,0.000000000000000
-40.775531768800001,173.919403076000009,1.454637646680000,1.677730560300000,1.846811890600000,-1.802399039270000,0.000000000000000
-40.774478912399999,173.917968750000000,1.454634308820000,1.677732110020000,1.846813082700000,-1.802424430850000,0.000000000000000
-40.777168273900003,173.917999267999988,1.454577803610000,1.677687644960000,1.846768021580000,-1.802358150480000,0.000000000000000
-40.780372619600001,173.917541504000013,1.454514503480000,1.677625775340000,1.846705794330000,-1.802327752110000,0.000000000000000
-40.778751373299997,173.917648315000008,1.454504013060000,1.677606821060000,1.846681833270000,-1.802279233930000,0.000000000000000
-40.781307220499997,173.915908812999987,1.454521417620000,1.677634119990000,1.846713542940000,-1.802331209180000,0.000000000000000
-40.771926879900001,173.915237426999994,1.454634189610000,1.677719235420000,1.846798419950000,-1.802352190020000,0.000000000000000
-40.773040771500000,173.916091918999996,1.454624295230000,1.677720546720000,1.846802115440000,-1.802406787870000,0.000000000000000
-40.774307251000003,173.916595459000007,1.454557538030000,1.677634358410000,1.846704125400000,-1.802288174630000,0.000000000000000
-40.775917053199997,173.917007446000014,1.454552412030000,1.677659273150000,1.846736907960000,-1.802323579790000,0.000000000000000
-40.777889251700003,173.916320801000012,1.454388260840000,1.677461862560000,1.846519708630000,-1.802143454550000,0.000000000000000
-40.779960632300003,173.915451050000001,1.454519629480000,1.677637219430000,1.846720695500000,-1.802305102350000,0.000000000000000
-40.772972106899999,173.914978026999989,1.454624652860000,1.677728533740000,1.846812605860000,-1.802420854570000,0.000000000000000
-40.774124145499997,173.915191649999997,1.454478621480000,1.677554488180000,1.846614718440000,-1.802207469940000,0.000000000000000
-40.775291442899999,173.915588379000013,1.454500079150000,1.677601575850000,1.846673727040000,-1.802304029460000,0.000000000000000
-40.776760101299999,173.915176392000006,1.454376935960000,1.677423238750000,1.846467852590000,-1.802054643630000,0.000000000000000
-40.778770446800003,173.914642334000007,1.454406976700000,1.677518963810000,1.846589684490000,-1.802192449570000,0.000000000000000
-40.773788452100000,173.913894653000000,1.454331755640000,1.677396655080000,1.846441149710000,-1.802062988280000,0.000000000000000
-40.779129028299998,173.913208007999998,1.454148292540000,1.677173256870000,1.846195459370000,-1.801840066910000,0.000000000000000
-40.775344848600000,173.914001465000013,1.454341769220000,1.677386045460000,1.846429705620000,-1.802042603490000,0.000000000000000
-40.777351379400002,173.913513184000010,1.454273939130000,1.677342534070000,1.846388578410000,-1.801993489270000,0.000000000000000
-40.802661895800000,173.873870850000003,1.451206922530000,1.673745632170000,1.842308521270000,-1.798588037490000,0.000000000000000
-40.801250457800002,173.874572754000013,1.451171159740000,1.673712372780000,1.842272043230000,-1.798493266110000,0.000000000000000
-40.779766082800002,173.911895751999992,1.454138755800000,1.677192091940000,1.846217989920000,-1.801869750020000,0.000000000000000
-40.785366058299999,173.903747559000010,1.455888390540000,1.678961992260000,1.848380684850000,-1.803342461590000,0.000000000000000
-40.785701751700003,173.902496337999992,1.451237440110000,1.671586155890000,1.840248703960000,-1.785161972050000,0.000000000000000
-40.774013519299999,173.912429809999992,1.454226970670000,1.677254199980000,1.846275448800000,-1.801884412770000,0.000000000000000
-40.778015136699999,173.911911011000001,1.454154849050000,1.677181243900000,1.846201658250000,-1.801820993420000,0.000000000000000
-40.776084899899999,173.912170409999987,1.454229474070000,1.677273273470000,1.846300601960000,-1.801929950710000,0.000000000000000
-40.773349762000002,173.911437987999989,1.454070091250000,1.677071690560000,1.846073031430000,-1.801693677900000,0.000000000000000
-40.772518157999997,173.910278320000003,1.454127311710000,1.677139163020000,1.846149206160000,-1.801751494410000,0.000000000000000
-40.801418304400002,173.871078490999992,1.451089978220000,1.673674583440000,1.842228412630000,-1.798645496370000,0.000000000000000
-40.801509857200003,173.872924804999997,1.451258182530000,1.673813939090000,1.842391133310000,-1.798640608790000,0.000000000000000
-40.800487518300002,173.873321532999995,1.451169490810000,1.673720836640000,1.842280745510000,-1.798524022100000,0.000000000000000
-40.797107696499999,173.866760254000013,1.451104164120000,1.673668742180000,1.842218279840000,-1.798511385920000,0.000000000000000
-40.778888702400003,173.910400390999996,1.454073429110000,1.677113652230000,1.846133947370000,-1.801792621610000,0.000000000000000
-40.780376434300003,173.910568237000007,1.454015612600000,1.677023291590000,1.846030473710000,-1.801658511160000,0.000000000000000
-40.781574249300000,173.909667968999997,1.454041719440000,1.677111387250000,1.846134066580000,-1.801842808720000,0.000000000000000
-40.783992767299999,173.903930664000001,1.453664302830000,1.676541328430000,1.845493435860000,-1.800581932070000,0.000000000000000
-40.784381866499999,173.902603148999987,1.453762531280000,1.676351785660000,1.845333576200000,-1.799192905430000,0.000000000000000
-40.774902343800001,173.910873412999990,1.454180836680000,1.677208542820000,1.846228837970000,-1.801863431930000,0.000000000000000
-40.776878356899999,173.910278320000003,1.454019069670000,1.677027106290000,1.846035480500000,-1.801679134370000,0.000000000000000
-40.773765564000001,173.909805298000009,1.454108715060000,1.677124500270000,1.846133589740000,-1.801766514780000,0.000000000000000
-40.772571563699998,173.908843993999994,1.454056024550000,1.677062511440000,1.846063971520000,-1.801674366000000,0.000000000000000
-40.799880981400001,173.870819092000005,1.451130270960000,1.673682928090000,1.842238426210000,-1.798450231550000,0.000000000000000
-40.800113678000002,173.872222899999997,1.451108217240000,1.673643112180000,1.842188119890000,-1.798409461980000,0.000000000000000
-40.799728393599999,173.873443603999988,1.451113700870000,1.673640728000000,1.842181801800000,-1.798422932620000,0.000000000000000
-40.798908233600002,173.870147704999994,1.451058268550000,1.673653125760000,1.842208027840000,-1.798544883730000,0.000000000000000
-40.798023223900003,173.868774414000001,1.451084971430000,1.673619747160000,1.842166423800000,-1.798511743550000,0.000000000000000
-40.796329498299997,173.868011475000003,1.451068520550000,1.673650622370000,1.842203140260000,-1.798435688020000,0.000000000000000
-40.778205871600001,173.908843993999994,1.453929662700000,1.676923036580000,1.845913767810000,-1.801622986790000,0.000000000000000
-40.780090332000000,173.908874512000011,1.453942298890000,1.676944732670000,1.845945715900000,-1.801586151120000,0.000000000000000
-40.783420562700002,173.905288696000014,1.454136610030000,1.677094817160000,1.846135258670000,-1.801355719570000,0.000000000000000
-40.779060363799999,173.907592773000005,1.453868269920000,1.676870584490000,1.845882058140000,-1.801628232000000,0.000000000000000
-40.782646179200000,173.903900146000012,1.454154491420000,1.677208542820000,1.846279144290000,-1.801615118980000,0.000000000000000
-40.783229827900001,173.902832031000003,1.454621434210000,1.677810192110000,1.846964597700000,-1.802745103840000,0.000000000000000
-40.775314331099999,173.909164428999986,1.454079151150000,1.677099347110000,1.846105575560000,-1.801727890970000,0.000000000000000
-40.776729583700003,173.908569335999999,1.453967213630000,1.676980853080000,1.845979928970000,-1.801679492000000,0.000000000000000
-40.773948669399999,173.908203125000000,1.454012632370000,1.677009582520000,1.846009969710000,-1.801637649540000,0.000000000000000
-40.772567748999997,173.907470703000001,1.453993558880000,1.676990985870000,1.845991611480000,-1.801643013950000,0.000000000000000
-40.798851013200000,173.871398926000012,1.451094985010000,1.673627138140000,1.842167496680000,-1.798412919040000,0.000000000000000
-40.798927307100001,173.872558593999997,1.451129555700000,1.673656940460000,1.842203259470000,-1.798451662060000,0.000000000000000
-40.798336029100000,173.873519896999994,1.451090097430000,1.673619747160000,1.842160105710000,-1.798385024070000,0.000000000000000
-40.799156189000001,173.874755859000004,1.451098084450000,1.673612236980000,1.842150211330000,-1.798388957980000,0.000000000000000
-40.797660827599998,173.870498657000013,1.451063990590000,1.673609256740000,1.842146396640000,-1.798347353940000,0.000000000000000
-40.796367645300002,173.869430542000003,1.451064467430000,1.673598766330000,1.842134356500000,-1.798313975330000,0.000000000000000
-40.798664092999999,173.876144409000005,1.451104402540000,1.673618316650000,1.842156887050000,-1.798386216160000,0.000000000000000
-40.777587890600003,173.907348632999998,1.453818321230000,1.676818370820000,1.845812559130000,-1.801482558250000,0.000000000000000
-40.780624389600000,173.906768798999991,1.453928112980000,1.676973700520000,1.845985889430000,-1.801654458050000,0.000000000000000
-40.781806945800000,173.905181884999990,1.453979730610000,1.677021503450000,1.846039652820000,-1.801776766780000,0.000000000000000
-40.781429290799998,173.903808593999997,1.453731656070000,1.676730275150000,1.845724225040000,-1.801514387130000,0.000000000000000
-40.778793335000003,173.906097412000008,1.453659415250000,1.676587224010000,1.845540761950000,-1.801305890080000,0.000000000000000
-40.782005310099997,173.902374267999988,1.453705310820000,1.676621556280000,1.845585823060000,-1.801023244860000,0.000000000000000
-40.775665283199999,173.907257079999994,1.453844428060000,1.676813125610000,1.845791459080000,-1.801526784900000,0.000000000000000
-40.773803710899998,173.906646728999988,1.454038262370000,1.677048921590000,1.846050858500000,-1.801638245580000,0.000000000000000
-40.773788452100000,173.905364990000010,1.453503608700000,1.676418662070000,1.845372080800000,-1.801187992100000,0.000000000000000
-40.797607421899997,173.872177123999990,1.451080679890000,1.673604965210000,1.842143297200000,-1.798375010490000,0.000000000000000
-40.797153472900000,173.873428345000008,1.451078295710000,1.673601150510000,1.842140913010000,-1.798377752300000,0.000000000000000
-40.797454834000000,173.874771118000012,1.451099991800000,1.673612952230000,1.842150688170000,-1.798366308210000,0.000000000000000
-40.796215057399998,173.871093750000000,1.451060295100000,1.673597335820000,1.842139244080000,-1.798382878300000,0.000000000000000
-40.795043945300002,173.870040893999999,1.451006293300000,1.673548579220000,1.842085242270000,-1.798310518260000,0.000000000000000
-40.796710967999999,173.876419067000000,1.451084136960000,1.673596620560000,1.842133045200000,-1.798350095750000,0.000000000000000
-40.790851592999999,173.868576050000001,1.450631618500000,1.673007607460000,1.841485023500000,-1.797110199930000,0.000000000000000
-40.782127380399999,173.900894165000011,1.453571438790000,1.676527857780000,1.845507383350000,-1.801153898240000,0.000000000000000
-40.777076721199997,173.905700684000010,1.453749537470000,1.676756024360000,1.845746278760000,-1.801511645320000,0.000000000000000
-40.780071258500001,173.904586792000003,1.453721761700000,1.676685929300000,1.845679640770000,-1.801254749300000,0.000000000000000
-40.780620575000000,173.903015137000011,1.453829526900000,1.676869869230000,1.845895171170000,-1.801554322240000,0.000000000000000
-40.778343200700000,173.904571532999995,1.453720450400000,1.676729083060000,1.845731139180000,-1.801532506940000,0.000000000000000
-40.780708312999998,173.901702881000006,1.453629016880000,1.676659822460000,1.845661997800000,-1.801305055620000,0.000000000000000
-40.775188446000001,173.905120850000003,1.453629016880000,1.676581263540000,1.845547199250000,-1.801243186000000,0.000000000000000
-40.773956298800002,173.903930664000001,1.453674674030000,1.676648736000000,1.845639348030000,-1.801285266880000,0.000000000000000
-40.796096801799997,173.872695923000009,1.451032042500000,1.673556447030000,1.842090129850000,-1.798294544220000,0.000000000000000
-40.796279907200002,173.873977660999998,1.451047539710000,1.673560500140000,1.842092633250000,-1.798308372500000,0.000000000000000
-40.795871734599999,173.875183104999991,1.451038360600000,1.673550248150000,1.842082977290000,-1.798293590550000,0.000000000000000
-40.792247772200000,173.869766234999986,1.450870752330000,1.673393130300000,1.841908812520000,-1.798117041590000,0.000000000000000
-40.793601989700001,173.870208740000010,1.450953006740000,1.673470139500000,1.841993927960000,-1.798181295390000,0.000000000000000
-40.794513702400003,173.871749878000003,1.450964331630000,1.673479080200000,1.842003703120000,-1.798192262650000,0.000000000000000
-40.795402526899998,173.876770020000009,1.451028347020000,1.673547029500000,1.842074155810000,-1.798299431800000,0.000000000000000
-40.790088653600002,173.869522095000008,1.450921058650000,1.673459291460000,1.841979503630000,-1.798164725300000,0.000000000000000
-40.791034698499999,173.870330811000002,1.450831055640000,1.673348665240000,1.841859817500000,-1.798034071920000,0.000000000000000
-40.780944824199999,173.900375365999992,1.453906297680000,1.676887869830000,1.845898151400000,-1.801248669620000,0.000000000000000
-40.776882171600001,173.903839110999996,1.453420519830000,1.676298618320000,1.845221042630000,-1.800967931750000,0.000000000000000
-40.778888702400003,173.902618407999995,1.453370809560000,1.676290273670000,1.845229506490000,-1.801038265230000,0.000000000000000
-40.779674530000001,173.900955199999999,1.453338146210000,1.676241040230000,1.845186352730000,-1.800792098050000,0.000000000000000
-40.775138855000002,173.903137206999986,1.453582882880000,1.676575899120000,1.845558762550000,-1.801192760470000,0.000000000000000
-40.773349762000002,173.902572631999988,1.453068733220000,1.675874352460000,1.844743967060000,-1.800620317460000,0.000000000000000
-40.792152404799999,173.880065918000014,1.448498725890000,1.669412612920000,1.837513089180000,-1.787545800210000,0.000000000000000
-40.794815063500003,173.873794556000007,1.451026797290000,1.673539638520000,1.842069745060000,-1.798294425010000,0.000000000000000
-40.794578552200001,173.875350951999991,1.450984478000000,1.673485159870000,1.842010498050000,-1.798186063770000,0.000000000000000
-40.792480468800001,173.871414184999992,1.450906872750000,1.673426628110000,1.841948628430000,-1.798162221910000,0.000000000000000
-40.793331146200003,173.872940062999987,1.450940132140000,1.673456907270000,1.841983079910000,-1.798182487490000,0.000000000000000
-40.794712066700001,173.877746581999986,1.450874567030000,1.673383951190000,1.841903448100000,-1.798064470290000,0.000000000000000
-40.793754577599998,173.876358032000013,1.450982332230000,1.673491835590000,1.842015504840000,-1.798230409620000,0.000000000000000
-40.792133331300001,173.878860473999993,1.450804352760000,1.673331022260000,1.841839790340000,-1.798006534580000,0.000000000000000
-40.789726257300003,173.870895386000001,1.450784087180000,1.673281550410000,1.841786265370000,-1.797931909560000,0.000000000000000
-40.790813446000001,173.871826171999999,1.450820446010000,1.673316240310000,1.841822981830000,-1.798003792760000,0.000000000000000
-40.779708862299998,173.899703979000009,1.453093051910000,1.676092624660000,1.845028519630000,-1.801028490070000,0.000000000000000
-40.780071258500001,173.898284912000008,1.452716112140000,1.675609827040000,1.844491720200000,-1.800228834150000,0.000000000000000
-40.776664733899999,173.901916504000013,1.453266143800000,1.676277995110000,1.845274329190000,-1.801061391830000,0.000000000000000
-40.778129577599998,173.900360107000012,1.453330874440000,1.676302194600000,1.845258474350000,-1.800895333290000,0.000000000000000
-40.771587371800003,173.900726318000011,1.451800346370000,1.674452304840000,1.843099713330000,-1.798897743230000,0.000000000000000
-40.774803161599998,173.901443481000001,1.453180909160000,1.676007270810000,1.844903826710000,-1.800639629360000,0.000000000000000
-40.773151397699998,173.901107787999990,1.453604340550000,1.676725387570000,1.845788836480000,-1.801571488380000,0.000000000000000
-40.791423797599997,173.883377074999999,1.450535893440000,1.673024535180000,1.841488361360000,-1.797695755960000,0.000000000000000
-40.791076660199998,173.879272460999999,1.450783133510000,1.673276305200000,1.841780066490000,-1.797891139980000,0.000000000000000
-40.788524627699999,173.870529175000001,1.450605750080000,1.673060417180000,1.841536760330000,-1.797667384150000,0.000000000000000
-40.793041229200000,173.874633789000001,1.450905084610000,1.673395156860000,1.841912150380000,-1.798096179960000,0.000000000000000
-40.791812896700002,173.873123168999996,1.450839400290000,1.673322081570000,1.841827154160000,-1.797962188720000,0.000000000000000
-40.792613983199999,173.877624512000011,1.450956583020000,1.673462986950000,1.841985821720000,-1.798192262650000,0.000000000000000
-40.792182922400002,173.876068115000010,1.450809359550000,1.673308014870000,1.841817259790000,-1.797940969470000,0.000000000000000
-40.791328430199997,173.878234862999989,1.450787901880000,1.673278212550000,1.841781854630000,-1.797942638400000,0.000000000000000
-40.789428710899998,173.872085571000014,1.450763225560000,1.673240303990000,1.841739058490000,-1.797874450680000,0.000000000000000
-40.790393829300001,173.873107909999987,1.450759291650000,1.673254966740000,1.841761589050000,-1.797931909560000,0.000000000000000
-40.778640747099999,173.898330687999987,1.452796220780000,1.675681710240000,1.844571709630000,-1.800311446190000,0.000000000000000
-40.779624939000001,173.897171020999991,1.452992320060000,1.675877094270000,1.844784855840000,-1.800502896310000,0.000000000000000
-40.769882202100000,173.899993896000012,1.451994538310000,1.674678206440000,1.843352556230000,-1.799246311190000,0.000000000000000
-40.771095275900002,173.899185181000007,1.451976299290000,1.674641966820000,1.843317866330000,-1.799173712730000,0.000000000000000
-40.776138305700002,173.900100707999997,1.452775120740000,1.675625681880000,1.844484806060000,-1.800357341770000,0.000000000000000
-40.777179717999999,173.898910521999994,1.452665925030000,1.675632357600000,1.844540715220000,-1.800365686420000,0.000000000000000
-40.772712707499998,173.899826050000001,1.451785564420000,1.674568891530000,1.843204021450000,-1.799400329590000,0.000000000000000
-40.774372100800001,173.899810790999993,1.453026533130000,1.675940394400000,1.844866871830000,-1.800655126570000,0.000000000000000
-40.790390014600000,173.883819579999994,1.450526475910000,1.673015117650000,1.841480612750000,-1.797686100010000,0.000000000000000
-40.790626525900002,173.882141112999989,1.450504779820000,1.672954201700000,1.841414451600000,-1.797580838200000,0.000000000000000
-40.790138244600001,173.878479004000013,1.450680255890000,1.673165440560000,1.841648578640000,-1.797804355620000,0.000000000000000
-40.789791107200003,173.879882812000005,1.450528860090000,1.672984480860000,1.841446280480000,-1.797616004940000,0.000000000000000
-40.787303924600003,173.871307373000008,1.450684666630000,1.673152685170000,1.841645956040000,-1.797697067260000,0.000000000000000
-40.785964965799998,173.871536254999995,1.450438857080000,1.672892093660000,1.841350674630000,-1.797583460810000,0.000000000000000
-40.788032531699997,173.872406006000006,1.450628161430000,1.673094391820000,1.841577053070000,-1.797737240790000,0.000000000000000
-40.790817260700003,173.874786376999992,1.450849771500000,1.673334836960000,1.841842532160000,-1.798038959500000,0.000000000000000
-40.790683746299997,173.876953125000000,1.450680494310000,1.673156261440000,1.841644406320000,-1.797759294510000,0.000000000000000
-40.789089202900001,173.873733520999991,1.450576424600000,1.673057556150000,1.841535210610000,-1.797608852390000,0.000000000000000
-40.777297973600000,173.897567748999990,1.452575445180000,1.675410985950000,1.844268441200000,-1.800063371660000,0.000000000000000
-40.778465271000002,173.896286011000001,1.452542424200000,1.675518393520000,1.844432115550000,-1.800194859500000,0.000000000000000
-40.769596099899999,173.898529053000004,1.451794505120000,1.674442768100000,1.843089699750000,-1.798948407170000,0.000000000000000
-40.768512725800001,173.898452759000008,1.451758146290000,1.674383521080000,1.843027472500000,-1.798812389370000,0.000000000000000
-40.770721435500000,173.897918701000009,1.451832175250000,1.674510478970000,1.843161344530000,-1.799101233480000,0.000000000000000
-40.772064209000000,173.898086548000009,1.452198505400000,1.674878954890000,1.843593835830000,-1.799333333970000,0.000000000000000
-40.775695800800001,173.898178101000013,1.452628731730000,1.675452470780000,1.844286561010000,-1.800182819370000,0.000000000000000
-40.773723602300002,173.898178101000013,1.452215909960000,1.674906849860000,1.843628883360000,-1.799489498140000,0.000000000000000
-40.782550811800000,173.872314453000001,1.446114301680000,1.665240645410000,1.832823395730000,-1.777767300610000,0.000000000000000
-40.789260864299997,173.882827759000008,1.450516939160000,1.672967195510000,1.841426968570000,-1.797583699230000,0.000000000000000
-40.789638519299999,173.881011962999992,1.450462698940000,1.672909021380000,1.841357707980000,-1.797456622120000,0.000000000000000
-40.787860870400003,173.883682251000010,1.450468659400000,1.672933936120000,1.841383099560000,-1.797611594200000,0.000000000000000
-40.789180755600000,173.877593993999994,1.450614929200000,1.673098206520000,1.841576457020000,-1.797727823260000,0.000000000000000
-40.788776397699998,173.878875732000012,1.450525283810000,1.672954916950000,1.841420769690000,-1.797517180440000,0.000000000000000
-40.788425445599998,173.880249023000005,1.450555324550000,1.673014879230000,1.841475725170000,-1.797622442250000,0.000000000000000
-40.786510467500001,173.872711181999989,1.450428485870000,1.672869324680000,1.841336250310000,-1.797398805620000,0.000000000000000
-40.785072326700003,173.872634887999993,1.450606226920000,1.673081636430000,1.841561675070000,-1.797788143160000,0.000000000000000
-40.787338256799998,173.874099731000001,1.450564384460000,1.673006772990000,1.841480374340000,-1.797631025310000,0.000000000000000
-40.788524627699999,173.875915526999989,1.450561285020000,1.673028707500000,1.841504573820000,-1.797628164290000,0.000000000000000
-40.776519775399997,173.896148681999989,1.451884865760000,1.674558401110000,1.843283891680000,-1.799201607700000,0.000000000000000
-40.777889251700003,173.894943237000007,1.451844573020000,1.674625158310000,1.843399763110000,-1.799442887310000,0.000000000000000
-40.768283844000003,173.897033690999990,1.451865196230000,1.674520850180000,1.843180060390000,-1.799007534980000,0.000000000000000
-40.769599914600001,173.897109984999986,1.451868772510000,1.674508333210000,1.843167304990000,-1.798983335490000,0.000000000000000
-40.771244049099998,173.896728515999996,1.451867461200000,1.674534320830000,1.843200802800000,-1.799163579940000,0.000000000000000
-40.772884368900002,173.896636962999992,1.451933741570000,1.674638986590000,1.843315124510000,-1.799458026890000,0.000000000000000
-40.774623870799999,173.896560668999996,1.452004313470000,1.674738168720000,1.843441724780000,-1.799394726750000,0.000000000000000
-40.781841278100003,173.873489379999995,1.449974775310000,1.672361016270000,1.840778827670000,-1.796725034710000,0.000000000000000
-40.787872314500000,173.881835937999995,1.450493693350000,1.672940731050000,1.841398358350000,-1.797510743140000,0.000000000000000
-40.786312103299998,173.884567261000001,1.449915051460000,1.671405076980000,1.839705348010000,-1.793357968330000,0.000000000000000
-40.786682128899997,173.882934570000003,1.450398087500000,1.672806859020000,1.841248750690000,-1.797280073170000,0.000000000000000
-40.787784576400000,173.877777100000003,1.450455188750000,1.672900319100000,1.841353654860000,-1.797495245930000,0.000000000000000
-40.787345886200001,173.879272460999999,1.450493812560000,1.672960519790000,1.841419816020000,-1.797578454020000,0.000000000000000
-40.787120819099997,173.880584717000005,1.450359463690000,1.672769427300000,1.841209173200000,-1.797329068180000,0.000000000000000
-40.785339355500000,173.874282837000010,1.450358748440000,1.672797322270000,1.841252684590000,-1.797333240510000,0.000000000000000
-40.786540985099997,173.875534058000000,1.450400114060000,1.672852039340000,1.841305375100000,-1.797424316410000,0.000000000000000
-40.786746978799997,173.876815795999988,1.450442790990000,1.672889947890000,1.841349363330000,-1.797465085980000,0.000000000000000
-40.784637451199998,173.884445190000008,1.447860002520000,1.668486714360000,1.836468935010000,-1.786137819290000,0.000000000000000
-40.783630371100003,173.875000000000000,1.450265407560000,1.672703623770000,1.841143131260000,-1.797227144240000,0.000000000000000
-40.782173156699997,173.874557495000005,1.450146436690000,1.672572612760000,1.840999484060000,-1.797065138820000,0.000000000000000
-40.783382415799998,173.884460448999988,1.450137019160000,1.672563552860000,1.840985655780000,-1.797188520430000,0.000000000000000
-40.776439666700000,173.894363403000000,1.451770782470000,1.674444317820000,1.843170642850000,-1.798966765400000,0.000000000000000
-40.775222778299998,173.895141601999995,1.451873898510000,1.674535632130000,1.843222379680000,-1.799061059950000,0.000000000000000
-40.777801513699998,173.893463134999990,1.451028823850000,1.673561453820000,1.842158675190000,-1.798165798190000,0.000000000000000
-40.778728485099997,173.891571045000006,1.451191544530000,1.673823952670000,1.842477202420000,-1.798481941220000,0.000000000000000
-40.768592834499998,173.895614623999990,1.451606035230000,1.674214959140000,1.842843890190000,-1.798684120180000,0.000000000000000
-40.767143249500002,173.894531250000000,1.451694130900000,1.674295306210000,1.842934966090000,-1.798707723620000,0.000000000000000
-40.770256042500002,173.895431518999999,1.451740980150000,1.674362182620000,1.843004226680000,-1.798830270770000,0.000000000000000
-40.771949768100001,173.895202637000011,1.451761245730000,1.674382805820000,1.843029975890000,-1.798983216290000,0.000000000000000
-40.773696899400001,173.895065308000000,1.451843857770000,1.674455046650000,1.843135237690000,-1.799042224880000,0.000000000000000
-40.767814636200001,173.893218993999994,1.451715707780000,1.674335598950000,1.842977285390000,-1.798773050310000,0.000000000000000
-40.780826568599998,173.874069214000002,1.449948191640000,1.672351717950000,1.840745210650000,-1.796851515770000,0.000000000000000
-40.786125183099998,173.881576537999990,1.450443506240000,1.672891139980000,1.841332077980000,-1.797484278680000,0.000000000000000
-40.785240173299997,173.882980347000000,1.450298190120000,1.672702193260000,1.841132402420000,-1.797245740890000,0.000000000000000
-40.786128997799999,173.878219604000009,1.450357675550000,1.672792673110000,1.841238021850000,-1.797365665440000,0.000000000000000
-40.785835266100001,173.879959106000001,1.450340628620000,1.672743797300000,1.841182589530000,-1.797280788420000,0.000000000000000
-40.784759521500000,173.876602173000009,1.450292110440000,1.672711491580000,1.841151237490000,-1.797263622280000,0.000000000000000
-40.783668518100001,173.883193970000008,1.450217366220000,1.672619938850000,1.841031074520000,-1.797136902810000,0.000000000000000
-40.782371521000002,173.876220703000001,1.449975967410000,1.672343492510000,1.840746283530000,-1.796832799910000,0.000000000000000
-40.780841827400003,173.875183104999991,1.449868440630000,1.672213673590000,1.840598106380000,-1.796593904500000,0.000000000000000
-40.782325744600001,173.883773803999986,1.450076222420000,1.672446131710000,1.840844750400000,-1.796847581860000,0.000000000000000
-40.781143188500003,173.885650634999990,1.449992775920000,1.672408819200000,1.840793848040000,-1.797284483910000,0.000000000000000
-40.779670715300000,173.887634276999989,1.444610476490000,1.663074612620000,1.830399751660000,-1.773564219470000,0.000000000000000
-40.776359558099998,173.892974853999988,1.451409339900000,1.673987507820000,1.842640638350000,-1.798540592190000,0.000000000000000
-40.774841308600003,173.893539428999986,1.451373100280000,1.673960208890000,1.842580199240000,-1.798609614370000,0.000000000000000
-40.777183532700001,173.891708373999990,1.451129555700000,1.673767566680000,1.842415332790000,-1.798470616340000,0.000000000000000
-40.778285980200003,173.890228271000012,1.450660943980000,1.673207402230000,1.841796398160000,-1.797778368000000,0.000000000000000
-40.769191741900002,173.893905640000014,1.451722979550000,1.674336075780000,1.842977762220000,-1.798785686490000,0.000000000000000
-40.770950317400001,173.894027709999989,1.451701164250000,1.674301028250000,1.842949509620000,-1.798925638200000,0.000000000000000
-40.772663116499999,173.893341063999998,1.451617240910000,1.674203515050000,1.842837333680000,-1.798854351040000,0.000000000000000
-40.768905639600000,173.892242431999989,1.451593637470000,1.674165368080000,1.842795491220000,-1.798624634740000,0.000000000000000
-40.779567718499997,173.874038696000014,1.449535608290000,1.671871066090000,1.840224862100000,-1.796335816380000,0.000000000000000
-40.778327941900002,173.873458862000007,1.449591398240000,1.671887397770000,1.840229749680000,-1.796252608300000,0.000000000000000
-40.784004211400003,173.881195068000011,1.450230240820000,1.672632455830000,1.841054916380000,-1.797145962720000,0.000000000000000
-40.784294128399999,173.878890990999992,1.450223326680000,1.672639846800000,1.841063976290000,-1.797183990480000,0.000000000000000
-40.783016204799999,173.877807617000002,1.450116038320000,1.672511935230000,1.840927481650000,-1.796989560130000,0.000000000000000
-40.782432556200000,173.882278442000000,1.450044751170000,1.672402739520000,1.840793013570000,-1.796862244610000,0.000000000000000
-40.782409668000000,173.881118773999987,1.450118660930000,1.672482728960000,1.840894341470000,-1.796941637990000,0.000000000000000
-40.781627655000001,173.877716063999998,1.450020670890000,1.672404050830000,1.840806365010000,-1.796882629390000,0.000000000000000
-40.780551910400000,173.876663207999997,1.449781775470000,1.672132849690000,1.840505123140000,-1.796615362170000,0.000000000000000
-40.779560089100002,173.875595092999987,1.449700117110000,1.672044634820000,1.840414166450000,-1.796537876130000,0.000000000000000
-40.781036377000000,173.884490967000005,1.449840426450000,1.672196984290000,1.840559005740000,-1.796505093570000,0.000000000000000
-40.781024932900003,173.882995604999991,1.449967861180000,1.672346830370000,1.840724349020000,-1.796842217450000,0.000000000000000
-40.779720306400002,173.885437012000011,1.449768304820000,1.672117948530000,1.840467810630000,-1.796431183820000,0.000000000000000
-40.779319763200000,173.886688232000012,1.450135946270000,1.672548413280000,1.840981721880000,-1.797275185590000,0.000000000000000
-40.778366088900000,173.887588501000010,1.450049757960000,1.672399997710000,1.840791225430000,-1.796565651890000,0.000000000000000
-40.775524139399998,173.891799926999994,1.451044917110000,1.673618555070000,1.842226743700000,-1.798051118850000,0.000000000000000
-40.773983001700003,173.892044067000000,1.451422333720000,1.673999190330000,1.842636346820000,-1.798476576810000,0.000000000000000
-40.777397155800003,173.888824462999992,1.450588703160000,1.673209190370000,1.841777682300000,-1.797900080680000,0.000000000000000
-40.776405334499998,173.890258789000001,1.450762629510000,1.673238992690000,1.841760873790000,-1.797740936280000,0.000000000000000
-40.770687103299998,173.892272948999988,1.451440453530000,1.673987984660000,1.842595219610000,-1.798460602760000,0.000000000000000
-40.772529602100001,173.891265868999994,1.451000809670000,1.673513293270000,1.842068910600000,-1.797990441320000,0.000000000000000
-40.769680023200003,173.890975951999991,1.451508879660000,1.674071788790000,1.842688679700000,-1.798553705220000,0.000000000000000
-40.777015685999999,173.873977660999998,1.444950222970000,1.663790702820000,1.831275820730000,-1.775807380680000,0.000000000000000
-40.778099060099997,173.875106812000013,1.449503898620000,1.671787500380000,1.840129375460000,-1.796185493470000,0.000000000000000
-40.782028198200003,173.879592895999991,1.449965715410000,1.672318100930000,1.840708971020000,-1.796817898750000,0.000000000000000
-40.781169891399998,173.881393433000000,1.449937343600000,1.672287702560000,1.840657234190000,-1.796753525730000,0.000000000000000
-40.780166626000003,173.878311157000013,1.449720740320000,1.672033429150000,1.840391874310000,-1.796498298650000,0.000000000000000
-40.778739929200000,173.876968384000008,1.449503302570000,1.671790719030000,1.840136408810000,-1.796227931980000,0.000000000000000
-40.779598236100000,173.883804321000014,1.449933767320000,1.672277927400000,1.840638279910000,-1.796673655510000,0.000000000000000
-40.779586792000003,173.882171631000006,1.449781656270000,1.672084212300000,1.840443730350000,-1.796425461770000,0.000000000000000
-40.778125762899997,173.884674071999996,1.449864029880000,1.672211170200000,1.840577840810000,-1.796674847600000,0.000000000000000
-40.778129577599998,173.886215209999989,1.449948072430000,1.672289609910000,1.840654015540000,-1.796633362770000,0.000000000000000
-40.776844024699997,173.887329101999995,1.450005054470000,1.672404170040000,1.840811729430000,-1.796923398970000,0.000000000000000
-40.774368286100000,173.890274048000009,1.450929403310000,1.673494219780000,1.842065811160000,-1.798151016240000,0.000000000000000
-40.775665283199999,173.888687134000008,1.450409650800000,1.672835350040000,1.841313481330000,-1.797163367270000,0.000000000000000
-40.772571563699998,173.889495850000003,1.450679779050000,1.673130750660000,1.841634511950000,-1.797502875330000,0.000000000000000
-40.770900726299999,173.890121459999989,1.451279878620000,1.673862814900000,1.842472076420000,-1.798463106160000,0.000000000000000
-40.767566680900003,173.865661620999987,1.447929024700000,1.669904232030000,1.838038206100000,-1.794580578800000,0.000000000000000
-40.773319244400000,173.869461059999992,1.447592973710000,1.669528126720000,1.837558507920000,-1.793806552890000,0.000000000000000
-40.774227142299999,173.871719359999986,-0.789582014084000,-0.537098169327000,-0.292889267206000,-4.222936153410000,0.000000000000000
-40.775638580299997,173.873748779000010,1.448454737660000,1.670588135720000,1.838765501980000,-1.795124053960000,0.000000000000000
-40.776340484599999,173.875228881999988,1.449162840840000,1.671473503110000,1.839795351030000,-1.795954108240000,0.000000000000000
-40.777153015099998,173.876434326000009,1.449112772940000,1.671325206760000,1.839617252350000,-1.795849323270000,0.000000000000000
-40.779529571499999,173.880249023000005,1.449777841570000,1.672123074530000,1.840479850770000,-1.796546936040000,0.000000000000000
-40.778533935500000,173.878692626999992,1.449587464330000,1.671870470050000,1.840211391450000,-1.796337962150000,0.000000000000000
-40.777111053500001,173.877960204999994,1.449384689330000,1.671685934070000,1.840005755420000,-1.796160936360000,0.000000000000000
-40.778087616000001,173.883071898999987,1.449695706370000,1.672017335890000,1.840352654460000,-1.796382904050000,0.000000000000000
-40.778118133500001,173.881546020999991,1.449702501300000,1.672032833100000,1.840376496320000,-1.796542763710000,0.000000000000000
-40.776821136499997,173.883941649999997,1.449803948400000,1.672097206120000,1.840450167660000,-1.796419143680000,0.000000000000000
-40.776401519799997,173.885574340999995,1.449900507930000,1.672239184380000,1.840600967410000,-1.796524643900000,0.000000000000000
-40.775093078600001,173.887054443000011,1.450301051140000,1.672675609590000,1.841116786000000,-1.797049641610000,0.000000000000000
-40.773891448999997,173.888397217000005,1.450486421590000,1.672939062120000,1.841439962390000,-1.797422170640000,0.000000000000000
-40.772480010999999,173.888153076000009,1.450576543810000,1.673082232480000,1.841608166690000,-1.797543406490000,0.000000000000000
-40.771266937299998,173.888793945000003,1.450128078460000,1.672556281090000,1.841011047360000,-1.797263145450000,0.000000000000000
-40.767024993900002,173.867034912000008,1.447431683540000,1.669464349750000,1.837493777280000,-1.793495059010000,0.000000000000000
-40.768680572500003,173.866638184000010,1.447793722150000,1.669752001760000,1.837834835050000,-1.794361114500000,0.000000000000000
-40.771903991700000,173.869232178000004,1.447724342350000,1.669752955440000,1.837823629380000,-1.794278860090000,0.000000000000000
-40.773994445800000,173.873748779000010,1.448886513710000,1.671062946320000,1.839322566990000,-1.795342683790000,0.000000000000000
-40.774642944299998,173.875198363999999,1.448799371720000,1.671062588690000,1.839315176010000,-1.795493245120000,0.000000000000000
-40.775478362999998,173.876922607000012,1.449015975000000,1.671211719510000,1.839488387110000,-1.795596718790000,0.000000000000000
-40.777111053500001,173.879989623999990,1.449355244640000,1.671591520310000,1.839895367620000,-1.795990943910000,0.000000000000000
-40.775646209700000,173.878738403000000,1.449144482610000,1.671380400660000,1.839663624760000,-1.795846104620000,0.000000000000000
-40.776275634800001,173.882278442000000,1.449565649030000,1.671832084660000,1.840153574940000,-1.796170830730000,0.000000000000000
-40.775207519500000,173.884140015000014,1.449545502660000,1.671847701070000,1.840170025830000,-1.796298623090000,0.000000000000000
-40.774597168000000,173.885635376000010,1.449831008910000,1.672151923180000,1.840527653690000,-1.796578884120000,0.000000000000000
-40.773162841800001,173.886734009000008,1.449762582780000,1.672181129460000,1.840561270710000,-1.796675205230000,0.000000000000000
-40.771499633799998,173.887329101999995,1.450247049330000,1.672678828240000,1.841130137440000,-1.797212004660000,0.000000000000000
-40.765655517600003,173.867279053000004,1.447359204290000,1.669265389440000,1.837294816970000,-1.794157147410000,0.000000000000000
-40.766265869100003,173.868484496999997,1.447736859320000,1.669687628750000,1.837734460830000,-1.793985486030000,0.000000000000000
-40.770050048800002,173.868164062000005,1.447823524480000,1.669817805290000,1.837890148160000,-1.794170737270000,0.000000000000000
-40.768005371100003,173.868392943999993,1.447627902030000,1.669672608380000,1.837741017340000,-1.794083237650000,0.000000000000000
-40.770442962600001,173.869888306000007,1.447785019870000,1.669839143750000,1.837932467460000,-1.794339537620000,0.000000000000000
-40.771385192899999,173.870971679999997,1.447904944420000,1.669916510580000,1.837977647780000,-1.794191837310000,0.000000000000000
-40.772209167500002,173.872070312000005,1.447537541390000,1.669513463970000,1.837544083600000,-1.794209480290000,0.000000000000000
-40.772369384800001,173.873428345000008,1.448113799100000,1.670195937160000,1.838331222530000,-1.794670939450000,0.000000000000000
-40.772907257100002,173.874969482000012,1.448186397550000,1.670311570170000,1.838461995120000,-1.794871807100000,0.000000000000000
-40.773509979200000,173.876556396000012,1.448652267460000,1.670757412910000,1.838955640790000,-1.795130252840000,0.000000000000000
-40.773956298800002,173.878356934000010,1.448785781860000,1.670979380610000,1.839215040210000,-1.795392513280000,0.000000000000000
-40.774570465099998,173.880477904999992,1.449223279950000,1.671433687210000,1.839708328250000,-1.795819520950000,0.000000000000000
-40.774013519299999,173.882736206000004,1.449268817900000,1.671507477760000,1.839793801310000,-1.795917272570000,0.000000000000000
-40.773124694800003,173.884689331000004,1.449684977530000,1.671994209290000,1.840343952180000,-1.796268939970000,0.000000000000000
-40.771450042700003,173.885864257999998,1.449828743930000,1.672247886660000,1.840719461440000,-1.796885132790000,0.000000000000000
-40.764667510999999,173.868316649999997,1.447395563130000,1.669463157650000,1.837544679640000,-1.793731927870000,0.000000000000000
-40.765174865699997,173.869812012000011,1.447270631790000,1.669192194940000,1.837191939350000,-1.793625831600000,0.000000000000000
-40.767063140899999,173.870056151999989,1.447418808940000,1.669403791430000,1.837448000910000,-1.793760180470000,0.000000000000000
-40.768951416000000,173.869964600000003,1.447693705560000,1.669677138330000,1.837725162510000,-1.793983817100000,0.000000000000000
-40.769927978500000,173.871109009000008,1.447712659840000,1.669744253160000,1.837813258170000,-1.794103860860000,0.000000000000000
-40.770645141599999,173.872604370000005,1.447870492940000,1.669918060300000,1.838009238240000,-1.794333338740000,0.000000000000000
-40.770980835000003,173.874710082999997,1.448187470440000,1.670230388640000,1.838347077370000,-1.794636249540000,0.000000000000000
-40.771949768100001,173.876144409000005,1.448392510410000,1.670463323590000,1.838627934460000,-1.794646143910000,0.000000000000000
-40.772109985400000,173.877731323000006,1.448410034180000,1.670553207400000,1.838713049890000,-1.795142889020000,0.000000000000000
-40.772434234599999,173.879669188999998,1.448680758480000,1.670800447460000,1.839005112650000,-1.795144319530000,0.000000000000000
-40.772544860799997,173.881607056000007,1.448741912840000,1.670929431920000,1.839141607280000,-1.795408487320000,0.000000000000000
-40.772361755399999,173.883224487000007,1.449056863780000,1.671308755870000,1.839579939840000,-1.795806407930000,0.000000000000000
-40.771095275900002,173.884429931999989,1.448752045630000,1.670900940900000,1.839108347890000,-1.795641899110000,0.000000000000000
-40.763427734399997,173.869445801000012,1.447371840480000,1.669276356700000,1.837283372880000,-1.793708920480000,0.000000000000000
-40.760375976600002,173.869476318000011,1.446939349170000,1.668786883350000,1.836742877960000,-1.793274879460000,0.000000000000000
-40.758689880399999,173.869995117000002,1.446508049960000,1.668437004090000,1.836381077770000,-1.792944550510000,0.000000000000000
-40.763862609900002,173.871047973999993,1.447192788120000,1.669149279590000,1.837169766430000,-1.793370366100000,0.000000000000000
-40.765769958500002,173.871551514000004,1.447502136230000,1.669468879700000,1.837493181230000,-1.793748974800000,0.000000000000000
-40.768218994100003,173.872131348000011,1.447741270070000,1.669733405110000,1.837789893150000,-1.794086694720000,0.000000000000000
-40.769412994400000,173.873825073000006,1.447710514070000,1.669734716420000,1.837798357010000,-1.794095397000000,0.000000000000000
-40.769332885700003,173.875228881999988,1.447822213170000,1.669842004780000,1.837914109230000,-1.794274926190000,0.000000000000000
-40.770244598399998,173.876770020000009,1.447988510130000,1.670037508010000,1.838136196140000,-1.794530272480000,0.000000000000000
-40.770561218300003,173.878936767999988,1.448253631590000,1.670358657840000,1.838489413260000,-1.794767498970000,0.000000000000000
-40.770858764600000,173.880874634000008,1.448350548740000,1.670547842980000,1.838695764540000,-1.795270562170000,0.000000000000000
-40.771026611300002,173.882690429999997,1.448862910270000,1.671060800550000,1.839293241500000,-1.795463085170000,0.000000000000000
-40.769790649400001,173.883834839000002,1.448091626170000,1.670221090320000,1.838314533230000,-1.794855117800000,0.000000000000000
-40.761882782000001,173.870620728000006,1.446820020680000,1.668707847600000,1.836657047270000,-1.793132781980000,0.000000000000000
-40.756126403800003,173.870849609000004,1.446365714070000,1.668196439740000,1.836111783980000,-1.792468428610000,0.000000000000000
-40.759838104200000,173.871078490999992,1.446823120120000,1.668684720990000,1.836641430850000,-1.792873859410000,0.000000000000000
-40.762722015400001,173.872070312000005,1.447067737580000,1.668929696080000,1.836887598040000,-1.793240785600000,0.000000000000000
-40.764202117899998,173.872741698999988,1.447129368780000,1.669008374210000,1.836986064910000,-1.793442606930000,0.000000000000000
-40.766082763699998,173.873535156000003,1.447291374210000,1.669226288800000,1.837235569950000,-1.793541789050000,0.000000000000000
-40.767894744899998,173.874450684000010,1.447720408440000,1.669698357580000,1.837753891940000,-1.794086337090000,0.000000000000000
-40.768138885500001,173.876358032000013,1.447798490520000,1.669782280920000,1.837846636770000,-1.794149756430000,0.000000000000000
-40.768630981400001,173.878295898000005,1.447858691220000,1.669914841650000,1.837991833690000,-1.794448494910000,0.000000000000000
-40.769088745099999,173.880264282000013,1.448030352590000,1.670128345490000,1.838232636450000,-1.794733166690000,0.000000000000000
-40.769504547099999,173.882110595999990,1.447932124140000,1.670060634610000,1.838140964510000,-1.794537782670000,0.000000000000000
-40.768455505399999,173.883392334000007,1.448038458820000,1.670158386230000,1.838264107700000,-1.794858932500000,0.000000000000000
-40.761119842500001,173.872390746999997,1.446754574780000,1.668607711790000,1.836555957790000,-1.792923688890000,0.000000000000000
-40.755111694299998,173.871902465999995,1.445820450780000,1.667503595350000,1.835302948950000,-1.791770219800000,0.000000000000000
-40.756931304900000,173.872329712000010,1.446181774140000,1.667946696280000,1.835829257970000,-1.792271733280000,0.000000000000000
-40.758995056200000,173.872833251999992,1.446403265000000,1.668218731880000,1.836110591890000,-1.792588591580000,0.000000000000000
-40.762546539299997,173.873580933000000,1.446908473970000,1.668801426890000,1.836767673490000,-1.793066978450000,0.000000000000000
-40.764236450200002,173.874664306999989,1.447350859640000,1.669257283210000,1.837258934970000,-1.793552279470000,0.000000000000000
-40.766174316399997,173.875625609999986,1.447420120240000,1.669366359710000,1.837376236920000,-1.793792843820000,0.000000000000000
-40.766559600800001,173.877731323000006,1.447518944740000,1.669503092770000,1.837532281880000,-1.793983817100000,0.000000000000000
-40.767185211200001,173.879745482999994,1.447572469710000,1.669602394100000,1.837637066840000,-1.794140815730000,0.000000000000000
-40.767803192099997,173.881607056000007,1.447843790050000,1.669927477840000,1.837998867030000,-1.794414520260000,0.000000000000000
-40.767337799099998,173.884262084999989,1.446902513500000,1.668816804890000,1.836710453030000,-1.793235778810000,0.000000000000000
-40.766677856400001,173.882919312000013,1.447217583660000,1.669214248660000,1.837182879450000,-1.793573141100000,0.000000000000000
-40.760719299300000,173.874145507999998,1.446746230130000,1.668552994730000,1.836476087570000,-1.792868614200000,0.000000000000000
-40.766548156699997,173.885543823000006,1.447029829030000,1.668991565700000,1.836942434310000,-1.793344855310000,0.000000000000000
-40.765613555900003,173.886703490999992,1.447044968610000,1.669014930730000,1.836963415150000,-1.793382287030000,0.000000000000000
-40.753696441700001,173.872131348000011,1.445723056790000,1.667414188390000,1.835230112080000,-1.791684389110000,0.000000000000000
-40.752365112299998,173.872253418000014,1.445746660230000,1.667453408240000,1.835260510440000,-1.791736483570000,0.000000000000000
-40.754699707000000,173.873397826999991,1.445845723150000,1.667528986930000,1.835348725320000,-1.791705369950000,0.000000000000000
-40.755996704099999,173.873260498000008,1.445938706400000,1.667682409290000,1.835515618320000,-1.792070269580000,0.000000000000000
-40.757385253899997,173.873916626000010,1.446305394170000,1.668062329290000,1.835938811300000,-1.792268276210000,0.000000000000000
-40.758995056200000,173.874755859000004,1.446258664130000,1.668018698690000,1.835886120800000,-1.792321920390000,0.000000000000000
-40.762279510500001,173.875457764000004,1.446752429010000,1.668582916260000,1.836509227750000,-1.792987585070000,0.000000000000000
-40.764129638699998,173.877044678000004,1.447089791300000,1.668967962270000,1.836943507190000,-1.793358922000000,0.000000000000000
-40.765098571800003,173.879333495999987,1.447317838670000,1.669273257260000,1.837269663810000,-1.793711423870000,0.000000000000000
-40.765918731699998,173.881225585999999,1.447276949880000,1.669270038600000,1.837261796000000,-1.793821096420000,0.000000000000000
-40.765693664600001,173.884246826000009,1.447271347050000,1.669277191160000,1.837259769440000,-1.793703436850000,0.000000000000000
-40.764842987100003,173.882751465000013,1.447208762170000,1.669177532200000,1.837152838710000,-1.793678998950000,0.000000000000000
-40.760379791299997,173.875900268999999,1.446589946750000,1.668416857720000,1.836332321170000,-1.792716860770000,0.000000000000000
-40.764850616499999,173.885711670000006,1.446938514710000,1.668897271160000,1.836829066280000,-1.793292760850000,0.000000000000000
-40.764297485400000,173.887374878000003,1.446567654610000,1.668505191800000,1.836395621300000,-1.792870402340000,0.000000000000000
-40.758918762199997,173.876174926999994,1.446287274360000,1.668056488040000,1.835914492610000,-1.792370676990000,0.000000000000000
-40.753204345699999,173.873687743999994,1.445632219310000,1.667323231700000,1.835124492650000,-1.791686415670000,0.000000000000000
-40.754337310799997,173.874618529999992,1.445683360100000,1.667357087140000,1.835147619250000,-1.791717648510000,0.000000000000000
-40.755844116200002,173.874755859000004,1.445764422420000,1.667446851730000,1.835253477100000,-1.791711568830000,0.000000000000000
-40.757560730000002,173.875564574999999,1.446135401730000,1.667887091640000,1.835742592810000,-1.792234182360000,0.000000000000000
-40.761672973600000,173.877380370999987,1.446789860730000,1.668624758720000,1.836550235750000,-1.792978644370000,0.000000000000000
-40.762882232700001,173.879165648999987,1.446834921840000,1.668727874760000,1.836660742760000,-1.793200969700000,0.000000000000000
-40.763912200900002,173.881042479999991,1.447002053260000,1.668917894360000,1.836868524550000,-1.793304324150000,0.000000000000000
-40.763916015600003,173.884323120000005,1.446631193160000,1.668567180630000,1.836466670040000,-1.792985439300000,0.000000000000000
-40.762935638400002,173.882736206000004,1.446683049200000,1.668596744540000,1.836504578590000,-1.792952060700000,0.000000000000000
-40.759696960399999,173.877471923999991,1.446247696880000,1.668034791950000,1.835896611210000,-1.792444705960000,0.000000000000000
-40.763031005899997,173.886077881000006,1.446813702580000,1.668745040890000,1.836676359180000,-1.793167591090000,0.000000000000000
-40.762897491499999,173.887832642000006,1.447153806690000,1.669097304340000,1.837078332900000,-1.793596506120000,0.000000000000000
-40.757953643800001,173.877197265999996,1.446102619170000,1.667867898940000,1.835721135140000,-1.792118191720000,0.000000000000000
-40.752075195300002,173.874572754000013,1.445428133010000,1.667113423350000,1.834883809090000,-1.791414976120000,0.000000000000000
-40.753273010299999,173.875289917000003,1.445427060130000,1.667053222660000,1.834819078450000,-1.791238307950000,0.000000000000000
-40.754665374799998,173.875976562000005,1.445719718930000,1.667418718340000,1.835220336910000,-1.791707873340000,0.000000000000000
-40.756271362299998,173.876586914000001,1.445814609530000,1.667533874510000,1.835339069370000,-1.791847825050000,0.000000000000000
-40.760673522899999,173.879196167000003,1.446396470070000,1.668237924580000,1.836119651790000,-1.792513370510000,0.000000000000000
-40.761798858600002,173.881042479999991,1.446621418000000,1.668473720550000,1.836379408840000,-1.792908668520000,0.000000000000000
-40.762145996100003,173.884384154999992,1.446704030040000,1.668584465980000,1.836500406270000,-1.792979478840000,0.000000000000000
-40.760990142799997,173.882888793999996,1.446242332460000,1.668122053150000,1.835977315900000,-1.792427897450000,0.000000000000000
-40.761505127000000,173.885696410999998,1.445919513700000,1.667636394500000,1.835394740100000,-1.791797280310000,0.000000000000000
-40.758590698200003,173.878967284999987,1.446114540100000,1.667908072470000,1.835748076440000,-1.792313575740000,0.000000000000000
-40.761600494400000,173.887191771999994,1.446015834810000,1.667776584630000,1.835562467580000,-1.792388439180000,0.000000000000000
-40.761817932100001,173.888626098999993,1.444790482520000,1.666501283650000,1.834108710290000,-1.790652513500000,0.000000000000000
-40.750812530499999,173.875015259000008,1.444955945010000,1.666530489920000,1.834231138230000,-1.790907502170000,0.000000000000000
-40.756675720200001,173.878387451000009,1.445731401440000,1.667468428610000,1.835260391240000,-1.791811704640000,0.000000000000000
-40.751998901400000,173.875991821000014,1.445193290710000,1.666816353800000,1.834552764890000,-1.791222095490000,0.000000000000000
-40.753353118900002,173.876876831000004,1.445294499400000,1.666931867600000,1.834668755530000,-1.791287302970000,0.000000000000000
-40.754920959499998,173.877685546999999,1.445522427560000,1.667219519620000,1.834994912150000,-1.791541337970000,0.000000000000000
-40.747589111300002,173.875534058000000,1.444746017460000,1.666208863260000,1.833910226820000,-1.790753126140000,0.000000000000000
-40.759403228799997,173.881179809999992,1.446061134340000,1.667885661130000,1.835717201230000,-1.792313694950000,0.000000000000000
-40.760498046899997,173.884613037000008,1.445978522300000,1.667814373970000,1.835616707800000,-1.792268753050000,0.000000000000000
-40.759166717500001,173.883377074999999,1.445835471150000,1.667676687240000,1.835473537450000,-1.791972279550000,0.000000000000000
-40.760246276899998,173.886215209999989,1.446033716200000,1.667914867400000,1.835737466810000,-1.792081475260000,0.000000000000000
-40.757133483899999,173.880355834999989,1.445662140850000,1.667438745500000,1.835230231290000,-1.791714668270000,0.000000000000000
-40.761562347400002,173.890106201000009,1.445731282230000,1.667482972150000,1.835237383840000,-1.791670560840000,0.000000000000000
-40.760250091600000,173.887832642000006,1.445844531060000,1.667595863340000,1.835366487500000,-1.792021155360000,0.000000000000000
-40.760448455800002,173.889251709000007,1.445669174190000,1.667395234110000,1.835133433340000,-1.791898965840000,0.000000000000000
-40.760746002200001,173.892959595000008,1.445373892780000,1.667031049730000,1.834722280500000,-1.791021108630000,0.000000000000000
-40.749210357700001,173.875534058000000,1.444793343540000,1.666391253470000,1.834070920940000,-1.790906786920000,0.000000000000000
-40.750598907499999,173.876586914000001,1.444676041600000,1.666214346890000,1.833865165710000,-1.790503144260000,0.000000000000000
-40.748195648200003,173.876556396000012,1.444237351420000,1.665658116340000,1.833261489870000,-1.789927244190000,0.000000000000000
-40.755187988300001,173.879562378000003,1.445500135420000,1.667231678960000,1.834996700290000,-1.791649460790000,0.000000000000000
-40.751873016399998,173.877624512000011,1.445200800900000,1.666854858400000,1.834595680240000,-1.791129708290000,0.000000000000000
-40.753383636499997,173.878677368000012,1.445174217220000,1.666823148730000,1.834548115730000,-1.791068196300000,0.000000000000000
-40.747146606400001,173.876663207999997,1.444227457050000,1.665771484380000,1.833378791810000,-1.790327429770000,0.000000000000000
-40.759468078600001,173.893508910999998,1.445161104200000,1.666780471800000,1.834445357320000,-1.790840148930000,0.000000000000000
-40.757461547900000,173.882400512999993,1.445660591130000,1.667474865910000,1.835247635840000,-1.791898608210000,0.000000000000000
-40.758926391599999,173.885116576999991,1.445756077770000,1.667556524280000,1.835333347320000,-1.791968941690000,0.000000000000000
-40.757720947300001,173.884063720999990,1.445483088490000,1.667276620860000,1.835025429730000,-1.791645169260000,0.000000000000000
-40.758708953899998,173.886840820000003,1.445330500600000,1.667000412940000,1.834691762920000,-1.791434526440000,0.000000000000000
-40.755493164100002,173.881607056000007,1.445273160930000,1.666993141170000,1.834722161290000,-1.791410207750000,0.000000000000000
-40.759929657000001,173.890823363999999,1.445173025130000,1.666760563850000,1.834420919420000,-1.790588021280000,0.000000000000000
-40.758674621600001,173.888885498000008,1.445414423940000,1.667070746420000,1.834763050080000,-1.791415929790000,0.000000000000000
-40.758892059300003,173.892288207999997,1.445373535160000,1.667039513590000,1.834723830220000,-1.791399478910000,0.000000000000000
-40.744522094700002,173.935516357000012,1.438146233560000,1.660161376000000,1.828238606450000,-1.782997250560000,0.000000000000000
-40.743370056200000,173.936553954999994,1.438066840170000,1.660078167920000,1.828124523160000,-1.782926559450000,0.000000000000000
-40.742324829099999,173.936813354000009,1.437743783000000,1.659567832950000,1.827593326570000,-1.781286835670000,0.000000000000000
-40.741123199500002,173.936828612999989,1.438175559040000,1.660183906560000,1.828248858450000,-1.782782554630000,0.000000000000000
-40.749237060500000,173.877273559999992,1.444622159000000,1.666192173960000,1.833868026730000,-1.790723443030000,0.000000000000000
-40.750461578399999,173.878051757999998,1.444600701330000,1.666125655170000,1.833767890930000,-1.790537476540000,0.000000000000000
-40.747806549099998,173.877761840999995,1.444154977800000,1.665605425830000,1.833195090290000,-1.790089964870000,0.000000000000000
-40.753513336200001,173.880691528000000,1.445122003560000,1.666814327240000,1.834530353550000,-1.791100740430000,0.000000000000000
-40.751441955600001,173.879608154000010,1.444697976110000,1.666288971900000,1.833947658540000,-1.790838360790000,0.000000000000000
-40.746028900100001,173.877624512000011,1.444123983380000,1.665657639500000,1.833282232280000,-1.790245413780000,0.000000000000000
-40.758636474600003,173.896072387999993,1.444902062420000,1.666503071780000,1.834216594700000,-1.790698289870000,0.000000000000000
-40.758178710899998,173.893356323000006,1.445003509520000,1.666637182240000,1.834301590920000,-1.790516257290000,0.000000000000000
-40.758605957000000,173.894577026000007,1.445069432260000,1.666695714000000,1.834341526030000,-1.791139841080000,0.000000000000000
-40.755844116200002,173.883865356000001,1.445268154140000,1.667019248010000,1.834747195240000,-1.791373491290000,0.000000000000000
-40.757213592500001,173.885559081999986,1.445488214490000,1.667222619060000,1.834947228430000,-1.791581273080000,0.000000000000000
-40.756938934300003,173.887435912999990,1.445464611050000,1.667196989060000,1.834931492810000,-1.791456818580000,0.000000000000000
-40.753822326700003,173.882781982000012,1.444944500920000,1.666669487950000,1.834353089330000,-1.791120171550000,0.000000000000000
-40.754055023200003,173.884490967000005,1.445006132130000,1.666699647900000,1.834377050400000,-1.791079163550000,0.000000000000000
-40.757865905800003,173.890747070000003,1.445260763170000,1.666962623600000,1.834663033490000,-1.791244268420000,0.000000000000000
-40.756580352800000,173.889236449999999,1.445056796070000,1.666697025300000,1.834344267850000,-1.790991425510000,0.000000000000000
-40.757171630899997,173.892333984000004,1.444964051250000,1.666547417640000,1.834169864650000,-1.790776371960000,0.000000000000000
-40.752304077100000,173.914428710999999,1.444969296460000,1.667267441750000,1.835284709930000,-1.791872978210000,0.000000000000000
-40.752178192099997,173.915878295999988,1.445426583290000,1.667763113980000,1.835753679280000,-1.791841149330000,0.000000000000000
-40.751110076899998,173.916915893999999,1.444562435150000,1.666131496430000,1.834020972250000,-1.787790656090000,0.000000000000000
-40.749992370599998,173.917907715000013,1.442410826680000,1.662963151930000,1.830609917640000,-1.782289981840000,0.000000000000000
-40.746307373000000,173.932327270999991,1.437735915180000,1.659687399860000,1.827726483350000,-1.782552361490000,0.000000000000000
-40.744895935099997,173.933853148999987,1.437830686570000,1.659796595570000,1.827836990360000,-1.782449960710000,0.000000000000000
-40.743015289299997,173.935073853000006,1.437898397450000,1.659844875340000,1.827888011930000,-1.782274365430000,0.000000000000000
-40.741344451899998,173.935638428000004,1.438188076020000,1.660178065300000,1.828240871430000,-1.782750844960000,0.000000000000000
-40.739959716800001,173.936157226999995,1.438148975370000,1.660085320470000,1.828132867810000,-1.782557368280000,0.000000000000000
-40.749149322500003,173.879165648999987,1.444429278370000,1.665953159330000,1.833566308020000,-1.790286540990000,0.000000000000000
-40.747077941900002,173.879287720000008,1.443603158000000,1.664971351620000,1.832458138470000,-1.789804100990000,0.000000000000000
-40.751750946000001,173.881942748999990,1.444645166400000,1.666258335110000,1.833899855610000,-1.790698289870000,0.000000000000000
-40.749977111800000,173.881057738999999,1.444397091870000,1.665954947470000,1.833575367930000,-1.790246486660000,0.000000000000000
-40.745204925499998,173.879379271999994,1.443301081660000,1.664619207380000,1.832067132000000,-1.789427518840000,0.000000000000000
-40.757259368900002,173.896957396999994,1.444997072220000,1.666618108750000,1.834331631660000,-1.790352344510000,0.000000000000000
-40.756752014200003,173.894073485999996,1.445079684260000,1.666763305660000,1.834437489510000,-1.790908455850000,0.000000000000000
-40.755901336699999,173.898040771000012,1.444982171060000,1.666552543640000,1.834222316740000,-1.790536880490000,0.000000000000000
-40.755447387700002,173.900955199999999,1.444970250130000,1.666578650470000,1.834233760830000,-1.790591716770000,0.000000000000000
-40.752647399899999,173.913085937999995,1.445332527160000,1.667648553850000,1.835645198820000,-1.791589856150000,0.000000000000000
-40.755134582499998,173.886093140000014,1.444862842560000,1.666566371920000,1.834221959110000,-1.791076898570000,0.000000000000000
-40.755336761499997,173.887969970999990,1.445013642310000,1.666646242140000,1.834301352500000,-1.791150450710000,0.000000000000000
-40.752269744899998,173.884063720999990,1.444495320320000,1.666146874430000,1.833770155910000,-1.790591955180000,0.000000000000000
-40.753215789800002,173.885665893999999,1.444868206980000,1.666483879090000,1.834128975870000,-1.790893197060000,0.000000000000000
-40.755958557100001,173.890930176000012,1.445135712620000,1.666731715200000,1.834380388260000,-1.790881156920000,0.000000000000000
-40.754695892299999,173.889434813999998,1.444917321210000,1.666544079780000,1.834190487860000,-1.790895104410000,0.000000000000000
-40.755378723100002,173.892623901000007,1.444933056830000,1.666550755500000,1.834186792370000,-1.790662050250000,0.000000000000000
-40.751361846899997,173.913421631000006,1.445266366000000,1.667573094370000,1.835542798040000,-1.791627049450000,0.000000000000000
-40.750797271700002,173.915100098000011,1.445485472680000,1.667827010150000,1.835822343830000,-1.791767358780000,0.000000000000000
-40.749649047900000,173.916442870999987,1.444651126860000,1.666940212250000,1.834976911540000,-1.792419195180000,0.000000000000000
-40.748649597200000,173.917510985999996,1.446269869800000,1.668676853180000,1.836732745170000,-1.791890263560000,0.000000000000000
-40.746067047099999,173.930877686000002,1.437703967090000,1.659678578380000,1.827712893490000,-1.782355189320000,0.000000000000000
-40.745651245099999,173.929473876999992,1.437435269360000,1.659395575520000,1.827419161800000,-1.782258510590000,0.000000000000000
-40.744613647500003,173.931930542000003,1.437712907790000,1.659657716750000,1.827685594560000,-1.782370567320000,0.000000000000000
-40.743103027300002,173.933120728000006,1.437929391860000,1.659840822220000,1.827868700030000,-1.782632589340000,0.000000000000000
-40.741550445599998,173.934066771999994,1.438131332400000,1.660027027130000,1.828063845630000,-1.782706022260000,0.000000000000000
-40.740093231199999,173.934844970999990,1.438129544260000,1.660107851030000,1.828165411950000,-1.782614588740000,0.000000000000000
-40.738735198999997,173.935729979999991,1.438375234600000,1.660452246670000,1.828560352330000,-1.783030033110000,0.000000000000000
-40.747566223100002,173.917480468999997,1.438524842260000,1.660423159600000,1.828371882440000,-1.794440269470000,0.000000000000000
-40.743404388400002,173.879409790000011,1.442641854290000,1.664007544520000,1.831404328350000,-1.789537191390000,0.000000000000000
-40.741924285899998,173.879180907999995,1.438498735430000,1.656453132630000,1.822934389110000,-1.770375251770000,0.000000000000000
-40.748054504400002,173.881072998000008,1.443659901620000,1.665052056310000,1.832532525060000,-1.790062785150000,0.000000000000000
-40.746219635000003,173.880737304999997,1.443980097770000,1.665404081340000,1.832991600040000,-1.789646744730000,0.000000000000000
-40.749477386499997,173.883499145999991,1.444179415700000,1.665718674660000,1.833282709120000,-1.790324807170000,0.000000000000000
-40.744331359900002,173.881210326999991,1.442577838900000,1.663708806040000,1.831050992010000,-1.789454698560000,0.000000000000000
-40.755645752000000,173.895935059000010,1.444848656650000,1.666420221330000,1.834037780760000,-1.790551900860000,0.000000000000000
-40.754894256599997,173.894195556999989,1.444829583170000,1.666377544400000,1.833982825280000,-1.790485024450000,0.000000000000000
-40.754558563200000,173.899490356000001,1.444989919660000,1.666599988940000,1.834312438960000,-1.790042519570000,0.000000000000000
-40.754100799600003,173.897415160999998,1.444764494900000,1.666326642040000,1.833951830860000,-1.790281057360000,0.000000000000000
-40.754108428999999,173.901412964000002,1.444750666620000,1.666310787200000,1.833968281750000,-1.790392398830000,0.000000000000000
-40.753295898399998,173.912216187000013,1.445279598240000,1.667502760890000,1.835453391080000,-1.791440725330000,0.000000000000000
-40.753852844199997,173.911102295000006,1.445246219640000,1.667486071590000,1.835447072980000,-1.791320204730000,0.000000000000000
-40.751995086699999,173.912094115999992,1.445359706880000,1.667639493940000,1.835617542270000,-1.791632175450000,0.000000000000000
-40.754375457800002,173.905273437999995,1.444841265680000,1.666892051700000,1.834833621980000,-1.790652513500000,0.000000000000000
-40.753833770800000,173.902877808000000,1.444653987880000,1.666385412220000,1.834198594090000,-1.790306687360000,0.000000000000000
-40.753650665300000,173.904235840000013,1.444862604140000,1.666660428050000,1.834494709970000,-1.790632128720000,0.000000000000000
-40.750564575200002,173.912200928000004,1.445298314090000,1.667598843570000,1.835573911670000,-1.791662812230000,0.000000000000000
-40.753326416000000,173.887649535999998,1.444809913640000,1.666410088540000,1.834032416340000,-1.790661573410000,0.000000000000000
-40.751293182399998,173.886001587000010,1.444212436680000,1.665813446040000,1.833375692370000,-1.790433645250000,0.000000000000000
-40.754051208500002,173.891159058000000,1.444751024250000,1.666351199150000,1.833964109420000,-1.790760517120000,0.000000000000000
-40.752929687500000,173.889663696000014,1.444639682770000,1.666138887410000,1.833705067630000,-1.790489792820000,0.000000000000000
-40.753448486300002,173.893035889000004,1.444765806200000,1.666289806370000,1.833874583240000,-1.790599703790000,0.000000000000000
-40.749874114999997,173.913604735999996,1.445217490200000,1.667575716970000,1.835611820220000,-1.792023897170000,0.000000000000000
-40.749092102100001,173.914993285999998,1.444567918780000,1.666821241380000,1.834873557090000,-1.792675971980000,0.000000000000000
-40.748256683299999,173.916259765999996,1.444144606590000,1.666280269620000,1.834351539610000,-1.791703224180000,0.000000000000000
-40.748538970900000,173.925003051999994,1.432040572170000,1.650212526320000,1.817300438880000,-1.763685584070000,0.000000000000000
-40.747192382800002,173.925384521000012,1.436187148090000,1.658056139950000,1.825967788700000,-1.783914089200000,0.000000000000000
-40.745834350599999,173.925552368000012,1.436778306960000,1.658697128300000,1.826662182810000,-1.783050298690000,0.000000000000000
-40.745002746600001,173.928344726999995,1.437299251560000,1.659269809720000,1.827285289760000,-1.782202124600000,0.000000000000000
-40.744358062700002,173.930023193000011,1.437241315840000,1.659108519550000,1.827094197270000,-1.782235741620000,0.000000000000000
-40.742950439500000,173.931381226000013,1.437649250030000,1.659474730490000,1.827462911610000,-1.782211184500000,0.000000000000000
-40.741584777800000,173.932418823000006,1.437680125240000,1.659540414810000,1.827538847920000,-1.782168269160000,0.000000000000000
-40.740161895800000,173.933288573999988,1.438161373140000,1.659993410110000,1.828001976010000,-1.782612323760000,0.000000000000000
-40.738807678199997,173.934173584000007,1.438412547110000,1.660528898240000,1.828652977940000,-1.783002376560000,0.000000000000000
-40.737716674799998,173.934951782000013,1.438235044480000,1.660386681560000,1.828496217730000,-1.783105254170000,0.000000000000000
-40.737422943100000,173.936218262000011,1.438366889950000,1.660665392880000,1.828921914100000,-1.783655047420000,0.000000000000000
-40.729152679400002,173.937713623000008,1.432531595230000,1.651890277860000,1.819575190540000,-1.767786622050000,0.000000000000000
-40.736026763900000,173.936416626000010,1.436051130290000,1.655724644660000,1.823480010030000,-1.770196318630000,0.000000000000000
-40.746967315699997,173.916152954000012,1.441265225410000,1.663023352620000,1.831028223040000,-1.789200901990000,0.000000000000000
-40.748199462899997,173.921844482000012,1.434873819350000,1.655265808110000,1.823021411900000,-1.778496026990000,0.000000000000000
-40.748508453399999,173.919845581000004,1.438289999960000,1.660680055620000,1.828781366350000,-1.785833120350000,0.000000000000000
-40.746322631799998,173.917358398000005,1.441576480870000,1.663622379300000,1.831648707390000,-1.792863130570000,0.000000000000000
-40.747474670400003,173.918762206999986,1.429458498950000,1.650681376460000,1.818513512610000,-1.784412622450000,0.000000000000000
-40.727996826199998,173.936828612999989,1.440012812610000,1.662718057630000,1.831305980680000,-1.784476518630000,0.000000000000000
-40.742267608600002,173.880584717000005,1.442041635510000,1.663035511970000,1.830292582510000,-1.788649559020000,0.000000000000000
-40.746425628700003,173.882705687999987,1.443182587620000,1.664473295210000,1.831858038900000,-1.789387702940000,0.000000000000000
-40.747264862100003,173.884750365999992,1.443067789080000,1.664439916610000,1.831844925880000,-1.789787650110000,0.000000000000000
-40.748779296899997,173.886367798000009,1.443914651870000,1.665259957310000,1.832714557650000,-1.789761662480000,0.000000000000000
-40.744350433299999,173.883102417000003,1.442252874370000,1.663442611690000,1.830726742740000,-1.789569139480000,0.000000000000000
-40.742431640600003,173.882522582999997,1.442297935490000,1.663435459140000,1.830750465390000,-1.788513898850000,0.000000000000000
-40.753135681200000,173.900161743000012,1.445014715190000,1.666580319400000,1.834222912790000,-1.790573477750000,0.000000000000000
-40.753242492699997,173.895309448000006,1.444822907450000,1.666421175000000,1.834044098850000,-1.790393948550000,0.000000000000000
-40.752819061300002,173.898651123000008,1.444880843160000,1.666438341140000,1.834069013600000,-1.790472984310000,0.000000000000000
-40.752429962199997,173.897064209000007,1.444812059400000,1.666353583340000,1.833953619000000,-1.790310502050000,0.000000000000000
-40.752536773700001,173.901428223000011,1.445017457010000,1.666672825810000,1.834418296810000,-1.790340304370000,0.000000000000000
-40.752807617199998,173.910858154000010,1.445231080060000,1.667487263680000,1.835452318190000,-1.791348099710000,0.000000000000000
-40.754192352300002,173.909683228000006,1.445301651950000,1.667446136470000,1.835377573970000,-1.791229963300000,0.000000000000000
-40.754249572799999,173.906723021999994,1.445308804510000,1.667198777200000,1.835034728050000,-1.790846943860000,0.000000000000000
-40.754074096700002,173.908187865999992,1.444933176040000,1.667171955110000,1.835157752040000,-1.791096806530000,0.000000000000000
-40.751300811800000,173.910827637000011,1.445243358610000,1.667547225950000,1.835530638690000,-1.791450381280000,0.000000000000000
-40.752998352100001,173.905685425000001,1.444971442220000,1.666916489600000,1.834788203240000,-1.790701389310000,0.000000000000000
-40.751834869400000,173.903076171999999,1.445070505140000,1.666725873950000,1.834452748300000,-1.790381908420000,0.000000000000000
-40.751991271999998,173.904663085999999,1.445257186890000,1.667029738430000,1.834830284120000,-1.790623068810000,0.000000000000000
-40.749763488799999,173.910949706999986,1.445165634160000,1.667486548420000,1.835467934610000,-1.791622877120000,0.000000000000000
-40.749076843300003,173.912322998000008,1.445466876030000,1.667822360990000,1.835844039920000,-1.792334795000000,0.000000000000000
-40.750686645499997,173.888763428000004,1.444084644320000,1.665622949600000,1.833151817320000,-1.790398955350000,0.000000000000000
-40.751884460399999,173.891296387000011,1.444607138630000,1.666069388390000,1.833625555040000,-1.790239453320000,0.000000000000000
-40.751235961900001,173.893615723000011,1.444406747820000,1.665878057480000,1.833407878880000,-1.790267348290000,0.000000000000000
-40.748344421399999,173.913635254000013,1.444650173190000,1.666900515560000,1.834920167920000,-1.791678905490000,0.000000000000000
-40.747623443599998,173.914932251000010,1.444617152210000,1.666888356210000,1.834897756580000,-1.792997479440000,0.000000000000000
-40.747272491499999,173.923645020000009,1.436606168750000,1.658689975740000,1.826647520070000,-1.783895730970000,0.000000000000000
-40.746002197300001,173.924453734999986,1.436127662660000,1.657922983170000,1.825844526290000,-1.782648324970000,0.000000000000000
-40.746479034399997,173.922058104999991,1.435912609100000,1.657656788830000,1.825561761860000,-1.782864809040000,0.000000000000000
-40.744575500499998,173.924621581999986,1.435772418980000,1.657590746880000,1.825470685960000,-1.782397866250000,0.000000000000000
-40.744392394999998,173.925842284999987,1.436825871470000,1.658782124520000,1.826763629910000,-1.782531857490000,0.000000000000000
-40.745368957499998,173.926956176999994,1.435879707340000,1.657586097720000,1.825444102290000,-1.782474279400000,0.000000000000000
-40.743721008300000,173.928359984999986,1.437257766720000,1.659097909930000,1.827067971230000,-1.782266855240000,0.000000000000000
-40.742492675800001,173.929794312000013,1.437393307690000,1.659160614010000,1.827116131780000,-1.782361388210000,0.000000000000000
-40.741550445599998,173.931015015000014,1.437903523450000,1.659645438190000,1.827615380290000,-1.782594203950000,0.000000000000000
-40.740203857399997,173.931655884000008,1.438023805620000,1.659832000730000,1.827827453610000,-1.782802820210000,0.000000000000000
-40.738735198999997,173.932586670000006,1.438146233560000,1.660004019740000,1.828022003170000,-1.782678961750000,0.000000000000000
-40.737400054900000,173.933639526000007,1.438506007190000,1.660678863530000,1.828811049460000,-1.783606648450000,0.000000000000000
-40.736217498800002,173.934982300000001,1.439002871510000,1.661375164990000,1.829712629320000,-1.783605575560000,0.000000000000000
-40.729732513400002,173.936569214000002,1.439183831210000,1.661537170410000,1.829853415490000,-1.783962368970000,0.000000000000000
-40.734542846700002,173.936126709000007,1.438694238660000,1.661079287530000,1.829387664790000,-1.783181667330000,0.000000000000000
-40.732700347900000,173.936981201000009,1.439628601070000,1.662147641180000,1.830448389050000,-1.784514546390000,0.000000000000000
-40.731262207000000,173.936279296999999,1.439306378360000,1.661750435830000,1.830285072330000,-1.783725500110000,0.000000000000000
-40.746414184599999,173.914993285999998,1.443324327470000,1.665563583370000,1.833652615550000,-1.794132232670000,0.000000000000000
-40.745624542199998,173.915939331000004,1.440635204320000,1.662564396860000,1.830620765690000,-1.792627692220000,0.000000000000000
-40.744747161900001,173.917114257999998,1.435779809950000,1.657727837560000,1.825623512270000,-1.790640234950000,0.000000000000000
-40.746562957800002,173.920364379999995,1.438619613650000,1.661087155340000,1.829184651370000,-1.788934469220000,0.000000000000000
-40.745567321800003,173.918655395999991,1.439754366870000,1.661853671070000,1.829958677290000,-1.788742065430000,0.000000000000000
-40.728672027599998,173.935409545999988,1.434021711350000,1.656145095830000,1.824440598490000,-1.781541228290000,0.000000000000000
-40.740753173800002,173.881423949999999,1.441038966180000,1.662223696710000,1.829449653630000,-1.791002988820000,0.000000000000000
-40.739215850800001,173.880508423000009,1.443075418470000,1.664547801020000,1.831839680670000,-1.794363498690000,0.000000000000000
-40.745292663599997,173.884628295999988,1.443150281910000,1.664357662200000,1.831733345990000,-1.789216041560000,0.000000000000000
-40.746341705299997,173.886520386000001,1.442826628680000,1.664023399350000,1.831319808960000,-1.789742708210000,0.000000000000000
-40.747615814200003,173.888732909999987,1.443465232850000,1.664775967600000,1.832141757010000,-1.789625287060000,0.000000000000000
-40.740684509300003,173.882827759000008,1.439651727680000,1.660842657090000,1.827913999560000,-1.790367484090000,0.000000000000000
-40.743263244600001,173.884414673000009,1.441115856170000,1.662115216260000,1.829243540760000,-1.789353489880000,0.000000000000000
-40.741382598900003,173.884140015000014,1.441080808640000,1.662027597430000,1.829169511800000,-1.788356065750000,0.000000000000000
-40.735889434800001,173.871032715000013,1.450648427010000,1.675911664960000,1.842788934710000,-1.819033026700000,0.000000000000000
-40.734626769999998,173.871658324999999,1.449933409690000,1.674956321720000,1.841720700260000,-1.817035794260000,0.000000000000000
-40.733238220200001,173.871749878000003,1.451117038730000,1.676486968990000,1.843500375750000,-1.820233106610000,0.000000000000000
-40.751647949199999,173.899810790999993,1.444704413410000,1.666288852690000,1.833942174910000,-1.790147304530000,0.000000000000000
-40.750942230200003,173.895935059000010,1.444507479670000,1.665973424910000,1.833512783050000,-1.790141582490000,0.000000000000000
-40.751049041700000,173.897994995000005,1.444877386090000,1.666376709940000,1.833979845050000,-1.790403246880000,0.000000000000000
-40.750671386699999,173.901275634999990,1.445098161700000,1.666699051860000,1.834388971330000,-1.790577530860000,0.000000000000000
-40.752204894999998,173.909179687999995,1.445345520970000,1.667388319970000,1.835280060770000,-1.791120886800000,0.000000000000000
-40.752479553199997,173.907257079999994,1.445053935050000,1.667179226880000,1.835128545760000,-1.791041135790000,0.000000000000000
-40.750473022500003,173.909667968999997,1.445525407790000,1.667782425880000,1.835774779320000,-1.791644096370000,0.000000000000000
-40.751235961900001,173.905944823999988,1.445034980770000,1.666956901550000,1.834828495980000,-1.790764808650000,0.000000000000000
-40.749916076700003,173.902664184999992,1.445182204250000,1.666918635370000,1.834663987160000,-1.790621995930000,0.000000000000000
-40.750232696499999,173.904357909999987,1.445050597190000,1.666925907140000,1.834737777710000,-1.790856122970000,0.000000000000000
-40.748977661100000,173.909591675000001,1.445270299910000,1.667532920840000,1.835505366330000,-1.791675210000000,0.000000000000000
-40.748191833500002,173.911087035999998,1.445269465450000,1.667644381520000,1.835681319240000,-1.791840910910000,0.000000000000000
-40.747730255100002,173.912414551000012,1.444784641270000,1.667098999020000,1.835086703300000,-1.792418718340000,0.000000000000000
-40.748970031699997,173.891586303999986,1.443887829780000,1.665229916570000,1.832648992540000,-1.790010929110000,0.000000000000000
-40.748912811300002,173.894515990999992,1.444474935530000,1.665860176090000,1.833329439160000,-1.790085673330000,0.000000000000000
-40.746662139900003,173.913528442000000,1.444127082820000,1.666222572330000,1.834290742870000,-1.791905045510000,0.000000000000000
-40.745143890400001,173.923049926999994,1.436505794530000,1.658440113070000,1.826389551160000,-1.784893274310000,0.000000000000000
-40.745208740199999,173.921401978000006,1.434909701350000,1.656613707540000,1.824521303180000,-1.783849000930000,0.000000000000000
-40.743129730200003,173.923553467000005,1.436836957930000,1.658772945400000,1.826770901680000,-1.783484935760000,0.000000000000000
-40.742946624799998,173.925262451000009,1.436137080190000,1.657794117930000,1.825654387470000,-1.782933712010000,0.000000000000000
-40.743232727100001,173.926834106000001,1.436671972270000,1.658424735070000,1.826341509820000,-1.782289743420000,0.000000000000000
-40.741870880100002,173.928207396999994,1.437023162840000,1.658698081970000,1.826581239700000,-1.782448649410000,0.000000000000000
-40.740509033199999,173.929779053000004,1.437284350400000,1.658944129940000,1.826852083210000,-1.781998515130000,0.000000000000000
-40.738681793200001,173.930831909000005,1.438225507740000,1.660012006760000,1.828004837040000,-1.782867789270000,0.000000000000000
-40.737144470200001,173.931961059999992,1.438906192780000,1.661089420320000,1.829248428340000,-1.783696889880000,0.000000000000000
-40.735786437999998,173.933181762999993,1.438087701800000,1.660250067710000,1.828446388240000,-1.782561063770000,0.000000000000000
-40.734619140600003,173.934356688999998,1.438924670220000,1.661230564120000,1.829500794410000,-1.783538579940000,0.000000000000000
-40.730373382600000,173.935012817000000,1.437593698500000,1.659845352170000,1.828173875810000,-1.783711194990000,0.000000000000000
-40.732570648200003,173.934677123999990,1.438547492030000,1.660835146900000,1.829192280770000,-1.783036828040000,0.000000000000000
-40.745201110799997,173.914443970000008,1.442344784740000,1.664115071300000,1.832056641580000,-1.790358185770000,0.000000000000000
-40.744083404500003,173.915573120000005,1.443821191790000,1.666441679000000,1.834659814830000,-1.796139955520000,0.000000000000000
-40.743106842000003,173.916793823000006,1.438428044320000,1.660534977910000,1.828500628470000,-1.791646599770000,0.000000000000000
-40.743770599400001,173.918350220000008,1.435468554500000,1.657435655590000,1.825294613840000,-1.788031935690000,0.000000000000000
-40.744514465300000,173.919998168999996,1.436527490620000,1.658886194230000,1.826901197430000,-1.790559887890000,0.000000000000000
-40.729198455800002,173.933868407999995,1.441999673840000,1.664676308630000,1.833256363870000,-1.785561800000000,0.000000000000000
-40.727622985799997,173.934280395999991,1.430310606960000,1.652013182640000,1.819904685020000,-1.779682397840000,0.000000000000000
-40.738498687700002,173.881530762000011,1.437210798260000,1.657536506650000,1.824650049210000,-1.781225562100000,0.000000000000000
-40.739181518599999,173.882263184000010,1.440311193470000,1.661525964740000,1.828784465790000,-1.787320494650000,0.000000000000000
-40.744098663300001,173.886260985999996,1.442020654680000,1.663013100620000,1.830156922340000,-1.788653492930000,0.000000000000000
-40.744998931900000,173.888351440000008,1.442121267320000,1.663190841670000,1.830381035800000,-1.789283156390000,0.000000000000000
-40.745910644500000,173.890762329000012,1.443065285680000,1.664230108260000,1.831428527830000,-1.789644241330000,0.000000000000000
-40.739669799799998,173.883819579999994,1.438640832900000,1.659772515300000,1.826810121540000,-1.792916417120000,0.000000000000000
-40.742031097400002,173.885848998999990,1.440566539760000,1.661548137660000,1.828614711760000,-1.789533257480000,0.000000000000000
-40.740203857399997,173.885360717999987,1.440411925320000,1.661182761190000,1.828184127810000,-1.789512276650000,0.000000000000000
-40.735927581799999,173.872497559000010,1.448698878290000,1.672072768210000,1.838539481160000,-1.809843540190000,0.000000000000000
-40.731952667199998,173.871520995999987,1.445753216740000,1.669966220860000,1.835829138760000,-1.812442421910000,0.000000000000000
-40.734127044700003,173.872833251999992,1.450408458710000,1.675557017330000,1.842376947400000,-1.817940354350000,0.000000000000000
-40.732498168900001,173.872756957999997,1.448780059810000,1.673715829850000,1.840266227720000,-1.816655278210000,0.000000000000000
-40.749664306600003,173.899398803999986,1.444999933240000,1.666533350940000,1.834144234660000,-1.790487408640000,0.000000000000000
-40.748786926299999,173.897079467999987,1.444273591040000,1.665748000140000,1.833243846890000,-1.790261268620000,0.000000000000000
-40.748420715300000,173.901229857999994,1.444703221320000,1.666329145430000,1.833989262580000,-1.790233731270000,0.000000000000000
-40.750114440899999,173.907806396000012,1.445287942890000,1.667437553410000,1.835352182390000,-1.791043996810000,0.000000000000000
-40.749607086200001,173.905914306999989,1.445269107820000,1.667268037800000,1.835132837300000,-1.790914297100000,0.000000000000000
-40.748428344700002,173.903350829999994,1.445374727250000,1.667022943500000,1.834742665290000,-1.790862679480000,0.000000000000000
-40.748600006099998,173.904937743999994,1.445116996770000,1.667024374010000,1.834842562680000,-1.790593981740000,0.000000000000000
-40.748092651400000,173.908340454000012,1.445651173590000,1.667941808700000,1.835958242420000,-1.791841745380000,0.000000000000000
-40.747215271000002,173.909729004000013,1.445427060130000,1.667734384540000,1.835739135740000,-1.792117714880000,0.000000000000000
-40.746383667000003,173.911499023000005,1.444954872130000,1.667374014850000,1.835421562190000,-1.792451024060000,0.000000000000000
-40.746528625499998,173.893402100000003,1.443041086200000,1.664326548580000,1.831595778470000,-1.789518713950000,0.000000000000000
-40.747016906699997,173.895523071000014,1.444218635560000,1.665548682210000,1.832940340040000,-1.790309548380000,0.000000000000000
-40.744922637899997,173.912765503000003,1.444628238680000,1.666995644570000,1.835109710690000,-1.793618321420000,0.000000000000000
-40.743343353299998,173.921569823999988,1.435912251470000,1.657703280450000,1.825600385670000,-1.783335447310000,0.000000000000000
-40.741477966300003,173.922515868999994,1.436188340190000,1.657890081410000,1.825745582580000,-1.784018516540000,0.000000000000000
-40.741275787399999,173.924316406000003,1.436453223230000,1.658100724220000,1.825966000560000,-1.782869219780000,0.000000000000000
-40.741088867199998,173.926376342999987,1.436906576160000,1.658544659610000,1.826432704930000,-1.782353520390000,0.000000000000000
-40.740173339800002,173.928054809999992,1.437238574030000,1.658997178080000,1.826882839200000,-1.782667756080000,0.000000000000000
-40.738597869899998,173.928939818999993,1.438343286510000,1.660231590270000,1.828207254410000,-1.783418059350000,0.000000000000000
-40.736907959000000,173.930099487000007,1.437788248060000,1.659667968750000,1.827681660650000,-1.782760143280000,0.000000000000000
-40.735363006599997,173.931381226000013,1.439013481140000,1.661374449730000,1.829574346540000,-1.783736228940000,0.000000000000000
-40.733974456799999,173.932800293000014,1.439423561100000,1.661852836610000,1.830190420150000,-1.784378051760000,0.000000000000000
-40.730800628700003,173.933319092000005,1.437116146090000,1.659402966500000,1.827712178230000,-1.783016204830000,0.000000000000000
-40.732276916499998,173.932556151999989,1.439566969870000,1.661937594410000,1.830291271210000,-1.784048318860000,0.000000000000000
-40.743492126500001,173.913879395000009,1.442354202270000,1.664582371710000,1.832679510120000,-1.793811559680000,0.000000000000000
-40.742328643800001,173.915237426999994,1.438264012340000,1.660308957100000,1.828255295750000,-1.791837811470000,0.000000000000000
-40.741653442400001,173.916534423999991,1.437808036800000,1.660110592840000,1.828135132790000,-1.793059468270000,0.000000000000000
-40.742053985600002,173.917953490999992,1.437799811360000,1.660040855410000,1.828035235400000,-1.790883421900000,0.000000000000000
-40.742630004900001,173.919631957999997,1.435457110400000,1.657192111020000,1.825037479400000,-1.785977005960000,0.000000000000000
-40.729568481400001,173.932479857999994,1.435279250140000,1.657387018200000,1.825621128080000,-1.781985998150000,0.000000000000000
-40.728149414100002,173.932693481000001,1.434774160390000,1.656797051430000,1.824957966800000,-1.783090472220000,0.000000000000000
-40.737411498999997,173.882308959999989,1.438763141630000,1.661830306050000,1.829253315930000,-1.822670578960000,0.000000000000000
-40.738025665300000,173.883422851999995,1.443437695500000,1.665001153950000,1.832422971730000,-1.798735499380000,0.000000000000000
-40.742668151899998,173.887817382999998,1.441473722460000,1.662367105480000,1.829368710520000,-1.789350986480000,0.000000000000000
-40.743350982700001,173.890045165999993,1.441134691240000,1.661941051480000,1.828871607780000,-1.788622617720000,0.000000000000000
-40.743995666499998,173.892501831000004,1.442761182790000,1.663940191270000,1.831042528150000,-1.789963006970000,0.000000000000000
-40.738529205299997,173.884887695000003,1.438263297080000,1.659371256830000,1.826370239260000,-1.791616559030000,0.000000000000000
-40.740566253700003,173.887115478999988,1.437669992450000,1.658526778220000,1.825245380400000,-1.787874698640000,0.000000000000000
-40.739036560099997,173.886322021000012,1.441262483600000,1.662493109700000,1.829632997510000,-1.795607209210000,0.000000000000000
-40.735141754200001,173.874206543000014,1.451103448870000,1.676035046580000,1.842936635020000,-1.817801833150000,0.000000000000000
-40.736354827900001,173.875930785999998,1.452152848240000,1.677834391590000,1.845140457150000,-1.825582027440000,0.000000000000000
-40.736721038799999,173.877746581999986,1.448534846310000,1.671800732610000,1.838506340980000,-1.811439514160000,0.000000000000000
-40.736930847200000,173.879257201999991,1.451262116430000,1.676388025280000,1.844076752660000,-1.823905706410000,0.000000000000000
-40.737243652300002,173.880813598999993,1.453084588050000,1.678926110270000,1.846120834350000,-1.831882834430000,0.000000000000000
-40.733337402300002,173.874176024999997,1.449909925460000,1.675178289410000,1.841868162160000,-1.819887042050000,0.000000000000000
-40.747421264600000,173.899002074999999,1.444766402240000,1.666240334510000,1.833768486980000,-1.790410876270000,0.000000000000000
-40.746486663799999,173.897140503000003,1.443986296650000,1.665330052380000,1.832705497740000,-1.789986848830000,0.000000000000000
-40.746322631799998,173.900512695000003,1.444777965550000,1.666409373280000,1.833973288540000,-1.790787816050000,0.000000000000000
-40.746513366700000,173.902435303000004,1.445327281950000,1.666989088060000,1.834685444830000,-1.791016340260000,0.000000000000000
-40.747848510700003,173.906524657999995,1.445329189300000,1.667398333550000,1.835290312770000,-1.791436314580000,0.000000000000000
-40.746887207000000,173.904510498000008,1.445244550700000,1.667151212690000,1.834969758990000,-1.791219115260000,0.000000000000000
-40.746311187700002,173.908081054999997,1.444927930830000,1.667155146600000,1.835087776180000,-1.791004180910000,0.000000000000000
-40.745323181200000,173.909759521000012,1.445503592490000,1.667878985400000,1.835905432700000,-1.792746186260000,0.000000000000000
-40.744632720900000,173.911209106000001,1.443686962130000,1.665539383890000,1.833491206170000,-1.790588021280000,0.000000000000000
-40.744365692099997,173.895477295000006,1.443321108820000,1.664507269860000,1.831660270690000,-1.789902567860000,0.000000000000000
-40.743171691900002,173.912002562999987,1.444624185560000,1.666935324670000,1.835016489030000,-1.793090462680000,0.000000000000000
-40.741302490199999,173.920806884999990,1.435993671420000,1.657796144490000,1.825639367100000,-1.785653710370000,0.000000000000000
-40.740089416499998,173.921722412000008,1.437688827510000,1.659632682800000,1.827648520470000,-1.784647107120000,0.000000000000000
-40.739719390899999,173.923156737999989,1.437418460850000,1.659171700480000,1.827121853830000,-1.783866882320000,0.000000000000000
-40.739299774199999,173.925003051999994,1.437298893930000,1.659016966820000,1.826916456220000,-1.783351182940000,0.000000000000000
-40.738807678199997,173.926986693999993,1.437035322190000,1.658769845960000,1.826619744300000,-1.782581567760000,0.000000000000000
-40.736511230500000,173.927886962999992,1.438239097600000,1.660174727440000,1.828201293950000,-1.783083081250000,0.000000000000000
-40.735141754200001,173.929580687999987,1.439948320390000,1.662337541580000,1.830592036250000,-1.784800529480000,0.000000000000000
-40.733226776099997,173.930648803999986,1.437670826910000,1.659850478170000,1.828059792520000,-1.782770276070000,0.000000000000000
-40.730819702100000,173.931304931999989,1.439768195150000,1.662192344670000,1.830597639080000,-1.784936308860000,0.000000000000000
-40.741237640400001,173.913253784000005,1.442151069640000,1.664704561230000,1.832795500760000,-1.793720364570000,0.000000000000000
-40.740402221700002,173.915405273000005,1.440919995310000,1.663540840150000,1.831652998920000,-1.794414639470000,0.000000000000000
-40.740371704099999,173.917312621999997,1.433745145800000,1.655630707740000,1.823283672330000,-1.786912441250000,0.000000000000000
-40.740787506099998,173.919082642000006,1.435291647910000,1.657155871390000,1.824942111970000,-1.785727500920000,0.000000000000000
-40.728878021200003,173.931198120000005,1.439304947850000,1.661709785460000,1.830117940900000,-1.784271836280000,0.000000000000000
-40.736408233600002,173.881622313999998,1.447088241580000,1.670625925060000,1.838013648990000,-1.812394380570000,0.000000000000000
-40.736518859900002,173.882858276000007,1.445714235310000,1.669903039930000,1.837294101720000,-1.822522282600000,0.000000000000000
-40.736850738500003,173.884368896000012,1.444806218150000,1.668144583700000,1.835912585260000,-1.816141366960000,0.000000000000000
-40.740955352800000,173.889251709000007,1.440210103990000,1.661110758780000,1.827923417090000,-1.789940118790000,0.000000000000000
-40.741580963099999,173.891601562000005,1.440891146660000,1.661868453030000,1.828685045240000,-1.789277553560000,0.000000000000000
-40.742225646999998,173.893676757999998,1.441447496410000,1.662516951560000,1.829358339310000,-1.789392590520000,0.000000000000000
-40.737388610799997,173.886093140000014,1.440220236780000,1.661209464070000,1.828286170960000,-1.793739438060000,0.000000000000000
-40.738498687700002,173.888122559000010,1.440591216090000,1.661533117290000,1.828551769260000,-1.791672468190000,0.000000000000000
-40.734264373800002,173.875747681000007,1.449986338620000,1.675044178960000,1.841897010800000,-1.818460702900000,0.000000000000000
-40.735099792500002,173.877380370999987,1.451769590380000,1.677043080330000,1.844330072400000,-1.818238496780000,0.000000000000000
-40.735740661599998,173.878707886000001,1.451156735420000,1.676309466360000,1.843321681020000,-1.823631405830000,0.000000000000000
-40.735664367699997,173.880249023000005,1.448468208310000,1.672618508340000,1.839817404750000,-1.819123148920000,0.000000000000000
-40.732406616200002,173.875549315999990,1.452415466310000,1.677896261220000,1.845044970510000,-1.822561740880000,0.000000000000000
-40.744834899899999,173.898651123000008,1.444327473640000,1.665784716610000,1.833192706110000,-1.790712356570000,0.000000000000000
-40.744426727300002,173.901245117000002,1.444572567940000,1.666185021400000,1.833710312840000,-1.790543913840000,0.000000000000000
-40.744586944600002,173.903717040999993,1.445180058480000,1.666894674300000,1.834602594380000,-1.791231393810000,0.000000000000000
-40.745330810500000,173.906082153000000,1.445594549180000,1.667586565020000,1.835451364520000,-1.791510343550000,0.000000000000000
-40.744041442899999,173.908020020000009,1.445530176160000,1.667762637140000,1.835737347600000,-1.792601227760000,0.000000000000000
-40.743358612100003,173.910049437999987,1.444717168810000,1.667071938510000,1.835108399390000,-1.792834997180000,0.000000000000000
-40.741271972699998,173.895538329999994,1.442622184750000,1.663829326630000,1.830831646920000,-1.790219902990000,0.000000000000000
-40.742568969700002,173.897430420000006,1.443521738050000,1.664903283120000,1.832044601440000,-1.790679454800000,0.000000000000000
-40.741371154799999,173.910842895999991,1.444203138350000,1.666631937030000,1.834753394130000,-1.794535160060000,0.000000000000000
-40.739490508999999,173.920318603999988,1.437186717990000,1.659035682680000,1.826947689060000,-1.785393357280000,0.000000000000000
-40.738452911400003,173.921783446999996,1.435876131060000,1.657529950140000,1.825294733050000,-1.784482598300000,0.000000000000000
-40.737728118900002,173.923599243000012,1.437078356740000,1.658795237540000,1.826695561410000,-1.783192038540000,0.000000000000000
-40.737178802499997,173.925613403000000,1.439190030100000,1.661142349240000,1.829205155370000,-1.784365415570000,0.000000000000000
-40.735229492199998,173.926132201999991,1.439011693000000,1.661255836490000,1.829418540000000,-1.784527421000000,0.000000000000000
-40.733699798600000,173.927886962999992,1.438814640050000,1.661113023760000,1.829288601880000,-1.784153938290000,0.000000000000000
-40.731319427499997,173.929077148000005,1.440494894980000,1.662945032120000,1.831395030020000,-1.785023212430000,0.000000000000000
-40.729656219500001,173.929855347000000,1.435535907750000,1.657444834710000,1.825567722320000,-1.782302260400000,0.000000000000000
-40.739528655999997,173.911682129000013,1.441811680790000,1.664030790330000,1.832051396370000,-1.792391657830000,0.000000000000000
-40.738361358600002,173.913726806999989,1.440212488170000,1.662562012670000,1.830636262890000,-1.792116999630000,0.000000000000000
-40.738460540799998,173.916366576999991,1.436741828920000,1.658992767330000,1.826833963390000,-1.789701461790000,0.000000000000000
-40.738872528100003,173.918487548999991,1.436184644700000,1.658154964450000,1.825955152510000,-1.787153601650000,0.000000000000000
-40.727954864499999,173.929595946999996,1.437908291820000,1.660226583480000,1.828609466550000,-1.784746646880000,0.000000000000000
-40.735206603999998,173.881881714000002,1.453365802760000,1.679071307180000,1.846676588060000,-1.833190798760000,0.000000000000000
-40.735195159900002,173.883529662999990,1.443278551100000,1.666429162030000,1.833689928050000,-1.813464999200000,0.000000000000000
-40.735443115199999,173.885391234999986,1.449379205700000,1.673900008200000,1.841769456860000,-1.822989821430000,0.000000000000000
-40.739051818800000,173.890808104999991,1.439960598950000,1.660914540290000,1.827661871910000,-1.789821982380000,0.000000000000000
-40.739902496299997,173.893295287999990,1.442365646360000,1.663735508920000,1.830709815030000,-1.791394710540000,0.000000000000000
-40.735958099400001,173.887466431000007,1.441654920580000,1.663611173630000,1.830844879150000,-1.804013371470000,0.000000000000000
-40.736530303999999,173.889831543000014,1.443096041680000,1.664572358130000,1.831779360770000,-1.797314524650000,0.000000000000000
-40.733245849600003,173.877258301000012,1.449861407280000,1.674366831780000,1.840777397160000,-1.820074081420000,0.000000000000000
-40.734279632600000,173.878875732000012,1.451666831970000,1.676986932750000,1.844452023510000,-1.823496103290000,0.000000000000000
-40.733844757100002,173.880599976000013,1.451353073120000,1.676859259610000,1.844123840330000,-1.822243571280000,0.000000000000000
-40.742240905800003,173.899703979000009,1.444190979000000,1.665573239330000,1.832908391950000,-1.790619850160000,0.000000000000000
-40.742050170900001,173.902450562000013,1.446001172070000,1.667719841000000,1.835453271870000,-1.792774438860000,0.000000000000000
-40.742309570300002,173.905624390000014,1.445130705830000,1.667108297350000,1.834952116010000,-1.791941046710000,0.000000000000000
-40.741611480700001,173.908493042000003,1.445063233380000,1.667485117910000,1.835489034650000,-1.792328476910000,0.000000000000000
-40.738445282000001,173.895462035999998,1.442587494850000,1.663948297500000,1.830935239790000,-1.791805148120000,0.000000000000000
-40.740119934100001,173.897827148000005,1.444049596790000,1.665466785430000,1.832716703410000,-1.791779994960000,0.000000000000000
-40.739315032999997,173.909545898000005,1.444797635080000,1.667468190190000,1.835670590400000,-1.795274019240000,0.000000000000000
-40.737449646000002,173.920013428000004,1.436641573910000,1.658476829530000,1.826350688930000,-1.785473227500000,0.000000000000000
-40.736228942899999,173.921905517999988,1.439455509190000,1.661481857300000,1.829595804210000,-1.786064505580000,0.000000000000000
-40.735485076899998,173.924102782999995,1.437426090240000,1.659268617630000,1.827216148380000,-1.783741354940000,0.000000000000000
-40.733276367199998,173.925170898000005,1.440039038660000,1.662413597110000,1.830691218380000,-1.784860730170000,0.000000000000000
-40.731201171899997,173.926666259999990,1.438778877260000,1.661037325860000,1.829343795780000,-1.784360408780000,0.000000000000000
-40.729301452599998,173.928070068000011,1.439756393430000,1.662124156950000,1.830506443980000,-1.784863948820000,0.000000000000000
-40.737346649199999,173.911056518999999,1.441700100900000,1.663901567460000,1.831856608390000,-1.791656970980000,0.000000000000000
-40.735454559300003,173.912841796999999,1.442879557610000,1.665421485900000,1.833600640300000,-1.792973041530000,0.000000000000000
-40.736087799099998,173.915435790999993,1.440081357960000,1.662280917170000,1.830296754840000,-1.790569067000000,0.000000000000000
-40.736663818399997,173.917877196999996,1.436829328540000,1.658994078640000,1.826823234560000,-1.788708329200000,0.000000000000000
-40.733612060500000,173.882400512999993,1.450379848480000,1.675490617750000,1.843149781230000,-1.820372939110000,0.000000000000000
-40.733531951899998,173.884338379000013,1.449321508410000,1.674369454380000,1.841953992840000,-1.820267081260000,0.000000000000000
-40.733730316200003,173.886520386000001,1.445147871970000,1.668961048130000,1.836568713190000,-1.813033223150000,0.000000000000000
-40.736839294399999,173.892715454000012,1.442659258840000,1.663753032680000,1.830877900120000,-1.792944669720000,0.000000000000000
-40.735813140899999,173.895248412999990,1.445427775380000,1.667294502260000,1.834947347640000,-1.796782970430000,0.000000000000000
-40.734157562299998,173.888839722000000,1.444090843200000,1.666672229770000,1.834024190900000,-1.806173801420000,0.000000000000000
-40.734657287600001,173.891021728999988,1.442272663120000,1.664290070530000,1.831620812420000,-1.800236105920000,0.000000000000000
-40.732078552200001,173.879074097000000,1.451475501060000,1.676594376560000,1.843687415120000,-1.820146918300000,0.000000000000000
-40.732215881300000,173.881134032999995,1.449485063550000,1.673745036130000,1.840948104860000,-1.815423965450000,0.000000000000000
-40.739448547400002,173.900619506999988,1.444887995720000,1.666632890700000,1.834160208700000,-1.792967796330000,0.000000000000000
-40.739276885999999,173.903778076000009,1.444915771480000,1.666737914090000,1.834484815600000,-1.792132258420000,0.000000000000000
-40.739265441900002,173.906845092999987,1.445804595950000,1.668457627300000,1.836573600770000,-1.795163750650000,0.000000000000000
-40.736724853500000,173.898162842000005,1.445068120960000,1.666769504550000,1.834295868870000,-1.794388532640000,0.000000000000000
-40.733581543000000,173.896545409999987,1.443336486820000,1.665102481840000,1.832484126090000,-1.797603487970000,0.000000000000000
-40.736766815199999,173.908370972000000,1.442660808560000,1.664819359780000,1.832787275310000,-1.793079972270000,0.000000000000000
-40.734981536900001,173.919723511000001,1.433938741680000,1.655547142030000,1.823100328450000,-1.784019827840000,0.000000000000000
-40.733272552499997,173.922195434999992,1.437673807140000,1.659608244900000,1.827620148660000,-1.784923076630000,0.000000000000000
-40.730773925800001,173.924057006999988,1.439253449440000,1.661482453350000,1.829703807830000,-1.784918069840000,0.000000000000000
-40.728828430199997,173.925781250000000,1.440619945530000,1.663109302520000,1.831647634510000,-1.786024689670000,0.000000000000000
-40.734653472900000,173.910202026000007,1.442798376080000,1.665312051770000,1.833432793620000,-1.793872475620000,0.000000000000000
-40.732807159399997,173.912063598999993,1.440012574200000,1.662068128590000,1.830039501190000,-1.791210055350000,0.000000000000000
-40.733455657999997,173.914596558000000,1.439541816710000,1.661678314210000,1.829674839970000,-1.790600538250000,0.000000000000000
-40.734123230000002,173.917190551999994,1.439468145370000,1.661871790890000,1.830030441280000,-1.791143059730000,0.000000000000000
-40.731674194299998,173.882919312000013,1.450573444370000,1.675371527670000,1.842740297320000,-1.819467902180000,0.000000000000000
-40.731533050499998,173.885269165000011,1.449088335040000,1.672971367840000,1.840570807460000,-1.814248681070000,0.000000000000000
-40.731754303000002,173.887802123999990,1.449978113170000,1.674712061880000,1.842596173290000,-1.818420410160000,0.000000000000000
-40.733459472699998,173.893325806000007,1.443580031390000,1.665492296220000,1.832793712620000,-1.799955844880000,0.000000000000000
-40.732299804699998,173.890411376999992,1.444081783290000,1.666829347610000,1.834216475490000,-1.806495547290000,0.000000000000000
-40.730823516800001,173.895156859999986,1.444310069080000,1.666968584060000,1.834644794460000,-1.803870677950000,0.000000000000000
-40.736274719199997,173.901824951000009,1.445031046870000,1.666993737220000,1.834765553470000,-1.795132756230000,0.000000000000000
-40.736301422099999,173.905258178999986,1.445705175400000,1.668345928190000,1.836458206180000,-1.796033144000000,0.000000000000000
-40.733383178700002,173.899658203000001,1.444442749020000,1.666551947590000,1.834259510040000,-1.797723531720000,0.000000000000000
-40.731266021700002,173.897720337000010,1.445402503010000,1.668114542960000,1.835945844650000,-1.803006410600000,0.000000000000000
-40.733711242699997,173.907287598000011,1.442887544630000,1.665310263630000,1.833270788190000,-1.794506311420000,0.000000000000000
-40.732151031500003,173.919158936000002,1.435608983040000,1.657599091530000,1.825295448300000,-1.785763978960000,0.000000000000000
-40.729999542199998,173.921234131000006,1.439174652100000,1.661526679990000,1.829779863360000,-1.786516189580000,0.000000000000000
-40.728069305399998,173.923309326000009,1.436976790430000,1.658942341800000,1.826999664310000,-1.784089565280000,0.000000000000000
-40.731822967500001,173.909576415999993,1.442551493640000,1.665270924570000,1.833361387250000,-1.794496059420000,0.000000000000000
-40.730579376199998,173.911468506000006,1.440243005750000,1.662404298780000,1.830307364460000,-1.791764378550000,0.000000000000000
-40.730876922599997,173.913681029999992,1.442781448360000,1.665832161900000,1.834185242650000,-1.793901920320000,0.000000000000000
-40.731388092000003,173.916351318000011,1.437217354770000,1.659453153610000,1.827316403390000,-1.788714528080000,0.000000000000000
-40.732498168900001,173.903488159000005,1.444057583810000,1.666419267650000,1.834328532220000,-1.797236919400000,0.000000000000000
-40.729942321800003,173.900146484000004,1.442165374760000,1.664392709730000,1.831982493400000,-1.799601078030000,0.000000000000000
-40.730224609399997,173.906799315999990,1.441504001620000,1.663950085640000,1.831879258160000,-1.795451045040000,0.000000000000000
-40.729129791299997,173.918243407999995,1.435970067980000,1.658068060870000,1.825906753540000,-1.786760330200000,0.000000000000000
