latitude,longitude,mhws10,mhwsc,hat,lat,mask
-41.262615203899998,173.102935790999993,1.550762772560000,1.704238295560000,1.846907854080000,-1.638944506650000,0.000000000000000
-41.262912750200002,173.103134154999992,1.553163528440000,1.710608005520000,1.852128267290000,-1.647557020190000,0.000000000000000
-41.263141632100002,173.103256226000013,1.554362416270000,1.710280299190000,1.854591727260000,-1.653064966200000,0.000000000000000
-41.262264251700003,173.102905273000005,1.547109723090000,1.703253746030000,1.843701362610000,-1.640193581580000,0.000000000000000
-41.262424469000003,173.103149414000001,1.547796010970000,1.701332330700000,1.843748092650000,-1.638292551040000,0.000000000000000
-41.262657165500002,173.103271484000004,1.547364234920000,1.700255632400000,1.842158794400000,-1.631944656370000,0.000000000000000
-41.306354522699998,173.200805664000001,1.805919885640000,2.062434673310000,2.231111049650000,-2.130236625670000,0.000000000000000
-41.261581420900001,173.102630615000010,1.588344573970000,1.765978932380000,1.921785354610000,-1.797422289850000,0.000000000000000
-41.261772155800003,173.102844237999989,1.579342126850000,1.752840280530000,1.905864953990000,-1.766779184340000,0.000000000000000
-41.262191772500003,173.103210448999988,1.546655893330000,1.703334093090000,1.844048500060000,-1.644162058830000,0.000000000000000
-41.305252075200002,173.200607300000001,1.804926276210000,2.060864686970000,2.228962659840000,-2.131002664570000,0.000000000000000
-41.305679321299998,173.201080321999996,1.805649399760000,2.062114238740000,2.230284452440000,-2.132527828220000,0.000000000000000
-41.306209564200003,173.201553345000008,1.805852651600000,2.061967849730000,2.229975700380000,-2.132005691530000,0.000000000000000
-41.308639526400000,173.202636718999997,1.803453445430000,2.059509277340000,2.226659774780000,-2.127834320070000,0.000000000000000
-41.260902404799999,173.102203368999994,1.568476915360000,1.739111781120000,1.889661073680000,-1.755096435550000,0.000000000000000
-41.261096954300001,173.102447509999990,1.576856374740000,1.749049544330000,1.901157617570000,-1.766733884810000,0.000000000000000
-41.261295318599998,173.102691649999997,1.578239917760000,1.750075221060000,1.902267456050000,-1.764503240590000,0.000000000000000
-41.261501312299998,173.102905273000005,1.585145950320000,1.761362075810000,1.916410803790000,-1.786719203000000,0.000000000000000
-41.261711120599998,173.103118896000012,1.582398056980000,1.757153749470000,1.911335110660000,-1.780871152880000,0.000000000000000
-41.312423706099999,173.199203490999992,1.730413675310000,1.922351956370000,2.086569309230000,-1.777996659280000,0.000000000000000
-41.304153442400001,173.200729370000005,1.804738283160000,2.060857057570000,2.228900432590000,-2.132571935650000,0.000000000000000
-41.304618835399999,173.200637817000000,1.805257916450000,2.061600208280000,2.229686498640000,-2.132261276250000,0.000000000000000
-41.305511474600003,173.199966431000007,1.805439829830000,2.062172174450000,2.230751037600000,-2.130521774290000,0.000000000000000
-41.304954528800003,173.200195312000005,1.804646134380000,2.060943841930000,2.229024171830000,-2.131663560870000,0.000000000000000
-41.304290771500000,173.201126098999993,1.804697394370000,2.061130046840000,2.228917837140000,-2.133587121960000,0.000000000000000
-41.304943084700000,173.201278687000013,1.805826783180000,2.061922311780000,2.229778289790000,-2.133054733280000,0.000000000000000
-41.305519103999998,173.201751709000007,1.805851221080000,2.061852455140000,2.229853153230000,-2.131597995760000,0.000000000000000
-41.305957794199998,173.202148437999995,1.806165933610000,2.062716245650000,2.230830192570000,-2.132694005970000,0.000000000000000
-41.306610107399997,173.202209473000011,1.805838584900000,2.062381267550000,2.230558872220000,-2.132432937620000,0.000000000000000
-41.307521820100000,173.202377318999993,1.805478811260000,2.062592506410000,2.230478048320000,-2.132720232010000,0.000000000000000
-41.260597228999998,173.102233887000011,1.564575910570000,1.738298177720000,1.890828371050000,-1.770726203920000,0.000000000000000
-41.260284423800002,173.102264404000010,1.563211441040000,1.741098761560000,1.894048929210000,-1.785337328910000,0.000000000000000
-41.260795593300003,173.102493285999998,1.570195198060000,1.741533875470000,1.892541646960000,-1.761046290400000,0.000000000000000
-41.261001586900001,173.102752686000002,1.576994180680000,1.749400615690000,1.901496887210000,-1.769038796420000,0.000000000000000
-41.261211395300002,173.102981567000000,1.578056693080000,1.750123620030000,1.902227401730000,-1.765138387680000,0.000000000000000
-41.261428832999997,173.103210448999988,1.582332491870000,1.757118344310000,1.911296844480000,-1.780026197430000,0.000000000000000
-41.259799957299997,173.101989745999987,1.563692450520000,1.745333433150000,1.899968504910000,-1.804444193840000,0.000000000000000
-41.303833007800002,173.200515746999997,1.804932236670000,2.061679124830000,2.229740619660000,-2.133220434190000,0.000000000000000
-41.304225921600001,173.200408936000002,1.804384708400000,2.060485601430000,2.228554964070000,-2.131893157960000,0.000000000000000
-41.304508209200002,173.200119018999999,1.804841160770000,2.061244487760000,2.229476690290000,-2.131824970250000,0.000000000000000
-41.304885864299997,173.199661254999995,1.803834080700000,2.059566020970000,2.227704286580000,-2.129764556880000,0.000000000000000
-41.304359435999999,173.201690673999991,1.805287003520000,2.061173439030000,2.228766441350000,-2.134163379670000,0.000000000000000
-41.304893493700000,173.202026367000002,1.805424332620000,2.061368465420000,2.228996753690000,-2.132793188100000,0.000000000000000
-41.305427551299999,173.202438354000009,1.805533766750000,2.061764478680000,2.229479551320000,-2.133584737780000,0.000000000000000
-41.306037902800000,173.202789306999989,1.805094242100000,2.060869216920000,2.228546619420000,-2.130647420880000,0.000000000000000
-41.306800842299999,173.203079223999993,1.805509686470000,2.062321424480000,2.230785369870000,-2.132580995560000,0.000000000000000
-41.259971618700000,173.102264404000010,1.566144704820000,1.747937679290000,1.902998805050000,-1.807215213780000,0.000000000000000
-41.259670257600000,173.102279662999990,1.567695140840000,1.749743819240000,1.904803991320000,-1.809548974040000,0.000000000000000
-41.260475158699997,173.102539062000005,1.565087556840000,1.738859891890000,1.891836643220000,-1.772263646130000,0.000000000000000
-41.260150909399997,173.102569579999994,1.566036820410000,1.745948553090000,1.901170015340000,-1.800500512120000,0.000000000000000
-41.260692596399998,173.102813720999990,1.567597866060000,1.739032626150000,1.890088796620000,-1.758172631260000,0.000000000000000
-41.260913848900003,173.103057860999996,1.576281785960000,1.748636722560000,1.900825619700000,-1.766587615010000,0.000000000000000
-41.259510040300000,173.102005004999995,1.569867491720000,1.750627756120000,1.905022501950000,-1.808192729950000,0.000000000000000
-41.259639739999997,173.101760863999999,1.565253496170000,1.745797038080000,1.899687528610000,-1.804103970530000,0.000000000000000
-41.282489776600002,173.180419921999999,1.786661863330000,2.030547142030000,2.194819688800000,-2.060908079150000,0.000000000000000
-41.282573700000000,173.180786132999998,1.784783482550000,2.028040885930000,2.192002534870000,-2.055679798130000,0.000000000000000
-41.304023742699997,173.200057982999994,1.804403424260000,2.060832500460000,2.229163408280000,-2.131189584730000,0.000000000000000
-41.304355621299997,173.199722290000011,1.804700493810000,2.061524152760000,2.229933738710000,-2.130957365040000,0.000000000000000
-41.303665161100000,173.199920654000010,1.804353833200000,2.061203002930000,2.229925870900000,-2.131219387050000,0.000000000000000
-41.304447174099998,173.199234009000008,1.804789423940000,2.061267614360000,2.229697465900000,-2.130225896840000,0.000000000000000
-41.303848266599999,173.201950073000006,1.805152058600000,2.061129331590000,2.228613376620000,-2.134320259090000,0.000000000000000
-41.304309844999999,173.202301024999997,1.804890394210000,2.060854673390000,2.228435516360000,-2.133544445040000,0.000000000000000
-41.303413391100001,173.202102660999998,1.804202079770000,2.060102701190000,2.227583885190000,-2.133897066120000,0.000000000000000
-41.304798126199998,173.202713012999993,1.804980278020000,2.060812711720000,2.228444576260000,-2.132002115250000,0.000000000000000
-41.304248809800001,173.202850342000005,1.804563283920000,2.060256481170000,2.227769851680000,-2.133306980130000,0.000000000000000
-41.305358886699999,173.203201293999996,1.805239319800000,2.061291456220000,2.229134321210000,-2.132177591320000,0.000000000000000
-41.259376525900002,173.102279662999990,1.570184946060000,1.751141428950000,1.905589342120000,-1.808171391490000,0.000000000000000
-41.259830474899999,173.102554321000014,1.568136215210000,1.750844120980000,1.906727314000000,-1.812275052070000,0.000000000000000
-41.259529113799999,173.102554321000014,1.568138957020000,1.749768018720000,1.904491066930000,-1.808957219120000,0.000000000000000
-41.260345459000000,173.102890015000014,1.564219832420000,1.741511344910000,1.893689394000000,-1.780717492100000,0.000000000000000
-41.259986877400003,173.102859496999997,1.572333455090000,1.756523966790000,1.913846135140000,-1.822460174560000,0.000000000000000
-41.259078979500003,173.102279662999990,1.573909521100000,1.755904555320000,1.910403490070000,-1.811484217640000,0.000000000000000
-41.259220123299997,173.102005004999995,1.574118137360000,1.756066083910000,1.910398364070000,-1.810740232470000,0.000000000000000
-41.259361267099997,173.101715087999992,1.571812152860000,1.752937197690000,1.907478570940000,-1.810263037680000,0.000000000000000
-41.306629180900003,173.182189940999990,1.814117193220000,2.071204900740000,2.239912033080000,-2.134409666060000,0.000000000000000
-41.283176422099999,173.182083129999995,1.791288971900000,2.037654161450000,2.202863454820000,-2.077697038650000,0.000000000000000
-41.283504486100000,173.182769774999997,1.791049599650000,2.037492990490000,2.202697992320000,-2.078155756000000,0.000000000000000
-41.283458709700000,173.182373046999999,1.791941642760000,2.038760185240000,2.204270601270000,-2.080281734470000,0.000000000000000
-41.282680511499997,173.179580687999987,1.783945918080000,2.026255607600000,2.190268278120000,-2.047036409380000,0.000000000000000
-41.282798767099997,173.181060790999993,1.787799954410000,2.031960248950000,2.196421384810000,-2.064540624620000,0.000000000000000
-41.282978057900003,173.181457520000009,1.788165450100000,2.033010721210000,2.197638034820000,-2.066925048830000,0.000000000000000
-41.283218383799998,173.181762695000003,1.791383266450000,2.037719726560000,2.203027009960000,-2.077840089800000,0.000000000000000
-41.283733367899998,173.182968140000014,1.791441082950000,2.038033246990000,2.203378677370000,-2.079401016240000,0.000000000000000
-41.283992767299999,173.183120728000006,1.791001915930000,2.037533044820000,2.202838420870000,-2.078682899480000,0.000000000000000
-41.303909301799997,173.199539184999992,1.803442716600000,2.059823036190000,2.228090763090000,-2.130219459530000,0.000000000000000
-41.303417205800002,173.199676514000004,1.804268836980000,2.061192989350000,2.230036020280000,-2.129643917080000,0.000000000000000
-41.304538726799997,173.198608398000005,1.803960323330000,2.060335159300000,2.228590726850000,-2.128733158110000,0.000000000000000
-41.303981780999997,173.198913573999988,1.804027557370000,2.060379028320000,2.228868722920000,-2.129190921780000,0.000000000000000
-41.303718566900002,173.202560425000001,1.804253578190000,2.059772253040000,2.227246999740000,-2.132548570630000,0.000000000000000
-41.303073883099998,173.202453612999989,1.804577708240000,2.060608625410000,2.228111505510000,-2.133847951890000,0.000000000000000
-41.304561614999997,173.203460693000011,1.803906559940000,2.059644460680000,2.227146625520000,-2.131746530530000,0.000000000000000
-41.303859710700003,173.203231812000013,1.803537130360000,2.059180736540000,2.226711511610000,-2.132167577740000,0.000000000000000
-41.258945465099998,173.102554321000014,1.575890064240000,1.757647752760000,1.911962270740000,-1.815126776700000,0.000000000000000
-41.259239196800003,173.102554321000014,1.569109082220000,1.749708771710000,1.903956055640000,-1.807717442510000,0.000000000000000
-41.259666442899999,173.102828979000009,1.568698644640000,1.750204801560000,1.905209064480000,-1.807226777080000,0.000000000000000
-41.259395599400001,173.102783203000001,1.564967393880000,1.746531963350000,1.900707364080000,-1.805564045910000,0.000000000000000
-41.258785247799999,173.102279662999990,1.579089164730000,1.761742711070000,1.916198253630000,-1.814792037010000,0.000000000000000
-41.258918762199997,173.102005004999995,1.580538988110000,1.762961030010000,1.917731046680000,-1.816499114040000,0.000000000000000
-41.259067535400000,173.101760863999999,1.578454613690000,1.761080384250000,1.915743470190000,-1.815026998520000,0.000000000000000
-41.305568695100000,173.182952881000006,1.813786387440000,2.070687055590000,2.239390373230000,-2.134253263470000,0.000000000000000
-41.307926178000002,173.183212279999992,1.814967989920000,2.072395801540000,2.241419315340000,-2.133392810820000,0.000000000000000
-41.306518554699998,173.183395386000001,1.814331889150000,2.070789814000000,2.239498376850000,-2.134977340700000,0.000000000000000
-41.305332183799997,173.181823729999991,1.814907431600000,2.071509361270000,2.240383386610000,-2.134373188020000,0.000000000000000
-41.304683685299999,173.182632446000014,1.813876390460000,2.070512056350000,2.239156961440000,-2.134384155270000,0.000000000000000
-41.283786773700001,173.182617187999995,1.790975809100000,2.037436962130000,2.202697038650000,-2.078053951260000,0.000000000000000
-41.283798217799998,173.182281493999994,1.791863322260000,2.038649082180000,2.204168558120000,-2.079700469970000,0.000000000000000
-41.284252166700000,173.183258056999989,1.790850281720000,2.037298202510000,2.202628374100000,-2.078356027600000,0.000000000000000
-41.284114837600001,173.182876587000010,1.791114926340000,2.037652254100000,2.203025341030000,-2.078909873960000,0.000000000000000
-41.303497314500000,173.199203490999992,1.803329229350000,2.060011386870000,2.228713035580000,-2.127877235410000,0.000000000000000
-41.303142547599997,173.199447631999988,1.803486466410000,2.061121463780000,2.230240345000000,-2.126702785490000,0.000000000000000
-41.304000854500003,173.198272704999994,1.803179025650000,2.060191392900000,2.228408813480000,-2.128500223160000,0.000000000000000
-41.303493499799998,173.198654175000001,1.803782224660000,2.060714483260000,2.229374170300000,-2.128066301350000,0.000000000000000
-41.304016113300001,173.197540282999995,1.803049921990000,2.059788942340000,2.227672338490000,-2.126988172530000,0.000000000000000
-41.303291320800000,173.203018187999987,1.803640365600000,2.059201955800000,2.226711750030000,-2.132499217990000,0.000000000000000
-41.302814483600002,173.202865601000013,1.803648352620000,2.059390544890000,2.226856708530000,-2.132458448410000,0.000000000000000
-41.303390502900001,173.203598021999994,1.802820444110000,2.058470487590000,2.225891590120000,-2.132013320920000,0.000000000000000
-41.258651733400001,173.102554321000014,1.576230883600000,1.758089542390000,1.912194252010000,-1.811560392380000,0.000000000000000
-41.258811950700000,173.102798462000010,1.574656367300000,1.756824612620000,1.910684585570000,-1.814285159110000,0.000000000000000
-41.259109497099999,173.102874756000006,1.563360333440000,1.744008183480000,1.897790074350000,-1.804577469830000,0.000000000000000
-41.259441375700000,173.103103637999993,1.561285495760000,1.741553425790000,1.894922614100000,-1.802041530610000,0.000000000000000
-41.258640289299997,173.102035521999994,1.580046296120000,1.762452006340000,1.917140007020000,-1.815073490140000,0.000000000000000
-41.258476257300003,173.102279662999990,1.576302409170000,1.757750868800000,1.911788940430000,-1.810582518580000,0.000000000000000
-41.258712768599999,173.101669312000013,1.582426190380000,1.765406727790000,1.920700907710000,-1.817038297650000,0.000000000000000
-41.308090210000003,173.184829712000010,1.814399361610000,2.071271896360000,2.240077257160000,-2.135052204130000,0.000000000000000
-41.304618835399999,173.183593750000000,1.812580823900000,2.068987131120000,2.237539052960000,-2.133786678310000,0.000000000000000
-41.305633544899997,173.184112548999991,1.813416242600000,2.070267438890000,2.239048957820000,-2.133120536800000,0.000000000000000
-41.306827545200001,173.184509276999989,1.813294768330000,2.070251703260000,2.238873481750000,-2.134890556340000,0.000000000000000
-41.304130554200000,173.181838988999999,1.813214898110000,2.069748401640000,2.238281488420000,-2.133870601650000,0.000000000000000
-41.303764343300003,173.182937621999997,1.812556624410000,2.069194078450000,2.237818717960000,-2.132883787160000,0.000000000000000
-41.284111022899999,173.182449340999995,1.791543006900000,2.038417339320000,2.203969240190000,-2.079841136930000,0.000000000000000
-41.284511566200003,173.183410645000009,1.790412664410000,2.036695241930000,2.201971530910000,-2.077847957610000,0.000000000000000
-41.284469604500003,173.183074951000009,1.790630340580000,2.036940813060000,2.202210664750000,-2.078164815900000,0.000000000000000
-41.284461975100001,173.182678223000011,1.791010379790000,2.037456035610000,2.202867746350000,-2.078436613080000,0.000000000000000
-41.303367614700001,173.197998046999999,1.803090453150000,2.059950590130000,2.228273153310000,-2.127453804020000,0.000000000000000
-41.303070068399997,173.198516845999990,1.802488923070000,2.059863328930000,2.228587150570000,-2.125677347180000,0.000000000000000
-41.303405761699999,173.197204590000013,1.804584383960000,2.061592340470000,2.229730606080000,-2.128334283830000,0.000000000000000
-41.302902221700002,173.203353881999988,1.802890658380000,2.058833360670000,2.226308822630000,-2.131881952290000,0.000000000000000
-41.302486419700003,173.203140259000008,1.803038716320000,2.059002637860000,2.226437568660000,-2.132641077040000,0.000000000000000
-41.302928924600003,173.203903198000006,1.802673935890000,2.058342933650000,2.225792169570000,-2.131884098050000,0.000000000000000
-41.258338928199997,173.102584839000002,1.569549918170000,1.750215411190000,1.903720378880000,-1.805389285090000,0.000000000000000
-41.258541107200003,173.102859496999997,1.573075890540000,1.754459857940000,1.908544659610000,-1.810090065000000,0.000000000000000
-41.258804321299998,173.103134154999992,1.567777633670000,1.749914884570000,1.902379155160000,-1.810315132140000,0.000000000000000
-41.258312225300003,173.101913451999991,1.575736284260000,1.757050871850000,1.911062836650000,-1.808911442760000,0.000000000000000
-41.258140564000001,173.102279662999990,1.571799635890000,1.753087520600000,1.906442403790000,-1.808014631270000,0.000000000000000
-41.258007049600003,173.102615356000001,1.569931387900000,1.751601696010000,1.904534578320000,-1.810507416730000,0.000000000000000
-41.303485870400003,173.184143065999990,1.811675310130000,2.068439245220000,2.236966848370000,-2.133576869960000,0.000000000000000
-41.307075500499998,173.186126709000007,1.813542842860000,2.070004224780000,2.238816738130000,-2.132492542270000,0.000000000000000
-41.304573059100001,173.184799193999993,1.811984062190000,2.068339586260000,2.236846923830000,-2.132710695270000,0.000000000000000
-41.305706024199999,173.185394287000008,1.812265872960000,2.068822622300000,2.237425327300000,-2.133375644680000,0.000000000000000
-41.305664062500000,173.186630248999990,1.811163663860000,2.067837238310000,2.236315965650000,-2.133013486860000,0.000000000000000
-41.302524566700001,173.184112548999991,1.810336470600000,2.066343307500000,2.234715461730000,-2.131048202510000,0.000000000000000
-41.284458160400000,173.182220459000007,1.791126966480000,2.037640571590000,2.202993154530000,-2.079262971880000,0.000000000000000
-41.284702301000003,173.183258056999989,1.790252566340000,2.036479949950000,2.201695442200000,-2.077511787410000,0.000000000000000
-41.284763336200001,173.183578490999992,1.790093421940000,2.036281585690000,2.201452732090000,-2.077424049380000,0.000000000000000
-41.284770965600003,173.182952881000006,1.790416717530000,2.036707878110000,2.201951980590000,-2.078057527540000,0.000000000000000
-41.284839630100002,173.182495117000002,1.790631771090000,2.037057876590000,2.202390909190000,-2.078780889510000,0.000000000000000
-41.302688598600000,173.198715209999989,1.803935170170000,2.061857938770000,2.231239318850000,-2.127716064450000,0.000000000000000
-41.302837371800003,173.197586059999992,1.803337216380000,2.060318470000000,2.228594303130000,-2.126689910890000,0.000000000000000
-41.302757263200000,173.198196410999998,1.802398562430000,2.059483289720000,2.228074312210000,-2.125660181050000,0.000000000000000
-41.302822112999998,173.196929931999989,1.803162217140000,2.059628486630000,2.227415084840000,-2.124901771550000,0.000000000000000
-41.302497863799999,173.203628540000011,1.802948832510000,2.058757543560000,2.226218461990000,-2.132007598880000,0.000000000000000
-41.302455902100000,173.204147339000002,1.802280902860000,2.057981252670000,2.225370883940000,-2.131719589230000,0.000000000000000
-41.258216857900003,173.102890015000014,1.566232085230000,1.746939063070000,1.899887800220000,-1.805555582050000,0.000000000000000
-41.257888793900001,173.102920532000013,1.567137837410000,1.748173117640000,1.900371551510000,-1.806992769240000,0.000000000000000
-41.257675170900001,173.102645873999990,1.571162343030000,1.752531051640000,1.904853940010000,-1.808700442310000,0.000000000000000
-41.258010864299997,173.101669312000013,1.577404141430000,1.759524583820000,1.912583470340000,-1.811676263810000,0.000000000000000
-41.257911682100001,173.101989745999987,1.574152827260000,1.755666732790000,1.908706665040000,-1.809109568600000,0.000000000000000
-41.257785797099999,173.102325438999998,1.573309898380000,1.754922866820000,1.907554388050000,-1.810454130170000,0.000000000000000
-41.303520202599998,173.185363770000009,1.810802578930000,2.067001581190000,2.235414266590000,-2.131889343260000,0.000000000000000
-41.304470062299998,173.186157226999995,1.810890316960000,2.067415714260000,2.235959053040000,-2.132376194000000,0.000000000000000
-41.304771423299997,173.187515259000008,1.810416936870000,2.066389799120000,2.234775781630000,-2.130930662160000,0.000000000000000
-41.303390502900001,173.186294556000007,1.810220599170000,2.066359043120000,2.234699487690000,-2.132133007050000,0.000000000000000
-41.285007476799997,173.183303832999997,1.789927840230000,2.036138534550000,2.201333522800000,-2.077475309370000,0.000000000000000
-41.285148620599998,173.182846068999993,1.790362358090000,2.036854743960000,2.202236413960000,-2.078123569490000,0.000000000000000
-41.285240173299997,173.183563232000012,1.789569616320000,2.035794019700000,2.201045751570000,-2.076743125920000,0.000000000000000
-41.285297393800001,173.182342529000010,1.790219426160000,2.036476612090000,2.201689958570000,-2.077944755550000,0.000000000000000
-41.302307128899997,173.198471068999993,1.800529360770000,2.057824611660000,2.226555585860000,-2.123617410660000,0.000000000000000
-41.302417755100002,173.197296142999988,1.802851319310000,2.059668779370000,2.227762222290000,-2.126635789870000,0.000000000000000
-41.302268981899999,173.197860717999987,1.801359653470000,2.058372974400000,2.226736307140000,-2.124380826950000,0.000000000000000
-41.302665710399999,173.196258545000006,1.805189728740000,2.062536478040000,2.230441331860000,-2.129021406170000,0.000000000000000
-41.302234649699997,173.196792603000006,1.803226470950000,2.060047149660000,2.227928876880000,-2.126053571700000,0.000000000000000
-41.302043914800002,173.204269409000005,1.800974249840000,2.056949138640000,2.224367618560000,-2.130584239960000,0.000000000000000
-41.257568359399997,173.102966309000010,1.565889954570000,1.746123194690000,1.898126482960000,-1.805099129680000,0.000000000000000
-41.257358551000003,173.102691649999997,1.568906307220000,1.749699354170000,1.901705384250000,-1.807081699370000,0.000000000000000
-41.257446289100002,173.102386475000003,1.572489380840000,1.753587722780000,1.906036973000000,-1.808602929120000,0.000000000000000
-41.257675170900001,173.101699829000012,1.581985235210000,1.764931321140000,1.919153451920000,-1.815676569940000,0.000000000000000
-41.257537841800001,173.102035521999994,1.576984167100000,1.759087324140000,1.912095308300000,-1.812840819360000,0.000000000000000
-41.301963806200000,173.185287476000013,1.810691833500000,2.066850185390000,2.235238552090000,-2.133668184280000,0.000000000000000
-41.302536010700003,173.185913085999999,1.809337258340000,2.065575361250000,2.233888387680000,-2.131476879120000,0.000000000000000
-41.304698944099997,173.189025879000013,1.809247732160000,2.065756559370000,2.234155654910000,-2.132626533510000,0.000000000000000
-41.303676605200003,173.187149048000009,1.809645295140000,2.065779924390000,2.234118223190000,-2.131873369220000,0.000000000000000
-41.303817748999997,173.188125609999986,1.808918833730000,2.064734220500000,2.233036279680000,-2.130155563350000,0.000000000000000
-41.302745819099997,173.186889648000005,1.809134960170000,2.064958572390000,2.233234643940000,-2.130253553390000,0.000000000000000
-41.301342010500001,173.182250976999995,1.809623479840000,2.065114974980000,2.233492851260000,-2.127927780150000,0.000000000000000
-41.300708770800000,173.183242798000009,1.809845685960000,2.065515518190000,2.233907461170000,-2.130601882930000,0.000000000000000
-41.300033569299998,173.184890746999997,1.808648347850000,2.064400434490000,2.232622146610000,-2.129831790920000,0.000000000000000
-41.300151825000000,173.184112548999991,1.809062600140000,2.064751386640000,2.232988119130000,-2.130626678470000,0.000000000000000
-41.299865722699998,173.184509276999989,1.808764696120000,2.064188480380000,2.232396125790000,-2.129503250120000,0.000000000000000
-41.285591125499998,173.182785034000005,1.789628028870000,2.035877466200000,2.201036453250000,-2.077708244320000,0.000000000000000
-41.285388946499999,173.183227539000001,1.789722323420000,2.036027908330000,2.201307296750000,-2.077218294140000,0.000000000000000
-41.285823821999998,173.182266234999986,1.791236162190000,2.037827968600000,2.203543186190000,-2.078787326810000,0.000000000000000
-41.301868438699998,173.198287964000002,1.799871206280000,2.057053804400000,2.225533246990000,-2.123620748520000,0.000000000000000
-41.301933288599997,173.197341918999996,1.801741480830000,2.058641910550000,2.226797819140000,-2.125742673870000,0.000000000000000
-41.301757812500000,173.197814940999990,1.800599575040000,2.057529449460000,2.225894689560000,-2.123844146730000,0.000000000000000
-41.302650451700003,173.194747925000001,1.806620478630000,2.064250707630000,2.232086896900000,-2.131387948990000,0.000000000000000
-41.302444457999997,173.195632934999992,1.804224252700000,2.060875177380000,2.228425264360000,-2.126417160030000,0.000000000000000
-41.301975250200002,173.196151732999994,1.803181290630000,2.059873819350000,2.227539300920000,-2.126761436460000,0.000000000000000
-41.301605224600003,173.196792603000006,1.801505804060000,2.058441638950000,2.226430892940000,-2.126798152920000,0.000000000000000
-41.257259368900002,173.103012084999989,1.564409494400000,1.744808673860000,1.896070837970000,-1.805678963660000,0.000000000000000
-41.257457733199999,173.103271484000004,1.560921907420000,1.741121292110000,1.892446994780000,-1.802657604220000,0.000000000000000
-41.257053375200002,173.102737426999994,1.567736625670000,1.748166203500000,1.899205684660000,-1.806892037390000,0.000000000000000
-41.257133483899999,173.102447509999990,1.569816470150000,1.750599026680000,1.902148604390000,-1.807874560360000,0.000000000000000
-41.257194519000002,173.102127074999999,1.573556661610000,1.754887938500000,1.906939864160000,-1.810168623920000,0.000000000000000
-41.256771087600001,173.102783203000001,1.567407727240000,1.747601628300000,1.898261785510000,-1.806779503820000,0.000000000000000
-41.301994323700001,173.186645507999998,1.809551239010000,2.065760135650000,2.234074354170000,-2.132404327390000,0.000000000000000
-41.303073883099998,173.189102173000009,1.806777596470000,2.062361955640000,2.230426788330000,-2.129153490070000,0.000000000000000
-41.302871704099999,173.187881470000008,1.809080004690000,2.065120935440000,2.233386039730000,-2.131601810460000,0.000000000000000
-41.302001953100003,173.187469482000012,1.808063864710000,2.063549757000000,2.231671333310000,-2.129644870760000,0.000000000000000
-41.302028655999997,173.189483642999988,1.807309865950000,2.063293695450000,2.231402635570000,-2.129657983780000,0.000000000000000
-41.299888610799997,173.185287476000013,1.808421015740000,2.063938617710000,2.232114553450000,-2.129387855530000,0.000000000000000
-41.299625396700002,173.184906006000006,1.808124303820000,2.063625097270000,2.231761932370000,-2.129132986070000,0.000000000000000
-41.299938201899998,173.183639526000007,1.809265017510000,2.065043926240000,2.233312606810000,-2.130700826640000,0.000000000000000
-41.299652099600003,173.184066771999994,1.808609962460000,2.063833951950000,2.232000827790000,-2.128907680510000,0.000000000000000
-41.299392700200002,173.184494018999999,1.808341860770000,2.064127922060000,2.232295751570000,-2.129615783690000,0.000000000000000
-41.299648284900002,173.185653687000013,1.808070898060000,2.063787937160000,2.231938362120000,-2.129121065140000,0.000000000000000
-41.300148010299999,173.185821532999995,1.808076500890000,2.063534498210000,2.231686830520000,-2.129352331160000,0.000000000000000
-41.302455902100000,173.190307617000002,1.806624889370000,2.063513994220000,2.231559991840000,-2.130211353300000,0.000000000000000
-41.301467895499997,173.190155029000010,1.806301474570000,2.062090873720000,2.230035543440000,-2.128950357440000,0.000000000000000
-41.286083221399998,173.182769774999997,1.789492964740000,2.035758495330000,2.201058387760000,-2.077461719510000,0.000000000000000
-41.285812377900001,173.183242798000009,1.789917111400000,2.036657094960000,2.202223777770000,-2.078681707380000,0.000000000000000
-41.301403045699999,173.198120117000002,1.798890352250000,2.055992126460000,2.224241256710000,-2.122125864030000,0.000000000000000
-41.301071167000003,173.198547362999989,1.796897292140000,2.054245471950000,2.222436428070000,-2.120693683620000,0.000000000000000
-41.301311492899998,173.197463988999999,1.800681233410000,2.058218717580000,2.226462602620000,-2.125022649770000,0.000000000000000
-41.301025390600003,173.196853637999993,1.802157759670000,2.060276508330000,2.228640079500000,-2.126841068270000,0.000000000000000
-41.301769256599997,173.195358276000007,1.804586887360000,2.062324285510000,2.230141401290000,-2.130585908890000,0.000000000000000
-41.301143646200003,173.196105956999986,1.802113771440000,2.059377431870000,2.227363348010000,-2.129175186160000,0.000000000000000
-41.256965637199997,173.103042603000006,1.566912293430000,1.747368454930000,1.897789955140000,-1.807765126230000,0.000000000000000
-41.257160186800000,173.103317261000001,1.562327146530000,1.742575049400000,1.893023133280000,-1.804868102070000,0.000000000000000
-41.256835937500000,173.102478026999989,1.568756222720000,1.749102234840000,1.900068044660000,-1.807254314420000,0.000000000000000
-41.256599426299999,173.102554321000014,1.567582011220000,1.747528672220000,1.897939682010000,-1.805739283560000,0.000000000000000
-41.256919860799997,173.102233887000011,1.568443059920000,1.748996257780000,1.900475978850000,-1.806457400320000,0.000000000000000
-41.256896972699998,173.101959228999988,1.562733769420000,1.742357254030000,1.893004775050000,-1.802412509920000,0.000000000000000
-41.256496429400002,173.102813720999990,1.565513968470000,1.745832562450000,1.896046876910000,-1.805893063550000,0.000000000000000
-41.256679534900002,173.103088379000013,1.565430045130000,1.745475530620000,1.896012306210000,-1.805426836010000,0.000000000000000
-41.301197051999999,173.186996459999989,1.808508396150000,2.064551353450000,2.232742071150000,-2.130559444430000,0.000000000000000
-41.301914215099998,173.188522339000002,1.807971596720000,2.063929080960000,2.232126951220000,-2.130424737930000,0.000000000000000
-41.301296234100001,173.187850951999991,1.807889819150000,2.063655614850000,2.231774568560000,-2.129913806920000,0.000000000000000
-41.301235198999997,173.189315795999988,1.806387186050000,2.062379360200000,2.230355501170000,-2.128585100170000,0.000000000000000
-41.300777435299999,173.189926146999994,1.805993676190000,2.062242507930000,2.230127334590000,-2.128510475160000,0.000000000000000
-41.299415588400002,173.185317993000012,1.807996988300000,2.063712835310000,2.231859445570000,-2.129349946980000,0.000000000000000
-41.299156189000001,173.184921265000014,1.808327317240000,2.063910722730000,2.232064723970000,-2.129158735280000,0.000000000000000
-41.299152374300000,173.184051514000004,1.808451771740000,2.064035892490000,2.232209920880000,-2.129688978200000,0.000000000000000
-41.298896789600001,173.184509276999989,1.808030843730000,2.063619136810000,2.231749534610000,-2.129022121430000,0.000000000000000
-41.299224853500000,173.185745238999999,1.807746052740000,2.063241004940000,2.231350183490000,-2.128979921340000,0.000000000000000
-41.299560546899997,173.186111449999999,1.807818770410000,2.063537120820000,2.231676816940000,-2.129289388660000,0.000000000000000
-41.301593780499999,173.191253662000008,1.805048823360000,2.060972690580000,2.228715658190000,-2.127106428150000,0.000000000000000
-41.300724029500003,173.190673828000001,1.806165218350000,2.062553644180000,2.230472803120000,-2.129255056380000,0.000000000000000
-41.301040649400001,173.192260742000002,1.804130554200000,2.059933900830000,2.227664470670000,-2.125858068470000,0.000000000000000
-41.286544799799998,173.182739257999998,1.790905714040000,2.038127660750000,2.203942537310000,-2.082062482830000,0.000000000000000
-41.300872802699999,173.197982787999990,1.798922181130000,2.056388139720000,2.224606990810000,-2.122161865230000,0.000000000000000
-41.300552368200002,173.198471068999993,1.797042608260000,2.054144859310000,2.222176790240000,-2.120287418370000,0.000000000000000
-41.300495147699998,173.196609496999997,1.800357580180000,2.058003902440000,2.226180315020000,-2.124717235570000,0.000000000000000
-41.300582885700003,173.197341918999996,1.799728274350000,2.057246923450000,2.225407838820000,-2.124215841290000,0.000000000000000
-41.301212310799997,173.193313598999993,1.803731203080000,2.060003519060000,2.227488994600000,-2.126972913740000,0.000000000000000
-41.256572723399998,173.103393554999997,1.564252495770000,1.744259953500000,1.894157290460000,-1.807048797610000,0.000000000000000
-41.256866455100003,173.103347778000000,1.563286900520000,1.743509173390000,1.893798708920000,-1.804996848110000,0.000000000000000
-41.256336212199997,173.102508545000006,1.568373560910000,1.748860597610000,1.899056911470000,-1.807699680330000,0.000000000000000
-41.256542205800002,173.102142334000007,1.561297655110000,1.740380048750000,1.889708876610000,-1.801993608470000,0.000000000000000
-41.256210327100000,173.102844237999989,1.567841649060000,1.748206138610000,1.898005366330000,-1.809686422350000,0.000000000000000
-41.256389617899998,173.103118896000012,1.565541982650000,1.745767116550000,1.895711660390000,-1.807339429860000,0.000000000000000
-41.256282806400002,173.103439331000004,1.564657211300000,1.744475960730000,1.893965840340000,-1.808444261550000,0.000000000000000
-41.300479888900000,173.187713623000008,1.807488918300000,2.063176393510000,2.231256008150000,-2.129650115970000,0.000000000000000
-41.300884246800003,173.188537598000011,1.806868433950000,2.062554597850000,2.230555534360000,-2.128990411760000,0.000000000000000
-41.300338745099999,173.189300537000008,1.806644916530000,2.062622785570000,2.230624437330000,-2.129398345950000,0.000000000000000
-41.300113678000002,173.190139770999991,1.805570602420000,2.061441421510000,2.229219436650000,-2.128551959990000,0.000000000000000
-41.298942565899999,173.185363770000009,1.807932257650000,2.063573122020000,2.231702804570000,-2.129231214520000,0.000000000000000
-41.298664092999999,173.184951782000013,1.808033466340000,2.063476800920000,2.231609582900000,-2.129231691360000,0.000000000000000
-41.298629760700003,173.184066771999994,1.808336496350000,2.063702106480000,2.231838941570000,-2.128713369370000,0.000000000000000
-41.298385620099999,173.184524535999998,1.808353543280000,2.064063549040000,2.232232570650000,-2.129793405530000,0.000000000000000
-41.298736572300001,173.185806273999987,1.807655811310000,2.063375234600000,2.231512308120000,-2.129130601880000,0.000000000000000
-41.299030303999999,173.186203003000003,1.807417035100000,2.063025236130000,2.231123447420000,-2.128877639770000,0.000000000000000
-41.298805236800000,173.186584473000011,1.807198166850000,2.062789201740000,2.230873584750000,-2.128325462340000,0.000000000000000
-41.299316406199999,173.186721801999994,1.807336688040000,2.062959909440000,2.231039762500000,-2.129111051560000,0.000000000000000
-41.299846649199999,173.187210082999997,1.807372570040000,2.063021183010000,2.231103420260000,-2.129024744030000,0.000000000000000
-41.300552368200002,173.191543579000012,1.805356025700000,2.061699867250000,2.229462146760000,-2.129429578780000,0.000000000000000
-41.299835205100003,173.190994262999993,1.804096460340000,2.059777021410000,2.227481603620000,-2.126616001130000,0.000000000000000
-41.300498962399999,173.192825317000000,1.803130507470000,2.059526443480000,2.227092742920000,-2.127420425420000,0.000000000000000
-41.299747467000003,173.199264526000007,1.796924710270000,2.053864717480000,2.221065044400000,-2.119548320770000,0.000000000000000
-41.299896240199999,173.196395873999990,1.800116062160000,2.057179450990000,2.224857568740000,-2.121098995210000,0.000000000000000
-41.300315856899999,173.197937012000011,1.799754858020000,2.056975603100000,2.225103616710000,-2.122145891190000,0.000000000000000
-41.300033569299998,173.198394774999997,1.798307180400000,2.055389642720000,2.223036050800000,-2.121326684950000,0.000000000000000
-41.300006866499999,173.197006226000013,1.800928235050000,2.058382034300000,2.226101398470000,-2.123061895370000,0.000000000000000
-41.300045013400002,173.197525023999987,1.800327301030000,2.057987213130000,2.225711584090000,-2.123448371890000,0.000000000000000
-41.299697876000003,173.198760985999996,1.798081159590000,2.055066823960000,2.222344398500000,-2.120842218400000,0.000000000000000
-41.299354553199997,173.199462890999996,1.796331167220000,2.052972316740000,2.220211267470000,-2.119411230090000,0.000000000000000
-41.299083709700000,173.199874878000003,1.794178247450000,2.050669908520000,2.217779397960000,-2.118299961090000,0.000000000000000
-41.256168365500002,173.103759765999996,1.560726165770000,1.739889860150000,1.888782382010000,-1.805500149730000,0.000000000000000
-41.256465911900001,173.103713988999999,1.563548564910000,1.742556095120000,1.891763806340000,-1.806149005890000,0.000000000000000
-41.256763458300000,173.103668212999992,1.565129637720000,1.744718074800000,1.894057154660000,-1.807213902470000,0.000000000000000
-41.256023407000001,173.102539062000005,1.574534416200000,1.755247116090000,1.905371546750000,-1.812223315240000,0.000000000000000
-41.256153106699998,173.102188109999986,1.566605806350000,1.745382905010000,1.894100189210000,-1.806082963940000,0.000000000000000
-41.255920410199998,173.102874756000006,1.573209524150000,1.753679871560000,1.903699517250000,-1.812781691550000,0.000000000000000
-41.256099700900002,173.103149414000001,1.568646788600000,1.748672366140000,1.898409008980000,-1.810122013090000,0.000000000000000
-41.255985260000003,173.103469848999993,1.566880583760000,1.747337937360000,1.896649241450000,-1.811751723290000,0.000000000000000
-41.299640655499999,173.187896728999988,1.806653380390000,2.062276363370000,2.230287551880000,-2.128717422490000,0.000000000000000
-41.300052642799997,173.188522339000002,1.806611061100000,2.062639236450000,2.230648517610000,-2.128954172130000,0.000000000000000
-41.299686431900000,173.189056396000012,1.805788040160000,2.061635732650000,2.229495525360000,-2.128150701520000,0.000000000000000
-41.299613952599998,173.189651488999999,1.805466651920000,2.061543941500000,2.229402780530000,-2.127958774570000,0.000000000000000
-41.299404144299999,173.190307617000002,1.805105090140000,2.061176300050000,2.229063034060000,-2.129090785980000,0.000000000000000
-41.298446655299998,173.185409545999988,1.807601332660000,2.063254117970000,2.231375217440000,-2.129166603090000,0.000000000000000
-41.298156738300001,173.184982300000001,1.808094859120000,2.063442945480000,2.231596946720000,-2.128851652150000,0.000000000000000
-41.298240661599998,173.185867309999992,1.807317495350000,2.062914848330000,2.231012344360000,-2.128677845000000,0.000000000000000
-41.298542022699998,173.186248779000010,1.807381629940000,2.063041925430000,2.231138467790000,-2.129469633100000,0.000000000000000
-41.298381805399998,173.186706543000014,1.807044863700000,2.062637090680000,2.230711460110000,-2.129008769990000,0.000000000000000
-41.298759460399999,173.187026978000006,1.807049989700000,2.062739610670000,2.230810642240000,-2.129322052000000,0.000000000000000
-41.299194335899998,173.187408446999996,1.806814789770000,2.062467575070000,2.230536460880000,-2.128810405730000,0.000000000000000
-41.298988342299999,173.187988281000003,1.805972099300000,2.061827182770000,2.229773998260000,-2.127428293230000,0.000000000000000
-41.299072265600003,173.190872192000000,1.804136991500000,2.060426950450000,2.228269338610000,-2.129359006880000,0.000000000000000
-41.287487030000001,173.183319092000005,1.789757847790000,2.036998987200000,2.202435970310000,-2.082671642300000,0.000000000000000
-41.286960601799997,173.185012817000000,1.787946462630000,2.035762071610000,2.201432704930000,-2.082218408580000,0.000000000000000
-41.287475585899998,173.184005737000007,1.789737820630000,2.037372589110000,2.203023910520000,-2.084360122680000,0.000000000000000
-41.299308776899998,173.199020386000001,1.797224283220000,2.054061174390000,2.221290349960000,-2.120850563050000,0.000000000000000
-41.299255371100003,173.195861815999990,1.800284147260000,2.057540178300000,2.224970102310000,-2.122179746630000,0.000000000000000
-41.299381256099998,173.196258545000006,1.801016807560000,2.058073043820000,2.225358486180000,-2.122683763500000,0.000000000000000
-41.299480438200000,173.196792603000006,1.801285386090000,2.058541297910000,2.225632905960000,-2.122745752330000,0.000000000000000
-41.299797058099998,173.197921753000003,1.800052165990000,2.057211160660000,2.224475383760000,-2.122232675550000,0.000000000000000
-41.299606323200003,173.198318481000001,1.799543738370000,2.056683063510000,2.223865270610000,-2.122117757800000,0.000000000000000
-41.299526214600000,173.197402954000012,1.801153182980000,2.058250188830000,2.225309133530000,-2.122292041780000,0.000000000000000
-41.299255371100003,173.198532104000009,1.797795295720000,2.054693460460000,2.221966028210000,-2.119796991350000,0.000000000000000
-41.299430847200000,173.204833984000004,1.776516199110000,2.022654771800000,2.187221050260000,-2.074290752410000,0.000000000000000
-41.298934936499997,173.199325562000013,1.796594738960000,2.053406238560000,2.220349550250000,-2.120152950290000,0.000000000000000
-41.298606872599997,173.199615478999988,1.795586824420000,2.052587032320000,2.219240188600000,-2.119619846340000,0.000000000000000
-41.298477172900000,173.200119018999999,1.794402837750000,2.051410913470000,2.217901706700000,-2.119020462040000,0.000000000000000
-41.298522949199999,173.200714110999996,1.794917583470000,2.051602602010000,2.217647314070000,-2.119239568710000,0.000000000000000
-41.255874633799998,173.103790282999995,1.563969612120000,1.744286298750000,1.893218636510000,-1.812079072000000,0.000000000000000
-41.256050109900002,173.104080199999999,1.557809829710000,1.738722562790000,1.886270761490000,-1.811172008510000,0.000000000000000
-41.256656646700002,173.104003906000003,1.560820817950000,1.739834666250000,1.888774037360000,-1.804401993750000,0.000000000000000
-41.255764007600000,173.102615356000001,1.580348372460000,1.761919379230000,1.912301182750000,-1.817866086960000,0.000000000000000
-41.255630493200002,173.102890015000014,1.575713753700000,1.757173419000000,1.908065915110000,-1.815958023070000,0.000000000000000
-41.255805969199997,173.103195190000008,1.573102593420000,1.756628990170000,1.903516054150000,-1.814904332160000,0.000000000000000
-41.255691528299998,173.103515625000000,1.569680571560000,1.753767371180000,1.900215864180000,-1.814806342120000,0.000000000000000
-41.255592346199997,173.103820801000012,1.566236257550000,1.748332142830000,1.897347450260000,-1.816111326220000,0.000000000000000
-41.299278259300003,173.188568115000010,1.805698394780000,2.061492681500000,2.229415893550000,-2.127431154250000,0.000000000000000
-41.298740387000002,173.188415526999989,1.806074738500000,2.061804056170000,2.229751348500000,-2.128905534740000,0.000000000000000
-41.299144744899998,173.189239501999992,1.805499792100000,2.061359167100000,2.229260206220000,-2.128183364870000,0.000000000000000
-41.298999786400003,173.189834595000008,1.804724693300000,2.060425043110000,2.228224277500000,-2.127179145810000,0.000000000000000
-41.298801422099999,173.190368651999989,1.804360389710000,2.060362100600000,2.228207111360000,-2.128123283390000,0.000000000000000
-41.297931671100002,173.185455321999996,1.807763338090000,2.063344001770000,2.231470584870000,-2.129537820820000,0.000000000000000
-41.297630310099997,173.185012817000000,1.807526469230000,2.063203811650000,2.231327295300000,-2.129369258880000,0.000000000000000
-41.297721862800003,173.185943603999988,1.807439684870000,2.063150882720000,2.231278896330000,-2.129553079610000,0.000000000000000
-41.298049926799997,173.186340331999986,1.807354092600000,2.062978029250000,2.231079578400000,-2.129136562350000,0.000000000000000
-41.297885894799997,173.186813354000009,1.807005167010000,2.062723398210000,2.230793237690000,-2.129151344300000,0.000000000000000
-41.298244476299999,173.187194823999988,1.806834936140000,2.062654972080000,2.230724096300000,-2.129198312760000,0.000000000000000
-41.298618316700001,173.187561034999987,1.806435465810000,2.062186956410000,2.230189800260000,-2.128272771840000,0.000000000000000
-41.298442840600003,173.188079834000007,1.806187629700000,2.061916589740000,2.229897975920000,-2.128446102140000,0.000000000000000
-41.298595428500001,173.190780640000014,1.804334998130000,2.060660839080000,2.228610277180000,-2.129420042040000,0.000000000000000
-41.298622131300000,173.191238403000000,1.803342223170000,2.059460639950000,2.227254629140000,-2.127669572830000,0.000000000000000
-41.298595428500001,173.191818237000007,1.805115818980000,2.062532663350000,2.230816841130000,-2.134176731110000,0.000000000000000
-41.288005828899998,173.184127808000000,1.789353370670000,2.037136077880000,2.202631235120000,-2.084049701690000,0.000000000000000
-41.287261962899997,173.184860229000009,1.788653135300000,2.036267757420000,2.201874017720000,-2.083206176760000,0.000000000000000
-41.287166595499997,173.185226440000008,1.788209676740000,2.035619497300000,2.201231956480000,-2.082527637480000,0.000000000000000
-41.287708282499999,173.184570312000005,1.789244532590000,2.037174701690000,2.202728509900000,-2.084265947340000,0.000000000000000
-41.287330627400003,173.185516357000012,1.787783622740000,2.035403490070000,2.201003074650000,-2.082293033600000,0.000000000000000
-41.287094116200002,173.185806273999987,1.787242293360000,2.034682750700000,2.200286865230000,-2.081336021420000,0.000000000000000
-41.298851013200000,173.198822021000012,1.797692418100000,2.054697036740000,2.221634149550000,-2.120885133740000,0.000000000000000
-41.298919677699999,173.195648193000011,1.800371885300000,2.057819366460000,2.225259065630000,-2.122856378560000,0.000000000000000
-41.298950195300002,173.196105956999986,1.800941109660000,2.057929754260000,2.224992513660000,-2.122269868850000,0.000000000000000
-41.299011230500000,173.196578979000009,1.801662206650000,2.058936595920000,2.226038455960000,-2.123547315600000,0.000000000000000
-41.299057006799998,173.197082520000009,1.801454663280000,2.058862924580000,2.226046562190000,-2.123949050900000,0.000000000000000
-41.299255371100003,173.197967529000010,1.799798965450000,2.056729316710000,2.223907947540000,-2.121289491650000,0.000000000000000
-41.299045562700002,173.197525023999987,1.800718426700000,2.057821512220000,2.224965095520000,-2.122686386110000,0.000000000000000
-41.298809051500001,173.198303223000011,1.798744440080000,2.055699586870000,2.222766160960000,-2.121752023700000,0.000000000000000
-41.298400878899997,173.199142456000004,1.796254634860000,2.052783727650000,2.219622373580000,-2.119343519210000,0.000000000000000
-41.298133850100001,173.199630737000007,1.795505166050000,2.052609682080000,2.219124555590000,-2.120066642760000,0.000000000000000
-41.297950744600001,173.200042725000003,1.793985724450000,2.050923109050000,2.217339754100000,-2.118485212330000,0.000000000000000
-41.298038482700001,173.200485229000009,1.793908596040000,2.050881624220000,2.217111587520000,-2.118845462800000,0.000000000000000
-41.298088073700001,173.201019287000008,1.794473767280000,2.051396369930000,2.217189788820000,-2.119472026820000,0.000000000000000
-41.298126220699999,173.201538085999999,1.795325994490000,2.052365779880000,2.217756271360000,-2.120317697530000,0.000000000000000
-41.255764007600000,173.104095459000007,1.559363722800000,1.740425467490000,1.888689398770000,-1.810735583310000,0.000000000000000
-41.255931854200000,173.104370117000002,1.555315256120000,1.735761761670000,1.883480310440000,-1.810021638870000,0.000000000000000
-41.255496978799997,173.103225707999997,1.576834321020000,1.758677482600000,1.909232139590000,-1.820091605190000,0.000000000000000
-41.255401611300002,173.103561401000007,1.571717977520000,1.754302859310000,1.903952360150000,-1.819107770920000,0.000000000000000
-41.255485534700000,173.104110717999987,1.566890358920000,1.748971223830000,1.896488547330000,-1.820470571520000,0.000000000000000
-41.255321502699999,173.103851318000011,1.568234324460000,1.750994324680000,1.899941802020000,-1.820249199870000,0.000000000000000
-41.298294067400001,173.188568115000010,1.805637001990000,2.061574697490000,2.229522943500000,-2.128449678420000,0.000000000000000
-41.298702239999997,173.188888550000001,1.805299043660000,2.061176538470000,2.229063987730000,-2.127258300780000,0.000000000000000
-41.298587799099998,173.189437865999992,1.805044174190000,2.060831069950000,2.228708982470000,-2.128157854080000,0.000000000000000
-41.298439025900002,173.189971923999991,1.804475903510000,2.060685634610000,2.228571414950000,-2.128511190410000,0.000000000000000
-41.298290252699999,173.190475464000002,1.803556442260000,2.059755563740000,2.227531194690000,-2.127765417100000,0.000000000000000
-41.297393798800002,173.185501098999993,1.807469010350000,2.062901735310000,2.231010913850000,-2.128692865370000,0.000000000000000
-41.297168731699998,173.186019896999994,1.807493209840000,2.063018560410000,2.231119871140000,-2.129462003710000,0.000000000000000
-41.297531127900001,173.186431884999990,1.807087302210000,2.062691211700000,2.230758905410000,-2.129416465760000,0.000000000000000
-41.297378539999997,173.186935425000001,1.807016968730000,2.062759637830000,2.230834484100000,-2.129853487010000,0.000000000000000
-41.297725677499997,173.187316895000009,1.806635141370000,2.062298059460000,2.230298995970000,-2.129184484480000,0.000000000000000
-41.298088073700001,173.187698363999999,1.806541562080000,2.062337398530000,2.230363607410000,-2.129350662230000,0.000000000000000
-41.297924041700000,173.188201904000010,1.805962324140000,2.061888694760000,2.229860544200000,-2.129041194920000,0.000000000000000
-41.298183441200003,173.190948485999996,1.804010868070000,2.060696840290000,2.228661060330000,-2.130479574200000,0.000000000000000
-41.298118591300003,173.191482543999996,1.803922414780000,2.060841321950000,2.228842496870000,-2.131826639180000,0.000000000000000
-41.298027038599997,173.192047118999994,1.803875207900000,2.061577081680000,2.229783773420000,-2.132905483250000,0.000000000000000
-41.298137664800002,173.193527222000000,1.801625728610000,2.059606075290000,2.227307558060000,-2.126746892930000,0.000000000000000
-41.288291931200000,173.184494018999999,1.789219856260000,2.036812067030000,2.202331304550000,-2.084187746050000,0.000000000000000
-41.287616729699998,173.185150146000012,1.788477301600000,2.035964488980000,2.201458930970000,-2.083077192310000,0.000000000000000
-41.288059234599999,173.184921265000014,1.788608193400000,2.036083221440000,2.201527118680000,-2.083091497420000,0.000000000000000
-41.287677764900003,173.185562134000008,1.787624239920000,2.035525083540000,2.201044082640000,-2.082700014110000,0.000000000000000
-41.287456512500000,173.185836792000003,1.787233948710000,2.034888982770000,2.200412750240000,-2.082004547120000,0.000000000000000
-41.298404693599998,173.198593140000014,1.797626614570000,2.054624795910000,2.221404790880000,-2.120612859730000,0.000000000000000
-41.298549652100000,173.195480347000000,1.800931215290000,2.058160305020000,2.225439548490000,-2.122831344600000,0.000000000000000
-41.298549652100000,173.195892334000007,1.801298379900000,2.058535337450000,2.225718736650000,-2.123478889470000,0.000000000000000
-41.298576355000002,173.196365356000001,1.801408171650000,2.058768510820000,2.225984573360000,-2.124219179150000,0.000000000000000
-41.298618316700001,173.196853637999993,1.801510453220000,2.058795928960000,2.225900650020000,-2.123787641530000,0.000000000000000
-41.298660278299998,173.197326659999987,1.800934076310000,2.058139801030000,2.225204229350000,-2.123311281200000,0.000000000000000
-41.298732757600000,173.197799683000000,1.800422668460000,2.057543516160000,2.224552631380000,-2.123025894170000,0.000000000000000
-41.298347473100002,173.198104857999994,1.798882842060000,2.055733442310000,2.222628116610000,-2.121024370190000,0.000000000000000
-41.298042297400002,173.198791504000013,1.797128558160000,2.054172039030000,2.220803260800000,-2.120468139650000,0.000000000000000
-41.298107147200000,173.194519043000014,1.801073074340000,2.058733940120000,2.226349353790000,-2.123683929440000,0.000000000000000
-41.298259735099997,173.195053101000013,1.801112651820000,2.058639764790000,2.226168632510000,-2.123844385150000,0.000000000000000
-41.298004150399997,173.205780029000010,1.789147138600000,2.044881582260000,2.209010124210000,-2.116179704670000,0.000000000000000
-41.298370361300002,173.205291748000008,1.788086056710000,2.043151855470000,2.209952116010000,-2.112455368040000,0.000000000000000
-41.297847747799999,173.205337523999987,1.792397975920000,2.048797607420000,2.213865995410000,-2.117438793180000,0.000000000000000
-41.297824859599999,173.199172973999993,1.795375466350000,2.051867961880000,2.218549013140000,-2.118516683580000,0.000000000000000
-41.297542571999998,173.199691771999994,1.793861150740000,2.050922870640000,2.217300653460000,-2.118548631670000,0.000000000000000
-41.297565460199998,173.200271606000001,1.794775843620000,2.051985502240000,2.217867136000000,-2.120060443880000,0.000000000000000
-41.297615051299999,173.200775146000012,1.795316219330000,2.052384853360000,2.218014478680000,-2.120145082470000,0.000000000000000
-41.297657012899997,173.201293945000003,1.794850468640000,2.051607131960000,2.217226266860000,-2.119773149490000,0.000000000000000
-41.297687530499999,173.201812743999994,1.795705437660000,2.052769422530000,2.218188524250000,-2.120378732680000,0.000000000000000
-41.297706603999998,173.202331543000014,1.793903112410000,2.050680875780000,2.216360807420000,-2.119590520860000,0.000000000000000
-41.255653381300000,173.104385376000010,1.562639951710000,1.744037866590000,1.890872716900000,-1.817446112630000,0.000000000000000
-41.255378723100002,173.104400634999990,1.563353776930000,1.745111942290000,1.892144083980000,-1.818087816240000,0.000000000000000
-41.255146026600002,173.103302001999992,1.578248858450000,1.761746406560000,1.912100076680000,-1.823515772820000,0.000000000000000
-41.255168914800002,173.103637695000003,1.569499731060000,1.752272009850000,1.902094721790000,-1.818576693530000,0.000000000000000
-41.255210876500001,173.104141234999986,1.564707875250000,1.747413277630000,1.895583033560000,-1.820372581480000,0.000000000000000
-41.255054473900003,173.103866576999991,1.565791249280000,1.749159097670000,1.898125290870000,-1.821121811870000,0.000000000000000
-41.297775268599999,173.188720703000001,1.805600881580000,2.061570644380000,2.229499816890000,-2.128899812700000,0.000000000000000
-41.298175811800000,173.189071654999992,1.805128574370000,2.060952663420000,2.228845119480000,-2.128288269040000,0.000000000000000
-41.298046112100003,173.189605712999992,1.804282546040000,2.060234069820000,2.228044986720000,-2.127143383030000,0.000000000000000
-41.297916412399999,173.190124512000011,1.804206728940000,2.060119867320000,2.228028774260000,-2.128515243530000,0.000000000000000
-41.297794342000003,173.190628051999994,1.804000020030000,2.060459136960000,2.228465318680000,-2.128985881810000,0.000000000000000
-41.296985626199998,173.186569214000002,1.806953668590000,2.062590837480000,2.230633974080000,-2.129121303560000,0.000000000000000
-41.296916961699999,173.187042235999996,1.806245565410000,2.061759710310000,2.229708194730000,-2.128887891770000,0.000000000000000
-41.297206878700003,173.187408446999996,1.806623578070000,2.062356948850000,2.230377674100000,-2.129397630690000,0.000000000000000
-41.297557830800002,173.187820434999992,1.806367874150000,2.062355279920000,2.230348587040000,-2.129500627520000,0.000000000000000
-41.297386169399999,173.188339232999994,1.805931091310000,2.061881780620000,2.229829072950000,-2.129694938660000,0.000000000000000
-41.297691345200001,173.191131592000005,1.804203033450000,2.060915946960000,2.229051828380000,-2.131593942640000,0.000000000000000
-41.297584533699997,173.191665648999987,1.804595351220000,2.062974214550000,2.231322050090000,-2.135260343550000,0.000000000000000
-41.297466278100003,173.192214965999995,1.804040431980000,2.062708139420000,2.230954408650000,-2.132681608200000,0.000000000000000
-41.297752380399999,173.193191528000000,1.803065776820000,2.061134815220000,2.229067325590000,-2.127852201460000,0.000000000000000
-41.297683715799998,173.193740845000008,1.801813483240000,2.059837341310000,2.227595806120000,-2.126177072530000,0.000000000000000
-41.288120269799997,173.185409545999988,1.788278222080000,2.036131381990000,2.201682567600000,-2.083669424060000,0.000000000000000
-41.287857055700002,173.185867309999992,1.787870049480000,2.035453081130000,2.201014757160000,-2.082509517670000,0.000000000000000
-41.287567138699998,173.186172484999986,1.787189483640000,2.035057783130000,2.200648307800000,-2.082194089890000,0.000000000000000
-41.287284851099997,173.186370850000003,1.786408424380000,2.034049272540000,2.199589490890000,-2.080801486970000,0.000000000000000
-41.297969818100000,173.198379517000006,1.797494769100000,2.054173231120000,2.221012115480000,-2.120200872420000,0.000000000000000
-41.298156738300001,173.195617676000012,1.801068305970000,2.058392763140000,2.225643634800000,-2.123882532120000,0.000000000000000
-41.298149108899999,173.196121215999995,1.800687432290000,2.058039903640000,2.225306034090000,-2.123507022860000,0.000000000000000
-41.298175811800000,173.196624756000006,1.801284909250000,2.058595418930000,2.225598812100000,-2.123921394350000,0.000000000000000
-41.298221588099999,173.197113037000008,1.801093816760000,2.058419942860000,2.225474119190000,-2.124158859250000,0.000000000000000
-41.298278808600003,173.197616576999991,1.800320625310000,2.057624101640000,2.224468946460000,-2.122980117800000,0.000000000000000
-41.297893524199999,173.197906493999994,1.798995494840000,2.055961370470000,2.222923278810000,-2.122251033780000,0.000000000000000
-41.297615051299999,173.198699951000009,1.796486854550000,2.053778171540000,2.220228672030000,-2.119817018510000,0.000000000000000
-41.297687530499999,173.194274901999989,1.800965189930000,2.058614492420000,2.226076364520000,-2.123552322390000,0.000000000000000
-41.297706603999998,173.194793701000009,1.800836324690000,2.058548212050000,2.225883483890000,-2.124636888500000,0.000000000000000
-41.297718048100002,173.195327759000008,1.800873398780000,2.058127641680000,2.225389003750000,-2.123466253280000,0.000000000000000
-41.297214508099998,173.194000243999994,1.800397872920000,2.058032035830000,2.225549936290000,-2.123638629910000,0.000000000000000
-41.297908782999997,173.204864501999992,1.793481945990000,2.049715995790000,2.214054107670000,-2.117660045620000,0.000000000000000
-41.297515869100003,173.205108642999988,1.793222069740000,2.049639463420000,2.214112758640000,-2.118103981020000,0.000000000000000
-41.297206878700003,173.199111937999987,1.794985413550000,2.051519632340000,2.218091964720000,-2.118640422820000,0.000000000000000
-41.297012329099999,173.199584960999999,1.794615149500000,2.051487684250000,2.217713832860000,-2.119576215740000,0.000000000000000
-41.297096252400003,173.200042725000003,1.795559883120000,2.052379608150000,2.218133449550000,-2.120334386830000,0.000000000000000
-41.297145843499997,173.200561523000005,1.794791221620000,2.051629066470000,2.217415809630000,-2.119793415070000,0.000000000000000
-41.297191619899998,173.201065062999987,1.794458031650000,2.051074266430000,2.216795444490000,-2.119074583050000,0.000000000000000
-41.297225952100000,173.201583862000007,1.795271277430000,2.052411317830000,2.217583179470000,-2.120875597000000,0.000000000000000
-41.297252655000001,173.202087401999989,1.794849038120000,2.051615953450000,2.216900348660000,-2.120276927950000,0.000000000000000
-41.297519683799997,173.203155517999988,1.797283768650000,2.054556608200000,2.219051837920000,-2.123012781140000,0.000000000000000
-41.297264099099998,173.202651978000006,1.796168088910000,2.053263425830000,2.217769861220000,-2.121316432950000,0.000000000000000
-41.296062469500001,173.206665039000001,1.791930675510000,2.048323392870000,2.213643789290000,-2.118372917180000,0.000000000000000
-41.255546569800003,173.104660034000005,1.561834573750000,1.743242502210000,1.889534592630000,-1.817907929420000,0.000000000000000
-41.255271911599998,173.104675293000014,1.559524178500000,1.741172552110000,1.888115167620000,-1.816294431690000,0.000000000000000
-41.255100250200002,173.104415893999999,1.564541578290000,1.746960759160000,1.893743038180000,-1.823243618010000,0.000000000000000
-41.254997253399999,173.104690551999994,1.567561388020000,1.751146197320000,1.895378112790000,-1.829879879950000,0.000000000000000
-41.254932403600002,173.104156493999994,1.568430066110000,1.752486705780000,1.898947119710000,-1.829016208650000,0.000000000000000
-41.254772186300002,173.103881835999999,1.574221730230000,1.760235071180000,1.907171607020000,-1.838197350500000,0.000000000000000
-41.297233581500002,173.188873290999993,1.805212974550000,2.061051130290000,2.228928565980000,-2.129540443420000,0.000000000000000
-41.297645568800000,173.189239501999992,1.805333971980000,2.061437606810000,2.229354143140000,-2.129893541340000,0.000000000000000
-41.297519683799997,173.189773559999992,1.804636120800000,2.060895204540000,2.228825330730000,-2.130214214320000,0.000000000000000
-41.297405242899998,173.190277100000003,1.804346323010000,2.060967922210000,2.228972911830000,-2.131963729860000,0.000000000000000
-41.297286987299998,173.190780640000014,1.804974794390000,2.062846660610000,2.231139659880000,-2.135027170180000,0.000000000000000
-41.297004699699997,173.187927245999987,1.805906772610000,2.061405897140000,2.229319572450000,-2.129097700120000,0.000000000000000
-41.297168731699998,173.191299437999987,1.803815484050000,2.061375856400000,2.229569911960000,-2.131716966630000,0.000000000000000
-41.297046661400003,173.191833495999987,1.803830266000000,2.062544107440000,2.230703353880000,-2.132414817810000,0.000000000000000
-41.297313690199999,173.192779540999993,1.802185416220000,2.060076713560000,2.227909088130000,-2.127573966980000,0.000000000000000
-41.296916961699999,173.192367553999986,1.801235437390000,2.058321952820000,2.226073503490000,-2.124547004700000,0.000000000000000
-41.297138214100002,173.193405151000007,1.800709009170000,2.058184862140000,2.225790739060000,-2.124195814130000,0.000000000000000
-41.288341522200000,173.185928345000008,1.787576794620000,2.035457611080000,2.200990200040000,-2.083414077760000,0.000000000000000
-41.287986755399999,173.186279296999999,1.787649273870000,2.035578489300000,2.201240539550000,-2.083194494250000,0.000000000000000
-41.297508239700001,173.198196410999998,1.797087907790000,2.053846597670000,2.220521688460000,-2.119711637500000,0.000000000000000
-41.297710418699999,173.195861815999990,1.800759792330000,2.058089494710000,2.225329160690000,-2.123998880390000,0.000000000000000
-41.297725677499997,173.196380615000010,1.800628185270000,2.057891607280000,2.224860429760000,-2.123587846760000,0.000000000000000
-41.297763824500002,173.196899414000001,1.800534725190000,2.057750463490000,2.224745750430000,-2.123329639430000,0.000000000000000
-41.297821044899997,173.197402954000012,1.799937248230000,2.057042837140000,2.224017381670000,-2.122612714770000,0.000000000000000
-41.297424316399997,173.197708129999995,1.798207879070000,2.054787397380000,2.221651315690000,-2.120568990710000,0.000000000000000
-41.297126769999998,173.198532104000009,1.796849727630000,2.054218053820000,2.220497369770000,-2.121079444890000,0.000000000000000
-41.297229766800001,173.194534301999994,1.800292253490000,2.057915449140000,2.225380182270000,-2.123449325560000,0.000000000000000
-41.297237396200003,173.195068359000004,1.800221920010000,2.057613849640000,2.224967241290000,-2.123017072680000,0.000000000000000
-41.297245025599999,173.195602417000003,1.799988389020000,2.057274103160000,2.224489212040000,-2.123217105870000,0.000000000000000
-41.296787262000002,173.193801879999995,1.800419092180000,2.057767868040000,2.225252151490000,-2.122584581380000,0.000000000000000
-41.296768188500003,173.194259643999999,1.799891114230000,2.057162761690000,2.224504470830000,-2.122027873990000,0.000000000000000
-41.297023773200003,173.205139159999987,1.793368816380000,2.049928426740000,2.214276075360000,-2.118844509120000,0.000000000000000
-41.297359466600000,173.204605103000006,1.795377731320000,2.052155256270000,2.216808795930000,-2.120634317400000,0.000000000000000
-41.297443389900003,173.204071045000006,1.795794248580000,2.053059339520000,2.217639446260000,-2.121687173840000,0.000000000000000
-41.296752929699998,173.198791504000013,1.795351982120000,2.051817655560000,2.218371391300000,-2.118647336960000,0.000000000000000
-41.296623230000002,173.199829101999995,1.794931769370000,2.052229642870000,2.218125343320000,-2.120369672780000,0.000000000000000
-41.296680450399997,173.200332642000006,1.794702410700000,2.051266670230000,2.217010259630000,-2.118721008300000,0.000000000000000
-41.296726226799997,173.200836181999989,1.794329643250000,2.051332950590000,2.216857194900000,-2.119780540470000,0.000000000000000
-41.296768188500003,173.201339722000000,1.795566558840000,2.052477359770000,2.217615604400000,-2.120968580250000,0.000000000000000
-41.296802520800000,173.201843262000011,1.795025229450000,2.051987886430000,2.217107772830000,-2.119914531710000,0.000000000000000
-41.297233581500002,173.203613281000003,1.795574307440000,2.052755832670000,2.217782497410000,-2.121668577190000,0.000000000000000
-41.296821594199997,173.202346801999994,1.795333623890000,2.052390575410000,2.217408895490000,-2.120969057080000,0.000000000000000
-41.297004699699997,173.203140259000008,1.795458316800000,2.052310228350000,2.217312574390000,-2.120668172840000,0.000000000000000
-41.296806335399999,173.202758789000001,1.796156525610000,2.053349494930000,2.218155860900000,-2.122038364410000,0.000000000000000
-41.296104431200000,173.206192017000006,1.790657877920000,2.046976566310000,2.211806297300000,-2.117930889130000,0.000000000000000
-41.296535491900002,173.205383301000012,1.792642831800000,2.049246788020000,2.213643789290000,-2.119498968120000,0.000000000000000
-41.296085357700001,173.205642699999999,1.792452573780000,2.049061298370000,2.213326931000000,-2.119138956070000,0.000000000000000
-41.295665741000001,173.206405640000014,1.791190385820000,2.047539234160000,2.212187528610000,-2.118197441100000,0.000000000000000
-41.296257019000002,173.207244873000008,1.790573239330000,2.047097682950000,2.211953639980000,-2.118273735050000,0.000000000000000
-41.295677185099997,173.206909179999997,1.792869567870000,2.049428462980000,2.215889453890000,-2.119846582410000,0.000000000000000
-41.255168914800002,173.104904175000001,1.564355492590000,1.747425794600000,1.891994476320000,-1.827347636220000,0.000000000000000
-41.254920959499998,173.105010985999996,1.558189392090000,1.739629387860000,1.884233474730000,-1.818008422850000,0.000000000000000
-41.254814147899999,173.104446410999998,1.570090889930000,1.754350185390000,1.898948550220000,-1.831035137180000,0.000000000000000
-41.254703521700002,173.104736328000001,1.567832231520000,1.751201391220000,1.894918084140000,-1.827352285390000,0.000000000000000
-41.254638671899997,173.104171753000003,1.573132514950000,1.758406639100000,1.904103279110000,-1.833556056020000,0.000000000000000
-41.296630859399997,173.191452026000007,1.804532170300000,2.063613891600000,2.232137918470000,-2.134109735490000,0.000000000000000
-41.296512603799997,173.191986084000007,1.801477789880000,2.058908700940000,2.226707696910000,-2.125252008440000,0.000000000000000
-41.296718597400002,173.192886353000006,1.801144480710000,2.058840274810000,2.226533412930000,-2.124747037890000,0.000000000000000
-41.296432495099999,173.192474365000010,1.801409721370000,2.058966159820000,2.226778984070000,-2.124673128130000,0.000000000000000
-41.296482086200001,173.193420409999987,1.800011754040000,2.057426452640000,2.224950313570000,-2.122506618500000,0.000000000000000
-41.288448333700003,173.186416626000010,1.788324236870000,2.036554336550000,2.202144384380000,-2.085231304170000,0.000000000000000
-41.288070678700002,173.186721801999994,1.788273930550000,2.036371469500000,2.202108860020000,-2.084662914280000,0.000000000000000
-41.297027587899997,173.198013306000007,1.797095179560000,2.053943872450000,2.220596551900000,-2.120579481120000,0.000000000000000
-41.297256469700002,173.196136475000003,1.799945831300000,2.057057380680000,2.224115610120000,-2.122772693630000,0.000000000000000
-41.297286987299998,173.196670532000013,1.799443483350000,2.056999444960000,2.224171638490000,-2.123399019240000,0.000000000000000
-41.297348022500003,173.197189331000004,1.799047589300000,2.056261539460000,2.223270654680000,-2.122443675990000,0.000000000000000
-41.296936035199998,173.197494506999988,1.797932386400000,2.055435419080000,2.222025871280000,-2.121826410290000,0.000000000000000
-41.296760559100001,173.194793701000009,1.799335956570000,2.056415557860000,2.223595619200000,-2.121227979660000,0.000000000000000
-41.296764373800002,173.195327759000008,1.799298048020000,2.056075096130000,2.223137140270000,-2.121217250820000,0.000000000000000
-41.296775817899999,173.195877074999999,1.799010872840000,2.055652856830000,2.222648143770000,-2.120795488360000,0.000000000000000
-41.296333312999998,173.193954467999987,1.799404501910000,2.056598424910000,2.223934173580000,-2.121214866640000,0.000000000000000
-41.296283721899997,173.194488524999997,1.799324512480000,2.056407213210000,2.223621845250000,-2.121559143070000,0.000000000000000
-41.296840667700003,173.204650879000013,1.795280098920000,2.052148818970000,2.216821908950000,-2.121133804320000,0.000000000000000
-41.296562194800003,173.204925537000008,1.794932127000000,2.052026748660000,2.216504573820000,-2.121739864350000,0.000000000000000
-41.296897888200000,173.204132079999994,1.796914100650000,2.054181575780000,2.219223022460000,-2.122838974000000,0.000000000000000
-41.296264648399998,173.200622559000010,1.795042634010000,2.052401065830000,2.218005180360000,-2.121120452880000,0.000000000000000
-41.296310424799998,173.201110840000013,1.793502330780000,2.050102233890000,2.215663433070000,-2.118570804600000,0.000000000000000
-41.296352386499997,173.201614379999995,1.795008897780000,2.052016019820000,2.217109441760000,-2.120595216750000,0.000000000000000
-41.296386718800001,173.202102660999998,1.796173810960000,2.053278446200000,2.218174934390000,-2.122100114820000,0.000000000000000
-41.296688079799999,173.203552245999987,1.795415282250000,2.052542209630000,2.216982603070000,-2.121243953700000,0.000000000000000
-41.296424865699997,173.202590942000000,1.795417308810000,2.052166938780000,2.217024564740000,-2.120357513430000,0.000000000000000
-41.296508789100002,173.203063965000013,1.796107411380000,2.053222179410000,2.218020915990000,-2.122232437130000,0.000000000000000
-41.295646667500002,173.205917357999994,1.791709423070000,2.048253297810000,2.212429761890000,-2.118450164790000,0.000000000000000
-41.296066284200002,173.205032348999993,1.794153094290000,2.051022529600000,2.215530395510000,-2.120708227160000,0.000000000000000
-41.295600891100001,173.205383301000012,1.793259143830000,2.049909591670000,2.214647531510000,-2.119911193850000,0.000000000000000
-41.295242309599999,173.206176757999998,1.791751980780000,2.048416614530000,2.213651657100000,-2.119028091430000,0.000000000000000
-41.295269012500000,173.206619262999993,1.792142033580000,2.048923969270000,2.214513778690000,-2.119447708130000,0.000000000000000
-41.295604705800002,173.207427978999988,1.792007207870000,2.048520803450000,2.213380336760000,-2.118771314620000,0.000000000000000
-41.295219421399999,173.207061767999988,1.791793942450000,2.048387289050000,2.213316440580000,-2.119324684140000,0.000000000000000
-41.254589080800002,173.105407715000013,1.560208082200000,1.743736386300000,1.882965803150000,-1.826803684230000,0.000000000000000
-41.254577636699999,173.105087279999992,1.567000269890000,1.751176118850000,1.891592025760000,-1.832170605660000,0.000000000000000
-41.254520416299997,173.104461670000006,1.576825261120000,1.761489152910000,1.904918074610000,-1.836401462550000,0.000000000000000
-41.254398345900000,173.104766845999990,1.571979522710000,1.755535244940000,1.898554682730000,-1.831328034400000,0.000000000000000
-41.254337310799997,173.104202270999991,1.581808805470000,1.767330169680000,1.911051392560000,-1.838936090470000,0.000000000000000
-41.295982360799997,173.192214965999995,1.801036834720000,2.058572053910000,2.226130247120000,-2.123172044750000,0.000000000000000
-41.296035766599999,173.192886353000006,1.799703121190000,2.056732892990000,2.224258661270000,-2.121449708940000,0.000000000000000
-41.295879364000001,173.193557738999999,1.799870014190000,2.057091474530000,2.224334716800000,-2.122167825700000,0.000000000000000
-41.288463592500001,173.186828612999989,1.787380456920000,2.035078525540000,2.200596570970000,-2.082535028460000,0.000000000000000
-41.296531677200001,173.197814940999990,1.796507358550000,2.052778244020000,2.219260692600000,-2.117913246150000,0.000000000000000
-41.296787262000002,173.196411132999998,1.798475384710000,2.055015563960000,2.221883773800000,-2.120413303380000,0.000000000000000
-41.296844482399997,173.196960448999988,1.797762155530000,2.054561614990000,2.221216440200000,-2.119835853580000,0.000000000000000
-41.296432495099999,173.197296142999988,1.796802401540000,2.053061723710000,2.219572305680000,-2.118039608000000,0.000000000000000
-41.296119689900003,173.198135376000010,1.795497775080000,2.051736354830000,2.218096017840000,-2.117344617840000,0.000000000000000
-41.296272277800000,173.195053101000013,1.798908829690000,2.055617332460000,2.222694396970000,-2.120645284650000,0.000000000000000
-41.296287536599998,173.195602417000003,1.798529624940000,2.054998874660000,2.221932411190000,-2.120223522190000,0.000000000000000
-41.296302795400003,173.196136475000003,1.797987461090000,2.054551362990000,2.221335649490000,-2.119961738590000,0.000000000000000
-41.295791626000003,173.194168090999995,1.798744916920000,2.055529832840000,2.222634553910000,-2.119935989380000,0.000000000000000
-41.295761108400001,173.194747925000001,1.798699617390000,2.055269718170000,2.222203016280000,-2.120436429980000,0.000000000000000
-41.296348571800003,173.204467773000005,1.795264601710000,2.052572488780000,2.217001914980000,-2.122176647190000,0.000000000000000
-41.296379089399998,173.203918456999986,1.795754075050000,2.052876234050000,2.217364788060000,-2.121830224990000,0.000000000000000
-41.295837402300002,173.204559326000009,1.794968962670000,2.052099943160000,2.216797351840000,-2.121292829510000,0.000000000000000
-41.295677185099997,173.198440551999994,1.794338464740000,2.050809144970000,2.216855049130000,-2.116840362550000,0.000000000000000
-41.295696258500001,173.198944092000005,1.794616222380000,2.050563097000000,2.216354370120000,-2.116999149320000,0.000000000000000
-41.295707702599998,173.199432373000008,1.793891429900000,2.049538373950000,2.215096712110000,-2.115374565120000,0.000000000000000
-41.295894622799999,173.201385498000008,1.797181606290000,2.054061889650000,2.219653844830000,-2.122557401660000,0.000000000000000
-41.295936584499998,173.201889037999990,1.795528173450000,2.052321195600000,2.217150449750000,-2.119956254960000,0.000000000000000
-41.295982360799997,173.202377318999993,1.795595645900000,2.052901744840000,2.217854738240000,-2.121990203860000,0.000000000000000
-41.296100616499999,173.203460693000011,1.796264767650000,2.053658008580000,2.218209981920000,-2.122905015950000,0.000000000000000
-41.296035766599999,173.202880859000004,1.795732855800000,2.052783966060000,2.217425584790000,-2.121327161790000,0.000000000000000
-41.295188903800003,173.205688476999995,1.791530609130000,2.048168659210000,2.212272644040000,-2.118693828580000,0.000000000000000
-41.295505523700001,173.204864501999992,1.794012308120000,2.051116704940000,2.215439319610000,-2.120811700820000,0.000000000000000
-41.295108795200001,173.205184937000013,1.792674541470000,2.049490928650000,2.213737726210000,-2.119663000110000,0.000000000000000
-41.294803619400000,173.205978393999999,1.791619062420000,2.048233747480000,2.213473081590000,-2.118844985960000,0.000000000000000
-41.294872283899998,173.206420898000005,1.791548252110000,2.047989368440000,2.212806701660000,-2.118651390080000,0.000000000000000
-41.294937133799998,173.206787109000004,1.791458249090000,2.048079729080000,2.213078260420000,-2.118829011920000,0.000000000000000
-41.295387268100001,173.207962035999998,1.789616227150000,2.045936346050000,2.210950613020000,-2.117492914200000,0.000000000000000
-41.295055389399998,173.207504271999994,1.790804743770000,2.047359704970000,2.212802171710000,-2.118760824200000,0.000000000000000
-41.294769287100003,173.207107543999996,1.791255831720000,2.047871828080000,2.213458299640000,-2.118792772290000,0.000000000000000
-41.295120239299997,173.208435059000010,1.788407444950000,2.044454813000000,2.209490060810000,-2.116652011870000,0.000000000000000
-41.294979095499997,173.209259032999995,1.790152549740000,2.046364307400000,2.212726593020000,-2.118398189540000,0.000000000000000
-41.294841766399998,173.208862304999997,1.790736198430000,2.046581268310000,2.213889837270000,-2.118402004240000,0.000000000000000
-41.294795989999997,173.209640503000003,1.791062116620000,2.047076463700000,2.214182138440000,-2.119266271590000,0.000000000000000
-41.254291534399997,173.105331420999988,1.566198229790000,1.750639081000000,1.889695167540000,-1.830353021620000,0.000000000000000
-41.254272460899998,173.104995728000006,1.570613026620000,1.754388809200000,1.894692897800000,-1.831532478330000,0.000000000000000
-41.254219055199997,173.104492187999995,1.578086137770000,1.762526392940000,1.906419396400000,-1.834692358970000,0.000000000000000
-41.254108428999999,173.104766845999990,1.575986266140000,1.760235905650000,1.901669740680000,-1.834694266320000,0.000000000000000
-41.295352935799997,173.193161011000001,1.799564242360000,2.056543111800000,2.223814010620000,-2.120870351790000,0.000000000000000
-41.295276641800001,173.193786620999987,1.798678994180000,2.055630207060000,2.222776412960000,-2.120434045790000,0.000000000000000
-41.287921905499999,173.187637329000012,1.787811756130000,2.035981655120000,2.201500415800000,-2.084741353990000,0.000000000000000
-41.288433075000000,173.187591553000004,1.788954734800000,2.037355899810000,2.202914953230000,-2.086694478990000,0.000000000000000
-41.296043396000002,173.197616576999991,1.796058297160000,2.052707433700000,2.219085693360000,-2.118488788600000,0.000000000000000
-41.296260833700003,173.196731567000000,1.797449350360000,2.054005384450000,2.220569133760000,-2.119359016420000,0.000000000000000
-41.295982360799997,173.197158812999987,1.796597361560000,2.052973985670000,2.219451904300000,-2.118490695950000,0.000000000000000
-41.295616149899999,173.197891234999986,1.794944763180000,2.051341533660000,2.217625379560000,-2.117326021190000,0.000000000000000
-41.295780181900000,173.195327759000008,1.798078179360000,2.054576873780000,2.221416473390000,-2.119645357130000,0.000000000000000
-41.295825958300000,173.195877074999999,1.797808408740000,2.054224491120000,2.220920801160000,-2.119701623920000,0.000000000000000
-41.295879364000001,173.196350098000011,1.797369718550000,2.053654670720000,2.220252037050000,-2.119011878970000,0.000000000000000
-41.295207977300002,173.194427490000010,1.798427701000000,2.055024147030000,2.222007036210000,-2.120221138000000,0.000000000000000
-41.295238494899998,173.195053101000013,1.797857284550000,2.054355859760000,2.221103906630000,-2.119843482970000,0.000000000000000
-41.295856475800001,173.204025268999999,1.795528888700000,2.052667140960000,2.217265129090000,-2.121659517290000,0.000000000000000
-41.295619964600000,173.203582764000004,1.795393943790000,2.052631378170000,2.217259645460000,-2.121961593630000,0.000000000000000
-41.295406341600000,173.204360962000010,1.794980168340000,2.052164793010000,2.216565370560000,-2.121898651120000,0.000000000000000
-41.295177459700000,173.198181151999989,1.794876098630000,2.051057338710000,2.217042446140000,-2.117547035220000,0.000000000000000
-41.295227050800001,173.198699951000009,1.794143795970000,2.050184726720000,2.215986728670000,-2.116317033770000,0.000000000000000
-41.295261383099998,173.199203490999992,1.794247150420000,2.049941301350000,2.215564727780000,-2.116206169130000,0.000000000000000
-41.295299530000001,173.199691771999994,1.794523119930000,2.050715208050000,2.215939283370000,-2.117249727250000,0.000000000000000
-41.295345306400002,173.200180053999986,1.794819116590000,2.050992250440000,2.216042757030000,-2.116991758350000,0.000000000000000
-41.295387268100001,173.200668334999989,1.793683886530000,2.049389600750000,2.214711189270000,-2.115604639050000,0.000000000000000
-41.295482635500001,173.201660156000003,1.795902132990000,2.053086042400000,2.218105077740000,-2.122321128850000,0.000000000000000
-41.295528411900001,173.202163696000014,1.795152664180000,2.052039146420000,2.217050552370000,-2.120704412460000,0.000000000000000
-41.295574188200000,173.202651978000006,1.796621799470000,2.054022789000000,2.218590497970000,-2.123213768010000,0.000000000000000
-41.295619964600000,173.203155517999988,1.795807003970000,2.052978754040000,2.217576265340000,-2.121341466900000,0.000000000000000
-41.294723510700003,173.205505370999987,1.791079282760000,2.047502279280000,2.211779117580000,-2.118101596830000,0.000000000000000
-41.294357299799998,173.205795287999990,1.790892601010000,2.047249317170000,2.212522983550000,-2.118023157120000,0.000000000000000
-41.295009612999998,173.204696654999992,1.793840289120000,2.050821542740000,2.215070247650000,-2.120649576190000,0.000000000000000
-41.294624328600001,173.205017090000013,1.791362047200000,2.047917604450000,2.212227344510000,-2.118414640430000,0.000000000000000
-41.294437408400000,173.206268311000002,1.791167497630000,2.047697544100000,2.212720394130000,-2.118611812590000,0.000000000000000
-41.294559478799997,173.206710815000008,1.791255116460000,2.047998189930000,2.213661670680000,-2.119208812710000,0.000000000000000
-41.294002532999997,173.206085204999994,1.791087865830000,2.047766923900000,2.213489294050000,-2.118829965590000,0.000000000000000
-41.294826507600000,173.207977295000006,1.790151596070000,2.046660423280000,2.212126731870000,-2.118126630780000,0.000000000000000
-41.294540405299998,173.207519531000003,1.791747689250000,2.048294544220000,2.214339494710000,-2.119457960130000,0.000000000000000
-41.294296264600000,173.207077026000007,1.791316866870000,2.047923088070000,2.213364601140000,-2.119097948070000,0.000000000000000
-41.294582366900002,173.208419800000001,1.790003895760000,2.046390056610000,2.212381124500000,-2.118209600450000,0.000000000000000
-41.294555664100002,173.209213256999988,1.790202736850000,2.046745061870000,2.212907552720000,-2.119049787520000,0.000000000000000
-41.294403076199998,173.208816528000000,1.790563583370000,2.046881198880000,2.213285207750000,-2.118787288670000,0.000000000000000
-41.294300079300001,173.209594726999995,1.791937112810000,2.048215150830000,2.215987205510000,-2.120342969890000,0.000000000000000
-41.294525146500000,173.210052490000010,1.790810942650000,2.047065734860000,2.213597536090000,-2.119651794430000,0.000000000000000
-41.294685363799999,173.210464478000006,1.790677428250000,2.046645641330000,2.213881731030000,-2.119324684140000,0.000000000000000
-41.254337310799997,173.105957031000003,1.566811323170000,1.752317428590000,1.889153003690000,-1.831752777100000,0.000000000000000
-41.254150390600003,173.105651854999991,1.573014497760000,1.758959293370000,1.896335601810000,-1.835267305370000,0.000000000000000
-41.253986358600002,173.105392456000004,1.569548010830000,1.753794550900000,1.892280101780000,-1.830710172650000,0.000000000000000
-41.253982543900001,173.105072021000012,1.572444796560000,1.756527543070000,1.895727515220000,-1.832714796070000,0.000000000000000
-41.253917694099997,173.104522704999994,1.578485250470000,1.763105511670000,1.905978679660000,-1.835311055180000,0.000000000000000
-41.253856658899998,173.104782104000009,1.576813101770000,1.760950684550000,1.901749491690000,-1.836069345470000,0.000000000000000
-41.294628143300002,173.194000243999994,1.798171281810000,2.054583549500000,2.221203088760000,-2.120148658750000,0.000000000000000
-41.288192748999997,173.187973021999994,1.787669062610000,2.035781145100000,2.201241970060000,-2.084399461750000,0.000000000000000
-41.287937164299997,173.188262938999998,1.787992954250000,2.036611080170000,2.202198982240000,-2.085896968840000,0.000000000000000
-41.288677215600003,173.188018798999991,1.787915587430000,2.036034584050000,2.201689481740000,-2.085253238680000,0.000000000000000
-41.295566558799997,173.197357178000004,1.795789241790000,2.052009820940000,2.218359231950000,-2.117521762850000,0.000000000000000
-41.295597076400000,173.196777343999997,1.796415090560000,2.052816867830000,2.219281673430000,-2.118485689160000,0.000000000000000
-41.295108795200001,173.197647095000008,1.794778943060000,2.051196336750000,2.217449903490000,-2.117389202120000,0.000000000000000
-41.295299530000001,173.195632934999992,1.797484397890000,2.053825616840000,2.220475435260000,-2.119305133820000,0.000000000000000
-41.295398712199997,173.196197509999990,1.796976208690000,2.053272008900000,2.219843387600000,-2.118788957600000,0.000000000000000
-41.294815063500003,173.195388793999996,1.797078132630000,2.053358078000000,2.219893932340000,-2.118795394900000,0.000000000000000
-41.294548034700000,173.194778442000000,1.797624707220000,2.054037332530000,2.220536708830000,-2.119725465770000,0.000000000000000
-41.294677734399997,173.197952270999991,1.794882893560000,2.050970554350000,2.216846227650000,-2.117638587950000,0.000000000000000
-41.295307159399997,173.203872681000007,1.795285344120000,2.052463769910000,2.216807603840000,-2.121634483340000,0.000000000000000
-41.295219421399999,173.203399657999995,1.795894742010000,2.053048372270000,2.217735767360000,-2.122216939930000,0.000000000000000
-41.294914245599998,173.204193115000010,1.794269204140000,2.051414489750000,2.215903997420000,-2.120903491970000,0.000000000000000
-41.294746398900003,173.198471068999993,1.794314026830000,2.050269365310000,2.216075897220000,-2.116726875310000,0.000000000000000
-41.294795989999997,173.198974609000004,1.794468045230000,2.050343513490000,2.215867042540000,-2.116966485980000,0.000000000000000
-41.294837951700003,173.199462890999996,1.794719100000000,2.050876855850000,2.216026782990000,-2.117086648940000,0.000000000000000
-41.294879913300001,173.199966431000007,1.795165181160000,2.051136493680000,2.216431140900000,-2.117422580720000,0.000000000000000
-41.294925689700001,173.200454712000010,1.795214176180000,2.051283836360000,2.216768264770000,-2.118605613710000,0.000000000000000
-41.294971466100002,173.200942993000012,1.795218229290000,2.051161527630000,2.216089010240000,-2.117382049560000,0.000000000000000
-41.295017242400000,173.201446532999995,1.794054985050000,2.049927711490000,2.215272665020000,-2.117108106610000,0.000000000000000
-41.295116424600003,173.202438354000009,1.796126842500000,2.053124904630000,2.217471838000000,-2.120772123340000,0.000000000000000
-41.295166015600003,173.202926636000001,1.796081423760000,2.053601980210000,2.218456268310000,-2.123140096660000,0.000000000000000
-41.294258117699997,173.205337523999987,1.790730357170000,2.046991348270000,2.212020158770000,-2.117802143100000,0.000000000000000
-41.293914794899997,173.205642699999999,1.790156722070000,2.046329259870000,2.211475372310000,-2.117288351060000,0.000000000000000
-41.294509887700002,173.204513550000001,1.792866945270000,2.049583435060000,2.214068412780000,-2.119953870770000,0.000000000000000
-41.294139862100003,173.204864501999992,1.790703058240000,2.047033548360000,2.211136102680000,-2.117689609530000,0.000000000000000
-41.293621063200000,173.205932617000002,1.791521668430000,2.047709226610000,2.214533567430000,-2.118385553360000,0.000000000000000
-41.294036865199999,173.206604004000013,1.791911840440000,2.048599004750000,2.214491128920000,-2.119459629060000,0.000000000000000
-41.293647766100001,173.206283568999993,1.792317748070000,2.048974275590000,2.215073347090000,-2.120108842850000,0.000000000000000
-41.294284820599998,173.207977295000006,1.791141271590000,2.047781467440000,2.213472604750000,-2.119296312330000,0.000000000000000
-41.294021606400001,173.207489014000004,1.792352437970000,2.048953533170000,2.215345621110000,-2.120290279390000,0.000000000000000
-41.293849945100000,173.207046509000008,1.792000293730000,2.048688173290000,2.214633703230000,-2.120086669920000,0.000000000000000
-41.294010162399999,173.208496093999997,1.791594266890000,2.047981262210000,2.214470624920000,-2.119847774510000,0.000000000000000
-41.294025421100002,173.209106445000003,1.791560292240000,2.047767877580000,2.214639186860000,-2.119778633120000,0.000000000000000
-41.293869018599999,173.209564209000007,1.792404651640000,2.048571825030000,2.216166496280000,-2.120920181270000,0.000000000000000
-41.294033050499998,173.209976196000014,1.791449546810000,2.047651529310000,2.214492082600000,-2.120041847230000,0.000000000000000
-41.294239044199998,173.210433959999989,1.790390133860000,2.046384096150000,2.213402032850000,-2.119307994840000,0.000000000000000
-41.293968200700000,173.210845946999996,1.790161848070000,2.046301603320000,2.214411020280000,-2.119331598280000,0.000000000000000
-41.294216155999997,173.211334228999988,1.789545893670000,2.045646190640000,2.212916851040000,-2.119224309920000,0.000000000000000
-41.294513702400003,173.212707520000009,1.792176842690000,2.049201488490000,2.218827247620000,-2.122696161270000,0.000000000000000
-41.294189453100003,173.212203979000009,1.790780186650000,2.047559499740000,2.216821193700000,-2.120993852620000,0.000000000000000
-41.253993987999998,173.105926514000004,1.570403814320000,1.754553437230000,1.891986727710000,-1.830761551860000,0.000000000000000
-41.253826141399998,173.105621337999992,1.571312308310000,1.756087064740000,1.894028663640000,-1.832691907880000,0.000000000000000
-41.253673553500001,173.105270386000001,1.570663332940000,1.755502581600000,1.893438816070000,-1.833651900290000,0.000000000000000
-41.253696441700001,173.104949951000009,1.567574024200000,1.750142335890000,1.891436219220000,-1.826090693470000,0.000000000000000
-41.287979126000003,173.188674926999994,1.787930011750000,2.036345005040000,2.201865911480000,-2.085495471950000,0.000000000000000
-41.288803100599999,173.188507079999994,1.788878083230000,2.037778377530000,2.203541994090000,-2.087789773940000,0.000000000000000
-41.295051574699997,173.197082520000009,1.795593976970000,2.052125215530000,2.218393325810000,-2.118283987050000,0.000000000000000
-41.295040130600000,173.196548462000010,1.796164035800000,2.052565336230000,2.218947649000000,-2.118417501450000,0.000000000000000
-41.294567108199999,173.197402954000012,1.794552445410000,2.050908088680000,2.217118978500000,-2.117372989650000,0.000000000000000
-41.294178008999999,173.197769165000011,1.794987797740000,2.050977468490000,2.216776132580000,-2.117929458620000,0.000000000000000
-41.294738769500000,173.195999145999991,1.796402215960000,2.052785158160000,2.219148397450000,-2.118746042250000,0.000000000000000
-41.294254303000002,173.195449829000012,1.796597361560000,2.052892208100000,2.219261646270000,-2.118797540660000,0.000000000000000
-41.293785095200001,173.194946289000001,1.796283364300000,2.052373170850000,2.218717336650000,-2.118156433110000,0.000000000000000
-41.294269561800000,173.198257446000014,1.794326066970000,2.050225973130000,2.215935468670000,-2.116760730740000,0.000000000000000
-41.294830322300001,173.203689574999999,1.795175552370000,2.052431821820000,2.217029571530000,-2.122178316120000,0.000000000000000
-41.294765472400002,173.203201293999996,1.794881463050000,2.051887273790000,2.216442823410000,-2.120804786680000,0.000000000000000
-41.294414520300002,173.203994751000010,1.794076323510000,2.051130056380000,2.215596914290000,-2.120965719220000,0.000000000000000
-41.294326782200002,173.198745728000006,1.794642210010000,2.050616502760000,2.216023206710000,-2.117340087890000,0.000000000000000
-41.294372558600003,173.199249267999988,1.794805765150000,2.050929784770000,2.216131448750000,-2.117438077930000,0.000000000000000
-41.294414520300002,173.199737548999991,1.795474648480000,2.051324129100000,2.216641664510000,-2.118052959440000,0.000000000000000
-41.294460296600001,173.200241089000002,1.795131444930000,2.051204681400000,2.216423511510000,-2.117870330810000,0.000000000000000
-41.294506073000001,173.200729370000005,1.795447230340000,2.051362037660000,2.216358184810000,-2.117766380310000,0.000000000000000
-41.294551849400001,173.201232909999987,1.795463085170000,2.051640033720000,2.216917037960000,-2.119097232820000,0.000000000000000
-41.294601440400001,173.201721190999990,1.793687939640000,2.049682855610000,2.214732408520000,-2.116134166720000,0.000000000000000
-41.294654846199997,173.202224731000001,1.795973777770000,2.053519964220000,2.218361377720000,-2.123086452480000,0.000000000000000
-41.294708252000000,173.202713012999993,1.795202016830000,2.052507638930000,2.217583656310000,-2.122014999390000,0.000000000000000
-41.293800353999998,173.205200195000003,1.790173172950000,2.046236515050000,2.210779666900000,-2.117293834690000,0.000000000000000
-41.293449401899998,173.205551146999994,1.790717363360000,2.047250032420000,2.213063955310000,-2.118845701220000,0.000000000000000
-41.293094635000003,173.206100464000002,1.792527079580000,2.049292087550000,2.215661048890000,-2.120132923130000,0.000000000000000
-41.293476104699998,173.206710815000008,1.792149305340000,2.048973321910000,2.214389801030000,-2.120360612870000,0.000000000000000
-41.293727874799998,173.207931518999999,1.791560649870000,2.048336029050000,2.213964462280000,-2.119935035710000,0.000000000000000
-41.293422698999997,173.207366943000011,1.792315483090000,2.049136400220000,2.215115308760000,-2.120332956310000,0.000000000000000
-41.292381286599998,173.206329345999990,1.792509913440000,2.049234390260000,2.215270042420000,-2.120936393740000,0.000000000000000
-41.293613433799997,173.208816528000000,1.792360067370000,2.048659801480000,2.215722560880000,-2.120686054230000,0.000000000000000
-41.293445587199997,173.208374023000005,1.791515231130000,2.048094987870000,2.214301347730000,-2.119650363920000,0.000000000000000
-41.293437957800002,173.209289551000012,1.790903568270000,2.047631502150000,2.213737249370000,-2.119846820830000,0.000000000000000
-41.293540954599997,173.209869384999990,1.790477871890000,2.046781778340000,2.213150739670000,-2.119493484500000,0.000000000000000
-41.293727874799998,173.210372925000001,1.789174079900000,2.045423984530000,2.211647748950000,-2.118469715120000,0.000000000000000
-41.294197082499998,173.213211059999992,1.791477441790000,2.048475503920000,2.217779636380000,-2.122478485110000,0.000000000000000
-41.293449401899998,173.210800170999988,1.789347052570000,2.045454740520000,2.213571310040000,-2.119002580640000,0.000000000000000
-41.293689727800000,173.211273193000011,1.789091229440000,2.045081853870000,2.212426900860000,-2.118489027020000,0.000000000000000
-41.293918609599999,173.211746215999995,1.789414525030000,2.045890569690000,2.214536428450000,-2.119863510130000,0.000000000000000
-41.293918609599999,173.212677001999992,1.791612386700000,2.048486709590000,2.218048095700000,-2.122366905210000,0.000000000000000
-41.293647766100001,173.212173462000010,1.790940999980000,2.047502279280000,2.217408180240000,-2.121442317960000,0.000000000000000
-41.293830871600001,173.213684081999986,1.791709423070000,2.048435926440000,2.218594074250000,-2.122337818150000,0.000000000000000
-41.293956756599997,173.214370728000006,1.790859341620000,2.047866821290000,2.217284679410000,-2.122395753860000,0.000000000000000
-41.293849945100000,173.215576171999999,1.790845274930000,2.047948360440000,2.217437982560000,-2.123159646990000,0.000000000000000
-41.253677368200002,173.105911254999995,1.570807456970000,1.755163311960000,1.892748236660000,-1.832035183910000,0.000000000000000
-41.253826141399998,173.106201171999999,1.565431356430000,1.749665021900000,1.886350750920000,-1.829315543170000,0.000000000000000
-41.253471374500002,173.105606079000012,1.577915549280000,1.763671994210000,1.900146603580000,-1.836744070050000,0.000000000000000
-41.253360748299997,173.105300903000000,1.577102184300000,1.762998938560000,1.899510741230000,-1.837596416470000,0.000000000000000
-41.288063049300000,173.189025879000013,1.787723541260000,2.036087989810000,2.201607465740000,-2.085191965100000,0.000000000000000
-41.288795471199997,173.188949584999989,1.787913799290000,2.036459445950000,2.201946973800000,-2.085437059400000,0.000000000000000
-41.293758392299999,173.197662353999988,1.794745326040000,2.050735950470000,2.216443300250000,-2.117489576340000,0.000000000000000
-41.293815612800003,173.198074340999995,1.794430732730000,2.050200700760000,2.215841293330000,-2.116736173630000,0.000000000000000
-41.294410705600001,173.196731567000000,1.795179605480000,2.051454305650000,2.217708826070000,-2.117575883870000,0.000000000000000
-41.293979644799997,173.197280884000008,1.794396162030000,2.050687551500000,2.216675281520000,-2.117400169370000,0.000000000000000
-41.293956756599997,173.196060181000007,1.795417785640000,2.051747083660000,2.217972993850000,-2.117847204210000,0.000000000000000
-41.293663024899999,173.195510863999999,1.795769095420000,2.052132844920000,2.218262910840000,-2.118327856060000,0.000000000000000
-41.293159484900002,173.195205687999987,1.795648455620000,2.051960706710000,2.218035697940000,-2.118276357650000,0.000000000000000
-41.293426513699998,173.197372437000013,1.794644951820000,2.050525188450000,2.216309070590000,-2.117006540300000,0.000000000000000
-41.293865203899998,173.198532104000009,1.794960141180000,2.050936937330000,2.216252326970000,-2.117735624310000,0.000000000000000
-41.294357299799998,173.203491210999999,1.794545292850000,2.051696777340000,2.216199159620000,-2.121242046360000,0.000000000000000
-41.294300079300001,173.202987670999988,1.794984221460000,2.052252054210000,2.216817855830000,-2.122025966640000,0.000000000000000
-41.293945312500000,173.203781128000003,1.792562723160000,2.049449920650000,2.214212179180000,-2.120099782940000,0.000000000000000
-41.293907165500002,173.199020386000001,1.795002818110000,2.050865888600000,2.216179370880000,-2.117399692540000,0.000000000000000
-41.293949127200001,173.199508667000003,1.795143008230000,2.050857305530000,2.216181516650000,-2.117538213730000,0.000000000000000
-41.293987274199999,173.200012206999986,1.795089721680000,2.051249980930000,2.216360092160000,-2.118051052090000,0.000000000000000
-41.294033050499998,173.200515746999997,1.795230746270000,2.051355361940000,2.216510772710000,-2.118459224700000,0.000000000000000
-41.294082641599999,173.201004028000000,1.794718980790000,2.050503015520000,2.215737819670000,-2.117413997650000,0.000000000000000
-41.294132232700001,173.201507568000011,1.794429779050000,2.050639629360000,2.215750932690000,-2.118368387220000,0.000000000000000
-41.294185638400002,173.202011107999994,1.794329404830000,2.050106763840000,2.214999198910000,-2.117355585100000,0.000000000000000
-41.292816162100003,173.206893920999988,1.792660832410000,2.049697875980000,2.215444326400000,-2.121145725250000,0.000000000000000
-41.293186187700002,173.207916259999990,1.792778730390000,2.049606561660000,2.215750217440000,-2.121330261230000,0.000000000000000
-41.292881012000002,173.207519531000003,1.792462825780000,2.049248695370000,2.215361595150000,-2.120994091030000,0.000000000000000
-41.292114257800002,173.206848145000009,1.791266322140000,2.048081159590000,2.213087081910000,-2.119620561600000,0.000000000000000
-41.293148040799998,173.208770751999992,1.792026638980000,2.048507690430000,2.214897394180000,-2.120593070980000,0.000000000000000
-41.292991638200000,173.208343506000006,1.793176889420000,2.049814462660000,2.216480255130000,-2.121915102010000,0.000000000000000
-41.292846679699998,173.209197998000008,1.790106415750000,2.046630382540000,2.212707042690000,-2.119137763980000,0.000000000000000
-41.293033599899999,173.209701537999990,1.789745807650000,2.045851945880000,2.212790966030000,-2.118685960770000,0.000000000000000
-41.293144226099997,173.210296631000006,1.789690136910000,2.045616865160000,2.213251590730000,-2.118551254270000,0.000000000000000
-41.293601989700001,173.213134765999996,1.791250467300000,2.048156738280000,2.217667818070000,-2.122291564940000,0.000000000000000
-41.292995452900001,173.210769653000000,1.789314031600000,2.045444488530000,2.214128494260000,-2.118888139720000,0.000000000000000
-41.293174743700000,173.211196898999987,1.789102554320000,2.045180320740000,2.212999105450000,-2.118784189220000,0.000000000000000
-41.293399810799997,173.211685181000007,1.788992404940000,2.045293569560000,2.213951826100000,-2.119428634640000,0.000000000000000
-41.293354034399997,173.212615967000005,1.791336297990000,2.048207759860000,2.217902183530000,-2.122021913530000,0.000000000000000
-41.293106079099999,173.212112426999994,1.790491342540000,2.046948671340000,2.216948270800000,-2.120958805080000,0.000000000000000
-41.293460845900000,173.214004517000006,1.790708303450000,2.047636747360000,2.217310428620000,-2.122159957890000,0.000000000000000
-41.293273925800001,173.213546753000003,1.790170431140000,2.046923398970000,2.215841531750000,-2.121465682980000,0.000000000000000
-41.293270111100000,173.214431762999993,1.791803717610000,2.048182249070000,2.218582391740000,-2.122650623320000,0.000000000000000
-41.293575286900001,173.214965820000003,1.792280197140000,2.048709154130000,2.219152212140000,-2.122630119320000,0.000000000000000
-41.293201446499999,173.215454101999995,1.791182279590000,2.047795534130000,2.217991352080000,-2.122580528260000,0.000000000000000
-41.253425598100002,173.105911254999995,1.574197649960000,1.759445428850000,1.896333456040000,-1.835064291950000,0.000000000000000
-41.253532409700000,173.106155395999991,1.567819237710000,1.752871394160000,1.889339923860000,-1.831794738770000,0.000000000000000
-41.253646850599999,173.106430053999986,1.558989882470000,1.742930412290000,1.878807544710000,-1.824938654900000,0.000000000000000
-41.253196716300003,173.105789184999992,1.574692964550000,1.759518861770000,1.897045612340000,-1.834927320480000,0.000000000000000
-41.253143310500000,173.105468750000000,1.576987385750000,1.761979818340000,1.899609446530000,-1.836213946340000,0.000000000000000
-41.288379669199998,173.189315795999988,1.788330197330000,2.037365198140000,2.202930450440000,-2.088368654250000,0.000000000000000
-41.289119720499997,173.189361571999996,1.788155555730000,2.037203788760000,2.202911853790000,-2.087522268300000,0.000000000000000
-41.293392181400002,173.197845459000007,1.794484019280000,2.050486803050000,2.216218471530000,-2.117347240450000,0.000000000000000
-41.293415069600002,173.198318481000001,1.795024871830000,2.050907611850000,2.216309070590000,-2.117778778080000,0.000000000000000
-41.293521881099998,173.196716309000010,1.794839501380000,2.051120281220000,2.217063903810000,-2.117725372310000,0.000000000000000
-41.293155670200001,173.195922851999995,1.795040607450000,2.051187992100000,2.217156410220000,-2.117395162580000,0.000000000000000
-41.292572021500000,173.195449829000012,1.795421004300000,2.051680088040000,2.217742919920000,-2.118247509000000,0.000000000000000
-41.292938232399997,173.197097778000000,1.794380307200000,2.050431966780000,2.216368198390000,-2.116936445240000,0.000000000000000
-41.292968750000000,173.197601318000011,1.794431805610000,2.050378322600000,2.216151952740000,-2.117205381390000,0.000000000000000
-41.293445587199997,173.198791504000013,1.794931411740000,2.050790309910000,2.216208696370000,-2.117457866670000,0.000000000000000
-41.293479919399999,173.199295043999996,1.794897079470000,2.050736427310000,2.216125011440000,-2.117697000500000,0.000000000000000
-41.293514251700003,173.199783324999999,1.794969439510000,2.051095008850000,2.216225624080000,-2.118186473850000,0.000000000000000
-41.293556213400002,173.200286865000010,1.794779300690000,2.050464153290000,2.215681314470000,-2.117222070690000,0.000000000000000
-41.293605804400002,173.200790404999992,1.794604420660000,2.050503492360000,2.215717077260000,-2.118009328840000,0.000000000000000
-41.293659210199998,173.201293945000003,1.793434381480000,2.049637794490000,2.214627027510000,-2.116640090940000,0.000000000000000
-41.293716430700002,173.201797484999986,1.793348789220000,2.049697399140000,2.214655399320000,-2.117494821550000,0.000000000000000
-41.293773651099997,173.202285767000006,1.793070197110000,2.049164533620000,2.214084148410000,-2.116956472400000,0.000000000000000
-41.292343139600000,173.207443237000007,1.791843175890000,2.048969745640000,2.214269399640000,-2.120713472370000,0.000000000000000
-41.292644500700000,173.207992553999986,1.791244387630000,2.048256874080000,2.213479518890000,-2.119550943370000,0.000000000000000
-41.292545318599998,173.208633423000009,1.789776921270000,2.046696424480000,2.211243867870000,-2.118924379350000,0.000000000000000
-41.292373657200002,173.209152222000000,1.788628220560000,2.044632196430000,2.210879564290000,-2.117736577990000,0.000000000000000
-41.292537689200003,173.209594726999995,1.790206909180000,2.046253442760000,2.214480400090000,-2.119148969650000,0.000000000000000
-41.292701721199997,173.210021973000011,1.789227604870000,2.045257329940000,2.211960315700000,-2.118477344510000,0.000000000000000
-41.292549133300000,173.210510254000013,1.788493394850000,2.044446229930000,2.211874008180000,-2.118134498600000,0.000000000000000
-41.293045043900001,173.213043212999992,1.790249943730000,2.046953201290000,2.215873479840000,-2.121402502060000,0.000000000000000
-41.292663574199999,173.211090087999992,1.789091587070000,2.045269966130000,2.214116573330000,-2.118844985960000,0.000000000000000
-41.292858123800002,173.211608887000011,1.789201974870000,2.045609712600000,2.214576959610000,-2.119536638260000,0.000000000000000
-41.292804717999999,173.212539673000009,1.790681123730000,2.047421216960000,2.216580152510000,-2.121586084370000,0.000000000000000
-41.292564392099997,173.212051392000006,1.790288209920000,2.046836853030000,2.216673135760000,-2.120969295500000,0.000000000000000
-41.292980194099997,173.213958740000010,1.791594862940000,2.047962903980000,2.218466997150000,-2.122352361680000,0.000000000000000
-41.292736053500001,173.213470459000007,1.790509581570000,2.047158241270000,2.217412471770000,-2.121767759320000,0.000000000000000
-41.292846679699998,173.215789795000006,1.791384339330000,2.047750711440000,2.218111276630000,-2.122751235960000,0.000000000000000
-41.292697906500003,173.214401245000005,1.790670633320000,2.047472476960000,2.217219591140000,-2.122222423550000,0.000000000000000
-41.292964935299999,173.214904784999987,1.790648460390000,2.047502279280000,2.217292070390000,-2.122560501100000,0.000000000000000
-41.292644500700000,173.215347290000011,1.791214466090000,2.047557353970000,2.217881441120000,-2.122360706330000,0.000000000000000
-41.293018341100002,173.216781615999992,1.791034936900000,2.047406435010000,2.217744588850000,-2.122629165650000,0.000000000000000
-41.292644500700000,173.217254639000004,1.792005419730000,2.048110723500000,2.219224214550000,-2.123197793960000,0.000000000000000
-41.292430877699999,173.217895507999998,1.791337013240000,2.047694683070000,2.218478441240000,-2.123324632640000,0.000000000000000
-41.292675018300002,173.216247559000010,1.791480422020000,2.047752857210000,2.218276262280000,-2.122796058650000,0.000000000000000
-41.292247772200000,173.218658446999996,1.791594982150000,2.047897577290000,2.219134330750000,-2.123188257220000,0.000000000000000
-41.291893005399999,173.218215942000000,1.791869997980000,2.048035860060000,2.219209432600000,-2.122966766360000,0.000000000000000
-41.291870117199998,173.219207764000004,1.791375398640000,2.047579050060000,2.218564748760000,-2.122687816620000,0.000000000000000
-41.291488647500003,173.219558715999995,1.790897846220000,2.047064542770000,2.218023300170000,-2.122705936430000,0.000000000000000
-41.253257751500001,173.106079101999995,1.570893645290000,1.756092429160000,1.892537832260000,-1.833695411680000,0.000000000000000
-41.253353118900002,173.106369018999999,1.568089008330000,1.752948999400000,1.888073444370000,-1.832247138020000,0.000000000000000
-41.253471374500002,173.106658936000002,1.574254155160000,1.759923696520000,1.893036246300000,-1.838371038440000,0.000000000000000
-41.253639221199997,173.106964110999996,1.573150873180000,1.759144902230000,1.893339753150000,-1.837552905080000,0.000000000000000
-41.252979278600002,173.105972290000011,1.571490287780000,1.756990790370000,1.893660068510000,-1.835259914400000,0.000000000000000
-41.288681030299998,173.189758301000012,1.788717031480000,2.038663625720000,2.204278707500000,-2.090491771700000,0.000000000000000
-41.289199829099999,173.189926146999994,1.788609147070000,2.038521289830000,2.204303026200000,-2.090151309970000,0.000000000000000
-41.292976379400002,173.198089600000003,1.794641137120000,2.050577163700000,2.216079235080000,-2.117455005650000,0.000000000000000
-41.292991638200000,173.198562621999997,1.794601559640000,2.050522327420000,2.216041326520000,-2.117365121840000,0.000000000000000
-41.291599273700001,173.194885254000013,1.797370314600000,2.054199695590000,2.220817804340000,-2.121091842650000,0.000000000000000
-41.292774200399997,173.196533203000001,1.794681191440000,2.050643682480000,2.216492176060000,-2.116809368130000,0.000000000000000
-41.292446136499997,173.196029662999990,1.794773578640000,2.051135778430000,2.217151641850000,-2.117456674580000,0.000000000000000
-41.291561126700003,173.195358276000007,1.796635746960000,2.053198814390000,2.219706058500000,-2.120181322100000,0.000000000000000
-41.292022705100003,173.195648193000011,1.795380592350000,2.051580190660000,2.217716932300000,-2.117681264880000,0.000000000000000
-41.292411804200000,173.196945190000008,1.794239044190000,2.050325632100000,2.216260194780000,-2.116825580600000,0.000000000000000
-41.292522430399998,173.197387695000003,1.794326663020000,2.050479888920000,2.216357469560000,-2.117532730100000,0.000000000000000
-41.292541503899997,173.197845459000007,1.794400691990000,2.050380229950000,2.216110229490000,-2.117532253270000,0.000000000000000
-41.293014526400000,173.199050903000000,1.794439435010000,2.050361156460000,2.215827465060000,-2.117488861080000,0.000000000000000
-41.293361663799999,173.202575684000010,1.793131470680000,2.048898220060000,2.213518142700000,-2.117151975630000,0.000000000000000
-41.293041229200000,173.199554443000011,1.794582366940000,2.050346136090000,2.215581417080000,-2.117392778400000,0.000000000000000
-41.293075561499997,173.200057982999994,1.794194579120000,2.050049066540000,2.215387344360000,-2.117442131040000,0.000000000000000
-41.293121337899997,173.200576782000013,1.793707251550000,2.049460649490000,2.214655876160000,-2.116864442830000,0.000000000000000
-41.293174743700000,173.201080321999996,1.793308496480000,2.049309015270000,2.214377641680000,-2.117167949680000,0.000000000000000
-41.293235778800003,173.201583862000007,1.792851924900000,2.048930168150000,2.213947772980000,-2.116818189620000,0.000000000000000
-41.293296814000001,173.202072143999999,1.792650341990000,2.048656225200000,2.213503360750000,-2.116827011110000,0.000000000000000
-41.291866302499997,173.204895020000009,1.792247414590000,2.047801494600000,2.213489770890000,-2.118394613270000,0.000000000000000
-41.291439056400002,173.205169678000004,1.792407155040000,2.047957897190000,2.214557409290000,-2.118639707570000,0.000000000000000
-41.291015625000000,173.205429076999991,1.793206214900000,2.049240827560000,2.215867280960000,-2.121610879900000,0.000000000000000
-41.292617797900000,173.203689574999999,1.790783524510000,2.046992778780000,2.211699724200000,-2.117291688920000,0.000000000000000
-41.292198181200000,173.204025268999999,1.791917920110000,2.047366142270000,2.213216066360000,-2.118321895600000,0.000000000000000
-41.291915893599999,173.208084106000001,1.791803598400000,2.048319816590000,2.214589118960000,-2.120980262760000,0.000000000000000
-41.292030334499998,173.209487915000011,1.789192914960000,2.045155286790000,2.212347269060000,-2.118280887600000,0.000000000000000
-41.292247772200000,173.209991454999994,1.789627432820000,2.045555353160000,2.212790727620000,-2.118370056150000,0.000000000000000
-41.291961669899997,173.210418701000009,1.788564801220000,2.044620275500000,2.212481260300000,-2.118292570110000,0.000000000000000
-41.292144775399997,173.210937500000000,1.788971662520000,2.045377492900000,2.215047121050000,-2.119422197340000,0.000000000000000
-41.292495727499997,173.212966918999996,1.790124177930000,2.046915054320000,2.216133594510000,-2.121234655380000,0.000000000000000
-41.292255401600002,173.211517334000007,1.789659738540000,2.046312570570000,2.215653657910000,-2.120479106900000,0.000000000000000
-41.292274475100001,173.212463379000013,1.789915442470000,2.046582460400000,2.215957641600000,-2.121005058290000,0.000000000000000
-41.292095184300003,173.212020873999990,1.789746761320000,2.046182394030000,2.214833736420000,-2.120437622070000,0.000000000000000
-41.292434692400001,173.213897704999994,1.791272640230000,2.047733306880000,2.217902183530000,-2.122478008270000,0.000000000000000
-41.292182922400002,173.213394165000011,1.790573000910000,2.047135114670000,2.217062950130000,-2.121822834010000,0.000000000000000
-41.292362213099999,173.215774535999998,1.790166020390000,2.046767473220000,2.216871261600000,-2.122157096860000,0.000000000000000
-41.292137146000002,173.214340209999989,1.790153265000000,2.047198057170000,2.216705560680000,-2.122102737430000,0.000000000000000
-41.292396545400003,173.214843750000000,1.791530489920000,2.047817468640000,2.218412876130000,-2.122685909270000,0.000000000000000
-41.292098998999997,173.215286254999995,1.790310621260000,2.046957492830000,2.216829538350000,-2.122125864030000,0.000000000000000
-41.290752410899998,173.221267699999999,1.790687918660000,2.046905279160000,2.217950820920000,-2.122574090960000,0.000000000000000
-41.291278839100002,173.220016479000009,1.791312336920000,2.047449827190000,2.218678951260000,-2.122691392900000,0.000000000000000
-41.290931701700003,173.220596312999987,1.791128277780000,2.047339200970000,2.218448162080000,-2.122980356220000,0.000000000000000
-41.292385101299999,173.216751098999993,1.791373729710000,2.047597646710000,2.218176841740000,-2.122971773150000,0.000000000000000
-41.292083740199999,173.217254639000004,1.790893197060000,2.047070503230000,2.217745065690000,-2.122347831730000,0.000000000000000
-41.291748046899997,173.217727660999998,1.791374325750000,2.047511816020000,2.218489408490000,-2.122979640960000,0.000000000000000
-41.292095184300003,173.216232300000001,1.790969133380000,2.047148466110000,2.217879772190000,-2.122306108470000,0.000000000000000
-41.291400909399997,173.218154907000013,1.790585160260000,2.046828746800000,2.217513561250000,-2.122661352160000,0.000000000000000
-41.291637420699999,173.218658446999996,1.790918707850000,2.047273397450000,2.218062162400000,-2.123148441310000,0.000000000000000
-41.291313171399999,173.219085693000011,1.791484475140000,2.047498703000000,2.218739986420000,-2.123027086260000,0.000000000000000
-41.291004180900003,173.219528198000006,1.790231823920000,2.046489953990000,2.217194795610000,-2.122556924820000,0.000000000000000
-41.253051757800002,173.106277465999995,1.570783019070000,1.755926251410000,1.890982151030000,-1.834297060970000,0.000000000000000
-41.253150939900003,173.106597899999997,1.568407177930000,1.753398895260000,1.887381196020000,-1.832583427430000,0.000000000000000
-41.253288269000002,173.106918334999989,1.568223118780000,1.753167033200000,1.886933803560000,-1.831041693690000,0.000000000000000
-41.253105163599997,173.107177734000004,1.578084707260000,1.760700225830000,1.895434737210000,-1.839092373850000,0.000000000000000
-41.288360595699999,173.190017699999999,1.787704467770000,2.037058591840000,2.202373981480000,-2.088895559310000,0.000000000000000
-41.288768768300002,173.190170287999990,1.788065314290000,2.037065267560000,2.202410221100000,-2.087963819500000,0.000000000000000
-41.289211273200003,173.190414428999986,1.788829088210000,2.039442777630000,2.205252408980000,-2.091616153720000,0.000000000000000
-41.289657592799998,173.190719604000009,1.788413405420000,2.038948774340000,2.204538583760000,-2.090524673460000,0.000000000000000
-41.290443420400003,173.194061279000010,1.791457057000000,2.044149160390000,2.210158348080000,-2.103155612950000,0.000000000000000
-41.292541503899997,173.198333740000010,1.794144630430000,2.050244092940000,2.215915679930000,-2.117481946950000,0.000000000000000
-41.292549133300000,173.198822021000012,1.793750286100000,2.049736976620000,2.215325593950000,-2.116963386540000,0.000000000000000
-41.290725707999997,173.194458007999998,1.794431567190000,2.048756599430000,2.215333461760000,-2.110231637950000,0.000000000000000
-41.291042327900001,173.195007323999988,1.796797513960000,2.053045988080000,2.219955682750000,-2.118767023090000,0.000000000000000
-41.292179107700001,173.196487426999994,1.794813394550000,2.051225185390000,2.217318296430000,-2.118202924730000,0.000000000000000
-41.291957855200003,173.196090698000006,1.795063495640000,2.051332473750000,2.217497110370000,-2.117621660230000,0.000000000000000
-41.291095733600002,173.195602417000003,1.797626018520000,2.054770231250000,2.221776485440000,-2.123493671420000,0.000000000000000
-41.291549682599999,173.195877074999999,1.795654535290000,2.051816701890000,2.218326091770000,-2.118407726290000,0.000000000000000
-41.291908264200003,173.196899414000001,1.794384360310000,2.050673723220000,2.216861009600000,-2.117660284040000,0.000000000000000
-41.292144775399997,173.197235107000012,1.794107317920000,2.050149440770000,2.216073274610000,-2.117168426510000,0.000000000000000
-41.292121887199997,173.197616576999991,1.793866276740000,2.049948930740000,2.215829133990000,-2.117135047910000,0.000000000000000
-41.292102813699998,173.198074340999995,1.793812155720000,2.049758434300000,2.215549945830000,-2.117174386980000,0.000000000000000
-41.292564392099997,173.199325562000013,1.793911933900000,2.049794435500000,2.215152502060000,-2.117331504820000,0.000000000000000
-41.292945861800000,173.202865601000013,1.791550517080000,2.047443389890000,2.212217092510000,-2.116159439090000,0.000000000000000
-41.292884826700003,173.202362061000002,1.791991353030000,2.048074245450000,2.212954759600000,-2.116974830630000,0.000000000000000
-41.292526245099999,173.203170776000007,1.792042016980000,2.047720432280000,2.212317228320000,-2.117495059970000,0.000000000000000
-41.292591094999999,173.199829101999995,1.793239831920000,2.049052715300000,2.214522123340000,-2.116426229480000,0.000000000000000
-41.292629241900002,173.200347899999997,1.793131470680000,2.048990249630000,2.214322328570000,-2.116863727570000,0.000000000000000
-41.292682647699998,173.200866698999988,1.792557477950000,2.048395633700000,2.213684082030000,-2.116165876390000,0.000000000000000
-41.292751312299998,173.201370238999999,1.792445421220000,2.048390388490000,2.213531017300000,-2.116642475130000,0.000000000000000
-41.292819976799997,173.201873779000010,1.791969537730000,2.048076391220000,2.213063716890000,-2.116433382030000,0.000000000000000
-41.287319183299999,173.207473754999995,1.796348333360000,2.054189443590000,2.230781793590000,-2.132634401320000,0.000000000000000
-41.288551330600001,173.207031250000000,1.795897364620000,2.052242040630000,2.224837303160000,-2.128034353260000,0.000000000000000
-41.288944244400000,173.206741332999997,1.795301914220000,2.051046133040000,2.223403453830000,-2.124895811080000,0.000000000000000
-41.291774749799998,173.204360962000010,1.791898608210000,2.047134399410000,2.213917016980000,-2.117039203640000,0.000000000000000
-41.291378021200003,173.204681396000012,1.792096138000000,2.047643661500000,2.213782548900000,-2.119031667710000,0.000000000000000
-41.290584564200003,173.205688476999995,1.792852163310000,2.048710823060000,2.216175317760000,-2.121152639390000,0.000000000000000
-41.290157318100000,173.205932617000002,1.793660283090000,2.049569606780000,2.218478441240000,-2.123274564740000,0.000000000000000
-41.289741516100001,173.206192017000006,1.794342756270000,2.050543308260000,2.219615221020000,-2.125807285310000,0.000000000000000
-41.289340972900000,173.206451415999993,1.797873139380000,2.054896831510000,2.229592561720000,-2.132555007930000,0.000000000000000
-41.290985107399997,173.204940795999988,1.792466878890000,2.047869443890000,2.215307950970000,-2.119381904600000,0.000000000000000
-41.290565490699997,173.205184937000013,1.792279601100000,2.047951221470000,2.214802503590000,-2.120633125310000,0.000000000000000
-41.292098998999997,173.203491210999999,1.791301727290000,2.047263383870000,2.212078571320000,-2.117344379430000,0.000000000000000
-41.291664123499999,173.203826904000010,1.792077541350000,2.047627925870000,2.213716983800000,-2.118888378140000,0.000000000000000
-41.286849975599999,173.207305907999995,1.795553922650000,2.051706075670000,2.228855371480000,-2.128548622130000,0.000000000000000
-41.286392211900001,173.207138062000013,1.795298218730000,2.052458286290000,2.230502128600000,-2.130515575410000,0.000000000000000
-41.285541534399997,173.207229613999999,1.793762445450000,2.050063371660000,2.228581190110000,-2.125610828400000,0.000000000000000
-41.286014556900000,173.207427978999988,1.794978857040000,2.051224231720000,2.228968381880000,-2.127730131150000,0.000000000000000
-41.286479950000000,173.207626342999987,1.797112941740000,2.055254697800000,2.234140157700000,-2.134700775150000,0.000000000000000
-41.286952972400002,173.207794188999998,1.798522591590000,2.056900501250000,2.234696626660000,-2.137263059620000,0.000000000000000
-41.288345336900001,173.208343506000006,1.810034036640000,2.076761245730000,2.258262634280000,-2.176237106320000,0.000000000000000
-41.289218902599998,173.208221436000002,1.809220314030000,2.075722932820000,2.256682634350000,-2.173549652100000,0.000000000000000
-41.288814544700003,173.208541870000005,1.806958436970000,2.071948766710000,2.251707553860000,-2.167614221570000,0.000000000000000
-41.291637420699999,173.210815429999997,1.788728237150000,2.044953823090000,2.214838504790000,-2.118861675260000,0.000000000000000
-41.291801452599998,173.211242676000012,1.789785385130000,2.046218633650000,2.215927600860000,-2.119772672650000,0.000000000000000
-41.291934967000003,173.212875365999992,1.790307879450000,2.046814918520000,2.216727495190000,-2.121603250500000,0.000000000000000
-41.291648864700001,173.211730956999986,1.789425253870000,2.045904874800000,2.214476108550000,-2.120476484300000,0.000000000000000
-41.291744232200003,173.212326050000001,1.789933085440000,2.046544790270000,2.216523647310000,-2.120857477190000,0.000000000000000
-41.291881561300002,173.213836670000006,1.790768861770000,2.047379016880000,2.217459201810000,-2.122336149220000,0.000000000000000
-41.291618347200000,173.213333129999995,1.790011525150000,2.046968698500000,2.216472864150000,-2.121882677080000,0.000000000000000
-41.291812896700002,173.215744018999999,1.790536403660000,2.046900987630000,2.217144489290000,-2.122262954710000,0.000000000000000
-41.291580200200002,173.214294434000010,1.790655612950000,2.047148704530000,2.217230558400000,-2.122364521030000,0.000000000000000
-41.291839599600003,173.214797973999993,1.789999365810000,2.046859264370000,2.216775178910000,-2.122131824490000,0.000000000000000
-41.291542053199997,173.215240478999988,1.790387868880000,2.046764850620000,2.217008590700000,-2.122107505800000,0.000000000000000
-41.290447235099997,173.220855712999992,1.790005803110000,2.046244621280000,2.217107772830000,-2.122326612470000,0.000000000000000
-41.290695190400001,173.219985962000010,1.791833281520000,2.047798156740000,2.219445705410000,-2.123212814330000,0.000000000000000
-41.290344238300001,173.220397948999988,1.790743947030000,2.046966552730000,2.217957496640000,-2.122730970380000,0.000000000000000
-41.291801452599998,173.216720581000004,1.791014671330000,2.047194004060000,2.217782020570000,-2.122735023500000,0.000000000000000
-41.291496276899998,173.217193603999988,1.790803074840000,2.046952724460000,2.217490673070000,-2.122700929640000,0.000000000000000
-41.291175842299999,173.217651367000002,1.791214585300000,2.047202587130000,2.218243598940000,-2.122959613800000,0.000000000000000
-41.291526794399999,173.216201782000013,1.790390610690000,2.046665668490000,2.217038393020000,-2.122302055360000,0.000000000000000
-41.290859222400002,173.218078612999989,1.790615916250000,2.046860933300000,2.217474699020000,-2.122691392900000,0.000000000000000
-41.291091918900001,173.218582153000000,1.790495514870000,2.046694993970000,2.217546939850000,-2.122402668000000,0.000000000000000
-41.290779113799999,173.219024657999995,1.790498256680000,2.046674966810000,2.217579603200000,-2.122468709950000,0.000000000000000
-41.290470123299997,173.219467162999990,1.790582537650000,2.046760320660000,2.217835664750000,-2.122570991520000,0.000000000000000
-41.253032684300003,173.107666015999996,1.566389560700000,1.750207185750000,1.882162332530000,-1.830106973650000,0.000000000000000
-41.252830505399999,173.106491089000002,1.566295027730000,1.751093983650000,1.885483741760000,-1.831531167030000,0.000000000000000
-41.252925872799999,173.107406615999992,1.570794343950000,1.754849314690000,1.887090206150000,-1.832147240640000,0.000000000000000
-41.252914428700002,173.106872559000010,1.571851730350000,1.757129669190000,1.889801383020000,-1.835890054700000,0.000000000000000
-41.252830505399999,173.107162476000013,1.575830698010000,1.758367776870000,1.892671704290000,-1.837170720100000,0.000000000000000
-41.289527893100001,173.191207886000001,1.787957310680000,2.038283109660000,2.203703403470000,-2.090658187870000,0.000000000000000
-41.289894103999998,173.191696167000003,1.787874698640000,2.038642644880000,2.204146623610000,-2.091565132140000,0.000000000000000
-41.290279388400002,173.193038940000008,1.791067719460000,2.043584346770000,2.209549665450000,-2.101163148880000,0.000000000000000
-41.290390014600000,173.193588256999988,1.790308833120000,2.042500495910000,2.208395004270000,-2.099550962450000,0.000000000000000
-41.288764953600001,173.190582274999997,1.787833690640000,2.037486791610000,2.202927827840000,-2.090153455730000,0.000000000000000
-41.289157867400000,173.190856934000010,1.789263725280000,2.040598154070000,2.206268072130000,-2.095372915270000,0.000000000000000
-41.289070129400002,173.191223145000009,1.788838386540000,2.040354251860000,2.205994367600000,-2.095222473140000,0.000000000000000
-41.289970397899999,173.193923949999999,1.789731621740000,2.041732549670000,2.207509517670000,-2.098422288890000,0.000000000000000
-41.290153503399999,173.194412231000001,1.790903687480000,2.043740510940000,2.209758043290000,-2.103489160540000,0.000000000000000
-41.292091369600001,173.198562621999997,1.793472886090000,2.049181461330000,2.214865922930000,-2.116633892060000,0.000000000000000
-41.292091369600001,173.199066162000008,1.793295025830000,2.049129009250000,2.214654684070000,-2.116983175280000,0.000000000000000
-41.290390014600000,173.194915771000012,1.793401479720000,2.047013282780000,2.213503122330000,-2.108347177510000,0.000000000000000
-41.290725707999997,173.195846558000000,1.795856595040000,2.052100896840000,2.218932151790000,-2.118021488190000,0.000000000000000
-41.291576385500001,173.196441649999997,1.795020818710000,2.051327466960000,2.217696428300000,-2.118369340900000,0.000000000000000
-41.291084289600001,173.196105956999986,1.796104669570000,2.052842617030000,2.219752788540000,-2.121422767640000,0.000000000000000
-41.291381835899998,173.196990967000005,1.794454813000000,2.050535440440000,2.217014789580000,-2.118316173550000,0.000000000000000
-41.291748046899997,173.197341918999996,1.794413089750000,2.050917625430000,2.217119455340000,-2.119009733200000,0.000000000000000
-41.291675567600002,173.197814940999990,1.793529391290000,2.049709558490000,2.215737342830000,-2.117373704910000,0.000000000000000
-41.291641235400000,173.198303223000011,1.793343663220000,2.049514770510000,2.215413808820000,-2.117816925050000,0.000000000000000
-41.292102813699998,173.199584960999999,1.792878746990000,2.048649311070000,2.214138507840000,-2.116430521010000,0.000000000000000
-41.292461395300002,173.202651978000006,1.791540980340000,2.047707796100000,2.212546586990000,-2.117545843120000,0.000000000000000
-41.292411804200000,173.202163696000014,1.791782855990000,2.047895193100000,2.212860584260000,-2.117180824280000,0.000000000000000
-41.292022705100003,173.202941895000009,1.791831731800000,2.047883749010000,2.212566137310000,-2.118573188780000,0.000000000000000
-41.292125701899998,173.200103759999990,1.792555093770000,2.048398017880000,2.213826894760000,-2.116648197170000,0.000000000000000
-41.292171478299998,173.200653076000009,1.792400240900000,2.048218011860000,2.213546752930000,-2.116863965990000,0.000000000000000
-41.292240142799997,173.201171875000000,1.792155981060000,2.048256397250000,2.213468313220000,-2.117389678960000,0.000000000000000
-41.292339325000000,173.201675415000011,1.791818976400000,2.047999143600000,2.213113784790000,-2.117184400560000,0.000000000000000
-41.287685394299999,173.207153320000003,1.796365618710000,2.053169727330000,2.229237794880000,-2.130394458770000,0.000000000000000
-41.287208557100001,173.206985473999993,1.794260501860000,2.050324440000000,2.225990295410000,-2.126268625260000,0.000000000000000
-41.288066864000001,173.206832886000001,1.796097993850000,2.052469968800000,2.227915287020000,-2.129650592800000,0.000000000000000
-41.288467407200002,173.206527709999989,1.793571829800000,2.048402547840000,2.220623016360000,-2.122931957240000,0.000000000000000
-41.288875579799999,173.206237793000014,1.795336961750000,2.050868511200000,2.223638296130000,-2.126806974410000,0.000000000000000
-41.291252136200001,173.204177856000001,1.791957497600000,2.047281265260000,2.214026689530000,-2.117987155910000,0.000000000000000
-41.290958404500003,173.204513550000001,1.791611313820000,2.047146797180000,2.213512420650000,-2.118221759800000,0.000000000000000
-41.290130615199999,173.205429076999991,1.793672561650000,2.049077987670000,2.217759609220000,-2.123330593110000,0.000000000000000
-41.289703369100003,173.205688476999995,1.794285058980000,2.050418376920000,2.220091819760000,-2.125609397890000,0.000000000000000
-41.289287567099997,173.205947876000010,1.794740319250000,2.051413059230000,2.222289800640000,-2.127204895020000,0.000000000000000
-41.290554046600001,173.204681396000012,1.792161345480000,2.047348737720000,2.214691638950000,-2.119073152540000,0.000000000000000
-41.290111541700000,173.204925537000008,1.792016386990000,2.047597408290000,2.214812755580000,-2.120258808140000,0.000000000000000
-41.291568756099998,173.203262329000012,1.791972279550000,2.047463655470000,2.213003635410000,-2.118478059770000,0.000000000000000
-41.291103362999998,173.203628540000011,1.791863918300000,2.047285556790000,2.213968276980000,-2.118599176410000,0.000000000000000
-41.286739349400001,173.206817626999992,1.794749259950000,2.051440000530000,2.227989673610000,-2.128660917280000,0.000000000000000
-41.285945892299999,173.206939696999996,1.795181155200000,2.052433967590000,2.230896234510000,-2.130531787870000,0.000000000000000
-41.286319732700001,173.206695556999989,1.793439745900000,2.049080610280000,2.225780487060000,-2.124365329740000,0.000000000000000
-41.285472869899998,173.206695556999989,1.794318437580000,2.050961732860000,2.229080677030000,-2.128092527390000,0.000000000000000
-41.286098480200003,173.207931518999999,1.797854781150000,2.056045055390000,2.235098600390000,-2.136169195180000,0.000000000000000
-41.286579132100002,173.208129882999998,1.801889777180000,2.062289714810000,2.243060112000000,-2.147751092910000,0.000000000000000
-41.287967681900000,173.208633423000009,1.807461619380000,2.072561740880000,2.253135919570000,-2.169141769410000,0.000000000000000
-41.288425445599998,173.208831787000008,1.805802702900000,2.070542573930000,2.250110864640000,-2.166496038440000,0.000000000000000
-41.289306640600003,173.208786011000001,1.807810187340000,2.073021888730000,2.253781795500000,-2.167827606200000,0.000000000000000
-41.288856506300000,173.208984375000000,1.809725642200000,2.075839042660000,2.257029533390000,-2.174317121510000,0.000000000000000
-41.291332244899998,173.211212157999995,1.789930582050000,2.046560764310000,2.214196443560000,-2.122338771820000,0.000000000000000
-41.291305542000003,173.212768554999997,1.790372729300000,2.047063827510000,2.216969966890000,-2.121511459350000,0.000000000000000
-41.291202545200001,173.212127686000002,1.789018988610000,2.044522523880000,2.215534210210000,-2.119412660600000,0.000000000000000
-41.291328430199997,173.213790893999999,1.790257573130000,2.046991586690000,2.216909646990000,-2.121988296510000,0.000000000000000
-41.291072845499997,173.213302612000007,1.790966272350000,2.047305583950000,2.217408657070000,-2.122570276260000,0.000000000000000
-41.291252136200001,173.215698242000002,1.789997577670000,2.046421051030000,2.216524839400000,-2.121839046480000,0.000000000000000
-41.291023254400002,173.214233398000005,1.789662122730000,2.046746253970000,2.216268301010000,-2.122060298920000,0.000000000000000
-41.291278839100002,173.214736937999987,1.790218353270000,2.046845197680000,2.216755151750000,-2.122031211850000,0.000000000000000
-41.290977478000002,173.215194701999991,1.790384769440000,2.046646118160000,2.216965675350000,-2.122319459920000,0.000000000000000
-41.290153503399999,173.219894409000005,1.790204286580000,2.046453952790000,2.217344045640000,-2.122546195980000,0.000000000000000
-41.291229248000000,173.216674804999997,1.790688872340000,2.046917676930000,2.217644691470000,-2.122509241100000,0.000000000000000
-41.290927887000002,173.217132568000011,1.790029287340000,2.046293258670000,2.216435194020000,-2.122056245800000,0.000000000000000
-41.290622711200001,173.217575073000006,1.790180087090000,2.046320438390000,2.216923475270000,-2.122188329700000,0.000000000000000
-41.290958404500003,173.216171265000014,1.790585279460000,2.046723842620000,2.217260360720000,-2.122411251070000,0.000000000000000
-41.290321350100001,173.218017578000001,1.789896011350000,2.046003580090000,2.216450691220000,-2.121972799300000,0.000000000000000
-41.290554046600001,173.218521118000012,1.790681838990000,2.046805381770000,2.217764854430000,-2.122863054280000,0.000000000000000
-41.290245056200000,173.218963623000008,1.790211081500000,2.046338558200000,2.216884851460000,-2.122265815730000,0.000000000000000
-41.289936065699997,173.219390868999994,1.790313839910000,2.046460390090000,2.217530488970000,-2.122525691990000,0.000000000000000
-41.252910614000001,173.107910156000003,1.567628145220000,1.748674631120000,1.881029248240000,-1.830787777900000,0.000000000000000
-41.252712249799998,173.108169556000007,1.572418451310000,1.753466844560000,1.888618588450000,-1.835074901580000,0.000000000000000
-41.252746582000000,173.107620238999999,1.565071225170000,1.745867729190000,1.879778027530000,-1.831189036370000,0.000000000000000
-41.252590179400002,173.106704712000010,1.576216816900000,1.758852005000000,1.893014431000000,-1.837724924090000,0.000000000000000
-41.252597808799997,173.107315062999987,1.568593502040000,1.749436020850000,1.883646368980000,-1.831685900690000,0.000000000000000
-41.252601623499999,173.107009887999993,1.576930761340000,1.758960843090000,1.892351269720000,-1.836340308190000,0.000000000000000
-41.289260864299997,173.191635131999988,1.788139820100000,2.038881778720000,2.204252481460000,-2.093056201930000,0.000000000000000
-41.289489746100003,173.192199706999986,1.787968754770000,2.039083004000000,2.204566240310000,-2.093584299090000,0.000000000000000
-41.289680480999998,173.192825317000000,1.788022160530000,2.039197683330000,2.204696893690000,-2.094436407090000,0.000000000000000
-41.289829254200001,173.193405151000007,1.788212656970000,2.039392709730000,2.204824209210000,-2.095196723940000,0.000000000000000
-41.288719177200001,173.191452026000007,1.788072824480000,2.039386272430000,2.204759836200000,-2.095210790630000,0.000000000000000
-41.289424896200003,173.193786620999987,1.786355614660000,2.037381649020000,2.202602624890000,-2.093586921690000,0.000000000000000
-41.291622161900001,173.198806762999993,1.792649984360000,2.048666238780000,2.214396476750000,-2.116711139680000,0.000000000000000
-41.291614532499999,173.199325562000013,1.792647123340000,2.048419475560000,2.213928699490000,-2.116947174070000,0.000000000000000
-41.290977478000002,173.196609496999997,1.796466231350000,2.053580999370000,2.220733881000000,-2.123219728470000,0.000000000000000
-41.291252136200001,173.197494506999988,1.794244050980000,2.050732135770000,2.217083454130000,-2.119557619090000,0.000000000000000
-41.291183471700002,173.198013306000007,1.792862653730000,2.049099445340000,2.215345621110000,-2.117175817490000,0.000000000000000
-41.291164398200003,173.198532104000009,1.793192505840000,2.049122333530000,2.214979648590000,-2.117995262150000,0.000000000000000
-41.291622161900001,173.199844359999986,1.792348980900000,2.048197507860000,2.213670253750000,-2.117002487180000,0.000000000000000
-41.291969299300000,173.202407837000010,1.791669964790000,2.047778606410000,2.212689161300000,-2.117738246920000,0.000000000000000
-41.291992187500000,173.201965331999986,1.791924953460000,2.048167943950000,2.213174343110000,-2.118342876430000,0.000000000000000
-41.291500091600000,173.202697754000013,1.791331410410000,2.047582626340000,2.212388753890000,-2.118381023410000,0.000000000000000
-41.291641235400000,173.200393676999994,1.791920542720000,2.048127889630000,2.213490724560000,-2.117298364640000,0.000000000000000
-41.291694641100001,173.200973511000001,1.791805028920000,2.048104286190000,2.213335514070000,-2.117622375490000,0.000000000000000
-41.291816711400003,173.201538085999999,1.791925787930000,2.047983646390000,2.213116645810000,-2.117609977720000,0.000000000000000
-41.287563323999997,173.206634521000012,1.795297741890000,2.052067995070000,2.227329254150000,-2.129384279250000,0.000000000000000
-41.287090301500001,173.206527709999989,1.793910980220000,2.049774646760000,2.225318431850000,-2.125576257710000,0.000000000000000
-41.287967681900000,173.206298828000001,1.795039892200000,2.051757812500000,2.225954055790000,-2.128885984420000,0.000000000000000
-41.288398742699997,173.206008910999998,1.793754935260000,2.049380540850000,2.221551179890000,-2.124546289440000,0.000000000000000
-41.288818359399997,173.205718993999994,1.793394088750000,2.048630476000000,2.220014333720000,-2.122962236400000,0.000000000000000
-41.290626525900002,173.204086303999986,1.791304469110000,2.046514272690000,2.213288307190000,-2.117877244950000,0.000000000000000
-41.289669036900001,173.205169678000004,1.792707443240000,2.048649311070000,2.217862129210000,-2.123114585880000,0.000000000000000
-41.289234161400003,173.205444335999999,1.793823122980000,2.049410104750000,2.220640659330000,-2.124220848080000,0.000000000000000
-41.290069580100003,173.204406737999989,1.791543602940000,2.046939849850000,2.214107275010000,-2.119442462920000,0.000000000000000
-41.289691925000000,173.204711914000001,1.792200207710000,2.047906160350000,2.215885162350000,-2.121714830400000,0.000000000000000
-41.291015625000000,173.203018187999987,1.791401624680000,2.046890974040000,2.212599277500000,-2.117858648300000,0.000000000000000
-41.290496826199998,173.203384398999987,1.791031599040000,2.046436071400000,2.212965250020000,-2.117886066440000,0.000000000000000
-41.286582946800003,173.206222534000005,1.793344378470000,2.049422025680000,2.225155115130000,-2.126016855240000,0.000000000000000
-41.285942077599998,173.206405640000014,1.793198585510000,2.049527883530000,2.226726531980000,-2.125956296920000,0.000000000000000
-41.285446167000003,173.206192017000006,1.794332504270000,2.051012039180000,2.228998661040000,-2.127956151960000,0.000000000000000
-41.286193847699998,173.208450317000000,1.804765462880000,2.067913055420000,2.250140428540000,-2.159925699230000,0.000000000000000
-41.286689758300000,173.208633423000009,1.810161232950000,2.076279878620000,2.259990453720000,-2.176489591600000,0.000000000000000
-41.287189483600002,173.208801270000009,1.810051918030000,2.077658653260000,2.260195016860000,-2.180540800090000,0.000000000000000
-41.287624359100001,173.208892821999996,1.805485844610000,2.070110321040000,2.250875234600000,-2.165099620820000,0.000000000000000
-41.288005828899998,173.209152222000000,1.807470440860000,2.073496103290000,2.254228353500000,-2.172507286070000,0.000000000000000
-41.288551330600001,173.209365845000008,1.807757258420000,2.072711944580000,2.253652811050000,-2.167511940000000,0.000000000000000
-41.289184570300002,173.209411620999987,1.808074593540000,2.073522567750000,2.253704309460000,-2.170727729800000,0.000000000000000
-41.290813446000001,173.212921142999988,1.790240406990000,2.047273397450000,2.216933012010000,-2.122095346450000,0.000000000000000
-41.290744781500003,173.212463379000013,1.790069699290000,2.046725273130000,2.216508865360000,-2.121972560880000,0.000000000000000
-41.290790557900003,173.213729857999994,1.790052056310000,2.046962976460000,2.216579914090000,-2.122227430340000,0.000000000000000
-41.290580749500002,173.213272095000008,1.790000915530000,2.047056198120000,2.216217517850000,-2.122562646870000,0.000000000000000
-41.290687560999999,173.215652465999995,1.790191411970000,2.046478033070000,2.216607093810000,-2.122029066090000,0.000000000000000
-41.290466308600003,173.214157104000009,1.790248513220000,2.046395301820000,2.216727256770000,-2.121889114380000,0.000000000000000
-41.290699005100002,173.214675903000000,1.790172576900000,2.046432971950000,2.216647386550000,-2.121867418290000,0.000000000000000
-41.290405273399998,173.215148926000012,1.789791345600000,2.046394824980000,2.216328382490000,-2.121868848800000,0.000000000000000
-41.290664672900000,173.216629028000000,1.790163278580000,2.046485900880000,2.216701984410000,-2.122248888020000,0.000000000000000
-41.290370941200003,173.217086792000003,1.790026903150000,2.046320676800000,2.216612577440000,-2.122134447100000,0.000000000000000
-41.290077209499998,173.217529296999999,1.790114283560000,2.046220779420000,2.216658115390000,-2.122069120410000,0.000000000000000
-41.290397644000002,173.216125487999989,1.789761900900000,2.045994520190000,2.216221809390000,-2.121788501740000,0.000000000000000
-41.289783477800000,173.217971801999994,1.790095329280000,2.046206235890000,2.216773748400000,-2.122076272960000,0.000000000000000
-41.290016174300000,173.218460082999997,1.789932489400000,2.046026229860000,2.216567277910000,-2.121927261350000,0.000000000000000
-41.289710998499999,173.218887329000012,1.789744019510000,2.045870065690000,2.216489315030000,-2.121947050090000,0.000000000000000
-41.252498626700003,173.108428954999994,1.569463729860000,1.749898314480000,1.884345173840000,-1.830289602280000,0.000000000000000
-41.252574920699999,173.107879639000004,1.572481155400000,1.753800034520000,1.889089465140000,-1.835453391080000,0.000000000000000
-41.252395629900001,173.108108520999991,1.569447636600000,1.749916911130000,1.883910059930000,-1.829996109010000,0.000000000000000
-41.252426147500003,173.107574462999992,1.569577813150000,1.750615000720000,1.884053587910000,-1.832338333130000,0.000000000000000
-41.252326965300000,173.106872559000010,1.573462605480000,1.754970073700000,1.889804840090000,-1.835143804550000,0.000000000000000
-41.252288818399997,173.107330321999996,1.564281821250000,1.744737386700000,1.877539157870000,-1.829835295680000,0.000000000000000
-41.252357482900003,173.107116698999988,1.569019436840000,1.749918222430000,1.884584665300000,-1.832781553270000,0.000000000000000
-41.251209258999999,173.110412598000011,1.650002479550000,1.844002842900000,1.997635364530000,-1.896432399750000,0.000000000000000
-41.289005279500003,173.192657470999990,1.787082314490000,2.037913322450000,2.203124046330000,-2.091384887700000,0.000000000000000
-41.289222717299999,173.193252562999987,1.786886215210000,2.037743330000000,2.203112840650000,-2.091478586200000,0.000000000000000
-41.291133880600000,173.199035645000009,1.792606592180000,2.048419713970000,2.214179277420000,-2.117279052730000,0.000000000000000
-41.291118621800003,173.199569701999991,1.791736006740000,2.047916173930000,2.213475465770000,-2.116867780690000,0.000000000000000
-41.290737152100000,173.198745728000006,1.792389392850000,2.048211336140000,2.214012146000000,-2.117103099820000,0.000000000000000
-41.291122436499997,173.200119018999999,1.791385889050000,2.047501564030000,2.212877511980000,-2.116768121720000,0.000000000000000
-41.291431426999999,173.202056884999990,1.791765570640000,2.047607421880000,2.212544918060000,-2.118357419970000,0.000000000000000
-41.290992736800000,173.202468871999997,1.791308760640000,2.047121286390000,2.212448596950000,-2.118195533750000,0.000000000000000
-41.291118621800003,173.200714110999996,1.791255235670000,2.047374248500000,2.212586641310000,-2.117465496060000,0.000000000000000
-41.291187286400003,173.201370238999999,1.791200518610000,2.047299146650000,2.212377071380000,-2.117727994920000,0.000000000000000
-41.290687560999999,173.199829101999995,1.791786670680000,2.047558307650000,2.213036537170000,-2.117418050770000,0.000000000000000
-41.287361144999998,173.206008910999998,1.793103814130000,2.048702716830000,2.223176956180000,-2.124122142790000,0.000000000000000
-41.287937164299997,173.205795287999990,1.793580889700000,2.048998117450000,2.222111701970000,-2.124779939650000,0.000000000000000
-41.288326263400002,173.205459595000008,1.792941808700000,2.048165321350000,2.220017671590000,-2.123423099520000,0.000000000000000
-41.288784027100000,173.205261229999991,1.793365836140000,2.048786401750000,2.219809532170000,-2.124225139620000,0.000000000000000
-41.289955139200003,173.203796387000011,1.791250109670000,2.046734809880000,2.213945627210000,-2.119485616680000,0.000000000000000
-41.289142608600002,173.204833984000004,1.793442606930000,2.049260139470000,2.219515323640000,-2.124870061870000,0.000000000000000
-41.289474487299998,173.204254149999997,1.792453527450000,2.047564983370000,2.216321945190000,-2.121695518490000,0.000000000000000
-41.290439605700001,173.202697754000013,1.791116118430000,2.046847105030000,2.212785720830000,-2.118984937670000,0.000000000000000
-41.289825439500000,173.203094482000012,1.791073203090000,2.046581983570000,2.213672876360000,-2.119337320330000,0.000000000000000
-41.286743164100002,173.205413818000011,1.791787624360000,2.047120571140000,2.221104383470000,-2.122397422790000,0.000000000000000
-41.285877227800000,173.205688476999995,1.793090701100000,2.049168348310000,2.225697040560000,-2.125487804410000,0.000000000000000
-41.285045623800002,173.205749512000011,1.794760227200000,2.051667690280000,2.230245828630000,-2.129710197450000,0.000000000000000
-41.286296844500001,173.208984375000000,1.807167530060000,2.072614908220000,2.255135536190000,-2.170596838000000,0.000000000000000
-41.286823272699998,173.209167479999991,1.806475043300000,2.071789979930000,2.254003524780000,-2.168762922290000,0.000000000000000
-41.287422180199997,173.209381103999988,1.805399298670000,2.070338010790000,2.251154661180000,-2.166087150570000,0.000000000000000
-41.288043975800001,173.209808350000003,1.807309031490000,2.072668313980000,2.253988265990000,-2.169491529460000,0.000000000000000
-41.288787841800001,173.210037231000001,1.807089924810000,2.072699308400000,2.252598285680000,-2.170304536820000,0.000000000000000
-41.290374755899997,173.212829590000013,1.791844964030000,2.048314094540000,2.218814611430000,-2.123043298720000,0.000000000000000
-41.290275573700001,173.213653563999998,1.789819478990000,2.046332836150000,2.216350793840000,-2.121714115140000,0.000000000000000
-41.289970397899999,173.214019774999997,1.788532376290000,2.045497417450000,2.214919567110000,-2.120996952060000,0.000000000000000
-41.290126800499998,173.215621948000006,1.790251255040000,2.046402454380000,2.216852426530000,-2.122045040130000,0.000000000000000
-41.290042877200001,173.214614868000012,1.790396451950000,2.046997785570000,2.216915130620000,-2.122671604160000,0.000000000000000
-41.289909362800003,173.215164184999992,1.789366841320000,2.046002149580000,2.215637445450000,-2.121890783310000,0.000000000000000
-41.290111541700000,173.216583251999992,1.790024995800000,2.046167612080000,2.216591596600000,-2.121924638750000,0.000000000000000
-41.289825439500000,173.217041015999996,1.789707422260000,2.045972824100000,2.216230392460000,-2.121770620350000,0.000000000000000
-41.289543151899998,173.217483520999991,1.789598345760000,2.046000480650000,2.216106891630000,-2.121518611910000,0.000000000000000
-41.289833068800000,173.216079712000010,1.789726614950000,2.046211957930000,2.216118335720000,-2.121977090840000,0.000000000000000
-41.289257049600003,173.217910767000006,1.789340972900000,2.045566320420000,2.215821266170000,-2.121475219730000,0.000000000000000
-41.289482116700000,173.218399048000009,1.789954423900000,2.046133995060000,2.216526031490000,-2.121871709820000,0.000000000000000
-41.251537323000001,173.109893798999991,1.618066549300000,1.806105732920000,1.955679416660000,-1.878183960910000,0.000000000000000
-41.252010345499997,173.109161376999992,1.600780367850000,1.783567428590000,1.925553798680000,-1.850525379180000,0.000000000000000
-41.251819610600002,173.109436034999987,1.603972077370000,1.787956237790000,1.930447340010000,-1.855942249300000,0.000000000000000
-41.251617431600003,173.109619140999996,1.602038264270000,1.786367654800000,1.930461645130000,-1.857531428340000,0.000000000000000
-41.252174377400003,173.108871459999989,1.592361807820000,1.774927020070000,1.916429996490000,-1.849423766140000,0.000000000000000
-41.252281189000001,173.108596801999994,1.577542781830000,1.758804559710000,1.896801114080000,-1.838515877720000,0.000000000000000
-41.252197265600003,173.108322143999999,1.567814826970000,1.747652649880000,1.882540702820000,-1.831174969670000,0.000000000000000
-41.252258300800001,173.107818603999988,1.567953586580000,1.748168230060000,1.881284713750000,-1.827304959300000,0.000000000000000
-41.252136230500000,173.108047484999986,1.562754869460000,1.742577791210000,1.875012993810000,-1.826221585270000,0.000000000000000
-41.252105712899997,173.107513428000004,1.571461439130000,1.751467108730000,1.886512875560000,-1.829895734790000,0.000000000000000
-41.251194000200002,173.109893798999991,1.644525527950000,1.838318705560000,1.991264343260000,-1.895875334740000,0.000000000000000
-41.251045227100001,173.110153198000006,1.656857728960000,1.852913975720000,2.007924318310000,-1.902783393860000,0.000000000000000
-41.290531158400000,173.199264526000007,1.791770219800000,2.047532558440000,2.213207006450000,-2.116517543790000,0.000000000000000
-41.290191650399997,173.198654175000001,1.792040944100000,2.048013448720000,2.213792324070000,-2.116662740710000,0.000000000000000
-41.290554046600001,173.200347899999997,1.791024923320000,2.046897411350000,2.212218999860000,-2.116830110550000,0.000000000000000
-41.290573120099999,173.201919556000007,1.790749669080000,2.046492576600000,2.211372852330000,-2.117256164550000,0.000000000000000
-41.290493011499997,173.201049804999997,1.790971398350000,2.046577215190000,2.211761236190000,-2.116774082180000,0.000000000000000
-41.290100097699998,173.199844359999986,1.790921449660000,2.046100854870000,2.211292982100000,-2.115592479710000,0.000000000000000
-41.287635803199997,173.205169678000004,1.792749881740000,2.048093795780000,2.220895528790000,-2.123795986180000,0.000000000000000
-41.288398742699997,173.204833984000004,1.791415691380000,2.046554088590000,2.217307090760000,-2.120538711550000,0.000000000000000
-41.289241790799998,173.203582764000004,1.791224718090000,2.045968055730000,2.214154481890000,-2.119314432140000,0.000000000000000
-41.288738250700000,173.204162598000011,1.790815591810000,2.045977592470000,2.215510606770000,-2.119822740550000,0.000000000000000
-41.289745330800002,173.202316284000005,1.789974331860000,2.045645952220000,2.212004184720000,-2.117746591570000,0.000000000000000
-41.289062500000000,173.202804565000008,1.790836334230000,2.045810222630000,2.213810205460000,-2.120160579680000,0.000000000000000
-41.286907196000001,173.204574584999989,1.790409922600000,2.045001268390000,2.217696905140000,-2.120007753370000,0.000000000000000
-41.286109924300000,173.204833984000004,1.791371345520000,2.046277046200000,2.220523834230000,-2.121375799180000,0.000000000000000
-41.285266876199998,173.205001831000004,1.791248917580000,2.046790838240000,2.220899820330000,-2.123140096660000,0.000000000000000
-41.286411285400000,173.209548949999999,1.806885480880000,2.072512626650000,2.255345106120000,-2.170879602430000,0.000000000000000
-41.286922454799999,173.209686279000010,1.808205008510000,2.072912931440000,2.255949735640000,-2.170477390290000,0.000000000000000
-41.287342071499999,173.210189818999993,1.806837916370000,2.071942806240000,2.253833532330000,-2.169229030610000,0.000000000000000
-41.289100646999998,173.210830687999987,1.809077978130000,2.074376821520000,2.254904270170000,-2.171208620070000,0.000000000000000
-41.288162231400001,173.210678101000013,1.808548569680000,2.072828292850000,2.254918098450000,-2.167002439500000,0.000000000000000
-41.289520263699998,173.215545654000010,1.789083600040000,2.044980287550000,2.215645313260000,-2.120854616170000,0.000000000000000
-41.289558410600002,173.216552734000004,1.789537668230000,2.045622587200000,2.216018915180000,-2.121501207350000,0.000000000000000
-41.289287567099997,173.217010498000008,1.789574265480000,2.045754432680000,2.215903520580000,-2.121756076810000,0.000000000000000
-41.289291381799998,173.216079712000010,1.789203405380000,2.045099735260000,2.215836286540000,-2.121145009990000,0.000000000000000
-41.251319885299999,173.109603881999988,1.622225522990000,1.810828328130000,1.960711002350000,-1.878211379050000,0.000000000000000
-41.251831054699998,173.108871459999989,1.592923283580000,1.775213122370000,1.917042851450000,-1.848193168640000,0.000000000000000
-41.251720428500001,173.109130859000004,1.605070829390000,1.788311123850000,1.932179331780000,-1.857818841930000,0.000000000000000
-41.251464843800001,173.109283446999996,1.602895021440000,1.787351965900000,1.931827187540000,-1.858847498890000,0.000000000000000
-41.251953125000000,173.108535767000006,1.571341872220000,1.752607464790000,1.891475677490000,-1.837629199030000,0.000000000000000
-41.251914978000002,173.108184813999998,1.549936771390000,1.728871822360000,1.861013293270000,-1.821666598320000,0.000000000000000
-41.251911163300001,173.107833862000007,1.558159589770000,1.737213373180000,1.868091464040000,-1.823438763620000,0.000000000000000
-41.251041412399999,173.109634398999987,1.642460227010000,1.835756778720000,1.988293886180000,-1.894370317460000,0.000000000000000
-41.250839233400001,173.109863281000003,1.650013923650000,1.844291567800000,1.998417854310000,-1.898777365680000,0.000000000000000
-41.289810180700002,173.200561523000005,1.789517283440000,2.045681238170000,2.211009502410000,-2.116375923160000,0.000000000000000
-41.289707183799997,173.201431273999987,1.791021943090000,2.046926021580000,2.212448358540000,-2.120820760730000,0.000000000000000
-41.287761688200000,173.204132079999994,1.791148543360000,2.045825481410000,2.217001199720000,-2.120782613750000,0.000000000000000
-41.288406372099999,173.203369140999996,1.791138052940000,2.046284675600000,2.216150045390000,-2.121794223790000,0.000000000000000
-41.288875579799999,173.201919556000007,1.791612386700000,2.046955108640000,2.215687990190000,-2.122958660130000,0.000000000000000
-41.288280487100003,173.202545165999993,1.788368940350000,2.042933464050000,2.211061239240000,-2.115725994110000,0.000000000000000
-41.286880493200002,173.203811645999991,1.789492487910000,2.044124603270000,2.215639114380000,-2.119277000430000,0.000000000000000
-41.286308288599997,173.204132079999994,1.789987564090000,2.044881105420000,2.218643903730000,-2.120085239410000,0.000000000000000
-41.285552978500000,173.204162598000011,1.788869380950000,2.043289661410000,2.215874910350000,-2.116145849230000,0.000000000000000
-41.286602020300002,173.210128784000005,1.807771444320000,2.071922063830000,2.255244731900000,-2.168371915820000,0.000000000000000
-41.286842346199997,173.210662842000005,1.807543039320000,2.071725130080000,2.254822969440000,-2.167382478710000,0.000000000000000
-41.287395477300002,173.210983276000007,1.806657671930000,2.071480035780000,2.253513336180000,-2.168879270550000,0.000000000000000
-41.288570404100000,173.211502074999999,1.808217883110000,2.073559284210000,2.255106925960000,-2.169679164890000,0.000000000000000
-41.287887573200003,173.211395264000004,1.807965040210000,2.073123931880000,2.255055189130000,-2.168891191480000,0.000000000000000
-41.289001464800002,173.216522217000005,1.789975523950000,2.046293258670000,2.216427087780000,-2.121956110000000,0.000000000000000
-41.251068115199999,173.109329223999993,1.625054955480000,1.814547419550000,1.965178489690000,-1.882838964460000,0.000000000000000
-41.251647949199999,173.108612061000002,1.593586325650000,1.776275873180000,1.920136928560000,-1.852970957760000,0.000000000000000
-41.251476287800003,173.108871459999989,1.593535900120000,1.776462674140000,1.918252706530000,-1.852142453190000,0.000000000000000
-41.251216888400002,173.109039306999989,1.602494955060000,1.786497235300000,1.931729912760000,-1.858265876770000,0.000000000000000
-41.251632690400001,173.108306884999990,1.582392811780000,1.763279080390000,1.906452775000000,-1.848353266720000,0.000000000000000
-41.250774383500001,173.109512329000012,1.654985547070000,1.855171203610000,2.008232593540000,-1.903753995900000,0.000000000000000
-41.287357330299997,173.202972412000008,1.787833929060000,2.041805744170000,2.211414575580000,-2.115764856340000,0.000000000000000
-41.287368774400001,173.211639404000010,1.807781934740000,2.072086095810000,2.254927873610000,-2.166790723800000,0.000000000000000
-41.250957489000001,173.109008789000001,1.601761579510000,1.787554502490000,1.933681130410000,-1.866394162180000,0.000000000000000
-41.251354217500001,173.108474731000001,1.592546224590000,1.773539662360000,1.915470242500000,-1.847822546960000,0.000000000000000
-41.251110076899998,173.108734131000006,1.595319628720000,1.778458833690000,1.920957565310000,-1.855332851410000,0.000000000000000
