latitude,longitude,mhws10,mhwsc,hat,lat,mask
-41.046260833700003,173.758163451999991,1.723777771000000,1.987293720250000,2.180965185170000,-2.151311397550000,0.000000000000000
-41.045684814500000,173.756561279000010,1.723585724830000,1.987051963810000,2.180705785750000,-2.151250600810000,0.000000000000000
-41.046527862500000,173.757186890000014,1.723299622540000,1.986590147020000,2.180197954180000,-2.150221824650000,0.000000000000000
-41.047370910600002,173.757934570000003,1.723472833630000,1.986850619320000,2.180442094800000,-2.150878429410000,0.000000000000000
-41.045967102100001,173.754943848000011,1.721770286560000,1.984796166420000,2.178268671040000,-2.145045280460000,0.000000000000000
-41.046611785899998,173.756210326999991,1.723476529120000,1.986880183220000,2.180486202240000,-2.150727748870000,0.000000000000000
-41.046535491900002,173.755447387999993,1.723499655720000,1.986896276470000,2.180524587630000,-2.150916576390000,0.000000000000000
-41.047729492199998,173.756835937999995,1.723545074460000,1.986966609950000,2.180607318880000,-2.150888442990000,0.000000000000000
-41.048969268800001,173.756942748999990,1.721629977230000,1.984578609470000,2.178042173390000,-2.144744634630000,0.000000000000000
-41.046272277800000,173.754257201999991,1.723359227180000,1.986732721330000,2.180349349980000,-2.150510787960000,0.000000000000000
-41.046928405800003,173.754837035999998,1.723316311840000,1.986629605290000,2.180223464970000,-2.150243043900000,0.000000000000000
-41.047584533699997,173.755661011000001,1.723315477370000,1.986649870870000,2.180260181430000,-2.150377273560000,0.000000000000000
-41.048534393300002,173.756210326999991,1.723284363750000,1.986615061760000,2.180199146270000,-2.150423765180000,0.000000000000000
-41.049514770499997,173.756286620999987,1.713929295540000,1.972265362740000,2.164584875110000,-2.115406990050000,0.000000000000000
-41.047878265400001,173.754776001000010,1.723455786710000,1.986881494520000,2.180493593220000,-2.150822877880000,0.000000000000000
-41.048881530800003,173.755340576000009,1.723310470580000,1.986676573750000,2.180274009700000,-2.150498628620000,0.000000000000000
-41.050144195599998,173.755661011000001,1.717423439030000,1.977375984190000,2.170221805570000,-2.127075433730000,0.000000000000000
-41.035041809100001,173.749191284000005,1.723975181580000,1.987449526790000,2.181101799010000,-2.151836395260000,0.000000000000000
-41.033706664999997,173.746887206999986,1.719885587690000,1.982141852380000,2.175363540650000,-2.137701511380000,0.000000000000000
-41.033954620400003,173.747711181999989,1.721231460570000,1.984058737750000,2.177450895310000,-2.142456769940000,0.000000000000000
-41.047977447500003,173.753158568999993,1.723378062250000,1.986741662030000,2.180352926250000,-2.150624036790000,0.000000000000000
-41.048656463599997,173.754089354999991,1.723221540450000,1.986523032190000,2.180121898650000,-2.150187015530000,0.000000000000000
-41.049858093300003,173.754653931000007,1.723253488540000,1.986583232880000,2.180169105530000,-2.150459527970000,0.000000000000000
-41.034957885700003,173.748184204000012,1.723822236060000,1.987186193470000,2.180793046950000,-2.151157379150000,0.000000000000000
-41.035964965799998,173.748779296999999,1.724046707150000,1.987458586690000,2.181120634080000,-2.151628494260000,0.000000000000000
-41.034275054900000,173.746322631999988,1.723849534990000,1.987271070480000,2.180902242660000,-2.151405334470000,0.000000000000000
-41.034706115699997,173.747177123999990,1.723938584330000,1.987385630610000,2.181026220320000,-2.151635646820000,0.000000000000000
-41.047920227100001,173.751754761000001,1.723043322560000,1.986433863640000,2.180060148240000,-2.150487422940000,0.000000000000000
-41.048473358199999,173.752410889000004,1.723191261290000,1.986507534980000,2.180107355120000,-2.150292396550000,0.000000000000000
-41.048904418900001,173.753143311000002,1.723245382310000,1.986607313160000,2.180196285250000,-2.150508880620000,0.000000000000000
-41.049770355200003,173.753585815000008,1.723276734350000,1.986632108690000,2.180232286450000,-2.150466680530000,0.000000000000000
-41.050796508799998,173.754135131999988,1.723217368130000,1.986580967900000,2.180176019670000,-2.150469303130000,0.000000000000000
-41.051822662399999,173.753646851000013,1.723212242130000,1.986530542370000,2.180114984510000,-2.150448322300000,0.000000000000000
-41.034034728999998,173.744766234999986,1.721913933750000,1.984983086590000,2.178457021710000,-2.145143508910000,0.000000000000000
-41.034706115699997,173.745590209999989,1.723801732060000,1.987218737600000,2.180839538570000,-2.151358842850000,0.000000000000000
-41.036003112800003,173.747528076000009,1.723809242250000,1.987246513370000,2.180881977080000,-2.151464462280000,0.000000000000000
-41.035339355500000,173.746414184999992,1.723897933960000,1.987352132800000,2.180988073350000,-2.151611089710000,0.000000000000000
-41.048896789600001,173.751647948999988,1.723217010500000,1.986544728280000,2.180130004880000,-2.150421857830000,0.000000000000000
-41.049648284900002,173.752441406000003,1.723170042040000,1.986450076100000,2.180026054380000,-2.150211811070000,0.000000000000000
-41.050754547099999,173.753051757999998,1.723151445390000,1.986470222470000,2.180055141450000,-2.150221347810000,0.000000000000000
-41.052711486800000,173.752716063999998,1.723254799840000,1.986614704130000,2.180223703380000,-2.150590658190000,0.000000000000000
-41.051647186300002,173.752578734999986,1.723175644870000,1.986518859860000,2.180104494090000,-2.150261402130000,0.000000000000000
-41.053146362299998,173.751754761000001,1.723140239720000,1.986432313920000,2.180003881450000,-2.150333642960000,0.000000000000000
-41.034564971899997,173.743835448999988,1.723847866060000,1.987309813500000,2.180950164790000,-2.151584148410000,0.000000000000000
-41.035190582299997,173.744781493999994,1.723828196530000,1.987250208850000,2.180881261830000,-2.151426553730000,0.000000000000000
-41.035675048800002,173.745590209999989,1.723869919780000,1.987335205080000,2.180972814560000,-2.151579618450000,0.000000000000000
-41.037410736100000,173.747451782000013,1.723767757420000,1.987288951870000,2.180959939960000,-2.151713371280000,0.000000000000000
-41.036670684800001,173.746261597000000,1.723792076110000,1.987167596820000,2.180781841280000,-2.151293516160000,0.000000000000000
-41.048492431600003,173.750396728999988,1.723096728320000,1.986385583880000,2.179975748060000,-2.150280475620000,0.000000000000000
-41.049129486100000,173.750823975000003,1.723107814790000,1.986425757410000,2.180008649830000,-2.150279521940000,0.000000000000000
-41.049907684300003,173.751327515000014,1.723101496700000,1.986421704290000,2.180004596710000,-2.150159835820000,0.000000000000000
-41.050842285199998,173.751937865999992,1.723145961760000,1.986494541170000,2.180080175400000,-2.150465011600000,0.000000000000000
-41.052108764600000,173.751541137999993,1.723123192790000,1.986400842670000,2.179968357090000,-2.150113105770000,0.000000000000000
-41.053138732900003,173.750854492000002,1.723241567610000,1.986588120460000,2.180210351940000,-2.150643110280000,0.000000000000000
-41.035118103000002,173.743347168000014,1.722963929180000,1.986306309700000,2.179878234860000,-2.148941755290000,0.000000000000000
-41.035690307599999,173.743988037000008,1.723762154580000,1.987163782120000,2.180783510210000,-2.151309728620000,0.000000000000000
-41.036468505899997,173.744918823000006,1.723770022390000,1.987172722820000,2.180788278580000,-2.151367664340000,0.000000000000000
-41.038238525399997,173.746444701999991,1.723730564120000,1.987169981000000,2.180816650390000,-2.151474714280000,0.000000000000000
-41.037548065199999,173.745483398000005,1.723772287370000,1.987205266950000,2.180833816530000,-2.151454210280000,0.000000000000000
-41.039398193399997,173.746002196999996,1.714744567870000,1.973329424860000,2.165741920470000,-2.118035078050000,0.000000000000000
-41.048484802200001,173.749649048000009,1.723069190980000,1.986367344860000,2.179930925370000,-2.150195837020000,0.000000000000000
-41.049274444600002,173.750000000000000,1.723075628280000,1.986351490020000,2.179926633830000,-2.150092124940000,0.000000000000000
-41.049926757800002,173.750473021999994,1.723109841350000,1.986389875410000,2.179963111880000,-2.150275707240000,0.000000000000000
-41.050987243700000,173.750671387000011,1.723081111910000,1.986389517780000,2.179962396620000,-2.150187253950000,0.000000000000000
-41.052284240699997,173.750259398999987,1.723028063770000,1.986367225650000,2.179947376250000,-2.150224924090000,0.000000000000000
-41.035331726099997,173.742630004999995,1.723679184910000,1.987102150920000,2.180726528170000,-2.151297330860000,0.000000000000000
-41.035610198999997,173.741943359000004,1.723738312720000,1.987136602400000,2.180747509000000,-2.151307106020000,0.000000000000000
-41.036029815699997,173.743194579999994,1.723731160160000,1.987128973010000,2.180746078490000,-2.151306152340000,0.000000000000000
-41.036777496299997,173.743835448999988,1.723748326300000,1.987171769140000,2.180796861650000,-2.151420354840000,0.000000000000000
-41.037742614700001,173.744506835999999,1.723795294760000,1.987214088440000,2.180839538570000,-2.151344299320000,0.000000000000000
-41.038619995099999,173.745285034000005,1.723751187320000,1.987130403520000,2.180733680730000,-2.151324510570000,0.000000000000000
-41.049259185799997,173.749099731000001,1.723033905030000,1.986357927320000,2.179930686950000,-2.150278329850000,0.000000000000000
-41.050338745099999,173.749542235999996,1.722946643830000,1.986256837840000,2.179824113850000,-2.150080442430000,0.000000000000000
-41.051506042500002,173.749603271000012,1.723057985310000,1.986341953280000,2.179904699330000,-2.150259971620000,0.000000000000000
-41.050109863300001,173.748443603999988,1.723003506660000,1.986230134960000,2.179797887800000,-2.150092601780000,0.000000000000000
-41.036037445100000,173.741333007999998,1.723605036740000,1.987029314040000,2.180653095250000,-2.151204109190000,0.000000000000000
-41.036354064900003,173.742294312000013,1.723714947700000,1.987110733990000,2.180725097660000,-2.151289463040000,0.000000000000000
-41.036903381300000,173.743026732999994,1.723713040350000,1.987136602400000,2.180758476260000,-2.151296377180000,0.000000000000000
-41.037822723399998,173.743423462000010,1.723649263380000,1.987015366550000,2.180609464650000,-2.151193857190000,0.000000000000000
-41.039203643800001,173.744094848999993,1.723591327670000,1.987046003340000,2.180683374400000,-2.151457786560000,0.000000000000000
-41.036552429200000,173.740798949999999,1.723646521570000,1.987054228780000,2.180645465850000,-2.151250123980000,0.000000000000000
-41.047798156699997,173.746307373000008,1.722764492030000,1.986074328420000,2.179638385770000,-2.150055408480000,0.000000000000000
-41.048305511499997,173.747177123999990,1.717524766920000,1.978700041770000,2.171685934070000,-2.130883216860000,0.000000000000000
-41.049057006799998,173.748077392999988,1.722874879840000,1.986146807670000,2.179733753200000,-2.149928808210000,0.000000000000000
-41.049976348900003,173.747634887999993,1.722829580310000,1.986132740970000,2.179683208470000,-2.150049448010000,0.000000000000000
-41.051315307599999,173.748504639000004,1.722870349880000,1.986195445060000,2.179789781570000,-2.150138616560000,0.000000000000000
-41.050697326700003,173.747772217000005,1.722841501240000,1.986104846000000,2.179656744000000,-2.149878025050000,0.000000000000000
-41.037025451700003,173.741500854000009,1.723646402360000,1.987032413480000,2.180641174320000,-2.151217699050000,0.000000000000000
-41.037532806400002,173.742401123000008,1.723622918130000,1.987024664880000,2.180636644360000,-2.151262044910000,0.000000000000000
-41.038784027100000,173.742706298999991,1.723791241650000,1.987193822860000,2.180823802950000,-2.151451826100000,0.000000000000000
-41.037368774400001,173.740814209000007,1.723523259160000,1.986954808240000,2.180579662320000,-2.151172161100000,0.000000000000000
-41.036914825399997,173.740142821999996,1.723479390140000,1.986886501310000,2.180514335630000,-2.151097774510000,0.000000000000000
-41.047492980999998,173.744918823000006,1.713805079460000,1.972403883930000,2.164749145510000,-2.116806983950000,0.000000000000000
-41.048141479500003,173.745452881000006,1.722757339480000,1.985984921460000,2.179529428480000,-2.149844408040000,0.000000000000000
-41.048816680900003,173.746154784999987,1.722754359250000,1.985961437230000,2.179509639740000,-2.149711132050000,0.000000000000000
-41.049472808799997,173.746963501000010,1.722854971890000,1.986070513730000,2.179617881770000,-2.149955272670000,0.000000000000000
-41.050552368200002,173.746948242000002,1.722816705700000,1.986076951030000,2.179648160930000,-2.149833917620000,0.000000000000000
-41.051532745400003,173.747344970999990,1.722774505620000,1.986119627950000,2.179722070690000,-2.150241136550000,0.000000000000000
-41.047088623000000,173.743087768999999,1.720167517660000,1.982725143430000,2.176043987270000,-2.140867710110000,0.000000000000000
-41.038303375200002,173.741424561000002,1.723514795300000,1.986890673640000,2.180488348010000,-2.151058435440000,0.000000000000000
-41.037647247300001,173.738830565999990,1.723352074620000,1.986729502680000,2.180344343190000,-2.150931596760000,0.000000000000000
-41.038055419899997,173.740173340000013,1.723551869390000,1.986922502520000,2.180520296100000,-2.151132345200000,0.000000000000000
-41.038082122799999,173.739379882999998,1.723433852200000,1.986827611920000,2.180462360380000,-2.150978326800000,0.000000000000000
-41.047843933099998,173.743423462000010,1.722738623620000,1.985988497730000,2.179547309880000,-2.149862051010000,0.000000000000000
-41.048416137700002,173.744415282999995,1.722564697270000,1.985808610920000,2.179348945620000,-2.149637699130000,0.000000000000000
-41.049072265600003,173.745223998999990,1.722756266590000,1.985989570620000,2.179542303090000,-2.149872064590000,0.000000000000000
-41.050121307399998,173.745788573999988,1.722735047340000,1.985974311830000,2.179524183270000,-2.149834632870000,0.000000000000000
-41.052673339800002,173.745559692000000,1.722665786740000,1.985982298850000,2.179585456850000,-2.150213241580000,0.000000000000000
-41.051517486599998,173.746185303000004,1.722691774370000,1.985966563220000,2.179502487180000,-2.149854660030000,0.000000000000000
-41.054718017600003,173.743515015000014,1.722422242160000,1.985636353490000,2.179193019870000,-2.149667024610000,0.000000000000000
-41.039051055900003,173.735351562000005,1.720491886140000,1.983250617980000,2.176602840420000,-2.141920328140000,0.000000000000000
-41.038757324199999,173.736038207999997,1.723089337350000,1.986476421360000,2.180081605910000,-2.150586843490000,0.000000000000000
-41.038227081300001,173.737442017000006,1.723228335380000,1.986737608910000,2.180384874340000,-2.151085853580000,0.000000000000000
-41.039577484100001,173.740463256999988,1.723419785500000,1.986927628520000,2.180596590040000,-2.151175260540000,0.000000000000000
-41.038566589399998,173.738815308000000,1.723473191260000,1.986897945400000,2.180500030520000,-2.151133298870000,0.000000000000000
-41.038841247599997,173.739562987999989,1.723299026490000,1.986698031430000,2.180294752120000,-2.150866508480000,0.000000000000000
-41.038959503199997,173.738052368000012,1.723204374310000,1.986597776410000,2.180206060410000,-2.150762319560000,0.000000000000000
-41.039390564000001,173.734680176000012,1.722946405410000,1.986274838450000,2.179852962490000,-2.150304794310000,0.000000000000000
-41.048397064200003,173.742568970000008,1.722489237790000,1.985704779620000,2.179234981540000,-2.149471282960000,0.000000000000000
-41.048969268800001,173.743377686000002,1.722633719440000,1.985861659050000,2.179402828220000,-2.149719476700000,0.000000000000000
-41.053859710700003,173.743972778000000,1.722665548320000,1.986008644100000,2.179595232010000,-2.149933576580000,0.000000000000000
-41.052917480500000,173.744552612000007,1.722428679470000,1.985662102700000,2.179193973540000,-2.149437189100000,0.000000000000000
-41.049869537399999,173.744293212999992,1.722663998600000,1.985851287840000,2.179388046260000,-2.149673938750000,0.000000000000000
-41.051536560099997,173.744735717999987,1.722608685490000,1.985805511470000,2.179334878920000,-2.149591207500000,0.000000000000000
-41.049938201899998,173.743164062000005,1.722546219830000,1.985744595530000,2.179262876510000,-2.149512529370000,0.000000000000000
-41.047870635999999,173.741851806999989,1.722642302510000,1.985880136490000,2.179429054260000,-2.149785041810000,0.000000000000000
-41.054031372099999,173.742919921999999,1.722468256950000,1.985644578930000,2.179154396060000,-2.149622678760000,0.000000000000000
-41.039867401099997,173.734115601000013,1.722916603090000,1.986211419110000,2.179774284360000,-2.150218248370000,0.000000000000000
-41.039684295699999,173.735412598000011,1.723006725310000,1.986314415930000,2.179892778400000,-2.150351285930000,0.000000000000000
-41.039402008099998,173.736221312999987,1.723054051400000,1.986430764200000,2.180031538010000,-2.150542974470000,0.000000000000000
-41.039207458500002,173.737197876000010,1.723272800450000,1.986699104310000,2.180308341980000,-2.150862216950000,0.000000000000000
-41.039936065699997,173.738952637000011,1.723217129710000,1.986609697340000,2.180215835570000,-2.150703907010000,0.000000000000000
-41.039894103999998,173.737792968999997,1.723220825200000,1.986613750460000,2.180203914640000,-2.150783538820000,0.000000000000000
-41.040203094500001,173.734954834000007,1.722885727880000,1.986188650130000,2.179754734040000,-2.150199413300000,0.000000000000000
-41.040328979500003,173.733520507999998,1.722750306130000,1.985887765880000,2.179430961610000,-2.149550914760000,0.000000000000000
-41.048713684100001,173.741744995000005,1.722554683690000,1.985749363900000,2.179274559020000,-2.149547100070000,0.000000000000000
-41.049362182599999,173.742431640999996,1.722506165500000,1.985695719720000,2.179219484330000,-2.149536609650000,0.000000000000000
-41.052616119400000,173.743423462000010,1.722503542900000,1.985718846320000,2.179231405260000,-2.149597406390000,0.000000000000000
-41.051036834700000,173.743347168000014,1.722588181500000,1.985805511470000,2.179344177250000,-2.149675846100000,0.000000000000000
-41.050449371299997,173.742324829000012,1.722553014760000,1.985730767250000,2.179257631300000,-2.149557828900000,0.000000000000000
-41.048080444299998,173.741134643999999,1.722370505330000,1.985590577130000,2.179115295410000,-2.149372816090000,0.000000000000000
-41.047679901099997,173.740676879999995,1.722311615940000,1.985504150390000,2.179012775420000,-2.149489402770000,0.000000000000000
-41.054039001500001,173.741912842000005,1.722543120380000,1.985796928410000,2.179322719570000,-2.149690151210000,0.000000000000000
-41.053108215300000,173.742309570000003,1.722565650940000,1.985780715940000,2.179318666460000,-2.149542808530000,0.000000000000000
-41.040763855000002,173.734344482000012,1.722941637040000,1.986240386960000,2.179802656170000,-2.150273323060000,0.000000000000000
-41.040374755899997,173.735870360999996,1.723075509070000,1.986405611040000,2.179982423780000,-2.150482892990000,0.000000000000000
-41.040260314900003,173.736907959000007,1.722950816150000,1.986286997800000,2.179879426960000,-2.150331497190000,0.000000000000000
-41.041110992400000,173.737869262999993,1.723256587980000,1.986753106120000,2.180405855180000,-2.151096582410000,0.000000000000000
-41.041133880600000,173.735275268999999,1.722767114640000,1.986077666280000,2.179651975630000,-2.150050401690000,0.000000000000000
-41.040740966800001,173.732894896999994,1.722766280170000,1.986066937450000,2.179621696470000,-2.150058746340000,0.000000000000000
-41.041286468499997,173.733673095999990,1.722735285760000,1.986026644710000,2.179583072660000,-2.149973630910000,0.000000000000000
-41.048854827900001,173.741058350000003,1.722407221790000,1.985589742660000,2.179107904430000,-2.149421930310000,0.000000000000000
-41.049713134800001,173.741439818999993,1.722455739970000,1.985679507260000,2.179202795030000,-2.149471282960000,0.000000000000000
-41.051818847699998,173.742126465000013,1.722446084020000,1.985628843310000,2.179135084150000,-2.149408817290000,0.000000000000000
-41.050815582299997,173.741470337000010,1.722455739970000,1.985628008840000,2.179141283040000,-2.149474859240000,0.000000000000000
-41.048408508300000,173.740463256999988,1.722462654110000,1.985674619670000,2.179192066190000,-2.149450302120000,0.000000000000000
-41.047691345200001,173.739791870000005,1.722372293470000,1.985611200330000,2.179148674010000,-2.149563312530000,0.000000000000000
-41.053047180199997,173.741195678999986,1.722392439840000,1.985552668570000,2.179049968720000,-2.149492979050000,0.000000000000000
-41.053825378399999,173.740142821999996,1.722486376760000,1.985807180400000,2.179363012310000,-2.149705648420000,0.000000000000000
-41.041435241700000,173.731567382999998,1.722692847250000,1.985973000530000,2.179516553880000,-2.149920701980000,0.000000000000000
-41.042041778600002,173.731262206999986,1.716138243680000,1.975855231290000,2.168553352360000,-2.124594926830000,0.000000000000000
-41.041759491000001,173.734558104999991,1.722790479660000,1.986051201820000,2.179595470430000,-2.150024890900000,0.000000000000000
-41.041568756099998,173.736465454000012,1.722904920580000,1.986202359200000,2.179765701290000,-2.150274038310000,0.000000000000000
-41.042140960700003,173.735458373999990,1.722803354260000,1.986093521120000,2.179644107820000,-2.150061845780000,0.000000000000000
-41.043811798100002,173.737426757999998,1.717084765430000,1.977501511570000,2.170391082760000,-2.128647804260000,0.000000000000000
-41.041778564500000,173.732940673999991,1.722753524780000,1.986040592190000,2.179588079450000,-2.150028228760000,0.000000000000000
-41.042354583700003,173.733810425000001,1.722694516180000,1.985969066620000,2.179515361790000,-2.149913787840000,0.000000000000000
-41.049362182599999,173.740463256999988,1.722442626950000,1.985623002050000,2.179143905640000,-2.149455308910000,0.000000000000000
-41.050449371299997,173.740585326999991,1.722382545470000,1.985531687740000,2.179033517840000,-2.149368524550000,0.000000000000000
-41.051647186300002,173.740844726999995,1.722499608990000,1.985696315770000,2.179223775860000,-2.149497985840000,0.000000000000000
-41.048793792700003,173.739654540999993,1.722269892690000,1.985450267790000,2.178951978680000,-2.149291515350000,0.000000000000000
-41.048118591300003,173.738876342999987,1.722450613980000,1.985743761060000,2.179296493530000,-2.149565219880000,0.000000000000000
-41.052539825399997,173.739959717000005,1.722377538680000,1.985522389410000,2.179018735890000,-2.149309635160000,0.000000000000000
-41.053405761699999,173.739089965999995,1.722325801850000,1.985537767410000,2.179050683980000,-2.149450063710000,0.000000000000000
-41.042232513400002,173.732025146000012,1.722716093060000,1.986010313030000,2.179557561870000,-2.149988651280000,0.000000000000000
-41.043479919399999,173.731109618999994,1.722251892090000,1.985549092290000,2.179109096530000,-2.149309873580000,0.000000000000000
-41.042877197300001,173.734802245999987,1.722713828090000,1.986017584800000,2.179580450060000,-2.150003910060000,0.000000000000000
-41.043354034399997,173.736190795999988,1.722636461260000,1.985919117930000,2.179479360580000,-2.149931907650000,0.000000000000000
-41.042926788300001,173.732955933000000,1.722621917720000,1.985911369320000,2.179456472400000,-2.149881124500000,0.000000000000000
-41.043502807599999,173.733901978000006,1.722523927690000,1.985793828960000,2.179337263110000,-2.149652957920000,0.000000000000000
-41.045833587600001,173.736648559999992,1.722416162490000,1.985717654230000,2.179249286650000,-2.149704217910000,0.000000000000000
-41.046661377000000,173.737365723000011,1.722312331200000,1.985476374630000,2.178989648820000,-2.149279832840000,0.000000000000000
-41.047416687000002,173.738098145000009,1.722141385080000,1.985442876820000,2.179006338120000,-2.149291515350000,0.000000000000000
-41.049942016599999,173.739593506000006,1.722409844400000,1.985608816150000,2.179124832150000,-2.149401664730000,0.000000000000000
-41.051212310799997,173.739700317000000,1.722279548650000,1.985440254210000,2.178936481480000,-2.149321794510000,0.000000000000000
-41.049243926999999,173.738723754999995,1.722295880320000,1.985473155980000,2.178978204730000,-2.149328470230000,0.000000000000000
-41.048503875700000,173.737945556999989,1.722208261490000,1.985375046730000,2.178862571720000,-2.149166822430000,0.000000000000000
-41.052104950000000,173.738800048999991,1.722363591190000,1.985537528990000,2.179044961930000,-2.149393081670000,0.000000000000000
-41.053092956500002,173.737991332999997,1.722166895870000,1.985284209250000,2.178765058520000,-2.149091959000000,0.000000000000000
-41.054111480700001,173.737258910999998,1.722278475760000,1.985415339470000,2.178933858870000,-2.149176359180000,0.000000000000000
-41.044361114499999,173.731307982999994,1.722394347190000,1.985657572750000,2.179195404050000,-2.149446487430000,0.000000000000000
-41.044464111300002,173.729980468999997,1.721863389020000,1.985191583630000,2.178723812100000,-2.149074792860000,0.000000000000000
-41.044155120799999,173.734893798999991,1.722566127780000,1.985809087750000,2.179346084590000,-2.149727582930000,0.000000000000000
-41.044967651400000,173.735839843999997,1.722391963010000,1.985613703730000,2.179147958760000,-2.149413108830000,0.000000000000000
-41.044139862100003,173.733047484999986,1.722588181500000,1.985902667050000,2.179456472400000,-2.149901628490000,0.000000000000000
-41.044574737500000,173.733947754000013,1.722365736960000,1.985612154010000,2.179149389270000,-2.149427175520000,0.000000000000000
-41.046108245799999,173.735748290999993,1.722240090370000,1.985397815700000,2.178900718690000,-2.149137258530000,0.000000000000000
-41.046947479200000,173.736373901000007,1.722233891490000,1.985403537750000,2.178913116460000,-2.149114370350000,0.000000000000000
-41.047771453899998,173.737152100000003,1.722310900690000,1.985516905780000,2.179020404820000,-2.149334669110000,0.000000000000000
-41.050590515099998,173.738449097000000,1.722285985950000,1.985420465470000,2.178918600080000,-2.149224758150000,0.000000000000000
-41.049522399899999,173.737823485999996,1.722294926640000,1.985504508020000,2.179019927980000,-2.149350881580000,0.000000000000000
-41.048938751199998,173.737014770999991,1.722281455990000,1.985453724860000,2.178967952730000,-2.149262428280000,0.000000000000000
-41.051784515400001,173.737564087000010,1.722189426420000,1.985342979430000,2.178839921950000,-2.149214029310000,0.000000000000000
-41.052879333500002,173.736907959000007,1.722123503680000,1.985303282740000,2.178780794140000,-2.149181604390000,0.000000000000000
-41.053691864000001,173.736419678000004,1.717995047570000,1.979767322540000,2.172811031340000,-2.134471893310000,0.000000000000000
-41.044845581099999,173.732192993000012,1.722248315810000,1.985517263410000,2.179059028630000,-2.149425745010000,0.000000000000000
-41.045314788799999,173.731414795000006,1.722225189210000,1.985446572300000,2.178964853290000,-2.149274826050000,0.000000000000000
-41.045009612999998,173.730575562000013,1.722112655640000,1.985397815700000,2.178925752640000,-2.149209737780000,0.000000000000000
-41.045131683299999,173.729705811000002,1.722151517870000,1.985375761990000,2.178888797760000,-2.149160146710000,0.000000000000000
-41.045646667500002,173.734649657999995,1.722346067430000,1.985588908200000,2.179105520250000,-2.149414539340000,0.000000000000000
-41.045440673800002,173.733261107999994,1.722317457200000,1.985538363460000,2.179058074950000,-2.149361610410000,0.000000000000000
-41.047138214100002,173.735214232999994,1.722293972970000,1.985507726670000,2.179016828540000,-2.149326562880000,0.000000000000000
-41.048160553000002,173.736114501999992,1.722175240520000,1.985358119010000,2.178852319720000,-2.149198293690000,0.000000000000000
-41.050334930399998,173.736968993999994,1.722151041030000,1.985296845440000,2.178773164750000,-2.149120807650000,0.000000000000000
-41.049343109100001,173.736083984000004,1.722165822980000,1.985350608830000,2.178847551350000,-2.149137020110000,0.000000000000000
-41.051704406699997,173.736312865999992,1.722176074980000,1.985325098040000,2.178831338880000,-2.149110078810000,0.000000000000000
-41.052890777599998,173.735855103000006,1.722035169600000,1.985151648520000,2.178622484210000,-2.148973703380000,0.000000000000000
-41.053966522200000,173.735656737999989,1.721929550170000,1.985159993170000,2.178695678710000,-2.149087905880000,0.000000000000000
-41.046283721899997,173.732116698999988,1.722274541850000,1.985533118250000,2.179053306580000,-2.149369478230000,0.000000000000000
-41.046077728299998,173.730895995999987,1.722180128100000,1.985399127010000,2.178908586500000,-2.149204492570000,0.000000000000000
-41.045749664299997,173.730133056999989,1.722097754480000,1.985312461850000,2.178819179530000,-2.149093866350000,0.000000000000000
-41.045848846399998,173.729476928999986,1.722130656240000,1.985389828680000,2.178902387620000,-2.149162769320000,0.000000000000000
-41.047142028800003,173.733642578000001,1.722105264660000,1.985271692280000,2.178767919540000,-2.149009943010000,0.000000000000000
-41.048831939700001,173.734802245999987,1.722154855730000,1.985324263570000,2.178817749020000,-2.149082422260000,0.000000000000000
-41.050457000700000,173.735519409000005,1.722084760670000,1.985226154330000,2.178714752200000,-2.149064064030000,0.000000000000000
-41.051883697500003,173.735046387000011,1.721938371660000,1.985085964200000,2.178555727010000,-2.148892879490000,0.000000000000000
-41.053218841600000,173.734848021999994,1.721961855890000,1.985157132150000,2.178642272950000,-2.149038076400000,0.000000000000000
-41.047428131099998,173.731094359999986,1.721857070920000,1.985023856160000,2.178509950640000,-2.148814916610000,0.000000000000000
-41.047729492199998,173.732330321999996,1.722133874890000,1.985330343250000,2.178823471070000,-2.149132013320000,0.000000000000000
-41.039661407499999,173.719177245999987,1.717427253720000,1.979704260830000,2.172743797300000,-2.136551618580000,0.000000000000000
-41.046684265099998,173.730041504000013,1.722119212150000,1.985357999800000,2.178865432740000,-2.149173974990000,0.000000000000000
-41.046527862500000,173.729171753000003,1.721848607060000,1.985029816630000,2.178518295290000,-2.148992061610000,0.000000000000000
-41.047721862800003,173.730133056999989,1.722103953360000,1.985333919530000,2.178829431530000,-2.149139642720000,0.000000000000000
-41.048931121800003,173.733108520999991,1.721982002260000,1.985165476800000,2.178649425510000,-2.148972272870000,0.000000000000000
-41.050647735600002,173.733917235999996,1.721977591510000,1.985119819640000,2.178595304490000,-2.148892879490000,0.000000000000000
-41.052379608199999,173.733856201000009,1.721844673160000,1.984943985940000,2.178405284880000,-2.148673295970000,0.000000000000000
-41.053779602100001,173.733825684000010,1.721611499790000,1.984784603120000,2.178252220150000,-2.148709297180000,0.000000000000000
-41.048645019500000,173.730514526000007,1.721825480460000,1.984981894490000,2.178448915480000,-2.148785114290000,0.000000000000000
-41.048866271999998,173.731674193999993,1.721981883050000,1.985162734990000,2.178649425510000,-2.148883581160000,0.000000000000000
-41.040519714399998,173.718627929999997,1.720375299450000,1.983587861060000,2.176926136020000,-2.147354364400000,0.000000000000000
-41.047428131099998,173.729400634999990,1.721678853030000,1.984841346740000,2.178316354750000,-2.148703813550000,0.000000000000000
-41.048419952400003,173.729583740000010,1.721586227420000,1.984765768050000,2.178245782850000,-2.148577213290000,0.000000000000000
-41.049327850300003,173.729858398000005,1.721764445300000,1.984915971760000,2.178395271300000,-2.148664712910000,0.000000000000000
-41.050365448000001,173.732269287000008,1.721790313720000,1.984891295430000,2.178348064420000,-2.148651123050000,0.000000000000000
-41.051685333300000,173.732818603999988,1.721846580510000,1.985046029090000,2.178531408310000,-2.148887157440000,0.000000000000000
-41.053062439000001,173.732681273999987,1.721661806110000,1.984745502470000,2.178175210950000,-2.148528814320000,0.000000000000000
-41.055305480999998,173.731948853000006,1.721419811250000,1.984548330310000,2.178000926970000,-2.148318290710000,0.000000000000000
-41.054538726799997,173.732818603999988,1.721591591840000,1.984790682790000,2.178275585170000,-2.148737192150000,0.000000000000000
-41.050102233899999,173.730712890999996,1.721685886380000,1.984862089160000,2.178333520890000,-2.148721456530000,0.000000000000000
-41.055973053000002,173.731155395999991,1.721459150310000,1.984640717510000,2.178107500080000,-2.148543119430000,0.000000000000000
-41.055076599099998,173.731201171999999,1.721388578410000,1.984410166740000,2.177803277970000,-2.148174047470000,0.000000000000000
-41.056224823000001,173.730224609000004,1.721179127690000,1.984319806100000,2.177768230440000,-2.148352622990000,0.000000000000000
-41.041507720900000,173.718368529999992,1.720369815830000,1.983534574510000,2.176936626430000,-2.147023677830000,0.000000000000000
-41.041301727300002,173.719604492000002,1.720407366750000,1.983721733090000,2.177133798600000,-2.147738695140000,0.000000000000000
-41.049308776899998,173.728881835999999,1.721568822860000,1.984770417210000,2.178240537640000,-2.148710727690000,0.000000000000000
-41.050167083700003,173.729568481000001,1.721308231350000,1.984416008000000,2.177858829500000,-2.148133277890000,0.000000000000000
-41.051967620799999,173.731369018999999,1.721587777140000,1.984690308570000,2.178135395050000,-2.148383617400000,0.000000000000000
-41.054016113300001,173.731445312000005,1.721521258350000,1.984639286990000,2.178072929380000,-2.148438692090000,0.000000000000000
-41.051364898700001,173.729797362999989,1.721580743790000,1.984722256660000,2.178166866300000,-2.148482799530000,0.000000000000000
-41.055004119899998,173.730270386000001,1.721446871760000,1.984515190120000,2.177930355070000,-2.148239612580000,0.000000000000000
-41.055957794199998,173.729263306000007,1.721465706830000,1.984497904780000,2.177913904190000,-2.148277521130000,0.000000000000000
-41.042354583700003,173.718078612999989,1.717605710030000,1.979989051820000,2.173132419590000,-2.137285709380000,0.000000000000000
-41.042312622099999,173.719116210999999,1.720138072970000,1.983234167100000,2.176565170290000,-2.146672725680000,0.000000000000000
-41.042259216300003,173.720214843999997,1.720275640490000,1.983457446100000,2.176877021790000,-2.147036075590000,0.000000000000000
-41.043125152599998,173.717758178999986,1.720245242120000,1.983410120010000,2.176763296130000,-2.146989583970000,0.000000000000000
-41.049762725800001,173.727951050000001,1.721427083020000,1.984631657600000,2.178092002870000,-2.148534774780000,0.000000000000000
-41.050727844199997,173.728561401000007,1.721538901330000,1.984690666200000,2.178161859510000,-2.148442983630000,0.000000000000000
-41.053176879900001,173.729797362999989,1.721387147900000,1.984493732450000,2.177931547160000,-2.148322582240000,0.000000000000000
-41.052059173600000,173.728805542000003,1.721137285230000,1.984267115590000,2.177680969240000,-2.148016929630000,0.000000000000000
-41.055923461900001,173.727905273000005,1.720863938330000,1.984034538270000,2.177480936050000,-2.147884368900000,0.000000000000000
-41.054618835399999,173.728790282999995,1.721060156820000,1.984119296070000,2.177499771120000,-2.147892713550000,0.000000000000000
-41.043788909900002,173.717254639000004,1.720362067220000,1.983512163160000,2.176895380020000,-2.147177219390000,0.000000000000000
-41.043216705299997,173.718673706000004,1.720362186430000,1.983494043350000,2.176877737050000,-2.147119760510000,0.000000000000000
-41.043220519999998,173.719757079999994,1.720395326610000,1.983618974690000,2.176997900010000,-2.147304534910000,0.000000000000000
-41.044036865199999,173.718124390000014,1.720204472540000,1.983363866810000,2.176718950270000,-2.146867752080000,0.000000000000000
-41.044963836699999,173.721832274999997,1.720152974130000,1.983362436290000,2.176757097240000,-2.147044658660000,0.000000000000000
-41.049507141100001,173.727081298999991,1.722021460530000,1.985361099240000,2.178849697110000,-2.149389028550000,0.000000000000000
-41.050598144500000,173.727325438999998,1.720699429510000,1.983825445180000,2.177246332170000,-2.147562265400000,0.000000000000000
-41.048755645800000,173.725265503000003,1.718712449070000,1.981497526170000,2.174767255780000,-2.140769720080000,0.000000000000000
-41.051837921100002,173.727661132999998,1.721305131910000,1.984470486640000,2.177896976470000,-2.148287296300000,0.000000000000000
-41.053188323999997,173.728164673000009,1.721320271490000,1.984352588650000,2.177768230440000,-2.148062705990000,0.000000000000000
-41.055648803700002,173.726577759000008,1.721001267430000,1.983977437020000,2.177336215970000,-2.147657871250000,0.000000000000000
-41.054466247599997,173.727325438999998,1.721084713940000,1.984157443050000,2.177552461620000,-2.147991180420000,0.000000000000000
-41.044719696000001,173.717422484999986,1.720262050630000,1.983414888380000,2.176777124400000,-2.147161960600000,0.000000000000000
-41.044239044199998,173.719223021999994,1.720248818400000,1.983381509780000,2.176732540130000,-2.147010564800000,0.000000000000000
-41.044212341300003,173.720367431999989,1.720227360730000,1.983391046520000,2.176777601240000,-2.146923542020000,0.000000000000000
-41.044952392600003,173.720977782999995,1.720255494120000,1.983463764190000,2.176812887190000,-2.147269964220000,0.000000000000000
-41.045127868700000,173.718460082999997,1.720293164250000,1.983452320100000,2.176822423930000,-2.147064685820000,0.000000000000000
-41.045829772899999,173.721359253000003,1.720226049420000,1.983321666720000,2.176684618000000,-2.146865367890000,0.000000000000000
-41.047409057599999,173.723800659000005,1.720477342610000,1.983711004260000,2.177092552190000,-2.147579669950000,0.000000000000000
-41.048171997099999,173.724441528000000,1.719938397410000,1.983137130740000,2.176501512530000,-2.146742105480000,0.000000000000000
-41.046714782700001,173.722137451000009,1.720456480980000,1.983713388440000,2.177104711530000,-2.147547483440000,0.000000000000000
-41.047397613500003,173.722900390999996,1.720182418820000,1.983274102210000,2.176622629170000,-2.146817207340000,0.000000000000000
-41.050270080600001,173.726272582999997,1.720835566520000,1.984080672260000,2.177538871770000,-2.148008584980000,0.000000000000000
-41.051475524899999,173.726455687999987,1.721369862560000,1.984473943710000,2.177894830700000,-2.148155212400000,0.000000000000000
-41.049823760999999,173.725265503000003,1.720656037330000,1.983972072600000,2.177466154100000,-2.147347688670000,0.000000000000000
-41.049240112299998,173.724319457999997,1.720355272290000,1.983503341670000,2.176882028580000,-2.147179126740000,0.000000000000000
-41.055664062500000,173.725387573000006,1.720821261410000,1.983912348750000,2.177294015880000,-2.147712945940000,0.000000000000000
-41.052978515600003,173.726608276000007,1.720721960070000,1.983817219730000,2.177206993100000,-2.147597074510000,0.000000000000000
-41.054443359399997,173.725952148000005,1.720973014830000,1.983989715580000,2.177365779880000,-2.147732496260000,0.000000000000000
-41.045787811300002,173.717498779000010,1.720243334770000,1.983485221860000,2.176873922350000,-2.147139787670000,0.000000000000000
-41.045623779300001,173.719924926999994,1.720273733140000,1.983448743820000,2.176817178730000,-2.147114753720000,0.000000000000000
-41.046363830600001,173.718551636000001,1.720109343530000,1.983216643330000,2.176552057270000,-2.146810770030000,0.000000000000000
-41.046333312999998,173.716445923000009,1.720146298410000,1.983355045320000,2.176733970640000,-2.147005558010000,0.000000000000000
-41.047008514399998,173.720886229999991,1.720199704170000,1.983351707460000,2.176703929900000,-2.146963357930000,0.000000000000000
-41.048507690400001,173.723266601999995,1.720587253570000,1.983796715740000,2.177216529850000,-2.147492408750000,0.000000000000000
-41.047977447500003,173.721954345999990,1.720250487330000,1.983373403550000,2.176739215850000,-2.146895647050000,0.000000000000000
-41.051021575900002,173.725341796999999,1.720875263210000,1.984039902690000,2.177451848980000,-2.147849559780000,0.000000000000000
-41.052143096899997,173.725555420000006,1.720678329470000,1.983794093130000,2.177191019060000,-2.147635936740000,0.000000000000000
-41.050449371299997,173.724258423000009,1.720582604410000,1.983822822570000,2.177253007890000,-2.147763013840000,0.000000000000000
-41.049743652300002,173.723373412999990,1.720501184460000,1.983659029010000,2.177042961120000,-2.147360324860000,0.000000000000000
-41.055873870799999,173.724258423000009,1.720999360080000,1.984077334400000,2.177447795870000,-2.147787809370000,0.000000000000000
-41.054626464800002,173.724639892999988,1.720408439640000,1.983403086660000,2.176737070080000,-2.147206068040000,0.000000000000000
-41.053283691399997,173.725128173999991,1.721129179000000,1.984185814860000,2.177577733990000,-2.147932291030000,0.000000000000000
-41.047103881799998,173.715713501000010,1.720063805580000,1.983228445050000,2.176581382750000,-2.146891117100000,0.000000000000000
-41.046936035199998,173.717529296999999,1.720149993900000,1.983287215230000,2.176633596420000,-2.146937847140000,0.000000000000000
-41.047260284399997,173.719512938999998,1.720221400260000,1.983371138570000,2.176728487010000,-2.147041559220000,0.000000000000000
-41.047435760500001,173.718414306999989,1.720278143880000,1.983466386800000,2.176842927930000,-2.147137403490000,0.000000000000000
-41.047565460199998,173.716613770000009,1.720108628270000,1.983231306080000,2.176571846010000,-2.146857500080000,0.000000000000000
-41.048637390099998,173.720458984000004,1.720345258710000,1.983502030370000,2.176880121230000,-2.147203445430000,0.000000000000000
-41.049606323200003,173.722045898000005,1.720250606540000,1.983399271970000,2.176757097240000,-2.147232294080000,0.000000000000000
-41.051967620799999,173.724243164000001,1.720692276950000,1.983771204950000,2.177151441570000,-2.147476196290000,0.000000000000000
-41.050910949699997,173.723022460999999,1.720641374590000,1.983787059780000,2.177197694780000,-2.147626399990000,0.000000000000000
-41.056270599400001,173.723190308000000,1.720001816750000,1.983286499980000,2.176698446270000,-2.147506952290000,0.000000000000000
-41.054954528800003,173.723388671999999,1.720733761790000,1.983731627460000,2.177079200740000,-2.147407770160000,0.000000000000000
-41.053539276099997,173.723739623999990,1.720525026320000,1.983646154400000,2.177039861680000,-2.147503852840000,0.000000000000000
-41.047622680700002,173.714965820000003,1.719904780390000,1.983042597770000,2.176382064820000,-2.146700859070000,0.000000000000000
-41.048137664800002,173.715744018999999,1.719972968100000,1.983098626140000,2.176425457000000,-2.146748542790000,0.000000000000000
-41.048130035400000,173.717636107999994,1.720069885250000,1.983211040500000,2.176555395130000,-2.146864414220000,0.000000000000000
-41.048496246299997,173.718856812000013,1.720090985300000,1.983186721800000,2.176517724990000,-2.146800994870000,0.000000000000000
-41.048751831099999,173.716644287000008,1.720014095310000,1.983135938640000,2.176472425460000,-2.146750450130000,0.000000000000000
-41.049907684300003,173.719329834000007,1.720114231110000,1.983263134960000,2.176616907120000,-2.147029399870000,0.000000000000000
-41.050201416000000,173.720642090000013,1.720316648480000,1.983426928520000,2.176786661150000,-2.147169590000000,0.000000000000000
-41.051269531199999,173.721557617000002,1.720375657080000,1.983538985250000,2.176932811740000,-2.147357225420000,0.000000000000000
-41.052425384499998,173.722671509000008,1.720445036890000,1.983529329300000,2.176881551740000,-2.147391557690000,0.000000000000000
-41.056785583500002,173.722137451000009,1.720413446430000,1.983437776570000,2.176812410350000,-2.147273778920000,0.000000000000000
-41.055454254200001,173.722152709999989,1.720277905460000,1.983295321460000,2.176643610000000,-2.147062301640000,0.000000000000000
-41.053974151600002,173.722335815000008,1.720539927480000,1.983562946320000,2.176929235460000,-2.147248268130000,0.000000000000000
-41.057472228999998,173.721221923999991,1.719482541080000,1.982702612880000,2.176059722900000,-2.146724700930000,0.000000000000000
-41.049129486100000,173.712432860999996,1.719836950300000,1.982932329180000,2.176266431810000,-2.146435260770000,0.000000000000000
-41.066307067899999,173.716247559000010,1.719104647640000,1.982030391690000,2.175240993500000,-2.145650148390000,0.000000000000000
-41.065689086900001,173.717147826999991,1.719018340110000,1.981850981710000,2.175025701520000,-2.145609855650000,0.000000000000000
-41.060111999500002,173.720031737999989,1.712420701980000,1.971299648280000,2.163623571400000,-2.118437290190000,0.000000000000000
-41.058311462399999,173.720458984000004,1.719827294350000,1.982692360880000,2.176002025600000,-2.146390199660000,0.000000000000000
-41.048130035400000,173.714065551999994,1.719958305360000,1.983118772510000,2.176456689830000,-2.146818161010000,0.000000000000000
-41.048774719199997,173.713226318000011,1.719728708270000,1.982873201370000,2.176201343540000,-2.146616697310000,0.000000000000000
-41.048545837399999,173.714920043999996,1.719965577130000,1.983033537860000,2.176348209380000,-2.146560430530000,0.000000000000000
-41.049232482900003,173.715591431000007,1.719927430150000,1.983074069020000,2.176410675050000,-2.146768331530000,0.000000000000000
-41.049602508500001,173.717758178999986,1.720158219340000,1.983297944070000,2.176647663120000,-2.147043228150000,0.000000000000000
-41.049850463900000,173.716491698999988,1.719926357270000,1.983005404470000,2.176316976550000,-2.146628379820000,0.000000000000000
-41.050922393800001,173.718414306999989,1.720072746280000,1.983149647710000,2.176479101180000,-2.146833181380000,0.000000000000000
-41.051586151099997,173.719833373999990,1.720211863520000,1.983315229420000,2.176661014560000,-2.147186279300000,0.000000000000000
-41.052890777599998,173.721145629999995,1.720297098160000,1.983339548110000,2.176682233810000,-2.147049427030000,0.000000000000000
-41.056148529100000,173.720962523999987,1.719969868660000,1.982958555220000,2.176291942600000,-2.146527051930000,0.000000000000000
-41.054580688500003,173.720916748000008,1.720109820370000,1.983238339420000,2.176607608800000,-2.147108078000000,0.000000000000000
-41.057113647500003,173.719970703000001,1.719898581500000,1.982935428620000,2.176238775250000,-2.146747350690000,0.000000000000000
-41.049598693800000,173.713027954000012,1.719617128370000,1.982717394830000,2.176011085510000,-2.146277666090000,0.000000000000000
-41.049942016599999,173.712234496999997,1.719560265540000,1.982671260830000,2.175968647000000,-2.146346330640000,0.000000000000000
-41.050067901600002,173.711105347000000,1.719451665880000,1.982618808750000,2.175926685330000,-2.146236658100000,0.000000000000000
-41.065422058099998,173.716354370000005,1.719039797780000,1.981778621670000,2.174970626830000,-2.145205497740000,0.000000000000000
-41.066284179699998,173.714599609000004,1.719179272650000,1.982039451600000,2.175240039830000,-2.145736217500000,0.000000000000000
-41.065700530999997,173.715515137000011,1.718802571300000,1.981586098670000,2.174747943880000,-2.145177841190000,0.000000000000000
-41.064712524400001,173.716964722000000,1.718873262410000,1.981660962100000,2.174852371220000,-2.145016193390000,0.000000000000000
-41.063796997099999,173.717880248999990,1.719100236890000,1.982007861140000,2.175230741500000,-2.145686626430000,0.000000000000000
-41.061592102100001,173.718658446999996,1.719274044040000,1.982235312460000,2.175501585010000,-2.145915985110000,0.000000000000000
-41.059104919399999,173.719711303999986,1.719486236570000,1.982540369030000,2.175833225250000,-2.146426200870000,0.000000000000000
-41.059844970699999,173.719116210999999,1.719486951830000,1.982337951660000,2.175584316250000,-2.145966768260000,0.000000000000000
-41.058105468800001,173.719406128000003,1.719397187230000,1.982346415520000,2.175602912900000,-2.145841121670000,0.000000000000000
-41.049598693800000,173.714202881000006,1.719770789150000,1.982873678210000,2.176181077960000,-2.146518707280000,0.000000000000000
-41.050514221199997,173.715515137000011,1.719892740250000,1.982982873920000,2.176297187810000,-2.146616220470000,0.000000000000000
-41.051147460899998,173.716949462999992,1.719856739040000,1.982965826990000,2.176286935810000,-2.146698951720000,0.000000000000000
-41.052383422900000,173.718200684000010,1.719978809360000,1.983069658280000,2.176402091980000,-2.146792173390000,0.000000000000000
-41.053516387899997,173.719543456999986,1.720054388050000,1.983103752140000,2.176438331600000,-2.146773576740000,0.000000000000000
-41.055492401099997,173.719345092999987,1.719975471500000,1.982926249500000,2.176222324370000,-2.146559953690000,0.000000000000000
-41.057159423800002,173.718429565000008,1.719498395920000,1.982474327090000,2.175766229630000,-2.146117687230000,0.000000000000000
-41.050685882600000,173.710174561000002,1.719444394110000,1.982508182530000,2.175779342650000,-2.146119117740000,0.000000000000000
-41.050548553500001,173.713073729999991,1.719691753390000,1.982796669010000,2.176107645030000,-2.146416187290000,0.000000000000000
-41.050914764399998,173.711944579999994,1.719519972800000,1.982572793960000,2.175849199300000,-2.146121263500000,0.000000000000000
-41.051071167000003,173.710998534999987,1.719211220740000,1.982291221620000,2.175567626950000,-2.145871639250000,0.000000000000000
-41.066585540799998,173.713623046999999,1.718816995620000,1.981667399410000,2.174869060520000,-2.145124912260000,0.000000000000000
-41.065738678000002,173.713851928999986,1.718770265580000,1.981586217880000,2.174730300900000,-2.145117044450000,0.000000000000000
-41.064693450900002,173.715881348000011,1.719056248660000,1.981946110730000,2.175122737880000,-2.145604133610000,0.000000000000000
-41.064979553199997,173.714645386000001,1.718781590460000,1.981544733050000,2.174715757370000,-2.144942760470000,0.000000000000000
-41.063667297400002,173.716537476000013,1.718829274180000,1.981580019000000,2.174736022950000,-2.145088434220000,0.000000000000000
-41.062820434599999,173.717239379999995,1.719009399410000,1.981918692590000,2.175126791000000,-2.145375967030000,0.000000000000000
-41.061733245799999,173.717468262000011,1.719110250470000,1.981915950780000,2.175102949140000,-2.145583868030000,0.000000000000000
-41.060390472400002,173.718063354000009,1.719076991080000,1.982005000110000,2.175224542620000,-2.145557880400000,0.000000000000000
-41.058837890600003,173.718444823999988,1.719478130340000,1.982357501980000,2.175603389740000,-2.145976543430000,0.000000000000000
-41.051818847699998,173.715637206999986,1.719739556310000,1.982820630070000,2.176126956940000,-2.146486997600000,0.000000000000000
-41.051437377900001,173.714248657000013,1.719637990000000,1.982701182370000,2.175989389420000,-2.146303176880000,0.000000000000000
-41.052936553999999,173.716583251999992,1.719824552540000,1.982837677000000,2.176128864290000,-2.146452426910000,0.000000000000000
-41.054180145300002,173.717880248999990,1.719732880590000,1.982780218120000,2.176088809970000,-2.146505594250000,0.000000000000000
-41.055732727100001,173.717681884999990,1.719624280930000,1.982633948330000,2.175917863850000,-2.146234750750000,0.000000000000000
-41.058021545400003,173.717361449999999,1.719312667850000,1.982254266740000,2.175489425660000,-2.145791053770000,0.000000000000000
-41.056808471700002,173.716842651000007,1.719453811650000,1.982382535930000,2.175635576250000,-2.145970821380000,0.000000000000000
-41.051143646200003,173.709426879999995,1.719089865680000,1.982274174690000,2.175555229190000,-2.145973205570000,0.000000000000000
-41.051517486599998,173.708648681999989,1.719294667240000,1.982341051100000,2.175602436070000,-2.145847082140000,0.000000000000000
-41.051628112800003,173.710311890000014,1.719280242920000,1.982342004780000,2.175602197650000,-2.145866632460000,0.000000000000000
-41.051795959499998,173.712783812999987,1.719431400300000,1.982513189320000,2.175794839860000,-2.146121740340000,0.000000000000000
-41.052055358899999,173.711456298999991,1.719383001330000,1.982455968860000,2.175730943680000,-2.146077394490000,0.000000000000000
-41.065902710000003,173.712997437000013,1.719116330150000,1.981916785240000,2.175101757050000,-2.145546913150000,0.000000000000000
-41.064941406199999,173.713424683000000,1.718828797340000,1.981644272800000,2.174804925920000,-2.145262956620000,0.000000000000000
-41.063667297400002,173.715240478999988,1.718842267990000,1.981618165970000,2.174789428710000,-2.145103454590000,0.000000000000000
-41.063838958700003,173.713943481000001,1.718812346460000,1.981628298760000,2.174779891970000,-2.145262002940000,0.000000000000000
-41.062305450399997,173.716049193999993,1.718905568120000,1.981757879260000,2.174947977070000,-2.145259380340000,0.000000000000000
-41.060688018800001,173.716476440000008,1.719069361690000,1.981903672220000,2.175105571750000,-2.145412445070000,0.000000000000000
-41.059242248499999,173.716995238999999,1.719224810600000,1.982096433640000,2.175324201580000,-2.145664930340000,0.000000000000000
-41.053054809599999,173.714920043999996,1.719562530520000,1.982617855070000,2.175905942920000,-2.146262645720000,0.000000000000000
-41.052745819099997,173.713592529000010,1.719573855400000,1.982598781590000,2.175874471660000,-2.146198034290000,0.000000000000000
-41.055030822799999,173.715896606000001,1.719515085220000,1.982503056530000,2.175773143770000,-2.146097898480000,0.000000000000000
-41.058063507100002,173.716125487999989,1.719293117520000,1.982218503950000,2.175456762310000,-2.145810127260000,0.000000000000000
-41.056846618700000,173.715530395999991,1.719264745710000,1.982221603390000,2.175462961200000,-2.145772933960000,0.000000000000000
-41.052116394000002,173.709442139000004,1.719168901440000,1.982170820240000,2.175411224370000,-2.145739078520000,0.000000000000000
-41.052494049099998,173.708450317000000,1.718919277190000,1.982006788250000,2.175256490710000,-2.145625352860000,0.000000000000000
-41.052688598600000,173.710388184000010,1.719158411030000,1.982218027110000,2.175476789470000,-2.145799875260000,0.000000000000000
-41.053081512500000,173.712417603000006,1.719331502910000,1.982362389560000,2.175627946850000,-2.145921468730000,0.000000000000000
-41.053211212199997,173.711303710999999,1.719199299810000,1.982206344600000,2.175453186040000,-2.145745992660000,0.000000000000000
-41.052700042700003,173.706848145000009,1.718493580820000,1.981465101240000,2.174707174300000,-2.144838809970000,0.000000000000000
-41.053096771200003,173.706100464000002,1.712612628940000,1.971741318700000,2.164154767990000,-2.120277404790000,0.000000000000000
-41.065132141100001,173.712371826000009,1.718663811680000,1.981481552120000,2.174636602400000,-2.145029783250000,0.000000000000000
-41.064048767099997,173.712753295999988,1.718668103220000,1.981413245200000,2.174558401110000,-2.144909381870000,0.000000000000000
-41.053134918200001,173.707687378000003,1.718833684920000,1.981877565380000,2.175119876860000,-2.145465612410000,0.000000000000000
-41.062530517600003,173.714431762999993,1.718791127200000,1.981591343880000,2.174747705460000,-2.145191907880000,0.000000000000000
-41.062866210899998,173.713134765999996,1.718627810480000,1.981416940690000,2.174582242970000,-2.144906044010000,0.000000000000000
-41.061019897500003,173.714889526000007,1.718880176540000,1.981722474100000,2.174901485440000,-2.145307302470000,0.000000000000000
-41.059444427499997,173.715454101999995,1.719010591510000,1.981895446780000,2.175092935560000,-2.145421981810000,0.000000000000000
-41.054355621299997,173.713577270999991,1.719304919240000,1.982301712040000,2.175551652910000,-2.145864963530000,0.000000000000000
-41.056320190400001,173.714141845999990,1.719243645670000,1.982190012930000,2.175428867340000,-2.145752429960000,0.000000000000000
-41.058010101299999,173.714614868000012,1.719085693360000,1.981982469560000,2.175198793410000,-2.145518302920000,0.000000000000000
-41.053218841600000,173.709396362000007,1.719060301780000,1.982117176060000,2.175368547440000,-2.145692586900000,0.000000000000000
-41.053524017299999,173.708511353000006,1.718778371810000,1.981809139250000,2.175054550170000,-2.145342826840000,0.000000000000000
-41.053905487100003,173.710449218999997,1.719074964520000,1.982071638110000,2.175305604930000,-2.145598888400000,0.000000000000000
-41.054317474400001,173.711791992000002,1.719194769860000,1.982225060460000,2.175479173660000,-2.145836114880000,0.000000000000000
-41.053413391100001,173.705291748000008,1.718285560610000,1.981348633770000,2.174574613570000,-2.144800901410000,0.000000000000000
-41.053665161100000,173.706909179999997,1.718508958820000,1.981508135800000,2.174716234210000,-2.144968748090000,0.000000000000000
-41.054096221899997,173.706039428999986,1.718302845950000,1.981290221210000,2.174488306050000,-2.144849538800000,0.000000000000000
-41.064327239999997,173.711654662999990,1.718690276150000,1.981473445890000,2.174621820450000,-2.145113945010000,0.000000000000000
-41.063175201400000,173.711990356000001,1.718560218810000,1.981353759770000,2.174479484560000,-2.145027875900000,0.000000000000000
-41.054191589399998,173.707855225000003,1.718762159350000,1.981784820560000,2.175001382830000,-2.145351409910000,0.000000000000000
-41.061492919899997,173.713363646999994,1.718723535540000,1.981541395190000,2.174705982210000,-2.145035505290000,0.000000000000000
-41.062107086200001,173.712326050000001,1.718738317490000,1.981536865230000,2.174690961840000,-2.145174503330000,0.000000000000000
-41.059650421100002,173.713577270999991,1.718931794170000,1.981781244280000,2.174974679950000,-2.145300149920000,0.000000000000000
-41.055934905999997,173.712326050000001,1.719073057170000,1.982021689410000,2.175248146060000,-2.145550012590000,0.000000000000000
-41.057739257800002,173.712905884000008,1.718935966490000,1.981868147850000,2.175072908400000,-2.145411729810000,0.000000000000000
-41.054580688500003,173.709152222000000,1.718842148780000,1.981837391850000,2.175063371660000,-2.145400285720000,0.000000000000000
-41.055423736599998,173.710647582999997,1.718910694120000,1.981880068780000,2.175098657610000,-2.145399570470000,0.000000000000000
-41.064693450900002,173.710601806999989,1.718395113950000,1.981157660480000,2.174285888670000,-2.144739866260000,0.000000000000000
-41.110115051299999,173.663528442000000,1.717404007910000,1.979800224300000,2.172784090040000,-2.142905235290000,0.000000000000000
-41.053657531699997,173.703491210999999,1.717224478720000,1.979649662970000,2.172726869580000,-2.140545845030000,0.000000000000000
-41.053634643599999,173.704406737999989,1.718172073360000,1.980537176130000,2.173680543900000,-2.142677068710000,0.000000000000000
-41.054428100599999,173.705093384000008,1.718423604970000,1.981380224230000,2.174547672270000,-2.144866466520000,0.000000000000000
-41.054771423299997,173.706909179999997,1.718654632570000,1.981654882430000,2.174868583680000,-2.145238637920000,0.000000000000000
-41.055194854699998,173.705902100000003,1.718312263490000,1.981292605400000,2.174477100370000,-2.144810914990000,0.000000000000000
-41.063476562500000,173.710861206000004,1.718524336810000,1.981271266940000,2.174411773680000,-2.144835472110000,0.000000000000000
-41.062225341800001,173.711242676000012,1.718453884120000,1.981232047080000,2.174381494520000,-2.144673824310000,0.000000000000000
-41.055473327599998,173.707962035999998,1.718502044680000,1.981452703480000,2.174645662310000,-2.144921064380000,0.000000000000000
-41.060779571499999,173.711868285999998,1.718596339230000,1.981435418130000,2.174588441850000,-2.145009040830000,0.000000000000000
-41.059055328399999,173.711883545000006,1.718764901160000,1.981621384620000,2.174801588060000,-2.145117044450000,0.000000000000000
-41.057460784900002,173.710891723999993,1.718782067300000,1.981688022610000,2.174882888790000,-2.145229101180000,0.000000000000000
-41.056331634499998,173.709243773999987,1.718729138370000,1.981704354290000,2.174911499020000,-2.145257234570000,0.000000000000000
-41.065189361599998,173.709594726999995,1.718861937520000,1.981649518010000,2.174797296520000,-2.145593881610000,0.000000000000000
-41.063907623299997,173.709701537999990,1.718366146090000,1.981072306630000,2.174189329150000,-2.144551515580000,0.000000000000000
-41.108718872099999,173.658828734999986,1.715139269830000,1.977305293080000,2.170076847080000,-2.136391401290000,0.000000000000000
-41.108886718800001,173.660095215000013,1.717419981960000,1.979797959330000,2.172757625580000,-2.143146514890000,0.000000000000000
-41.109607696499999,173.661087035999998,1.708174824710000,1.965766072270000,2.157478332520000,-2.109260320660000,0.000000000000000
-41.109371185299999,173.662063598999993,1.717505812640000,1.979877948760000,2.172853469850000,-2.143106937410000,0.000000000000000
-41.109260559100001,173.663040160999998,1.717044353490000,1.979392766950000,2.172310829160000,-2.142652750020000,0.000000000000000
-41.109249114999997,173.664031982000012,1.717361807820000,1.979784965520000,2.172755241390000,-2.142973184590000,0.000000000000000
-41.109294891399998,173.665023803999986,1.710645437240000,1.969540238380000,2.161667823790000,-2.117799043660000,0.000000000000000
-41.099254608199999,173.672912598000011,1.680329203610000,1.915270686150000,2.100314378740000,-2.002198934560000,0.000000000000000
-41.054302215600003,173.702850342000005,1.717999696730000,1.980968236920000,2.174122095110000,-2.144487380980000,0.000000000000000
-41.054710388200000,173.703964232999994,1.718109369280000,1.981038928030000,2.174198865890000,-2.144539594650000,0.000000000000000
-41.055526733400001,173.704910278000000,1.718342781070000,1.981301426890000,2.174472093580000,-2.144827127460000,0.000000000000000
-41.056007385299999,173.706802368000012,1.718413233760000,1.981357812880000,2.174530029300000,-2.144862174990000,0.000000000000000
-41.056327819800003,173.705703734999986,1.718280673030000,1.981182456020000,2.174340248110000,-2.144679307940000,0.000000000000000
-41.062526702900001,173.709976196000014,1.718430161480000,1.981257557870000,2.174381494520000,-2.144977808000000,0.000000000000000
-41.061286926299999,173.710433959999989,1.718573331830000,1.981339216230000,2.174482107160000,-2.144860267640000,0.000000000000000
-41.056961059599999,173.707824706999986,1.718580245970000,1.981498956680000,2.174674510960000,-2.145054101940000,0.000000000000000
-41.059650421100002,173.710220337000010,1.718573570250000,1.981430768970000,2.174593687060000,-2.144955396650000,0.000000000000000
-41.058090210000003,173.709014892999988,1.718486785890000,1.981359243390000,2.174521684650000,-2.144836664200000,0.000000000000000
-41.064575195300002,173.708450317000000,1.718024730680000,1.980793714520000,2.173901557920000,-2.144419431690000,0.000000000000000
-41.062995910600002,173.708679198999988,1.718355655670000,1.981108784680000,2.174240112300000,-2.144646406170000,0.000000000000000
-41.068675994899998,173.706329345999990,1.717495441440000,1.980291843410000,2.173332214360000,-2.143982887270000,0.000000000000000
-41.069156646700002,173.705215454000012,1.717861413960000,1.980525851250000,2.173599720000000,-2.143903493880000,0.000000000000000
-41.107875823999997,173.659454345999990,1.717254757880000,1.979589581490000,2.172515630720000,-2.142891645430000,0.000000000000000
-41.107604980500000,173.660476684999992,1.717274069790000,1.979667663570000,2.172631263730000,-2.142603635790000,0.000000000000000
-41.108501434300003,173.661331176999994,1.717018842700000,1.979305863380000,2.172201871870000,-2.142389774320000,0.000000000000000
-41.108345031699997,173.662460326999991,1.717195034030000,1.979566693310000,2.172511577610000,-2.142629146580000,0.000000000000000
-41.108306884800001,173.663528442000000,1.717238903050000,1.979668259620000,2.172598600390000,-2.143125534060000,0.000000000000000
-41.108341217000003,173.664581298999991,1.717041850090000,1.979255557060000,2.172170639040000,-2.142155170440000,0.000000000000000
-41.100975036599998,173.671920776000007,1.714645504950000,1.976634263990000,2.169386625290000,-2.135260581970000,0.000000000000000
-41.054855346700002,173.702117920000006,1.718071818350000,1.981051445010000,2.174209594730000,-2.144590139390000,0.000000000000000
-41.055423736599998,173.703033446999996,1.718035817150000,1.980962872510000,2.174106836320000,-2.144495010380000,0.000000000000000
-41.056007385299999,173.703994751000010,1.718057751660000,1.981006145480000,2.174162387850000,-2.144484281540000,0.000000000000000
-41.056495666499998,173.704803467000005,1.718116164210000,1.981033563610000,2.174177408220000,-2.144543647770000,0.000000000000000
-41.057323455800002,173.706497192000000,1.718323707580000,1.981242895130000,2.174406528470000,-2.144747018810000,0.000000000000000
-41.057418823200003,173.705276488999999,1.718165397640000,1.981085658070000,2.174236059190000,-2.144568681720000,0.000000000000000
-41.065750122099999,173.707717895999991,1.718253731730000,1.981220960620000,2.174380064010000,-2.145315170290000,0.000000000000000
-41.067291259800001,173.706268311000002,1.717478156090000,1.980060815810000,2.173098087310000,-2.143505811690000,0.000000000000000
-41.064762115500002,173.707244873000008,1.718116760250000,1.980773925780000,2.173869848250000,-2.144271612170000,0.000000000000000
-41.061252594000003,173.708892821999996,1.718182086940000,1.980977177620000,2.174106359480000,-2.144422292710000,0.000000000000000
-41.058536529500003,173.707443237000007,1.718222022060000,1.981095552440000,2.174246311190000,-2.144558191300000,0.000000000000000
-41.059612274199999,173.708480834999989,1.718441963200000,1.981298327450000,2.174448490140000,-2.144881963730000,0.000000000000000
-41.063537597699998,173.707443237000007,1.718037009240000,1.980830788610000,2.173934221270000,-2.144361972810000,0.000000000000000
-41.062171935999999,173.707641601999995,1.718141198160000,1.980878114700000,2.173976182940000,-2.144430875780000,0.000000000000000
-41.067996978799997,173.705200195000003,1.717738986020000,1.980399489400000,2.173446655270000,-2.143683433530000,0.000000000000000
-41.068744659399997,173.704223632999998,1.717367529870000,1.979984283450000,2.172984123230000,-2.143461227420000,0.000000000000000
-41.106658935500000,173.659515381000006,1.717085480690000,1.979524374010000,2.172424077990000,-2.143107414250000,0.000000000000000
-41.106513977100001,173.660720824999999,1.717029809950000,1.979265809060000,2.172178268430000,-2.142163991930000,0.000000000000000
-41.107192993200002,173.661788940000008,1.717253923420000,1.979720234870000,2.172657966610000,-2.143359422680000,0.000000000000000
-41.107444763200000,173.662963867000002,1.717053771020000,1.979289650920000,2.172207117080000,-2.142189025880000,0.000000000000000
-41.107517242400000,173.665252686000002,1.717201948170000,1.979544162750000,2.172486543660000,-2.142744779590000,0.000000000000000
-41.107189178500001,173.664093017999988,1.717193841930000,1.979621529580000,2.172566652300000,-2.143079280850000,0.000000000000000
-41.106864929200000,173.666015625000000,1.708676218990000,1.966634869580000,2.158450603490000,-2.111500740050000,0.000000000000000
-41.102046966600000,173.671493529999992,1.709446668620000,1.967870831490000,2.159826755520000,-2.114108324050000,0.000000000000000
-41.099651336699999,173.671401978000006,1.713848590850000,1.975551128390000,2.168203592300000,-2.132418870930000,0.000000000000000
-41.100379943800000,173.671386718999997,1.716980576520000,1.979546666150000,2.172508478160000,-2.143053531650000,0.000000000000000
-41.101196289100002,173.670883178999986,1.716814041140000,1.979102015500000,2.172018766400000,-2.142055034640000,0.000000000000000
-41.098743438699998,173.670883178999986,1.716941237450000,1.979440808300000,2.172394037250000,-2.142802476880000,0.000000000000000
-41.055343627900001,173.701385498000008,1.717659592630000,1.980586409570000,2.173724412920000,-2.144195556640000,0.000000000000000
-41.055995941200003,173.702163696000014,1.717752695080000,1.980637907980000,2.173760414120000,-2.144105434420000,0.000000000000000
-41.056674957299997,173.703094482000012,1.718007206920000,1.980919718740000,2.174053430560000,-2.144405126570000,0.000000000000000
-41.057205200200002,173.704162598000011,1.718104839320000,1.980959653850000,2.174088478090000,-2.144432306290000,0.000000000000000
-41.058689117400000,173.705947876000010,1.718179702760000,1.981020450590000,2.174147367480000,-2.144552230830000,0.000000000000000
-41.058456420900001,173.704574584999989,1.717997312550000,1.980873346330000,2.174002647400000,-2.144359350200000,0.000000000000000
-41.065776825000000,173.706405640000014,1.717388749120000,1.980091214180000,2.173138380050000,-2.143664598460000,0.000000000000000
-41.066612243700000,173.705108642999988,1.717672944070000,1.980327844620000,2.173369169240000,-2.143772363660000,0.000000000000000
-41.064167022699998,173.706222534000005,1.717831850050000,1.980575323100000,2.173664093020000,-2.144133806230000,0.000000000000000
-41.060531616200002,173.706863403000000,1.718186497690000,1.980994820590000,2.174116134640000,-2.144507408140000,0.000000000000000
-41.062549591100002,173.706359862999989,1.717882990840000,1.980624437330000,2.173725366590000,-2.144105196000000,0.000000000000000
-41.067501068100000,173.704040526999989,1.717497944830000,1.980130553250000,2.173156261440000,-2.143611431120000,0.000000000000000
-41.068473815899999,173.703109740999992,1.717665553090000,1.980260372160000,2.173293828960000,-2.143576145170000,0.000000000000000
-41.069541931200000,173.702438354000009,1.717460751530000,1.980163097380000,2.173185825350000,-2.143728494640000,0.000000000000000
-41.105369567899999,173.660217284999987,1.717312216760000,1.979746580120000,2.172702789310000,-2.143108367920000,0.000000000000000
-41.105739593499997,173.661575317000000,1.716890096660000,1.979228019710000,2.172132253650000,-2.142328023910000,0.000000000000000
-41.106193542500002,173.662994384999990,1.717142224310000,1.979399085040000,2.172325134280000,-2.142475128170000,0.000000000000000
-41.106475830100003,173.665069579999994,1.717063069340000,1.979343056680000,2.172259807590000,-2.142402172090000,0.000000000000000
-41.106052398700001,173.664184570000003,1.716919064520000,1.979251265530000,2.172165393830000,-2.142360210420000,0.000000000000000
-41.105857849099998,173.665939331000004,1.717034816740000,1.979440093040000,2.172379493710000,-2.142713785170000,0.000000000000000
-41.104145050000000,173.668731688999998,1.716969847680000,1.979429006580000,2.172401189800000,-2.142648696900000,0.000000000000000
-41.102489471399998,173.670120238999999,1.716799736020000,1.979262709620000,2.172212362290000,-2.142422199250000,0.000000000000000
-41.100109100300003,173.670486449999999,1.716719388960000,1.979066967960000,2.171986579900000,-2.142066717150000,0.000000000000000
-41.101173400900002,173.669891357000012,1.716906070710000,1.979370594020000,2.172313690190000,-2.142698049550000,0.000000000000000
-41.099311828600001,173.669799804999997,1.716783642770000,1.979136586190000,2.172056436540000,-2.142217159270000,0.000000000000000
-41.055110931400002,173.700149535999998,1.717190623280000,1.980144739150000,2.173271417620000,-2.143960714340000,0.000000000000000
-41.055217742899998,173.699417113999999,1.717088818550000,1.979920029640000,2.172995328900000,-2.143466472630000,0.000000000000000
-41.055713653600002,173.700622559000010,1.717445731160000,1.980369687080000,2.173495769500000,-2.143961429600000,0.000000000000000
-41.056430816700001,173.701248168999996,1.717749953270000,1.980667352680000,2.173788070680000,-2.144189834590000,0.000000000000000
-41.057243347200000,173.702072143999999,1.717808127400000,1.980703473090000,2.173831462860000,-2.144172430040000,0.000000000000000
-41.058174133300000,173.703170776000007,1.717727661130000,1.980605602260000,2.173718690870000,-2.144094467160000,0.000000000000000
-41.059879303000002,173.705017090000013,1.717818021770000,1.980631113050000,2.173738002780000,-2.144067764280000,0.000000000000000
-41.059371948200003,173.703842162999990,1.718000650410000,1.980825543400000,2.173935174940000,-2.144340038300000,0.000000000000000
-41.066062927200001,173.703796387000011,1.717184185980000,1.979768633840000,2.172766208650000,-2.143248081210000,0.000000000000000
-41.065044403100003,173.704971312999987,1.717763781550000,1.980426788330000,2.173487663270000,-2.143864154820000,0.000000000000000
-41.063331603999998,173.704925537000008,1.717568278310000,1.980258226390000,2.173309326170000,-2.143726825710000,0.000000000000000
-41.061550140400001,173.705078125000000,1.717850804330000,1.980667471890000,2.173768043520000,-2.144223213200000,0.000000000000000
-41.067123413099999,173.702758789000001,1.717412352560000,1.980063796040000,2.173070430760000,-2.143572568890000,0.000000000000000
-41.068370819099997,173.701751709000007,1.717409253120000,1.979910850520000,2.172913074490000,-2.143241167070000,0.000000000000000
-41.069133758500001,173.700561523000005,1.717345714570000,1.979994893070000,2.172986745830000,-2.143664836880000,0.000000000000000
-41.104442596399998,173.661224365000010,1.717013597490000,1.979384422300000,2.172296762470000,-2.142798423770000,0.000000000000000
-41.104721069299998,173.662536620999987,1.716915607450000,1.979312062260000,2.172246932980000,-2.142484664920000,0.000000000000000
-41.105022430399998,173.663833618000012,1.716966390610000,1.979348659520000,2.172264099120000,-2.142669916150000,0.000000000000000
-41.105377197300001,173.664962768999999,1.717027068140000,1.979430794720000,2.172379255290000,-2.142731666560000,0.000000000000000
-41.104724883999999,173.665908812999987,1.716841220860000,1.979170084000000,2.172079801560000,-2.142286539080000,0.000000000000000
-41.103019714399998,173.668823242000002,1.716793298720000,1.979232192040000,2.172166824340000,-2.142369985580000,0.000000000000000
-41.104202270499997,173.666931151999989,1.716902852060000,1.979364275930000,2.172325611110000,-2.142472267150000,0.000000000000000
-41.103645324699997,173.667877196999996,1.716643452640000,1.978938579560000,2.171830892560000,-2.141909599300000,0.000000000000000
-41.101757049600003,173.668914795000006,1.716683149340000,1.978949546810000,2.171847581860000,-2.141889095310000,0.000000000000000
-41.100318908699997,173.669082642000006,1.716812014580000,1.979197859760000,2.172138214110000,-2.142334461210000,0.000000000000000
-41.099075317400001,173.668869018999999,1.716682553290000,1.979102134700000,2.172023534770000,-2.142369985580000,0.000000000000000
-41.055156707800002,173.698669434000010,1.714042782780000,1.975707292560000,2.168444633480000,-2.131578922270000,0.000000000000000
-41.055908203100003,173.699783324999999,1.717542409900000,1.980447888370000,2.173560619350000,-2.143978834150000,0.000000000000000
-41.055927276600002,173.698944092000005,1.717246890070000,1.980138063430000,2.173229694370000,-2.143432140350000,0.000000000000000
-41.056694030800003,173.700286865000010,1.717443823810000,1.980306148530000,2.173409223560000,-2.143747329710000,0.000000000000000
-41.057590484599999,173.700942993000012,1.717450737950000,1.980315804480000,2.173408746720000,-2.143788337710000,0.000000000000000
-41.058593750000000,173.701782226999995,1.717719078060000,1.980535149570000,2.173622846600000,-2.144011259080000,0.000000000000000
-41.059677123999997,173.702713012999993,1.717590093610000,1.980412125590000,2.173506259920000,-2.143838644030000,0.000000000000000
-41.060676574699997,173.703765868999994,1.717708587650000,1.980488061900000,2.173573255540000,-2.143989324570000,0.000000000000000
-41.065765380899997,173.702560425000001,1.717395186420000,1.979958415030000,2.172975540160000,-2.143376588820000,0.000000000000000
-41.064323425300003,173.703338623000008,1.717362880710000,1.980081439020000,2.173123836520000,-2.143707990650000,0.000000000000000
-41.062347412100003,173.703567504999995,1.717631697650000,1.980322122570000,2.173383474350000,-2.143768072130000,0.000000000000000
-41.066562652599998,173.701324462999992,1.717068433760000,1.979674458500000,2.172657728200000,-2.143313169480000,0.000000000000000
-41.067840576199998,173.700561523000005,1.717442750930000,1.980010271070000,2.173014163970000,-2.143327236180000,0.000000000000000
-41.068370819099997,173.699569701999991,1.717504739760000,1.980049252510000,2.173061370850000,-2.143466472630000,0.000000000000000
-41.103275299099998,173.662063598999993,1.716788172720000,1.979093313220000,2.172009229660000,-2.142139673230000,0.000000000000000
-41.103664398200003,173.663513184000010,1.716740846630000,1.979028820990000,2.171935558320000,-2.142177104950000,0.000000000000000
-41.104125976600002,173.664810181000007,1.716850161550000,1.979129076000000,2.172048091890000,-2.142110586170000,0.000000000000000
-41.103450775100001,173.665969848999993,1.716756343840000,1.979155778880000,2.172074317930000,-2.142448902130000,0.000000000000000
-41.102439880399999,173.667800903000000,1.716891527180000,1.979353427890000,2.172305107120000,-2.142683029170000,0.000000000000000
-41.103145599400001,173.667007446000014,1.716777801510000,1.979132175450000,2.172046184540000,-2.142285346980000,0.000000000000000
-41.101093292199998,173.667785645000009,1.716680169110000,1.979019284250000,2.171929121020000,-2.142131805420000,0.000000000000000
-41.099716186499997,173.667846679999997,1.716617584230000,1.979001641270000,2.171922683720000,-2.142054319380000,0.000000000000000
-41.098575592000003,173.667984009000008,1.716519474980000,1.978911042210000,2.171860218050000,-2.141880989070000,0.000000000000000
-41.055816650399997,173.698089600000003,1.717379450800000,1.980319023130000,2.173404693600000,-2.143835067750000,0.000000000000000
-41.055564880399999,173.697372437000013,1.710125088690000,1.968402981760000,2.160468816760000,-2.114295959470000,0.000000000000000
-41.056774139399998,173.699310303000004,1.717162847520000,1.980070114140000,2.173141717910000,-2.143617868420000,0.000000000000000
-41.056694030800003,173.698348998999990,1.717464089390000,1.980297088620000,2.173376560210000,-2.143775463100000,0.000000000000000
-41.057743072500003,173.699813842999987,1.717540740970000,1.980397105220000,2.173490285870000,-2.143882989880000,0.000000000000000
-41.058837890600003,173.700485229000009,1.717258811000000,1.980137705800000,2.173221588130000,-2.143574237820000,0.000000000000000
-41.060028076199998,173.701324462999992,1.717528104780000,1.980312824250000,2.173389673230000,-2.143791913990000,0.000000000000000
-41.061222076400000,173.702362061000002,1.717433571820000,1.980230093000000,2.173292398450000,-2.143760681150000,0.000000000000000
-41.064754486100000,173.701614379999995,1.717127919200000,1.979721188550000,2.172712326050000,-2.143207550050000,0.000000000000000
-41.062973022500003,173.701965331999986,1.717285513880000,1.979984760280000,2.173028230670000,-2.143446207050000,0.000000000000000
-41.065338134800001,173.700332642000006,1.717013239860000,1.979628801350000,2.172637224200000,-2.143111944200000,0.000000000000000
-41.066753387500000,173.699630737000007,1.716968536380000,1.979487776760000,2.172446012500000,-2.143059968950000,0.000000000000000
-41.067764282200002,173.698501587000010,1.716603755950000,1.979301214220000,2.172279834750000,-2.142923116680000,0.000000000000000
-41.090900421100002,173.627197265999996,1.706326484680000,1.965656161310000,2.157597541810000,-2.113001346590000,0.000000000000000
-41.102325439500000,173.661178589000002,1.716943383220000,1.979259133340000,2.172187328340000,-2.142718553540000,0.000000000000000
-41.102096557599999,173.662094115999992,1.716470360760000,1.978732347490000,2.171631336210000,-2.141836404800000,0.000000000000000
-41.102321624799998,173.663116454999994,1.716697454450000,1.978986978530000,2.171892881390000,-2.142121076580000,0.000000000000000
-41.102512359599999,173.664703368999994,1.716730475430000,1.979141950610000,2.172070026400000,-2.142367839810000,0.000000000000000
-41.101982116700000,173.666442870999987,1.716678738590000,1.978907227520000,2.171812295910000,-2.141803026200000,0.000000000000000
-41.100349426299999,173.666595459000007,1.716607928280000,1.978989601140000,2.171905994420000,-2.142202615740000,0.000000000000000
-41.098884582499998,173.666778563999998,1.716470718380000,1.978785276410000,2.171682834630000,-2.141806364060000,0.000000000000000
-41.097965240500002,173.667343140000014,1.716721415520000,1.979301333430000,2.172263860700000,-2.142943143840000,0.000000000000000
-41.056503295900001,173.697265625000000,1.716522812840000,1.979441761970000,2.172494173050000,-2.142834186550000,0.000000000000000
-41.056648254400002,173.696273803999986,1.716653704640000,1.979701280590000,2.172792196270000,-2.143640756610000,0.000000000000000
-41.057689666700000,173.698715209999989,1.716982483860000,1.979851365090000,2.172915220260000,-2.143226146700000,0.000000000000000
-41.057456970200001,173.697753906000003,1.717362523080000,1.980204224590000,2.173270940780000,-2.143704175950000,0.000000000000000
-41.058872222900000,173.699157715000013,1.717324256900000,1.980086326600000,2.173134803770000,-2.143536329270000,0.000000000000000
-41.060211181600003,173.699844359999986,1.717162251470000,1.979948759080000,2.172996759410000,-2.143396139140000,0.000000000000000
-41.061626434300003,173.700790404999992,1.717247009280000,1.979963779450000,2.173003196720000,-2.143409490590000,0.000000000000000
-41.063560485799997,173.700149535999998,1.717048764230000,1.979720473290000,2.172731161120000,-2.143299579620000,0.000000000000000
-41.065055847200000,173.698989868000012,1.716814160350000,1.979410767560000,2.172381401060000,-2.142898321150000,0.000000000000000
-41.066356658899998,173.698120117000002,1.716747879980000,1.979421377180000,2.172413825990000,-2.142882108690000,0.000000000000000
-41.068607330299997,173.697723389000004,1.715730190280000,1.978719830510000,2.171747207640000,-2.142854928970000,0.000000000000000
-41.067455291700000,173.697357178000004,1.716748714450000,1.979333639140000,2.172294616700000,-2.142788410190000,0.000000000000000
-41.090431213400002,173.627517699999999,1.710023880000000,1.970510363580000,2.162559270860000,-2.124274492260000,0.000000000000000
-41.090961456300001,173.627792357999994,1.713720679280000,1.975289225580000,2.167725801470000,-2.139186620710000,0.000000000000000
-41.093307495099999,173.628417968999997,1.713054180150000,1.974954009060000,2.167545080180000,-2.135040998460000,0.000000000000000
-41.093734741200002,173.628845215000013,1.709829449650000,1.969747304920000,2.161902904510000,-2.121799945830000,0.000000000000000
-41.091575622599997,173.628036498999990,1.713559985160000,1.976358652110000,2.169130086900000,-2.139437675480000,0.000000000000000
-41.092178344700002,173.628280640000014,1.714375734330000,1.976161956790000,2.168728351590000,-2.139310121540000,0.000000000000000
-41.101333618200002,173.661514282000013,1.716354012490000,1.978617429730000,2.171495199200000,-2.141535043720000,0.000000000000000
-41.101226806600003,173.662567139000004,1.716615438460000,1.978959321980000,2.171860218050000,-2.142212390900000,0.000000000000000
-41.101158142099997,173.663818359000004,1.716370821000000,1.978609681130000,2.171499252320000,-2.141515016560000,0.000000000000000
-41.100898742699997,173.665222168000014,1.716531753540000,1.978891491890000,2.171789884570000,-2.142075538640000,0.000000000000000
-41.099514007600000,173.665527343999997,1.716394186020000,1.978713274000000,2.171619176860000,-2.141610383990000,0.000000000000000
-41.098445892299999,173.665695190000008,1.716382622720000,1.978835582730000,2.171749114990000,-2.142086982730000,0.000000000000000
-41.097618103000002,173.666397095000008,1.714651703830000,1.976813793180000,2.169635534290000,-2.136806011200000,0.000000000000000
-41.057193756099998,173.695602417000003,1.716643214230000,1.979597210880000,2.172642946240000,-2.143148899080000,0.000000000000000
-41.057785034200002,173.696624756000006,1.716446280480000,1.979443073270000,2.172520875930000,-2.142981052400000,0.000000000000000
-41.058601379400002,173.697845459000007,1.716894984250000,1.979794263840000,2.172861099240000,-2.143261671070000,0.000000000000000
-41.060138702400003,173.698272704999994,1.716965436940000,1.979773283000000,2.172826051710000,-2.143205881120000,0.000000000000000
-41.061771392799997,173.699081420999988,1.717001199720000,1.979751229290000,2.172779798510000,-2.143181085590000,0.000000000000000
-41.063407897899999,173.698242187999995,1.716771006580000,1.979437708850000,2.172440767290000,-2.142820596690000,0.000000000000000
-41.064903259300003,173.697463988999999,1.716583132740000,1.979247689250000,2.172228336330000,-2.142804622650000,0.000000000000000
-41.066215515099998,173.696792603000006,1.716330647470000,1.978905558590000,2.171849727630000,-2.142357349400000,0.000000000000000
-41.069393157999997,173.696334839000002,1.715949773790000,1.978760361670000,2.171697855000000,-2.142574787140000,0.000000000000000
-41.068443298299997,173.696746826000009,1.716138720510000,1.978883981700000,2.171821594240000,-2.142444372180000,0.000000000000000
-41.067356109599999,173.696212768999999,1.716161966320000,1.979117274280000,2.172108411790000,-2.142840862270000,0.000000000000000
-41.069633483899999,173.695495604999991,1.707894086840000,1.965806365010000,2.157604217530000,-2.110426902770000,0.000000000000000
-41.072944641100001,173.690994262999993,1.714991331100000,1.977323412900000,2.170104026790000,-2.140224218370000,0.000000000000000
-41.072181701700003,173.691284179999997,1.714849233630000,1.977321147920000,2.170117855070000,-2.140537261960000,0.000000000000000
-41.071727752699999,173.692047118999994,1.715268850330000,1.977676749230000,2.170502424240000,-2.140706300740000,0.000000000000000
-41.057361602800000,173.692810059000010,1.716218948360000,1.979172825810000,2.172235250470000,-2.142551898960000,0.000000000000000
-41.089015960700003,173.627807617000002,1.704907298090000,1.961851358410000,2.153018474580000,-2.103929281230000,0.000000000000000
-41.090343475300003,173.628128051999994,1.714176058770000,1.976598024370000,2.169229030610000,-2.140964984890000,0.000000000000000
-41.091026306200000,173.628417968999997,1.713902592660000,1.976530432700000,2.169287204740000,-2.138974905010000,0.000000000000000
-41.092697143599999,173.628616332999997,1.713864088060000,1.976288676260000,2.169025182720000,-2.138509750370000,0.000000000000000
-41.093154907200002,173.629013062000013,1.714218854900000,1.976258158680000,2.168910503390000,-2.139262199400000,0.000000000000000
-41.094127655000001,173.629333495999987,1.710279345510000,1.971024870870000,2.163299560550000,-2.124660730360000,0.000000000000000
-41.093559265099998,173.629318237000007,1.714215159420000,1.976296424870000,2.168958425520000,-2.139025449750000,0.000000000000000
-41.091644287100003,173.628646851000013,1.714320898060000,1.976001858710000,2.168599605560000,-2.138794183730000,0.000000000000000
-41.092166900599999,173.628829956000004,1.713937044140000,1.976529836650000,2.169272661210000,-2.139277219770000,0.000000000000000
-41.094287872300001,173.629913329999994,1.714149832730000,1.976288318630000,2.168956756590000,-2.138563156130000,0.000000000000000
-41.100547790500002,173.660858154000010,1.716682076450000,1.978982687000000,2.171879053120000,-2.142443656920000,0.000000000000000
-41.100330352800000,173.661849976000013,1.716283798220000,1.978594422340000,2.171479463580000,-2.141521215440000,0.000000000000000
-41.100116729699998,173.663009643999999,1.716300249100000,1.978598356250000,2.171477556230000,-2.141700267790000,0.000000000000000
-41.099872589100002,173.664260863999999,1.716508507730000,1.978858351710000,2.171752929690000,-2.142005205150000,0.000000000000000
-41.098640441900002,173.664627074999999,1.716037988660000,1.978369593620000,2.171244382860000,-2.141357421880000,0.000000000000000
-41.097576141399998,173.665161132999998,1.716182708740000,1.978599667550000,2.171492815020000,-2.141497612000000,0.000000000000000
-41.096675872799999,173.665771484000004,1.706244945530000,1.963419318200000,2.154916524890000,-2.105386734010000,0.000000000000000
-41.073398590099998,173.690307617000002,1.715041518210000,1.977552175520000,2.170378208160000,-2.140898466110000,0.000000000000000
-41.057933807399998,173.693771362000007,1.715928435330000,1.978877544400000,2.171938657760000,-2.142641782760000,0.000000000000000
-41.058425903299998,173.695129395000009,1.716525197030000,1.979478120800000,2.172506332400000,-2.142879009250000,0.000000000000000
-41.059677123999997,173.696533203000001,1.716721057890000,1.979535222050000,2.172554731370000,-2.142884016040000,0.000000000000000
-41.061687469500001,173.697158812999987,1.716694712640000,1.979380011560000,2.172370910640000,-2.142858266830000,0.000000000000000
-41.063465118400003,173.696609496999997,1.716569662090000,1.979264736180000,2.172244548800000,-2.142651081090000,0.000000000000000
-41.064933776899998,173.696014404000010,1.716447234150000,1.979112386700000,2.172071933750000,-2.142497062680000,0.000000000000000
-41.066272735600002,173.695556640999996,1.716501355170000,1.979116678240000,2.172055006030000,-2.142455101010000,0.000000000000000
-41.068443298299997,173.695602417000003,1.716119766240000,1.978763699530000,2.171709537510000,-2.142418861390000,0.000000000000000
-41.067321777300002,173.695266723999993,1.716041684150000,1.978884339330000,2.171819210050000,-2.142424821850000,0.000000000000000
-41.069049835199998,173.694671631000006,1.708254218100000,1.966490030290000,2.158344745640000,-2.112656831740000,0.000000000000000
-41.069595336900001,173.694046020999991,1.710932135580000,1.970909595490000,2.163244962690000,-2.123138666150000,0.000000000000000
-41.072483062700002,173.690261840999995,1.714987158780000,1.977350354190000,2.170129299160000,-2.140281677250000,0.000000000000000
-41.071628570599998,173.690460204999994,1.714981913570000,1.977441787720000,2.170241355900000,-2.140592575070000,0.000000000000000
-41.071029663099999,173.691284179999997,1.715062260630000,1.977467775340000,2.170267581940000,-2.140435695650000,0.000000000000000
-41.057727813699998,173.691909790000011,1.714868426320000,1.977654814720000,2.170626640320000,-2.140750169750000,0.000000000000000
-41.058567047099999,173.692733765000014,1.715420126910000,1.978317976000000,2.171363592150000,-2.141815423970000,0.000000000000000
-41.056922912600001,173.691284179999997,1.714781761170000,1.977708816530000,2.170744895940000,-2.141207933430000,0.000000000000000
-41.087841033899998,173.628997803000004,1.714329838750000,1.976257801060000,2.168884277340000,-2.139037132260000,0.000000000000000
-41.088581085199998,173.629028320000003,1.714409112930000,1.976444840430000,2.169103384020000,-2.139161109920000,0.000000000000000
-41.089439392099997,173.628616332999997,1.714077830310000,1.975828170780000,2.168395996090000,-2.138296365740000,0.000000000000000
-41.090473175000000,173.628890990999992,1.713706731800000,1.975564837460000,2.168188095090000,-2.137486219410000,0.000000000000000
-41.091159820599998,173.628982543999996,1.713985919950000,1.976010918620000,2.168560504910000,-2.139761686330000,0.000000000000000
-41.092548370400003,173.629226684999992,1.714443564410000,1.976279258730000,2.168873786930000,-2.139477729800000,0.000000000000000
-41.093086242699997,173.629608154000010,1.714003086090000,1.976493477820000,2.169240951540000,-2.138801574710000,0.000000000000000
-41.093685150100001,173.629821776999989,1.714378595350000,1.976247787480000,2.168870925900000,-2.139282464980000,0.000000000000000
-41.091766357399997,173.629364014000004,1.713874697690000,1.976281166080000,2.169004201890000,-2.138591289520000,0.000000000000000
-41.094581603999998,173.630416870000005,1.707453608510000,1.965729355810000,2.157467126850000,-2.112874031070000,0.000000000000000
-41.095035553000002,173.630798340000013,1.714307069780000,1.976678729060000,2.169397115710000,-2.139745712280000,0.000000000000000
-41.093910217299999,173.630447387999993,1.714207172390000,1.976496696470000,2.169199466710000,-2.139143228530000,0.000000000000000
-41.099540710399999,173.661056518999999,1.715950250630000,1.978349208830000,2.171223163600000,-2.141370058060000,0.000000000000000
-41.099212646500000,173.662155151000007,1.716202616690000,1.978497385980000,2.171368360520000,-2.141595125200000,0.000000000000000
-41.098899841300003,173.663375854000009,1.716117978100000,1.978498816490000,2.171389341350000,-2.141437768940000,0.000000000000000
-41.098873138400002,173.660034179999997,1.716167211530000,1.978429198270000,2.171296119690000,-2.141668081280000,0.000000000000000
-41.097545623800002,173.663772582999997,1.716170549390000,1.978540897370000,2.171416759490000,-2.141663074490000,0.000000000000000
-41.096527099600003,173.664672851999995,1.715501666070000,1.978072047230000,2.170962810520000,-2.140956401820000,0.000000000000000
-41.073455810500000,173.688003540000011,1.715034008030000,1.977520227430000,2.170327901840000,-2.140881538390000,0.000000000000000
-41.073047637899997,173.689193726000013,1.714903354640000,1.977312326430000,2.170105218890000,-2.140401363370000,0.000000000000000
-41.059440612800003,173.693847656000003,1.716034650800000,1.978947162630000,2.171965837480000,-2.142173051830000,0.000000000000000
-41.060047149699997,173.695022582999997,1.716176152230000,1.979053258900000,2.172064542770000,-2.142532110210000,0.000000000000000
-41.062282562299998,173.695678710999999,1.716319441800000,1.979168891910000,2.172176122670000,-2.142624616620000,0.000000000000000
-41.061065673800002,173.695663451999991,1.716350674630000,1.979236125950000,2.172249555590000,-2.142547845840000,0.000000000000000
-41.063575744600001,173.695068359000004,1.716095089910000,1.978789567950000,2.171741724010000,-2.142117023470000,0.000000000000000
-41.065181732200003,173.694641112999989,1.715958952900000,1.978803873060000,2.171769857410000,-2.142324686050000,0.000000000000000
-41.066623687700002,173.694427490000010,1.715603947640000,1.978498935700000,2.171485900880000,-2.141895055770000,0.000000000000000
-41.067905426000003,173.694488524999997,1.715873003010000,1.978832244870000,2.171785354610000,-2.142441272740000,0.000000000000000
-41.069820404100000,173.693099976000013,1.707162380220000,1.965106606480000,2.156859397890000,-2.110111713410000,0.000000000000000
-41.068683624300000,173.693634032999995,1.715482234950000,1.978313922880000,2.171290874480000,-2.141819477080000,0.000000000000000
-41.069881439200003,173.691787720000008,1.715180039410000,1.977788686750000,2.170637130740000,-2.140977859500000,0.000000000000000
-41.071704864499999,173.689346312999987,1.714905500410000,1.977309107780000,2.170094966890000,-2.140414476390000,0.000000000000000
-41.070747375499998,173.690093993999994,1.714865446090000,1.977335333820000,2.170131206510000,-2.140434026720000,0.000000000000000
-41.070053100599999,173.690750121999997,1.714808583260000,1.977289438250000,2.170089006420000,-2.140411376950000,0.000000000000000
-41.057926178000002,173.690994262999993,1.715391039850000,1.978296875950000,2.171306610110000,-2.141884326930000,0.000000000000000
-41.058906555199997,173.691589354999991,1.715561389920000,1.978419303890000,2.171396732330000,-2.141769409180000,0.000000000000000
-41.060039520300002,173.692489623999990,1.715769052510000,1.978652000430000,2.171634435650000,-2.142131328580000,0.000000000000000
-41.057090759300003,173.690460204999994,1.714800477030000,1.977542042730000,2.170474767680000,-2.141029357910000,0.000000000000000
-41.056320190400001,173.690032959000007,1.714606642720000,1.977501153950000,2.170447826390000,-2.141318082810000,0.000000000000000
-41.087417602499997,173.629699706999986,1.714384436610000,1.976482510570000,2.169175863270000,-2.139412879940000,0.000000000000000
-41.087005615199999,173.630325317000000,1.714180469510000,1.976085901260000,2.168695449830000,-2.138810396190000,0.000000000000000
-41.088222503700003,173.629714965999995,1.714267849920000,1.976177334790000,2.168798923490000,-2.138933897020000,0.000000000000000
-41.089065551799997,173.629608154000010,1.714434742930000,1.976537823680000,2.169254302980000,-2.139522790910000,0.000000000000000
-41.089973449699997,173.629592895999991,1.714002132420000,1.976321458820000,2.168992519380000,-2.139374494550000,0.000000000000000
-41.090892791700000,173.629608154000010,1.714292883870000,1.976420879360000,2.169092655180000,-2.139366626740000,0.000000000000000
-41.092411041299997,173.629959106000001,1.714196205140000,1.976283907890000,2.168945074080000,-2.139291524890000,0.000000000000000
-41.093147277800000,173.630325317000000,1.714279413220000,1.976307988170000,2.168957471850000,-2.139109373090000,0.000000000000000
-41.091541290300000,173.630264282000013,1.714211225510000,1.976187825200000,2.168822288510000,-2.139095544820000,0.000000000000000
-41.094337463400002,173.631134032999995,1.714320421220000,1.976372003560000,2.169026613240000,-2.139182329180000,0.000000000000000
-41.093421935999999,173.631103515999996,1.714220523830000,1.976311564450000,2.168971538540000,-2.139128685000000,0.000000000000000
-41.098083496100003,173.659408568999993,1.715785980220000,1.978062510490000,2.170931577680000,-2.140980243680000,0.000000000000000
-41.098396301299999,173.661209106000001,1.715952873230000,1.978312730790000,2.171172618870000,-2.141227483750000,0.000000000000000
-41.097999572799999,173.662414551000012,1.715751409530000,1.978160262110000,2.171018838880000,-2.141101837160000,0.000000000000000
-41.097724914600001,173.660217284999987,1.715360403060000,1.977758407590000,2.170586347580000,-2.140636920930000,0.000000000000000
-41.096931457499998,173.662658690999990,1.715669512750000,1.978060841560000,2.170914888380000,-2.140876531600000,0.000000000000000
-41.093879699699997,173.664535521999994,1.715388774870000,1.978016972540000,2.170905351640000,-2.141252040860000,0.000000000000000
-41.096237182599999,173.663497925000001,1.715581774710000,1.978071689610000,2.170943021770000,-2.141054868700000,0.000000000000000
-41.095485687299998,173.664337157999995,1.715667963030000,1.978072166440000,2.170921802520000,-2.140925884250000,0.000000000000000
-41.094642639200003,173.664123534999987,1.715184926990000,1.977659702300000,2.170532703400000,-2.140392303470000,0.000000000000000
-41.073478698700001,173.685226440000008,1.712000846860000,1.973545312880000,2.166033267970000,-2.130787134170000,0.000000000000000
-41.073059082000000,173.686141967999987,1.714723825450000,1.977145910260000,2.169912099840000,-2.140475034710000,0.000000000000000
-41.072696685799997,173.687103271000012,1.714749455450000,1.977152943610000,2.169925212860000,-2.140207290650000,0.000000000000000
-41.072292327900001,173.688201904000010,1.714899301530000,1.977307796480000,2.170084953310000,-2.140440940860000,0.000000000000000
-41.072616577100000,173.685485840000013,1.714298367500000,1.976699113850000,2.169439077380000,-2.139663219450000,0.000000000000000
-41.061626434300003,173.693939209000007,1.715991497040000,1.978865385060000,2.171842098240000,-2.142293930050000,0.000000000000000
-41.061370849600003,173.692062378000003,1.715541839600000,1.978324055670000,2.171281576160000,-2.141670703890000,0.000000000000000
-41.063957214399998,173.693496704000012,1.715896487240000,1.978659987450000,2.171607017520000,-2.141953468320000,0.000000000000000
-41.065734863300001,173.693298340000013,1.715611100200000,1.978446722030000,2.171377658840000,-2.141716718670000,0.000000000000000
-41.067321777300002,173.693328857000012,1.715591907500000,1.978376150130000,2.171286344530000,-2.141773700710000,0.000000000000000
-41.068405151400000,173.692184448000006,1.715100526810000,1.977836012840000,2.170701265340000,-2.141123533250000,0.000000000000000
-41.068996429400002,173.690811157000013,1.714963197710000,1.977481007580000,2.170292615890000,-2.140633583070000,0.000000000000000
-41.071277618400003,173.688278198000006,1.714795947070000,1.977218389510000,2.169998884200000,-2.140348434450000,0.000000000000000
-41.070453643800001,173.688934326000009,1.714837074280000,1.977216482160000,2.169993638990000,-2.140328407290000,0.000000000000000
-41.069622039800002,173.689788818000011,1.715007305150000,1.977522134780000,2.170337915420000,-2.140698909760000,0.000000000000000
-41.074211120599998,173.682037353999988,1.710246562960000,1.970581054690000,2.162834882740000,-2.122965335850000,0.000000000000000
-41.076549530000001,173.676025390999996,1.713511586190000,1.975896000860000,2.168554306030000,-2.138907432560000,0.000000000000000
-41.076190948499999,173.677383423000009,1.713678598400000,1.976257443430000,2.168962478640000,-2.139436244960000,0.000000000000000
-41.058868408199999,173.690612793000014,1.715080261230000,1.977874755860000,2.170825481410000,-2.141443014140000,0.000000000000000
-41.058052062999998,173.690063476999995,1.714844226840000,1.977672219280000,2.170617818830000,-2.140728950500000,0.000000000000000
-41.060317993200002,173.690765381000006,1.715323328970000,1.978083014490000,2.171019315720000,-2.141410827640000,0.000000000000000
-41.057167053199997,173.689590454000012,1.714723110200000,1.977646112440000,2.170600891110000,-2.141607999800000,0.000000000000000
-41.055873870799999,173.688827515000014,1.712795495990000,1.975587129590000,2.168375492100000,-2.139532566070000,0.000000000000000
-41.055145263699998,173.688735962000010,1.711142420770000,1.972556352620000,2.165071010590000,-2.129683256150000,0.000000000000000
-41.086563110400000,173.630859375000000,1.714412093160000,1.976395726200000,2.169070959090000,-2.139475107190000,0.000000000000000
-41.087764739999997,173.630447387999993,1.714269399640000,1.976249337200000,2.168899536130000,-2.139074802400000,0.000000000000000
-41.087238311800000,173.630935668999996,1.714205145840000,1.976215243340000,2.168829679490000,-2.139044284820000,0.000000000000000
-41.088665008500001,173.630462646000012,1.714249610900000,1.976213216780000,2.168836355210000,-2.138904571530000,0.000000000000000
-41.089511871299997,173.630279540999993,1.713955998420000,1.975950598720000,2.168577194210000,-2.138341426850000,0.000000000000000
-41.090450286900001,173.630554198999988,1.713983416560000,1.976042151450000,2.168698072430000,-2.138687849040000,0.000000000000000
-41.092380523700001,173.630981445000003,1.714210152630000,1.976400852200000,2.169097185130000,-2.138985157010000,0.000000000000000
-41.091342926000003,173.631149292000003,1.714112401010000,1.976325154300000,2.169005632400000,-2.139131069180000,0.000000000000000
-41.093807220499997,173.631896973000011,1.714246988300000,1.976457595830000,2.169152498250000,-2.139211177830000,0.000000000000000
-41.094375610400000,173.632583618000012,1.714301824570000,1.976441025730000,2.169118881230000,-2.139496564870000,0.000000000000000
-41.092941284200002,173.631820678999986,1.714285254480000,1.976372361180000,2.169031143190000,-2.139249563220000,0.000000000000000
-41.095222473100002,173.635681151999989,1.714127659800000,1.976487755780000,2.169204235080000,-2.139414787290000,0.000000000000000
-41.097259521500000,173.659271240000010,1.715844273570000,1.978207468990000,2.171035528180000,-2.141419172290000,0.000000000000000
-41.097019195599998,173.661346436000002,1.715792059900000,1.978170990940000,2.171028852460000,-2.141279220580000,0.000000000000000
-41.096721649199999,173.660079956000004,1.715440511700000,1.977794647220000,2.170611858370000,-2.140566110610000,0.000000000000000
-41.095851898200003,173.662246704000012,1.715382099150000,1.977820515630000,2.170653104780000,-2.140671253200000,0.000000000000000
-41.094001769999998,173.663467407000013,1.715179920200000,1.977626085280000,2.170435428620000,-2.140569210050000,0.000000000000000
-41.095092773399998,173.663299561000002,1.715458273890000,1.977972030640000,2.170827388760000,-2.140988588330000,0.000000000000000
-41.092857360799997,173.662887573000006,1.714917421340000,1.977526664730000,2.170366525650000,-2.140596151350000,0.000000000000000
-41.091850280800003,173.662673949999999,1.714702010150000,1.976898670200000,2.169667482380000,-2.139195680620000,0.000000000000000
-41.073055267299999,173.683471679999997,1.713876724240000,1.976474046710000,2.169213533400000,-2.139703035350000,0.000000000000000
-41.072708129900001,173.684600829999994,1.714535951610000,1.977050900460000,2.169797420500000,-2.140626907350000,0.000000000000000
-41.072074890099998,173.686233520999991,1.714771389960000,1.977233290670000,2.170000553130000,-2.140636205670000,0.000000000000000
-41.071575164800002,173.687271118000012,1.714737772940000,1.977126240730000,2.169888496400000,-2.140319824220000,0.000000000000000
-41.071758270300002,173.685211181999989,1.714477419850000,1.976956844330000,2.169712543490000,-2.140184402470000,0.000000000000000
-41.062877655000001,173.692108154000010,1.715456485750000,1.978328824040000,2.171269416810000,-2.141665220260000,0.000000000000000
-41.061996460000003,173.690979004000013,1.715390205380000,1.978218793870000,2.171144247060000,-2.141645908360000,0.000000000000000
-41.064746856699998,173.691909790000011,1.715328574180000,1.978141307830000,2.171060562130000,-2.141516208650000,0.000000000000000
-41.066585540799998,173.691955565999990,1.715335845950000,1.978073477750000,2.170962333680000,-2.141302347180000,0.000000000000000
-41.067554473900003,173.690643311000002,1.714932322500000,1.977601766590000,2.170449495320000,-2.140719413760000,0.000000000000000
-41.068462371800003,173.689712523999987,1.715028047560000,1.977549552920000,2.170362472530000,-2.140758514400000,0.000000000000000
-41.070369720499997,173.687652587999992,1.714774370190000,1.977232575420000,2.170014619830000,-2.140433311460000,0.000000000000000
-41.069011688200000,173.688446045000006,1.714625000950000,1.977141022680000,2.169930458070000,-2.140252351760000,0.000000000000000
-41.075668335000003,173.678802490000010,1.713859796520000,1.976243019100000,2.168938875200000,-2.139476299290000,0.000000000000000
-41.074584960899998,173.679916381999988,1.713604092600000,1.976016759870000,2.168690919880000,-2.139111757280000,0.000000000000000
-41.074069976799997,173.680587768999999,1.713188529010000,1.975605368610000,2.168259382250000,-2.138648509980000,0.000000000000000
-41.073242187500000,173.682357787999990,1.714539885520000,1.977023124690000,2.169789552690000,-2.140200138090000,0.000000000000000
-41.072124481199999,173.682708740000010,1.714097976680000,1.976513981820000,2.169214010240000,-2.139631748200000,0.000000000000000
-41.075714111300002,173.676666259999990,1.713428139690000,1.975784659390000,2.168429613110000,-2.138705968860000,0.000000000000000
-41.075874328600001,173.674926757999998,1.713600158690000,1.976028561590000,2.168677568440000,-2.139402389530000,0.000000000000000
-41.075347900399997,173.677810668999996,1.713301777840000,1.975656867030000,2.168302059170000,-2.138339996340000,0.000000000000000
-41.074768066399997,173.676956176999994,1.713503599170000,1.975881814960000,2.168532848360000,-2.138870239260000,0.000000000000000
-41.061832428000002,173.689666748000008,1.715121865270000,1.977814435960000,2.170713424680000,-2.141184091570000,0.000000000000000
-41.059146881099998,173.689666748000008,1.715068101880000,1.977876544000000,2.170813798900000,-2.141366720200000,0.000000000000000
-41.058105468800001,173.689071654999992,1.714902043340000,1.977638125420000,2.170548677440000,-2.141094923020000,0.000000000000000
-41.060398101799997,173.689056396000012,1.715080738070000,1.977795839310000,2.170706748960000,-2.141240835190000,0.000000000000000
-41.051479339600000,173.688110351999995,1.713079094890000,1.975562095640000,2.168258428570000,-2.138219356540000,0.000000000000000
-41.052188873299997,173.688339232999994,1.713078856470000,1.975692749020000,2.168408393860000,-2.138578653340000,0.000000000000000
-41.052921295200001,173.688507079999994,1.713069915770000,1.975703954700000,2.168427944180000,-2.138581752780000,0.000000000000000
-41.054397582999997,173.688720703000001,1.713075399400000,1.975638389590000,2.168376922610000,-2.138527870180000,0.000000000000000
-41.053649902300002,173.688674926999994,1.713170170780000,1.975817322730000,2.168552875520000,-2.138723850250000,0.000000000000000
-41.057041168200001,173.688598632999998,1.714612603190000,1.977438449860000,2.170349121090000,-2.140840530400000,0.000000000000000
-41.056373596199997,173.687973021999994,1.714526295660000,1.977336287500000,2.170242547990000,-2.141336679460000,0.000000000000000
-41.055553436300002,173.687973021999994,1.713675618170000,1.976363778110000,2.169175148010000,-2.139482259750000,0.000000000000000
-41.054702758799998,173.687973021999994,1.713212490080000,1.975807785990000,2.168565750120000,-2.138986825940000,0.000000000000000
-41.086833953899998,173.631530762000011,1.704899191860000,1.962011814120000,2.153377056120000,-2.104818344120000,0.000000000000000
-41.088031768800001,173.631530762000011,1.714263916020000,1.976153612140000,2.168799161910000,-2.138881444930000,0.000000000000000
-41.089397430399998,173.631195068000011,1.714164376260000,1.976368069650000,2.169053554530000,-2.139342546460000,0.000000000000000
-41.090488433799997,173.631774901999989,1.714194536210000,1.976244091990000,2.168890714650000,-2.138997077940000,0.000000000000000
-41.094345092799998,173.633621215999995,1.714273810390000,1.976489901540000,2.169193744660000,-2.139375925060000,0.000000000000000
-41.094646453899998,173.634689331000004,1.714360117910000,1.976450324060000,2.169132471080000,-2.139356613160000,0.000000000000000
-41.091854095499997,173.632202148000005,1.714171767230000,1.976239919660000,2.168903827670000,-2.139063119890000,0.000000000000000
-41.093235015899999,173.632904053000004,1.714237093930000,1.976380348210000,2.169057130810000,-2.139103651050000,0.000000000000000
-41.094165801999999,173.635482787999990,1.714171409610000,1.976379036900000,2.169059991840000,-2.139099836350000,0.000000000000000
-41.094421386699999,173.636611937999987,1.714169025420000,1.976289153100000,2.168959856030000,-2.139166831970000,0.000000000000000
-41.094299316399997,173.637924193999993,1.714368462560000,1.976622343060000,2.169344186780000,-2.139364957810000,0.000000000000000
-41.094177246100003,173.639053345000008,1.714100122450000,1.976499676700000,2.169232606890000,-2.139708757400000,0.000000000000000
-41.096435546899997,173.657470703000001,1.714794993400000,1.977426528930000,2.170262336730000,-2.140416860580000,0.000000000000000
-41.096111297599997,173.658950806000007,1.714984655380000,1.977525234220000,2.170363664630000,-2.140498161320000,0.000000000000000
-41.095500946000001,173.660598754999995,1.715226650240000,1.977722167970000,2.170546293260000,-2.140652179720000,0.000000000000000
-41.094329834000000,173.662078857000012,1.715121150020000,1.977589368820000,2.170433282850000,-2.140336990360000,0.000000000000000
-41.093143463099999,173.661529540999993,1.714719891550000,1.977178096770000,2.169975757600000,-2.139806747440000,0.000000000000000
-41.092151641800001,173.661743164000001,1.714706897740000,1.977048158650000,2.169830083850000,-2.139667272570000,0.000000000000000
-41.075454711900001,173.671447754000013,1.712991714480000,1.975111722950000,2.167679548260000,-2.137675523760000,0.000000000000000
-41.075809478799997,173.670776367000002,1.713036656380000,1.975465774540000,2.168095827100000,-2.138373851780000,0.000000000000000
-41.071659088099999,173.683944701999991,1.714075207710000,1.976573348050000,2.169305801390000,-2.139600753780000,0.000000000000000
-41.070735931400002,173.686172484999986,1.714432001110000,1.976865053180000,2.169619083400000,-2.139925956730000,0.000000000000000
-41.070758819600002,173.684860229000009,1.714457035060000,1.976955533030000,2.169701814650000,-2.140215158460000,0.000000000000000
-41.063583373999997,173.690292357999994,1.715128779410000,1.977916121480000,2.170803546910000,-2.141130685810000,0.000000000000000
-41.065746307399998,173.690338134999990,1.715114831920000,1.977804899220000,2.170663356780000,-2.141055107120000,0.000000000000000
-41.063014984100001,173.688720703000001,1.714895367620000,1.977648496630000,2.170505285260000,-2.141002655030000,0.000000000000000
-41.067142486599998,173.688873290999993,1.714876890180000,1.977464914320000,2.170279741290000,-2.140671968460000,0.000000000000000
-41.069164276099997,173.686767578000001,1.714747190480000,1.977188587190000,2.169957399370000,-2.140404701230000,0.000000000000000
-41.067871093800001,173.687408446999996,1.714675188060000,1.977218031880000,2.170011997220000,-2.140336275100000,0.000000000000000
-41.074588775599999,173.678909301999994,1.713485240940000,1.975908398630000,2.168572425840000,-2.138736963270000,0.000000000000000
-41.073619842500001,173.679702759000008,1.713695287700000,1.976077437400000,2.168751716610000,-2.138931512830000,0.000000000000000
-41.072963714600000,173.680618285999998,1.713610649110000,1.976153969760000,2.168878316880000,-2.139068365100000,0.000000000000000
-41.072483062700002,173.681625365999992,1.713982582090000,1.976566076280000,2.169290781020000,-2.139780282970000,0.000000000000000
-41.071285247799999,173.681915282999995,1.713847279550000,1.976306796070000,2.169009923930000,-2.139291286470000,0.000000000000000
-41.071018219000003,173.682937621999997,1.714013814930000,1.976536989210000,2.169264078140000,-2.139661312100000,0.000000000000000
-41.074821472200000,173.676040648999987,1.713483333590000,1.975808262830000,2.168446779250000,-2.138713598250000,0.000000000000000
-41.074993133500001,173.674942017000006,1.713240623470000,1.975566864010000,2.168185472490000,-2.138454198840000,0.000000000000000
-41.074645996100003,173.671890259000008,1.713028907780000,1.975333929060000,2.167929410930000,-2.138193130490000,0.000000000000000
-41.074737548800002,173.672851562000005,1.713094592090000,1.975384593010000,2.167988538740000,-2.138202428820000,0.000000000000000
-41.074851989700001,173.673873901000007,1.713293671610000,1.975676298140000,2.168304920200000,-2.138690710070000,0.000000000000000
-41.074100494400000,173.677703857000012,1.713577032090000,1.975914835930000,2.168562412260000,-2.138906240460000,0.000000000000000
-41.073852539100002,173.676589965999995,1.713199973110000,1.975500106810000,2.168120384220000,-2.138226985930000,0.000000000000000
-41.061683654799999,173.688156128000003,1.714886426930000,1.977522730830000,2.170390605930000,-2.140772819520000,0.000000000000000
-41.059139251700003,173.688430785999998,1.714710593220000,1.977459192280000,2.170350074770000,-2.140805244450000,0.000000000000000
-41.058086395300002,173.688110351999995,1.714813351630000,1.977647185330000,2.170561790470000,-2.141281843190000,0.000000000000000
-41.060272216800001,173.687637329000012,1.714744091030000,1.977407097820000,2.170258998870000,-2.140816211700000,0.000000000000000
-41.050796508799998,173.687789917000003,1.712618947030000,1.974768877030000,2.167423009870000,-2.136046648030000,0.000000000000000
-41.051586151099997,173.687225342000005,1.713091254230000,1.975692868230000,2.168401956560000,-2.138589382170000,0.000000000000000
-41.052528381300000,173.687667847000000,1.713085770610000,1.975709080700000,2.168428659440000,-2.138594388960000,0.000000000000000
-41.053703308099998,173.687942504999995,1.713189125060000,1.975833177570000,2.168571472170000,-2.138733148570000,0.000000000000000
-41.057296752900001,173.687332153000000,1.713878393170000,1.976566791530000,2.169422149660000,-2.139758586880000,0.000000000000000
-41.056110382100002,173.687164306999989,1.713483810420000,1.976109504700000,2.168898344040000,-2.139254570010000,0.000000000000000
-41.055122375499998,173.687179565000008,1.713479399680000,1.976153135300000,2.168947696690000,-2.139561414720000,0.000000000000000
-41.054294586200001,173.687271118000012,1.713249087330000,1.975875496860000,2.168621778490000,-2.138797998430000,0.000000000000000
-41.087066650399997,173.632400512999993,1.713930010800000,1.975993990900000,2.168623447420000,-2.138768196110000,0.000000000000000
-41.088024139399998,173.632720946999996,1.714188694950000,1.976274251940000,2.168926477430000,-2.139138698580000,0.000000000000000
-41.089248657200002,173.632522582999997,1.713932275770000,1.975991010670000,2.168623924260000,-2.138602972030000,0.000000000000000
-41.090644836400003,173.633071898999987,1.714127063750000,1.976304292680000,2.168989896770000,-2.139092922210000,0.000000000000000
-41.093353271500000,173.634506226000013,1.714151978490000,1.976269364360000,2.168937683110000,-2.139046669010000,0.000000000000000
-41.091953277599998,173.633712768999999,1.714228153230000,1.976361870770000,2.169026613240000,-2.139060258870000,0.000000000000000
-41.093177795400003,173.635925293000014,1.714265346530000,1.976371407510000,2.169046163560000,-2.139119625090000,0.000000000000000
-41.093185424799998,173.637237548999991,1.714158892630000,1.976379036900000,2.169081211090000,-2.139228582380000,0.000000000000000
-41.093204498299997,173.638458251999992,1.714123368260000,1.976081490520000,2.168722152710000,-2.138863325120000,0.000000000000000
-41.095577239999997,173.656494140999996,1.714716792110000,1.977018952370000,2.169787645340000,-2.139797210690000,0.000000000000000
-41.095191955600001,173.657760620000005,1.714788794520000,1.977201461790000,2.169989109040000,-2.139842987060000,0.000000000000000
-41.094619751000003,173.659088134999990,1.714767098430000,1.977231383320000,2.170039176940000,-2.139923095700000,0.000000000000000
-41.093856811499997,173.660461426000012,1.714738368990000,1.977310657500000,2.170132875440000,-2.140278339390000,0.000000000000000
-41.092525482200003,173.660507201999991,1.714882016180000,1.977328419690000,2.170107126240000,-2.140271186830000,0.000000000000000
-41.091381073000001,173.660842895999991,1.714464068410000,1.977069973950000,2.169851064680000,-2.140048742290000,0.000000000000000
-41.074607849099998,173.670837401999989,1.712939858440000,1.975226402280000,2.167805433270000,-2.138000011440000,0.000000000000000
-41.075290679900000,173.669906615999992,1.710264563560000,1.971432685850000,2.163712978360000,-2.127675056460000,0.000000000000000
-41.054698944099997,173.657272339000002,1.709343671800000,1.970514893530000,2.162727594380000,-2.127883911130000,0.000000000000000
-41.054744720499997,173.656829834000007,1.711804986000000,1.973915696140000,2.166374683380000,-2.136969566350000,0.000000000000000
-41.054439544700003,173.658035278000000,1.711739301680000,1.973873734470000,2.166334629060000,-2.137141466140000,0.000000000000000
-41.054801940899999,173.658386229999991,1.711732625960000,1.973966002460000,2.166429758070000,-2.137001752850000,0.000000000000000
-41.070186614999997,173.683822631999988,1.714117407800000,1.976627588270000,2.169363021850000,-2.139721393590000,0.000000000000000
-41.069461822500003,173.685180664000001,1.714349627490000,1.976871132850000,2.169631958010000,-2.139993906020000,0.000000000000000
-41.064865112299998,173.688339232999994,1.714736342430000,1.977413773540000,2.170252323150000,-2.140622138980000,0.000000000000000
-41.063117980999998,173.687179565000008,1.714645385740000,1.977294921880000,2.170126199720000,-2.140559673310000,0.000000000000000
-41.066482543900001,173.687210082999997,1.714596748350000,1.977179169650000,2.169971942900000,-2.140357971190000,0.000000000000000
-41.067554473900003,173.685745238999999,1.714341402050000,1.976897239690000,2.169663429260000,-2.140004634860000,0.000000000000000
-41.073207855200003,173.678604126000010,1.713364958760000,1.975713610650000,2.168353319170000,-2.138629436490000,0.000000000000000
-41.072311401400000,173.679626465000013,1.713562965390000,1.975988984110000,2.168658971790000,-2.138975381850000,0.000000000000000
-41.071701049799998,173.680755615000010,1.713682413100000,1.976078987120000,2.168752670290000,-2.139054298400000,0.000000000000000
-41.070537567099997,173.681106567000000,1.713755369190000,1.976290822030000,2.168997287750000,-2.139331579210000,0.000000000000000
-41.069847106899999,173.682327270999991,1.713928461070000,1.976426601410000,2.169139862060000,-2.139460563660000,0.000000000000000
-41.073760986300002,173.671508789000001,1.713078260420000,1.975424170490000,2.168025493620000,-2.138268470760000,0.000000000000000
-41.073871612500000,173.675445556999989,1.713445663450000,1.975819110870000,2.168459892270000,-2.138778448100000,0.000000000000000
-41.074058532700001,173.674468993999994,1.713198184970000,1.975484013560000,2.168094635010000,-2.138304471970000,0.000000000000000
-41.073688507100002,173.672439574999999,1.713006138800000,1.975325822830000,2.167922496800000,-2.138156890870000,0.000000000000000
-41.073783874500002,173.673553467000005,1.713186502460000,1.975543737410000,2.168157815930000,-2.138408184050000,0.000000000000000
-41.072849273700001,173.677352904999992,1.713540077210000,1.975929975510000,2.168589353560000,-2.138804197310000,0.000000000000000
-41.072704315199999,173.676040648999987,1.713343024250000,1.975683450700000,2.168312549590000,-2.138639450070000,0.000000000000000
-41.061462402300002,173.686676024999997,1.714603185650000,1.977209687230000,2.170041322710000,-2.140548944470000,0.000000000000000
-41.058841705299997,173.687072754000013,1.714536309240000,1.977221369740000,2.170085906980000,-2.140549659730000,0.000000000000000
-41.060115814200003,173.686401367000002,1.714499235150000,1.977147340770000,2.169987916950000,-2.140492916110000,0.000000000000000
-41.050647735600002,173.686782837000010,1.712364912030000,1.974262356760000,2.166883945470000,-2.134650945660000,0.000000000000000
-41.057891845699999,173.686218262000011,1.714449167250000,1.977159738540000,2.169999599460000,-2.140555620190000,0.000000000000000
-41.051673889200003,173.686264037999990,1.713005542760000,1.975630521770000,2.168337106700000,-2.138547897340000,0.000000000000000
-41.052394866900002,173.686737061000002,1.713187098500000,1.975792288780000,2.168514251710000,-2.138687610630000,0.000000000000000
-41.053432464600000,173.686813354000009,1.713056564330000,1.975670218470000,2.168395757680000,-2.138590335850000,0.000000000000000
-41.056739807100001,173.686218262000011,1.714262366290000,1.976989150050000,2.169834852220000,-2.140452384950000,0.000000000000000
-41.055568695100000,173.686264037999990,1.713688254360000,1.976357817650000,2.169159412380000,-2.139568328860000,0.000000000000000
-41.054515838599997,173.686462401999989,1.713276863100000,1.975914239880000,2.168666124340000,-2.138891935350000,0.000000000000000
-41.049907684300003,173.686080933000000,1.705372691150000,1.963221430780000,2.154821157460000,-2.108087778090000,0.000000000000000
-41.054912567099997,173.657745360999996,1.711795806880000,1.974038600920000,2.166501998900000,-2.137098550800000,0.000000000000000
-41.055431366000001,173.658218384000008,1.711730480190000,1.973971962930000,2.166438579560000,-2.136972904210000,0.000000000000000
-41.055839538599997,173.658676146999994,1.711711525920000,1.973957061770000,2.166422367100000,-2.136902332310000,0.000000000000000
-41.055137634300003,173.657180785999998,1.711777091030000,1.973978877070000,2.166441202160000,-2.136970043180000,0.000000000000000
-41.055194854699998,173.656692504999995,1.711708664890000,1.973951816560000,2.166410446170000,-2.136913537980000,0.000000000000000
-41.055122375499998,173.655822754000013,1.711756467820000,1.973981976510000,2.166445493700000,-2.136945962910000,0.000000000000000
-41.086238861100000,173.633102417000003,1.713973045350000,1.975986719130000,2.168605327610000,-2.138824462890000,0.000000000000000
-41.085506439200003,173.633636475000003,1.713603854180000,1.975802421570000,2.168433666230000,-2.138695001600000,0.000000000000000
-41.087287902800000,173.633453368999994,1.713903903960000,1.975893855090000,2.168515443800000,-2.138583421710000,0.000000000000000
-41.088489532499999,173.633682251000010,1.714016675950000,1.976098060610000,2.168748855590000,-2.138906717300000,0.000000000000000
-41.089645385700003,173.633743285999998,1.714202523230000,1.976278305050000,2.168940544130000,-2.139111995700000,0.000000000000000
-41.090671539299997,173.634429931999989,1.714031100270000,1.976056098940000,2.168696165080000,-2.138768911360000,0.000000000000000
-41.091960907000001,173.635162353999988,1.714227676390000,1.976378202440000,2.169057130810000,-2.139235258100000,0.000000000000000
-41.091964721700002,173.636566162000008,1.714098334310000,1.976196289060000,2.168848037720000,-2.138874530790000,0.000000000000000
-41.092052459700000,173.637893676999994,1.714273333550000,1.976446986200000,2.169129848480000,-2.139296770100000,0.000000000000000
-41.092220306400002,173.639221190999990,1.714199423790000,1.976395010950000,2.169104576110000,-2.139177083970000,0.000000000000000
-41.094886779799999,173.655242920000006,1.714815378190000,1.977198719980000,2.169962883000000,-2.140329122540000,0.000000000000000
-41.094383239700001,173.656661987000007,1.714609265330000,1.977024555210000,2.169794321060000,-2.139705657960000,0.000000000000000
-41.094032287600001,173.657867431999989,1.714690923690000,1.977122664450000,2.169885396960000,-2.140172719960000,0.000000000000000
-41.093029022200000,173.658920287999990,1.714590430260000,1.976998686790000,2.169758319850000,-2.139621019360000,0.000000000000000
-41.090415954599997,173.660095215000013,1.714329004290000,1.977010011670000,2.169818878170000,-2.139940261840000,0.000000000000000
-41.091590881300000,173.659530640000014,1.714254856110000,1.976718664170000,2.169493675230000,-2.139378786090000,0.000000000000000
-41.089332580600001,173.660125732000012,1.712161660190000,1.973901033400000,2.166472435000000,-2.132260560990000,0.000000000000000
-41.089782714800002,173.659332274999997,1.705711364750000,1.963287115100000,2.154869318010000,-2.106977224350000,0.000000000000000
-41.073207855200003,173.670623779000010,1.712807655330000,1.975148677830000,2.167741298680000,-2.137984275820000,0.000000000000000
-41.074092864999997,173.669692993000012,1.712888956070000,1.975219368930000,2.167808532710000,-2.138021469120000,0.000000000000000
-41.074935913099999,173.668914795000006,1.712605237960000,1.974964618680000,2.167549848560000,-2.137651443480000,0.000000000000000
-41.075756073000001,173.667449951000009,1.712828397750000,1.975188851360000,2.167782068250000,-2.138112545010000,0.000000000000000
-41.054290771500000,173.657562256000006,1.711646437640000,1.973756551740000,2.166208028790000,-2.137001752850000,0.000000000000000
-41.053794860799997,173.657592773000005,1.711365222930000,1.973486185070000,2.165926933290000,-2.137107372280000,0.000000000000000
-41.053901672400002,173.658050537000008,1.711681723590000,1.973742723460000,2.166185617450000,-2.137036800380000,0.000000000000000
-41.054290771500000,173.658432006999988,1.711698532100000,1.973833322530000,2.166290044780000,-2.137051582340000,0.000000000000000
-41.055240631099998,173.658859253000003,1.711740612980000,1.973994374280000,2.166462659840000,-2.137007474900000,0.000000000000000
-41.054496765099998,173.658996581999986,1.711877226830000,1.974085450170000,2.166556835170000,-2.137189865110000,0.000000000000000
-41.062690734900002,173.685455321999996,1.714374542240000,1.976984500890000,2.169786214830000,-2.140272378920000,0.000000000000000
-41.068374633799998,173.683685303000004,1.714113235470000,1.976642012600000,2.169381380080000,-2.139728546140000,0.000000000000000
-41.064990997300001,173.685714722000000,1.714404702190000,1.977034688000000,2.169823408130000,-2.140244960780000,0.000000000000000
-41.066535949699997,173.684204101999995,1.714179873470000,1.976753354070000,2.169512033460000,-2.139930009840000,0.000000000000000
-41.063655853299998,173.684219359999986,1.714160919190000,1.976690888400000,2.169469833370000,-2.139945983890000,0.000000000000000
-41.071765899699997,173.678344726999995,1.713469862940000,1.975856900220000,2.168510198590000,-2.138716220860000,0.000000000000000
-41.070625305199997,173.679672240999992,1.713559508320000,1.976042151450000,2.168724536900000,-2.138972997670000,0.000000000000000
-41.069232940699997,173.680831909000005,1.713702797890000,1.976150631900000,2.168843507770000,-2.139168024060000,0.000000000000000
-41.068309783899998,173.682006835999999,1.713827848430000,1.976370692250000,2.169091939930000,-2.139449119570000,0.000000000000000
-41.072643280000001,173.671768187999987,1.712987780570000,1.975305080410000,2.167894124980000,-2.138092517850000,0.000000000000000
-41.072803497300001,173.674560546999999,1.713168025020000,1.975517749790000,2.168133735660000,-2.138339042660000,0.000000000000000
-41.072563171399999,173.673095703000001,1.713046669960000,1.975409388540000,2.168023109440000,-2.138303518300000,0.000000000000000
-41.071468353299998,173.676879882999998,1.713290929790000,1.975673913960000,2.168308496480000,-2.138606786730000,0.000000000000000
-41.071384429900000,173.675399779999992,1.713256955150000,1.975628733630000,2.168261528020000,-2.138487815860000,0.000000000000000
-41.060913085899998,173.685241698999988,1.714323401450000,1.976914882660000,2.169728517530000,-2.140193700790000,0.000000000000000
-41.059101104699998,173.685379028000000,1.714194655420000,1.976851105690000,2.169672966000000,-2.140286684040000,0.000000000000000
-41.050895690899999,173.685699462999992,1.713020801540000,1.975556850430000,2.168252944950000,-2.138405799870000,0.000000000000000
-41.051780700700000,173.685394287000008,1.713108181950000,1.975754737850000,2.168466806410000,-2.138824701310000,0.000000000000000
-41.057483673100002,173.685104370000005,1.713684320450000,1.976322889330000,2.169125795360000,-2.139506578450000,0.000000000000000
-41.052749633799998,173.685745238999999,1.713080525400000,1.975649237630000,2.168359756470000,-2.138519048690000,0.000000000000000
-41.053852081300001,173.685806273999987,1.713224053380000,1.975860238080000,2.168599605560000,-2.138947486880000,0.000000000000000
-41.056091308600003,173.685165404999992,1.713412642480000,1.976084709170000,2.168855667110000,-2.139228105550000,0.000000000000000
-41.054828643800001,173.685409545999988,1.713197827340000,1.975818872450000,2.168563127520000,-2.138800621030000,0.000000000000000
-41.055816650399997,173.659317017000006,1.711735486980000,1.974014759060000,2.166486024860000,-2.136990547180000,0.000000000000000
-41.050144195599998,173.685043334999989,1.710181951520000,1.971447467800000,2.163830757140000,-2.127439737320000,0.000000000000000
-41.056533813500003,173.658889770999991,1.711671352390000,1.973886132240000,2.166347980500000,-2.136848688130000,0.000000000000000
-41.057132720900000,173.659362793000014,1.711727976800000,1.973880887030000,2.166338443760000,-2.136846303940000,0.000000000000000
-41.055595397899999,173.657592773000005,1.711672782900000,1.973909020420000,2.166372776030000,-2.136883258820000,0.000000000000000
-41.056186676000003,173.658096312999987,1.711762309070000,1.973952531810000,2.166415691380000,-2.136894226070000,0.000000000000000
-41.055259704599997,173.656204223999993,1.711760163310000,1.973969459530000,2.166431427000000,-2.136902332310000,0.000000000000000
-41.055667877200001,173.656982421999999,1.711712837220000,1.973948717120000,2.166414976120000,-2.136953115460000,0.000000000000000
-41.055622100800001,173.656524657999995,1.711753010750000,1.973930358890000,2.166392087940000,-2.136867523190000,0.000000000000000
-41.055507659900002,173.655746459999989,1.711716055870000,1.973924279210000,2.166388988490000,-2.136867046360000,0.000000000000000
-41.085239410400000,173.634521484000004,1.713541626930000,1.975546360020000,2.168122053150000,-2.138112545010000,0.000000000000000
-41.086349487299998,173.634140015000014,1.713795781140000,1.975949883460000,2.168590784070000,-2.138690710070000,0.000000000000000
-41.087566375700000,173.634643554999997,1.713855147360000,1.975937724110000,2.168565511700000,-2.138692140580000,0.000000000000000
-41.089172363300001,173.635009765999996,1.713971138000000,1.976103305820000,2.168753385540000,-2.138819217680000,0.000000000000000
-41.090648651099997,173.635864257999998,1.714106917380000,1.976266741750000,2.168940067290000,-2.139024734500000,0.000000000000000
-41.090766906699997,173.637298584000007,1.714036464690000,1.976106643680000,2.168757677080000,-2.138887405400000,0.000000000000000
-41.090969085700003,173.638641357000012,1.713932156560000,1.976082444190000,2.168738126750000,-2.138819694520000,0.000000000000000
-41.093784332299997,173.654373168999996,1.714242100720000,1.976557016370000,2.169287204740000,-2.139184713360000,0.000000000000000
-41.093685150100001,173.655654907000013,1.714360237120000,1.976711988450000,2.169439792630000,-2.139394521710000,0.000000000000000
-41.092834472699998,173.653488159000005,1.714079141620000,1.976479887960000,2.169213294980000,-2.139297008510000,0.000000000000000
-41.092933654799999,173.656936645999991,1.714321494100000,1.976729750630000,2.169479846950000,-2.139383554460000,0.000000000000000
-41.091632842999999,173.658020020000009,1.714327335360000,1.976870656010000,2.169630765910000,-2.139822244640000,0.000000000000000
-41.090564727800000,173.658813476999995,1.713975071910000,1.976500511170000,2.169247150420000,-2.139153718950000,0.000000000000000
-41.091156005899997,173.650955199999999,1.713731050490000,1.976222038270000,2.168926477430000,-2.139091730120000,0.000000000000000
-41.091655731199999,173.651885985999996,1.713873028760000,1.976163864140000,2.168845653530000,-2.138908624650000,0.000000000000000
-41.092033386200001,173.652801514000004,1.714150190350000,1.976416587830000,2.169105052950000,-2.139173507690000,0.000000000000000
-41.089008331300001,173.659194946000014,1.713529229160000,1.976081371310000,2.168833494190000,-2.138687133790000,0.000000000000000
-41.089588165300000,173.658416748000008,1.713874101640000,1.976370930670000,2.169094562530000,-2.139247179030000,0.000000000000000
-41.088153839100002,173.659164428999986,1.713571786880000,1.976083397870000,2.168787479400000,-2.138958930970000,0.000000000000000
-41.087226867699997,173.659301757999998,1.713614821430000,1.976001620290000,2.168697118760000,-2.138697624210000,0.000000000000000
-41.071445465099998,173.670578003000003,1.712876439090000,1.975215792660000,2.167811632160000,-2.138115644450000,0.000000000000000
-41.072700500499998,173.669342040999993,1.712824344640000,1.975122690200000,2.167693138120000,-2.137886762620000,0.000000000000000
-41.073814392099997,173.668502808000000,1.712772727010000,1.975085616110000,2.167665958400000,-2.137947082520000,0.000000000000000
-41.074829101600002,173.667892456000004,1.712890625000000,1.975134968760000,2.167693853380000,-2.137876749040000,0.000000000000000
-41.075973510700003,173.666625976999995,1.712777018550000,1.975108742710000,2.167692661290000,-2.137941122060000,0.000000000000000
-41.074951171899997,173.666885376000010,1.712571859360000,1.974832534790000,2.167391061780000,-2.137505054470000,0.000000000000000
-41.053462982200003,173.657806396000012,1.711472392080000,1.973522782330000,2.165954113010000,-2.137139081950000,0.000000000000000
-41.053428649899999,173.657394409000005,1.710490584370000,1.972272634510000,2.164631605150000,-2.133870363240000,0.000000000000000
-41.053199768100001,173.658294678000004,1.711243629460000,1.973428606990000,2.165858983990000,-2.136973142620000,0.000000000000000
-41.053821563699998,173.658706665000011,1.711682915690000,1.973783731460000,2.166244030000000,-2.137089490890000,0.000000000000000
-41.053852081300001,173.659362793000014,1.711723089220000,1.973854303360000,2.166318893430000,-2.136897087100000,0.000000000000000
-41.055061340300000,173.659561157000013,1.711727499960000,1.973936676980000,2.166406393050000,-2.136926412580000,0.000000000000000
-41.054401397699998,173.659667968999997,1.711809039120000,1.974033355710000,2.166507959370000,-2.137158155440000,0.000000000000000
-41.062015533400000,173.683700562000013,1.714093327520000,1.976606488230000,2.169375181200000,-2.139902114870000,0.000000000000000
-41.066726684599999,173.682495117000002,1.713897705080000,1.976440906520000,2.169170379640000,-2.139579772950000,0.000000000000000
-41.065032959000000,173.683410645000009,1.713984131810000,1.976567626000000,2.169313907620000,-2.139719009400000,0.000000000000000
-41.063556671100002,173.682815551999994,1.713986873630000,1.976551532750000,2.169297695160000,-2.139798641200000,0.000000000000000
-41.070140838599997,173.677917479999991,1.713392496110000,1.975801944730000,2.168455362320000,-2.138825416560000,0.000000000000000
-41.068702697799999,173.679168701000009,1.713467240330000,1.975940704350000,2.168615579610000,-2.138993501660000,0.000000000000000
-41.067375183099998,173.680694579999994,1.713667511940000,1.976204991340000,2.168911933900000,-2.139312028880000,0.000000000000000
-41.071208953899998,173.672348021999994,1.712973952290000,1.975331902500000,2.167938709260000,-2.138233900070000,0.000000000000000
-41.071250915500002,173.673904418999996,1.713110804560000,1.975467443470000,2.168079137800000,-2.138384580610000,0.000000000000000
-41.069976806600003,173.676223754999995,1.713302135470000,1.975692868230000,2.168329954150000,-2.138622999190000,0.000000000000000
-41.070102691700001,173.674789428999986,1.713065624240000,1.975470185280000,2.168097734450000,-2.138503074650000,0.000000000000000
-41.069915771500000,173.671493529999992,1.712826371190000,1.975190877910000,2.167787551880000,-2.138165235520000,0.000000000000000
-41.060096740699997,173.683837890999996,1.714072465900000,1.976611256600000,2.169382572170000,-2.139922142030000,0.000000000000000
-41.060867309599999,173.682525634999990,1.713842153550000,1.976387143140000,2.169154167180000,-2.139770746230000,0.000000000000000
-41.058368682900003,173.683807373000008,1.713964700700000,1.976578474040000,2.169367313390000,-2.139878034590000,0.000000000000000
-41.051212310799997,173.684646606000001,1.712927818300000,1.975531458850000,2.168225526810000,-2.138463735580000,0.000000000000000
-41.052371978799997,173.684570312000005,1.712925314900000,1.975496530530000,2.168193817140000,-2.138468742370000,0.000000000000000
-41.056724548299997,173.683868407999995,1.713838219640000,1.976457118990000,2.169236421590000,-2.139750480650000,0.000000000000000
-41.053737640400001,173.684631348000011,1.713129878040000,1.975781321530000,2.168509244920000,-2.138816833500000,0.000000000000000
-41.055210113500003,173.684143065999990,1.713480830190000,1.976073265080000,2.168828725810000,-2.139277219770000,0.000000000000000
-41.056522369400000,173.659774779999992,1.711697697640000,1.973923921590000,2.166393280030000,-2.136879920960000,0.000000000000000
-41.055698394799997,173.660156250000000,1.711718797680000,1.974000215530000,2.166471242900000,-2.136995315550000,0.000000000000000
-41.050319671600001,173.683822631999988,1.712745785710000,1.975292086600000,2.167971372600000,-2.138422489170000,0.000000000000000
-41.044334411599998,173.659515381000006,1.709475517270000,1.971672296520000,2.163924217220000,-2.134861707690000,0.000000000000000
-41.057365417500002,173.660095215000013,1.711705207820000,1.973900794980000,2.166369199750000,-2.136897325520000,0.000000000000000
-41.057727813699998,173.661010742000002,1.711787462230000,1.973967432980000,2.166441917420000,-2.136940956120000,0.000000000000000
-41.056877136200001,173.658248901000007,1.711662173270000,1.973841309550000,2.166300535200000,-2.136787891390000,0.000000000000000
-41.057876586900001,173.659378051999994,1.711689829830000,1.973823666570000,2.166283607480000,-2.136779546740000,0.000000000000000
-41.057357788099999,173.658721923999991,1.711669445040000,1.973829507830000,2.166290521620000,-2.136807441710000,0.000000000000000
-41.056251525900002,173.657318115000010,1.711739063260000,1.973921775820000,2.166380405430000,-2.136826992030000,0.000000000000000
-41.056785583500002,173.657699584999989,1.711643695830000,1.973856210710000,2.166318655010000,-2.136795997620000,0.000000000000000
-41.055793762199997,173.656127929999997,1.711716532710000,1.973946094510000,2.166410684590000,-2.136897563930000,0.000000000000000
-41.056205749500002,173.656600951999991,1.711732745170000,1.973944783210000,2.166407823560000,-2.136816501620000,0.000000000000000
-41.055896758999999,173.655670165999993,1.711759328840000,1.973988652230000,2.166444301610000,-2.136843919750000,0.000000000000000
-41.084056854200000,173.634658812999987,1.713294148450000,1.975380778310000,2.167974948880000,-2.138036727910000,0.000000000000000
-41.084781646700002,173.635589600000003,1.713462710380000,1.975647211070000,2.168262720110000,-2.138294458390000,0.000000000000000
-41.086250305199997,173.635513306000007,1.713713049890000,1.975800514220000,2.168418645860000,-2.138609886170000,0.000000000000000
-41.087837219199997,173.636077881000006,1.713790535930000,1.975884675980000,2.168515443800000,-2.138582944870000,0.000000000000000
-41.089355468800001,173.636672973999993,1.713956713680000,1.976085066800000,2.168735027310000,-2.138900518420000,0.000000000000000
-41.089603424099998,173.638168334999989,1.713868141170000,1.976109743120000,2.168768644330000,-2.138789892200000,0.000000000000000
-41.089996337899997,173.639465331999986,1.713818192480000,1.976252555850000,2.168966770170000,-2.139408111570000,0.000000000000000
-41.089893341100002,173.650115967000005,1.713732361790000,1.976055741310000,2.168731689450000,-2.138788461690000,0.000000000000000
-41.092437744100003,173.655044556000007,1.714236021040000,1.976668238640000,2.169388294220000,-2.139515638350000,0.000000000000000
-41.091785430900003,173.653793334999989,1.713898539540000,1.976234316830000,2.168918132780000,-2.138902425770000,0.000000000000000
-41.091327667199998,173.656402587999992,1.713959574700000,1.976376295090000,2.169093370440000,-2.139020442960000,0.000000000000000
-41.090362548800002,173.657531737999989,1.713973522190000,1.976430296900000,2.169161558150000,-2.139047384260000,0.000000000000000
-41.090251922599997,173.651016234999986,1.713646411900000,1.975969195370000,2.168631076810000,-2.138734102250000,0.000000000000000
-41.090736389200003,173.651794434000010,1.713765501980000,1.976041197780000,2.168702125550000,-2.138741970060000,0.000000000000000
-41.090915679900000,173.652954101999995,1.713789820670000,1.976236343380000,2.168932676320000,-2.138980627060000,0.000000000000000
-41.088607788099999,173.658279418999996,1.713639974590000,1.976113080980000,2.168811798100000,-2.138873338700000,0.000000000000000
-41.089206695599998,173.657333373999990,1.713653564450000,1.976138353350000,2.168851375580000,-2.138845920560000,0.000000000000000
-41.087612152100000,173.658294678000004,1.713374137880000,1.975724220280000,2.168394327160000,-2.138317346570000,0.000000000000000
-41.089500427200001,173.648666381999988,1.713768482210000,1.976199030880000,2.168837547300000,-2.139160871510000,0.000000000000000
-41.089202880899997,173.650039673000009,1.713639140130000,1.975868701930000,2.168524026870000,-2.138602733610000,0.000000000000000
-41.086147308299999,173.659454345999990,1.713234186170000,1.975664019580000,2.168327331540000,-2.138365983960000,0.000000000000000
-41.086620330800002,173.658447265999996,1.713372826580000,1.975834250450000,2.168492317200000,-2.138705492020000,0.000000000000000
-41.085220336900001,173.659896851000013,1.713341236110000,1.975687384610000,2.168332099910000,-2.138363838200000,0.000000000000000
-41.084461212199997,173.660278320000003,1.713129878040000,1.975203275680000,2.167820930480000,-2.137286424640000,0.000000000000000
-41.069328308099998,173.669754028000000,1.712759971620000,1.975103259090000,2.167690992360000,-2.138004541400000,0.000000000000000
-41.071125030499999,173.668777465999995,1.712704181670000,1.975042223930000,2.167625665660000,-2.137970209120000,0.000000000000000
-41.072521209700000,173.667892456000004,1.712666511540000,1.974977731700000,2.167553424840000,-2.137754678730000,0.000000000000000
-41.073802948000001,173.667266845999990,1.712673306470000,1.974999904630000,2.167571544650000,-2.137729644780000,0.000000000000000
-41.075248718300003,173.665969848999993,1.712719678880000,1.974983334540000,2.167535305020000,-2.137686491010000,0.000000000000000
-41.074100494400000,173.666152954000012,1.712712883950000,1.975020647050000,2.167592048650000,-2.137818813320000,0.000000000000000
-41.053001403800003,173.657669067000000,1.710499763490000,1.972714185710000,2.165149927140000,-2.136112213130000,0.000000000000000
-41.052989959700000,173.657150268999999,1.704570770260000,1.963217616080000,2.154876232150000,-2.112589836120000,0.000000000000000
-41.052474975599999,173.658020020000009,1.711005687710000,1.973380446430000,2.165860891340000,-2.137299776080000,0.000000000000000
-41.044322967500001,173.659042357999994,1.709819674490000,1.971961259840000,2.164213180540000,-2.134759426120000,0.000000000000000
-41.052524566700001,173.658737183000000,1.710747838020000,1.973039865490000,2.165511608120000,-2.136649370190000,0.000000000000000
-41.053203582800002,173.659072876000010,1.711757063870000,1.973958969120000,2.166418790820000,-2.137386798860000,0.000000000000000
-41.051918029799999,173.659042357999994,1.711139082910000,1.973686933520000,2.166186809540000,-2.137621164320000,0.000000000000000
-41.053306579599997,173.659698485999996,1.711837291720000,1.974035382270000,2.166514396670000,-2.137293338780000,0.000000000000000
-41.053882598900003,173.660064696999996,1.711814284320000,1.973968505860000,2.166439294820000,-2.137054443360000,0.000000000000000
-41.054725646999998,173.660385131999988,1.711848735810000,1.974081993100000,2.166562795640000,-2.137071371080000,0.000000000000000
-41.062339782700001,173.681793212999992,1.713743805890000,1.976225495340000,2.168955326080000,-2.139451980590000,0.000000000000000
-41.064746856699998,173.680969237999989,1.713691473010000,1.976165890690000,2.168885946270000,-2.139394998550000,0.000000000000000
-41.068302154500003,173.677200317000000,1.713280797000000,1.975719451900000,2.168374538420000,-2.138726234440000,0.000000000000000
-41.066539764399998,173.678695678999986,1.713424444200000,1.975902915000000,2.168577432630000,-2.139012336730000,0.000000000000000
-41.069442748999997,173.673248290999993,1.713027119640000,1.975397467610000,2.168012142180000,-2.138318777080000,0.000000000000000
-41.068470001199998,173.675155640000014,1.713111758230000,1.975514292720000,2.168143510820000,-2.138550996780000,0.000000000000000
-41.068145752000000,173.671554565000008,1.712857007980000,1.975227236750000,2.167831897740000,-2.138290166850000,0.000000000000000
-41.067260742199998,173.669921875000000,1.712690830230000,1.975054979320000,2.167647600170000,-2.138093233110000,0.000000000000000
-41.060581207299997,173.680984496999997,1.713578701020000,1.976050376890000,2.168757915500000,-2.139378309250000,0.000000000000000
-41.059314727800000,173.682327270999991,1.713618159290000,1.976139068600000,2.168885707860000,-2.139405727390000,0.000000000000000
-41.057495117199998,173.682342529000010,1.713440299030000,1.975964307790000,2.168689727780000,-2.139320373540000,0.000000000000000
-41.052993774400001,173.683624267999988,1.713029384610000,1.975580096240000,2.168282032010000,-2.138653039930000,0.000000000000000
-41.051769256599997,173.683395386000001,1.712918639180000,1.975550889970000,2.168240547180000,-2.138607501980000,0.000000000000000
-41.055717468300003,173.682617187999995,1.713086605070000,1.975677490230000,2.168400526050000,-2.138763427730000,0.000000000000000
-41.054161071800003,173.683135985999996,1.713091969490000,1.975672721860000,2.168380022050000,-2.138758659360000,0.000000000000000
-41.056587219199997,173.660827637000011,1.711755037310000,1.974009633060000,2.166484832760000,-2.136961698530000,0.000000000000000
-41.058082580600001,173.662078857000012,1.711892962460000,1.974141955380000,2.166635274890000,-2.137109994890000,0.000000000000000
-41.057128906199999,173.661712646000012,1.711800694470000,1.974065899850000,2.166553735730000,-2.137060165410000,0.000000000000000
-41.055484771700002,173.661102295000006,1.711722850800000,1.973979353900000,2.166459798810000,-2.136977672580000,0.000000000000000
-41.049560546899997,173.682937621999997,1.712653875350000,1.975322365760000,2.168006896970000,-2.138781547550000,0.000000000000000
-41.050743103000002,173.682556151999989,1.712539196010000,1.975059151650000,2.167721986770000,-2.138112068180000,0.000000000000000
-41.044872283899998,173.659362793000014,1.709408521650000,1.971580266950000,2.163854599000000,-2.134635448460000,0.000000000000000
-41.044013977100001,173.659896851000013,1.709287524220000,1.971188187600000,2.163372755050000,-2.132705450060000,0.000000000000000
-41.044582366900002,173.659896851000013,1.709830045700000,1.971915125850000,2.164173841480000,-2.134900093080000,0.000000000000000
-41.058357238799999,173.660217284999987,1.711794614790000,1.973945856090000,2.166417837140000,-2.136910200120000,0.000000000000000
-41.058853149400001,173.661209106000001,1.711946725850000,1.974184393880000,2.166682720180000,-2.137073278430000,0.000000000000000
-41.059501647899999,173.662460326999991,1.712084174160000,1.974353313450000,2.166869163510000,-2.137274265290000,0.000000000000000
-41.060653686499997,173.663314818999993,1.712197780610000,1.974510073660000,2.167043447490000,-2.137404918670000,0.000000000000000
-41.058845519999998,173.659347534000005,1.711773157120000,1.973875403400000,2.166339635850000,-2.136820077900000,0.000000000000000
-41.057529449500002,173.657882690000008,1.711698412900000,1.973803877830000,2.166255235670000,-2.136748552320000,0.000000000000000
-41.058212280299998,173.658584595000008,1.711656332020000,1.973756194110000,2.166207313540000,-2.136744499210000,0.000000000000000
-41.057918548600000,173.657211303999986,1.711641430850000,1.973763704300000,2.166221857070000,-2.136723041530000,0.000000000000000
-41.057079315199999,173.656967162999990,1.711683034900000,1.973847985270000,2.166311264040000,-2.136759281160000,0.000000000000000
-41.056282043499998,173.655990601000013,1.711710929870000,1.973885059360000,2.166352748870000,-2.136791467670000,0.000000000000000
-41.056728362999998,173.656295776000007,1.711677312850000,1.973855495450000,2.166319131850000,-2.136797189710000,0.000000000000000
-41.056270599400001,173.655517578000001,1.711613178250000,1.973746061330000,2.166225910190000,-2.136925220490000,0.000000000000000
-41.083545684800001,173.635665893999999,1.713440179820000,1.975437521930000,2.167995452880000,-2.138086318970000,0.000000000000000
-41.084201812700002,173.636672973999993,1.713285803790000,1.975417852400000,2.168004274370000,-2.138087272640000,0.000000000000000
-41.085388183600003,173.636535645000009,1.713437557220000,1.975546121600000,2.168141841890000,-2.138228178020000,0.000000000000000
-41.086582183799997,173.637039184999992,1.713548421860000,1.975713133810000,2.168330669400000,-2.138358354570000,0.000000000000000
-41.088100433299999,173.637634276999989,1.713719606400000,1.975863933560000,2.168492078780000,-2.138633251190000,0.000000000000000
-41.088428497300001,173.639282226999995,1.713621735570000,1.975742459300000,2.168367385860000,-2.138430118560000,0.000000000000000
-41.088180542000003,173.640579223999993,1.713552594180000,1.975789308550000,2.168443679810000,-2.138662338260000,0.000000000000000
-41.087249755899997,173.647323607999994,1.713328123090000,1.975589036940000,2.168229579930000,-2.138294458390000,0.000000000000000
-41.089321136499997,173.650924683000000,1.713505864140000,1.975763678550000,2.168402194980000,-2.138483524320000,0.000000000000000
-41.090713501000003,173.654693603999988,1.713922142980000,1.976263880730000,2.168959856030000,-2.138895511630000,0.000000000000000
-41.089870452900001,173.656188965000013,1.713796138760000,1.976266860960000,2.168969631200000,-2.139134407040000,0.000000000000000
-41.089710235600002,173.652160645000009,1.713714838030000,1.976031780240000,2.168696165080000,-2.138634443280000,0.000000000000000
-41.089759826700003,173.653579712000010,1.713680386540000,1.975994348530000,2.168654918670000,-2.138735771180000,0.000000000000000
-41.088092803999999,173.657257079999994,1.713555932040000,1.976015210150000,2.168699979780000,-2.138797283170000,0.000000000000000
-41.088703155499999,173.656326293999996,1.713671207430000,1.976020336150000,2.168694972990000,-2.138725042340000,0.000000000000000
-41.086971282999997,173.657363892000006,1.713517785070000,1.975924968720000,2.168593406680000,-2.138681173320000,0.000000000000000
-41.088741302499997,173.649307251000010,1.713513851170000,1.975812911990000,2.168478012080000,-2.138586759570000,0.000000000000000
-41.087875366200002,173.648681640999996,1.713298678400000,1.975678801540000,2.168329954150000,-2.138494253160000,0.000000000000000
-41.087245941200003,173.648132323999988,1.713353395460000,1.975519180300000,2.168146371840000,-2.138263702390000,0.000000000000000
-41.088436126700003,173.650482178000004,1.713489770890000,1.975782036780000,2.168420314790000,-2.138458490370000,0.000000000000000
-41.085807800300003,173.658554076999991,1.713271379470000,1.975587129590000,2.168224573140000,-2.138142108920000,0.000000000000000
-41.085319519000002,173.659042357999994,1.713225841520000,1.975625038150000,2.168264627460000,-2.138343811040000,0.000000000000000
-41.085960388200000,173.657699584999989,1.713246941570000,1.975641489030000,2.168291807170000,-2.138305664060000,0.000000000000000
-41.084426879900001,173.659210204999994,1.713055491450000,1.975381731990000,2.168001174930000,-2.137937545780000,0.000000000000000
-41.083660125700000,173.659942626999992,1.713239431380000,1.975650191310000,2.168287992480000,-2.138526916500000,0.000000000000000
-41.067695617699997,173.667953490999992,1.712614774700000,1.974970221520000,2.167552709580000,-2.137999534610000,0.000000000000000
-41.069702148399998,173.667953490999992,1.712645530700000,1.974967241290000,2.167540550230000,-2.137901544570000,0.000000000000000
-41.071063995400003,173.667129517000006,1.712665319440000,1.974983096120000,2.167553663250000,-2.137838602070000,0.000000000000000
-41.075645446800003,173.665145873999990,1.712557911870000,1.974846124650000,2.167405128480000,-2.137580633160000,0.000000000000000
-41.076072692899999,173.664489745999987,1.712743639950000,1.974971055980000,2.167525291440000,-2.137773513790000,0.000000000000000
-41.072612762500000,173.666320801000012,1.712630391120000,1.974897861480000,2.167450666430000,-2.137707471850000,0.000000000000000
-41.074546814000001,173.665161132999998,1.712583899500000,1.974859118460000,2.167414903640000,-2.137555360790000,0.000000000000000
-41.073440551799997,173.665313720999990,1.712525844570000,1.974811911580000,2.167366981510000,-2.137492418290000,0.000000000000000
-41.082397460899998,173.635681151999989,1.713208794590000,1.975350856780000,2.167930841450000,-2.138200283050000,0.000000000000000
-41.052452087399999,173.657379149999997,1.710338830950000,1.972636699680000,2.165150165560000,-2.135488271710000,0.000000000000000
-41.052532196000001,173.656784058000000,1.705940008160000,1.965983629230000,2.157886743550000,-2.117926597600000,0.000000000000000
-41.051849365199999,173.658386229999991,1.710265278820000,1.972477793690000,2.164969205860000,-2.135171651840000,0.000000000000000
-41.051219940199999,173.658843993999994,1.710471510890000,1.972854137420000,2.165333747860000,-2.135812044140000,0.000000000000000
-41.051826477100001,173.657669067000000,1.710395574570000,1.972703218460000,2.165156126020000,-2.135546207430000,0.000000000000000
-41.045330047599997,173.658966063999998,1.709469318390000,1.971700072290000,2.164018154140000,-2.134704113010000,0.000000000000000
-41.044849395800000,173.658691406000003,1.709489941600000,1.971692204480000,2.163928985600000,-2.134787321090000,0.000000000000000
-41.044265747099999,173.658432006999988,1.706371665000000,1.967238068580000,2.159263610840000,-2.123344421390000,0.000000000000000
-41.050552368200002,173.659423828000001,1.710319757460000,1.972631692890000,2.165080785750000,-2.135434865950000,0.000000000000000
-41.052501678500001,173.659622192000000,1.711071014400000,1.973386883740000,2.165828943250000,-2.136671543120000,0.000000000000000
-41.051494598399998,173.659667968999997,1.710772395130000,1.973105430600000,2.165570735930000,-2.136225461960000,0.000000000000000
-41.053100585899998,173.660400390999996,1.711722373960000,1.973957061770000,2.166421175000000,-2.137171745300000,0.000000000000000
-41.053901672400002,173.660903931000007,1.711796879770000,1.973983764650000,2.166465759280000,-2.136991977690000,0.000000000000000
-41.054645538300001,173.661254882999998,1.711733818050000,1.973998904230000,2.166472673420000,-2.137011051180000,0.000000000000000
-41.058235168499998,173.663360595999990,1.711946845050000,1.974227786060000,2.166733980180000,-2.137219667430000,0.000000000000000
-41.062290191700001,173.679733276000007,1.713509440420000,1.975930213930000,2.168631792070000,-2.139243125920000,0.000000000000000
-41.064121246299997,173.678146362000007,1.713263392450000,1.975719094280000,2.168384552000000,-2.138918161390000,0.000000000000000
-41.065994262700002,173.676025390999996,1.713133573530000,1.975579261780000,2.168229103090000,-2.138749122620000,0.000000000000000
-41.067012786900001,173.673477173000009,1.712900996210000,1.975311040880000,2.167932033540000,-2.138391733170000,0.000000000000000
-41.065925598100002,173.671401978000006,1.712777137760000,1.975172400470000,2.167775869370000,-2.138243436810000,0.000000000000000
-41.059555053700002,173.664047240999992,1.712191939350000,1.974509596820000,2.167043685910000,-2.137457132340000,0.000000000000000
-41.061046600300003,173.664657592999987,1.712314248090000,1.974623799320000,2.167169809340000,-2.137578487400000,0.000000000000000
-41.065219879200001,173.668991089000002,1.712636709210000,1.974998712540000,2.167582750320000,-2.138050317760000,0.000000000000000
-41.060192108199999,173.679061890000014,1.713112592700000,1.975546121600000,2.168230295180000,-2.138886213300000,0.000000000000000
-41.058483123800002,173.680480956999986,1.713365077970000,1.975850820540000,2.168556690220000,-2.139192581180000,0.000000000000000
-41.056358337399999,173.680923462000010,1.713245153430000,1.975757956500000,2.168469667430000,-2.139002561570000,0.000000000000000
-41.052940368700000,173.682418823000006,1.712798357010000,1.975379943850000,2.168073415760000,-2.138463020320000,0.000000000000000
-41.051811218300003,173.682098389000004,1.712722182270000,1.975283980370000,2.167948722840000,-2.138288259510000,0.000000000000000
-41.054370880100002,173.681350707999997,1.713108181950000,1.975652098660000,2.168346881870000,-2.138925075530000,0.000000000000000
-41.056182861300002,173.661926270000009,1.711732029910000,1.974008917810000,2.166488170620000,-2.137011528020000,0.000000000000000
-41.057060241700000,173.662704467999987,1.711849927900000,1.974123120310000,2.166615486150000,-2.137093544010000,0.000000000000000
-41.055080413799999,173.662048340000013,1.711773991580000,1.974071145060000,2.166558504100000,-2.137047290800000,0.000000000000000
-41.049930572500003,173.681747437000013,1.712183594700000,1.974649429320000,2.167298555370000,-2.137785911560000,0.000000000000000
-41.051071167000003,173.681289673000009,1.712774038310000,1.975388526920000,2.168070554730000,-2.138798952100000,0.000000000000000
-41.049133300800001,173.681060790999993,1.706403970720000,1.966051220890000,2.158065795900000,-2.117173433300000,0.000000000000000
-41.045875549300000,173.658966063999998,1.709283590320000,1.971466541290000,2.163751125340000,-2.134429931640000,0.000000000000000
-41.046535491900002,173.658950806000007,1.709485173230000,1.971718549730000,2.164016485210000,-2.134401082990000,0.000000000000000
-41.045528411900001,173.659469604000009,1.709567546840000,1.971781015400000,2.164036750790000,-2.134805440900000,0.000000000000000
-41.045154571499999,173.659927368000012,1.709456920620000,1.971685528760000,2.163932085040000,-2.134832620620000,0.000000000000000
-41.044311523399998,173.660339354999991,1.708222270010000,1.969519138340000,2.161638736720000,-2.128950595860000,0.000000000000000
-41.044815063500003,173.660369873000008,1.709417223930000,1.971606135370000,2.163842916490000,-2.134886503220000,0.000000000000000
-41.048389434800001,173.680587768999999,1.710968732830000,1.973234653470000,2.165798187260000,-2.135491371150000,0.000000000000000
-41.062019348100002,173.663436890000014,1.712301850320000,1.974632978440000,2.167180061340000,-2.137557268140000,0.000000000000000
-41.059482574500002,173.660247803000004,1.711905360220000,1.974089622500000,2.166578292850000,-2.136990547180000,0.000000000000000
-41.059978485099997,173.661239623999990,1.712041020390000,1.974291801450000,2.166801214220000,-2.137160062790000,0.000000000000000
-41.061161041299997,173.661987304999997,1.712204575540000,1.974494576450000,2.167027235030000,-2.137340784070000,0.000000000000000
-41.059959411599998,173.659225464000002,1.711889505390000,1.974069833760000,2.166556358340000,-2.136905431750000,0.000000000000000
-41.059192657499999,173.658401488999999,1.711767435070000,1.973867416380000,2.166330814360000,-2.136782169340000,0.000000000000000
-41.058475494400000,173.657745360999996,1.711646914480000,1.973737001420000,2.166190385820000,-2.136662244800000,0.000000000000000
-41.058612823499999,173.656936645999991,1.711699604990000,1.973800301550000,2.166254758830000,-2.136698961260000,0.000000000000000
-41.057907104500003,173.656539917000003,1.711686253550000,1.973821401600000,2.166283130650000,-2.136677503590000,0.000000000000000
-41.057304382300003,173.656143187999987,1.711670994760000,1.973837375640000,2.166311264040000,-2.136788368230000,0.000000000000000
-41.056789398200003,173.655776978000006,1.711709976200000,1.973949670790000,2.166451931000000,-2.136926889420000,0.000000000000000
-41.056339263900000,173.655136107999994,1.711322426800000,1.973281979560000,2.165835857390000,-2.135027647020000,0.000000000000000
-41.056762695300002,173.655258178999986,1.711641073230000,1.973884463310000,2.166363954540000,-2.136758565900000,0.000000000000000
-41.056240081799999,173.654815673999991,1.708436727520000,1.969194173810000,2.161368608470000,-2.123905658720000,0.000000000000000
-41.055919647200000,173.654586792000003,1.711626172070000,1.973792552950000,2.166307926180000,-2.136319875720000,0.000000000000000
-41.082916259800001,173.636611937999987,1.713080763820000,1.975225567820000,2.167805910110000,-2.137843847270000,0.000000000000000
-41.083461761499997,173.637725829999994,1.713174223900000,1.975299716000000,2.167865276340000,-2.137926816940000,0.000000000000000
-41.085121154799999,173.637878418000014,1.713414669040000,1.975521326070000,2.168117046360000,-2.138205528260000,0.000000000000000
-41.086791992199998,173.638565062999987,1.713471055030000,1.975670576100000,2.168290853500000,-2.138387680050000,0.000000000000000
-41.087020873999997,173.640045165999993,1.713442564010000,1.975623488430000,2.168234586720000,-2.138278722760000,0.000000000000000
-41.087333679200000,173.641372681000007,1.713347792630000,1.975540518760000,2.168157577510000,-2.138201236720000,0.000000000000000
-41.087776184100001,173.642623901000007,1.712948203090000,1.975365281110000,2.168015956880000,-2.138122797010000,0.000000000000000
-41.086486816399997,173.645904540999993,1.712980508800000,1.975316047670000,2.167935132980000,-2.138049602510000,0.000000000000000
-41.086380004900001,173.646911620999987,1.713157534600000,1.975345134740000,2.167935371400000,-2.137966394420000,0.000000000000000
-41.086402893100001,173.647903442000000,1.712999939920000,1.975291490550000,2.167882919310000,-2.137849807740000,0.000000000000000
-41.088432312000002,173.651733398000005,1.713454246520000,1.975812435150000,2.168460607530000,-2.138504505160000,0.000000000000000
-41.088909149199999,173.654876709000007,1.713625788690000,1.976051688190000,2.168731212620000,-2.138756513600000,0.000000000000000
-41.088558196999998,173.653182982999994,1.713515758510000,1.975877642630000,2.168538331990000,-2.138592243190000,0.000000000000000
-41.087444305399998,173.655960082999997,1.713413000110000,1.975829005240000,2.168493509290000,-2.138643741610000,0.000000000000000
-41.086112976099997,173.656570434999992,1.713310480120000,1.975669145580000,2.168310642240000,-2.138400793080000,0.000000000000000
-41.087570190400001,173.649810790999993,1.713305711750000,1.975589752200000,2.168206453320000,-2.138272285460000,0.000000000000000
-41.086654663099999,173.649002074999999,1.713255405430000,1.975523829460000,2.168137550350000,-2.138134479520000,0.000000000000000
-41.087348937999998,173.651092529000010,1.713349938390000,1.975657939910000,2.168290138240000,-2.138296127320000,0.000000000000000
-41.077564239499999,173.662078857000012,1.712569594380000,1.974832892420000,2.167382717130000,-2.137624979020000,0.000000000000000
-41.078346252400003,173.661544800000001,1.712777733800000,1.975018024440000,2.167601108550000,-2.137780427930000,0.000000000000000
-41.079059600800001,173.661102295000006,1.712705969810000,1.975011706350000,2.167597293850000,-2.137674093250000,0.000000000000000
-41.084991455100003,173.658126831000004,1.713253855710000,1.975639820100000,2.168275356290000,-2.138424634930000,0.000000000000000
-41.085254669199998,173.657104492000002,1.713217735290000,1.975584149360000,2.168216228490000,-2.138305425640000,0.000000000000000
-41.082157135000003,173.660675048999991,1.712750554080000,1.975127577780000,2.167758464810000,-2.138002872470000,0.000000000000000
-41.083999633799998,173.658218384000008,1.713147878650000,1.975514888760000,2.168142318730000,-2.138190507890000,0.000000000000000
-41.083332061800000,173.658920287999990,1.713083148000000,1.975405216220000,2.168011665340000,-2.138086080550000,0.000000000000000
-41.082668304400002,173.659774779999992,1.712860584260000,1.975198388100000,2.167813539510000,-2.137714624400000,0.000000000000000
-41.062870025599999,173.664932251000010,1.712391972540000,1.974738478660000,2.167295694350000,-2.137666940690000,0.000000000000000
-41.063823700000000,173.666839600000003,1.712482810020000,1.974837780000000,2.167409181590000,-2.137875080110000,0.000000000000000
-41.065853118900002,173.666885376000010,1.712498426440000,1.974853277210000,2.167427062990000,-2.137835264210000,0.000000000000000
-41.067218780499999,173.666000365999992,1.712521910670000,1.974850058560000,2.167416810990000,-2.137811660770000,0.000000000000000
-41.069301605200003,173.666168212999992,1.712539076810000,1.974856615070000,2.167423248290000,-2.137756586070000,0.000000000000000
-41.071117401099997,173.665695190000008,1.712543368340000,1.974855065350000,2.167420864110000,-2.137721300130000,0.000000000000000
-41.076831817600002,173.662719726999995,1.712612152100000,1.974870443340000,2.167433023450000,-2.137630939480000,0.000000000000000
-41.076095581099999,173.663574218999997,1.712546706200000,1.974811434750000,2.167361974720000,-2.137578725810000,0.000000000000000
-41.075138092000003,173.664276123000008,1.712576389310000,1.974876403810000,2.167442560200000,-2.137519836430000,0.000000000000000
-41.076534271200003,173.661712646000012,1.712515950200000,1.974792957310000,2.167349576950000,-2.137365579610000,0.000000000000000
-41.072246551500001,173.664794921999999,1.712558746340000,1.974865674970000,2.167428731920000,-2.137645244600000,0.000000000000000
-41.073703765899999,173.664108276000007,1.712595105170000,1.974871277810000,2.167421579360000,-2.137683153150000,0.000000000000000
-41.081756591800001,173.636474609000004,1.713031530380000,1.975062727930000,2.167599201200000,-2.137703657150000,0.000000000000000
-41.052707672099999,173.656219482000012,1.709942817690000,1.971780896190000,2.164150238040000,-2.133374452590000,0.000000000000000
-41.051887512199997,173.656967162999990,1.710432291030000,1.972581505780000,2.164998531340000,-2.135280132290000,0.000000000000000
-41.052040100100001,173.656311034999987,1.710061669350000,1.972039580350000,2.164400815960000,-2.134135246280000,0.000000000000000
-41.051132202100000,173.658020020000009,1.710424900050000,1.972638845440000,2.165070056920000,-2.135408401490000,0.000000000000000
-41.050380706799999,173.658493042000003,1.710304737090000,1.972460627560000,2.164862632750000,-2.135044813160000,0.000000000000000
-41.049579620400003,173.659088134999990,1.710173487660000,1.972437024120000,2.164802789690000,-2.135092496870000,0.000000000000000
-41.051166534399997,173.657226562000005,1.710180521010000,1.972287774090000,2.164687633510000,-2.134632349010000,0.000000000000000
-41.048431396500000,173.658706665000011,1.709857702260000,1.972025275230000,2.164367437360000,-2.134544372560000,0.000000000000000
-41.047336578399999,173.658859253000003,1.709527611730000,1.971747159960000,2.164060831070000,-2.134403705600000,0.000000000000000
-41.046161651600002,173.658493042000003,1.709394931790000,1.971609234810000,2.163928031920000,-2.134643077850000,0.000000000000000
-41.045516967799998,173.658370972000000,1.709519267080000,1.971711158750000,2.163998365400000,-2.134615659710000,0.000000000000000
-41.044803619400000,173.657974243000012,1.708941578870000,1.971130251880000,2.163491725920000,-2.134134054180000,0.000000000000000
-41.044200897200000,173.657928467000005,1.709188699720000,1.971448779110000,2.163776636120000,-2.134502172470000,0.000000000000000
-41.046749114999997,173.658294678000004,1.709533810620000,1.971737861630000,2.164056062700000,-2.134593963620000,0.000000000000000
-41.043228149400001,173.657730103000006,1.705816149710000,1.966779828070000,2.158812046050000,-2.123463630680000,0.000000000000000
-41.048831939700001,173.659805298000009,1.710059285160000,1.972255945210000,2.164608001710000,-2.134856700900000,0.000000000000000
-41.049831390400001,173.660064696999996,1.710157155990000,1.972303867340000,2.164704561230000,-2.134929895400000,0.000000000000000
-41.050800323499999,173.660369873000008,1.710830807690000,1.973116159440000,2.165540933610000,-2.136199712750000,0.000000000000000
-41.051975250200002,173.660720824999999,1.710952043530000,1.973305225370000,2.165742397310000,-2.136544466020000,0.000000000000000
-41.053028106699998,173.661422729000009,1.711706757550000,1.973881840710000,2.166345834730000,-2.136931657790000,0.000000000000000
-41.054031372099999,173.661865234000004,1.711761951450000,1.973991632460000,2.166473150250000,-2.137022256850000,0.000000000000000
-41.056980133099998,173.664016723999993,1.711890816690000,1.974200248720000,2.166703462600000,-2.137246370320000,0.000000000000000
-41.058231353799997,173.664825438999998,1.711992025380000,1.974285840990000,2.166799545290000,-2.137325286870000,0.000000000000000
-41.061759948700001,173.677474976000013,1.713082432750000,1.975500106810000,2.168153524400000,-2.138817787170000,0.000000000000000
-41.063400268599999,173.675994873000008,1.713060855870000,1.975417256360000,2.168065547940000,-2.138664722440000,0.000000000000000
-41.064109802200001,173.673492431999989,1.712843894960000,1.975248932840000,2.167862653730000,-2.138415336610000,0.000000000000000
-41.063808441200003,173.670944214000002,1.712646603580000,1.975005388260000,2.167604207990000,-2.138176441190000,0.000000000000000
-41.059669494600001,173.665695190000008,1.712232708930000,1.974565625190000,2.167105436330000,-2.137595653530000,0.000000000000000
-41.061508178700002,173.666503906000003,1.712411761280000,1.974741578100000,2.167303323750000,-2.137762546540000,0.000000000000000
-41.062187194800003,173.669021606000001,1.712516307830000,1.974884748460000,2.167461872100000,-2.137993574140000,0.000000000000000
-41.058525085399999,173.678604126000010,1.712960958480000,1.975381255150000,2.168040752410000,-2.138735055920000,0.000000000000000
-41.059532165500002,173.677078246999997,1.712870717050000,1.975256919860000,2.167894601820000,-2.138653993610000,0.000000000000000
-41.056938171399999,173.679122925000001,1.712789297100000,1.975248694420000,2.167913436890000,-2.138514041900000,0.000000000000000
-41.055164337199997,173.679595946999996,1.712618350980000,1.975107192990000,2.167757272720000,-2.138313531880000,0.000000000000000
-41.052536010700003,173.680877686000002,1.712603926660000,1.975125432010000,2.167785406110000,-2.138154029850000,0.000000000000000
-41.053718566900002,173.679885863999999,1.712606191640000,1.975141644480000,2.167806625370000,-2.138208389280000,0.000000000000000
-41.055759429900000,173.663192748999990,1.711686968800000,1.973992109300000,2.166476964950000,-2.137053728100000,0.000000000000000
-41.055900573700001,173.664459228999988,1.711650967600000,1.973937749860000,2.166422128680000,-2.137016534810000,0.000000000000000
-41.054370880100002,173.662979126000010,1.711618185040000,1.973893404010000,2.166369438170000,-2.136898517610000,0.000000000000000
-41.050113678000002,173.680541992000002,1.712366342540000,1.974825501440000,2.167478799820000,-2.138090133670000,0.000000000000000
-41.051288604699998,173.679931640999996,1.712297797200000,1.974805235860000,2.167456388470000,-2.137988328930000,0.000000000000000
-41.049125671399999,173.679962157999995,1.711495876310000,1.974018812180000,2.166647672650000,-2.136681795120000,0.000000000000000
-41.046176910400000,173.659530640000014,1.709473371510000,1.971690297130000,2.163990259170000,-2.134687900540000,0.000000000000000
-41.046924591100002,173.659591675000001,1.709506511690000,1.971727132800000,2.164030790330000,-2.134585618970000,0.000000000000000
-41.047821044899997,173.659652709999989,1.709705114360000,1.971920847890000,2.164242744450000,-2.134590625760000,0.000000000000000
-41.045761108400001,173.660034179999997,1.709372878070000,1.971556663510000,2.163832902910000,-2.134548902510000,0.000000000000000
-41.045356750499998,173.660446167000003,1.709451437000000,1.971656203270000,2.163909912110000,-2.134857177730000,0.000000000000000
-41.044502258300000,173.660736084000007,1.709292769430000,1.971485853200000,2.163698196410000,-2.135277509690000,0.000000000000000
-41.044990539600001,173.660812378000003,1.709330916400000,1.971568346020000,2.163809061050000,-2.134666919710000,0.000000000000000
-41.046970367400000,173.679504395000009,1.704472184180000,1.962836384770000,2.154497623440000,-2.109511375430000,0.000000000000000
-41.048049926799997,173.679641723999993,1.710231423380000,1.971881508830000,2.164341449740000,-2.131743192670000,0.000000000000000
-41.053176879900001,173.654678345000008,1.708112239840000,1.969209074970000,2.161307334900000,-2.126755476000000,0.000000000000000
-41.063526153600002,173.663528442000000,1.712341308590000,1.974647283550000,2.167198419570000,-2.137556314470000,0.000000000000000
-41.062862396200003,173.662200928000004,1.712261199950000,1.974576711650000,2.167116403580000,-2.137429475780000,0.000000000000000
-41.060901641800001,173.660293579000012,1.712072610860000,1.974331974980000,2.166846275330000,-2.137155771260000,0.000000000000000
-41.062213897699998,173.660949706999986,1.712140798570000,1.974423646930000,2.166949987410000,-2.137267589570000,0.000000000000000
-41.061058044399999,173.658966063999998,1.712013721470000,1.974253773690000,2.166759729390000,-2.137032985690000,0.000000000000000
-41.060283660899998,173.658126831000004,1.711863994600000,1.974038720130000,2.166522979740000,-2.136845827100000,0.000000000000000
-41.059394836400003,173.657440186000002,1.711722731590000,1.973799467090000,2.166254758830000,-2.136684417720000,0.000000000000000
-41.059383392299999,173.656539917000003,1.711718082430000,1.973860144620000,2.166328907010000,-2.136677503590000,0.000000000000000
-41.058601379400002,173.656158446999996,1.711620450020000,1.973747015000000,2.166205644610000,-2.136635780330000,0.000000000000000
-41.057933807399998,173.655838012999993,1.711722254750000,1.973959684370000,2.166451454160000,-2.136820554730000,0.000000000000000
-41.057384491000001,173.655456543000014,1.711663007740000,1.973869085310000,2.166353702550000,-2.136685848240000,0.000000000000000
-41.057910919199998,173.655380248999990,1.711687684060000,1.973886966710000,2.166365146640000,-2.136682987210000,0.000000000000000
-41.056621551500001,173.654815673999991,1.711651325230000,1.973959684370000,2.166488409040000,-2.136865377430000,0.000000000000000
-41.057159423800002,173.654876709000007,1.711674809460000,1.973979830740000,2.166502952580000,-2.136967182160000,0.000000000000000
-41.056316375700000,173.654388428000004,1.711624503140000,1.973887205120000,2.166405916210000,-2.136621713640000,0.000000000000000
-41.082126617400000,173.637466431000007,1.713097333910000,1.975222229960000,2.167778491970000,-2.137862682340000,0.000000000000000
-41.082466125499998,173.638656615999992,1.712982892990000,1.975084185600000,2.167641401290000,-2.137681245800000,0.000000000000000
-41.083923339800002,173.639068603999988,1.713130116460000,1.975306868550000,2.167884111400000,-2.137964487080000,0.000000000000000
-41.085502624500002,173.639526367000002,1.713260412220000,1.975433230400000,2.168027400970000,-2.138062477110000,0.000000000000000
-41.085872650100001,173.640991210999999,1.713230371480000,1.975450396540000,2.168053865430000,-2.138174295430000,0.000000000000000
-41.086879730200003,173.643707274999997,1.713156223300000,1.975455641750000,2.168077230450000,-2.138131856920000,0.000000000000000
-41.086338043200001,173.642349243000012,1.713270664220000,1.975446581840000,2.168044805530000,-2.138107538220000,0.000000000000000
-41.085853576700003,173.644332886000001,1.713113665580000,1.975318431850000,2.167893648150000,-2.137924432750000,0.000000000000000
-41.085594177200001,173.645263671999999,1.713119983670000,1.975275516510000,2.167850971220000,-2.137909889220000,0.000000000000000
-41.085418701199998,173.646362304999997,1.713014125820000,1.975267767910000,2.167851209640000,-2.137831687930000,0.000000000000000
-41.085388183600003,173.647491454999994,1.713162422180000,1.975358128550000,2.167949199680000,-2.137968540190000,0.000000000000000
-41.085498809800001,173.648590087999992,1.713081479070000,1.975353002550000,2.167951107030000,-2.138006210330000,0.000000000000000
-41.087226867699997,173.652542113999999,1.713323235510000,1.975646138190000,2.168276071550000,-2.138330459590000,0.000000000000000
-41.087303161599998,173.654190062999987,1.713433980940000,1.975789904590000,2.168436765670000,-2.138524055480000,0.000000000000000
-41.086021423299997,173.655166626000010,1.713290214540000,1.975651025770000,2.168288469310000,-2.138339996340000,0.000000000000000
-41.085018157999997,173.656097412000008,1.713229417800000,1.975615382190000,2.168252229690000,-2.138377904890000,0.000000000000000
-41.086364746100003,173.650314331000004,1.713190436360000,1.975493788720000,2.168107509610000,-2.138139724730000,0.000000000000000
-41.085613250700000,173.649597168000014,1.713133573530000,1.975389122960000,2.167989730830000,-2.138005495070000,0.000000000000000
-41.086055755600000,173.651687621999997,1.713243365290000,1.975528597830000,2.168143749240000,-2.138196468350000,0.000000000000000
-41.077339172400002,173.661056518999999,1.712499499320000,1.974781751630000,2.167336463930000,-2.137353181840000,0.000000000000000
-41.079269409200002,173.660156250000000,1.712815403940000,1.975030183790000,2.167608976360000,-2.137724399570000,0.000000000000000
-41.078239440899999,173.660461426000012,1.712540864940000,1.974840402600000,2.167402744290000,-2.137468338010000,0.000000000000000
-41.084178924600003,173.657073975000003,1.713088035580000,1.975400686260000,2.168014049530000,-2.138024568560000,0.000000000000000
-41.083976745599998,173.655853271000012,1.713096261020000,1.975439906120000,2.168055534360000,-2.138129472730000,0.000000000000000
-41.081539154100000,173.659713745000005,1.712908267970000,1.975240468980000,2.167834520340000,-2.137932300570000,0.000000000000000
-41.080383300800001,173.659912109000004,1.712884902950000,1.975197434430000,2.167804956440000,-2.137896299360000,0.000000000000000
-41.083068847699998,173.657745360999996,1.712980985640000,1.975330829620000,2.167941331860000,-2.137998104100000,0.000000000000000
-41.082176208500002,173.658630370999987,1.712920427320000,1.975243449210000,2.167840719220000,-2.137893676760000,0.000000000000000
-41.065303802499997,173.664688109999986,1.712418198590000,1.974754929540000,2.167315483090000,-2.137723684310000,0.000000000000000
-41.067943573000001,173.664306640999996,1.712412953380000,1.974738955500000,2.167299509050000,-2.137671709060000,0.000000000000000
-41.070369720499997,173.664093017999988,1.712484836580000,1.974777817730000,2.167327880860000,-2.137657880780000,0.000000000000000
-41.075691223100002,173.662384032999995,1.712552309040000,1.974838972090000,2.167394399640000,-2.137498617170000,0.000000000000000
-41.074760437000002,173.663146973000011,1.712509632110000,1.974768519400000,2.167315721510000,-2.137395143510000,0.000000000000000
-41.076225280800003,173.660644531000003,1.712540745740000,1.974809288980000,2.167360544200000,-2.137515068050000,0.000000000000000
-41.075557708700003,173.661392212000010,1.712475299840000,1.974718809130000,2.167258262630000,-2.137436866760000,0.000000000000000
-41.072246551500001,173.663269043000014,1.712445259090000,1.974712491040000,2.167258739470000,-2.137444496150000,0.000000000000000
-41.073554992699997,173.662811279000010,1.712475657460000,1.974760532380000,2.167310953140000,-2.137488603590000,0.000000000000000
-41.080978393599999,173.637145995999987,1.712925910950000,1.975002169610000,2.167541503910000,-2.137630701070000,0.000000000000000
-41.052673339800002,173.655105590999995,1.710014820100000,1.971954703330000,2.164305686950000,-2.133888483050000,0.000000000000000
-41.052284240699997,173.655670165999993,1.710137963290000,1.972047448160000,2.164371967320000,-2.134025335310000,0.000000000000000
-41.051307678199997,173.656463623000008,1.709986448290000,1.971986174580000,2.164343595500000,-2.134164094920000,0.000000000000000
-41.051521301299999,173.655746459999989,1.710089802740000,1.972071528430000,2.164430856700000,-2.134329080580000,0.000000000000000
-41.050346374500002,173.657546996999997,1.710021376610000,1.972071170810000,2.164426088330000,-2.134377002720000,0.000000000000000
-41.049442291299997,173.658035278000000,1.709985733030000,1.972127318380000,2.164486169820000,-2.134618759160000,0.000000000000000
-41.050498962399999,173.656677245999987,1.710059046750000,1.972033977510000,2.164366245270000,-2.134359598160000,0.000000000000000
-41.048461914100002,173.657516479000009,1.709718585010000,1.971833467480000,2.164133310320000,-2.134312152860000,0.000000000000000
-41.047550201400000,173.657989501999992,1.709558486940000,1.971783757210000,2.164094209670000,-2.134387731550000,0.000000000000000
-41.046123504599997,173.657913207999997,1.709089994430000,1.971319794650000,2.163633346560000,-2.134067535400000,0.000000000000000
-41.045471191399997,173.657623290999993,1.709422230720000,1.971687078480000,2.164003610610000,-2.134903669360000,0.000000000000000
-41.044914245599998,173.657318115000010,1.708705067630000,1.970985889430000,2.163308382030000,-2.134020328520000,0.000000000000000
-41.044410705600001,173.657485962000010,1.709109544750000,1.971453428270000,2.163798332210000,-2.135102510450000,0.000000000000000
-41.044555664100002,173.657104492000002,1.709071040150000,1.971253633500000,2.163503408430000,-2.133985042570000,0.000000000000000
-41.046787262000002,173.657516479000009,1.709491133690000,1.971715092660000,2.164034128190000,-2.134431600570000,0.000000000000000
-41.043495178199997,173.657363892000006,1.708884000780000,1.970791220660000,2.163080215450000,-2.133136987690000,0.000000000000000
-41.048160553000002,173.660552978999988,1.709686160090000,1.971858263020000,2.164185523990000,-2.134613275530000,0.000000000000000
-41.049160003700003,173.660812378000003,1.710265517230000,1.972474694250000,2.164839744570000,-2.135222911830000,0.000000000000000
-41.050064086900001,173.660934448000006,1.710295915600000,1.972501158710000,2.164900779720000,-2.135355234150000,0.000000000000000
-41.050891876199998,173.661468506000006,1.710645794870000,1.972858667370000,2.165282964710000,-2.135826110840000,0.000000000000000
-41.052005767799997,173.662063598999993,1.711038589480000,1.973281383510000,2.165716409680000,-2.136464595790000,0.000000000000000
-41.053169250499998,173.662612915000011,1.711646437640000,1.973868489270000,2.166337013240000,-2.136920928960000,0.000000000000000
-41.056713104200000,173.665588379000013,1.711836576460000,1.974163174630000,2.166668891910000,-2.137292623520000,0.000000000000000
-41.058231353799997,173.666290282999995,1.712049245830000,1.974357604980000,2.166883945470000,-2.137487411500000,0.000000000000000
-41.061031341600000,173.674804687999995,1.712683677670000,1.975036382680000,2.167650461200000,-2.138397216800000,0.000000000000000
-41.061607360799997,173.671829223999993,1.712632894520000,1.974976181980000,2.167567491530000,-2.138215065000000,0.000000000000000
-41.059455871600001,173.667846679999997,1.712237834930000,1.974561572070000,2.167107343670000,-2.137711048130000,0.000000000000000
-41.059894561800000,173.670196532999995,1.712284684180000,1.974632501600000,2.167193889620000,-2.137918710710000,0.000000000000000
-41.057483673100002,173.677291870000005,1.712590932850000,1.975013613700000,2.167642354970000,-2.138385534290000,0.000000000000000
-41.058212280299998,173.675262451000009,1.712347865100000,1.974729776380000,2.167323827740000,-2.138131618500000,0.000000000000000
-41.055629730200003,173.677825928000004,1.712650418280000,1.975081324580000,2.167709589000000,-2.138403654100000,0.000000000000000
-41.053966522200000,173.678451537999990,1.712475299840000,1.974923610690000,2.167560100560000,-2.138085126880000,0.000000000000000
-41.052566528299998,173.679199218999997,1.712435960770000,1.974939823150000,2.167573690410000,-2.138112545010000,0.000000000000000
-41.054756164600001,173.664215087999992,1.711743831630000,1.974059462550000,2.166549682620000,-2.137103557590000,0.000000000000000
-41.055286407499999,173.665298462000010,1.711634039880000,1.973953723910000,2.166443586350000,-2.137123584750000,0.000000000000000
-41.053440094000003,173.663909912000008,1.711479663850000,1.973716139790000,2.166179895400000,-2.136843204500000,0.000000000000000
-41.050140380899997,173.679229735999996,1.711646676060000,1.974188447000000,2.166818380360000,-2.137071132660000,0.000000000000000
-41.051311492899998,173.678451537999990,1.712189793590000,1.974635362630000,2.167266845700000,-2.137541055680000,0.000000000000000
-41.048931121800003,173.678695678999986,1.711545586590000,1.974042892460000,2.166651248930000,-2.137212038040000,0.000000000000000
-41.046436309800001,173.660186767999988,1.709444046020000,1.971669077870000,2.163945674900000,-2.134590625760000,0.000000000000000
-41.047237396200003,173.660369873000008,1.709631800650000,1.971814394000000,2.164123296740000,-2.134532451630000,0.000000000000000
-41.045928955100003,173.660629271999994,1.709351658820000,1.971550226210000,2.163817882540000,-2.134753942490000,0.000000000000000
-41.045482635500001,173.660949706999986,1.709271550180000,1.971422553060000,2.163661003110000,-2.134707927700000,0.000000000000000
-41.044643402100000,173.661209106000001,1.709241628650000,1.971412658690000,2.163632392880000,-2.134899377820000,0.000000000000000
-41.045139312700002,173.661209106000001,1.708798885350000,1.971048474310000,2.163288354870000,-2.134608983990000,0.000000000000000
-41.047519683799997,173.678329467999987,1.710649967190000,1.973029255870000,2.165586471560000,-2.135610818860000,0.000000000000000
-41.052490234399997,173.654373168999996,1.710062146190000,1.971980333330000,2.164315223690000,-2.133977890010000,0.000000000000000
-41.053066253700003,173.654098511000001,1.709946632390000,1.971899867060000,2.164228916170000,-2.133853912350000,0.000000000000000
-41.064586639399998,173.662429809999992,1.712282419200000,1.974598288540000,2.167143583300000,-2.137490749360000,0.000000000000000
-41.063678741499999,173.660858154000010,1.712238550190000,1.974532246590000,2.167069435120000,-2.137373209000000,0.000000000000000
-41.062473297099999,173.659439087000010,1.712098836900000,1.974366307260000,2.166886568070000,-2.137140750890000,0.000000000000000
-41.061672210700003,173.657791137999993,1.711992144580000,1.974257230760000,2.166765451430000,-2.136987209320000,0.000000000000000
-41.060428619400000,173.656906128000003,1.711803913120000,1.973971724510000,2.166449069980000,-2.136727094650000,0.000000000000000
-41.059986114499999,173.656082153000000,1.711767792700000,1.973958373070000,2.166436433790000,-2.136701107030000,0.000000000000000
-41.059291839600000,173.655731201000009,1.711690187450000,1.973812222480000,2.166269540790000,-2.136617660520000,0.000000000000000
-41.058490753199997,173.655364990000010,1.711734294890000,1.973950505260000,2.166433095930000,-2.136685848240000,0.000000000000000
-41.057846069299998,173.654891967999987,1.711732029910000,1.974053382870000,2.166560649870000,-2.136798143390000,0.000000000000000
-41.056915283199999,173.654388428000004,1.711587667470000,1.973903059960000,2.166412591930000,-2.136719942090000,0.000000000000000
-41.057437896700002,173.654449462999992,1.711661696430000,1.973956584930000,2.166464567180000,-2.136692762370000,0.000000000000000
-41.056144714399998,173.653579712000010,1.711651325230000,1.973922729490000,2.166472196580000,-2.136790513990000,0.000000000000000
-41.056652069099997,173.653869629000013,1.711706638340000,1.974110007290000,2.166676759720000,-2.136887788770000,0.000000000000000
-41.055717468300003,173.652511597000000,1.710835933690000,1.973032116890000,2.165549039840000,-2.134696006770000,0.000000000000000
-41.056087493900002,173.653076171999999,1.707251548770000,1.967260837550000,2.159241437910000,-2.119549751280000,0.000000000000000
-41.081192016599999,173.638214110999996,1.712847232820000,1.974947810170000,2.167474031450000,-2.137540817260000,0.000000000000000
-41.081359863300001,173.639450073000006,1.712892889980000,1.975010156630000,2.167546033860000,-2.137668371200000,0.000000000000000
-41.082721710199998,173.640060425000001,1.713005423550000,1.975167155270000,2.167728424070000,-2.137773752210000,0.000000000000000
-41.084278106699998,173.640579223999993,1.713194847110000,1.975310802460000,2.167883396150000,-2.137956380840000,0.000000000000000
-41.084766387899997,173.642074584999989,1.713071584700000,1.975291967390000,2.167871952060000,-2.137899398800000,0.000000000000000
-41.085395812999998,173.643371581999986,1.713125586510000,1.975310564040000,2.167895078660000,-2.137957096100000,0.000000000000000
-41.084716796899997,173.644454956000004,1.713025450710000,1.975260734560000,2.167852163310000,-2.137838363650000,0.000000000000000
-41.084384918200001,173.645675659000005,1.713078379630000,1.975276708600000,2.167857885360000,-2.137861490250000,0.000000000000000
-41.084278106699998,173.646942139000004,1.712982058530000,1.975203633310000,2.167780637740000,-2.137833595280000,0.000000000000000
-41.084358215300000,173.648208618000012,1.713022708890000,1.975251793860000,2.167833805080000,-2.137808561330000,0.000000000000000
-41.084583282499999,173.649398803999986,1.713021159170000,1.975288391110000,2.167878866200000,-2.137897968290000,0.000000000000000
-41.085659027100000,173.653396606000001,1.713213443760000,1.975569963460000,2.168197393420000,-2.138278961180000,0.000000000000000
-41.084583282499999,173.654785156000003,1.713121294980000,1.975424528120000,2.168032646180000,-2.138129711150000,0.000000000000000
-41.084957122799999,173.650680542000003,1.713108658790000,1.975404858590000,2.168008804320000,-2.138062000270000,0.000000000000000
-41.084774017299999,173.652099609000004,1.713095545770000,1.975385189060000,2.167987585070000,-2.138015270230000,0.000000000000000
-41.077133178700002,173.659866332999997,1.712565302850000,1.974811434750000,2.167357921600000,-2.137480258940000,0.000000000000000
-41.079555511499997,173.659103393999999,1.712635636330000,1.974948644640000,2.167512893680000,-2.137624263760000,0.000000000000000
-41.078296661400003,173.659103393999999,1.712584137920000,1.974898099900000,2.167466402050000,-2.137516021730000,0.000000000000000
-41.083152771000002,173.654937743999994,1.713002443310000,1.975328087810000,2.167933464050000,-2.137976646420000,0.000000000000000
-41.082946777300002,173.656372070000003,1.713026762010000,1.975352406500000,2.167953968050000,-2.138082981110000,0.000000000000000
-41.080680847200000,173.658447265999996,1.712787270550000,1.975077152250000,2.167654991150000,-2.137719154360000,0.000000000000000
-41.081768035899998,173.657211303999986,1.712918996810000,1.975229978560000,2.167824268340000,-2.137848377230000,0.000000000000000
-41.066627502400003,173.662536620999987,1.712329983710000,1.974645018580000,2.167191982270000,-2.137536048890000,0.000000000000000
-41.068840026899998,173.662353515999996,1.712349414830000,1.974638819690000,2.167185068130000,-2.137501478200000,0.000000000000000
-41.075824737500000,173.659408568999993,1.712430834770000,1.974704265590000,2.167250394820000,-2.137335538860000,0.000000000000000
-41.070903778100003,173.662048340000013,1.712393283840000,1.974697113040000,2.167248010640000,-2.137534141540000,0.000000000000000
-41.074375152599998,173.661758423000009,1.712489485740000,1.974752783780000,2.167299032210000,-2.137466192250000,0.000000000000000
-41.074958801299999,173.660430907999995,1.712484717370000,1.974749088290000,2.167293071750000,-2.137363433840000,0.000000000000000
-41.072692871100003,173.661758423000009,1.712471365930000,1.974737286570000,2.167277812960000,-2.137496471410000,0.000000000000000
-41.080059051500001,173.637695312000005,1.712750077250000,1.974903702740000,2.167439222340000,-2.137605190280000,0.000000000000000
-41.042179107700001,173.642120360999996,1.702271461490000,1.963511347770000,2.155408620830000,-2.124582290650000,0.000000000000000
-41.042541503899997,173.642272948999988,1.702207446100000,1.963463425640000,2.155361652370000,-2.124619007110000,0.000000000000000
-41.051788330100003,173.654922484999986,1.709916114810000,1.971848726270000,2.164157152180000,-2.133826017380000,0.000000000000000
-41.050727844199997,173.655883789000001,1.709953427310000,1.971867918970000,2.164166688920000,-2.133989095690000,0.000000000000000
-41.050991058299999,173.655227660999998,1.709842085840000,1.971757173540000,2.164075613020000,-2.133771657940000,0.000000000000000
-41.049461364700001,173.656860351999995,1.710014224050000,1.972012758260000,2.164317131040000,-2.134408473970000,0.000000000000000
-41.049980163599997,173.656066895000009,1.709943771360000,1.971844315530000,2.164151668550000,-2.134003162380000,0.000000000000000
-41.048343658400000,173.656448363999999,1.709601879120000,1.971638560300000,2.163937091830000,-2.134015798570000,0.000000000000000
-41.047534942600002,173.657043456999986,1.709527611730000,1.971678972240000,2.163985967640000,-2.134308338170000,0.000000000000000
-41.046066284200002,173.657196045000006,1.709224343300000,1.971440434460000,2.163769006730000,-2.134470939640000,0.000000000000000
-41.045398712199997,173.656951904000010,1.708880305290000,1.971104621890000,2.163421392440000,-2.133858203890000,0.000000000000000
-41.044849395800000,173.656814574999999,1.709075450900000,1.971356868740000,2.163669347760000,-2.134879589080000,0.000000000000000
-41.044460296600001,173.656799315999990,1.709196805950000,1.971502423290000,2.163816928860000,-2.135147333150000,0.000000000000000
-41.044139862100003,173.657073975000003,1.708370685580000,1.970641136170000,2.162973165510000,-2.133699655530000,0.000000000000000
-41.043739318800000,173.657150268999999,1.708821058270000,1.971209526060000,2.163572311400000,-2.134845018390000,0.000000000000000
-41.046691894500000,173.656692504999995,1.709179639820000,1.971358060840000,2.163666963580000,-2.133998870850000,0.000000000000000
-41.043437957800002,173.657012938999998,1.707346200940000,1.969595432280000,2.161888360980000,-2.132959365840000,0.000000000000000
-41.047492980999998,173.661209106000001,1.709711909290000,1.971885919570000,2.164185047150000,-2.134783029560000,0.000000000000000
-41.048431396500000,173.661529540999993,1.709870219230000,1.971991777420000,2.164332628250000,-2.134763479230000,0.000000000000000
-41.049640655499999,173.661941528000000,1.710264205930000,1.972413539890000,2.164795875550000,-2.135349988940000,0.000000000000000
-41.050853729200000,173.662796020999991,1.710746407510000,1.973052024840000,2.165477514270000,-2.136287450790000,0.000000000000000
-41.052127838099999,173.663421631000006,1.711360216140000,1.973519802090000,2.165966987610000,-2.136576652530000,0.000000000000000
-41.055274963400002,173.666717529000010,1.711660146710000,1.973944544790000,2.166436910630000,-2.137147665020000,0.000000000000000
-41.057094573999997,173.667510985999996,1.711860060690000,1.974158406260000,2.166668415070000,-2.137399435040000,0.000000000000000
-41.058612823499999,173.672500609999986,1.712151646610000,1.974498867990000,2.167056322100000,-2.137930870060000,0.000000000000000
-41.057617187500000,173.669769287000008,1.711990833280000,1.974293708800000,2.166824102400000,-2.137660264970000,0.000000000000000
-41.056076049799998,173.675903320000003,1.712152361870000,1.974537849430000,2.167124986650000,-2.137901067730000,0.000000000000000
-41.056545257600000,173.673965454000012,1.712106704710000,1.974463224410000,2.167026281360000,-2.137914419170000,0.000000000000000
-41.054153442400001,173.676620482999994,1.712034463880000,1.974478125570000,2.167071580890000,-2.137699127200000,0.000000000000000
-41.052577972400002,173.677551270000009,1.712016105650000,1.974467754360000,2.167062997820000,-2.137601137160000,0.000000000000000
-41.053791046100002,173.665512084999989,1.711383461950000,1.973638057710000,2.166101455690000,-2.136791944500000,0.000000000000000
-41.052421569800003,173.664703368999994,1.711340069770000,1.973517298700000,2.165967702870000,-2.136689424510000,0.000000000000000
-41.050064086900001,173.677780151000007,1.711743116380000,1.974144577980000,2.166723012920000,-2.137192249300000,0.000000000000000
-41.051246643100001,173.677062987999989,1.711727857590000,1.974157214160000,2.166750907900000,-2.137307643890000,0.000000000000000
-41.048694610600002,173.677230834999989,1.710909485820000,1.973326325420000,2.165893554690000,-2.135816335680000,0.000000000000000
-41.044147491499999,173.661361693999993,1.707515239720000,1.969914197920000,2.162124156950000,-2.134333848950000,0.000000000000000
-41.046588897699998,173.660995482999994,1.709406375890000,1.971560955050000,2.163849115370000,-2.134627580640000,0.000000000000000
-41.045940399199999,173.661148071000014,1.709240317340000,1.971454381940000,2.163726329800000,-2.134468793870000,0.000000000000000
-41.045539855999998,173.661453246999997,1.709148764610000,1.971348166470000,2.163601875310000,-2.134701967240000,0.000000000000000
-41.044521331799999,173.661712646000012,1.707720756530000,1.970166087150000,2.162373781200000,-2.134439706800000,0.000000000000000
-41.045036315899999,173.661621093999997,1.708776593210000,1.971053004260000,2.163286447530000,-2.134500503540000,0.000000000000000
-41.046211242699997,173.677719115999992,1.710531711580000,1.972987651820000,2.165535688400000,-2.135984659190000,0.000000000000000
-41.047286987299998,173.676849365000010,1.710906624790000,1.973253846170000,2.165766477580000,-2.136443614960000,0.000000000000000
-41.051685333300000,173.653945923000009,1.709895253180000,1.971884369850000,2.164194107060000,-2.134062528610000,0.000000000000000
-41.052551269500000,173.653518676999994,1.709801673890000,1.971641898160000,2.163935184480000,-2.133523464200000,0.000000000000000
-41.053131103500000,173.652984618999994,1.710302472110000,1.972331285480000,2.164710760120000,-2.134819030760000,0.000000000000000
-41.065532684300003,173.660812378000003,1.712191462520000,1.974489927290000,2.167025089260000,-2.137349605560000,0.000000000000000
-41.064411163300001,173.659286498999990,1.712113976480000,1.974401116370000,2.166924476620000,-2.137220382690000,0.000000000000000
-41.063377380399999,173.657897948999988,1.712015509610000,1.974271774290000,2.166782617570000,-2.137049436570000,0.000000000000000
-41.062610626199998,173.656661987000007,1.711904764180000,1.974144458770000,2.166642427440000,-2.136878252030000,0.000000000000000
-41.061492919899997,173.656539917000003,1.711837649350000,1.974047899250000,2.166534900670000,-2.136785745620000,0.000000000000000
-41.060794830299997,173.655868529999992,1.711818933490000,1.974051475520000,2.166539430620000,-2.136744976040000,0.000000000000000
-41.060031890899999,173.655334473000011,1.711710333820000,1.973915219310000,2.166396141050000,-2.136615991590000,0.000000000000000
-41.059268951400000,173.654953003000003,1.711648106580000,1.973817467690000,2.166288375850000,-2.136592149730000,0.000000000000000
-41.058586120599998,173.654556273999987,1.711713552470000,1.973951339720000,2.166440486910000,-2.136670827870000,0.000000000000000
-41.059249877900001,173.654266357000012,1.711627841000000,1.973858118060000,2.166337966920000,-2.136537075040000,0.000000000000000
-41.057952880899997,173.654159545999988,1.711719751360000,1.974049806590000,2.166557312010000,-2.136703014370000,0.000000000000000
-41.057315826400000,173.653961181999989,1.711729049680000,1.974106192590000,2.166639089580000,-2.136957168580000,0.000000000000000
-41.056644439700001,173.653274535999998,1.711724877360000,1.974008321760000,2.166549205780000,-2.136904478070000,0.000000000000000
-41.057128906199999,173.653488159000005,1.711518049240000,1.973819017410000,2.166309833530000,-2.136548757550000,0.000000000000000
-41.054107666000000,173.652404784999987,1.710556983950000,1.972676992420000,2.165136814120000,-2.135131835940000,0.000000000000000
-41.055561065699997,173.652038573999988,1.711123347280000,1.973473429680000,2.166000127790000,-2.136140346530000,0.000000000000000
-41.056125640899999,173.652557373000008,1.711442708970000,1.973871111870000,2.166464805600000,-2.137335538860000,0.000000000000000
-41.055992126500001,173.652160645000009,1.711092114450000,1.973502874370000,2.166069030760000,-2.135785341260000,0.000000000000000
-41.056629180900003,173.652694701999991,1.711520671840000,1.973713040350000,2.166206359860000,-2.136424303050000,0.000000000000000
-41.080169677699999,173.638839722000000,1.712703824040000,1.974840521810000,2.167375087740000,-2.137340784070000,0.000000000000000
-41.080200195300002,173.640075684000010,1.712648391720000,1.974762678150000,2.167281866070000,-2.137357950210000,0.000000000000000
-41.081409454300001,173.640823363999999,1.712798714640000,1.974937081340000,2.167476415630000,-2.137495517730000,0.000000000000000
-41.082885742199998,173.641784668000014,1.712939500810000,1.975113272670000,2.167677640910000,-2.137766599660000,0.000000000000000
-41.083820342999999,173.643325806000007,1.713066935540000,1.975227832790000,2.167796373370000,-2.137872934340000,0.000000000000000
-41.081314086900001,173.642089843999997,1.712808012960000,1.974941611290000,2.167471885680000,-2.137574672700000,0.000000000000000
-41.083255767799997,173.644760131999988,1.712910771370000,1.975104451180000,2.167660474780000,-2.137756347660000,0.000000000000000
-41.083755493200002,173.650192261000001,1.712993502620000,1.975243449210000,2.167827606200000,-2.137852668760000,0.000000000000000
-41.083049774199999,173.646240234000004,1.712938785550000,1.975127816200000,2.167694091800000,-2.137693881990000,0.000000000000000
-41.083068847699998,173.647705078000001,1.712918400760000,1.975144624710000,2.167713403700000,-2.137756586070000,0.000000000000000
-41.083320617699997,173.649093628000003,1.712977290150000,1.975214481350000,2.167792558670000,-2.137872695920000,0.000000000000000
-41.083660125700000,173.653274535999998,1.713036298750000,1.975347638130000,2.167947292330000,-2.138023376460000,0.000000000000000
-41.083541870099999,173.651473998999990,1.712986111640000,1.975270986560000,2.167860984800000,-2.137937307360000,0.000000000000000
-41.082191467299999,173.653945923000009,1.712909340860000,1.975197315220000,2.167782545090000,-2.137871980670000,0.000000000000000
-41.076873779300001,173.658508301000012,1.712525010110000,1.974779963490000,2.167327404020000,-2.137413263320000,0.000000000000000
-41.079147338900000,173.657897948999988,1.712723255160000,1.974988460540000,2.167558670040000,-2.137588500980000,0.000000000000000
-41.077861785899998,173.657745360999996,1.712558627130000,1.974820017810000,2.167370080950000,-2.137492418290000,0.000000000000000
-41.081546783400000,173.655410767000006,1.712839961050000,1.975120425220000,2.167702198030000,-2.137751579280000,0.000000000000000
-41.080192565899999,173.656692504999995,1.712745547290000,1.975059270860000,2.167635917660000,-2.137729406360000,0.000000000000000
-41.067558288599997,173.660675048999991,1.712250113490000,1.974549412730000,2.167088270190000,-2.137430906300000,0.000000000000000
-41.075435638400002,173.657958984000004,1.712445616720000,1.974705696110000,2.167245149610000,-2.137374401090000,0.000000000000000
-41.069648742699997,173.660476684999992,1.712280511860000,1.974555611610000,2.167087554930000,-2.137374162670000,0.000000000000000
-41.074333190899999,173.659072876000010,1.712440967560000,1.974680662160000,2.167215108870000,-2.137413263320000,0.000000000000000
-41.071636200000000,173.660354613999999,1.712348580360000,1.974609375000000,2.167145013810000,-2.137362957000000,0.000000000000000
-41.073429107700001,173.660369873000008,1.712375521660000,1.974646806720000,2.167187452320000,-2.137354612350000,0.000000000000000
-41.077846527100000,173.636413573999988,1.712282538410000,1.974455237390000,2.166969299320000,-2.137150764470000,0.000000000000000
-41.079067230200003,173.638229370000005,1.712484717370000,1.974571585660000,2.167064189910000,-2.137243509290000,0.000000000000000
-41.042316436800000,173.642547607000012,1.702302694320000,1.963539838790000,2.155437469480000,-2.124643325810000,0.000000000000000
-41.042789459200002,173.642578125000000,1.702275514600000,1.963494300840000,2.155383110050000,-2.124593734740000,0.000000000000000
-41.043033599899999,173.642898559999992,1.702111601830000,1.963379263880000,2.155271530150000,-2.124721527100000,0.000000000000000
-41.043277740500002,173.643218993999994,1.702322125430000,1.963626742360000,2.155525445940000,-2.125195503230000,0.000000000000000
-41.043502807599999,173.643539428999986,1.701715469360000,1.962865233420000,2.154743433000000,-2.124439716340000,0.000000000000000
-41.050857543900001,173.654449462999992,1.709921836850000,1.971843123440000,2.164160966870000,-2.134010791780000,0.000000000000000
-41.050064086900001,173.655151367000002,1.709955573080000,1.971897602080000,2.164191484450000,-2.134225606920000,0.000000000000000
-41.049144744899998,173.655761718999997,1.709549903870000,1.971477508540000,2.163755655290000,-2.133766412730000,0.000000000000000
-41.048103332499998,173.655410767000006,1.709512233730000,1.971500873570000,2.163758277890000,-2.133900403980000,0.000000000000000
-41.047367095900000,173.656097412000008,1.709303855900000,1.971443414690000,2.163708448410000,-2.134053230290000,0.000000000000000
-41.045917510999999,173.656448363999999,1.709195494650000,1.971414327620000,2.163708925250000,-2.134496450420000,0.000000000000000
-41.045181274400001,173.656280517999988,1.708935737610000,1.971157073970000,2.163445711140000,-2.134377241130000,0.000000000000000
-41.044593810999999,173.656417847000000,1.707999348640000,1.970110654830000,2.162397384640000,-2.132332086560000,0.000000000000000
-41.044170379599997,173.656585693000011,1.708656311040000,1.970969796180000,2.163243293760000,-2.134549379350000,0.000000000000000
-41.043792724600003,173.656799315999990,1.708415269850000,1.970704555510000,2.162970066070000,-2.134067296980000,0.000000000000000
-41.046474456799999,173.655868529999992,1.709105491640000,1.971360206600000,2.163666963580000,-2.134136199950000,0.000000000000000
-41.043457031199999,173.656585693000011,1.708346009250000,1.970742464070000,2.163062810900000,-2.134422779080000,0.000000000000000
-41.043155670200001,173.656784058000000,1.703198909760000,1.962446928020000,2.154085397720000,-2.113145112990000,0.000000000000000
-41.046924591100002,173.661697387999993,1.709499239920000,1.971627473830000,2.163912534710000,-2.134536266330000,0.000000000000000
-41.047607421899997,173.662094115999992,1.709420561790000,1.971607565880000,2.163929700850000,-2.134615659710000,0.000000000000000
-41.048519134499998,173.662628173999991,1.710066318510000,1.972228169440000,2.164577007290000,-2.135248899460000,0.000000000000000
-41.049575805700002,173.663391112999989,1.710051178930000,1.972212076190000,2.164605855940000,-2.135261058810000,0.000000000000000
-41.050880432100001,173.664474487000007,1.710727214810000,1.972967028620000,2.165387630460000,-2.136229038240000,0.000000000000000
-41.053493499799998,173.667526245000005,1.711433768270000,1.973690032960000,2.166164875030000,-2.136952161790000,0.000000000000000
-41.055278778100003,173.668853759999990,1.711575984950000,1.973855137830000,2.166349649430000,-2.137222766880000,0.000000000000000
-41.055377960199998,173.671737670999988,1.711579561230000,1.973898649220000,2.166411876680000,-2.137316703800000,0.000000000000000
-41.054450988799999,173.674423217999987,1.711764097210000,1.974148154260000,2.166696071620000,-2.137490034100000,0.000000000000000
-41.052223205600001,173.675537109000004,1.711848855020000,1.974199771880000,2.166763544080000,-2.137386560440000,0.000000000000000
-41.051876068100000,173.666229248000008,1.711223125460000,1.973416090010000,2.165874004360000,-2.136651992800000,0.000000000000000
-41.050067901600002,173.676010131999988,1.711328744890000,1.973755121230000,2.166318178180000,-2.136689186100000,0.000000000000000
-41.048301696800003,173.675750732000012,1.710759997370000,1.973116517070000,2.165644168850000,-2.136141300200000,0.000000000000000
-41.042972564700001,173.661071776999989,1.703721165660000,1.965626835820000,2.157578945160000,-2.125314712520000,0.000000000000000
-41.043712616000001,173.661468506000006,1.706672191620000,1.968954682350000,2.161123514180000,-2.133564949040000,0.000000000000000
-41.044075012199997,173.661758423000009,1.706946969030000,1.969502687450000,2.161720037460000,-2.133592605590000,0.000000000000000
-41.046165466300003,173.661758423000009,1.709200143810000,1.971391081810000,2.163657426830000,-2.134692192080000,0.000000000000000
-41.045471191399997,173.662002562999987,1.708684325220000,1.970949292180000,2.163202762600000,-2.134486675260000,0.000000000000000
-41.044326782200002,173.662185668999996,1.707706332210000,1.970208644870000,2.162425279620000,-2.134150981900000,0.000000000000000
-41.044895172099999,173.662124634000008,1.708238363270000,1.970546126370000,2.162781953810000,-2.134300708770000,0.000000000000000
-41.045101165799998,173.677108765000014,1.706178069110000,1.967017412190000,2.159124374390000,-2.121449708940000,0.000000000000000
-41.046073913599997,173.676467895999991,1.709735631940000,1.972057938580000,2.164564609530000,-2.134566307070000,0.000000000000000
-41.046920776400000,173.675567626999992,1.709957838060000,1.972457289700000,2.164980411530000,-2.135207653050000,0.000000000000000
-41.050773620599998,173.653427123999990,1.709692120550000,1.971604228020000,2.163893461230000,-2.133697986600000,0.000000000000000
-41.051666259800001,173.652999878000003,1.709970831870000,1.971940875050000,2.164257764820000,-2.134269237520000,0.000000000000000
-41.052433013900000,173.652618407999995,1.709936618800000,1.971835374830000,2.164158821110000,-2.133916378020000,0.000000000000000
-41.053047180199997,173.652297973999993,1.710011005400000,1.971958160400000,2.164279222490000,-2.134041786190000,0.000000000000000
-41.066326141399998,173.659072876000010,1.712132573130000,1.974413514140000,2.166937589650000,-2.137233495710000,0.000000000000000
-41.065097808799997,173.657684326000009,1.712030410770000,1.974299430850000,2.166815042500000,-2.137087821960000,0.000000000000000
-41.063999176000003,173.656539917000003,1.711918473240000,1.974177241330000,2.166678190230000,-2.136940002440000,0.000000000000000
-41.063163757300003,173.655700684000010,1.711866259570000,1.974098563190000,2.166592359540000,-2.136835575100000,0.000000000000000
-41.061969757100002,173.655502318999993,1.711823582650000,1.974054098130000,2.166543960570000,-2.136758804320000,0.000000000000000
-41.060882568399997,173.654876709000007,1.711706280710000,1.973917603490000,2.166394472120000,-2.136606931690000,0.000000000000000
-41.059974670400003,173.654495238999999,1.711717128750000,1.973939061160000,2.166415214540000,-2.136604070660000,0.000000000000000
-41.058719635000003,173.653701782000013,1.711676359180000,1.973962068560000,2.166453599930000,-2.136596679690000,0.000000000000000
-41.059707641599999,173.653656006000006,1.711562156680000,1.973776817320000,2.166254520420000,-2.136468410490000,0.000000000000000
-41.057815551799997,173.653381348000011,1.711681008340000,1.974071264270000,2.166595458980000,-2.136679887770000,0.000000000000000
-41.057216644299999,173.652938842999987,1.711788535120000,1.974195003510000,2.166755676270000,-2.136927366260000,0.000000000000000
-41.058483123800002,173.652969359999986,1.711563825610000,1.973831057550000,2.166319131850000,-2.136491537090000,0.000000000000000
-41.053592681900000,173.651947021000012,1.710111022000000,1.972115159030000,2.164474964140000,-2.134220600130000,0.000000000000000
-41.054187774699997,173.651870728000006,1.710364699360000,1.972387671470000,2.164783716200000,-2.134592771530000,0.000000000000000
-41.054679870599998,173.651763915999993,1.711129546170000,1.973701477050000,2.166280746460000,-2.136698246000000,0.000000000000000
-41.055179595900000,173.651626587000010,1.710819244380000,1.972947955130000,2.165413379670000,-2.135018825530000,0.000000000000000
-41.055625915500002,173.651489257999998,1.710806131360000,1.973084926610000,2.165571928020000,-2.135371685030000,0.000000000000000
-41.056041717500001,173.651687621999997,1.711133718490000,1.973604440690000,2.166139841080000,-2.136345386510000,0.000000000000000
-41.056529998800002,173.652038573999988,1.711576223370000,1.974023222920000,2.166589736940000,-2.136870622630000,0.000000000000000
-41.057186126700003,173.652282715000013,1.711578011510000,1.973887920380000,2.166396141050000,-2.136504650120000,0.000000000000000
-41.079128265400001,173.639404296999999,1.712517142300000,1.974663615230000,2.167178392410000,-2.137235403060000,0.000000000000000
-41.079166412399999,173.640457153000000,1.712578892710000,1.974660634990000,2.167160749440000,-2.137221574780000,0.000000000000000
-41.079982757600000,173.641479492000002,1.712673902510000,1.974828600880000,2.167363882060000,-2.137398958210000,0.000000000000000
-41.081890106199999,173.643524170000006,1.712849974630000,1.975021958350000,2.167577505110000,-2.137572050090000,0.000000000000000
-41.080406189000001,173.642852782999995,1.712648749350000,1.974798679350000,2.167326688770000,-2.137402057650000,0.000000000000000
-41.081668853799997,173.645370482999994,1.712808966640000,1.974999547000000,2.167554140090000,-2.137585401540000,0.000000000000000
-41.082378387500000,173.650329590000013,1.712869048120000,1.975141525270000,2.167717218400000,-2.137764930730000,0.000000000000000
-41.081645965600003,173.647033690999990,1.712795734410000,1.975015997890000,2.167571783070000,-2.137640237810000,0.000000000000000
-41.081768035899998,173.648727417000003,1.712792396550000,1.975018143650000,2.167581796650000,-2.137585163120000,0.000000000000000
-41.081722259499998,173.652267456000004,1.712842106820000,1.975103735920000,2.167680501940000,-2.137722969060000,0.000000000000000
-41.080879211400003,173.653854370000005,1.712795495990000,1.975102066990000,2.167679548260000,-2.137758970260000,0.000000000000000
-41.076690673800002,173.656997681000007,1.712499260900000,1.974765777590000,2.167314529420000,-2.137402296070000,0.000000000000000
-41.078304290799998,173.656250000000000,1.712561488150000,1.974840998650000,2.167396306990000,-2.137470245360000,0.000000000000000
-41.079696655299998,173.654891967999987,1.712731838230000,1.974991202350000,2.167557716370000,-2.137626171110000,0.000000000000000
-41.068393707299997,173.658767699999999,1.712168812750000,1.974444985390000,2.166972398760000,-2.137250423430000,0.000000000000000
-41.075119018599999,173.656295776000007,1.712369680400000,1.974608182910000,2.167137622830000,-2.137282848360000,0.000000000000000
-41.073772430399998,173.657440186000002,1.712329626080000,1.974585413930000,2.167119026180000,-2.137227535250000,0.000000000000000
-41.070560455299997,173.658645629999995,1.712254881860000,1.974524021150000,2.167055130000000,-2.137315034870000,0.000000000000000
-41.072586059599999,173.658798217999987,1.712337017060000,1.974602103230000,2.167134761810000,-2.137316942210000,0.000000000000000
-41.076702117899998,173.636398315000008,1.712278246880000,1.974406600000000,2.166902065280000,-2.136935472490000,0.000000000000000
-41.078022003199997,173.637634276999989,1.712573051450000,1.974652171130000,2.167169570920000,-2.137253284450000,0.000000000000000
-41.077167510999999,173.637191771999994,1.712262392040000,1.974250316620000,2.166696548460000,-2.136785030360000,0.000000000000000
-41.078048706099999,173.638809204000012,1.712415575980000,1.974498391150000,2.166992187500000,-2.136981248860000,0.000000000000000
-41.041938781699997,173.642868042000003,1.702221393590000,1.963471770290000,2.155366659160000,-2.124594450000000,0.000000000000000
-41.042606353799997,173.643127440999990,1.701974630360000,1.963235616680000,2.155121564870000,-2.124486923220000,0.000000000000000
-41.043018341100002,173.643585204999994,1.702466845510000,1.963714241980000,2.155607461930000,-2.125136375430000,0.000000000000000
-41.043270111100000,173.643875121999997,1.701386094090000,1.962630748750000,2.154509544370000,-2.124979257580000,0.000000000000000
-41.043628692600002,173.643920898000005,1.703565835950000,1.964768886570000,2.156687736510000,-2.126485347750000,0.000000000000000
-41.043880462600001,173.644683837999992,1.704869031910000,1.967003941540000,2.159144401550000,-2.132362365720000,0.000000000000000
-41.043754577599998,173.644302368000012,1.698585391040000,1.959681630130000,2.151499271390000,-2.122716665270000,0.000000000000000
-41.049831390400001,173.653976440000008,1.709550380710000,1.971447944640000,2.163715124130000,-2.133615970610000,0.000000000000000
-41.048915862999998,173.654663085999999,1.709529638290000,1.971459388730000,2.163729906080000,-2.133766412730000,0.000000000000000
-41.049789428700002,173.652801514000004,1.709964156150000,1.971891641620000,2.164199590680000,-2.134505510330000,0.000000000000000
-41.047771453899998,173.654342651000007,1.709248423580000,1.971434235570000,2.163705825810000,-2.134130001070000,0.000000000000000
-41.047065734900002,173.655151367000002,1.709113359450000,1.971388220790000,2.163712024690000,-2.134233951570000,0.000000000000000
-41.045688629200001,173.655746459999989,1.708282828330000,1.970540046690000,2.162847518920000,-2.133377313610000,0.000000000000000
-41.045124053999999,173.655685425000001,1.708392858510000,1.970594167710000,2.162872314450000,-2.133106470110000,0.000000000000000
-41.044681549099998,173.655899048000009,1.709035873410000,1.971592307090000,2.163911342620000,-2.135879039760000,0.000000000000000
-41.044216155999997,173.656112670999988,1.708637237550000,1.970898866650000,2.163167238240000,-2.134484767910000,0.000000000000000
-41.043811798100002,173.656356812000013,1.708355665210000,1.970737099650000,2.163081169130000,-2.134259462360000,0.000000000000000
-41.046112060500000,173.655059813999998,1.708495855330000,1.970641493800000,2.162885189060000,-2.133217096330000,0.000000000000000
-41.043434143100001,173.656143187999987,1.706777691840000,1.969097852710000,2.161357879640000,-2.133291244510000,0.000000000000000
-41.043106079099999,173.656387329000012,1.706489443780000,1.968789815900000,2.161024570470000,-2.132210969920000,0.000000000000000
-41.046768188500003,173.662429809999992,1.709410190580000,1.971616625790000,2.163914680480000,-2.134782314300000,0.000000000000000
-41.047515869100003,173.663055420000006,1.709357738490000,1.971508741380000,2.163826704030000,-2.134580135350000,0.000000000000000
-41.048347473100002,173.663772582999997,1.709684967990000,1.971881628040000,2.164250135420000,-2.135146141050000,0.000000000000000
-41.049221038799999,173.664764404000010,1.710344314580000,1.972597718240000,2.165001392360000,-2.135963916780000,0.000000000000000
-41.050083160400000,173.666015625000000,1.710316538810000,1.972530603410000,2.164958238600000,-2.135803937910000,0.000000000000000
-41.051902771000002,173.668014526000007,1.710719108580000,1.972913622860000,2.165353059770000,-2.136305809020000,0.000000000000000
-41.052825927699999,173.669845581000004,1.711410760880000,1.973672986030000,2.166159152980000,-2.136985540390000,0.000000000000000
-41.052326202400003,173.672805785999998,1.711344480510000,1.973690867420000,2.166208982470000,-2.136998176570000,0.000000000000000
-41.050758361800000,173.674316406000003,1.711030483250000,1.973376512530000,2.165904283520000,-2.136247634890000,0.000000000000000
-41.050571441700001,173.667419434000010,1.710816264150000,1.973178505900000,2.165626287460000,-2.136514425280000,0.000000000000000
-41.049182891800001,173.674407959000007,1.710898280140000,1.973229765890000,2.165737867360000,-2.136339426040000,0.000000000000000
-41.047668457000000,173.674438476999995,1.710327029230000,1.972630739210000,2.165130853650000,-2.135284662250000,0.000000000000000
-41.043247222900000,173.661544800000001,1.706062078480000,1.968466639520000,2.160632371900000,-2.133230209350000,0.000000000000000
-41.042827606199999,173.661499023000005,1.707004070280000,1.969355702400000,2.161496400830000,-2.133560657500000,0.000000000000000
-41.043670654300001,173.662078857000012,1.706500291820000,1.968876600270000,2.161062717440000,-2.133229494090000,0.000000000000000
-41.045925140400001,173.662567139000004,1.708734750750000,1.971039056780000,2.163312196730000,-2.134342908860000,0.000000000000000
-41.045280456500002,173.662521362000007,1.708510875700000,1.970850825310000,2.163097381590000,-2.134649515150000,0.000000000000000
-41.044052123999997,173.662734984999986,1.707463979720000,1.969813346860000,2.162020683290000,-2.133833646770000,0.000000000000000
-41.044738769500000,173.662704467999987,1.707499384880000,1.969825148580000,2.162059545520000,-2.133618354800000,0.000000000000000
-41.045146942099997,173.676147460999999,1.709537386890000,1.972192645070000,2.164703130720000,-2.135414361950000,0.000000000000000
-41.045780181900000,173.675415039000001,1.709662914280000,1.972295641900000,2.164798974990000,-2.135671138760000,0.000000000000000
-41.046413421600001,173.674499512000011,1.709683656690000,1.972095012660000,2.164554595950000,-2.135377407070000,0.000000000000000
-41.050819396999998,173.652389526000007,1.709548711780000,1.971425414090000,2.163702011110000,-2.133410215380000,0.000000000000000
-41.051723480200003,173.652084351000013,1.709923505780000,1.971888303760000,2.164199352260000,-2.134234905240000,0.000000000000000
-41.052474975599999,173.651870728000006,1.710021495820000,1.971941709520000,2.164283752440000,-2.134048461910000,0.000000000000000
-41.053028106699998,173.651733398000005,1.710316658020000,1.972254991530000,2.164628744130000,-2.134522676470000,0.000000000000000
-41.049953460700003,173.651626587000010,1.709768176080000,1.971642613410000,2.163914680480000,-2.134030342100000,0.000000000000000
-41.066974639900003,173.657241821000014,1.712038517000000,1.974302530290000,2.166816234590000,-2.137117862700000,0.000000000000000
-41.065517425499998,173.656082153000000,1.711943864820000,1.974191546440000,2.166692018510000,-2.136948108670000,0.000000000000000
-41.064235687299998,173.655212401999989,1.711853504180000,1.974083542820000,2.166579008100000,-2.136823177340000,0.000000000000000
-41.063018798800002,173.654632568000011,1.711757063870000,1.973981857300000,2.166462421420000,-2.136693954470000,0.000000000000000
-41.061820983899999,173.654205321999996,1.711697340010000,1.973918437960000,2.166398525240000,-2.136615991590000,0.000000000000000
-41.060710907000001,173.653839110999996,1.711691975590000,1.973891019820000,2.166368007660000,-2.136528491970000,0.000000000000000
-41.060344696000001,173.652755737000007,1.711573123930000,1.973768830300000,2.166235923770000,-2.136405229570000,0.000000000000000
-41.059253692600002,173.652908324999999,1.711611866950000,1.973825931550000,2.166303873060000,-2.136404275890000,0.000000000000000
-41.057907104500003,173.652511597000000,1.711631178860000,1.973885059360000,2.166385173800000,-2.136384963990000,0.000000000000000
-41.058731079099999,173.652328490999992,1.711580395700000,1.973786711690000,2.166275978090000,-2.136402130130000,0.000000000000000
-41.053333282499999,173.651306151999989,1.710078597070000,1.971998929980000,2.164338350300000,-2.134054422380000,0.000000000000000
-41.053836822500003,173.651443481000001,1.710359930990000,1.972376585010000,2.164784193040000,-2.134618282320000,0.000000000000000
-41.054279327400003,173.651290893999999,1.710549712180000,1.972741484640000,2.165200233460000,-2.135149717330000,0.000000000000000
-41.054805755600000,173.651123046999999,1.710703611370000,1.972870707510000,2.165316581730000,-2.135285615920000,0.000000000000000
-41.055377960199998,173.651000976999995,1.710905194280000,1.973079323770000,2.165554761890000,-2.135557889940000,0.000000000000000
-41.057666778600002,173.651901245000005,1.711583256720000,1.973690390590000,2.166177272800000,-2.136243820190000,0.000000000000000
-41.055976867699997,173.651062012000011,1.711154103280000,1.973544001580000,2.166064500810000,-2.136062145230000,0.000000000000000
-41.056568145800000,173.651290893999999,1.711448788640000,1.973808169360000,2.166336297990000,-2.136458396910000,0.000000000000000
-41.057163238500003,173.651611328000001,1.711480498310000,1.973740816120000,2.166239023210000,-2.136282682420000,0.000000000000000
-41.078105926500001,173.640029907000013,1.712396740910000,1.974511981010000,2.167014360430000,-2.137055397030000,0.000000000000000
-41.078411102300002,173.641311645999991,1.712404966350000,1.974534153940000,2.167033672330000,-2.137118101120000,0.000000000000000
-41.078952789299997,173.642761229999991,1.712526082990000,1.974645257000000,2.167157411580000,-2.137187004090000,0.000000000000000
-41.079883575399997,173.644454956000004,1.712641477580000,1.974813938140000,2.167342424390000,-2.137437343600000,0.000000000000000
-41.080287933299999,173.646224976000013,1.712648630140000,1.974825978280000,2.167362928390000,-2.137397766110000,0.000000000000000
-41.080169677699999,173.650268554999997,1.712687730790000,1.974934220310000,2.167487382890000,-2.137585639950000,0.000000000000000
-41.080020904500003,173.647903442000000,1.712667107580000,1.974876403810000,2.167419672010000,-2.137492179870000,0.000000000000000
-41.079246521000002,173.652755737000007,1.712607383730000,1.974859714510000,2.167411804200000,-2.137488603590000,0.000000000000000
-41.076545715300000,173.655212401999989,1.712479949000000,1.974721789360000,2.167260646820000,-2.137371301650000,0.000000000000000
-41.078006744400000,173.654357909999987,1.712546944620000,1.974807858470000,2.167358398440000,-2.137439250950000,0.000000000000000
-41.077999114999997,173.650955199999999,1.712528347970000,1.974766135220000,2.167308092120000,-2.137364864350000,0.000000000000000
-41.074916839600000,173.654617309999992,1.712323904040000,1.974575042720000,2.167104721070000,-2.137197732930000,0.000000000000000
-41.069297790500002,173.656539917000003,1.712108135220000,1.974361777310000,2.166875362400000,-2.137111425400000,0.000000000000000
-41.073356628399999,173.655563354000009,1.712308168410000,1.974545121190000,2.167067050930000,-2.137248039250000,0.000000000000000
-41.071796417199998,173.656951904000010,1.712226748470000,1.974465489390000,2.166983127590000,-2.137194156650000,0.000000000000000
-41.075084686300002,173.635391234999986,1.711706042290000,1.973924279210000,2.166401624680000,-2.136914491650000,0.000000000000000
-41.075599670400003,173.636398315000008,1.712051510810000,1.974057316780000,2.166508436200000,-2.136574745180000,0.000000000000000
-41.076221466100002,173.637359618999994,1.712243556980000,1.974264860150000,2.166731595990000,-2.136782407760000,0.000000000000000
-41.077037811300002,173.638153076000009,1.712176084520000,1.974296689030000,2.166781902310000,-2.136849164960000,0.000000000000000
-41.076930999799998,173.639389037999990,1.712247014050000,1.974298596380000,2.166762351990000,-2.136889934540000,0.000000000000000
-41.044082641599999,173.644256592000005,1.708759784700000,1.970709800720000,2.162889242170000,-2.134626388550000,0.000000000000000
-41.044460296600001,173.644577026000007,1.707785844800000,1.969658732410000,2.161811113360000,-2.132993936540000,0.000000000000000
-41.044250488300001,173.643890381000006,1.708118438720000,1.970048189160000,2.162227869030000,-2.133200407030000,0.000000000000000
-41.045375823999997,173.645309448000006,1.707197546960000,1.968929290770000,2.161072731020000,-2.131586551670000,0.000000000000000
-41.044578552200001,173.645126342999987,1.707692623140000,1.969537138940000,2.161666393280000,-2.132354736330000,0.000000000000000
-41.043956756599997,173.645217895999991,1.706071853640000,1.967862844470000,2.159938097000000,-2.131054878230000,0.000000000000000
-41.045703887899997,173.645996093999997,1.709263086320000,1.971603751180000,2.163868904110000,-2.136282682420000,0.000000000000000
-41.041954040500002,173.643463134999990,1.702373266220000,1.963616728780000,2.155513525010000,-2.124834299090000,0.000000000000000
-41.042518615699997,173.643783568999993,1.701913356780000,1.963187456130000,2.155068874360000,-2.124561309810000,0.000000000000000
-41.042938232399997,173.643997192000000,1.702339887620000,1.963672876360000,2.155598640440000,-2.125526189800000,0.000000000000000
-41.043254852300002,173.644332886000001,1.702998161320000,1.964285373690000,2.156201124190000,-2.126023530960000,0.000000000000000
-41.043563842799998,173.644821167000003,1.703850388530000,1.965338230130000,2.157275676730000,-2.128196716310000,0.000000000000000
-41.048580169700003,173.653366089000002,1.709476470950000,1.971522092820000,2.163802385330000,-2.134288311000000,0.000000000000000
-41.048782348600000,173.651992798000009,1.709164261820000,1.971033215520000,2.163305044170000,-2.133369922640000,0.000000000000000
-41.047393798800002,173.653411865000010,1.708932518960000,1.971325516700000,2.163670301440000,-2.134425163270000,0.000000000000000
-41.046562194800003,173.654083251999992,1.708563327790000,1.970894455910000,2.163200378420000,-2.133915185930000,0.000000000000000
-41.045333862299998,173.655136107999994,1.709173083310000,1.971630573270000,2.163934946060000,-2.135474443440000,0.000000000000000
-41.044731140099998,173.655334473000011,1.707296490670000,1.969569563870000,2.161851882930000,-2.132652997970000,0.000000000000000
-41.044235229500003,173.655593871999997,1.707064032550000,1.969236493110000,2.161535263060000,-2.131472587590000,0.000000000000000
-41.043804168699999,173.655868529999992,1.707574605940000,1.969977140430000,2.162280321120000,-2.134284734730000,0.000000000000000
-41.045536041299997,173.654373168999996,1.707070350650000,1.969033718110000,2.161330461500000,-2.130856752400000,0.000000000000000
-41.043376922599997,173.655700684000010,1.706504940990000,1.968884706500000,2.161189556120000,-2.132343769070000,0.000000000000000
-41.043052673299997,173.655990601000013,1.709810972210000,1.972889184950000,2.165355920790000,-2.138332128520000,0.000000000000000
-41.042179107700001,173.661163329999994,1.705670475960000,1.968009352680000,2.160134077070000,-2.133238315580000,0.000000000000000
-41.046478271500000,173.663436890000014,1.708821773530000,1.971184372900000,2.163480281830000,-2.134562015530000,0.000000000000000
-41.047367095900000,173.663970946999996,1.709181070330000,1.971488595010000,2.163837909700000,-2.134729623790000,0.000000000000000
-41.047885894799997,173.664855956999986,1.709219694140000,1.971512675290000,2.163880109790000,-2.134854316710000,0.000000000000000
-41.049400329599997,173.667037964000002,1.710094690320000,1.972349286080000,2.164769649510000,-2.135774135590000,0.000000000000000
-41.048549652100000,173.666107178000004,1.709771037100000,1.972096920010000,2.164510965350000,-2.135509252550000,0.000000000000000
-41.050758361800000,173.669036865000010,1.710856437680000,1.973178267480000,2.165654659270000,-2.136460781100000,0.000000000000000
-41.050651550300003,173.670959473000011,1.710656881330000,1.972908496860000,2.165378570560000,-2.136196136470000,0.000000000000000
-41.050003051799997,173.672836303999986,1.710982441900000,1.973277449610000,2.165777444840000,-2.136420488360000,0.000000000000000
-41.049407959000000,173.668228148999987,1.709977984430000,1.972175121310000,2.164606809620000,-2.135397672650000,0.000000000000000
-41.048301696800003,173.673065186000002,1.710137367250000,1.972492456440000,2.164970159530000,-2.135508298870000,0.000000000000000
-41.046897888200000,173.673339843999997,1.709845542910000,1.972371697430000,2.164857625960000,-2.135622739790000,0.000000000000000
-41.042423248299997,173.661651610999996,1.705498814580000,1.967867612840000,2.159989833830000,-2.132980823520000,0.000000000000000
-41.042926788300001,173.662078857000012,1.707330346110000,1.969694852830000,2.161847591400000,-2.134120941160000,0.000000000000000
-41.043354034399997,173.662734984999986,1.706924319270000,1.969400167470000,2.161563873290000,-2.133662939070000,0.000000000000000
-41.043727874799998,173.663391112999989,1.706874132160000,1.969457268710000,2.161673307420000,-2.133438825610000,0.000000000000000
-41.045379638699998,173.663253784000005,1.708338260650000,1.970718264580000,2.162993431090000,-2.134370327000000,0.000000000000000
-41.044494628899997,173.663375854000009,1.707378387450000,1.969684362410000,2.161903858180000,-2.133489608760000,0.000000000000000
-41.044677734399997,173.675292968999997,1.708189249040000,1.970842957500000,2.163299083710000,-2.134353160860000,0.000000000000000
-41.045455932599999,173.674560546999999,1.709233045580000,1.971810221670000,2.164305448530000,-2.134584665300000,0.000000000000000
-41.045753478999998,173.673629761000001,1.708894014360000,1.971542954440000,2.164014101030000,-2.134768962860000,0.000000000000000
-41.043815612800003,173.674743651999989,1.707518696780000,1.970095276830000,2.162559270860000,-2.133898019790000,0.000000000000000
-41.040599823000001,173.661392212000010,1.697527289390000,1.957909941670000,2.149616479870000,-2.119900226590000,0.000000000000000
-41.051013946499999,173.651382446000014,1.709923505780000,1.971794724460000,2.164112806320000,-2.133935928340000,0.000000000000000
-41.051933288599997,173.651245117000002,1.709856867790000,1.971758365630000,2.164060831070000,-2.133896350860000,0.000000000000000
-41.052692413300001,173.651214600000003,1.710087299350000,1.972041010860000,2.164383411410000,-2.134239673610000,0.000000000000000
-41.053070068399997,173.650665282999995,1.710140466690000,1.972052216530000,2.164412498470000,-2.134223699570000,0.000000000000000
-41.049041748000000,173.650711059999992,1.709369897840000,1.971242785450000,2.163502216340000,-2.133378505710000,0.000000000000000
-41.050281524699997,173.650527954000012,1.709753990170000,1.971619129180000,2.163915872570000,-2.133930206300000,0.000000000000000
-41.067218780499999,173.655319214000002,1.711945772170000,1.974198579790000,2.166702508930000,-2.136947631840000,0.000000000000000
-41.065578460700003,173.654464722000000,1.711829781530000,1.974069118500000,2.166559219360000,-2.136821269990000,0.000000000000000
-41.064140319800003,173.653839110999996,1.711742758750000,1.973970532420000,2.166451692580000,-2.136684656140000,0.000000000000000
-41.062801361100000,173.653366089000002,1.711709856990000,1.973894476890000,2.166372299190000,-2.136588335040000,0.000000000000000
-41.061550140400001,173.653045654000010,1.711614966390000,1.973800539970000,2.166268587110000,-2.136467456820000,0.000000000000000
-41.061225891100001,173.652130126999992,1.711544632910000,1.973703742030000,2.166170120240000,-2.136368989940000,0.000000000000000
-41.060432434100001,173.651672362999989,1.711514115330000,1.973660111430000,2.166121482850000,-2.136264324190000,0.000000000000000
-41.059539794899997,173.652069092000005,1.711496114730000,1.973680734630000,2.166148424150000,-2.136286973950000,0.000000000000000
-41.058273315400001,173.651794434000010,1.711481094360000,1.973709821700000,2.166187763210000,-2.136310815810000,0.000000000000000
-41.058937072799999,173.651672362999989,1.711566567420000,1.973639369010000,2.166105508800000,-2.136162042620000,0.000000000000000
-41.053783416700000,173.650802612000007,1.710525512700000,1.972660541530000,2.165082931520000,-2.135106325150000,0.000000000000000
-41.054386138900000,173.650726318000011,1.710665464400000,1.972749471660000,2.165193796160000,-2.134995460510000,0.000000000000000
-41.053459167500002,173.650192261000001,1.710363030430000,1.972379565240000,2.164778232570000,-2.134667634960000,0.000000000000000
-41.054943084700000,173.650360107000012,1.710844039920000,1.973042368890000,2.165516853330000,-2.135518550870000,0.000000000000000
-41.055744171100002,173.650375365999992,1.710836172100000,1.972955822940000,2.165415287020000,-2.135242223740000,0.000000000000000
-41.057815551799997,173.651290893999999,1.711545825000000,1.973694920540000,2.166183948520000,-2.136232137680000,0.000000000000000
-41.056503295900001,173.650512695000003,1.711337447170000,1.973748803140000,2.166278123860000,-2.136485099790000,0.000000000000000
-41.057216644299999,173.650848389000004,1.711350083350000,1.973556280140000,2.166030645370000,-2.136096239090000,0.000000000000000
-41.076961517299999,173.640808104999991,1.712293148040000,1.974388480190000,2.166878938670000,-2.136882543560000,0.000000000000000
-41.077289581300001,173.642364501999992,1.712328076360000,1.974460721020000,2.166954278950000,-2.137074232100000,0.000000000000000
-41.077758789100002,173.644073485999996,1.712357997890000,1.974516749380000,2.167027235030000,-2.137065410610000,0.000000000000000
-41.078220367400000,173.646347045999988,1.712453722950000,1.974651217460000,2.167174100880000,-2.137233018880000,0.000000000000000
-41.078041076700003,173.648895264000004,1.712442040440000,1.974650144580000,2.167178392410000,-2.137246131900000,0.000000000000000
-41.076244354200000,173.652709960999999,1.712391495700000,1.974621295930000,2.167149543760000,-2.137270450590000,0.000000000000000
-41.076293945300002,173.650131226000013,1.712329387660000,1.974537134170000,2.167053461070000,-2.137177467350000,0.000000000000000
-41.073322296100002,173.653335571000014,1.712201476100000,1.974415540700000,2.166924476620000,-2.137077569960000,0.000000000000000
-41.068935394299999,173.654083251999992,1.711982250210000,1.974211573600000,2.166708707810000,-2.136952161790000,0.000000000000000
-41.071216583300000,173.654754639000004,1.712097644810000,1.974343419080000,2.166857719420000,-2.137028694150000,0.000000000000000
-41.074432373000000,173.636322021000012,1.712100148200000,1.974133014680000,2.166586399080000,-2.136509895320000,0.000000000000000
-41.074989318800000,173.637481688999998,1.711916327480000,1.973940730090000,2.166370630260000,-2.136619567870000,0.000000000000000
-41.075828552200001,173.638534545999988,1.712209463120000,1.974214911460000,2.166674137120000,-2.136657714840000,0.000000000000000
-41.075599670400003,173.639984131000006,1.712056636810000,1.974161148070000,2.166628122330000,-2.136745452880000,0.000000000000000
-41.046134948700001,173.645416259999990,1.708663105960000,1.970572829250000,2.162767887120000,-2.133571147920000,0.000000000000000
-41.046573638900000,173.646118164000001,1.708680510520000,1.970437049870000,2.162624835970000,-2.132770538330000,0.000000000000000
-41.044639587399999,173.644165039000001,1.708475112920000,1.970297575000000,2.162464141850000,-2.133161544800000,0.000000000000000
-41.045127868700000,173.644622803000004,1.708399534230000,1.970301508900000,2.162481307980000,-2.133511543270000,0.000000000000000
-41.045776367199998,173.644897460999999,1.708803653720000,1.970613121990000,2.162801027300000,-2.133824825290000,0.000000000000000
-41.044231414800002,173.643508910999998,1.709646582600000,1.971422076230000,2.163620710370000,-2.133931159970000,0.000000000000000
-41.044685363799999,173.643707274999997,1.709246158600000,1.971058011050000,2.163257360460000,-2.133888483050000,0.000000000000000
-41.043529510500001,173.645324706999986,1.701072931290000,1.962708711620000,2.154766798020000,-2.126146078110000,0.000000000000000
-41.044921875000000,173.645828246999997,1.706723690030000,1.968239545820000,2.160331249240000,-2.130642652510000,0.000000000000000
-41.044334411599998,173.645645142000006,1.706247925760000,1.968465328220000,2.160621404650000,-2.132900714870000,0.000000000000000
-41.043853759800001,173.645751953000001,1.703818440440000,1.965833544730000,2.157984018330000,-2.129788637160000,0.000000000000000
-41.046039581300001,173.646789551000012,1.708371281620000,1.970403552060000,2.162619829180000,-2.133902788160000,0.000000000000000
-41.045185089100002,173.646545409999987,1.706212639810000,1.968415379520000,2.160633564000000,-2.132683277130000,0.000000000000000
-41.046340942400001,173.647735595999990,1.708339929580000,1.970329523090000,2.162539720540000,-2.133754730220000,0.000000000000000
-41.041965484599999,173.644165039000001,1.701888442040000,1.963105201720000,2.154977560040000,-2.124359846120000,0.000000000000000
-41.042633056600003,173.644393920999988,1.701556682590000,1.962688446040000,2.154550552370000,-2.124773740770000,0.000000000000000
-41.043006896999998,173.645050048999991,1.702006220820000,1.963207364080000,2.155123472210000,-2.125124931340000,0.000000000000000
-41.047737121600001,173.651062012000011,1.709554076190000,1.971884965900000,2.164214372630000,-2.135801076890000,0.000000000000000
-41.047576904300001,173.652374267999988,1.709128141400000,1.971460819240000,2.163785457610000,-2.135108709340000,0.000000000000000
-41.046485900900002,173.652862548999991,1.707733988760000,1.969711661340000,2.161979198460000,-2.132236480710000,0.000000000000000
-41.045581817600002,173.653427123999990,1.707204818730000,1.969302296640000,2.161521911620000,-2.131140470500000,0.000000000000000
-41.044803619400000,173.654663085999999,1.706864953040000,1.969137668610000,2.161460161210000,-2.131505727770000,0.000000000000000
-41.044219970699999,173.654983520999991,1.709103465080000,1.971974968910000,2.164413213730000,-2.137156963350000,0.000000000000000
-41.043754577599998,173.655334473000011,1.707484483720000,1.970522642140000,2.163051128390000,-2.136613845830000,0.000000000000000
-41.044826507600000,173.653884887999993,1.709294557570000,1.972500205040000,2.164857864380000,-2.138530731200000,0.000000000000000
-41.041984558099998,173.657379149999997,1.562006235120000,1.730202674870000,1.908297300340000,-1.764411568640000,0.000000000000000
-41.043247222900000,173.655181884999990,1.702499866490000,1.964051365850000,2.156191349030000,-2.125712871550000,0.000000000000000
-41.042961120599998,173.655624390000014,1.701980471610000,1.964039921760000,2.156406641010000,-2.132338762280000,0.000000000000000
-41.042766571000001,173.655975342000005,1.699088692670000,1.960034251210000,2.151794195180000,-2.121281385420000,0.000000000000000
-41.041824340799998,173.661697387999993,1.703862071040000,1.965323686600000,2.157145500180000,-2.124645233150000,0.000000000000000
-41.045776367199998,173.664077759000008,1.708252787590000,1.970619797710000,2.162906646730000,-2.133991241460000,0.000000000000000
-41.046607971199997,173.664703368999994,1.708705186840000,1.971117615700000,2.163451433180000,-2.134339332580000,0.000000000000000
-41.047229766800001,173.665863037000008,1.708885550500000,1.971385359760000,2.163768768310000,-2.134780645370000,0.000000000000000
-41.048404693599998,173.667434692000000,1.710039019580000,1.972512960430000,2.164952993390000,-2.135833024980000,0.000000000000000
-41.047626495400003,173.666809081999986,1.709131717680000,1.971581101420000,2.163978338240000,-2.134861946110000,0.000000000000000
-41.049198150599999,173.669754028000000,1.710278034210000,1.972561717030000,2.165008306500000,-2.135811805730000,0.000000000000000
-41.048805236800000,173.671447754000013,1.710345745090000,1.972630381580000,2.165105581280000,-2.135596990590000,0.000000000000000
-41.048118591300003,173.668701171999999,1.709902286530000,1.972369551660000,2.164813041690000,-2.135663986210000,0.000000000000000
-41.047245025599999,173.671936034999987,1.709707498550000,1.972083449360000,2.164525508880000,-2.135362863540000,0.000000000000000
-41.046005248999997,173.672485351999995,1.708645343780000,1.971210122110000,2.163659572600000,-2.134110927580000,0.000000000000000
-41.042205810500000,173.662368773999987,1.706029534340000,1.968308210370000,2.160388708110000,-2.133460760120000,0.000000000000000
-41.042743682900003,173.662750243999994,1.706356644630000,1.968576431270000,2.160738229750000,-2.133317232130000,0.000000000000000
-41.043003082299997,173.663360595999990,1.706855297090000,1.969415426250000,2.161595106120000,-2.133874893190000,0.000000000000000
-41.043346405000001,173.664016723999993,1.706565380100000,1.968932628630000,2.161084413530000,-2.132541179660000,0.000000000000000
-41.044109344500001,173.664093017999988,1.707082152370000,1.969389438630000,2.161593675610000,-2.133132934570000,0.000000000000000
-41.044956207299997,173.664093017999988,1.707639575000000,1.970036029820000,2.162301301960000,-2.133687257770000,0.000000000000000
-41.044651031500003,173.673965454000012,1.707926988600000,1.970522642140000,2.162988901140000,-2.134475469590000,0.000000000000000
-41.045101165799998,173.672958373999990,1.708827376370000,1.971361637120000,2.163811683650000,-2.135021924970000,0.000000000000000
-41.043674469000003,173.673782348999993,1.707058668140000,1.969599723820000,2.161988973620000,-2.133504867550000,0.000000000000000
-41.042861938500003,173.674316406000003,1.702776193620000,1.962972879410000,2.154801607130000,-2.117584228520000,0.000000000000000
-41.040199279799999,173.661346436000002,1.700974702840000,1.962326884270000,2.154193878170000,-2.122451782230000,0.000000000000000
-41.039802551299999,173.661315918000014,1.700412511830000,1.961643815040000,2.153528690340000,-2.122197389600000,0.000000000000000
-41.039402008099998,173.661285399999997,1.700541019440000,1.961926937100000,2.153793334960000,-2.122313499450000,0.000000000000000
-41.039005279500003,173.661254882999998,1.700701832770000,1.962103486060000,2.153983116150000,-2.122409582140000,0.000000000000000
-41.040264129599997,173.661788940000008,1.700556993480000,1.961901783940000,2.153714895250000,-2.122606515880000,0.000000000000000
-41.047042846700002,173.646987915000011,1.708651781080000,1.970470190050000,2.162668943410000,-2.133289575580000,0.000000000000000
-41.047973632800002,173.649536132999998,1.709414362910000,1.971471190450000,2.163752079010000,-2.134357929230000,0.000000000000000
-41.047500610400000,173.648086548000009,1.708872437480000,1.970776915550000,2.163007974620000,-2.133301496510000,0.000000000000000
-41.051380157499999,173.650451659999987,1.709854006770000,1.971722483630000,2.164023637770000,-2.133841753010000,0.000000000000000
-41.052310943599998,173.650497437000013,1.710195064540000,1.972104787830000,2.164458751680000,-2.134425878520000,0.000000000000000
-41.052841186499997,173.649917603000006,1.710113763810000,1.972016453740000,2.164347648620000,-2.134244203570000,0.000000000000000
-41.049526214600000,173.649490356000001,1.709434628490000,1.971317410470000,2.163594961170000,-2.133501052860000,0.000000000000000
-41.050777435299999,173.649505615000010,1.710060954090000,1.971947908400000,2.164264917370000,-2.134146928790000,0.000000000000000
-41.067008972200000,173.653488159000005,1.711838245390000,1.974066615100000,2.166554927830000,-2.136772871020000,0.000000000000000
-41.065364837600001,173.652893065999990,1.711732625960000,1.973956704140000,2.166436672210000,-2.136651515960000,0.000000000000000
-41.063865661599998,173.652450562000013,1.711628437040000,1.973833680150000,2.166303873060000,-2.136536836620000,0.000000000000000
-41.062416076700003,173.651992798000009,1.711555004120000,1.973748207090000,2.166208982470000,-2.136399507520000,0.000000000000000
-41.061401367199998,173.651184081999986,1.711510777470000,1.973647475240000,2.166104793550000,-2.136292219160000,0.000000000000000
-41.060527801500001,173.650787353999988,1.711377024650000,1.973520636560000,2.165966510770000,-2.136125087740000,0.000000000000000
-41.059562683099998,173.651092529000010,1.711458206180000,1.973590016370000,2.166051149370000,-2.136203765870000,0.000000000000000
-41.058586120599998,173.651107787999990,1.711406111720000,1.973557829860000,2.166017770770000,-2.136094331740000,0.000000000000000
-41.054130554200000,173.650054931999989,1.710545778270000,1.972639560700000,2.165059089660000,-2.135039091110000,0.000000000000000
-41.053466796899997,173.649520873999990,1.710519671440000,1.972591876980000,2.165008544920000,-2.134946346280000,0.000000000000000
-41.054729461699999,173.649612426999994,1.710685491560000,1.972698926930000,2.165121555330000,-2.135078191760000,0.000000000000000
-41.055419921899997,173.649627686000002,1.710948586460000,1.973052144050000,2.165495872500000,-2.135605096820000,0.000000000000000
-41.056266784700000,173.649688720999990,1.711074590680000,1.973225474360000,2.165709495540000,-2.135712623600000,0.000000000000000
-41.058006286599998,173.650497437000013,1.711403965950000,1.973477721210000,2.165941953660000,-2.136036872860000,0.000000000000000
-41.057243347200000,173.649856567000000,1.711329340930000,1.973526835440000,2.166002511980000,-2.136047124860000,0.000000000000000
-41.075447082499998,173.641799926999994,1.712049961090000,1.974122047420000,2.166586637500000,-2.136662244800000,0.000000000000000
-41.076198577900001,173.643402100000003,1.712226271630000,1.974364280700000,2.166852235790000,-2.136914730070000,0.000000000000000
-41.076000213599997,173.645141601999995,1.712199449540000,1.974337577820000,2.166824579240000,-2.136930227280000,0.000000000000000
-41.075553894000002,173.647750854000009,1.712238550190000,1.974426984790000,2.166931152340000,-2.137033939360000,0.000000000000000
-41.068298339800002,173.652389526000007,1.711826801300000,1.974053621290000,2.166542291640000,-2.136731147770000,0.000000000000000
-41.073627471899997,173.650344848999993,1.712125062940000,1.974334120750000,2.166838407520000,-2.136945247650000,0.000000000000000
-41.070587158199999,173.652038573999988,1.711976051330000,1.974189281460000,2.166679859160000,-2.136863231660000,0.000000000000000
-41.073249816900002,173.636108398000005,1.711609721180000,1.973659038540000,2.166073799130000,-2.136367559430000,0.000000000000000
-41.073650360099997,173.637344359999986,1.711974501610000,1.973930120470000,2.166356801990000,-2.136416196820000,0.000000000000000
-41.074207305900003,173.638885498000008,1.711864233020000,1.973863244060000,2.166299581530000,-2.136369705200000,0.000000000000000
-41.074211120599998,173.640518187999987,1.711995124820000,1.974044680600000,2.166490793230000,-2.136586666110000,0.000000000000000
-41.046413421600001,173.644790648999987,1.709334492680000,1.971134424210000,2.163348674770000,-2.133924961090000,0.000000000000000
-41.046966552699999,173.645385742000002,1.709037661550000,1.970877408980000,2.163091659550000,-2.133470296860000,0.000000000000000
-41.047569274899999,173.646133423000009,1.709400773050000,1.971251249310000,2.163491487500000,-2.133715152740000,0.000000000000000
-41.044063568100000,173.642318726000013,1.709565401080000,1.971351504330000,2.163562536240000,-2.133641719820000,0.000000000000000
-41.045230865500002,173.643966675000001,1.708885073660000,1.970610857010000,2.162786483760000,-2.133553504940000,0.000000000000000
-41.045841217000003,173.644332886000001,1.708623290060000,1.970316529270000,2.162486076350000,-2.132812976840000,0.000000000000000
-41.044620513900000,173.643310546999999,1.709209561350000,1.971008896830000,2.163208246230000,-2.133615493770000,0.000000000000000
-41.044109344500001,173.642715454000012,1.709492325780000,1.971261739730000,2.163460254670000,-2.133450269700000,0.000000000000000
-41.044170379599997,173.643112183000000,1.709403753280000,1.971194386480000,2.163403272630000,-2.133683204650000,0.000000000000000
-41.045154571499999,173.643402100000003,1.708993434910000,1.970736384390000,2.162922143940000,-2.133345603940000,0.000000000000000
-41.044017791700000,173.641921996999997,1.709169745450000,1.970897436140000,2.163088083270000,-2.133316516880000,0.000000000000000
-41.043899536100000,173.641540526999989,1.708752512930000,1.970303058620000,2.162454366680000,-2.132833719250000,0.000000000000000
-41.043277740500002,173.645751953000001,1.701913118360000,1.963269233700000,2.155328035350000,-2.125552892680000,0.000000000000000
-41.044357299799998,173.646301270000009,1.705150723460000,1.967142820360000,2.159275770190000,-2.130564212800000,0.000000000000000
-41.043659210199998,173.646270751999992,1.703636050220000,1.965518355370000,2.157695770260000,-2.128557920460000,0.000000000000000
-41.045398712199997,173.647354126000010,1.707902431490000,1.970568299290000,2.162878990170000,-2.136026620860000,0.000000000000000
-41.044685363799999,173.647003173999991,1.705579876900000,1.967679381370000,2.159913301470000,-2.131982564930000,0.000000000000000
-41.046562194800003,173.648895264000004,1.708460688590000,1.970755457880000,2.163017511370000,-2.134930372240000,0.000000000000000
-41.045501709000000,173.648315429999997,1.706534504890000,1.969041943550000,2.161331176760000,-2.133795022960000,0.000000000000000
-41.042110443100000,173.645034790000011,1.702508091930000,1.963777422900000,2.155676126480000,-2.124830245970000,0.000000000000000
-41.042663574199999,173.645675659000005,1.702096343040000,1.963310360910000,2.155209541320000,-2.124799013140000,0.000000000000000
-41.046577453600001,173.650222778000000,1.707154512410000,1.969385147090000,2.161620378490000,-2.132651805880000,0.000000000000000
-41.046485900900002,173.651596068999993,1.707229375840000,1.969392299650000,2.161615371700000,-2.132134437560000,0.000000000000000
-41.045295715300000,173.652252196999996,1.706905007360000,1.969200611110000,2.161490201950000,-2.132165908810000,0.000000000000000
-41.044780731199999,173.653091431000007,1.708065867420000,1.970938205720000,2.163527965550000,-2.136729955670000,0.000000000000000
-41.044162750200002,173.654281615999992,1.707227587700000,1.969892501830000,2.162501573560000,-2.135044574740000,0.000000000000000
-41.043636321999998,173.654724120999987,1.701197266580000,1.962763428690000,2.155161142350000,-2.124290943150000,0.000000000000000
-41.044097900399997,173.653457642000006,1.701715230940000,1.963257551190000,2.155534267430000,-2.123175144200000,0.000000000000000
-41.041271209700000,173.657684326000009,1.700940370560000,1.962146520610000,2.154079198840000,-2.122889757160000,0.000000000000000
-41.040885925300003,173.657791137999993,1.700779199600000,1.961831808090000,2.153739213940000,-2.122320652010000,0.000000000000000
-41.043033599899999,173.654602051000012,1.703721761700000,1.965500116350000,2.157790899280000,-2.129250526430000,0.000000000000000
-41.042720794700003,173.655090331999986,1.701063036920000,1.962705969810000,2.154815196990000,-2.126561403270000,0.000000000000000
-41.042461395300002,173.655532837000010,1.699715614320000,1.960242867470000,2.152007341380000,-2.120285272600000,0.000000000000000
-41.042259216300003,173.655975342000005,1.699560403820000,1.960855960850000,2.152844905850000,-2.123595952990000,0.000000000000000
-41.040504455600001,173.657913207999997,1.700962424280000,1.962175726890000,2.154103040700000,-2.122632980350000,0.000000000000000
-41.041759491000001,173.662826537999990,1.704517722130000,1.967053532600000,2.159298658370000,-2.133621692660000,0.000000000000000
-41.045471191399997,173.664901732999994,1.708004593850000,1.970421791080000,2.162710428240000,-2.134109497070000,0.000000000000000
-41.046058654799999,173.665847778000000,1.708163857460000,1.970600366590000,2.162927389140000,-2.133940935130000,0.000000000000000
-41.046642303500001,173.666854857999994,1.708700299260000,1.971184015270000,2.163559198380000,-2.134526729580000,0.000000000000000
-41.047313690199999,173.667770386000001,1.708696603780000,1.971172809600000,2.163573026660000,-2.134552955630000,0.000000000000000
-41.047439575200002,173.670181273999987,1.709323167800000,1.971795201300000,2.164227724080000,-2.135038375850000,0.000000000000000
-41.046951293900001,173.668823242000002,1.708867669110000,1.971371412280000,2.163772106170000,-2.134557247160000,0.000000000000000
-41.046028137199997,173.671127318999993,1.708809733390000,1.971447825430000,2.163889408110000,-2.134706258770000,0.000000000000000
-41.045009612999998,173.671936034999987,1.708048939700000,1.970732808110000,2.163156270980000,-2.134817600250000,0.000000000000000
-41.042236328100003,173.663238524999997,1.706394910810000,1.968565106390000,2.160686969760000,-2.133584022520000,0.000000000000000
-41.042610168499998,173.664001465000013,1.706496238710000,1.968896150590000,2.161091327670000,-2.134305238720000,0.000000000000000
-41.042991638200000,173.664566040000011,1.706431031230000,1.968822479250000,2.160981893540000,-2.132567882540000,0.000000000000000
-41.043640136699999,173.664749145999991,1.706474661830000,1.968816518780000,2.160996437070000,-2.132838964460000,0.000000000000000
-41.044502258300000,173.664886475000003,1.707116365430000,1.969381928440000,2.161615848540000,-2.132864475250000,0.000000000000000
-41.044086456300001,173.672760009999990,1.707013249400000,1.969545722010000,2.161930084230000,-2.132475376130000,0.000000000000000
-41.042961120599998,173.673110962000010,1.707403421400000,1.970416069030000,2.162891149520000,-2.136362075810000,0.000000000000000
-41.039783477800000,173.661712646000012,1.700532794000000,1.961778879170000,2.153699159620000,-2.122117996220000,0.000000000000000
-41.039257049600003,173.661560059000010,1.700628280640000,1.961994767190000,2.153851509090000,-2.122360467910000,0.000000000000000
-41.038673400900002,173.661483765000014,1.700683474540000,1.962084174160000,2.153980493550000,-2.122546434400000,0.000000000000000
-41.039852142299999,173.662200928000004,1.700375556950000,1.961598277090000,2.153474092480000,-2.122545957570000,0.000000000000000
-41.048233032200002,173.647079467999987,1.709414005280000,1.971330761910000,2.163594007490000,-2.133750438690000,0.000000000000000
-41.048862457299997,173.648269653000000,1.709338545800000,1.971161961560000,2.163420677190000,-2.133413791660000,0.000000000000000
-41.051963806200000,173.649505615000010,1.710093975070000,1.971969366070000,2.164312601090000,-2.134112358090000,0.000000000000000
-41.052799224899999,173.649169921999999,1.710281491280000,1.972195029260000,2.164559364320000,-2.134461164470000,0.000000000000000
-41.050228118900002,173.648422240999992,1.709857225420000,1.971819162370000,2.164133548740000,-2.133944272990000,0.000000000000000
-41.051296234100001,173.648651123000008,1.709920644760000,1.971837639810000,2.164161920550000,-2.134072542190000,0.000000000000000
-41.066669464100002,173.651779175000001,1.711725831030000,1.973938465120000,2.166412353520000,-2.136649131770000,0.000000000000000
-41.064933776899998,173.651367187999995,1.711598396300000,1.973803400990000,2.166269302370000,-2.136468172070000,0.000000000000000
-41.063552856400001,173.651245117000002,1.711566329000000,1.973740458490000,2.166203022000000,-2.136410236360000,0.000000000000000
-41.062530517600003,173.650588988999999,1.711447238920000,1.973598122600000,2.166050434110000,-2.136245012280000,0.000000000000000
-41.061279296899997,173.649917603000006,1.711382269860000,1.973520636560000,2.165968179700000,-2.136140584950000,0.000000000000000
-41.059982299799998,173.650039673000009,1.711389660840000,1.973467826840000,2.165915966030000,-2.136050224300000,0.000000000000000
-41.058937072799999,173.650268554999997,1.711366176610000,1.973473787310000,2.165927171710000,-2.136021614070000,0.000000000000000
-41.053394317600002,173.648651123000008,1.710350155830000,1.972274184230000,2.164648056030000,-2.134526252750000,0.000000000000000
-41.054168701199998,173.649124145999991,1.710664629940000,1.972725152970000,2.165143728260000,-2.135147571560000,0.000000000000000
-41.054977417000003,173.648895264000004,1.710765600200000,1.972915291790000,2.165363788600000,-2.135413885120000,0.000000000000000
-41.055873870799999,173.648834228999988,1.710920691490000,1.972958683970000,2.165391445160000,-2.135429859160000,0.000000000000000
-41.056827545200001,173.648895264000004,1.711081504820000,1.973168253900000,2.165621042250000,-2.135678052900000,0.000000000000000
-41.058254241900002,173.649581909000005,1.711285948750000,1.973350286480000,2.165799379350000,-2.135889768600000,0.000000000000000
-41.057659149199999,173.649017334000007,1.711231589320000,1.973291397090000,2.165744543080000,-2.135864019390000,0.000000000000000
-41.073356628399999,173.641937256000006,1.711817979810000,1.973904609680000,2.166355371480000,-2.136448621750000,0.000000000000000
-41.074508667000003,173.643615723000011,1.712023139000000,1.974156022070000,2.166629076000000,-2.136732101440000,0.000000000000000
-41.073760986300002,173.645660399999997,1.711955904960000,1.974107384680000,2.166585683820000,-2.136661767960000,0.000000000000000
-41.072937011699999,173.647705078000001,1.711972951890000,1.974131941800000,2.166606664660000,-2.136751413350000,0.000000000000000
-41.068286895800000,173.650558472000000,1.711757540700000,1.973955392840000,2.166427612300000,-2.136608839040000,0.000000000000000
-41.070446014399998,173.648757934999992,1.711782097820000,1.973963022230000,2.166433811190000,-2.136587381360000,0.000000000000000
-41.070365905800003,173.633422851999995,1.710638046260000,1.972619533540000,2.164953947070000,-2.135334253310000,0.000000000000000
-41.072105407700001,173.635696410999998,1.711459040640000,1.973564982410000,2.166011333470000,-2.136062383650000,0.000000000000000
-41.072292327900001,173.637023926000012,1.711457848550000,1.973427891730000,2.165816545490000,-2.135958194730000,0.000000000000000
-41.072727203399999,173.638290404999992,1.711680769920000,1.973716855050000,2.166139125820000,-2.136259317400000,0.000000000000000
-41.072448730500000,173.639984131000006,1.711648225780000,1.973656892780000,2.166071653370000,-2.136204481120000,0.000000000000000
-41.046566009499998,173.644119262999993,1.709248423580000,1.971087336540000,2.163305521010000,-2.133774757390000,0.000000000000000
-41.047203064000001,173.644607543999996,1.709284901620000,1.971112489700000,2.163339614870000,-2.133470058440000,0.000000000000000
-41.047901153600002,173.645217895999991,1.709474802020000,1.971348881720000,2.163599252700000,-2.133772373200000,0.000000000000000
-41.048698425300003,173.645996093999997,1.709343791010000,1.971178054810000,2.163433074950000,-2.133353233340000,0.000000000000000
-41.044513702400003,173.642395020000009,1.709393143650000,1.971144914630000,2.163350105290000,-2.133437871930000,0.000000000000000
-41.044498443599998,173.641983032000013,1.709522485730000,1.971331000330000,2.163535833360000,-2.133495807650000,0.000000000000000
-41.045928955100003,173.643600464000002,1.709351658820000,1.971185088160000,2.163401126860000,-2.133864879610000,0.000000000000000
-41.044860839800002,173.642807006999988,1.709637403490000,1.971412897110000,2.163624286650000,-2.133805751800000,0.000000000000000
-41.045608520499997,173.643005370999987,1.709054589270000,1.970751047130000,2.162941217420000,-2.133400201800000,0.000000000000000
-41.044406890899999,173.641540526999989,1.708995223050000,1.970649600030000,2.162824869160000,-2.132956504820000,0.000000000000000
-41.043697357200003,173.641204834000007,1.708707571030000,1.970319986340000,2.162472963330000,-2.132659673690000,0.000000000000000
-41.044239044199998,173.641098021999994,1.709240913390000,1.971004486080000,2.163194417950000,-2.133080720900000,0.000000000000000
-41.043498992899998,173.640853881999988,1.708756208420000,1.970438599590000,2.162602424620000,-2.132702827450000,0.000000000000000
-41.043273925800001,173.640533446999996,1.708059787750000,1.969600319860000,2.161722898480000,-2.132264614110000,0.000000000000000
-41.040111541700000,173.657989501999992,1.700913786890000,1.961994051930000,2.153922557830000,-2.122390031810000,0.000000000000000
-41.039718627900001,173.658050537000008,1.700945138930000,1.962140560150000,2.154066085820000,-2.122547388080000,0.000000000000000
-41.039321899400001,173.658126831000004,1.701080203060000,1.962269902230000,2.154211044310000,-2.122643232350000,0.000000000000000
-41.042953491200002,173.646469115999992,1.701231122020000,1.962439417840000,2.154415845870000,-2.123789072040000,0.000000000000000
-41.043861389200003,173.647048949999999,1.703290939330000,1.964822053910000,2.156939029690000,-2.127266407010000,0.000000000000000
-41.044635772699998,173.647766112999989,1.704456090930000,1.966747999190000,2.158961057660000,-2.130137681960000,0.000000000000000
-41.045478820800000,173.649444579999994,1.706679821010000,1.969085454940000,2.161346673970000,-2.133037567140000,0.000000000000000
-41.044593810999999,173.648727417000003,1.705295920370000,1.967543005940000,2.159789562230000,-2.131384611130000,0.000000000000000
-41.041969299300000,173.646087646000012,1.703045964240000,1.964362502100000,2.156332254410000,-2.125287532810000,0.000000000000000
-41.045234680199997,173.650772095000008,1.707236170770000,1.969584345820000,2.161884784700000,-2.134074687960000,0.000000000000000
-41.044422149699997,173.651550293000014,1.703749179840000,1.965738534930000,2.157878637310000,-2.127094030380000,0.000000000000000
-41.044094085700003,173.652465820000003,1.704863190650000,1.967201590540000,2.159507274630000,-2.130965709690000,0.000000000000000
-41.043388366700000,173.653961181999989,1.703923225400000,1.965747356410000,2.157905817030000,-2.128481149670000,0.000000000000000
-41.043327331500002,173.653045654000010,1.703791737560000,1.965738534930000,2.157896757130000,-2.128139972690000,0.000000000000000
-41.042762756300000,173.654113770000009,1.701062321660000,1.962172865870000,2.154146671300000,-2.123121738430000,0.000000000000000
-41.040569305399998,173.657470703000001,1.700932502750000,1.962020635600000,2.153945922850000,-2.122428417210000,0.000000000000000
-41.040973663300001,173.657180785999998,1.700854301450000,1.962054371830000,2.153966188430000,-2.122696876530000,0.000000000000000
-41.041336059599999,173.656646728999988,1.700203776360000,1.961508393290000,2.153443336490000,-2.122412204740000,0.000000000000000
-41.042457580600001,173.654541015999996,1.698482751850000,1.959653139110000,2.151485919950000,-2.120780944820000,0.000000000000000
-41.042156219500001,173.655029296999999,1.699989199640000,1.960898280140000,2.152688503270000,-2.121644496920000,0.000000000000000
-41.041900634800001,173.655548095999990,1.699548959730000,1.960707068440000,2.152687549590000,-2.123651504520000,0.000000000000000
-41.040142059300003,173.657516479000009,1.700886011120000,1.961971879010000,2.153897762300000,-2.122311115260000,0.000000000000000
-41.041233062700002,173.662872313999998,1.702401041980000,1.965048432350000,2.157200098040000,-2.129821538930000,0.000000000000000
-41.041584014900003,173.663314818999993,1.703745841980000,1.966185688970000,2.158453941350000,-2.133307218550000,0.000000000000000
-41.040607452400003,173.662887573000006,1.694161891940000,1.949784874920000,2.140614509580000,-2.095679998400000,0.000000000000000
-41.044933319099997,173.665832520000009,1.707432985310000,1.969734787940000,2.162014722820000,-2.133247137070000,0.000000000000000
-41.045467376700003,173.666900634999990,1.707932710650000,1.970322012900000,2.162653923030000,-2.133836507800000,0.000000000000000
-41.046150207499998,173.667984009000008,1.708516240120000,1.971072077750000,2.163450241090000,-2.134408235550000,0.000000000000000
-41.045742034900002,173.669479370000005,1.708253026010000,1.970730543140000,2.163131713870000,-2.134239196780000,0.000000000000000
-41.044738769500000,173.670715331999986,1.707473635670000,1.969990730290000,2.162343263630000,-2.133323907850000,0.000000000000000
-41.044086456300001,173.671615601000013,1.706777453420000,1.969211220740000,2.161601781850000,-2.132445812230000,0.000000000000000
-41.041748046899997,173.664031982000012,1.703836560250000,1.966010928150000,2.158204793930000,-2.130589962010000,0.000000000000000
-41.042335510299999,173.664764404000010,1.705577373500000,1.968060016630000,2.160230875020000,-2.133118629460000,0.000000000000000
-41.043010711699999,173.665313720999990,1.705946683880000,1.968093395230000,2.160254240040000,-2.131982564930000,0.000000000000000
-41.043891906699997,173.665664673000009,1.706589818000000,1.968953847890000,2.161157608030000,-2.132686853410000,0.000000000000000
-41.043128967299999,173.671920776000007,1.707341194150000,1.969985485080000,2.162337780000000,-2.135134935380000,0.000000000000000
-41.041175842299999,173.673400879000013,1.699117422100000,1.959115982060000,2.151004791260000,-2.114190816880000,0.000000000000000
-41.041900634800001,173.672378540000011,1.703830957410000,1.965866804120000,2.158258914950000,-2.128843069080000,0.000000000000000
-41.039321899400001,173.662033081000004,1.700315117840000,1.961672186850000,2.153522729870000,-2.122024774550000,0.000000000000000
-41.038818359399997,173.661865234000004,1.700551867490000,1.961961030960000,2.153840303420000,-2.122594356540000,0.000000000000000
-41.038345336900001,173.661697387999993,1.700801134110000,1.962088704110000,2.153937339780000,-2.122307300570000,0.000000000000000
-41.039970397899999,173.662765503000003,1.699676394460000,1.961047410960000,2.152947664260000,-2.123167514800000,0.000000000000000
-41.039379119899998,173.662567139000004,1.700303316120000,1.961654424670000,2.153473138810000,-2.121881008150000,0.000000000000000
-41.036952972400002,173.673843384000008,1.679866671560000,1.922623872760000,2.107826948170000,-2.046894311900000,0.000000000000000
-41.049724578899998,173.647018433000000,1.709787368770000,1.971823096280000,2.164133071900000,-2.134119272230000,0.000000000000000
-41.052333831799999,173.648300170999988,1.710384488110000,1.972387194630000,2.164754390720000,-2.134624004360000,0.000000000000000
-41.051174163799999,173.647552490000010,1.710075020790000,1.972042202950000,2.164383888240000,-2.134146690370000,0.000000000000000
-41.053272247300001,173.647720337000010,1.710464119910000,1.972495555880000,2.164889335630000,-2.134788513180000,0.000000000000000
-41.066135406500003,173.650009154999992,1.711566567420000,1.973761677740000,2.166222572330000,-2.136398315430000,0.000000000000000
-41.064022064200003,173.649810790999993,1.711460590360000,1.973647236820000,2.166097164150000,-2.136290550230000,0.000000000000000
-41.062526702900001,173.649368285999998,1.711383819580000,1.973513841630000,2.165955543520000,-2.136114835740000,0.000000000000000
-41.061630248999997,173.648559570000003,1.711282014850000,1.973391056060000,2.165824413300000,-2.135992050170000,0.000000000000000
-41.060371398900003,173.648956298999991,1.711257934570000,1.973342657090000,2.165776968000000,-2.135922908780000,0.000000000000000
-41.059242248499999,173.649276732999994,1.711237311360000,1.973346710210000,2.165785551070000,-2.135930299760000,0.000000000000000
-41.054328918499998,173.648040771000012,1.710670590400000,1.972716331480000,2.165130376820000,-2.135128021240000,0.000000000000000
-41.055366516100001,173.648101806999989,1.710869908330000,1.972907066350000,2.165329456330000,-2.135372877120000,0.000000000000000
-41.056388855000002,173.647796631000006,1.710952997210000,1.972985744480000,2.165416479110000,-2.135507106780000,0.000000000000000
-41.057537078899998,173.648147582999997,1.711157441140000,1.973198652270000,2.165641069410000,-2.135708808900000,0.000000000000000
-41.058441162100003,173.648620604999991,1.711212873460000,1.973249554630000,2.165688991550000,-2.135782480240000,0.000000000000000
-41.071254730200003,173.641876220999990,1.711549043660000,1.973629593850000,2.166058063510000,-2.136135816570000,0.000000000000000
-41.072280883799998,173.643798828000001,1.711763739590000,1.973859667780000,2.166301965710000,-2.136429548260000,0.000000000000000
-41.071292877200001,173.645996093999997,1.711776971820000,1.973928570750000,2.166389703750000,-2.136499643330000,0.000000000000000
-41.067592620799999,173.648376465000013,1.711572766300000,1.973751068120000,2.166204690930000,-2.136372327800000,0.000000000000000
-41.068817138699998,173.646347045999988,1.711533665660000,1.973677515980000,2.166118383410000,-2.136251449580000,0.000000000000000
-41.071060180700002,173.635070801000012,1.711165666580000,1.973102927210000,2.165461063390000,-2.135738372800000,0.000000000000000
-41.070194244400000,173.634338379000013,1.710776448250000,1.972809553150000,2.165189266200000,-2.135417699810000,0.000000000000000
-41.069622039800002,173.633666992000002,1.710863232610000,1.972716093060000,2.165025711060000,-2.135168313980000,0.000000000000000
-41.070972442600002,173.636428832999997,1.711133599280000,1.973092913630000,2.165465593340000,-2.135701894760000,0.000000000000000
-41.071048736599998,173.638244629000013,1.711348772050000,1.973351120950000,2.165752410890000,-2.135826826100000,0.000000000000000
-41.070331573499999,173.640182495000005,1.711274862290000,1.973344564440000,2.165755510330000,-2.135901451110000,0.000000000000000
-41.069599151600002,173.641662598000011,1.711355090140000,1.973399162290000,2.165802478790000,-2.135910034180000,0.000000000000000
-41.046695709200002,173.643508910999998,1.709316849710000,1.971034765240000,2.163245439530000,-2.133386135100000,0.000000000000000
-41.047313690199999,173.643844604000009,1.709501743320000,1.971305966380000,2.163542032240000,-2.133736848830000,0.000000000000000
-41.048065185500000,173.644317626999992,1.709523200990000,1.971392154690000,2.163647890090000,-2.133796215060000,0.000000000000000
-41.048912048299997,173.644912720000008,1.709735035900000,1.971742153170000,2.164033174510000,-2.134054422380000,0.000000000000000
-41.049854278600002,173.645599365000010,1.709938883780000,1.971924066540000,2.164238452910000,-2.134111881260000,0.000000000000000
-41.045028686499997,173.642150879000013,1.709262371060000,1.970965743060000,2.163159132000000,-2.133269310000000,0.000000000000000
-41.044971466100002,173.641586303999986,1.709212064740000,1.970955491070000,2.163150787350000,-2.133272886280000,0.000000000000000
-41.046413421600001,173.642852782999995,1.709485292430000,1.971209526060000,2.163426637650000,-2.133574008940000,0.000000000000000
-41.045684814500000,173.642395020000009,1.709246873860000,1.970958590510000,2.163160562520000,-2.133360147480000,0.000000000000000
-41.044811248800002,173.641067504999995,1.709068417550000,1.970817923550000,2.163002729420000,-2.133023023610000,0.000000000000000
-41.042728424099998,173.639938354000009,1.707944393160000,1.969590187070000,2.161722183230000,-2.132175207140000,0.000000000000000
-41.042999267600003,173.640228271000012,1.708056211470000,1.969722867010000,2.161849737170000,-2.132213354110000,0.000000000000000
-41.044021606400001,173.640670776000007,1.708730936050000,1.970357418060000,2.162516832350000,-2.132649898530000,0.000000000000000
-41.044601440400001,173.640579223999993,1.708993554120000,1.970665454860000,2.162837743760000,-2.132818937300000,0.000000000000000
-41.043724060099997,173.640304565000008,1.708999156950000,1.970722913740000,2.162891387940000,-2.132776021960000,0.000000000000000
-41.043403625499998,173.640075684000010,1.707761764530000,1.969336152080000,2.161460161210000,-2.132111787800000,0.000000000000000
-41.039611816399997,173.657684326000009,1.700927257540000,1.962151169780000,2.154074668880000,-2.122651815410000,0.000000000000000
-41.039142608600002,173.657775879000013,1.701029181480000,1.962197542190000,2.154133558270000,-2.122492074970000,0.000000000000000
-41.038742065400001,173.657669067000000,1.701207637790000,1.962419152260000,2.154378175740000,-2.122807502750000,0.000000000000000
-41.038539886499997,173.658065795999988,1.701187849040000,1.962439417840000,2.154397010800000,-2.122920989990000,0.000000000000000
-41.042289733899999,173.646942139000004,1.703541636470000,1.964669466020000,2.156545639040000,-2.125328540800000,0.000000000000000
-41.042957305900003,173.647491454999994,1.702948808670000,1.964292526250000,2.156260490420000,-2.125495195390000,0.000000000000000
-41.043773651099997,173.648101806999989,1.702610731120000,1.964039087300000,2.156123399730000,-2.125591039660000,0.000000000000000
-41.044399261499997,173.649719237999989,1.703639626500000,1.965441942210000,2.157580137250000,-2.127362728120000,0.000000000000000
-41.043781280499999,173.648986815999990,1.702802538870000,1.964163422580000,2.156225919720000,-2.125326156620000,0.000000000000000
-41.041519164999997,173.646942139000004,1.702616453170000,1.963709592820000,2.155562162400000,-2.124346494670000,0.000000000000000
-41.043968200700000,173.650680542000003,1.703578948970000,1.965477108960000,2.157598018650000,-2.127270698550000,0.000000000000000
-41.043525695800000,173.651550293000014,1.703876256940000,1.965609192850000,2.157806158070000,-2.128341436390000,0.000000000000000
-41.043205261200001,173.652282715000013,1.701949954030000,1.963295221330000,2.155302047730000,-2.123714208600000,0.000000000000000
-41.042697906500003,173.653503418000014,1.701241254810000,1.962379932400000,2.154396057130000,-2.123343706130000,0.000000000000000
-41.042476654100000,173.652633667000003,1.701392292980000,1.962376117710000,2.154390811920000,-2.122395515440000,0.000000000000000
-41.042224883999999,173.653945923000009,1.701732397080000,1.962988257410000,2.155007123950000,-2.124028921130000,0.000000000000000
-41.040340423600000,173.656936645999991,1.700780391690000,1.961850881580000,2.153769969940000,-2.122397661210000,0.000000000000000
-41.040802002000000,173.656616210999999,1.700476408000000,1.961595296860000,2.153478384020000,-2.122360706330000,0.000000000000000
-41.041030883799998,173.656127929999997,1.700653314590000,1.961704134940000,2.153631687160000,-2.122747421260000,0.000000000000000
-41.041854858400001,173.654464722000000,1.700945734980000,1.962221026420000,2.154241561890000,-2.124330759050000,0.000000000000000
-41.041538238500003,173.655014037999990,1.700081110000000,1.961283326150000,2.153232097630000,-2.122891187670000,0.000000000000000
-41.041290283199999,173.655578612999989,1.700040459630000,1.960986971860000,2.152835607530000,-2.121994733810000,0.000000000000000
-41.039722442600002,173.657089232999994,1.700879812240000,1.962061405180000,2.153980970380000,-2.122553348540000,0.000000000000000
-41.040946960399999,173.663589478000006,1.703982949260000,1.966763973240000,2.158985853200000,-2.134129047390000,0.000000000000000
-41.040130615199999,173.663436890000014,1.700537443160000,1.962328553200000,2.154421091080000,-2.126469135280000,0.000000000000000
-41.041019439700001,173.664382934999992,1.704519867900000,1.967385411260000,2.159552574160000,-2.132924079900000,0.000000000000000
-41.044212341300003,173.666809081999986,1.706596136090000,1.968986749650000,2.161250591280000,-2.132705926900000,0.000000000000000
-41.044799804699998,173.668090820000003,1.707167983060000,1.969686508180000,2.162013292310000,-2.133233547210000,0.000000000000000
-41.044078826899998,173.669418334999989,1.706812024120000,1.969174265860000,2.161497592930000,-2.132893323900000,0.000000000000000
-41.043479919399999,173.670715331999986,1.706595182420000,1.969269156460000,2.161646604540000,-2.133269310000000,0.000000000000000
-41.041500091600000,173.664993285999998,1.703386664390000,1.965562343600000,2.157687902450000,-2.130284309390000,0.000000000000000
-41.042160034200002,173.665710448999988,1.705006122590000,1.967632055280000,2.159816026690000,-2.131891250610000,0.000000000000000
-41.043052673299997,173.666397095000008,1.705466508870000,1.967736363410000,2.159907341000000,-2.131537675860000,0.000000000000000
-41.042255401600002,173.671005248999990,1.704233050350000,1.966671109200000,2.159013509750000,-2.130285739900000,0.000000000000000
-41.040462493900002,173.672317504999995,1.701920151710000,1.963789939880000,2.155961036680000,-2.126682281490000,0.000000000000000
-41.041187286400003,173.671325684000010,1.703265547750000,1.965498924260000,2.157762527470000,-2.130050182340000,0.000000000000000
-41.038845062299998,173.662322998000008,1.700908422470000,1.962288975720000,2.154190063480000,-2.122889518740000,0.000000000000000
-41.038455963099999,173.662063598999993,1.700829982760000,1.962102413180000,2.153949022290000,-2.122324466710000,0.000000000000000
-41.038017272899999,173.661926270000009,1.700265645980000,1.961594939230000,2.153416156770000,-2.122990846630000,0.000000000000000
-41.039451599099998,173.663208007999998,1.700419306760000,1.961785078050000,2.153649330140000,-2.123641252520000,0.000000000000000
-41.038841247599997,173.662902831999986,1.700109243390000,1.961380004880000,2.153229475020000,-2.122085809710000,0.000000000000000
-41.037643432599999,173.661788940000008,1.698232412340000,1.959414243700000,2.150978803630000,-2.122007608410000,0.000000000000000
-41.072010040300000,173.619400023999987,1.709524035450000,1.971319317820000,2.163565397260000,-2.133027076720000,0.000000000000000
-41.072219848600000,173.620513915999993,1.709874391560000,1.971740126610000,2.164008617400000,-2.134126424790000,0.000000000000000
-41.071941375700000,173.623641967999987,1.708366751670000,1.969477891920000,2.161589860920000,-2.128049135210000,0.000000000000000
-41.070762634300003,173.617599487000007,1.709691286090000,1.971534967420000,2.163800001140000,-2.133583784100000,0.000000000000000
-41.070926666299997,173.618881226000013,1.709692835810000,1.971556901930000,2.163782835010000,-2.133725166320000,0.000000000000000
-41.051029205299997,173.646194457999997,1.710024118420000,1.972047209740000,2.164383888240000,-2.134204149250000,0.000000000000000
-41.052452087399999,173.646789551000012,1.710284709930000,1.972317337990000,2.164682626720000,-2.134527683260000,0.000000000000000
-41.053867340099998,173.646835326999991,1.710540294650000,1.972534775730000,2.164917945860000,-2.134805440900000,0.000000000000000
-41.065319061300002,173.648147582999997,1.711395859720000,1.973565340040000,2.166006326680000,-2.136179208760000,0.000000000000000
-41.063179016100001,173.647979735999996,1.711288571360000,1.973418235780000,2.165853738780000,-2.136013031010000,0.000000000000000
-41.061790466300003,173.647384643999999,1.711211085320000,1.973301291470000,2.165724039080000,-2.135848283770000,0.000000000000000
-41.060642242400000,173.647735595999990,1.711188554760000,1.973262310030000,2.165689706800000,-2.135823488240000,0.000000000000000
-41.059471130399999,173.648178101000013,1.711227655410000,1.973280429840000,2.165714025500000,-2.135830879210000,0.000000000000000
-41.055263519299999,173.646957396999994,1.710712313650000,1.972769975660000,2.165184259410000,-2.135187864300000,0.000000000000000
-41.056442260700003,173.646636962999992,1.710910201070000,1.972894191740000,2.165305376050000,-2.135325431820000,0.000000000000000
-41.057426452599998,173.647018433000000,1.710992693900000,1.972973346710000,2.165388107300000,-2.135447740550000,0.000000000000000
-41.058498382600000,173.647521973000011,1.711102247240000,1.973094105720000,2.165518999100000,-2.135635614400000,0.000000000000000
-41.069519043000000,173.643707274999997,1.711420893670000,1.973530888560000,2.165958404540000,-2.136088371280000,0.000000000000000
-41.066547393800001,173.646438598999993,1.711367845540000,1.973518610000000,2.165953636170000,-2.136092185970000,0.000000000000000
-41.067516326899998,173.644836426000012,1.711337327960000,1.973459839820000,2.165880680080000,-2.136007308960000,0.000000000000000
-41.068321228000002,173.642028809000010,1.711200833320000,1.973304986950000,2.165714502330000,-2.135823249820000,0.000000000000000
-41.068740844700002,173.632263184000010,1.709435105320000,1.970933198930000,2.163208484650000,-2.131194829940000,0.000000000000000
-41.069835662800003,173.635528563999998,1.710766911510000,1.972739934920000,2.165098428730000,-2.135237693790000,0.000000000000000
-41.068782806400002,173.633377074999999,1.710271954540000,1.972298026080000,2.164638042450000,-2.134790658950000,0.000000000000000
-41.069084167500002,173.634475707999997,1.710752725600000,1.972632646560000,2.164943933490000,-2.135191440580000,0.000000000000000
-41.069492340099998,173.637039184999992,1.710938334470000,1.972946286200000,2.165324687960000,-2.135460376740000,0.000000000000000
-41.069076538099999,173.638793945000003,1.711017131810000,1.972996354100000,2.165360212330000,-2.135491847990000,0.000000000000000
-41.068565368700000,173.640518187999987,1.711123347280000,1.973171114920000,2.165564298630000,-2.135647535320000,0.000000000000000
-41.047271728500000,173.643112183000000,1.709444522860000,1.971290469170000,2.163526773450000,-2.133728027340000,0.000000000000000
-41.048084258999999,173.643417357999994,1.709611773490000,1.971468806270000,2.163725137710000,-2.133742332460000,0.000000000000000
-41.048992157000001,173.643859862999989,1.709695100780000,1.971611619000000,2.163888216020000,-2.133817434310000,0.000000000000000
-41.049957275399997,173.644439696999996,1.709773421290000,1.971712112430000,2.164009094240000,-2.133942127230000,0.000000000000000
-41.050827026400000,173.645065308000000,1.709946155550000,1.971974015240000,2.164299964900000,-2.134162664410000,0.000000000000000
-41.047161102300002,173.642440795999988,1.709509134290000,1.971231937410000,2.163461208340000,-2.133491992950000,0.000000000000000
-41.045646667500002,173.641693115000010,1.709293723110000,1.971019148830000,2.163219690320000,-2.133274316790000,0.000000000000000
-41.045444488500003,173.641082764000004,1.709285497670000,1.970998644830000,2.163189649580000,-2.133066415790000,0.000000000000000
-41.046550750700000,173.641876220999990,1.709490299220000,1.971202254300000,2.163413763050000,-2.133403301240000,0.000000000000000
-41.045219421399999,173.640548706000004,1.708830118180000,1.970515489580000,2.162692070010000,-2.132856607440000,0.000000000000000
-41.044971466100002,173.640106201000009,1.709161877630000,1.970937490460000,2.163126468660000,-2.132879018780000,0.000000000000000
-41.043220519999998,173.639617920000006,1.708521246910000,1.970205664630000,2.162348985670000,-2.132425069810000,0.000000000000000
-41.044353485099997,173.640014648000005,1.708691716190000,1.970399260520000,2.162565469740000,-2.132657051090000,0.000000000000000
-41.043796539299997,173.639709473000011,1.708428144450000,1.970120787620000,2.162272930150000,-2.132431030270000,0.000000000000000
-41.043197631799998,173.639007568000011,1.708164811130000,1.969946742060000,2.162110328670000,-2.132171154020000,0.000000000000000
-41.039108276400000,173.657257079999994,1.701070666310000,1.962199091910000,2.154151916500000,-2.122539997100000,0.000000000000000
-41.038581848100002,173.657226562000005,1.700597882270000,1.961949229240000,2.153798818590000,-2.122632980350000,0.000000000000000
-41.042049407999997,173.647720337000010,1.702890276910000,1.964074730870000,2.156006813050000,-2.125131845470000,0.000000000000000
-41.042808532700001,173.648635863999999,1.703372955320000,1.964484572410000,2.156358718870000,-2.125337362290000,0.000000000000000
-41.043338775599999,173.649734496999997,1.703421950340000,1.964973688130000,2.157044172290000,-2.126862287520000,0.000000000000000
-41.041122436499997,173.647720337000010,1.702778935430000,1.963822960850000,2.155703067780000,-2.124679565430000,0.000000000000000
-41.042881012000002,173.650711059999992,1.702261805530000,1.963497877120000,2.155397176740000,-2.123991727830000,0.000000000000000
-41.042591094999999,173.651687621999997,1.702562212940000,1.963855504990000,2.155815362930000,-2.124784708020000,0.000000000000000
-41.041782379200001,173.651992798000009,1.702607512470000,1.963863730430000,2.155817031860000,-2.124701738360000,0.000000000000000
-41.041999816900002,173.653289795000006,1.701797723770000,1.962997913360000,2.155013322830000,-2.123535394670000,0.000000000000000
-41.041740417500002,173.652694701999991,1.702556014060000,1.963860154150000,2.155908823010000,-2.124411106110000,0.000000000000000
-41.041564941399997,173.653823853000006,1.700530767440000,1.961430668830000,2.153379201890000,-2.122073650360000,0.000000000000000
-41.039844512899997,173.656555176000012,1.700823664670000,1.961905837060000,2.153842210770000,-2.122323513030000,0.000000000000000
-41.040332794199998,173.656143187999987,1.700748801230000,1.961799025540000,2.153710842130000,-2.121945858000000,0.000000000000000
-41.040714263900000,173.655624390000014,1.699954986570000,1.961061358450000,2.152925252910000,-2.121490478520000,0.000000000000000
-41.041175842299999,173.654403687000013,1.699323296550000,1.960401415820000,2.152230262760000,-2.121061801910000,0.000000000000000
-41.040863037100003,173.655044556000007,1.700428724290000,1.961397767070000,2.153338193890000,-2.122112035750000,0.000000000000000
-41.039279937700002,173.656616210999999,1.700793385510000,1.962015032770000,2.153914451600000,-2.122408390050000,0.000000000000000
-41.039520263699998,173.663955687999987,1.700518012050000,1.962065696720000,2.154065370560000,-2.124944925310000,0.000000000000000
-41.040298461900001,173.664230347000000,1.701856493950000,1.963809847830000,2.155984401700000,-2.128930807110000,0.000000000000000
-41.040599823000001,173.665069579999994,1.703132390980000,1.965193271640000,2.157363891600000,-2.129922151570000,0.000000000000000
-41.043136596700002,173.667953490999992,1.705621719360000,1.968034148220000,2.160276412960000,-2.131657600400000,0.000000000000000
-41.042587280299998,173.669601440000008,1.704999327660000,1.967285633090000,2.159550905230000,-2.130926609040000,0.000000000000000
-41.041141510000003,173.665939331000004,1.703716754910000,1.965957522390000,2.158129215240000,-2.130253076550000,0.000000000000000
-41.041904449500002,173.666900634999990,1.704231023790000,1.966599464420000,2.158749580380000,-2.130630731580000,0.000000000000000
-41.041252136200001,173.670104979999991,1.703930974010000,1.966015815730000,2.158225774770000,-2.129742622380000,0.000000000000000
-41.038520812999998,173.672866821000014,1.700549721720000,1.962102651600000,2.154177188870000,-2.123939275740000,0.000000000000000
-41.039272308299999,173.671905517999988,1.699729919430000,1.961142182350000,2.153114557270000,-2.122789144520000,0.000000000000000
-41.040054321299998,173.670837401999989,1.701599478720000,1.963265895840000,2.155424594880000,-2.125613689420000,0.000000000000000
-41.038257598900003,173.662506103999988,1.699391484260000,1.960746884350000,2.152464389800000,-2.122184515000000,0.000000000000000
-41.037757873499999,173.662261962999992,1.700637102130000,1.961911797520000,2.153743743900000,-2.122945547100000,0.000000000000000
-41.038852691700001,173.663589478000006,1.699354171750000,1.960533738140000,2.152325630190000,-2.121815204620000,0.000000000000000
-41.038257598900003,173.663208007999998,1.700527071950000,1.961621403690000,2.153394222260000,-2.122016191480000,0.000000000000000
-41.037521362299998,173.672363281000003,1.700175523760000,1.961548686030000,2.153533697130000,-2.122469186780000,0.000000000000000
-41.036972045900001,173.672363281000003,1.700650930400000,1.962255001070000,2.154270172120000,-2.123840093610000,0.000000000000000
-41.069583892799997,173.617294312000013,1.709812879560000,1.971639275550000,2.163902759550000,-2.133915901180000,0.000000000000000
-41.071086883500001,173.620117187999995,1.709549784660000,1.971259117130000,2.163470029830000,-2.133370876310000,0.000000000000000
-41.071376800499998,173.621475220000008,1.709740757940000,1.971556663510000,2.163808584210000,-2.133675813670000,0.000000000000000
-41.071071624799998,173.622787476000013,1.709692716600000,1.971457123760000,2.163687229160000,-2.133592605590000,0.000000000000000
-41.070919036900001,173.623855590999995,1.709654569630000,1.971457481380000,2.163705587390000,-2.133623600010000,0.000000000000000
-41.069763183600003,173.618392943999993,1.709486007690000,1.971153378490000,2.163355588910000,-2.133139133450000,0.000000000000000
-41.069923400900002,173.619598389000004,1.709714055060000,1.971519231800000,2.163768291470000,-2.133756160740000,0.000000000000000
-41.070148467999999,173.624191284000005,1.709714531900000,1.971457004550000,2.163697957990000,-2.133723974230000,0.000000000000000
-41.052154541000000,173.645111084000007,1.710317611690000,1.972330570220000,2.164685726170000,-2.134494304660000,0.000000000000000
-41.053344726600002,173.645797729000009,1.710467219350000,1.972509503360000,2.164889574050000,-2.134748220440000,0.000000000000000
-41.054553985600002,173.645690918000014,1.710627317430000,1.972641825680000,2.165033578870000,-2.134978294370000,0.000000000000000
-41.064441680900003,173.646316528000000,1.711219787600000,1.973360061650000,2.165779829030000,-2.135901927950000,0.000000000000000
-41.062541961699999,173.646240234000004,1.711133360860000,1.973227024080000,2.165643930440000,-2.135787487030000,0.000000000000000
-41.060970306400002,173.646438598999993,1.711091041560000,1.973142147060000,2.165554761890000,-2.135679006580000,0.000000000000000
-41.059638977100001,173.646926879999995,1.711083292960000,1.973119378090000,2.165535211560000,-2.135647773740000,0.000000000000000
-41.055915832499998,173.645645142000006,1.710767984390000,1.972728013990000,2.165119409560000,-2.135114908220000,0.000000000000000
-41.057228088400002,173.645782470999990,1.710881352420000,1.972854137420000,2.165264129640000,-2.135345220570000,0.000000000000000
-41.058483123800002,173.646240234000004,1.711029052730000,1.973024129870000,2.165436267850000,-2.135504007340000,0.000000000000000
-41.067085266100001,173.643096923999991,1.711177945140000,1.973273873330000,2.165679693220000,-2.135776758190000,0.000000000000000
-41.065620422400002,173.644577026000007,1.711132526400000,1.973261952400000,2.165674686430000,-2.135813713070000,0.000000000000000
-41.066848754900001,173.641174315999990,1.710952758790000,1.973003149030000,2.165380001070000,-2.135504961010000,0.000000000000000
-41.067836761499997,173.631607056000007,1.710245609280000,1.972029924390000,2.164293766020000,-2.134459018710000,0.000000000000000
-41.067726135299999,173.632873534999987,1.710203051570000,1.971942901610000,2.164191246030000,-2.134314060210000,0.000000000000000
-41.068229675300003,173.635772704999994,1.710590481760000,1.972479462620000,2.164796352390000,-2.134935379030000,0.000000000000000
-41.067836761499997,173.634216309000010,1.710378766060000,1.972364306450000,2.164712905880000,-2.134785652160000,0.000000000000000
-41.067794799799998,173.637496948000006,1.710691809650000,1.972687721250000,2.165044069290000,-2.135178327560000,0.000000000000000
-41.067230224600003,173.639251709000007,1.710899829860000,1.972918868060000,2.165289402010000,-2.135369539260000,0.000000000000000
-41.066867828399999,173.636459351000013,1.710571885110000,1.972489237790000,2.164811849590000,-2.134893178940000,0.000000000000000
-41.047954559300003,173.642578125000000,1.709652304650000,1.971414566040000,2.163656473160000,-2.133574724200000,0.000000000000000
-41.048927307100001,173.642837523999987,1.709654331210000,1.971521258350000,2.163790225980000,-2.133805751800000,0.000000000000000
-41.050022125200002,173.643264770999991,1.709952592850000,1.971900224690000,2.164201498030000,-2.134052515030000,0.000000000000000
-41.051139831500002,173.643951415999993,1.710129737850000,1.972139596940000,2.164472103120000,-2.134260416030000,0.000000000000000
-41.047622680700002,173.641769409000005,1.709512591360000,1.971251249310000,2.163482666020000,-2.133490324020000,0.000000000000000
-41.046195983899999,173.641052245999987,1.709168314930000,1.970891952510000,2.163093090060000,-2.133148431780000,0.000000000000000
-41.045818328899998,173.640548706000004,1.709229946140000,1.971007227900000,2.163205862050000,-2.133095502850000,0.000000000000000
-41.047149658199999,173.640975951999991,1.709550142290000,1.971265316010000,2.163486242290000,-2.133292436600000,0.000000000000000
-41.045665741000001,173.639892578000001,1.708975672720000,1.970696568490000,2.162875175480000,-2.132799863820000,0.000000000000000
-41.045013427699999,173.639480590999995,1.708568692210000,1.970186233520000,2.162341594700000,-2.132503747940000,0.000000000000000
-41.043712616000001,173.639053345000008,1.707459926610000,1.969004631040000,2.161110639570000,-2.131946325300000,0.000000000000000
-41.044357299799998,173.639205933000000,1.709198832510000,1.970976471900000,2.163163900380000,-2.132731676100000,0.000000000000000
-41.043464660600002,173.638442993000012,1.708856582640000,1.970715999600000,2.162891864780000,-2.132469654080000,0.000000000000000
-41.038673400900002,173.656738281000003,1.701114773750000,1.962170362470000,2.154137372970000,-2.122699499130000,0.000000000000000
-41.041591644299999,173.648651123000008,1.702839493750000,1.963935852050000,2.155805587770000,-2.124606132510000,0.000000000000000
-41.042182922400002,173.649719237999989,1.702849149700000,1.964086413380000,2.156050443650000,-2.125370502470000,0.000000000000000
-41.041675567600002,173.650909423999991,1.702491998670000,1.963697910310000,2.155639886860000,-2.124586582180000,0.000000000000000
-41.041072845499997,173.651641845999990,1.701453208920000,1.962529301640000,2.154521465300000,-2.123214721680000,0.000000000000000
-41.041133880600000,173.652389526000007,1.701688408850000,1.962712049480000,2.154755353930000,-2.123389482500000,0.000000000000000
-41.041301727300002,173.653137206999986,1.700840234760000,1.961937069890000,2.153931617740000,-2.123095750810000,0.000000000000000
-41.040828704799999,173.653701782000013,1.700698375700000,1.961827278140000,2.153807401660000,-2.122578859330000,0.000000000000000
-41.039546966600000,173.655960082999997,1.700535655020000,1.961590766910000,2.153528213500000,-2.122315883640000,0.000000000000000
-41.040050506599997,173.655242920000006,1.700591802600000,1.961645841600000,2.153573989870000,-2.122571945190000,0.000000000000000
-41.040401458700003,173.654373168999996,1.700587749480000,1.961671829220000,2.153659343720000,-2.122716188430000,0.000000000000000
-41.038825988799999,173.664352417000003,1.700065732000000,1.961494445800000,2.153318405150000,-2.123109579090000,0.000000000000000
-41.039566039999997,173.664947509999990,1.700130224230000,1.961654186250000,2.153631925580000,-2.124307394030000,0.000000000000000
-41.040077209499998,173.665954590000013,1.701519727710000,1.963311791420000,2.155354499820000,-2.126446008680000,0.000000000000000
-41.041324615500002,173.668441771999994,1.703454852100000,1.965622782710000,2.157801151280000,-2.129229307170000,0.000000000000000
-41.040615081799999,173.667022704999994,1.702224016190000,1.964218735690000,2.156312942500000,-2.127504110340000,0.000000000000000
-41.040111541700000,173.669418334999989,1.701370239260000,1.963084459300000,2.155192613600000,-2.126076221470000,0.000000000000000
-41.038249969500001,173.671707153000000,1.701315522190000,1.963001847270000,2.155020713810000,-2.123935699460000,0.000000000000000
-41.038829803500001,173.670837401999989,1.699744582180000,1.961216688160000,2.153160810470000,-2.123137235640000,0.000000000000000
-41.039272308299999,173.669998168999996,1.700306534770000,1.961730480190000,2.153695106510000,-2.123905897140000,0.000000000000000
-41.037616729699998,173.662857056000007,1.700980663300000,1.962621569630000,2.154474020000000,-2.124310016630000,0.000000000000000
-41.038219451899998,173.663894653000000,1.700778126720000,1.962094187740000,2.153897523880000,-2.123681545260000,0.000000000000000
-41.037754058799997,173.663513184000010,1.699120640750000,1.960231423380000,2.151918411250000,-2.121126890180000,0.000000000000000
-41.037513732900003,173.671493529999992,1.699367165570000,1.960684537890000,2.152561426160000,-2.123396635060000,0.000000000000000
-41.036922454799999,173.671630859000004,1.701156854630000,1.962791562080000,2.154803276060000,-2.124843358990000,0.000000000000000
-41.068675994899998,173.617874145999991,1.709620952610000,1.971456646920000,2.163681507110000,-2.133648395540000,0.000000000000000
-41.067916870099999,173.617294312000013,1.709574818610000,1.971265435220000,2.163467407230000,-2.133365869520000,0.000000000000000
-41.067008972200000,173.616958618000012,1.709428191180000,1.971253514290000,2.163479566570000,-2.133272647860000,0.000000000000000
-41.070060730000002,173.620834351000013,1.709581136700000,1.971376895900000,2.163596868520000,-2.133309364320000,0.000000000000000
-41.070182800300003,173.621963501000010,1.709624052050000,1.971367359160000,2.163591861720000,-2.133597373960000,0.000000000000000
-41.069618225100001,173.623153687000013,1.709646105770000,1.971461892130000,2.163695096970000,-2.133467197420000,0.000000000000000
-41.068714141800001,173.619094848999993,1.709546685220000,1.971340179440000,2.163558483120000,-2.133340358730000,0.000000000000000
-41.069000244100003,173.620254517000006,1.709546566010000,1.971282720570000,2.163490772250000,-2.133412837980000,0.000000000000000
-41.069202423100002,173.624343871999997,1.709540486340000,1.971376895900000,2.163618803020000,-2.133452415470000,0.000000000000000
-41.068889617899998,173.625335693000011,1.709631681440000,1.971449494360000,2.163708448410000,-2.133728027340000,0.000000000000000
-41.068649292000003,173.626358032000013,1.709582209590000,1.971413850780000,2.163670778270000,-2.133721590040000,0.000000000000000
-41.068576812700002,173.627365112000007,1.709590554240000,1.971405982970000,2.163663387300000,-2.133829355240000,0.000000000000000
-41.052585601799997,173.643478393999999,1.710225820540000,1.972186326980000,2.164526224140000,-2.134368419650000,0.000000000000000
-41.053707122799999,173.644546509000008,1.710402131080000,1.972369313240000,2.164727449420000,-2.134582757950000,0.000000000000000
-41.055233001700003,173.644363403000000,1.710583090780000,1.972539067270000,2.164913892750000,-2.134843587880000,0.000000000000000
-41.063449859599999,173.644515990999992,1.711040616040000,1.973122835160000,2.165526390080000,-2.135632276540000,0.000000000000000
-41.061431884800001,173.644851684999992,1.710985302930000,1.973029732700000,2.165428638460000,-2.135512113570000,0.000000000000000
-41.059783935500000,173.645477295000006,1.711003184320000,1.972997188570000,2.165402412410000,-2.135487556460000,0.000000000000000
-41.056774139399998,173.644409179999997,1.710783600810000,1.972705006600000,2.165088176730000,-2.135062694550000,0.000000000000000
-41.058330535899998,173.644714354999991,1.710857033730000,1.972792387010000,2.165178537370000,-2.135219335560000,0.000000000000000
-41.064689636200001,173.642303467000005,1.710919260980000,1.973003029820000,2.165388345720000,-2.135461568830000,0.000000000000000
-41.065216064500000,173.639816284000005,1.710726499560000,1.972763657570000,2.165132284160000,-2.135205030440000,0.000000000000000
-41.067195892299999,173.629837035999998,1.709935188290000,1.971869587900000,2.164212465290000,-2.134367704390000,0.000000000000000
-41.066932678199997,173.630844115999992,1.709713816640000,1.971600294110000,2.163856267930000,-2.134176015850000,0.000000000000000
-41.066642761200001,173.632156371999997,1.709991693500000,1.971864223480000,2.164152145390000,-2.134182929990000,0.000000000000000
-41.066516876199998,173.633636475000003,1.710241317750000,1.972159624100000,2.164483785630000,-2.134598731990000,0.000000000000000
-41.066692352300002,173.635147095000008,1.710228681560000,1.972165822980000,2.164480447770000,-2.134645700450000,0.000000000000000
-41.065879821800003,173.637725829999994,1.710537076000000,1.972538113590000,2.164878368380000,-2.134969949720000,0.000000000000000
-41.065738678000002,173.636123657000013,1.710441589360000,1.972409725190000,2.164755582810000,-2.134830951690000,0.000000000000000
-41.048671722400002,173.641860962000010,1.709731578830000,1.971518397330000,2.163773059840000,-2.133633852010000,0.000000000000000
-41.049831390400001,173.642074584999989,1.709859609600000,1.971723794940000,2.164006710050000,-2.133789062500000,0.000000000000000
-41.051300048800002,173.642379761000001,1.709997057910000,1.971894383430000,2.164199113850000,-2.134045362470000,0.000000000000000
-41.048252105700001,173.640914917000003,1.709644436840000,1.971346735950000,2.163580417630000,-2.133399248120000,0.000000000000000
-41.046573638900000,173.640167235999996,1.709261417390000,1.971004009250000,2.163199424740000,-2.133054018020000,0.000000000000000
-41.047702789299997,173.640029907000013,1.709344029430000,1.971056461330000,2.163266658780000,-2.133195161820000,0.000000000000000
-41.046333312999998,173.639373779000010,1.708986639980000,1.970707893370000,2.162896156310000,-2.132816791530000,0.000000000000000
-41.045017242400000,173.638656615999992,1.708625435830000,1.970312237740000,2.162473678590000,-2.132412433620000,0.000000000000000
-41.045730590799998,173.638992309999992,1.709110021590000,1.970814347270000,2.162993192670000,-2.132718086240000,0.000000000000000
-41.044246673600000,173.638336181999989,1.707911372180000,1.969511508940000,2.161647796630000,-2.131978750230000,0.000000000000000
-41.043716430700002,173.637680053999986,1.709352374080000,1.971253871920000,2.163457632060000,-2.132718563080000,0.000000000000000
-41.040794372599997,173.649658203000001,1.702339410780000,1.963451147080000,2.155313253400000,-2.124578714370000,0.000000000000000
-41.040412902800000,173.650939940999990,1.702043890950000,1.963229775430000,2.155142307280000,-2.124294996260000,0.000000000000000
-41.040355682399998,173.651992798000009,1.701918601990000,1.963054180150000,2.155049800870000,-2.124213695530000,0.000000000000000
-41.040538787800003,173.652908324999999,1.700638771060000,1.961621999740000,2.153542280200000,-2.121961116790000,0.000000000000000
-41.039985656699997,173.653564453000001,1.700958609580000,1.961955547330000,2.153950691220000,-2.122754335400000,0.000000000000000
-41.039501190199999,173.654327392999988,1.700292706490000,1.961251378060000,2.153173446660000,-2.121652364730000,0.000000000000000
-41.038097381599997,173.664642334000007,1.699509859090000,1.960875034330000,2.152636528020000,-2.122418165210000,0.000000000000000
-41.038688659700000,173.665069579999994,1.700361371040000,1.961952090260000,2.153787374500000,-2.124109268190000,0.000000000000000
-41.039588928199997,173.666824340999995,1.701106190680000,1.962765336040000,2.154772043230000,-2.125666379930000,0.000000000000000
-41.038944244400000,173.665969848999993,1.700640559200000,1.962171792980000,2.154076337810000,-2.124467611310000,0.000000000000000
-41.039657592799998,173.668045043999996,1.701327800750000,1.963012576100000,2.155006170270000,-2.125469207760000,0.000000000000000
-41.039100646999998,173.669113159000005,1.700335145000000,1.961820602420000,2.153771400450000,-2.123959064480000,0.000000000000000
-41.037849426299999,173.670806884999990,1.699270248410000,1.960572004320000,2.152450323100000,-2.122423410420000,0.000000000000000
-41.038265228299998,173.669754028000000,1.700421929360000,1.961994051930000,2.153900384900000,-2.123870611190000,0.000000000000000
-41.037147521999998,173.663482665999993,1.699688434600000,1.960953712460000,2.152694463730000,-2.122390031810000,0.000000000000000
-41.037532806400002,173.664108276000007,1.699632287030000,1.960875153540000,2.152589321140000,-2.121999263760000,0.000000000000000
-41.037029266399998,173.670959473000011,1.699435114860000,1.960848808290000,2.152753114700000,-2.122941017150000,0.000000000000000
-41.036476135299999,173.671356201000009,1.691421747210000,1.950977206230000,2.142109394070000,-2.113737344740000,0.000000000000000
-41.065979003899997,173.616302490000010,1.709447264670000,1.971121549610000,2.163310766220000,-2.133347511290000,0.000000000000000
-41.065200805700002,173.615585326999991,1.709277391430000,1.971115946770000,2.163365602490000,-2.133160591130000,0.000000000000000
-41.067394256599997,173.618301392000006,1.709526300430000,1.971226572990000,2.163439035420000,-2.133373498920000,0.000000000000000
-41.065925598100002,173.617630004999995,1.709416270260000,1.971231579780000,2.163433313370000,-2.133281946180000,0.000000000000000
-41.068454742400000,173.623687743999994,1.709674596790000,1.971395969390000,2.163623571400000,-2.133546590810000,0.000000000000000
-41.068778991700000,173.621582031000003,1.709627032280000,1.971405029300000,2.163636922840000,-2.133521795270000,0.000000000000000
-41.068199157700001,173.622787476000013,1.709578871730000,1.971349477770000,2.163565874100000,-2.133463382720000,0.000000000000000
-41.067527771000002,173.620147704999994,1.709562897680000,1.971365928650000,2.163591861720000,-2.133438348770000,0.000000000000000
-41.067981719999999,173.624603271000012,1.709673643110000,1.971431851390000,2.163653135300000,-2.133499145510000,0.000000000000000
-41.067657470699999,173.625778198000006,1.709736466410000,1.971517562870000,2.163759469990000,-2.133649110790000,0.000000000000000
-41.067592620799999,173.626968384000008,1.709672689440000,1.971374511720000,2.163587093350000,-2.133491992950000,0.000000000000000
-41.067691803000002,173.628082274999997,1.709865689280000,1.971616029740000,2.163872003560000,-2.133684635160000,0.000000000000000
-41.066856384300003,173.628921509000008,1.709858775140000,1.971624016760000,2.163873910900000,-2.133833169940000,0.000000000000000
-41.052856445300002,173.642044067000000,1.710260152820000,1.972173571590000,2.164501190190000,-2.134287118910000,0.000000000000000
-41.054374694800003,173.642807006999988,1.710468530650000,1.972408294680000,2.164761543270000,-2.134634256360000,0.000000000000000
-41.056091308600003,173.643127440999990,1.710595846180000,1.972474694250000,2.164836168290000,-2.134817123410000,0.000000000000000
-41.061981201199998,173.642776488999999,1.710831284520000,1.972839474680000,2.165218591690000,-2.135303735730000,0.000000000000000
-41.059871673600000,173.643646240000010,1.710842728610000,1.972825646400000,2.165210962300000,-2.135279893880000,0.000000000000000
-41.057868957499998,173.642791748000008,1.710718035700000,1.972612142560000,2.164983510970000,-2.134991884230000,0.000000000000000
-41.062625885000003,173.640136718999997,1.710626244540000,1.972625851630000,2.164980888370000,-2.135039806370000,0.000000000000000
-41.064033508300000,173.638351440000008,1.710512161250000,1.972517728810000,2.164854526520000,-2.134899854660000,0.000000000000000
-41.066169738799999,173.629943848000011,1.709824204440000,1.971673011780000,2.163932085040000,-2.133898496630000,0.000000000000000
-41.065631866499999,173.631210326999991,1.709934711460000,1.971810460090000,2.164059162140000,-2.134035110470000,0.000000000000000
-41.065219879200001,173.632766723999993,1.710044622420000,1.971951842310000,2.164228200910000,-2.134196996690000,0.000000000000000
-41.064979553199997,173.634704590000013,1.710228323940000,1.972171425820000,2.164473295210000,-2.134471416470000,0.000000000000000
-41.064289092999999,173.636596679999997,1.710310220720000,1.972276806830000,2.164596080780000,-2.134661197660000,0.000000000000000
-41.049461364700001,173.640945434999992,1.709702014920000,1.971476078030000,2.163733243940000,-2.133616685870000,0.000000000000000
-41.050624847400002,173.641174315999990,1.709938168530000,1.971792936330000,2.164078950880000,-2.133892774580000,0.000000000000000
-41.052051544199998,173.640701293999996,1.710067987440000,1.971939444540000,2.164243698120000,-2.134055376050000,0.000000000000000
-41.048912048299997,173.639892578000001,1.709693431850000,1.971411705020000,2.163650512700000,-2.133409261700000,0.000000000000000
-41.047145843499997,173.639251709000007,1.709332704540000,1.971116900440000,2.163322448730000,-2.133023023610000,0.000000000000000
-41.048191070599998,173.639038085999999,1.709386110310000,1.971120595930000,2.163326978680000,-2.133090972900000,0.000000000000000
-41.044971466100002,173.637908936000002,1.709190249440000,1.970900416370000,2.163069725040000,-2.132586002350000,0.000000000000000
-41.046562194800003,173.638580321999996,1.708996057510000,1.970670938490000,2.162838459010000,-2.132708072660000,0.000000000000000
-41.045795440699997,173.637985229000009,1.708381533620000,1.969976067540000,2.162116527560000,-2.132194042210000,0.000000000000000
-41.044486999500002,173.637390137000011,1.707374215130000,1.968951702120000,2.161062479020000,-2.131607055660000,0.000000000000000
-41.043907165500002,173.636795043999996,1.708566308020000,1.970213413240000,2.162352561950000,-2.132021427150000,0.000000000000000
-41.060356140099998,173.606292725000003,1.705797672270000,1.966237068180000,2.158036947250000,-2.120833635330000,0.000000000000000
-41.037307739299997,173.664916992000002,1.698944330220000,1.960108280180000,2.151823997500000,-2.121499061580000,0.000000000000000
-41.038013458300000,173.665481567000000,1.699686646460000,1.961162209510000,2.152955770490000,-2.122838497160000,0.000000000000000
-41.038646698000001,173.667114257999998,1.700066208840000,1.961632370950000,2.153503179550000,-2.123764038090000,0.000000000000000
-41.038021087600001,173.666336059999992,1.699146628380000,1.960364222530000,2.152150154110000,-2.122155427930000,0.000000000000000
-41.038204193100000,173.668365478999988,1.699508786200000,1.960862636570000,2.152745246890000,-2.123059749600000,0.000000000000000
-41.037204742400000,173.670059204000012,1.698787450790000,1.960104227070000,2.151917457580000,-2.122496604920000,0.000000000000000
-41.037403106699998,173.669143676999994,1.699076294900000,1.960353612900000,2.152176618580000,-2.122393608090000,0.000000000000000
-41.036209106400001,173.670379639000004,1.696210145950000,1.957012891770000,2.148594856260000,-2.119832277300000,0.000000000000000
-41.035739898700001,173.671035767000006,1.698579072950000,1.959896087650000,2.151700258260000,-2.121038198470000,0.000000000000000
-41.035797119100003,173.671661376999992,1.694559454920000,1.953546404840000,2.144874572750000,-2.108691692350000,0.000000000000000
-41.064167022699998,173.615280151000007,1.709263920780000,1.970960140230000,2.163128852840000,-2.132989168170000,0.000000000000000
-41.064590454099999,173.616683959999989,1.709260940550000,1.970975279810000,2.163166999820000,-2.132913112640000,0.000000000000000
-41.065990448000001,173.619171142999988,1.709415674210000,1.971165180210000,2.163369417190000,-2.133140802380000,0.000000000000000
-41.064579010000003,173.618362426999994,1.709393024440000,1.971162676810000,2.163367033000000,-2.133304595950000,0.000000000000000
-41.067268371600001,173.623565673999991,1.709641695020000,1.971473097800000,2.163712263110000,-2.133503675460000,0.000000000000000
-41.066875457800002,173.621978759999990,1.709567189220000,1.971304893490000,2.163520097730000,-2.133313179020000,0.000000000000000
-41.065940856899999,173.620605468999997,1.709511518480000,1.971296191220000,2.163509845730000,-2.133410453800000,0.000000000000000
-41.066421508799998,173.624908446999996,1.709629893300000,1.971378445630000,2.163602113720000,-2.133459091190000,0.000000000000000
-41.066417694099997,173.626464843999997,1.709800720210000,1.971597671510000,2.163844108580000,-2.133655309680000,0.000000000000000
-41.066570282000001,173.627777100000003,1.709759354590000,1.971546411510000,2.163796424870000,-2.133785247800000,0.000000000000000
-41.065620422400002,173.628784179999997,1.709892988200000,1.971669554710000,2.163918018340000,-2.133717060090000,0.000000000000000
-41.053966522200000,173.640853881999988,1.710175275800000,1.971997976300000,2.164311170580000,-2.134229898450000,0.000000000000000
-41.056205749500002,173.641250609999986,1.710487842560000,1.972325682640000,2.164665937420000,-2.134565353390000,0.000000000000000
-41.059833526600002,173.641250609999986,1.710658192630000,1.972579360010000,2.164937257770000,-2.134923696520000,0.000000000000000
-41.057987213099999,173.641143798999991,1.710531115530000,1.972421884540000,2.164765596390000,-2.134765863420000,0.000000000000000
-41.060474395800000,173.639038085999999,1.710508704190000,1.972413897510000,2.164753675460000,-2.134762763980000,0.000000000000000
-41.062168121299997,173.637435912999990,1.710417866710000,1.972320556640000,2.164647817610000,-2.134629249570000,0.000000000000000
-41.064781189000001,173.630035399999997,1.709936976430000,1.971688747410000,2.163950920100000,-2.133948564530000,0.000000000000000
-41.064060211200001,173.631561279000010,1.710052371030000,1.971843004230000,2.164118289950000,-2.134042978290000,0.000000000000000
-41.063480377200001,173.633331298999991,1.710078120230000,1.971904158590000,2.164185762410000,-2.134154558180000,0.000000000000000
-41.062927246100003,173.635269165000011,1.710324168210000,1.972190022470000,2.164507389070000,-2.134517908100000,0.000000000000000
-41.053215026899998,173.639495850000003,1.710153222080000,1.971978306770000,2.164277553560000,-2.134033679960000,0.000000000000000
-41.050479888900000,173.639770507999998,1.709817647930000,1.971568346020000,2.163830041890000,-2.133610963820000,0.000000000000000
-41.051944732700001,173.639160156000003,1.709869623180000,1.971628665920000,2.163902044300000,-2.133793115620000,0.000000000000000
-41.049392700200002,173.638656615999992,1.709484696390000,1.971161603930000,2.163385152820000,-2.133285045620000,0.000000000000000
-41.047531127900001,173.638290404999992,1.709011912350000,1.970695972440000,2.162873029710000,-2.132789134980000,0.000000000000000
-41.048477172900000,173.638092040999993,1.709395527840000,1.971137166020000,2.163342237470000,-2.133068799970000,0.000000000000000
-41.045318603500000,173.637176514000004,1.708847880360000,1.970497369770000,2.162650108340000,-2.132338047030000,0.000000000000000
-41.046836853000002,173.637557982999994,1.709294080730000,1.971016168590000,2.163203716280000,-2.132758378980000,0.000000000000000
-41.046146392799997,173.637039184999992,1.708445191380000,1.970013141630000,2.162132501600000,-2.132149934770000,0.000000000000000
-41.044757842999999,173.636474609000004,1.708115100860000,1.969671964650000,2.161781787870000,-2.131832361220000,0.000000000000000
-41.044063568100000,173.635818481000001,1.707599401470000,1.969184875490000,2.161284685130000,-2.131420135500000,0.000000000000000
-41.056247711200001,173.600784301999994,-0.709436953068000,-0.709376156330000,-0.709326505661000,-0.710455417633000,0.000000000000000
-41.059913635299999,173.607208251999992,1.708867549900000,1.970501422880000,2.162613153460000,-2.132553577420000,0.000000000000000
-41.060573577900001,173.608078003000003,1.709152221680000,1.971032857890000,2.163272380830000,-2.132821083070000,0.000000000000000
-41.063926696800003,173.613906859999986,1.709319353100000,1.971198558810000,2.163440227510000,-2.133381605150000,0.000000000000000
-41.053657531699997,173.599288940000008,1.710345506670000,1.972983837130000,2.165337562560000,-2.137294530870000,0.000000000000000
-41.052837371800003,173.598129271999994,1.712243676190000,1.974829912190000,2.167372465130000,-2.138158559800000,0.000000000000000
-41.037025451700003,173.665969848999993,1.699060559270000,1.960393190380000,2.152108669280000,-2.121902227400000,0.000000000000000
-41.037471771200003,173.667190551999994,1.699643731120000,1.960982084270000,2.152798175810000,-2.122762918470000,0.000000000000000
-41.036876678500001,173.668243407999995,1.698047041890000,1.959159612660000,2.150830984120000,-2.120565891270000,0.000000000000000
-41.036460876500001,173.669296265000014,1.697125673290000,1.957916140560000,2.149627685550000,-2.119102239610000,0.000000000000000
-41.035182952900001,173.672103881999988,1.694893836980000,1.955686330800000,2.147099256520000,-2.118828535080000,0.000000000000000
-41.063060760500001,173.614822387999993,1.709141612050000,1.970865130420000,2.163051605220000,-2.132616996770000,0.000000000000000
-41.063110351600002,173.616073607999994,1.709271192550000,1.971138358120000,2.163343906400000,-2.133236408230000,0.000000000000000
-41.063182830800002,173.617568970000008,1.709300398830000,1.971055507660000,2.163251876830000,-2.132949352260000,0.000000000000000
-41.064586639399998,173.619964600000003,1.709460973740000,1.971207737920000,2.163416385650000,-2.133184909820000,0.000000000000000
-41.063198089600000,173.619140625000000,1.709334492680000,1.971122622490000,2.163321733470000,-2.133091926570000,0.000000000000000
-41.065685272200000,173.623397826999991,1.709656119350000,1.971417307850000,2.163641929630000,-2.133508682250000,0.000000000000000
-41.064712524400001,173.621780395999991,1.709506034850000,1.971295595170000,2.163514137270000,-2.133304595950000,0.000000000000000
-41.064910888699998,173.624603271000012,1.709678053860000,1.971452474590000,2.163682460780000,-2.133429288860000,0.000000000000000
-41.065029144299999,173.625930785999998,1.709730982780000,1.971510171890000,2.163744449620000,-2.133600234990000,0.000000000000000
-41.065235137899997,173.627426146999994,1.709827899930000,1.971545219420000,2.163782119750000,-2.133634090420000,0.000000000000000
-41.064117431600003,173.628616332999997,1.709905028340000,1.971672058110000,2.163922786710000,-2.133836030960000,0.000000000000000
-41.055114746100003,173.638793945000003,1.710257291790000,1.972065806390000,2.164378404620000,-2.134265899660000,0.000000000000000
-41.058044433600003,173.639251709000007,1.710412144660000,1.972253561020000,2.164582967760000,-2.134548664090000,0.000000000000000
-41.059703826899998,173.637054443000011,1.710325717930000,1.972169160840000,2.164482831950000,-2.134430885310000,0.000000000000000
-41.061141967799998,173.635665893999999,1.710217595100000,1.972088217740000,2.164384603500000,-2.134362936020000,0.000000000000000
-41.063079834000000,173.630096436000002,1.709910631180000,1.971673130990000,2.163921117780000,-2.133747577670000,0.000000000000000
-41.062187194800003,173.631881714000002,1.710043549540000,1.971853017810000,2.164124488830000,-2.134085416790000,0.000000000000000
-41.061515808099998,173.633850098000011,1.710107445720000,1.971931338310000,2.164210557940000,-2.134110689160000,0.000000000000000
-41.052997589100002,173.637985229000009,1.709900736810000,1.971651792530000,2.163927078250000,-2.133806467060000,0.000000000000000
-41.054386138900000,173.636459351000013,1.709936618800000,1.971708416940000,2.163981676100000,-2.133819580080000,0.000000000000000
-41.050983428999999,173.637832642000006,1.709811568260000,1.971576929090000,2.163831949230000,-2.133555412290000,0.000000000000000
-41.049312591600000,173.637268065999990,1.709366679190000,1.971030354500000,2.163231372830000,-2.133042812350000,0.000000000000000
-41.047969818100000,173.637222290000011,1.708971738820000,1.970649480820000,2.162817478180000,-2.132694721220000,0.000000000000000
-41.045749664299997,173.636230468999997,1.708586454390000,1.970211386680000,2.162346601490000,-2.132134437560000,0.000000000000000
-41.047027587899997,173.636230468999997,1.708621621130000,1.970149278640000,2.162270069120000,-2.132242202760000,0.000000000000000
-41.045032501199998,173.635391234999986,1.707922816280000,1.969420194630000,2.161496877670000,-2.131707429890000,0.000000000000000
-41.044174194299998,173.634704590000013,1.708096861840000,1.969720125200000,2.161815643310000,-2.131605625150000,0.000000000000000
-41.055664062500000,173.602233887000011,-4.121530532840000,-4.121530056000000,-4.121528148650000,-4.121541500090000,0.000000000000000
-41.059459686300002,173.608337401999989,1.709029197690000,1.970780968670000,2.162966251370000,-2.132673025130000,0.000000000000000
-41.060737609900002,173.609588623000008,1.709052681920000,1.970806598660000,2.162997722630000,-2.132681608200000,0.000000000000000
-41.062122344999999,173.612030029000010,1.709061980250000,1.970884203910000,2.163031578060000,-2.133210897450000,0.000000000000000
-41.061084747300001,173.611236571999996,1.709167361260000,1.970973730090000,2.163190126420000,-2.132743120190000,0.000000000000000
-41.062232971199997,173.613647460999999,1.709129929540000,1.970959782600000,2.163135528560000,-2.133066415790000,0.000000000000000
-41.053733825700000,173.600112915000011,1.710088372230000,1.972787261010000,2.165138959880000,-2.137586355210000,0.000000000000000
-41.052551269500000,173.597427368000012,1.712096810340000,1.974735498430000,2.167278051380000,-2.138848543170000,0.000000000000000
-41.052700042700003,173.599288940000008,1.709785103800000,1.972248077390000,2.164587974550000,-2.135790109630000,0.000000000000000
-41.061866760299999,173.615249634000008,1.709173083310000,1.970915198330000,2.163096189500000,-2.132835388180000,0.000000000000000
-41.061790466300003,173.616790771000012,1.709244847300000,1.970983982090000,2.163168907170000,-2.132945060730000,0.000000000000000
-41.061813354500003,173.618377686000002,1.709353804590000,1.971162438390000,2.163370609280000,-2.133164882660000,0.000000000000000
-41.063087463400002,173.620727539000001,1.709453701970000,1.971230864520000,2.163439273830000,-2.133236885070000,0.000000000000000
-41.061939239499999,173.619812012000011,1.709364533420000,1.971101641650000,2.163301467900000,-2.133092641830000,0.000000000000000
-41.063911437999998,173.623535156000003,1.709563016890000,1.971347570420000,2.163566827770000,-2.133337974550000,0.000000000000000
-41.062919616700000,173.622283936000002,1.709528565410000,1.971267342570000,2.163476705550000,-2.133244991300000,0.000000000000000
-41.063510894799997,173.625228881999988,1.709691166880000,1.971434354780000,2.163659095760000,-2.133491277690000,0.000000000000000
-41.063671112100003,173.626998901000007,1.709734439850000,1.971525311470000,2.163762569430000,-2.133589506150000,0.000000000000000
-41.062309265099998,173.628372192000000,1.709813952450000,1.971569895740000,2.163811683650000,-2.133694887160000,0.000000000000000
-41.056999206500002,173.636276245000005,1.710150241850000,1.971927285190000,2.164219379430000,-2.134094238280000,0.000000000000000
-41.059398651099997,173.634689331000004,1.710174679760000,1.971964120860000,2.164261579510000,-2.134191989900000,0.000000000000000
-41.061031341600000,173.630142212000010,1.709883928300000,1.971665620800000,2.163924217220000,-2.133811235430000,0.000000000000000
-41.059955596899997,173.632293701000009,1.710019111630000,1.971795082090000,2.164070606230000,-2.133956670760000,0.000000000000000
-41.055259704599997,173.634704590000013,1.709907174110000,1.971679329870000,2.163952589040000,-2.133822441100000,0.000000000000000
-41.052356719999999,173.636154175000001,1.709762215610000,1.971514344220000,2.163766145710000,-2.133548736570000,0.000000000000000
-41.053600311300002,173.634826659999987,1.709798455240000,1.971558809280000,2.163815021510000,-2.133646249770000,0.000000000000000
-41.050415039100002,173.635879517000006,1.709364414220000,1.971006274220000,2.163217306140000,-2.133143663410000,0.000000000000000
-41.048633575399997,173.635910034000005,1.709198474880000,1.970953702930000,2.163139343260000,-2.132844448090000,0.000000000000000
-41.046207428000002,173.635025023999987,1.708576083180000,1.970131993290000,2.162237405780000,-2.132000446320000,0.000000000000000
-41.047657012899997,173.634628295999988,1.708646297450000,1.970198392870000,2.162329196930000,-2.132317304610000,0.000000000000000
-41.045249939000001,173.634124756000006,1.707656621930000,1.969125390050000,2.161189317700000,-2.131491184230000,0.000000000000000
-41.044200897200000,173.633438109999986,1.707929968830000,1.969543218610000,2.161600828170000,-2.131499528880000,0.000000000000000
-41.057998657200002,173.608261107999994,1.709033608440000,1.970737934110000,2.162899017330000,-2.132570743560000,0.000000000000000
-41.058769226099997,173.609710693000011,1.709032058720000,1.970763444900000,2.162929296490000,-2.132525444030000,0.000000000000000
-41.059661865199999,173.611267090000013,1.709005236630000,1.970775842670000,2.162922143940000,-2.132793188100000,0.000000000000000
-41.060752868700000,173.612609862999989,1.708914875980000,1.970646619800000,2.162812948230000,-2.132421493530000,0.000000000000000
-41.060565948499999,173.614257812000005,1.709116578100000,1.970891714100000,2.163073062900000,-2.132774353030000,0.000000000000000
-41.052326202400003,173.600723267000006,1.708538174630000,1.970473647120000,2.162548303600000,-2.133039236070000,0.000000000000000
-41.060436248800002,173.615890503000003,1.709185242650000,1.971015095710000,2.163207292560000,-2.132898330690000,0.000000000000000
-41.060325622599997,173.617584228999988,1.709191441540000,1.970980525020000,2.163169145580000,-2.132896423340000,0.000000000000000
-41.060447692899999,173.619400023999987,1.709356069560000,1.971143722530000,2.163344144820000,-2.133046865460000,0.000000000000000
-41.061157226600002,173.621429443000011,1.709409594540000,1.971208453180000,2.163418293000000,-2.133166790010000,0.000000000000000
-41.061725616499999,173.623931884999990,1.709560751910000,1.971347808840000,2.163568735120000,-2.133360147480000,0.000000000000000
-41.061824798600000,173.626373290999993,1.709712982180000,1.971464633940000,2.163695096970000,-2.133468389510000,0.000000000000000
-41.060138702400003,173.628036498999990,1.709781408310000,1.971548199650000,2.163790941240000,-2.133619785310000,0.000000000000000
-41.057094573999997,173.632995604999991,1.709927320480000,1.971690535550000,2.163953304290000,-2.133823633190000,0.000000000000000
-41.058513641399998,173.630157470999990,1.709796905520000,1.971551656720000,2.163795471190000,-2.133624076840000,0.000000000000000
-41.054225921600001,173.632934570000003,1.709670662880000,1.971438407900000,2.163680791850000,-2.133468627930000,0.000000000000000
-41.051769256599997,173.633895873999990,1.709520459180000,1.971257805820000,2.163488388060000,-2.133272409440000,0.000000000000000
-41.049434661900001,173.634216309000010,1.709163308140000,1.970844388010000,2.163019657140000,-2.132766008380000,0.000000000000000
-41.046539306600003,173.633529662999990,1.708539128300000,1.970088124280000,2.162180662160000,-2.131981134410000,0.000000000000000
-41.048107147200000,173.632873534999987,1.708796143530000,1.970343947410000,2.162493228910000,-2.132395029070000,0.000000000000000
-41.045337676999999,173.632690429999997,1.707916378970000,1.969454169270000,2.161530733110000,-2.131605148320000,0.000000000000000
-41.053886413599997,173.602081298999991,1.708810091020000,1.970659017560000,2.162843942640000,-2.132147550580000,0.000000000000000
-41.054115295400003,173.603408812999987,1.709392547610000,1.971322894100000,2.163630962370000,-2.133129596710000,0.000000000000000
-41.055027008099998,173.605712890999996,1.708922863010000,1.970877647400000,2.163114547730000,-2.133305549620000,0.000000000000000
-41.056507110600002,173.607910156000003,1.709088444710000,1.970839858060000,2.163038730620000,-2.132756471630000,0.000000000000000
-41.057003021200003,173.609527587999992,1.708927035330000,1.970640301700000,2.162785291670000,-2.132446527480000,0.000000000000000
-41.057754516599999,173.611282348999993,1.709070801730000,1.970803856850000,2.162991762160000,-2.132558822630000,0.000000000000000
-41.058853149400001,173.613204956000004,1.709230780600000,1.971040129660000,2.163231611250000,-2.132928371430000,0.000000000000000
-41.059242248499999,173.614974976000013,1.709036827090000,1.970806956290000,2.162978887560000,-2.132778167720000,0.000000000000000
-41.058830261200001,173.616516112999989,1.709254622460000,1.971042990680000,2.163236379620000,-2.132950544360000,0.000000000000000
-41.058639526400000,173.618484496999997,1.709262013440000,1.971062064170000,2.163259983060000,-2.133002042770000,0.000000000000000
-41.058795928999999,173.620681762999993,1.709325075150000,1.971113443370000,2.163314104080000,-2.133089303970000,0.000000000000000
-41.059177398700001,173.623107909999987,1.709521174430000,1.971285104750000,2.163500785830000,-2.133246660230000,0.000000000000000
-41.059585571299998,173.625625609999986,1.709563255310000,1.971349239350000,2.163571596150000,-2.133399248120000,0.000000000000000
-41.057575225800001,173.627532959000007,1.709618449210000,1.971398353580000,2.163631916050000,-2.133464336400000,0.000000000000000
-41.055297851600002,173.629974365000010,1.709619522090000,1.971420526500000,2.163666486740000,-2.133478164670000,0.000000000000000
-41.052341461200001,173.631164551000012,1.709420919420000,1.971150159840000,2.163363218310000,-2.133181571960000,0.000000000000000
-41.050029754599997,173.632125854000009,1.709198713300000,1.970916867260000,2.163112163540000,-2.132891893390000,0.000000000000000
-41.046680450399997,173.631835937999995,1.708408117290000,1.969926834110000,2.162030458450000,-2.131931304930000,0.000000000000000
-41.048294067400001,173.630859375000000,1.708866119380000,1.970478057860000,2.162621736530000,-2.132403373720000,0.000000000000000
-41.045234680199997,173.631103515999996,1.708017587660000,1.969607353210000,2.161676168440000,-2.131657600400000,0.000000000000000
-41.052917480500000,173.603240967000005,1.708794355390000,1.970514297490000,2.162677049640000,-2.132295370100000,0.000000000000000
-41.053611755399999,173.604812621999997,1.709247827530000,1.971015095710000,2.163209676740000,-2.132390499110000,0.000000000000000
-41.055038452100000,173.607284545999988,1.709119796750000,1.970880270000000,2.163050889970000,-2.132653713230000,0.000000000000000
-41.053867340099998,173.606445312000005,1.708841800690000,1.970711112020000,2.162899971010000,-2.132669925690000,0.000000000000000
-41.055233001700003,173.609024048000009,1.708876609800000,1.970637440680000,2.162802219390000,-2.132406234740000,0.000000000000000
-41.055744171100002,173.610946654999992,1.709244012830000,1.971001386640000,2.163183927540000,-2.132853984830000,0.000000000000000
-41.056488037100003,173.613021851000013,1.708981513980000,1.970723032950000,2.162882328030000,-2.132569313050000,0.000000000000000
-41.057514190699997,173.615020751999992,1.709138154980000,1.970927834510000,2.163112163540000,-2.132772922520000,0.000000000000000
-41.051509857200003,173.602813720999990,1.709711194040000,1.971667408940000,2.163934230800000,-2.133620500560000,0.000000000000000
-41.056808471700002,173.617156982000012,1.709114670750000,1.970917820930000,2.163096904750000,-2.132802724840000,0.000000000000000
-41.056613922099999,173.619583129999995,1.709325909610000,1.971146225930000,2.163352012630000,-2.133002281190000,0.000000000000000
-41.056735992400000,173.622131348000011,1.709293246270000,1.971113801000000,2.163314819340000,-2.133074760440000,0.000000000000000
-41.057067871100003,173.624786376999992,1.709462881090000,1.971262931820000,2.163484334950000,-2.133219957350000,0.000000000000000
-41.054847717299999,173.626632690000008,1.709413886070000,1.971196651460000,2.163404941560000,-2.133145570760000,0.000000000000000
-41.052490234399997,173.628341675000001,1.709298849110000,1.971066594120000,2.163267374040000,-2.133017301560000,0.000000000000000
-41.050228118900002,173.629714965999995,1.709065675740000,1.970819354060000,2.163007497790000,-2.132716894150000,0.000000000000000
-41.046558380100002,173.629974365000010,1.708397626880000,1.970039367680000,2.162168979640000,-2.131970882420000,0.000000000000000
-41.048164367699997,173.628662109000004,1.708723902700000,1.970399379730000,2.162544727330000,-2.132412195210000,0.000000000000000
-41.051811218300003,173.604446410999998,1.709072589870000,1.970946669580000,2.163175821300000,-2.132465362550000,0.000000000000000
-41.052326202400003,173.606277465999995,1.709208846090000,1.971145391460000,2.163364887240000,-2.133058547970000,0.000000000000000
-41.053325653100003,173.608154296999999,1.709276437760000,1.971096992490000,2.163310766220000,-2.132879734040000,0.000000000000000
-41.053775787399999,173.610336303999986,1.709055662160000,1.970859408380000,2.163048267360000,-2.132757902150000,0.000000000000000
-41.054210662800003,173.612518311000002,1.709108591080000,1.970868229870000,2.163052797320000,-2.132668972020000,0.000000000000000
-41.054843902599998,173.615188598999993,1.709277272220000,1.971087098120000,2.163291454320000,-2.132956504820000,0.000000000000000
-41.054412841800001,173.618133545000006,1.709118485450000,1.970932364460000,2.163115262990000,-2.132856369020000,0.000000000000000
-41.054283142099997,173.620910645000009,1.709234952930000,1.971044301990000,2.163240432740000,-2.132916688920000,0.000000000000000
-41.054473877000000,173.623733520999991,1.709331035610000,1.971128344540000,2.163331508640000,-2.133103132250000,0.000000000000000
-41.052181243900002,173.625442504999995,1.709158778190000,1.970964550970000,2.163164615630000,-2.132926225660000,0.000000000000000
-41.050048828100003,173.627136229999991,1.709061622620000,1.970822930340000,2.163000822070000,-2.132740974430000,0.000000000000000
-41.046115875200002,173.627944946000014,1.708428144450000,1.970124483110000,2.162246227260000,-2.131987571720000,0.000000000000000
-41.047737121600001,173.626296996999997,1.708595991130000,1.970358252530000,2.162505865100000,-2.132190942760000,0.000000000000000
-41.051017761200001,173.607986449999999,1.709090828900000,1.970993876460000,2.163212299350000,-2.132925033570000,0.000000000000000
-41.052013397200000,173.609710693000011,1.709156394000000,1.970966935160000,2.163155794140000,-2.132812976840000,0.000000000000000
-41.052101135299999,173.611618042000003,1.709250330920000,1.971034646030000,2.163239240650000,-2.132932424550000,0.000000000000000
-41.052291870099999,173.613952637000011,1.709096193310000,1.970849156380000,2.163019657140000,-2.132819890980000,0.000000000000000
-41.052169799799998,173.616561890000014,1.709128618240000,1.970909118650000,2.163093328480000,-2.132716417310000,0.000000000000000
-41.051746368400003,173.619415282999995,1.709102392200000,1.970917344090000,2.163100957870000,-2.132860422130000,0.000000000000000
-41.051719665500002,173.622436523000005,1.709072828290000,1.970902085300000,2.163083076480000,-2.132742166520000,0.000000000000000
-41.049491882300003,173.624359131000006,1.708937883380000,1.970715999600000,2.162877798080000,-2.132599592210000,0.000000000000000
-41.047130584700000,173.624023437999995,1.708632111550000,1.970435976980000,2.162586689000000,-2.132355690000000,0.000000000000000
-41.049842834499998,173.610427856000001,1.709226727490000,1.971049785610000,2.163261890410000,-2.133296489720000,0.000000000000000
-41.050468444800003,173.612808228000006,1.709171533580000,1.971024632450000,2.163229703900000,-2.132926940920000,0.000000000000000
-41.049945831300001,173.615036011000001,1.709130525590000,1.970927357670000,2.163123846050000,-2.133038282390000,0.000000000000000
-41.049762725800001,173.617630004999995,1.709010362630000,1.970814585690000,2.162985324860000,-2.132734775540000,0.000000000000000
-41.048122405999997,173.620803832999997,1.708796024320000,1.970601677890000,2.162762880330000,-2.132526397710000,0.000000000000000
