latitude,longitude,mhws10,mhwsc,hat,lat,mask
-46.436950683600003,168.270492553999986,0.993331253529000,1.066782236100000,1.119516253470000,-0.047895003110200,0.000000000000000
-46.437023162800003,168.271255493000012,0.993186056614000,1.066669583320000,1.119413852690000,-0.047829892486300,0.000000000000000
-46.437545776400000,168.270111084000007,0.992820620537000,1.066408276560000,1.119398236270000,-0.047635044902600,0.000000000000000
-46.437625885000003,168.270904540999993,0.993209362030000,1.066830396650000,1.119909882550000,-0.047608409076900,0.000000000000000
-46.438133239700001,168.269744873000008,0.994354307652000,1.067942261700000,1.120914816860000,-0.048147644847600,0.000000000000000
-46.438224792500002,168.270538329999994,0.994598686695000,1.068199396130000,1.121180057530000,-0.048212546855200,0.000000000000000
-46.438671112100003,168.269302368000012,0.994231700897000,1.067823052410000,1.120729684830000,-0.048095233738400,0.000000000000000
-46.438808441200003,168.270156859999986,0.994214117527000,1.067845582960000,1.120604515080000,-0.048037022352200,0.000000000000000
-46.439216613799999,168.268859862999989,0.994972705841000,1.068680286410000,1.121930360790000,-0.048393089324200,0.000000000000000
-46.439353942899999,168.269714354999991,0.994867205620000,1.068548083310000,1.121741771700000,-0.048321679234500,0.000000000000000
-46.439788818399997,168.268463134999990,0.995084643364000,1.068837165830000,1.122124552730000,-0.048412732780000,0.000000000000000
-46.439910888699998,168.269287109000004,0.994573175907000,1.068198919300000,1.121255993840000,-0.048136189580000,0.000000000000000
-46.440399169899997,168.268112183000000,0.993988573551000,1.067570447920000,1.120570063590000,-0.047946974635100,0.000000000000000
-46.440490722699998,168.268905640000014,0.993849217892000,1.067417621610000,1.120485067370000,-0.047908190637800,0.000000000000000
-46.441085815400001,168.268539428999986,0.992915809155000,1.066406965260000,1.119457125660000,-0.047600179910700,0.000000000000000
-46.441642761200001,168.267486571999996,0.992794930935000,1.066299438480000,1.119450569150000,-0.047564409673200,0.000000000000000
-46.441688537600001,168.268188476999995,0.992862403393000,1.066395998000000,1.119668126110000,-0.047598291188500,0.000000000000000
-46.441764831500002,168.268936157000013,0.992161512375000,1.065587282180000,1.118466973300000,-0.047279953956600,0.000000000000000
-46.442306518599999,168.267272948999988,0.993027269840000,1.066524267200000,1.120084166530000,-0.047674626112000,0.000000000000000
-46.442348480200003,168.267959595000008,0.992850959301000,1.066419363020000,1.119804382320000,-0.047589525580400,0.000000000000000
-46.442935943599998,168.266387938999998,0.993687033653000,1.067276000980000,1.120857477190000,-0.047828424722000,0.000000000000000
-46.442974090600003,168.267059326000009,0.993617475033000,1.067198634150000,1.120800495150000,-0.047817584127200,0.000000000000000
-46.443008422900000,168.267730712999992,0.993287861347000,1.066839933400000,1.120391488080000,-0.047695528715800,0.000000000000000
-46.443046569800003,168.268402100000003,0.993053317070000,1.066662549970000,1.120099425320000,-0.047609210014300,0.000000000000000
-46.443607330299997,168.266189574999999,0.994031906128000,1.067668437960000,1.121521353720000,-0.047976396977900,0.000000000000000
-46.443641662600001,168.266845703000001,0.994028687477000,1.067661523820000,1.121483206750000,-0.047978904098300,0.000000000000000
-46.443675994899998,168.267517090000013,0.993631482124000,1.067223787310000,1.120926022530000,-0.047807753086100,0.000000000000000
-46.443710327100000,168.268173217999987,0.993521928787000,1.067099928860000,1.120802760120000,-0.047767009586100,0.000000000000000
-46.444278717000003,168.265991210999999,0.993523180485000,1.067113995550000,1.120745658870000,-0.047742545604700,0.000000000000000
-46.444313049300000,168.266662598000011,0.993659913540000,1.067265510560000,1.120918989180000,-0.047793567180600,0.000000000000000
-46.444347381599997,168.267318726000013,0.993627011776000,1.067233800890000,1.120930790900000,-0.047772448509900,0.000000000000000
-46.444385528600002,168.267974853999988,0.993544101715000,1.067147493360000,1.120790958400000,-0.047724269330500,0.000000000000000
-46.444938659700000,168.265762329000012,0.993142664433000,1.066718935970000,1.120528697970000,-0.047644030302800,0.000000000000000
-46.444984435999999,168.266464232999994,0.993200540543000,1.066758036610000,1.120518326760000,-0.047646783292300,0.000000000000000
-46.445022582999997,168.267135620000005,0.993151664734000,1.066725254060000,1.120416164400000,-0.047607645392400,0.000000000000000
-46.445060730000002,168.267791748000008,0.993443548679000,1.067036986350000,1.120807051660000,-0.047704655677100,0.000000000000000
-46.445621490500002,168.266174315999990,0.992383778095000,1.065874457360000,1.119449138640000,-0.047319594770700,0.000000000000000
-46.445674896200003,168.266876220999990,0.992934107780000,1.066467285160000,1.120219707490000,-0.047504875809000,0.000000000000000
-46.445720672599997,168.267562865999992,0.993058145046000,1.066623091700000,1.120310902600000,-0.047531358897700,0.000000000000000
-46.446250915500002,168.265869140999996,0.992068111897000,1.065552830700000,1.119396567340000,-0.047262798994800,0.000000000000000
-46.446315765400001,168.266601562000005,0.992319047451000,1.065803527830000,1.119520425800000,-0.047285936772800,0.000000000000000
-46.446369171100002,168.267303467000005,0.992327928543000,1.065819859500000,1.119519591330000,-0.047287922352600,0.000000000000000
-46.446865081799999,168.265533446999996,0.991895437241000,1.065395712850000,1.119139790530000,-0.047147344797900,0.000000000000000
-46.446949005100002,168.266311645999991,0.992127120495000,1.065631151200000,1.119441986080000,-0.047209274023800,0.000000000000000
-46.447021484399997,168.267059326000009,0.992264747620000,1.065784215930000,1.119604349140000,-0.047240387648300,0.000000000000000
-46.447471618700000,168.265197754000013,0.992048799992000,1.065466523170000,1.119487047200000,-0.047204468399300,0.000000000000000
-46.447578430199997,168.266006470000008,0.992045819759000,1.065490245820000,1.119418025020000,-0.047154448926400,0.000000000000000
-46.447669982900003,168.266799926999994,0.991921007633000,1.065431952480000,1.119267702100000,-0.047126974910500,0.000000000000000
-46.448204040500002,168.265701293999996,0.991744041443000,1.065186738970000,1.119060993190000,-0.047019705176400,0.000000000000000
-46.448322296100002,168.266540526999989,0.991901934147000,1.065320372580000,1.119241118430000,-0.047049481421700,0.000000000000000
-46.448833465600003,168.265411376999992,0.991516888142000,1.064957618710000,1.119013309480000,-0.046949189156300,0.000000000000000
-46.449470519999998,168.265121459999989,0.991626083851000,1.065118551250000,1.119217395780000,-0.046957053244100,0.000000000000000
-46.449935913099999,168.263885498000008,0.991252064705000,1.064842581750000,1.119099855420000,-0.046896483749200,0.000000000000000
-46.450111389200003,168.264846801999994,0.990624904633000,1.063976526260000,1.117950797080000,-0.046581894159300,0.000000000000000
-46.450588226299999,168.263656615999992,0.991072416306000,1.064680099490000,1.118903994560000,-0.046802941709800,0.000000000000000
-46.450778961200001,168.264633178999986,0.990430951118000,1.063911914830000,1.118020653720000,-0.046548627317000,0.000000000000000
-46.451446533199999,168.264434813999998,0.990300416946000,1.063712596890000,1.118144154550000,-0.046442329883600,0.000000000000000
-46.421726226799997,168.336517334000007,1.055381774900000,1.134273648260000,1.212937831880000,-0.707918107510000,0.000000000000000
-46.484920501700003,168.385955811000002,-0.352083802223000,-0.352083474398000,-0.351974427700000,-0.352439671755000,0.000000000000000
-46.452117919899997,168.264236449999999,0.988672852516000,1.061882376670000,1.115582227710000,-0.045867513865200,0.000000000000000
-46.422359466600000,168.336364745999987,1.054946780200000,1.133414506910000,1.211850762370000,-0.706702947617000,0.000000000000000
-46.423530578600001,168.335891723999993,1.054982900620000,1.133571624760000,1.212092876430000,-0.706969559193000,0.000000000000000
-46.484924316399997,168.384994506999988,-0.352088958025000,-0.352087706327000,-0.351980745792000,-0.352442532778000,0.000000000000000
-46.454166412399999,168.263549804999997,0.990034103394000,1.064545035360000,1.121075034140000,-0.046707406640100,0.000000000000000
-46.423614502000000,168.336044312000013,1.054649949070000,1.133339405060000,1.211873054500000,-0.706845581532000,0.000000000000000
-46.423965454099999,168.335372925000001,1.055035710330000,1.133759856220000,1.212274670600000,-0.707581937313000,0.000000000000000
-46.425189971899997,168.334930420000006,1.054070591930000,1.132989645000000,1.211362242700000,-0.706694126129000,0.000000000000000
-46.458595275900002,168.264343262000011,0.995682895184000,1.070983886720000,1.130753040310000,-0.047750841826200,0.000000000000000
-46.457798004200001,168.263992309999992,0.995932102203000,1.071233868600000,1.131176829340000,-0.047879181802300,0.000000000000000
-46.457237243700000,168.264801024999997,0.993578910828000,1.068563103680000,1.128245592120000,-0.047089602798200,0.000000000000000
-46.457889556900000,168.265075684000010,0.993243038654000,1.068198323250000,1.128007292750000,-0.046984791755700,0.000000000000000
-46.428970336900001,168.335159301999994,1.053607940670000,1.132804393770000,1.211585044860000,-0.705281496048000,0.000000000000000
-46.461738586400003,168.266967773000005,0.997876584530000,1.072916865350000,1.133649468420000,-0.048223871737700,0.000000000000000
-46.463054657000001,168.266784668000014,0.996773183346000,1.072240591050000,1.132630705830000,-0.047817628830700,0.000000000000000
-46.464450836200001,168.274978637999993,1.052422046660000,1.140518426900000,1.209035396580000,-0.722410321236000,0.000000000000000
-46.465347289999997,168.274368285999998,1.060032486920000,1.148964762690000,1.216951608660000,-0.711226344109000,0.000000000000000
-46.447738647500003,168.342117309999992,1.062435507770000,1.159491777420000,1.231801629070000,-1.115547537800000,0.000000000000000
-46.448760986300002,168.341918945000003,1.061801195140000,1.158758163450000,1.230699539180000,-1.114964008330000,0.000000000000000
-46.447105407700001,168.341629028000000,1.063170671460000,1.160235166550000,1.232729792590000,-1.115991711620000,0.000000000000000
-46.449718475300003,168.341705321999996,1.060250401500000,1.157088398930000,1.228913545610000,-1.114180922510000,0.000000000000000
-46.448108673100002,168.341461181999989,1.062683582310000,1.159636855130000,1.231699705120000,-1.115625023840000,0.000000000000000
-46.449092864999997,168.341247559000010,1.061641454700000,1.158549427990000,1.230337738990000,-1.115376353260000,0.000000000000000
-46.439540862999998,168.334609984999986,1.067795157430000,1.165127754210000,1.240579605100000,-1.124842762950000,0.000000000000000
-46.441745758099998,168.337448120000005,1.065696239470000,1.163102984430000,1.237296223640000,-1.117783784870000,0.000000000000000
-46.458126068100000,168.342803954999994,1.060354948040000,1.159835100170000,1.229980230330000,-1.132897257800000,0.000000000000000
-46.457729339600000,168.342163085999999,1.059962034230000,1.159306287770000,1.229333758350000,-1.130974650380000,0.000000000000000
-46.456928253199997,168.342285156000003,1.061533570290000,1.160968780520000,1.231133222580000,-1.137215256690000,0.000000000000000
-46.451259612999998,168.341964722000000,1.060788631440000,1.157253623010000,1.228015065190000,-1.114016175270000,0.000000000000000
-46.442234039299997,168.338073729999991,1.064485311510000,1.161842226980000,1.235904932020000,-1.118183970450000,0.000000000000000
-46.442687988300001,168.338729857999994,1.064378261570000,1.161795973780000,1.235766530040000,-1.117358565330000,0.000000000000000
-46.443218231199999,168.339309692000000,1.063873767850000,1.161695122720000,1.235290646550000,-1.117780327800000,0.000000000000000
-46.444633483899999,168.339859009000008,1.063132643700000,1.160690307620000,1.233785271640000,-1.116196513180000,0.000000000000000
-46.445381164600001,168.340179443000011,1.064443588260000,1.161614775660000,1.234238386150000,-1.116920113560000,0.000000000000000
-46.445831298800002,168.340667725000003,1.064488649370000,1.161641955380000,1.234221816060000,-1.116741538050000,0.000000000000000
-46.446460723900003,168.341171265000014,1.063754081730000,1.160823106770000,1.233353853230000,-1.116098999980000,0.000000000000000
-46.447479248000000,168.340972899999997,1.062739729880000,1.159831881520000,1.232101559640000,-1.115971207620000,0.000000000000000
-46.450660705600001,168.341491698999988,1.060202121730000,1.156696438790000,1.227955579760000,-1.114067435260000,0.000000000000000
-46.450061798100002,168.341003418000014,1.060485243800000,1.157152175900000,1.228682160380000,-1.114363789560000,0.000000000000000
-46.448459625200002,168.340774535999998,1.061399936680000,1.158279776570000,1.230407834050000,-1.114730238910000,0.000000000000000
-46.449447631799998,168.340545654000010,1.060617804530000,1.157461881640000,1.229151129720000,-1.114436864850000,0.000000000000000
-46.440177917500002,168.335128784000005,1.064890503880000,1.161365151410000,1.236793279650000,-1.113918185230000,0.000000000000000
-46.440864562999998,168.335540771000012,1.065994262700000,1.162769794460000,1.237832069400000,-1.117238402370000,0.000000000000000
-46.441490173299997,168.336074829000012,1.065515279770000,1.162831425670000,1.237376570700000,-1.117205858230000,0.000000000000000
-46.442047119100003,168.336669921999999,1.065205454830000,1.162623763080000,1.237091064450000,-1.117610454560000,0.000000000000000
-46.442527771000002,168.337310790999993,1.064616918560000,1.161767840390000,1.236071467400000,-1.117414474490000,0.000000000000000
-46.460559844999999,168.342483520999991,1.059234023090000,1.159388065340000,1.229091286660000,-1.139416098590000,0.000000000000000
-46.458580017099997,168.342102051000012,1.060304164890000,1.160155892370000,1.230106830600000,-1.139299750330000,0.000000000000000
-46.459384918200001,168.341949462999992,1.059900045390000,1.160401582720000,1.230361700060000,-1.144364118580000,0.000000000000000
-46.464160919199998,168.278182982999994,1.056703209880000,1.153522372250000,1.219009280200000,-1.100357532500000,0.000000000000000
-46.458179473900003,168.341445923000009,1.059840202330000,1.159240603450000,1.229128718380000,-1.137342453000000,0.000000000000000
-46.457286834700000,168.341537476000013,1.061153888700000,1.160787582400000,1.230646371840000,-1.138335108760000,0.000000000000000
-46.456439971899997,168.341690062999987,1.060144424440000,1.159251093860000,1.229355454440000,-1.133081555370000,0.000000000000000
-46.452945709200002,168.341400146000012,1.060883045200000,1.156953096390000,1.226907849310000,-1.114240169530000,0.000000000000000
-46.451519012500000,168.341232300000001,1.060099601750000,1.156487941740000,1.227285504340000,-1.113647341730000,0.000000000000000
-46.452339172400002,168.340957642000006,1.060022950170000,1.156425952910000,1.227092623710000,-1.113811135290000,0.000000000000000
-46.443012237500000,168.337951659999987,1.063643455510000,1.160797715190000,1.235028743740000,-1.116724133490000,0.000000000000000
-46.443527221700002,168.338546753000003,1.064151167870000,1.161818981170000,1.235384702680000,-1.117171764370000,0.000000000000000
-46.444015502900001,168.339172362999989,1.062894344330000,1.160334229470000,1.234202146530000,-1.116431355480000,0.000000000000000
-46.444972991900002,168.339035034000005,1.062368631360000,1.159775733950000,1.233017444610000,-1.116586565970000,0.000000000000000
-46.445541381799998,168.339569092000005,1.064068317410000,1.161372661590000,1.233868241310000,-1.116725325580000,0.000000000000000
-46.446201324500002,168.340011597000000,1.063404321670000,1.160555601120000,1.233199954030000,-1.115908741950000,0.000000000000000
-46.446826934800001,168.340515137000011,1.063240766530000,1.160418629650000,1.232973933220000,-1.116067528720000,0.000000000000000
-46.447837829599997,168.340301514000004,1.061863541600000,1.158918857570000,1.231280565260000,-1.115486621860000,0.000000000000000
-46.450927734399997,168.340759276999989,1.060118675230000,1.156554341320000,1.227698922160000,-1.114142060280000,0.000000000000000
-46.450340271000002,168.340286254999995,1.059275627140000,1.155895233150000,1.227395653720000,-1.113935828210000,0.000000000000000
-46.448825836200001,168.340087890999996,1.061227679250000,1.158018946650000,1.229745864870000,-1.115443229680000,0.000000000000000
-46.449722289999997,168.339828490999992,1.060084462170000,1.156818389890000,1.228403449060000,-1.114198565480000,0.000000000000000
-46.442363739000001,168.335952759000008,1.065060257910000,1.162020802500000,1.236542463300000,-1.118714690210000,0.000000000000000
-46.442890167199998,168.336624145999991,1.064870953560000,1.162143945690000,1.236080288890000,-1.118031024930000,0.000000000000000
-46.443378448499999,168.337265015000014,1.063572645190000,1.160866022110000,1.235004067420000,-1.116995692250000,0.000000000000000
-46.462535858199999,168.341583251999992,1.058469414710000,1.159472703930000,1.229122877120000,-1.143649339680000,0.000000000000000
-46.461738586400003,168.341613770000009,1.060303926470000,1.162092566490000,1.231783032420000,-1.153093695640000,0.000000000000000
-46.460945129400002,168.341690062999987,1.058722734450000,1.159525275230000,1.229488492010000,-1.143649339680000,0.000000000000000
-46.460166931200000,168.341827392999988,1.060391187670000,1.161147713660000,1.230929017070000,-1.146125435830000,0.000000000000000
-46.458988189700001,168.341323853000006,1.060450792310000,1.161092638970000,1.230873227120000,-1.148671388630000,0.000000000000000
-46.459796905499999,168.341171265000014,1.059727072720000,1.160173892970000,1.230247735980000,-1.144915342330000,0.000000000000000
-46.463329315199999,168.341506957999997,1.058931589130000,1.160377860070000,1.230331063270000,-1.148181080820000,0.000000000000000
-46.464431762700002,168.278976440000008,1.054002761840000,1.150443911550000,1.216253161430000,-1.085799694060000,0.000000000000000
-46.463787078899998,168.279556273999987,1.054041743280000,1.150619626050000,1.216148138050000,-1.093510866170000,0.000000000000000
-46.455120086699999,168.341217040999993,1.060999035840000,1.157327771190000,1.227383017540000,-1.117675423620000,0.000000000000000
-46.453773498499999,168.341033936000002,1.059530138970000,1.156005382540000,1.226815938950000,-1.114122986790000,0.000000000000000
-46.453144073499999,168.340637206999986,1.061011552810000,1.157076716420000,1.227078437810000,-1.113853096960000,0.000000000000000
-46.451755523700001,168.340484618999994,1.059757828710000,1.156085848810000,1.226930618290000,-1.113615393640000,0.000000000000000
-46.452556610099997,168.340179443000011,1.060889959340000,1.157226920130000,1.227292299270000,-1.114390254020000,0.000000000000000
-46.443904876700003,168.337875365999992,1.063752651210000,1.161434292790000,1.234906077380000,-1.117870092390000,0.000000000000000
-46.444400787399999,168.338500976999995,1.062533855440000,1.160140752790000,1.233521580700000,-1.116362214090000,0.000000000000000
-46.445930480999998,168.338714600000003,1.063086748120000,1.160234928130000,1.232622385030000,-1.115787029270000,0.000000000000000
-46.446586608899999,168.339355468999997,1.063112735750000,1.160299897190000,1.232951879500000,-1.116077303890000,0.000000000000000
-46.447208404500003,168.339828490999992,1.063630819320000,1.160738587380000,1.232995152470000,-1.116595864300000,0.000000000000000
-46.448204040500002,168.339614868000012,1.060087323190000,1.157280921940000,1.230124235150000,-1.114743709560000,0.000000000000000
-46.451164245599998,168.340011597000000,1.060316085820000,1.156782150270000,1.227355837820000,-1.113848209380000,0.000000000000000
-46.450557708700003,168.339569092000005,1.059143662450000,1.155529499050000,1.226830482480000,-1.113867521290000,0.000000000000000
-46.463840484599999,168.340805053999986,1.058977484700000,1.160895228390000,1.230382561680000,-1.150469660760000,0.000000000000000
-46.462997436499997,168.340820312000005,1.058834195140000,1.160559773450000,1.230215549470000,-1.152585387230000,0.000000000000000
-46.462203979500003,168.340911865000010,1.058603644370000,1.159608244900000,1.229546189310000,-1.143421173100000,0.000000000000000
-46.461406707800002,168.340927123999990,1.059820175170000,1.161267757420000,1.231071233750000,-1.150583505630000,0.000000000000000
-46.460594177200001,168.341018676999994,1.059543609620000,1.160554409030000,1.230581998830000,-1.147759675980000,0.000000000000000
-46.463260650599999,168.280212401999989,1.055110692980000,1.151928782460000,1.217465519910000,-1.091390609740000,0.000000000000000
-46.464172363300001,168.280303954999994,1.054387688640000,1.151052832600000,1.216549038890000,-1.090331792830000,0.000000000000000
-46.464668273900003,168.279678345000008,1.054315567020000,1.150815606120000,1.216244578360000,-1.090848684310000,0.000000000000000
-46.454559326199998,168.340728759999990,1.061270356180000,1.157162070270000,1.226594209670000,-1.115672826770000,0.000000000000000
-46.456325530999997,168.340362548999991,1.062161207200000,1.157987236980000,1.227728843690000,-1.122753858570000,0.000000000000000
-46.455471038799999,168.340515137000011,1.060368418690000,1.157152056690000,1.227075815200000,-1.117527365680000,0.000000000000000
-46.453975677499997,168.340270995999987,1.060518741610000,1.157006859780000,1.227312564850000,-1.115609049800000,0.000000000000000
-46.453353881799998,168.339859009000008,1.060277223590000,1.156558990480000,1.226875305180000,-1.113199830060000,0.000000000000000
-46.451961517299999,168.339721679999997,1.060574293140000,1.156805276870000,1.227309107780000,-1.113671898840000,0.000000000000000
-46.452758789100002,168.339401245000005,1.060493350030000,1.156871318820000,1.227243185040000,-1.114135503770000,0.000000000000000
-46.446960449199999,168.338638306000007,1.063106536870000,1.160169601440000,1.232623577120000,-1.116193532940000,0.000000000000000
-46.447589874300000,168.339141845999990,1.063702821730000,1.160824537280000,1.232821345330000,-1.116021752360000,0.000000000000000
-46.451354980500000,168.339279175000001,1.059845805170000,1.156232595440000,1.226838946340000,-1.113729834560000,0.000000000000000
-46.464328765899999,168.340057373000008,1.058083772660000,1.159476518630000,1.229007363320000,-1.146021485330000,0.000000000000000
-46.463493347200000,168.340118407999995,1.059338688850000,1.161472439770000,1.230965018270000,-1.154335379600000,0.000000000000000
-46.462642669700003,168.340148926000012,1.058790206910000,1.160332083700000,1.230235934260000,-1.150318622590000,0.000000000000000
-46.461849212600001,168.340225220000008,1.058900952340000,1.159967064860000,1.229422807690000,-1.146854281430000,0.000000000000000
-46.461013793900001,168.340286254999995,1.060038566590000,1.161380410190000,1.231407403950000,-1.149766564370000,0.000000000000000
-46.463508605999998,168.280990601000013,1.052932381630000,1.149417161940000,1.214744091030000,-1.092673540120000,0.000000000000000
-46.454921722400002,168.340011597000000,1.060670495030000,1.156353712080000,1.225998520850000,-1.113102316860000,0.000000000000000
-46.455818176299999,168.339782715000013,1.060813665390000,1.157121300700000,1.226743221280000,-1.117793917660000,0.000000000000000
-46.454238891599999,168.339523315000008,1.060973286630000,1.157028198240000,1.226516723630000,-1.114223837850000,0.000000000000000
-46.453563690199999,168.339096068999993,1.060346126560000,1.156402945520000,1.226315975190000,-1.113759756090000,0.000000000000000
-46.452159881599997,168.338958740000010,1.060887217520000,1.157091498370000,1.227089285850000,-1.113635897640000,0.000000000000000
-46.452968597400002,168.338638306000007,1.060044884680000,1.156464576720000,1.226748943330000,-1.113469243050000,0.000000000000000
-46.465686798100002,168.339401245000005,1.058909296990000,1.164391517640000,1.230977892880000,-1.158745527270000,0.000000000000000
-46.464859008799998,168.339416504000013,1.058215498920000,1.160168647770000,1.229853510860000,-1.153241395950000,0.000000000000000
-46.463958740199999,168.339385985999996,1.058519601820000,1.160393238070000,1.229916930200000,-1.150720000270000,0.000000000000000
-46.463100433299999,168.339477539000001,1.059127688410000,1.161230087280000,1.230962514880000,-1.155200362210000,0.000000000000000
-46.462238311800000,168.339508056999989,1.058741569520000,1.160097360610000,1.230067253110000,-1.149337530140000,0.000000000000000
-46.466259002699999,168.338760376000010,1.057481765750000,1.159582138060000,1.229529261590000,-1.153064250950000,0.000000000000000
-46.463760376000003,168.281768798999991,1.055129647250000,1.151698589320000,1.216778635980000,-1.093014121060000,0.000000000000000
-46.464534759499998,168.281768798999991,1.055674076080000,1.152469396590000,1.217594742770000,-1.094668388370000,0.000000000000000
-46.455200195300002,168.339157104000009,1.060871362690000,1.156879782680000,1.226514101030000,-1.114171385770000,0.000000000000000
-46.454418182399998,168.338806151999989,1.059988141060000,1.156069636340000,1.226057410240000,-1.113309025760000,0.000000000000000
-46.453739166299997,168.338317870999987,1.060696363450000,1.156640529630000,1.226178884510000,-1.113672256470000,0.000000000000000
-46.455081939700001,168.338470459000007,1.061008214950000,1.156854629520000,1.225979685780000,-1.115475177760000,0.000000000000000
-46.467704772899999,168.337814331000004,1.057570457460000,1.162823200230000,1.229794979100000,-1.155379295350000,0.000000000000000
-46.466930389399998,168.338134765999996,1.058899044990000,1.164669632910000,1.230937004090000,-1.164343714710000,0.000000000000000
-46.465412139900003,168.338699340999995,1.059218525890000,1.164480686190000,1.231156945230000,-1.158881664280000,0.000000000000000
-46.464466094999999,168.338623046999999,1.058241844180000,1.160149216650000,1.229839682580000,-1.152552127840000,0.000000000000000
-46.463439941399997,168.338760376000010,1.059525728230000,1.161912679670000,1.231416225430000,-1.156393051150000,0.000000000000000
-46.465999603299998,168.338058472000000,1.058194041250000,1.163314938550000,1.230337381360000,-1.155661106110000,0.000000000000000
-46.463211059599999,168.282424926999994,1.054223895070000,1.150708079340000,1.215753793720000,-1.092426538470000,0.000000000000000
-46.461963653600002,168.283218384000008,1.052684426310000,1.149146437640000,1.214064240460000,-1.093295574190000,0.000000000000000
-46.462726592999999,168.283081054999997,1.055323004720000,1.152064204220000,1.217366814610000,-1.093807220460000,0.000000000000000
-46.464073181200000,168.282455443999993,1.054310917850000,1.150935292240000,1.216200113300000,-1.092774391170000,0.000000000000000
-46.468929290799998,168.337127686000002,1.058406472210000,1.166005730630000,1.232227563860000,-1.170632719990000,0.000000000000000
-46.468132019000002,168.337173462000010,1.057353734970000,1.163159251210000,1.230049371720000,-1.161520719530000,0.000000000000000
-46.457500457800002,168.338241576999991,1.059375762940000,1.155160427090000,1.223857879640000,-1.113846778870000,0.000000000000000
-46.456672668499998,168.338348389000004,1.059956669810000,1.155709743500000,1.224928617480000,-1.115512251850000,0.000000000000000
-46.455818176299999,168.338516234999986,1.060607433320000,1.156331181530000,1.225504755970000,-1.114479541780000,0.000000000000000
-46.454532623299997,168.338043212999992,1.060612559320000,1.156537890430000,1.226013422010000,-1.113517403600000,0.000000000000000
-46.455394744899998,168.337844848999993,1.060706973080000,1.156498432160000,1.226126074790000,-1.114092350010000,0.000000000000000
-46.467338562000002,168.337265015000014,1.058150649070000,1.163789629940000,1.230255484580000,-1.160366773610000,0.000000000000000
-46.466548919700003,168.337310790999993,1.058039665220000,1.163195014000000,1.229811072350000,-1.156295180320000,0.000000000000000
-46.465175628700003,168.337982178000004,1.058838963510000,1.164135336880000,1.230561852460000,-1.158557891850000,0.000000000000000
-46.464469909700000,168.337844848999993,1.058253526690000,1.160409927370000,1.230013608930000,-1.153802037240000,0.000000000000000
-46.463779449500002,168.338027954000012,1.059155106540000,1.161360144620000,1.231020212170000,-1.156495809560000,0.000000000000000
-46.465732574500002,168.337326050000001,1.058454036710000,1.163624167440000,1.230308413510000,-1.156299352650000,0.000000000000000
-46.463523864700001,168.283172607000012,1.054454326630000,1.151016235350000,1.216194510460000,-1.094650506970000,0.000000000000000
-46.462265014600000,168.283874512000011,1.054260373120000,1.150823473930000,1.215929508210000,-1.093964815140000,0.000000000000000
-46.463066101099997,168.283843993999994,1.054023146630000,1.150633096690000,1.215602040290000,-1.094023704530000,0.000000000000000
-46.461879730200003,168.284667968999997,1.054033994670000,1.150553703310000,1.215708851810000,-1.093336939810000,0.000000000000000
-46.469406127900001,168.336380004999995,1.056839346890000,1.162740945820000,1.229348182680000,-1.161216020580000,0.000000000000000
-46.468601226799997,168.336425781000003,1.057661294940000,1.164106130600000,1.230240941050000,-1.165469169620000,0.000000000000000
-46.467796325700000,168.336486815999990,1.058368682860000,1.164542078970000,1.231032252310000,-1.165618777280000,0.000000000000000
-46.456199646000002,168.337738037000008,1.059921145440000,1.155567049980000,1.224927306180000,-1.113457322120000,0.000000000000000
-46.467002868700000,168.336578368999994,1.057345032690000,1.162863492970000,1.229467153550000,-1.155667901040000,0.000000000000000
-46.466190338099999,168.336624145999991,1.058847069740000,1.164547443390000,1.230846762660000,-1.162559151650000,0.000000000000000
-46.464889526400000,168.337280273000005,1.059180974960000,1.164466857910000,1.230764508250000,-1.157356500630000,0.000000000000000
-46.465373992899998,168.336639404000010,1.057525157930000,1.159381151200000,1.228629231450000,-1.148348689080000,0.000000000000000
-46.470668792700003,168.335678101000013,1.056506752970000,1.163513898850000,1.229589939120000,-1.165071487430000,0.000000000000000
-46.469860076899998,168.335693359000004,1.056839346890000,1.163810372350000,1.229796886440000,-1.166988372800000,0.000000000000000
-46.471130371100003,168.335006714000002,1.055694937710000,1.162818431850000,1.229261398320000,-1.167163491250000,0.000000000000000
-46.471637725800001,168.334396362000007,1.056842327120000,1.164756774900000,1.231367945670000,-1.171710252760000,0.000000000000000
-46.460830688500003,168.285675048999991,1.055174350740000,1.151639938350000,1.216895937920000,-1.096587538720000,0.000000000000000
-46.461547851600002,168.285507201999991,1.054818630220000,1.151288032530000,1.216698050500000,-1.093834280970000,0.000000000000000
-46.463897705100003,168.283996581999986,1.056161403660000,1.152622818950000,1.218111872670000,-1.095508933070000,0.000000000000000
-46.462684631300000,168.284591675000001,1.055492639540000,1.151935458180000,1.217441558840000,-1.095705270770000,0.000000000000000
-46.463336944600002,168.284515381000006,1.054774522780000,1.151296019550000,1.216417193410000,-1.093634128570000,0.000000000000000
-46.462326049799998,168.285385131999988,1.054909229280000,1.151430606840000,1.216535210610000,-1.095649123190000,0.000000000000000
-46.469039917000003,168.335739136000001,1.057354807850000,1.164059162140000,1.230192542080000,-1.165406703950000,0.000000000000000
-46.468242645300002,168.335769653000000,1.057427883150000,1.163370013240000,1.229769587520000,-1.160343408580000,0.000000000000000
-46.467437744100003,168.335800170999988,1.057738184930000,1.163190484050000,1.229224443440000,-1.158818602560000,0.000000000000000
-46.456516265899999,168.336883545000006,1.060491204260000,1.156083226200000,1.224487781520000,-1.115544795990000,0.000000000000000
-46.466644287100003,168.335906982000012,1.058519959450000,1.164252758030000,1.230987310410000,-1.161681652070000,0.000000000000000
-46.465801239000001,168.335937500000000,1.057373166080000,1.162077546120000,1.228300571440000,-1.149935603140000,0.000000000000000
-46.464920043900001,168.336013793999996,1.060176253320000,1.166293144230000,1.233005285260000,-1.165238142010000,0.000000000000000
-46.471988678000002,168.335098267000006,1.057655692100000,1.165992617610000,1.232978224750000,-1.176270842550000,0.000000000000000
-46.472503662100003,168.334426879999995,1.055358886720000,1.162813305850000,1.229282379150000,-1.166829466820000,0.000000000000000
-46.470294952400003,168.335006714000002,1.056886672970000,1.164222478870000,1.230600476260000,-1.168676614760000,0.000000000000000
-46.469478607200003,168.335021973000011,1.057217955590000,1.164309740070000,1.230441927910000,-1.168270945550000,0.000000000000000
-46.472999572799999,168.333755493000012,1.055600166320000,1.163371682170000,1.230117201810000,-1.169867277150000,0.000000000000000
-46.470752716100002,168.334335326999991,1.056948661800000,1.164608955380000,1.231238842010000,-1.171803474430000,0.000000000000000
-46.472148895300002,168.333740234000004,1.055814027790000,1.163448214530000,1.229902744290000,-1.168610811230000,0.000000000000000
-46.471275329599997,168.333724976000013,1.056502223010000,1.164020657540000,1.230625629430000,-1.169883131980000,0.000000000000000
-46.459426879900001,168.288574218999997,1.061585903170000,1.162282228470000,1.228843331340000,-1.147870540620000,0.000000000000000
-46.461307525599999,168.286300659000005,1.053666710850000,1.150326728820000,1.215434551240000,-1.095004558560000,0.000000000000000
-46.461101532000001,168.287124634000008,1.055975317960000,1.152609586720000,1.218644261360000,-1.100009322170000,0.000000000000000
-46.462081909200002,168.286148071000014,1.056009888650000,1.152392148970000,1.217993736270000,-1.095951795580000,0.000000000000000
-46.463142394999998,168.285202026000007,1.055032253270000,1.151469230650000,1.216762542720000,-1.094241023060000,0.000000000000000
-46.462898254400002,168.285964965999995,1.054682970050000,1.151316165920000,1.216578841210000,-1.093917250630000,0.000000000000000
-46.468658447300001,168.335067748999990,1.057838320730000,1.164126276970000,1.230687975880000,-1.166863441470000,0.000000000000000
-46.467834472699998,168.335128784000005,1.058151721950000,1.164368867870000,1.230582594870000,-1.164033532140000,0.000000000000000
-46.467018127400003,168.335174561000002,1.058377146720000,1.164044380190000,1.230373263360000,-1.162021040920000,0.000000000000000
-46.473449707000000,168.333068848000011,1.055601000790000,1.163643836980000,1.230202198030000,-1.170442581180000,0.000000000000000
-46.473804473900003,168.333740234000004,1.055477738380000,1.163317799570000,1.229618787770000,-1.169059753420000,0.000000000000000
-46.469909668000000,168.334350585999999,1.056945562360000,1.164268374440000,1.230565071110000,-1.169625639920000,0.000000000000000
-46.469055175800001,168.334396362000007,1.057871818540000,1.165048837660000,1.231524825100000,-1.170460700990000,0.000000000000000
-46.472625732399997,168.333099365000010,1.055655479430000,1.163314461710000,1.229829311370000,-1.168926835060000,0.000000000000000
-46.470344543499998,168.333679198999988,1.057349443440000,1.164988279340000,1.231650710110000,-1.172393798830000,0.000000000000000
-46.471755981400001,168.333084106000001,1.056356668470000,1.164085626600000,1.230673193930000,-1.170283436780000,0.000000000000000
-46.470851898200003,168.333068848000011,1.056395769120000,1.163811683650000,1.230108380320000,-1.168923497200000,0.000000000000000
-46.473052978500000,168.332427978999988,1.055245995520000,1.163026094440000,1.229598164560000,-1.169141769410000,0.000000000000000
-46.458553314200003,168.289871215999995,1.063040852550000,1.164294242860000,1.231268644330000,-1.156377673150000,0.000000000000000
-46.460968017600003,168.287994384999990,1.056903123860000,1.154149770740000,1.220408558850000,-1.103480696680000,0.000000000000000
-46.461868286100000,168.286956787000008,1.053907752040000,1.150648355480000,1.215601325040000,-1.095042109490000,0.000000000000000
-46.468238830600001,168.334426879999995,1.057438969610000,1.162915587430000,1.228943705560000,-1.157626867290000,0.000000000000000
-46.467433929400002,168.334457396999994,1.058052897450000,1.163722991940000,1.229869484900000,-1.161126613620000,0.000000000000000
-46.474277496299997,168.333099365000010,1.054517507550000,1.162267804150000,1.228726506230000,-1.167394876480000,0.000000000000000
-46.473922729500003,168.332427978999988,1.054888606070000,1.162860274310000,1.229400157930000,-1.169171452520000,0.000000000000000
-46.474445342999999,168.331817626999992,1.054961800580000,1.163227081300000,1.229804039000000,-1.170427441600000,0.000000000000000
-46.472217559800001,168.332458495999987,1.055791378020000,1.163576722150000,1.230216145520000,-1.169141650200000,0.000000000000000
-46.471336364700001,168.332427978999988,1.056442618370000,1.164186835290000,1.230751276020000,-1.170893549920000,0.000000000000000
-46.473506927499997,168.331802368000012,1.055012464520000,1.162817478180000,1.229371428490000,-1.169270277020000,0.000000000000000
-46.472621917700003,168.331787109000004,1.056085109710000,1.164252638820000,1.230874300000000,-1.171197175980000,0.000000000000000
-46.458637237500000,168.291641234999986,1.062062621120000,1.162975788120000,1.229903340340000,-1.148386359210000,0.000000000000000
-46.458820342999999,168.292465209999989,1.061462163930000,1.162107944490000,1.229035019870000,-1.147730231290000,0.000000000000000
-46.459381103500000,168.290298462000010,1.059592723850000,1.159610748290000,1.226131200790000,-1.133886694910000,0.000000000000000
-46.460079193100000,168.289947509999990,1.063326358800000,1.164774537090000,1.232187390330000,-1.158317089080000,0.000000000000000
-46.460807800300003,168.288833618000012,1.054684996600000,1.150927424430000,1.216117262840000,-1.092827916150000,0.000000000000000
-46.475166320800000,168.333160399999997,1.054859876630000,1.163343667980000,1.230193257330000,-1.171603798870000,0.000000000000000
-46.474788665799998,168.332504271999994,1.054369449620000,1.162376165390000,1.228830695150000,-1.169670581820000,0.000000000000000
-46.475364685099997,168.331939696999996,1.054061174390000,1.162238836290000,1.228986144070000,-1.169932961460000,0.000000000000000
-46.475032806400002,168.331283568999993,1.053882956500000,1.161848187450000,1.228380441670000,-1.167859435080000,0.000000000000000
-46.474018096899997,168.331192017000006,1.054765701290000,1.163071870800000,1.229637980460000,-1.170970082280000,0.000000000000000
-46.471797943100000,168.331771851000013,1.055514931680000,1.163090348240000,1.229573011400000,-1.167898058890000,0.000000000000000
-46.473094940199999,168.331146240000010,1.055062055590000,1.162688374520000,1.229205489160000,-1.167002558710000,0.000000000000000
-46.472221374500002,168.331085204999994,1.056155562400000,1.164063334470000,1.230685353280000,-1.171738624570000,0.000000000000000
-46.458229064900003,168.293884276999989,1.061684846880000,1.162377357480000,1.229371666910000,-1.146358489990000,0.000000000000000
-46.458900451700003,168.293319701999991,1.061287641530000,1.162054181100000,1.228941679000000,-1.145333051680000,0.000000000000000
-46.458000183099998,168.295379639000004,1.061406254770000,1.162001848220000,1.229042887690000,-1.147132992740000,0.000000000000000
-46.459403991700000,168.291168212999992,1.061940193180000,1.162790417670000,1.229800820350000,-1.148855686190000,0.000000000000000
-46.459476470900000,168.292007446000014,1.061134099960000,1.161702036860000,1.228525996210000,-1.144190788270000,0.000000000000000
-46.459529876700003,168.292861937999987,1.062060117720000,1.162750720980000,1.229880928990000,-1.147092103960000,0.000000000000000
-46.460083007800002,168.290771484000004,1.061737775800000,1.162638306620000,1.229315876960000,-1.148511052130000,0.000000000000000
-46.475715637199997,168.332595824999999,1.053852796550000,1.162079095840000,1.228745579720000,-1.167812705040000,0.000000000000000
-46.476097106899999,168.332061767999988,1.053454041480000,1.161849141120000,1.228646636010000,-1.168234944340000,0.000000000000000
-46.475952148399998,168.331420898000005,1.053296327590000,1.161893606190000,1.228854537010000,-1.169178485870000,0.000000000000000
-46.475627899199999,168.330749512000011,1.053530097010000,1.162309288980000,1.229449272160000,-1.169934630390000,0.000000000000000
-46.476299285899998,168.330108642999988,1.052920460700000,1.161504745480000,1.228511333470000,-1.167607069020000,0.000000000000000
-46.474594116200002,168.330642699999999,1.054069042210000,1.162378668790000,1.229187965390000,-1.171188712120000,0.000000000000000
-46.473625183099998,168.330520629999995,1.054769873620000,1.162861227990000,1.229656577110000,-1.169391751290000,0.000000000000000
-46.476486206099999,168.329177856000001,1.052307128910000,1.160623431210000,1.227786183360000,-1.167460918430000,0.000000000000000
-46.475215911900001,168.329956054999997,1.054004669190000,1.162968397140000,1.230404734610000,-1.172204256060000,0.000000000000000
-46.475868225100001,168.329421996999997,1.052941679950000,1.161412835120000,1.228665590290000,-1.168928265570000,0.000000000000000
-46.458236694299998,168.299880981000001,1.060456395150000,1.165907621380000,1.230291128160000,-1.169445157050000,0.000000000000000
-46.458511352499997,168.294754028000000,1.061056971550000,1.161878943440000,1.228855252270000,-1.145839929580000,0.000000000000000
-46.459045410199998,168.294174193999993,1.061408400540000,1.162206530570000,1.229192018510000,-1.146827816960000,0.000000000000000
-46.459648132300003,168.293670654000010,1.061517119410000,1.162406802180000,1.229431986810000,-1.147042155270000,0.000000000000000
-46.460186004599997,168.292465209999989,1.061880826950000,1.162925601010000,1.229934573170000,-1.151455879210000,0.000000000000000
-46.460296630899997,168.293258667000003,1.061501145360000,1.162176370620000,1.229134321210000,-1.149560332300000,0.000000000000000
-46.477165222200000,168.328750609999986,1.051393747330000,1.160135149960000,1.227446079250000,-1.167211890220000,0.000000000000000
-46.476711273200003,168.331756592000005,1.052533149720000,1.160879373550000,1.227656960490000,-1.165882468220000,0.000000000000000
-46.476570129400002,168.330963134999990,1.052906036380000,1.161478638650000,1.228606343270000,-1.169286847110000,0.000000000000000
-46.477195739700001,168.330490112000007,1.052154898640000,1.160401344300000,1.227514386180000,-1.166670560840000,0.000000000000000
-46.477130889900003,168.329650879000013,1.052486300470000,1.160935401920000,1.228328347210000,-1.167815804480000,0.000000000000000
-46.474216461200001,168.329956054999997,1.054154872890000,1.162514805790000,1.229347705840000,-1.169635534290000,0.000000000000000
-46.474636077900001,168.329391479000009,1.054225564000000,1.162863373760000,1.230051398280000,-1.171896338460000,0.000000000000000
-46.477352142299999,168.327850342000005,1.051375627520000,1.160045027730000,1.227865934370000,-1.168233871460000,0.000000000000000
-46.476631164600001,168.328231812000013,1.051916718480000,1.160410404210000,1.227669000630000,-1.167259216310000,0.000000000000000
-46.475944519000002,168.328643798999991,1.053459644320000,1.162316679950000,1.229876399040000,-1.169214487080000,0.000000000000000
-46.475273132300003,168.329086303999986,1.053364753720000,1.162084817890000,1.229192852970000,-1.170595049860000,0.000000000000000
-46.459789276099997,168.294509887999993,1.061723589900000,1.162561893460000,1.229618072510000,-1.146786451340000,0.000000000000000
-46.460388183600003,168.294052123999990,1.062080502510000,1.163150906560000,1.230388045310000,-1.152423620220000,0.000000000000000
-46.461067199699997,168.293685912999990,1.061906099320000,1.163088679310000,1.230537176130000,-1.152067780490000,0.000000000000000
-46.477642059300003,168.329147339000002,1.051827669140000,1.160407185550000,1.227884769440000,-1.167379856110000,0.000000000000000
-46.477867126500001,168.328384398999987,1.051500201230000,1.160244345660000,1.227982640270000,-1.168169617650000,0.000000000000000
-46.478096008300000,168.327514648000005,1.051272153850000,1.159970879550000,1.227652788160000,-1.167105793950000,0.000000000000000
-46.477340698200003,168.331283568999993,1.052492976190000,1.160929083820000,1.227985978130000,-1.167483687400000,0.000000000000000
-46.477966308600003,168.330825806000007,1.052069783210000,1.160763144490000,1.228092193600000,-1.167754173280000,0.000000000000000
-46.477916717500001,168.329895020000009,1.051537871360000,1.160245895390000,1.227577805520000,-1.167413234710000,0.000000000000000
-46.478271484399997,168.326660156000003,1.050662994380000,1.159373879430000,1.227135896680000,-1.167791128160000,0.000000000000000
-46.477516174300000,168.327041626000010,1.051461935040000,1.160304903980000,1.228289604190000,-1.167604923250000,0.000000000000000
-46.476753234900002,168.327362061000002,1.051432728770000,1.160101652150000,1.227769017220000,-1.168317794800000,0.000000000000000
-46.459701538099999,168.305038451999991,1.063375592230000,1.171998739240000,1.237899541850000,-1.183253288270000,0.000000000000000
-46.460430145300002,168.294754028000000,1.061567902570000,1.162384390830000,1.229468107220000,-1.150656700130000,0.000000000000000
-46.461032867400000,168.294555664000001,1.061910390850000,1.162806272510000,1.230092763900000,-1.149649977680000,0.000000000000000
-46.461719512899997,168.294235229000009,1.061456084250000,1.162151217460000,1.229304790500000,-1.149305939670000,0.000000000000000
-46.478290557900003,168.328994751000010,1.051105380060000,1.159733057020000,1.227162480350000,-1.166495919230000,0.000000000000000
-46.478603362999998,168.328063965000013,1.051051735880000,1.159760952000000,1.227514028550000,-1.166803717610000,0.000000000000000
-46.478824615500002,168.327194214000002,1.050576567650000,1.159337639810000,1.227167367940000,-1.166788101200000,0.000000000000000
-46.478988647500003,168.326309204000012,1.050472021100000,1.159374952320000,1.227258205410000,-1.166010975840000,0.000000000000000
-46.488529205299997,168.335235595999990,1.040960311890000,1.143803000450000,1.211098194120000,-1.122799277310000,0.000000000000000
-46.478836059599999,168.329574584999989,1.050921916960000,1.159551262860000,1.227023363110000,-1.166570186610000,0.000000000000000
-46.479675293000000,168.325897217000005,1.049535274510000,1.158485889430000,1.226463437080000,-1.166510224340000,0.000000000000000
-46.479068756099998,168.325454712000010,1.048915147780000,1.157828450200000,1.225506305690000,-1.168448448180000,0.000000000000000
-46.478370666499998,168.325851440000008,1.052730917930000,1.161272048950000,1.229501247410000,-1.169916510580000,0.000000000000000
-46.477634429900000,168.326217651000007,1.050817012790000,1.159678101540000,1.227439999580000,-1.164947390560000,0.000000000000000
-46.460235595699999,168.305709839000002,1.063146352770000,1.171976208690000,1.237916469570000,-1.183025717740000,0.000000000000000
-46.460010528600002,168.304336548000009,1.062991023060000,1.171457648280000,1.237245321270000,-1.181489825250000,0.000000000000000
-46.460544586200001,168.304992676000012,1.062660455700000,1.171458840370000,1.237597823140000,-1.183390021320000,0.000000000000000
-46.460891723600000,168.295425415000011,1.062095999720000,1.162888765340000,1.230063557620000,-1.149522542950000,0.000000000000000
-46.461708068800000,168.295104979999991,1.061583638190000,1.162662506100000,1.230058074000000,-1.152811527250000,0.000000000000000
-46.462402343800001,168.294784545999988,1.061653852460000,1.162697434430000,1.230141401290000,-1.150985956190000,0.000000000000000
-46.460765838599997,168.306350707999997,1.062719702720000,1.171426177020000,1.237421274190000,-1.183310985570000,0.000000000000000
-46.461311340300000,168.306961059999992,1.062717556950000,1.171562552450000,1.237587690350000,-1.182346463200000,0.000000000000000
-46.480396270800000,168.325531006000006,1.049872398380000,1.158850789070000,1.227148294450000,-1.167252540590000,0.000000000000000
-46.479022979699998,168.328689574999999,1.051213145260000,1.159905552860000,1.227701663970000,-1.168132781980000,0.000000000000000
-46.479335784900002,168.327758789000001,1.049934268000000,1.158532142640000,1.225994348530000,-1.164961576460000,0.000000000000000
-46.479534149199999,168.326828003000003,1.050429821010000,1.159324765210000,1.227355957030000,-1.168053150180000,0.000000000000000
-46.480216980000002,168.326416015999996,1.049323797230000,1.158045887950000,1.225897192960000,-1.165150403980000,0.000000000000000
-46.489112853999998,168.334564209000007,1.039391279220000,1.141743540760000,1.208928585050000,-1.116855978970000,0.000000000000000
-46.479469299300000,168.329177856000001,1.050796389580000,1.159422516820000,1.227192163470000,-1.166778087620000,0.000000000000000
-46.480937957800002,168.326049804999997,1.048502445220000,1.157703518870000,1.225757598880000,-1.165321350100000,0.000000000000000
-46.479789733899999,168.325073242000002,1.050337910650000,1.160067915920000,1.228665471080000,-1.168812870980000,0.000000000000000
-46.479164123499999,168.324615478999988,1.051931142810000,1.161550045010000,1.230729222300000,-1.173120021820000,0.000000000000000
-46.477718353299998,168.325378418000014,1.051674723630000,1.160527467730000,1.228490114210000,-1.168136596680000,0.000000000000000
-46.461040496800003,168.305633545000006,1.062648534770000,1.171359181400000,1.237282633780000,-1.181981325150000,0.000000000000000
-46.461776733400001,168.295944214000002,1.061444401740000,1.162593245510000,1.230042815210000,-1.152178883550000,0.000000000000000
-46.462459564200003,168.295639037999990,1.061369895940000,1.162426233290000,1.229954481120000,-1.152849912640000,0.000000000000000
-46.462959289600001,168.294372559000010,1.060315966610000,1.161082744600000,1.228155374530000,-1.151304483410000,0.000000000000000
-46.461593627900001,168.306228637999993,1.062445282940000,1.171204805370000,1.237276077270000,-1.182329535480000,0.000000000000000
-46.480533599899999,168.324707031000003,1.048785090450000,1.157999634740000,1.226038932800000,-1.165158510210000,0.000000000000000
-46.481117248499999,168.325195312000005,1.048558473590000,1.157722949980000,1.225890874860000,-1.165452241900000,0.000000000000000
-46.479766845699999,168.328399657999995,1.050074815750000,1.158694863320000,1.226395130160000,-1.165917396550000,0.000000000000000
-46.480045318599998,168.327392578000001,1.049597859380000,1.158640146260000,1.226609945300000,-1.165993332860000,0.000000000000000
-46.480884551999999,168.326995850000003,1.049234271050000,1.157878279690000,1.225792050360000,-1.165514469150000,0.000000000000000
-46.481479644799997,168.326431273999987,1.048987627030000,1.157792449000000,1.225920796390000,-1.165910124780000,0.000000000000000
-46.489295959499998,168.333221436000002,1.039845585820000,1.142765879630000,1.210156083110000,-1.124964475630000,0.000000000000000
-46.480270385700003,168.329132079999994,1.049828410150000,1.158405065540000,1.226030468940000,-1.165135502820000,0.000000000000000
-46.481670379599997,168.325698853000006,1.048430323600000,1.157465815540000,1.225675463680000,-1.165630817410000,0.000000000000000
-46.479919433600003,168.324279784999987,1.049967885020000,1.159309744830000,1.227420091630000,-1.166091799740000,0.000000000000000
-46.479274749799998,168.323837279999992,1.050448775290000,1.159801959990000,1.227683544160000,-1.165406346320000,0.000000000000000
-46.461891174300000,168.305541992000002,1.062498450280000,1.171412825580000,1.237581014630000,-1.183577656750000,0.000000000000000
-46.462741851799997,168.296386718999997,1.061145663260000,1.162618160250000,1.230334758760000,-1.153762102130000,0.000000000000000
-46.463356018100001,168.295913696000014,1.060125112530000,1.161434769630000,1.229087710380000,-1.152499914170000,0.000000000000000
-46.463088989299997,168.297973632999998,1.060809612270000,1.162115454670000,1.230000376700000,-1.152539253230000,0.000000000000000
-46.463008880600000,168.297134398999987,1.060558676720000,1.162020683290000,1.229782938960000,-1.154195904730000,0.000000000000000
-46.463829040500002,168.295455933000000,1.060783267020000,1.162158131600000,1.229926466940000,-1.151822686200000,0.000000000000000
-46.462402343800001,168.306152343999997,1.061931252480000,1.170911073680000,1.237145185470000,-1.182512402530000,0.000000000000000
-46.462940216100002,168.306823729999991,1.062597274780000,1.171960830690000,1.238419651990000,-1.184981703760000,0.000000000000000
-46.463447570800000,168.307510376000010,1.062005162240000,1.171043157580000,1.237557649610000,-1.182299613950000,0.000000000000000
-46.480690002400003,168.323928832999997,1.049201369290000,1.158315539360000,1.226687312130000,-1.166352152820000,0.000000000000000
-46.481292724600003,168.324401854999991,1.048267126080000,1.157448887830000,1.225672721860000,-1.165061235430000,0.000000000000000
-46.481884002699999,168.324920654000010,1.047981619830000,1.156875014310000,1.225051522250000,-1.164900422100000,0.000000000000000
-46.480628967299999,168.328079223999993,1.049547314640000,1.158199787140000,1.226009726520000,-1.165698647500000,0.000000000000000
-46.481369018599999,168.327651978000006,1.048370838170000,1.157322049140000,1.225169897080000,-1.164321899410000,0.000000000000000
-46.481723785400000,168.327041626000010,1.047998070720000,1.156920790670000,1.224767804150000,-1.163659691810000,0.000000000000000
-46.482154846199997,168.326309204000012,1.047454357150000,1.156582713130000,1.224602341650000,-1.164697647090000,0.000000000000000
-46.490402221700002,168.331802368000012,1.039301395420000,1.144049167630000,1.211774587630000,-1.135447621350000,0.000000000000000
-46.482421875000000,168.325439453000001,1.047273039820000,1.156599640850000,1.224827528000000,-1.165064573290000,0.000000000000000
-46.480060577400003,168.323501587000010,1.050631999970000,1.160022735600000,1.228792309760000,-1.168288826940000,0.000000000000000
-46.479419708300000,168.323043823000006,1.052085280420000,1.161258339880000,1.230386257170000,-1.168474674220000,0.000000000000000
-46.462696075399997,168.305465698000006,1.062003135680000,1.170988082890000,1.237096071240000,-1.181885004040000,0.000000000000000
-46.463718414299997,168.298553467000005,1.060755729680000,1.164845466610000,1.230151057240000,-1.156177043910000,0.000000000000000
-46.463623046899997,168.296676636000001,1.060514330860000,1.164371252060000,1.229614853860000,-1.151530027390000,0.000000000000000
-46.464054107700001,168.296066284000005,1.060213804240000,1.161498308180000,1.229207158090000,-1.151311874390000,0.000000000000000
-46.463901519799997,168.297576904000010,1.060101628300000,1.161444306370000,1.229108810420000,-1.152189731600000,0.000000000000000
-46.463726043699999,168.306808472000000,1.061559677120000,1.170307517050000,1.236815333370000,-1.182370781900000,0.000000000000000
-46.463962554900000,168.308135985999996,1.061325550080000,1.170299530030000,1.236756563190000,-1.181594133380000,0.000000000000000
-46.464267730700001,168.307449340999995,1.061625242230000,1.170771718030000,1.237395286560000,-1.182175159450000,0.000000000000000
-46.480854034399997,168.323181151999989,1.048733711240000,1.158078312870000,1.226395368580000,-1.165466308590000,0.000000000000000
-46.481464385999999,168.323669434000010,1.048176884650000,1.157537817960000,1.225882887840000,-1.165969371800000,0.000000000000000
-46.482082366900002,168.324111937999987,1.047831416130000,1.157108783720000,1.225618839260000,-1.166129708290000,0.000000000000000
-46.482650756799998,168.324630737000007,1.047092199330000,1.156485557560000,1.224904537200000,-1.165678739550000,0.000000000000000
-46.491424560500000,168.330459595000008,1.040465593340000,1.145153403280000,1.212965607640000,-1.135558843610000,0.000000000000000
-46.490104675300003,168.331054687999995,1.040785431860000,1.145464539530000,1.213268280030000,-1.136513948440000,0.000000000000000
-46.483173370400003,168.325195312000005,1.047036528590000,1.156074523930000,1.224450349810000,-1.164720654490000,0.000000000000000
-46.480247497599997,168.322738646999994,1.049070477490000,1.157979130740000,1.225938677790000,-1.165204524990000,0.000000000000000
-46.479621887199997,168.322250365999992,1.050527691840000,1.159748673440000,1.228186488150000,-1.166531085970000,0.000000000000000
-46.463966369600001,168.300155640000014,1.060922741890000,1.164830565450000,1.230167031290000,-1.153788805010000,0.000000000000000
-46.464183807399998,168.299194335999999,1.060067057610000,1.161284685130000,1.229215264320000,-1.152800798420000,0.000000000000000
-46.464443206799999,168.298309326000009,1.060278534890000,1.164523124690000,1.229920029640000,-1.153665900230000,0.000000000000000
-46.464786529500003,168.308044434000010,1.060917139050000,1.170023679730000,1.236776947980000,-1.182350993160000,0.000000000000000
-46.465080261200001,168.307357787999990,1.060773015020000,1.169841527940000,1.236330628400000,-1.182237267490000,0.000000000000000
-46.481060028100003,168.322433472000000,1.049293160440000,1.158583641050000,1.227328419690000,-1.166679263110000,0.000000000000000
-46.481651306200000,168.322906493999994,1.048202633860000,1.157378911970000,1.225843429570000,-1.165879011150000,0.000000000000000
-46.482261657700001,168.323364257999998,1.047744154930000,1.156828641890000,1.225314497950000,-1.165123820300000,0.000000000000000
-46.482872009300003,168.323852539000001,1.046860337260000,1.155976295470000,1.224235892300000,-1.163948535920000,0.000000000000000
-46.483428955100003,168.324371337999992,1.046689033510000,1.155769109730000,1.224223613740000,-1.164840221410000,0.000000000000000
-46.490627288799999,168.330337523999987,1.040671825410000,1.145607113840000,1.213539242740000,-1.137633681300000,0.000000000000000
-46.491168975800001,168.329681396000012,1.040295004840000,1.145043730740000,1.212768793110000,-1.135862946510000,0.000000000000000
-46.483928680399998,168.324935912999990,1.046155691150000,1.155384540560000,1.223736524580000,-1.164038538930000,0.000000000000000
-46.480453491200002,168.321975707999997,1.049704670910000,1.158949971200000,1.227581024170000,-1.166382074360000,0.000000000000000
-46.479862213099999,168.321472168000014,1.050258278850000,1.159473896030000,1.228053927420000,-1.165725946430000,0.000000000000000
-46.464656829799999,168.299850464000002,1.059644341470000,1.164327025410000,1.230019211770000,-1.157619714740000,0.000000000000000
-46.464904785199998,168.298965454000012,1.061200380330000,1.165678739550000,1.230979919430000,-1.161854624750000,0.000000000000000
-46.465282440199999,168.308670043999996,1.060578107830000,1.169923782350000,1.236579060550000,-1.181121826170000,0.000000000000000
-46.465587616000001,168.307968140000014,1.060584664340000,1.169996261600000,1.236700654030000,-1.180946946140000,0.000000000000000
-46.466293335000003,168.309906006000006,1.059344291690000,1.168323755260000,1.234996914860000,-1.177708864210000,0.000000000000000
-46.465789794899997,168.309295654000010,1.059910178180000,1.168961882590000,1.235485196110000,-1.179148912430000,0.000000000000000
-46.481292724600003,168.321716309000010,1.048698425290000,1.157745957370000,1.226187944410000,-1.165414094920000,0.000000000000000
-46.481884002699999,168.322189331000004,1.047963619230000,1.157148003580000,1.225598454480000,-1.165749549870000,0.000000000000000
-46.482494354200000,168.322616576999991,1.047574639320000,1.156674504280000,1.225211620330000,-1.165158152580000,0.000000000000000
-46.483108520499997,168.323089600000003,1.046804666520000,1.155914068220000,1.224408507350000,-1.165410041810000,0.000000000000000
-46.483665466300003,168.323623657000013,1.046561479570000,1.155586957930000,1.224228739740000,-1.164801120760000,0.000000000000000
-46.484195709200002,168.324157715000013,1.045624732970000,1.154760479930000,1.223120450970000,-1.164017200470000,0.000000000000000
-46.491455078100003,168.328262329000012,1.041141629220000,1.147157669070000,1.215027809140000,-1.145585060120000,0.000000000000000
-46.497386932399998,168.326889037999990,1.040537595750000,1.145753026010000,1.218238353730000,-1.160370111470000,0.000000000000000
-46.480720519999998,168.321243285999998,1.048859357830000,1.157960891720000,1.226310610770000,-1.165435194970000,0.000000000000000
-46.480152130100002,168.320724487000007,1.050219655040000,1.159137845040000,1.227668404580000,-1.165476560590000,0.000000000000000
-46.464836120599998,168.302185059000010,1.060959696770000,1.166216850280000,1.231628060340000,-1.170379996300000,0.000000000000000
-46.464942932100001,168.301422118999994,1.060338377950000,1.165643334390000,1.231328487400000,-1.165107607840000,0.000000000000000
-46.465110778800003,168.300506592000005,1.059908509250000,1.164437174800000,1.230124831200000,-1.155819773670000,0.000000000000000
-46.465240478500000,168.299636840999995,1.060773015020000,1.166140317920000,1.232034802440000,-1.166631937030000,0.000000000000000
-46.466091155999997,168.308593750000000,1.059519410130000,1.168554425240000,1.235299944880000,-1.178813099860000,0.000000000000000
-46.468124389600000,168.311050415000011,1.058020830150000,1.166977882390000,1.233602523800000,-1.177089929580000,0.000000000000000
-46.467620849600003,168.310424804999997,1.058036088940000,1.167385578160000,1.234152913090000,-1.176549553870000,0.000000000000000
-46.467128753700003,168.309783936000002,1.058852434160000,1.167852044110000,1.234528660770000,-1.178323745730000,0.000000000000000
-46.466590881300000,168.309204101999995,1.059064269070000,1.168303966520000,1.234948754310000,-1.178846836090000,0.000000000000000
-46.481567382800002,168.320968628000003,1.049014091490000,1.158030271530000,1.226779699330000,-1.165897727010000,0.000000000000000
-46.482124328600001,168.321441649999997,1.048099875450000,1.157170176510000,1.225813031200000,-1.165720701220000,0.000000000000000
-46.482715606699998,168.321868896000012,1.047658562660000,1.156735301020000,1.225453853610000,-1.165744900700000,0.000000000000000
-46.483325958300000,168.322326659999987,1.047221660610000,1.156213998790000,1.224927067760000,-1.165603399280000,0.000000000000000
-46.483901977499997,168.322845459000007,1.046317100520000,1.155306458470000,1.223983645440000,-1.164430141450000,0.000000000000000
-46.484432220499997,168.323394774999997,1.046328783040000,1.155160188670000,1.223866343500000,-1.164990425110000,0.000000000000000
-46.493118286100000,168.326843262000011,1.039959192280000,1.142659544940000,1.213381767270000,-1.142578244210000,0.000000000000000
-46.491912841800001,168.327590942000000,1.039105057720000,1.144312262540000,1.211888074870000,-1.138144969940000,0.000000000000000
-46.492317199699997,168.326873779000010,1.039685964580000,1.145220518110000,1.213023900990000,-1.142283439640000,0.000000000000000
-46.490760803199997,168.328170776000007,1.039881467820000,1.144540548320000,1.212269425390000,-1.135184407230000,0.000000000000000
-46.498249053999999,168.325546265000014,1.040851593020000,1.145933747290000,1.218622446060000,-1.162352800370000,0.000000000000000
-46.498546600300003,168.324600220000008,1.040707707410000,1.145770311360000,1.218491911890000,-1.162153840070000,0.000000000000000
-46.499603271500000,168.324218750000000,1.040697693820000,1.145682215690000,1.218439459800000,-1.162382960320000,0.000000000000000
-46.499492645300002,168.325256348000011,1.040654778480000,1.145482063290000,1.218069076540000,-1.161303997040000,0.000000000000000
-46.480995178199997,168.320480347000000,1.049280166630000,1.158111691470000,1.226627945900000,-1.164889097210000,0.000000000000000
-46.480457305900003,168.319976806999989,1.049831271170000,1.158652305600000,1.227126121520000,-1.165178179740000,0.000000000000000
-46.479614257800002,168.320205687999987,1.050698876380000,1.159630417820000,1.228084683420000,-1.165634751320000,0.000000000000000
-46.466201782200002,168.305221558000000,1.059713959690000,1.167553305630000,1.233831882480000,-1.177427411080000,0.000000000000000
-46.466087341300003,168.304275512999993,1.058874011040000,1.166154265400000,1.232499241830000,-1.169653296470000,0.000000000000000
-46.465641021700002,168.301101684999992,1.059245347980000,1.164924144740000,1.230959296230000,-1.164899468420000,0.000000000000000
-46.465995788599997,168.299942017000006,1.059637904170000,1.164827346800000,1.230219483380000,-1.164087891580000,0.000000000000000
-46.466918945300002,168.308517456000004,1.059321284290000,1.168533444400000,1.235284805300000,-1.179300069810000,0.000000000000000
-46.469406127900001,168.311645507999998,1.057270526890000,1.166639804840000,1.234097123150000,-1.174340367320000,0.000000000000000
-46.468948364299997,168.310989379999995,1.056993722920000,1.166336297990000,1.233142375950000,-1.175522089000000,0.000000000000000
-46.468471527100000,168.310333251999992,1.057514309880000,1.166644692420000,1.233580946920000,-1.175247073170000,0.000000000000000
-46.467948913599997,168.309722899999997,1.058346152310000,1.167602419850000,1.234528183940000,-1.177619099620000,0.000000000000000
-46.467453002900001,168.309112548999991,1.058458685870000,1.167881965640000,1.234701871870000,-1.178180336950000,0.000000000000000
-46.475650787399999,168.317031859999986,1.053123712540000,1.162364125250000,1.230742096900000,-1.171679139140000,0.000000000000000
-46.481887817400001,168.320251465000013,1.048411726950000,1.157290816310000,1.225872278210000,-1.165087103840000,0.000000000000000
-46.482250213599997,168.320800781000003,1.048203468320000,1.157136678700000,1.225762367250000,-1.165548682210000,0.000000000000000
-46.482997894299999,168.321014404000010,1.047763824460000,1.156726002690000,1.225477218630000,-1.165562868120000,0.000000000000000
-46.483661651600002,168.321594237999989,1.046704769130000,1.155572891240000,1.224288821220000,-1.164865851400000,0.000000000000000
-46.484207153299998,168.322143554999997,1.046152114870000,1.155154943470000,1.223899722100000,-1.164837002750000,0.000000000000000
-46.484756469700002,168.322677612000007,1.045188426970000,1.154074430470000,1.222612261770000,-1.163937807080000,0.000000000000000
-46.485286712600001,168.323211670000006,1.045270800590000,1.154210686680000,1.223175883290000,-1.164605021480000,0.000000000000000
-46.493423461900001,168.326049804999997,1.038733005520000,1.144239783290000,1.211985468860000,-1.140999913220000,0.000000000000000
-46.492641448999997,168.326110840000013,1.039633750920000,1.142198920250000,1.212823629380000,-1.141055941580000,0.000000000000000
-46.493679046600001,168.325286865000010,1.037497282030000,1.142950773240000,1.210616469380000,-1.141521811490000,0.000000000000000
-46.491565704300001,168.326766967999987,1.040875554080000,1.146720290180000,1.214737296100000,-1.144568204880000,0.000000000000000
-46.492019653299998,168.326171875000000,1.039996266370000,1.145489335060000,1.213156342510000,-1.140661120410000,0.000000000000000
-46.499526977499997,168.323440551999994,1.039873957630000,1.144944071770000,1.217620491980000,-1.161726713180000,0.000000000000000
-46.498825073200003,168.323760985999996,1.040356636050000,1.145475983620000,1.218207240100000,-1.162322282790000,0.000000000000000
-46.497341155999997,168.324707031000003,1.040676355360000,1.145795702930000,1.218544244770000,-1.162492871280000,0.000000000000000
-46.497821807900003,168.323928832999997,1.040322542190000,1.145240068440000,1.217882752420000,-1.161366224290000,0.000000000000000
-46.500335693399997,168.323501587000010,1.040044784550000,1.144866704940000,1.217690348630000,-1.161569714550000,0.000000000000000
-46.481296539299997,168.319595337000010,1.049009203910000,1.157653093340000,1.226218223570000,-1.165083289150000,0.000000000000000
-46.480594635000003,168.319290160999998,1.049660086630000,1.158494472500000,1.227060079570000,-1.165764451030000,0.000000000000000
-46.479942321800003,168.319458007999998,1.050348401070000,1.159159660340000,1.227663874630000,-1.165775656700000,0.000000000000000
-46.479183196999998,168.319564818999993,1.051325917240000,1.160396933560000,1.229035496710000,-1.168144583700000,0.000000000000000
-46.477970123299997,168.318923949999999,1.051868081090000,1.161039590840000,1.229563236240000,-1.169492483140000,0.000000000000000
-46.476539611800000,168.317123412999990,1.052753806110000,1.162130951880000,1.230558872220000,-1.170864224430000,0.000000000000000
-46.467102050800001,168.305282592999987,1.058695197110000,1.166505813600000,1.233290791510000,-1.171091914180000,0.000000000000000
-46.466789245599998,168.304672240999992,1.058177113530000,1.165166974070000,1.231266856190000,-1.167948007580000,0.000000000000000
-46.466110229500003,168.302673340000013,1.059094429020000,1.165311574940000,1.231463193890000,-1.168196439740000,0.000000000000000
-46.466339111300002,168.303482056000007,1.059658169750000,1.167890548710000,1.234786629680000,-1.175702810290000,0.000000000000000
-46.466892242400000,168.303894043000014,1.058565735820000,1.165641307830000,1.231985926630000,-1.168539762500000,0.000000000000000
-46.466175079300001,168.301696776999989,1.060836195950000,1.168653130530000,1.235172629360000,-1.178918719290000,0.000000000000000
-46.466724395800000,168.302108765000014,1.058199644090000,1.164576411250000,1.230662345890000,-1.162509799000000,0.000000000000000
-46.470241546600001,168.311614990000010,1.056544899940000,1.165823459630000,1.232829570770000,-1.173835754390000,0.000000000000000
-46.467792510999999,168.308441162000008,1.058306574820000,1.167133450510000,1.233934521680000,-1.175593137740000,0.000000000000000
-46.468017578100003,168.307815551999994,1.058519840240000,1.167682170870000,1.234546184540000,-1.178108334540000,0.000000000000000
-46.469760894799997,168.310958862000007,1.057426929470000,1.166812777520000,1.234228253360000,-1.175434470180000,0.000000000000000
-46.469287872300001,168.310302734000004,1.057388782500000,1.166758418080000,1.234091758730000,-1.175449609760000,0.000000000000000
-46.468830108600002,168.309646606000001,1.057429075240000,1.166646718980000,1.233586311340000,-1.176083922390000,0.000000000000000
-46.468292236300002,168.309051514000004,1.058005809780000,1.167267203330000,1.234289526940000,-1.176080465320000,0.000000000000000
-46.468273162800003,168.306533812999987,1.059724807740000,1.169826745990000,1.237072825430000,-1.185081124310000,0.000000000000000
-46.468620300300003,168.307327270999991,1.058355927470000,1.167219996450000,1.234149217610000,-1.175919294360000,0.000000000000000
-46.475975036599998,168.316497803000004,1.053261518480000,1.162426710130000,1.230725288390000,-1.171642541890000,0.000000000000000
-46.475276946999998,168.316177368000012,1.053800702100000,1.163083672520000,1.231507897380000,-1.170422434810000,0.000000000000000
-46.482215881300000,168.319534301999994,1.049047827720000,1.157837867740000,1.226521730420000,-1.164986014370000,0.000000000000000
-46.482810974099998,168.320144653000000,1.048075556760000,1.156976222990000,1.225703954700000,-1.165044665340000,0.000000000000000
-46.483581543000000,168.320373534999987,1.046933293340000,1.155809640880000,1.224550724030000,-1.164542436600000,0.000000000000000
-46.483978271500000,168.320877074999999,1.046654343610000,1.155604362490000,1.224408268930000,-1.164955019950000,0.000000000000000
-46.484535217299999,168.321426392000006,1.045733451840000,1.154721021650000,1.223511099820000,-1.164480090140000,0.000000000000000
-46.485088348399998,168.321960448999988,1.045591354370000,1.154735207560000,1.223791122440000,-1.165416121480000,0.000000000000000
-46.485633850100001,168.322509765999996,1.045215368270000,1.154143095020000,1.223067045210000,-1.163932800290000,0.000000000000000
-46.492908477800000,168.325363159000005,1.039528131480000,1.141867518420000,1.212565660480000,-1.142148971560000,0.000000000000000
-46.492115020800000,168.325424193999993,1.039939165120000,1.145492553710000,1.213278651240000,-1.141868472100000,0.000000000000000
-46.493198394799997,168.324584960999999,1.038974881170000,1.141427040100000,1.212271332740000,-1.142881035800000,0.000000000000000
-46.500450134300003,168.322525023999987,1.040309429170000,1.145166993140000,1.218317031860000,-1.161826252940000,0.000000000000000
-46.499790191700001,168.322784423999991,1.040130615230000,1.145098090170000,1.217983245850000,-1.162552118300000,0.000000000000000
-46.499004364000001,168.322982787999990,1.040314435960000,1.145153641700000,1.217947244640000,-1.161563277240000,0.000000000000000
-46.498184204099999,168.323181151999989,1.040272235870000,1.145471572880000,1.218279600140000,-1.163058996200000,0.000000000000000
-46.497436523399998,168.323287964000002,1.040181994440000,1.145048737530000,1.217682361600000,-1.161242961880000,0.000000000000000
-46.495666503899997,168.324096679999997,1.037697911260000,1.141102671620000,1.212112784390000,-1.149209022520000,0.000000000000000
-46.494750976600002,168.324249267999988,1.040953993800000,1.145689725880000,1.217737197880000,-1.160662412640000,0.000000000000000
-46.501205444299998,168.322845459000007,1.039424657820000,1.144369482990000,1.217067956920000,-1.162135720250000,0.000000000000000
-46.481781005899997,168.318801879999995,1.048879504200000,1.157630443570000,1.226281642910000,-1.165139913560000,0.000000000000000
-46.481010437000002,168.318740845000008,1.049225807190000,1.157984852790000,1.226609230040000,-1.165973067280000,0.000000000000000
-46.480293273900003,168.318710326999991,1.050009250640000,1.158995509150000,1.227574825290000,-1.166841030120000,0.000000000000000
-46.479534149199999,168.318801879999995,1.050785183910000,1.159796357150000,1.228379726410000,-1.167497634890000,0.000000000000000
-46.478778839100002,168.318923949999999,1.050927162170000,1.160096526150000,1.228683471680000,-1.167911767960000,0.000000000000000
-46.477615356400001,168.318222045999988,1.051716685300000,1.161022663120000,1.229408621790000,-1.169268488880000,0.000000000000000
-46.478412628199997,168.318252562999987,1.051449894910000,1.160758376120000,1.229363203050000,-1.168767929080000,0.000000000000000
-46.477409362800003,168.317413329999994,1.052122950550000,1.161620974540000,1.230080008510000,-1.170080542560000,0.000000000000000
-46.476615905800003,168.316223145000009,1.052934765820000,1.162421584130000,1.230916619300000,-1.171132326130000,0.000000000000000
-46.477218627900001,168.316696167000003,1.052919864650000,1.162436246870000,1.230993390080000,-1.170860052110000,0.000000000000000
-46.467842102100001,168.305313109999986,1.057563900950000,1.164526700970000,1.230615258220000,-1.168684005740000,0.000000000000000
-46.467567443800000,168.304534912000008,1.058627963070000,1.166739583020000,1.233594298360000,-1.173686027530000,0.000000000000000
-46.466953277599998,168.302932738999999,1.058697581290000,1.166127204900000,1.232537984850000,-1.172184467320000,0.000000000000000
-46.467609405499999,168.303604126000010,1.057660818100000,1.164715170860000,1.230929613110000,-1.167433500290000,0.000000000000000
-46.467330932599999,168.302169800000001,1.058807373050000,1.166222453120000,1.232595324520000,-1.173956990240000,0.000000000000000
-46.468387603799997,168.305755615000010,1.058834791180000,1.167942404750000,1.235110282900000,-1.179948568340000,0.000000000000000
-46.471622467000003,168.312210082999997,1.055330991740000,1.165022850040000,1.232566714290000,-1.174479722980000,0.000000000000000
-46.471107482900003,168.311431884999990,1.056259036060000,1.165778636930000,1.233387827870000,-1.173687219620000,0.000000000000000
-46.470436096199997,168.310958862000007,1.056667685510000,1.166071653370000,1.233393549920000,-1.174296021460000,0.000000000000000
-46.468700408899998,168.308273315000008,1.058027863500000,1.167384862900000,1.234444975850000,-1.176914691930000,0.000000000000000
-46.470165252699999,168.310333251999992,1.057306170460000,1.166713237760000,1.234095811840000,-1.174264788630000,0.000000000000000
-46.469718933099998,168.309677123999990,1.057270884510000,1.166798114780000,1.234079837800000,-1.176315307620000,0.000000000000000
-46.469253539999997,168.309020995999987,1.057445049290000,1.166789650920000,1.233947992320000,-1.176061630250000,0.000000000000000
-46.469276428199997,168.307769774999997,1.058698534970000,1.168584823610000,1.235864043240000,-1.182631731030000,0.000000000000000
-46.469039917000003,168.306396484000004,1.057430982590000,1.165990471840000,1.232845783230000,-1.173636436460000,0.000000000000000
-46.469348907499999,168.307174683000000,1.057619333270000,1.166526556020000,1.233474016190000,-1.176860094070000,0.000000000000000
-46.475929260299999,168.315765381000006,1.053467154500000,1.162909030910000,1.231332898140000,-1.172517657280000,0.000000000000000
-46.475097656199999,168.315307617000002,1.053900599480000,1.163657426830000,1.232000470160000,-1.173633217810000,0.000000000000000
-46.474525451700003,168.314559937000013,1.054142594340000,1.163403749470000,1.231615543370000,-1.172050714490000,0.000000000000000
-46.474063873299997,168.313903809000010,1.055154919620000,1.164732098580000,1.233064413070000,-1.174344420430000,0.000000000000000
-46.473567962600001,168.313278198000006,1.055629849430000,1.164938688280000,1.233203172680000,-1.174730181690000,0.000000000000000
-46.473217010500001,168.312698363999999,1.056322932240000,1.165802598000000,1.234308242800000,-1.177205085750000,0.000000000000000
-46.472507476799997,168.312316895000009,1.054158568380000,1.163788676260000,1.231717467310000,-1.175957322120000,0.000000000000000
-46.482593536400003,168.318817139000004,1.048521161080000,1.157281756400000,1.225959658620000,-1.164969444270000,0.000000000000000
-46.482955932599999,168.319381714000002,1.047474265100000,1.156208753590000,1.224782347680000,-1.163832306860000,0.000000000000000
-46.483718872099999,168.319595337000010,1.046748518940000,1.155562043190000,1.224282503130000,-1.164258122440000,0.000000000000000
-46.484375000000000,168.320190429999997,1.045898199080000,1.155004382130000,1.223834633830000,-1.164540052410000,0.000000000000000
-46.484935760500001,168.320739745999987,1.045305371280000,1.154310584070000,1.223219037060000,-1.164674282070000,0.000000000000000
-46.485492706300001,168.321273803999986,1.044645905490000,1.153382897380000,1.222159504890000,-1.163544893260000,0.000000000000000
-46.486022949199999,168.321823120000005,1.044321179390000,1.152994871140000,1.221730828290000,-1.164959430690000,0.000000000000000
-46.492446899400001,168.324615478999988,1.038614153860000,1.143957376480000,1.211595535280000,-1.139528632160000,0.000000000000000
-46.493412017799997,168.323791504000013,1.037624597550000,1.139989733700000,1.210580706600000,-1.141114711760000,0.000000000000000
-46.501548767099997,168.321868896000012,1.040765523910000,1.145162343980000,1.218580603600000,-1.162053585050000,0.000000000000000
-46.500724792500002,168.321929931999989,1.039072990420000,1.143994927410000,1.216837644580000,-1.161464691160000,0.000000000000000
-46.499931335399999,168.322036743000012,1.039874196050000,1.144781708720000,1.217638969420000,-1.161746621130000,0.000000000000000
-46.499176025399997,168.322235107000012,1.040112376210000,1.145052194600000,1.217975854870000,-1.162083625790000,0.000000000000000
-46.498409271200003,168.322433472000000,1.039976358410000,1.144972324370000,1.217754006390000,-1.162148475650000,0.000000000000000
-46.497585296600001,168.322616576999991,1.040051817890000,1.144901752470000,1.217555522920000,-1.161873221400000,0.000000000000000
-46.496826171899997,168.322906493999994,1.040117144580000,1.145326375960000,1.218212485310000,-1.163478374480000,0.000000000000000
-46.502262115500002,168.321701050000001,1.039006233220000,1.143687844280000,1.216554641720000,-1.161495089530000,0.000000000000000
-46.482166290300000,168.318115234000004,1.048261165620000,1.157087802890000,1.225772738460000,-1.164836883540000,0.000000000000000
-46.481407165500002,168.318038940000008,1.048702239990000,1.157950997350000,1.226856231690000,-1.167395114900000,0.000000000000000
-46.480663299600003,168.317947387999993,1.048431277280000,1.157631993290000,1.226164937020000,-1.166303396220000,0.000000000000000
-46.479915618900002,168.318038940000008,1.051184415820000,1.160130023960000,1.228904724120000,-1.167948365210000,0.000000000000000
-46.479160308799997,168.318145751999992,1.050542712210000,1.159869313240000,1.228418707850000,-1.168960809710000,0.000000000000000
-46.476600646999998,168.315414428999986,1.053343772890000,1.162872552870000,1.231414198880000,-1.171937465670000,0.000000000000000
-46.478179931600003,168.317520142000006,1.051237821580000,1.160715699200000,1.229256510730000,-1.169761419300000,0.000000000000000
-46.478809356699998,168.317626953000001,1.051436662670000,1.160762786870000,1.229486465450000,-1.169518113140000,0.000000000000000
-46.477867126500001,168.316741943000011,1.051433682440000,1.160644650460000,1.229026198390000,-1.169506430630000,0.000000000000000
-46.477428436300002,168.315933228000006,1.052250385280000,1.161800622940000,1.230293273930000,-1.170704960820000,0.000000000000000
-46.468429565400001,168.304763793999996,1.058022856710000,1.165892839430000,1.232583045960000,-1.173408985140000,0.000000000000000
-46.468154907200002,168.304000854000009,1.057329058650000,1.164611935620000,1.230962395670000,-1.169597029690000,0.000000000000000
-46.469089508099998,168.305435181000007,1.059115290640000,1.169154763220000,1.236447095870000,-1.185541272160000,0.000000000000000
-46.472007751500001,168.311508178999986,1.054748773570000,1.164245128630000,1.231811523440000,-1.174827575680000,0.000000000000000
-46.471679687500000,168.310897826999991,1.055631518360000,1.165120959280000,1.232614517210000,-1.174722075460000,0.000000000000000
-46.471015930199997,168.310455321999996,1.056260585780000,1.165513992310000,1.232683300970000,-1.174482703210000,0.000000000000000
-46.469615936300002,168.308349609000004,1.057730793950000,1.167139887810000,1.234272122380000,-1.178266644480000,0.000000000000000
-46.470565795900001,168.309616089000002,1.057135939600000,1.166598796840000,1.234098076820000,-1.175320744510000,0.000000000000000
-46.470111846899997,168.308959960999999,1.057467222210000,1.166864871980000,1.234263777730000,-1.176581859590000,0.000000000000000
-46.469882965099998,168.307571410999998,1.058064341550000,1.167977213860000,1.235490918160000,-1.180375933650000,0.000000000000000
-46.469631195100000,168.305862426999994,1.057674050330000,1.166897773740000,1.234157323840000,-1.177260756490000,0.000000000000000
-46.469963073700001,168.306625365999992,1.058042168620000,1.167652845380000,1.235105633740000,-1.180024743080000,0.000000000000000
-46.475887298600000,168.314895629999995,1.053560137750000,1.163079500200000,1.231514096260000,-1.172489047050000,0.000000000000000
-46.475322723399998,168.314346312999987,1.054017782210000,1.163848042490000,1.232297897340000,-1.174122810360000,0.000000000000000
-46.474784851099997,168.313934326000009,1.054332256320000,1.163709163670000,1.231951475140000,-1.173932075500000,0.000000000000000
-46.474525451700003,168.313125609999986,1.054817199710000,1.164385795590000,1.232727408410000,-1.174486041070000,0.000000000000000
-46.473854064900003,168.312484740999992,1.054634094240000,1.163995265960000,1.232011437420000,-1.174156904220000,0.000000000000000
-46.473297119100003,168.311920165999993,1.056121706960000,1.165709733960000,1.234046339990000,-1.176258087160000,0.000000000000000
-46.472755432100001,168.311523437999995,1.055532097820000,1.165030002590000,1.232998371120000,-1.175513982770000,0.000000000000000
-46.476608276400000,168.314605712999992,1.053221225740000,1.162863016130000,1.231385350230000,-1.172958374020000,0.000000000000000
-46.482837676999999,168.318206787000008,1.047883987430000,1.156728744510000,1.225485682490000,-1.164732813840000,0.000000000000000
-46.483440399199999,168.318695068000011,1.046831965450000,1.155627965930000,1.224327087400000,-1.163903236390000,0.000000000000000
-46.484169006300000,168.318893433000000,1.046475410460000,1.155508875850000,1.224418044090000,-1.164930939670000,0.000000000000000
-46.484619140600003,168.319366454999994,1.045747637750000,1.154808759690000,1.223720431330000,-1.164575219150000,0.000000000000000
-46.485355377200001,168.319900512999993,1.044535279270000,1.153475761410000,1.222423315050000,-1.164049744610000,0.000000000000000
-46.485694885299999,168.320632934999992,1.044647693630000,1.153621315960000,1.222701430320000,-1.165734767910000,0.000000000000000
-46.486442565899999,168.320999145999991,1.044040560720000,1.153155446050000,1.222461462020000,-1.165992498400000,0.000000000000000
-46.502529144299999,168.321044921999999,1.038866519930000,1.143355250360000,1.216482877730000,-1.161412596700000,0.000000000000000
-46.501686096199997,168.321060181000007,1.039434671400000,1.144077301030000,1.217089414600000,-1.161550402640000,0.000000000000000
-46.500896453899998,168.321197509999990,1.039523720740000,1.144124031070000,1.217180967330000,-1.161722779270000,0.000000000000000
-46.500114440899999,168.321319579999994,1.039899230000000,1.144693136220000,1.217760920520000,-1.162119746210000,0.000000000000000
-46.499332428000002,168.321502686000002,1.039852976800000,1.144727587700000,1.217679619790000,-1.161892533300000,0.000000000000000
-46.498558044399999,168.321701050000001,1.040177106860000,1.145117759700000,1.218019485470000,-1.162252545360000,0.000000000000000
-46.497806549099998,168.321899414000001,1.040102720260000,1.145037055020000,1.217858791350000,-1.162364006040000,0.000000000000000
-46.496387481699998,168.321563720999990,1.039932608600000,1.144710898400000,1.217450857160000,-1.162167310710000,0.000000000000000
-46.503223419199998,168.320724487000007,1.040500879290000,1.144718170170000,1.218228220940000,-1.161666989330000,0.000000000000000
-46.482666015600003,168.317504882999998,1.047382831570000,1.156155824660000,1.224911093710000,-1.165192008020000,0.000000000000000
-46.481868743900002,168.317352295000006,1.049235939980000,1.158440351490000,1.227462291720000,-1.167803406720000,0.000000000000000
-46.481140136699999,168.317214965999995,1.047630310060000,1.156753778460000,1.225484132770000,-1.167416810990000,0.000000000000000
-46.480381012000002,168.317230225000003,1.049831986430000,1.158859968190000,1.227620959280000,-1.168035864830000,0.000000000000000
-46.479537963900000,168.317260742000002,1.050446867940000,1.159667491910000,1.228307724000000,-1.168338298800000,0.000000000000000
-46.477306366000001,168.315017699999999,1.052568078040000,1.161925673480000,1.230428695680000,-1.172043204310000,0.000000000000000
-46.478752136200001,168.316772460999999,1.051450967790000,1.161046981810000,1.229857206340000,-1.170930743220000,0.000000000000000
-46.478347778299998,168.315933228000006,1.051499843600000,1.160971879960000,1.229575276370000,-1.170329451560000,0.000000000000000
-46.477939605700001,168.315322876000010,1.052357316020000,1.161974668500000,1.230764508250000,-1.171660304070000,0.000000000000000
-46.472465515099998,168.310745238999999,1.055582523350000,1.165103077890000,1.232916712760000,-1.174827694890000,0.000000000000000
-46.471809387199997,168.310089110999996,1.055995225910000,1.165439367290000,1.233045101170000,-1.174653649330000,0.000000000000000
-46.471275329599997,168.309661865000010,1.056635737420000,1.166031837460000,1.233554720880000,-1.174289345740000,0.000000000000000
-46.470428466800001,168.308151245000005,1.057380795480000,1.167067408560000,1.234593391420000,-1.177408218380000,0.000000000000000
-46.471046447799999,168.308837890999996,1.056895494460000,1.166354775430000,1.233803033830000,-1.175406217580000,0.000000000000000
-46.470573425300003,168.307281493999994,1.057557225230000,1.166952848430000,1.234327316280000,-1.177464962010000,0.000000000000000
-46.470302581799999,168.305786132999998,1.056900501250000,1.165825486180000,1.232816934590000,-1.175443053250000,0.000000000000000
-46.470684051500001,168.306442261000001,1.056814551350000,1.166127443310000,1.233578681950000,-1.176706075670000,0.000000000000000
-46.476036071800003,168.314071654999992,1.053538084030000,1.163286685940000,1.231711030010000,-1.173070907590000,0.000000000000000
-46.475391387899997,168.313385009999990,1.053775191310000,1.163462400440000,1.231774687770000,-1.172721147540000,0.000000000000000
-46.475124359100001,168.312622070000003,1.054188370700000,1.163817286490000,1.232099175450000,-1.174006462100000,0.000000000000000
-46.474563598600000,168.312179565000008,1.054862141610000,1.164271712300000,1.232511997220000,-1.174521565440000,0.000000000000000
-46.474014282200002,168.311599731000001,1.055229663850000,1.164406776430000,1.232546448710000,-1.174229979520000,0.000000000000000
-46.473358154300001,168.310958862000007,1.054979443550000,1.164281129840000,1.232209086420000,-1.174617052080000,0.000000000000000
-46.473056793200001,168.310180664000001,1.055819988250000,1.165198326110000,1.233194470410000,-1.174788475040000,0.000000000000000
-46.477226257300003,168.314331054999997,1.052739381790000,1.162335395810000,1.230952739720000,-1.172245502470000,0.000000000000000
-46.476760864299997,168.313796996999997,1.053309917450000,1.162962794300000,1.231541275980000,-1.173350691800000,0.000000000000000
-46.483524322500003,168.317733765000014,1.047069668770000,1.156030893330000,1.224891901020000,-1.165122151370000,0.000000000000000
-46.484100341800001,168.318267821999996,1.046204447750000,1.155176639560000,1.224023938180000,-1.164444088940000,0.000000000000000
-46.484844207800002,168.318435668999996,1.045373916630000,1.154299259190000,1.223202347760000,-1.164003729820000,0.000000000000000
-46.485477447500003,168.319061279000010,1.044573307040000,1.153466701510000,1.222493410110000,-1.164564371110000,0.000000000000000
-46.486042022699998,168.319427490000010,1.044437885280000,1.153454661370000,1.222502946850000,-1.164857029910000,0.000000000000000
-46.486392974899999,168.320144653000000,1.044177889820000,1.153392434120000,1.222584366800000,-1.165879607200000,0.000000000000000
-46.487152099600003,168.320510863999999,1.043283939360000,1.152011156080000,1.221112251280000,-1.163861393930000,0.000000000000000
-46.502674102800000,168.320220946999996,1.040179252620000,1.144413590430000,1.217866063120000,-1.161931753160000,0.000000000000000
-46.501865387000002,168.320312500000000,1.039576292040000,1.143994569780000,1.217226862910000,-1.161659717560000,0.000000000000000
-46.501075744600001,168.320449829000012,1.039620041850000,1.144117593770000,1.217308402060000,-1.161604762080000,0.000000000000000
-46.500305175800001,168.320571898999987,1.039515972140000,1.144197821620000,1.217293262480000,-1.161708831790000,0.000000000000000
-46.499523162800003,168.320770264000004,1.039481520650000,1.144293308260000,1.217251181600000,-1.161605477330000,0.000000000000000
-46.498752594000003,168.320953368999994,1.039919614790000,1.144816875460000,1.217769980430000,-1.162144899370000,0.000000000000000
-46.497978210399999,168.321151732999994,1.040071010590000,1.144847154620000,1.217692732810000,-1.162051796910000,0.000000000000000
-46.497230529799999,168.321350098000011,1.040098428730000,1.145037651060000,1.217781305310000,-1.162333369260000,0.000000000000000
-46.496608734100001,168.320831298999991,1.040009260180000,1.145137429240000,1.217936038970000,-1.163004636760000,0.000000000000000
-46.503501892099997,168.320022582999997,1.037682890890000,1.142398595810000,1.215215325360000,-1.161102533340000,0.000000000000000
-46.483131408699997,168.316879271999994,1.048022985460000,1.157236456870000,1.226314306260000,-1.166352629660000,0.000000000000000
-46.482341766399998,168.316665648999987,1.046195149420000,1.155292510990000,1.224149823190000,-1.166270971300000,0.000000000000000
-46.481605529799999,168.316528320000003,1.048274397850000,1.157851934430000,1.227011442180000,-1.168273925780000,0.000000000000000
-46.480857849099998,168.316513062000013,1.048498988150000,1.157544612880000,1.226408362390000,-1.167930245400000,0.000000000000000
-46.480102539100002,168.316482543999996,1.049955368040000,1.159064292910000,1.227918624880000,-1.169072985650000,0.000000000000000
-46.479480743400003,168.316406250000000,1.050645947460000,1.160028100010000,1.228859543800000,-1.169909119610000,0.000000000000000
-46.477962493900002,168.314498901000007,1.052210330960000,1.161845922470000,1.230610847470000,-1.172031044960000,0.000000000000000
-46.479099273700001,168.315811157000013,1.050439834590000,1.159862995150000,1.228570103650000,-1.169893860820000,0.000000000000000
-46.478591918900001,168.315139770999991,1.050689101220000,1.160077452660000,1.228619217870000,-1.170946836470000,0.000000000000000
-46.472522735600002,168.309768676999994,1.055737495420000,1.165183067320000,1.233030438420000,-1.175391197200000,0.000000000000000
-46.471881866499999,168.309097290000011,1.056176066400000,1.165524959560000,1.232852816580000,-1.176042675970000,0.000000000000000
-46.471107482900003,168.307846068999993,1.057220458980000,1.166634082790000,1.234042525290000,-1.177547097210000,0.000000000000000
-46.471637725800001,168.308273315000008,1.056889534000000,1.166462540630000,1.234086751940000,-1.176654934880000,0.000000000000000
-46.471244812000002,168.306900023999987,1.056946635250000,1.166536688800000,1.234044313430000,-1.176774263380000,0.000000000000000
-46.476272582999997,168.313186645999991,1.053292274480000,1.163173794750000,1.231611847880000,-1.174324393270000,0.000000000000000
-46.475807189900003,168.312561034999987,1.054065942760000,1.163534045220000,1.231801867490000,-1.173415541650000,0.000000000000000
-46.475292205800002,168.311935425000001,1.053979873660000,1.163545727730000,1.231816649440000,-1.172751426700000,0.000000000000000
-46.474742889399998,168.311340331999986,1.054571747780000,1.163912415500000,1.232048511510000,-1.174007058140000,0.000000000000000
-46.474235534700000,168.310729979999991,1.055128574370000,1.164549112320000,1.232716798780000,-1.174679160120000,0.000000000000000
-46.473724365199999,168.310089110999996,1.054697990420000,1.164126753810000,1.231771349910000,-1.173604011540000,0.000000000000000
-46.473220825200002,168.309448242000002,1.055789828300000,1.165081262590000,1.233138918880000,-1.174655437470000,0.000000000000000
-46.477630615199999,168.313613892000006,1.052102088930000,1.161976575850000,1.230631709100000,-1.173868656160000,0.000000000000000
-46.477027893100001,168.312973021999994,1.052941203120000,1.162924528120000,1.231628656390000,-1.173188686370000,0.000000000000000
-46.483840942400001,168.316986084000007,1.046278715130000,1.155344605450000,1.224261641500000,-1.165052652360000,0.000000000000000
-46.484447479200000,168.317474365000010,1.046171903610000,1.155152797700000,1.224115133290000,-1.164750337600000,0.000000000000000
-46.488769531199999,168.319931029999992,1.041502475740000,1.150271773340000,1.219501614570000,-1.165396451950000,0.000000000000000
-46.485179901099997,168.317657470999990,1.045100450520000,1.154118657110000,1.223103880880000,-1.164572477340000,0.000000000000000
-46.485637664800002,168.318145751999992,1.044627785680000,1.153636813160000,1.222612500190000,-1.164173483850000,0.000000000000000
-46.486194610600002,168.318664551000012,1.043908357620000,1.153168797490000,1.222277283670000,-1.165073513980000,0.000000000000000
-46.486736297599997,168.319213867000002,1.043214797970000,1.151907086370000,1.220909237860000,-1.163453936580000,0.000000000000000
-46.487281799300000,168.319778442000000,1.042475461960000,1.151149272920000,1.220234155650000,-1.163952112200000,0.000000000000000
-46.489017486599998,168.319259643999999,1.040010809900000,1.148573994640000,1.217615246770000,-1.162397623060000,0.000000000000000
-46.503643035899998,168.319198607999994,1.038674592970000,1.142860531810000,1.216449975970000,-1.161424517630000,0.000000000000000
-46.502819061300002,168.319442748999990,1.038119435310000,1.142483592030000,1.215485453610000,-1.160760045050000,0.000000000000000
-46.502029418900001,168.319564818999993,1.038978099820000,1.143416881560000,1.216590881350000,-1.161269664760000,0.000000000000000
-46.501247405999997,168.319686890000014,1.039225339890000,1.143664717670000,1.216826796530000,-1.161519408230000,0.000000000000000
-46.500469207800002,168.319808959999989,1.039411067960000,1.143977046010000,1.217123985290000,-1.161658763890000,0.000000000000000
-46.499698638900000,168.320022582999997,1.039542198180000,1.144191980360000,1.217296481130000,-1.161806106570000,0.000000000000000
-46.498908996600001,168.320205687999987,1.039681077000000,1.144479990010000,1.217512965200000,-1.162009954450000,0.000000000000000
-46.498134612999998,168.320388793999996,1.039641976360000,1.144587159160000,1.217492103580000,-1.161982536320000,0.000000000000000
-46.497371673600000,168.320587157999995,1.040023207660000,1.144902944560000,1.217750310900000,-1.162280797960000,0.000000000000000
-46.496871948200003,168.320007323999988,1.039805889130000,1.144430160520000,1.217157363890000,-1.161461830140000,0.000000000000000
-46.496093750000000,168.320251465000013,1.040018796920000,1.144975662230000,1.217774391170000,-1.163316607480000,0.000000000000000
-46.495300293000000,168.320465087999992,1.039929866790000,1.144854307170000,1.217616796490000,-1.163013696670000,0.000000000000000
-46.494499206500002,168.320388793999996,1.039480686190000,1.144362092020000,1.216945767400000,-1.161282539370000,0.000000000000000
-46.493667602499997,168.320190429999997,1.039902448650000,1.145408988000000,1.218112587930000,-1.164469242100000,0.000000000000000
-46.504383087199997,168.318908690999990,1.038219332700000,1.142271041870000,1.215716838840000,-1.161090612410000,0.000000000000000
-46.483627319299998,168.316253662000008,1.047191619870000,1.156387686730000,1.225400805470000,-1.165894865990000,0.000000000000000
-46.481349945100000,168.315734862999989,1.048400521280000,1.157673716550000,1.226947665210000,-1.169130444530000,0.000000000000000
-46.480606079099999,168.315750121999997,1.048437833790000,1.157425045970000,1.226341128350000,-1.167831420900000,0.000000000000000
-46.479839325000000,168.315750121999997,1.049499869350000,1.158839464190000,1.227574825290000,-1.168744087220000,0.000000000000000
-46.478347778299998,168.313766479000009,1.050925016400000,1.160566806790000,1.229318618770000,-1.172783494000000,0.000000000000000
-46.478832244899998,168.314315795999988,1.050491333010000,1.160239219670000,1.229164361950000,-1.172751784320000,0.000000000000000
-46.479469299300000,168.314895629999995,1.050860404970000,1.160445332530000,1.229728817940000,-1.172172546390000,0.000000000000000
-46.472736358600002,168.308822631999988,1.055908441540000,1.165327310560000,1.233222961430000,-1.175329446790000,0.000000000000000
-46.472236633300000,168.308349609000004,1.056177616120000,1.165620446210000,1.233510613440000,-1.175516009330000,0.000000000000000
-46.476551055900003,168.312377929999997,1.053167700770000,1.162630677220000,1.230918526650000,-1.173191070560000,0.000000000000000
-46.476036071800003,168.311752318999993,1.053601503370000,1.163005113600000,1.231221914290000,-1.173522830010000,0.000000000000000
-46.475494384800001,168.311157226999995,1.054255247120000,1.163638830180000,1.231806516650000,-1.173520922660000,0.000000000000000
-46.474987030000001,168.310516357000012,1.054370522500000,1.163704872130000,1.231875061990000,-1.173393845560000,0.000000000000000
-46.474479675300003,168.309860229000009,1.054849147800000,1.164139628410000,1.232289671900000,-1.174077272420000,0.000000000000000
-46.484363555900003,168.316558837999992,1.045935153960000,1.154868364330000,1.223927497860000,-1.165254950520000,0.000000000000000
-46.485141754200001,168.316879271999994,1.045248746870000,1.154348850250000,1.223340272900000,-1.164692282680000,0.000000000000000
-46.488178253199997,168.319366454999994,1.042753696440000,1.151368856430000,1.220647573470000,-1.166084647180000,0.000000000000000
-46.488685607900003,168.318725585999999,1.040700435640000,1.149307608600000,1.218232274060000,-1.164059638980000,0.000000000000000
-46.485763549799998,168.317306518999999,1.044479012490000,1.153619885440000,1.222661137580000,-1.164910554890000,0.000000000000000
-46.486377716100002,168.317749023000005,1.043734312060000,1.152567148210000,1.221518635750000,-1.163525938990000,0.000000000000000
-46.486927032499999,168.318283081000004,1.042783975600000,1.151787042620000,1.220826864240000,-1.164245009420000,0.000000000000000
-46.487476348900003,168.318832396999994,1.042761802670000,1.151603579520000,1.220721840860000,-1.165206551550000,0.000000000000000
-46.489376068100000,168.318542479999991,1.040923357010000,1.149139761920000,1.218483209610000,-1.166020989420000,0.000000000000000
-46.493022918699999,168.319824218999997,1.039475798610000,1.147468924520000,1.217141389850000,-1.162208795550000,0.000000000000000
-46.503898620599998,168.318344115999992,1.038172841070000,1.142367839810000,1.215673923490000,-1.160798668860000,0.000000000000000
-46.503067016599999,168.318649292000003,1.038723587990000,1.142782211300000,1.216318845750000,-1.161354184150000,0.000000000000000
-46.502285003700003,168.318801879999995,1.038714408870000,1.142949938770000,1.216298937800000,-1.161437988280000,0.000000000000000
-46.501502990699997,168.318923949999999,1.039266943930000,1.143483519550000,1.216786146160000,-1.161348462100000,0.000000000000000
-46.500705719000003,168.319015503000003,1.039257884030000,1.143632173540000,1.216876864430000,-1.161518573760000,0.000000000000000
-46.499931335399999,168.319229126000010,1.039277672770000,1.143803834920000,1.216932296750000,-1.161444187160000,0.000000000000000
-46.499164581300001,168.319396973000011,1.039463639260000,1.144131541250000,1.217241883280000,-1.161789774890000,0.000000000000000
-46.498397827100000,168.319595337000010,1.039344429970000,1.144119024280000,1.217076420780000,-1.161599278450000,0.000000000000000
-46.497627258300000,168.319763184000010,1.039755344390000,1.144720911980000,1.217673301700000,-1.162558317180000,0.000000000000000
-46.497108459499998,168.319183350000003,1.039652109150000,1.144522666930000,1.217439174650000,-1.162375450130000,0.000000000000000
-46.496356964100002,168.319427490000010,1.039635181430000,1.144564747810000,1.217353463170000,-1.162464499470000,0.000000000000000
-46.495597839399998,168.319671631000006,1.039584875110000,1.144435286520000,1.217115521430000,-1.161820411680000,0.000000000000000
-46.494972228999998,168.319824218999997,1.039912462230000,1.144990682600000,1.217820882800000,-1.163829803470000,0.000000000000000
-46.493564605700001,168.319458007999998,1.039652585980000,1.144939899440000,1.217724800110000,-1.162800312040000,0.000000000000000
-46.494297027599998,168.319519043000014,1.039388656620000,1.144653677940000,1.217401146890000,-1.163478255270000,0.000000000000000
-46.504745483400001,168.318206787000008,1.038047790530000,1.142129778860000,1.215621471410000,-1.161127090450000,0.000000000000000
-46.484191894500000,168.315719604000009,1.046407222750000,1.155686020850000,1.224776625630000,-1.166513323780000,0.000000000000000
-46.483364105200003,168.315460204999994,1.047506332400000,1.156820774080000,1.225905179980000,-1.166774392130000,0.000000000000000
-46.482631683299999,168.315185546999999,1.047353863720000,1.156778216360000,1.226149559020000,-1.167699575420000,0.000000000000000
-46.481884002699999,168.315017699999999,1.046914100650000,1.156749606130000,1.226075172420000,-1.168637275700000,0.000000000000000
-46.481113433799997,168.314987183000000,1.048762679100000,1.158799886700000,1.228271126750000,-1.171078681950000,0.000000000000000
-46.480350494400000,168.314971923999991,1.048853755000000,1.158471465110000,1.227570176120000,-1.171188235280000,0.000000000000000
-46.479438781699997,168.314071654999992,1.049679517750000,1.159572839740000,1.228689908980000,-1.174736976620000,0.000000000000000
-46.480079650900002,168.314208984000004,1.049693346020000,1.159617900850000,1.229023098950000,-1.173264980320000,0.000000000000000
-46.476772308299999,168.311523437999995,1.053019046780000,1.162583589550000,1.230932593350000,-1.172677755360000,0.000000000000000
-46.475830078100003,168.310440062999987,1.053705096240000,1.163049936290000,1.231218934060000,-1.173252105710000,0.000000000000000
-46.485046386699999,168.315917968999997,1.046272397040000,1.155400156970000,1.224561691280000,-1.167326569560000,0.000000000000000
-46.485813140899999,168.316390990999992,1.045082211490000,1.153988599780000,1.222960233690000,-1.165310382840000,0.000000000000000
-46.488842010500001,168.318008423000009,1.041390657420000,1.149588823320000,1.218892931940000,-1.165457129480000,0.000000000000000
-46.488124847400002,168.318374634000008,1.040695548060000,1.149343371390000,1.218272686000000,-1.162472605710000,0.000000000000000
-46.486442565899999,168.316848754999995,1.044161796570000,1.153092145920000,1.222123146060000,-1.165490150450000,0.000000000000000
-46.487045288099999,168.317321776999989,1.042348980900000,1.151267170910000,1.220230579380000,-1.163559198380000,0.000000000000000
-46.487586975100001,168.317855834999989,1.042524456980000,1.151236534120000,1.220297932620000,-1.164614439010000,0.000000000000000
-46.489673614499999,168.317794800000001,1.039676189420000,1.147728204730000,1.216821551320000,-1.163776636120000,0.000000000000000
-46.490200042700003,168.318328857000012,1.039224863050000,1.147294759750000,1.216303944590000,-1.163371086120000,0.000000000000000
-46.492183685299999,168.319595337000010,1.040377259250000,1.148815870290000,1.218709468840000,-1.164848089220000,0.000000000000000
-46.492954254200001,168.319107056000007,1.039273977280000,1.147484660150000,1.217283964160000,-1.163731932640000,0.000000000000000
-46.504093170200001,168.317565918000014,1.038399219510000,1.142496824260000,1.216079473500000,-1.161180615430000,0.000000000000000
-46.503269195599998,168.317825317000000,1.038263440130000,1.142299413680000,1.215686798100000,-1.160955190660000,0.000000000000000
-46.502487182599999,168.318038940000008,1.038596272470000,1.142693996430000,1.216074228290000,-1.160956025120000,0.000000000000000
-46.501701355000002,168.318115234000004,1.038536190990000,1.142659425740000,1.215892910960000,-1.160992980000000,0.000000000000000
-46.500930786100000,168.318252562999987,1.039041042330000,1.143279194830000,1.216568827630000,-1.161338210110000,0.000000000000000
-46.500175476099997,168.318420409999987,1.039057016370000,1.143460512160000,1.216659665110000,-1.161473155020000,0.000000000000000
-46.499404907200002,168.318618773999987,1.039431214330000,1.143900036810000,1.217082142830000,-1.161605477330000,0.000000000000000
-46.498630523700001,168.318786620999987,1.039474487300000,1.144139170650000,1.217264890670000,-1.161998629570000,0.000000000000000
-46.497871398900003,168.318969726999995,1.039508819580000,1.144240498540000,1.217234849930000,-1.161709547040000,0.000000000000000
-46.497379303000002,168.318359375000000,1.039437174800000,1.144258499150000,1.217212200160000,-1.162012815480000,0.000000000000000
-46.496612548800002,168.318603515999996,1.039601445200000,1.144349694250000,1.217245101930000,-1.161909103390000,0.000000000000000
-46.495861053500001,168.318832396999994,1.039515495300000,1.144347071650000,1.217086672780000,-1.162846088410000,0.000000000000000
-46.495113372799999,168.319076537999990,1.039934515950000,1.144738674160000,1.217494249340000,-1.162421345710000,0.000000000000000
-46.493705749500002,168.318786620999987,1.039874434470000,1.144895672800000,1.217638611790000,-1.163104534150000,0.000000000000000
-46.494449615500002,168.318527222000000,1.039540529250000,1.144399881360000,1.217095255850000,-1.162486433980000,0.000000000000000
-46.504932403600002,168.317337035999998,1.038403868680000,1.142386794090000,1.215958476070000,-1.160753011700000,0.000000000000000
-46.484699249300000,168.315231323000006,1.045845985410000,1.154826402660000,1.223799467090000,-1.165708661080000,0.000000000000000
-46.484062194800003,168.314956665000011,1.046442985530000,1.155561566350000,1.224561691280000,-1.165373921390000,0.000000000000000
-46.483352661100000,168.314651488999999,1.046774387360000,1.155724167820000,1.224619746210000,-1.164078712460000,0.000000000000000
-46.482513427699999,168.314239501999992,1.047813415530000,1.157280445100000,1.226573109630000,-1.167086720470000,0.000000000000000
-46.481597900399997,168.314224243000012,1.047412037850000,1.156980752940000,1.226374030110000,-1.166482925420000,0.000000000000000
-46.480838775599999,168.314239501999992,1.049185991290000,1.159128427510000,1.228626370430000,-1.169601917270000,0.000000000000000
-46.480548858600002,168.313598632999998,1.049884438510000,1.159635543820000,1.229084372520000,-1.167962193490000,0.000000000000000
-46.485397338900000,168.315048217999987,1.045304536820000,1.154091835020000,1.223003983500000,-1.165325880050000,0.000000000000000
-46.485969543499998,168.315551757999998,1.045267105100000,1.154040336610000,1.222941994670000,-1.165640592580000,0.000000000000000
-46.486549377400003,168.316040039000001,1.043418645860000,1.152133345600000,1.221061348920000,-1.163778424260000,0.000000000000000
-46.489135742199998,168.317260742000002,1.040500998500000,1.148629307750000,1.217888355260000,-1.165220737460000,0.000000000000000
-46.488292694099997,168.317504882999998,1.040806651120000,1.149326205250000,1.218391060830000,-1.164501786230000,0.000000000000000
-46.487178802499997,168.316467284999987,1.042736291890000,1.151441693310000,1.220399379730000,-1.164297461510000,0.000000000000000
-46.487751007100002,168.316955565999990,1.041645050050000,1.150218129160000,1.219224810600000,-1.164161801340000,0.000000000000000
-46.490013122599997,168.317062378000003,1.038841009140000,1.146851539610000,1.216187238690000,-1.164329767230000,0.000000000000000
-46.490528106699998,168.317596436000002,1.038897514340000,1.146972775460000,1.216731071470000,-1.165351748470000,0.000000000000000
-46.491031646700002,168.318206787000008,1.039028644560000,1.147196769710000,1.216944098470000,-1.164502263070000,0.000000000000000
-46.492321014399998,168.318588256999988,1.039562344550000,1.147639632230000,1.217451572420000,-1.162851095200000,0.000000000000000
-46.493083953899998,168.318252562999987,1.039069652560000,1.147338747980000,1.217231273650000,-1.163281440730000,0.000000000000000
-46.505058288599997,168.316558837999992,1.037364125250000,1.141352415080000,1.214840888980000,-1.160782575610000,0.000000000000000
-46.504268646200003,168.316757201999991,1.037935376170000,1.141874194150000,1.215411186220000,-1.161034941670000,0.000000000000000
-46.503501892099997,168.317001342999987,1.037987113000000,1.142007946970000,1.215482473370000,-1.160642027850000,0.000000000000000
-46.502735137899997,168.317230225000003,1.038290619850000,1.142327070240000,1.215806245800000,-1.161116838460000,0.000000000000000
-46.501937866200002,168.317337035999998,1.038335561750000,1.142432808880000,1.215866804120000,-1.161049127580000,0.000000000000000
-46.501174926799997,168.317459106000001,1.038798451420000,1.142969131470000,1.216367244720000,-1.161287307740000,0.000000000000000
-46.500408172599997,168.317596436000002,1.038955330850000,1.143091320990000,1.216374874110000,-1.161116838460000,0.000000000000000
-46.499668121299997,168.317825317000000,1.039193868640000,1.143575310710000,1.216826796530000,-1.161596298220000,0.000000000000000
-46.498901367199998,168.317993164000001,1.039128422740000,1.143610239030000,1.216721534730000,-1.161330342290000,0.000000000000000
-46.498138427699999,168.318161011000001,1.039329767230000,1.144066452980000,1.217165231700000,-1.161959648130000,0.000000000000000
-46.497482299799998,168.317596436000002,1.039030790330000,1.143751025200000,1.216702580450000,-1.161623001100000,0.000000000000000
-46.496726989700001,168.317840576000009,1.039506435390000,1.144314169880000,1.217293977740000,-1.162453174590000,0.000000000000000
-46.495960235600002,168.318069457999997,1.039335131650000,1.144014596940000,1.216725826260000,-1.161937117580000,0.000000000000000
-46.495201110799997,168.318328857000012,1.039615631100000,1.144423127170000,1.217182159420000,-1.162632584570000,0.000000000000000
-46.493831634499998,168.317993164000001,1.039717316630000,1.144693255420000,1.217468500140000,-1.162782192230000,0.000000000000000
-46.494590759300003,168.317764282000013,1.039262890820000,1.144133090970000,1.216838240620000,-1.162672996520000,0.000000000000000
-46.505790710399999,168.317123412999990,1.037240624430000,1.141112923620000,1.214386224750000,-1.160483241080000,0.000000000000000
-46.491813659700000,168.318008423000009,1.039102673530000,1.147308230400000,1.217168092730000,-1.164102077480000,0.000000000000000
-46.484828948999997,168.314575195000003,1.045626640320000,1.154439091680000,1.223328471180000,-1.164730548860000,0.000000000000000
-46.484165191700001,168.314178467000005,1.045434951780000,1.154484272000000,1.223438143730000,-1.165093302730000,0.000000000000000
-46.483459472699998,168.313873290999993,1.047104239460000,1.156010746960000,1.225072622300000,-1.165847659110000,0.000000000000000
-46.482788085899998,168.313339232999994,1.046563506130000,1.155769824980000,1.224921703340000,-1.165811419490000,0.000000000000000
-46.481964111300002,168.313461303999986,1.047803878780000,1.157152414320000,1.226421475410000,-1.166607022290000,0.000000000000000
-46.481193542500002,168.313430785999998,1.047854661940000,1.157547950740000,1.226691603660000,-1.169858694080000,0.000000000000000
-46.480590820300002,168.312774657999995,1.049940347670000,1.159672498700000,1.229138612750000,-1.169365048410000,0.000000000000000
-46.489467620799999,168.316528320000003,1.039526939390000,1.147699117660000,1.217257976530000,-1.164687037470000,0.000000000000000
-46.485717773399998,168.314270020000009,1.045259594920000,1.153713345530000,1.222490668300000,-1.164869070050000,0.000000000000000
-46.486083984399997,168.314834595000008,1.045172095300000,1.153618216510000,1.222376346590000,-1.164685845380000,0.000000000000000
-46.486824035600002,168.315109253000003,1.043339848520000,1.151939630510000,1.220778346060000,-1.164443612100000,0.000000000000000
-46.487255096399998,168.315780640000014,1.042859077450000,1.151378989220000,1.220301508900000,-1.165005803110000,0.000000000000000
-46.488574981699998,168.316574097000000,1.040115118030000,1.148442506790000,1.217467308040000,-1.163807988170000,0.000000000000000
-46.487846374500002,168.316085815000008,1.042254805560000,1.150622487070000,1.219660878180000,-1.165133714680000,0.000000000000000
-46.490295410199998,168.316299437999987,1.039435148240000,1.147487878800000,1.217260241510000,-1.164018392560000,0.000000000000000
-46.490852355999998,168.316818237000007,1.038769960400000,1.146789073940000,1.216594696040000,-1.164002895360000,0.000000000000000
-46.491344451899998,168.317398071000014,1.038939833640000,1.146977066990000,1.216905117030000,-1.163001298900000,0.000000000000000
-46.492546081500002,168.317718506000006,1.039109468460000,1.147254824640000,1.217117428780000,-1.163100481030000,0.000000000000000
-46.493278503399999,168.317428589000002,1.039865612980000,1.144743919370000,1.217472434040000,-1.162962555890000,0.000000000000000
-46.505161285400000,168.315795898000005,1.037175655360000,1.143873691560000,1.215084791180000,-1.160690546040000,0.000000000000000
-46.504383087199997,168.315979004000013,1.036984324460000,1.140892744060000,1.214386701580000,-1.160319805150000,0.000000000000000
-46.503627777100000,168.316238403000000,1.037700653080000,1.141636013980000,1.215198636050000,-1.160689353940000,0.000000000000000
-46.502841949500002,168.316467284999987,1.037990927700000,1.141934037210000,1.215448856350000,-1.160832881930000,0.000000000000000
-46.502059936499997,168.316574097000000,1.038048982620000,1.142039179800000,1.215483427050000,-1.160722732540000,0.000000000000000
-46.501274108899999,168.316665648999987,1.038250446320000,1.142267227170000,1.215632319450000,-1.160809755330000,0.000000000000000
-46.500537872300001,168.316818237000007,1.038350820540000,1.142476201060000,1.215749502180000,-1.161055922510000,0.000000000000000
-46.499790191700001,168.317047118999994,1.039154410360000,1.143348693850000,1.216683745380000,-1.161372542380000,0.000000000000000
-46.499034881599997,168.317245482999994,1.039054751400000,1.143380045890000,1.216578125950000,-1.161542773250000,0.000000000000000
-46.498256683299999,168.317413329999994,1.039213776590000,1.143745303150000,1.216910481450000,-1.161795258520000,0.000000000000000
-46.497646331799999,168.316818237000007,1.038835406300000,1.143501639370000,1.216553330420000,-1.161838769910000,0.000000000000000
-46.496871948200003,168.317031859999986,1.039146065710000,1.143893718720000,1.216901779170000,-1.161816120150000,0.000000000000000
-46.496116638200000,168.317276001000010,1.039187192920000,1.143823623660000,1.216551899910000,-1.162188529970000,0.000000000000000
-46.495353698700001,168.317535399999997,1.039461731910000,1.144367575650000,1.217140555380000,-1.162452578540000,0.000000000000000
-46.494029998800002,168.317184448000006,1.038983941080000,1.143914103510000,1.216569542880000,-1.162529468540000,0.000000000000000
-46.494796752900001,168.316970824999999,1.039509654050000,1.144180297850000,1.216948628430000,-1.162358999250000,0.000000000000000
-46.505996704099999,168.315505981000001,1.036851525310000,1.140828132630000,1.214474916460000,-1.160153150560000,0.000000000000000
-46.492084503199997,168.317123412999990,1.039180159570000,1.147248625760000,1.217113494870000,-1.162941813470000,0.000000000000000
-46.485073089600000,168.313690186000002,1.045511603360000,1.154149651530000,1.223008155820000,-1.164519548420000,0.000000000000000
-46.484222412100003,168.313339232999994,1.046097874640000,1.155106186870000,1.224075794220000,-1.164533257480000,0.000000000000000
-46.483509063699998,168.313034058000000,1.046940803530000,1.155884742740000,1.224859952930000,-1.165153026580000,0.000000000000000
-46.482929229699998,168.312683104999991,1.047290802000000,1.156487107280000,1.225754261020000,-1.165217518810000,0.000000000000000
-46.482257842999999,168.312713623000008,1.047942876820000,1.157367825510000,1.226577281950000,-1.167263865470000,0.000000000000000
-46.481491088900000,168.312652587999992,1.047679901120000,1.157446265220000,1.226942777630000,-1.165402054790000,0.000000000000000
-46.489109039299997,168.315994262999993,1.039670348170000,1.147815227510000,1.217060804370000,-1.164773583410000,0.000000000000000
-46.489768981899999,168.315750121999997,1.039471745490000,1.147445559500000,1.216916322710000,-1.163848638530000,0.000000000000000
-46.485637664800002,168.313064574999999,1.044223427770000,1.152850985530000,1.221674203870000,-1.164107918740000,0.000000000000000
-46.486034393300002,168.313552856000001,1.044500231740000,1.152834653850000,1.221545100210000,-1.163977742200000,0.000000000000000
-46.486637115500002,168.314208984000004,1.043511867520000,1.151894807820000,1.220576047900000,-1.163173437120000,0.000000000000000
-46.487388610799997,168.314514159999987,1.042604804040000,1.150934815410000,1.219852089880000,-1.163668155670000,0.000000000000000
-46.487789154100000,168.315200806000007,1.042747139930000,1.150989890100000,1.219967365260000,-1.164430260660000,0.000000000000000
-46.488548278800003,168.315689087000010,1.039783596990000,1.147889971730000,1.216728329660000,-1.162590861320000,0.000000000000000
-46.490516662600001,168.315444946000014,1.038596987720000,1.146553635600000,1.215996742250000,-1.162873148920000,0.000000000000000
-46.491054534900002,168.315979004000013,1.038639783860000,1.146557092670000,1.216141223910000,-1.162483692170000,0.000000000000000
-46.491596221899997,168.316528320000003,1.038792252540000,1.147039651870000,1.216786503790000,-1.163536429410000,0.000000000000000
-46.492828369100003,168.316833495999987,1.039611935620000,1.144852638240000,1.217578768730000,-1.163079500200000,0.000000000000000
-46.493583679200000,168.316574097000000,1.038444995880000,1.146369814870000,1.216172695160000,-1.162306308750000,0.000000000000000
-46.506095886200001,168.314834595000008,1.036545038220000,1.143312215810000,1.214466094970000,-1.160932660100000,0.000000000000000
-46.505397796600001,168.315017699999999,1.036845803260000,1.140730023380000,1.214330434800000,-1.160384178160000,0.000000000000000
-46.504619598399998,168.315185546999999,1.037245035170000,1.143964052200000,1.215127944950000,-1.161041498180000,0.000000000000000
-46.503700256300000,168.315353393999999,1.037118196490000,1.141013264660000,1.214612722400000,-1.160401105880000,0.000000000000000
-46.503047943100000,168.315826415999993,1.037703752520000,1.141621232030000,1.215177178380000,-1.160681605340000,0.000000000000000
-46.502368926999999,168.315826415999993,1.037717342380000,1.141651272770000,1.215178251270000,-1.160642743110000,0.000000000000000
-46.501579284700000,168.315902709999989,1.038261532780000,1.142241239550000,1.215784549710000,-1.161020994190000,0.000000000000000
-46.500640869100003,168.315917968999997,1.038252711300000,1.142285585400000,1.215799927710000,-1.160979509350000,0.000000000000000
-46.499973297099999,168.316375732000012,1.038383603100000,1.142574787140000,1.215835928920000,-1.161081194880000,0.000000000000000
-46.499309539800002,168.316436767999988,1.038713574410000,1.142908573150000,1.216167926790000,-1.161230325700000,0.000000000000000
-46.498474121100003,168.316619873000008,1.039010405540000,1.143323898320000,1.216525197030000,-1.161399245260000,0.000000000000000
-46.497909545900001,168.316040039000001,1.038681864740000,1.143097996710000,1.216208577160000,-1.161423206330000,0.000000000000000
-46.497081756599997,168.316223145000009,1.038946866990000,1.143604636190000,1.216688275340000,-1.161987066270000,0.000000000000000
-46.496318817099997,168.316467284999987,1.038759708400000,1.143425107000000,1.216286897660000,-1.161913752560000,0.000000000000000
-46.495552062999998,168.316696167000003,1.039016008380000,1.143785119060000,1.216502070430000,-1.162216782570000,0.000000000000000
-46.494346618700000,168.316360473999993,1.039207339290000,1.144186496730000,1.216985106470000,-1.162675499920000,0.000000000000000
-46.495101928700002,168.316101073999988,1.038610816000000,1.143512010570000,1.216203808780000,-1.162219882010000,0.000000000000000
-46.506912231400001,168.315139770999991,1.036794424060000,1.143434047700000,1.214605808260000,-1.160465598110000,0.000000000000000
-46.506439209000000,168.314224243000012,1.037029743190000,1.143510699270000,1.214688539510000,-1.160426259040000,0.000000000000000
-46.492351532000001,168.316223145000009,1.039021015170000,1.147164344790000,1.216984272000000,-1.162982940670000,0.000000000000000
-46.485004425000000,168.312835693000011,1.044980287550000,1.153483152390000,1.222267627720000,-1.164296388630000,0.000000000000000
-46.484306335399999,168.312515259000008,1.045247435570000,1.154019832610000,1.223014235500000,-1.165162801740000,0.000000000000000
-46.483573913599997,168.312225342000005,1.046374082570000,1.155315279960000,1.224410057070000,-1.165606975560000,0.000000000000000
-46.489208221399998,168.315261840999995,1.040191411970000,1.148211002350000,1.217849731450000,-1.164473772050000,0.000000000000000
-46.489952087399999,168.314941406000003,1.038747549060000,1.146528959270000,1.215788602830000,-1.161892175670000,0.000000000000000
-46.485687255899997,168.312362670999988,1.044342994690000,1.152870297430000,1.221689224240000,-1.163576841350000,0.000000000000000
-46.486328125000000,168.312774657999995,1.044111967090000,1.152554750440000,1.221454739570000,-1.163735985760000,0.000000000000000
-46.486896514900003,168.313278198000006,1.043400168420000,1.151777863500000,1.220793604850000,-1.163735985760000,0.000000000000000
-46.487483978299998,168.313766479000009,1.042608380320000,1.150830984120000,1.219639182090000,-1.163267016410000,0.000000000000000
-46.488056182900003,168.314270020000009,1.041915535930000,1.150055527690000,1.219280242920000,-1.163688063620000,0.000000000000000
-46.488632202100000,168.314773559999992,1.039916753770000,1.147988557820000,1.216633200650000,-1.162049412730000,0.000000000000000
-46.490695953399999,168.314620972000000,1.038491129880000,1.146365165710000,1.216029167180000,-1.162842869760000,0.000000000000000
-46.491271972699998,168.315124512000011,1.038328766820000,1.146345138550000,1.216012716290000,-1.162899494170000,0.000000000000000
-46.491832733199999,168.315673828000001,1.038524627690000,1.146589875220000,1.216395020480000,-1.162625432010000,0.000000000000000
-46.493118286100000,168.315994262999993,1.038052082060000,1.146102786060000,1.215854883190000,-1.162244677540000,0.000000000000000
-46.493885040300000,168.315750121999997,1.038802981380000,1.143553972240000,1.216292023660000,-1.162397623060000,0.000000000000000
-46.505626678500001,168.314285278000000,1.036479949950000,1.143002986910000,1.214235901830000,-1.160375952720000,0.000000000000000
-46.504837036100000,168.314392090000013,1.036469817160000,1.140382528310000,1.214012980460000,-1.159892916680000,0.000000000000000
-46.504058837899997,168.314575195000003,1.036408185960000,1.140368700030000,1.214062690730000,-1.160269856450000,0.000000000000000
-46.503391265899999,168.314651488999999,1.037034869190000,1.140908360480000,1.214525341990000,-1.160318851470000,0.000000000000000
-46.502727508500001,168.315109253000003,1.037392497060000,1.141311764720000,1.214939951900000,-1.160653829570000,0.000000000000000
-46.501914978000002,168.315261840999995,1.037529945370000,1.141427516940000,1.214877605440000,-1.160428643230000,0.000000000000000
-46.501132965099998,168.315063476999995,1.037907123570000,1.141853213310000,1.215352535250000,-1.160715103150000,0.000000000000000
-46.500308990500002,168.315185546999999,1.037993311880000,1.142049551010000,1.215495586400000,-1.160931468010000,0.000000000000000
-46.499633789100002,168.315628051999994,1.038421511650000,1.142544746400000,1.215900778770000,-1.161108255390000,0.000000000000000
-46.498672485400000,168.315856934000010,1.038815021510000,1.143048286440000,1.216344475750000,-1.161591410640000,0.000000000000000
-46.498168945300002,168.315383910999998,1.038675308230000,1.142931461330000,1.216162681580000,-1.161509752270000,0.000000000000000
-46.497413635299999,168.315460204999994,1.038767576220000,1.143291115760000,1.216438770290000,-1.161706089970000,0.000000000000000
-46.496627807599999,168.315628051999994,1.038691759110000,1.143384099010000,1.216389298440000,-1.161934494970000,0.000000000000000
-46.495864868200002,168.315856934000010,1.038790225980000,1.143383383750000,1.216191887860000,-1.162032604220000,0.000000000000000
-46.494647979699998,168.315521240000010,1.038343906400000,1.143084168430000,1.215767383580000,-1.161868095400000,0.000000000000000
-46.495403289800002,168.315261840999995,1.037944078450000,1.142603397370000,1.215315938000000,-1.161657810210000,0.000000000000000
-46.506767272899999,168.313461303999986,1.036630630490000,1.142943739890000,1.214157342910000,-1.160391688350000,0.000000000000000
-46.505954742400000,168.313537598000011,1.036240935330000,1.142728447910000,1.213918805120000,-1.160045266150000,0.000000000000000
-46.507530212399999,168.314117431999989,1.036861300470000,1.143238306050000,1.214529395100000,-1.160681009290000,0.000000000000000
-46.507488250700000,168.313247681000007,1.036142230030000,1.142735719680000,1.213890552520000,-1.159195661540000,0.000000000000000
-46.492618560799997,168.315414428999986,1.037987947460000,1.146043896680000,1.215820908550000,-1.162238121030000,0.000000000000000
-46.485023498499999,168.311996459999989,1.046481013300000,1.155051946640000,1.224009871480000,-1.164677023890000,0.000000000000000
-46.489391326899998,168.314422607000012,1.039871454240000,1.147920370100000,1.217384934430000,-1.164006471630000,0.000000000000000
-46.490142822300001,168.314086914000001,1.037983536720000,1.145624876020000,1.214683651920000,-1.161249399190000,0.000000000000000
-46.485851287800003,168.311523437999995,1.042610406880000,1.151213645940000,1.219947576520000,-1.162405967710000,0.000000000000000
-46.486492157000001,168.311981201000009,1.043716669080000,1.152026534080000,1.221541643140000,-1.164498329160000,0.000000000000000
-46.487087249799998,168.312454223999993,1.042368292810000,1.150740504260000,1.219372749330000,-1.162611007690000,0.000000000000000
-46.487655639600000,168.312957764000004,1.041297554970000,1.149443745610000,1.218370199200000,-1.162441611290000,0.000000000000000
-46.488239288300001,168.313446045000006,1.041341185570000,1.149493098260000,1.218385338780000,-1.162756204610000,0.000000000000000
-46.488815307599999,168.313934326000009,1.039798617360000,1.147649884220000,1.216576576230000,-1.161423683170000,0.000000000000000
-46.490940094000003,168.313827515000014,1.037559390070000,1.145259618760000,1.214849829670000,-1.162544012070000,0.000000000000000
-46.491516113300001,168.314346312999987,1.037224292760000,1.145029544830000,1.214581012730000,-1.161489725110000,0.000000000000000
-46.492065429699998,168.314895629999995,1.037780046460000,1.145747423170000,1.215415954590000,-1.162244677540000,0.000000000000000
-46.493400573700001,168.315185546999999,1.037680149080000,1.142748594280000,1.215400457380000,-1.161954760550000,0.000000000000000
-46.494155883799998,168.314941406000003,1.038020730020000,1.142733335490000,1.215469241140000,-1.162132501600000,0.000000000000000
-46.505157470699999,168.313613892000006,1.036863327030000,1.143249750140000,1.214494705200000,-1.160760402680000,0.000000000000000
-46.504371643100001,168.313751220999990,1.036862492560000,1.143312335010000,1.214538216590000,-1.160455822940000,0.000000000000000
-46.503608703600001,168.313964843999997,1.036828041080000,1.140807628630000,1.214583873750000,-1.160518646240000,0.000000000000000
-46.502857208300000,168.314178467000005,1.036985397340000,1.140868902210000,1.214555382730000,-1.160271048550000,0.000000000000000
-46.501983642600003,168.314498901000007,1.037554025650000,1.141450643540000,1.215126872060000,-1.160727620120000,0.000000000000000
-46.501178741499999,168.314285278000000,1.037842154500000,1.141813516620000,1.215388298030000,-1.160711884500000,0.000000000000000
-46.500530242899998,168.314498901000007,1.038001894950000,1.141954064370000,1.215570807460000,-1.161023616790000,0.000000000000000
-46.499763488799999,168.314682006999988,1.038034677510000,1.142127752300000,1.215542674060000,-1.160995125770000,0.000000000000000
-46.498855590799998,168.314956665000011,1.038640975950000,1.142807126050000,1.216195940970000,-1.161253571510000,0.000000000000000
-46.497898101799997,168.314666748000008,1.038534402850000,1.142774343490000,1.216020703320000,-1.161608099940000,0.000000000000000
-46.496974945100000,168.314849853999988,1.038239359860000,1.142854213710000,1.215893864630000,-1.161641716960000,0.000000000000000
-46.496166229200000,168.315032959000007,1.038552045820000,1.143185734750000,1.216166019440000,-1.162053465840000,0.000000000000000
-46.494915008500001,168.314697265999996,1.037501096730000,1.142249107360000,1.214927792550000,-1.161590933800000,0.000000000000000
-46.495681762700002,168.314453125000000,1.038313031200000,1.142866492270000,1.215775489810000,-1.162128806110000,0.000000000000000
-46.507049560500000,168.312698363999999,1.036231875420000,1.142608165740000,1.213922142980000,-1.160649776460000,0.000000000000000
-46.506237030000001,168.312789917000003,1.036508202550000,1.142774581910000,1.214043617250000,-1.160209894180000,0.000000000000000
-46.505447387700002,168.312881470000008,1.036786079410000,1.143076539040000,1.214318275450000,-1.160215497020000,0.000000000000000
-46.507942199699997,168.312591553000004,1.035998702050000,1.142339706420000,1.213667988780000,-1.160338044170000,0.000000000000000
-46.507461547900000,168.311904907000013,1.036851525310000,1.143031120300000,1.214464664460000,-1.160595297810000,0.000000000000000
-46.492877960199998,168.314620972000000,1.036950111390000,1.142103791240000,1.214658379550000,-1.161673665050000,0.000000000000000
-46.489562988300001,168.313613892000006,1.039482474330000,1.147417068480000,1.216908693310000,-1.162631154060000,0.000000000000000
-46.490379333500002,168.313323975000003,1.037231206890000,1.144907832150000,1.214118957520000,-1.160859107970000,0.000000000000000
-46.487247467000003,168.311614990000010,1.041793465610000,1.150027036670000,1.219009041790000,-1.162710547450000,0.000000000000000
-46.487834930399998,168.312149048000009,1.041742682460000,1.149958252910000,1.218959331510000,-1.163175821300000,0.000000000000000
-46.488422393800001,168.312622070000003,1.041003227230000,1.149032115940000,1.218490600590000,-1.163097858430000,0.000000000000000
-46.488994598399998,168.313125609999986,1.039731383320000,1.147616505620000,1.216634273530000,-1.162523150440000,0.000000000000000
-46.491195678700002,168.313064574999999,1.036304354670000,1.143925428390000,1.213550448420000,-1.161749243740000,0.000000000000000
-46.491756439200003,168.313568115000010,1.036629438400000,1.144338846210000,1.213944196700000,-1.161595940590000,0.000000000000000
-46.492305755600000,168.314117431999989,1.036833882330000,1.144686698910000,1.214458465580000,-1.161899209020000,0.000000000000000
-46.493640899699997,168.314376831000004,1.036605477330000,1.141552567480000,1.214184880260000,-1.161607980730000,0.000000000000000
-46.494400024400001,168.314132690000008,1.037173867230000,1.141920924190000,1.214671134950000,-1.161690711980000,0.000000000000000
-46.504653930700002,168.312988281000003,1.036752820010000,1.143202543260000,1.214347243310000,-1.160026431080000,0.000000000000000
-46.503868103000002,168.313125609999986,1.037318110470000,1.143707394600000,1.214934587480000,-1.160459280010000,0.000000000000000
-46.503108978299998,168.313369751000010,1.036938667300000,1.140976786610000,1.214758515360000,-1.160580873490000,0.000000000000000
-46.502349853500000,168.313568115000010,1.037489175800000,1.141512274740000,1.215281844140000,-1.160759449010000,0.000000000000000
-46.501579284700000,168.313690186000002,1.037732720380000,1.141646623610000,1.215312361720000,-1.160723805430000,0.000000000000000
-46.500774383500001,168.313735962000010,1.038334012030000,1.142379283910000,1.216136217120000,-1.161289691930000,0.000000000000000
-46.499992370599998,168.313888550000001,1.038043260570000,1.141956567760000,1.215492844580000,-1.160888552670000,0.000000000000000
-46.499217987100003,168.314071654999992,1.038051247600000,1.142179250720000,1.215660929680000,-1.161279320720000,0.000000000000000
-46.498550414999997,168.314178467000005,1.038121819500000,1.142264723780000,1.215582251550000,-1.161294460300000,0.000000000000000
-46.498058319099997,168.313751220999990,1.037985682490000,1.142131209370000,1.215424776080000,-1.161158561710000,0.000000000000000
-46.497283935500000,168.313995360999996,1.038009881970000,1.142431974410000,1.215663671490000,-1.161622166630000,0.000000000000000
-46.496501922599997,168.314254761000001,1.037493944170000,1.141989827160000,1.214774966240000,-1.161069631580000,0.000000000000000
-46.495166778600002,168.313903809000010,1.037120580670000,1.141683459280000,1.214407682420000,-1.161351203920000,0.000000000000000
-46.495994567899999,168.313690186000002,1.037186622620000,1.141592621800000,1.214386343960000,-1.161302566530000,0.000000000000000
-46.506652832000000,168.312042235999996,1.036312937740000,1.142590403560000,1.213926553730000,-1.159882187840000,0.000000000000000
-46.507034301799997,168.311264037999990,1.036581158640000,1.142779469490000,1.214145183560000,-1.160938501360000,0.000000000000000
-46.505863189700001,168.312133789000001,1.037107944490000,1.143366456030000,1.214703559880000,-1.160768389700000,0.000000000000000
-46.505069732700001,168.312225342000005,1.037015318870000,1.143386125560000,1.214701652530000,-1.160674095150000,0.000000000000000
-46.508407592799998,168.311706543000014,1.035331368450000,1.141589522360000,1.212946057320000,-1.160011649130000,0.000000000000000
-46.507900237999998,168.311080933000000,1.036489844320000,1.142696499820000,1.214164376260000,-1.159988760950000,0.000000000000000
-46.493099212600001,168.313842773000005,1.036271214490000,1.141275405880000,1.213900685310000,-1.161436915400000,0.000000000000000
-46.489810943599998,168.312850951999991,1.038162112240000,1.145899772640000,1.215149760250000,-1.162044286730000,0.000000000000000
-46.490623474099998,168.312576293999996,1.036647319790000,1.144260168080000,1.213609337810000,-1.161178469660000,0.000000000000000
-46.488075256300000,168.311355590999995,1.040241599080000,1.148203492160000,1.217571377750000,-1.162220358850000,0.000000000000000
-46.488662719700002,168.311874390000014,1.039824128150000,1.147690653800000,1.216934800150000,-1.163264513020000,0.000000000000000
-46.489238739000001,168.312362670999988,1.039194583890000,1.147012114520000,1.216065168380000,-1.160842299460000,0.000000000000000
-46.491413116499999,168.312301636000001,1.035585165020000,1.143203020100000,1.212780714040000,-1.161319255830000,0.000000000000000
-46.491973877000000,168.312789917000003,1.035389304160000,1.143090009690000,1.212794065480000,-1.161243557930000,0.000000000000000
-46.492549896200003,168.313308715999995,1.035829782490000,1.140753746030000,1.213284015660000,-1.161339640620000,0.000000000000000
-46.493865966800001,168.313568115000010,1.036249160770000,1.141147494320000,1.213846564290000,-1.161514163020000,0.000000000000000
-46.494640350300003,168.313369751000010,1.036576628680000,1.141200900080000,1.213938832280000,-1.161596298220000,0.000000000000000
-46.504276275599999,168.312347412000008,1.037636041640000,1.144031643870000,1.215286254880000,-1.160925745960000,0.000000000000000
-46.503494262700002,168.312484740999992,1.037418842320000,1.143858909610000,1.215109229090000,-1.160713911060000,0.000000000000000
-46.502574920699999,168.312652587999992,1.037772774700000,1.144283294680000,1.215507149700000,-1.160910129550000,0.000000000000000
-46.501895904500003,168.313064574999999,1.037270784380000,1.141265153880000,1.214995980260000,-1.160718321800000,0.000000000000000
-46.501182556200000,168.313034058000000,1.037988424300000,1.141887784000000,1.215530395510000,-1.160825610160000,0.000000000000000
-46.500362396200003,168.313095092999987,1.038188934330000,1.142096042630000,1.215798854830000,-1.161185860630000,0.000000000000000
-46.499557495099999,168.313247681000007,1.038369178770000,1.142385363580000,1.216058373450000,-1.161461353300000,0.000000000000000
-46.498783111599998,168.313430785999998,1.038075327870000,1.142205715180000,1.215712189670000,-1.161282062530000,0.000000000000000
-46.498302459700000,168.312850951999991,1.037852644920000,1.141976833340000,1.215481519700000,-1.161545157430000,0.000000000000000
-46.497573852499997,168.313156128000003,1.037459015850000,1.141664385800000,1.214886546130000,-1.161244511600000,0.000000000000000
-46.496784210199998,168.313430785999998,1.037491679190000,1.142065882680000,1.215252995490000,-1.161764979360000,0.000000000000000
-46.495468139600000,168.313156128000003,1.036430001260000,1.140923380850000,1.213644742970000,-1.161096453670000,0.000000000000000
-46.496261596700002,168.312881470000008,1.036664485930000,1.141199231150000,1.214216113090000,-1.161435127260000,0.000000000000000
-46.506244659399997,168.311401367000002,1.037231564520000,1.143436193470000,1.214803814890000,-1.160611867900000,0.000000000000000
-46.507419586200001,168.310546875000000,1.036328077320000,1.142520904540000,1.213919401170000,-1.160484790800000,0.000000000000000
-46.506629943800000,168.310653687000013,1.036523938180000,1.142811775210000,1.214218616490000,-1.160463213920000,0.000000000000000
-46.505455017099997,168.311523437999995,1.037005782130000,1.143345594410000,1.214694976810000,-1.160708069800000,0.000000000000000
-46.504661560099997,168.311599731000001,1.037084698680000,1.143442392350000,1.214652061460000,-1.160260081290000,0.000000000000000
-46.508865356400001,168.310714722000000,1.036178588870000,1.142364382740000,1.213773012160000,-1.160917401310000,0.000000000000000
-46.508167266800001,168.310394287000008,1.036319494250000,1.142577528950000,1.214094042780000,-1.160642743110000,0.000000000000000
-46.507827758799998,168.309860229000009,1.036299705510000,1.142492413520000,1.213922023770000,-1.160748481750000,0.000000000000000
-46.493312835700003,168.313049315999990,1.034611463550000,1.139472246170000,1.211972832680000,-1.160471558570000,0.000000000000000
-46.490062713599997,168.312088012999993,1.037515997890000,1.145109534260000,1.214508414270000,-1.161741375920000,0.000000000000000
-46.490844726600002,168.311813354000009,1.035373330120000,1.142932772640000,1.212350130080000,-1.160637497900000,0.000000000000000
-46.488269805900003,168.310485840000013,1.039991259570000,1.147888779640000,1.216639995570000,-1.161503195760000,0.000000000000000
-46.488887786900001,168.311096190999990,1.040174007420000,1.147978544240000,1.217145085330000,-1.161485314370000,0.000000000000000
-46.489490508999999,168.311599731000001,1.038329124450000,1.145981073380000,1.215098142620000,-1.161729216580000,0.000000000000000
-46.491622924799998,168.311538696000014,1.033702135090000,1.141162037850000,1.210662126540000,-1.160153627400000,0.000000000000000
-46.492198944099997,168.312011718999997,1.034001350400000,1.141412734990000,1.210908651350000,-1.160028219220000,0.000000000000000
-46.492763519299999,168.312515259000008,1.034423470500000,1.139223814010000,1.211732506750000,-1.160528659820000,0.000000000000000
-46.494102478000002,168.312805176000012,1.035382509230000,1.140046477320000,1.212826132770000,-1.161326527600000,0.000000000000000
-46.494926452599998,168.312622070000003,1.035339951520000,1.139798402790000,1.212494730950000,-1.160542130470000,0.000000000000000
-46.503871917700003,168.311721801999994,1.037469983100000,1.143862962720000,1.215136289600000,-1.160790324210000,0.000000000000000
-46.503086090099998,168.311859131000006,1.037505745890000,1.144051432610000,1.215228796010000,-1.160795331000000,0.000000000000000
-46.502395629900001,168.311874390000014,1.037167787550000,1.143807411190000,1.214974403380000,-1.160876393320000,0.000000000000000
-46.501716613799999,168.312271118000012,1.037805199620000,1.144484758380000,1.215715169910000,-1.161269903180000,0.000000000000000
-46.500743866000001,168.312408446999996,1.037635207180000,1.141529679300000,1.215191483500000,-1.160812258720000,0.000000000000000
-46.499904632600000,168.312484740999992,1.037519574170000,1.141419887540000,1.215017914770000,-1.160957574840000,0.000000000000000
-46.499092102100001,168.312637329000012,1.037433266640000,1.141458749770000,1.214917540550000,-1.160834431650000,0.000000000000000
-46.498588562000002,168.312057495000005,1.036382079120000,1.140375375750000,1.213713407520000,-1.160399794580000,0.000000000000000
-46.497787475599999,168.312301636000001,1.036595106120000,1.140763282780000,1.214110612870000,-1.161027550700000,0.000000000000000
-46.497055053700002,168.312606812000013,1.036055564880000,1.140462994580000,1.213455677030000,-1.160522222520000,0.000000000000000
-46.495723724400001,168.312347412000008,1.035675525670000,1.139977335930000,1.212826490400000,-1.161313295360000,0.000000000000000
-46.496517181400002,168.312072754000013,1.034914612770000,1.139287590980000,1.212153792380000,-1.160521030430000,0.000000000000000
-46.505840301500001,168.310775756999988,1.036595344540000,1.142932415010000,1.214229226110000,-1.160617589950000,0.000000000000000
-46.506999969500001,168.309921265000014,1.036345720290000,1.142714023590000,1.214317560200000,-1.161401391030000,0.000000000000000
-46.506210327100000,168.310028076000009,1.036648988720000,1.142957329750000,1.214410543440000,-1.161681890490000,0.000000000000000
-46.505046844500001,168.310882568000011,1.037224769590000,1.143616557120000,1.215050458910000,-1.161424994470000,0.000000000000000
-46.504253387500000,168.310974120999987,1.037007093430000,1.143371224400000,1.214610934260000,-1.160806417470000,0.000000000000000
-46.507408142099997,168.309249878000003,1.036214351650000,1.142554163930000,1.214155673980000,-1.161405801770000,0.000000000000000
-46.508754730200003,168.309585571000014,1.035908102990000,1.142145514490000,1.213659763340000,-1.159734487530000,0.000000000000000
-46.508090972900000,168.309219359999986,1.035646677020000,1.141821861270000,1.213307738300000,-1.160308837890000,0.000000000000000
-46.493553161599998,168.312271118000012,1.034395217900000,1.139364838600000,1.212105512620000,-1.161270260810000,0.000000000000000
-46.490276336699999,168.311325073000006,1.036570668220000,1.144105076790000,1.213494658470000,-1.161025285720000,0.000000000000000
-46.491031646700002,168.311065673999991,1.034892320630000,1.142230629920000,1.211494684220000,-1.159922361370000,0.000000000000000
-46.488410949699997,168.309463501000010,1.039977550510000,1.147898316380000,1.217084050180000,-1.160012960430000,0.000000000000000
-46.489120483400001,168.310180664000001,1.037249207500000,1.144936919210000,1.214252948760000,-1.162992954250000,0.000000000000000
-46.489700317400001,168.310806273999987,1.036928296090000,1.144513249400000,1.213871359830000,-1.160934090610000,0.000000000000000
-46.491840362500000,168.310791015999996,1.032227635380000,1.136712074280000,1.209059238430000,-1.159605264660000,0.000000000000000
-46.492424011200001,168.311264037999990,1.032718420030000,1.137416005130000,1.210014104840000,-1.160370945930000,0.000000000000000
-46.492996215799998,168.311737061000002,1.032607078550000,1.137286901470000,1.209830284120000,-1.160129189490000,0.000000000000000
-46.494388580299997,168.312072754000013,1.034275174140000,1.138981223110000,1.211643218990000,-1.160616636280000,0.000000000000000
-46.495189666700000,168.311828612999989,1.034098863600000,1.138490438460000,1.211239933970000,-1.160611748700000,0.000000000000000
-46.503463745099999,168.311080933000000,1.037145853040000,1.143528580670000,1.214761972430000,-1.160682320590000,0.000000000000000
-46.502677917500002,168.311203003000003,1.037085890770000,1.143487691880000,1.214738726620000,-1.160796523090000,0.000000000000000
-46.501903533899998,168.311431884999990,1.036757349970000,1.140680074690000,1.214369416240000,-1.160493254660000,0.000000000000000
-46.501087188699998,168.311614990000010,1.037158131600000,1.141129851340000,1.214886069300000,-1.160554409030000,0.000000000000000
-46.500297546399999,168.311782837000010,1.037096381190000,1.141127467160000,1.214878797530000,-1.161020874980000,0.000000000000000
-46.499416351299999,168.311904907000013,1.036637663840000,1.140485644340000,1.214043140410000,-1.160684108730000,0.000000000000000
-46.498920440699997,168.311325073000006,1.035545349120000,1.139324784280000,1.212797999380000,-1.160131692890000,0.000000000000000
-46.498046875000000,168.311523437999995,1.035543918610000,1.139472723010000,1.212814569470000,-1.160359382630000,0.000000000000000
-46.497241973900003,168.311752318999993,1.035441637040000,1.139594197270000,1.212903022770000,-1.161091208460000,0.000000000000000
-46.495975494400000,168.311538696000014,1.033410549160000,1.137562036510000,1.210313439370000,-1.159983396530000,0.000000000000000
-46.496707916299997,168.311233520999991,1.033147096630000,1.137426137920000,1.210498213770000,-1.160345077510000,0.000000000000000
-46.505420684800001,168.310165404999992,1.036503791810000,1.142817139630000,1.214140534400000,-1.160361766820000,0.000000000000000
-46.506984710700003,168.308609009000008,1.035083889960000,1.141412496570000,1.212945818900000,-1.161858916280000,0.000000000000000
-46.506599426299999,168.309310912999990,1.035656571390000,1.141865849490000,1.213263511660000,-1.160677790640000,0.000000000000000
-46.505809783899998,168.309402465999995,1.035245895390000,1.141605734830000,1.213045239450000,-1.161005496980000,0.000000000000000
-46.504627227800000,168.310241698999988,1.036217689510000,1.142533540730000,1.213861703870000,-1.160561919210000,0.000000000000000
-46.503818512000002,168.310333251999992,1.035583138470000,1.141979455950000,1.213040471080000,-1.159627199170000,0.000000000000000
-46.507831573499999,168.308593750000000,1.036032676700000,1.142478466030000,1.214147925380000,-1.161543965340000,0.000000000000000
-46.509601592999999,168.308944701999991,1.036184906960000,1.142510056500000,1.214006781580000,-1.160164952280000,0.000000000000000
-46.508647918699999,168.308700562000013,1.035445332530000,1.141706228260000,1.213100194930000,-1.159415483470000,0.000000000000000
-46.507404327400003,168.307952881000006,1.034388422970000,1.140831589700000,1.212453842160000,-1.162307024000000,0.000000000000000
-46.493843078600001,168.311523437999995,1.032132744790000,1.136885643010000,1.209514617920000,-1.159682989120000,0.000000000000000
-46.487522125200002,168.307098389000004,1.042049884800000,1.149706363680000,1.218454480170000,-1.152341842650000,0.000000000000000
-46.490467071499999,168.310531615999992,1.035302996640000,1.142627954480000,1.211793541910000,-1.160843849180000,0.000000000000000
-46.491256713900000,168.310287476000013,1.032685875890000,1.137178421020000,1.209684371950000,-1.159272551540000,0.000000000000000
-46.489944457999997,168.309875487999989,1.037255525590000,1.144801497460000,1.214177131650000,-1.160253763200000,0.000000000000000
-46.492111206099999,168.310043334999989,1.031056284900000,1.135417103770000,1.207763552670000,-1.159524679180000,0.000000000000000
-46.492702484100001,168.310531615999992,1.030237555500000,1.134688615800000,1.207197785380000,-1.158983349800000,0.000000000000000
-46.493286132800002,168.310989379999995,1.031809210780000,1.136475682260000,1.209016919140000,-1.159695982930000,0.000000000000000
-46.494651794399999,168.311264037999990,1.031965374950000,1.136469841000000,1.209186673160000,-1.159622430800000,0.000000000000000
-46.495445251500001,168.311004639000004,1.031247019770000,1.135605454440000,1.208431601520000,-1.159985303880000,0.000000000000000
-46.503013610799997,168.310470581000004,1.036237835880000,1.142541289330000,1.213724493980000,-1.160365343090000,0.000000000000000
-46.502208709700000,168.310607909999987,1.035521149640000,1.139271616940000,1.213067531590000,-1.160331010820000,0.000000000000000
-46.501445770300002,168.310806273999987,1.035321950910000,1.139256238940000,1.212822198870000,-1.159497261050000,0.000000000000000
-46.500637054400002,168.311019896999994,1.035674571990000,1.139582514760000,1.213182091710000,-1.160009980200000,0.000000000000000
-46.499794006300000,168.311203003000003,1.035846114160000,1.139542222020000,1.213155865670000,-1.160210013390000,0.000000000000000
-46.499282836900001,168.310623168999996,1.033232331280000,1.136805891990000,1.210161685940000,-1.159095048900000,0.000000000000000
-46.498363494899998,168.310806273999987,1.033018469810000,1.136811017990000,1.209995388980000,-1.159286618230000,0.000000000000000
-46.497501373299997,168.311004639000004,1.033128023150000,1.137265086170000,1.210386514660000,-1.159543991090000,0.000000000000000
-46.496181487999998,168.310714722000000,1.031401634220000,1.135507583620000,1.208476066590000,-1.160450577740000,0.000000000000000
-46.496963501000003,168.310485840000013,1.031954526900000,1.136006355290000,1.209256768230000,-1.160305500030000,0.000000000000000
-46.505016326899998,168.309494018999999,1.035593509670000,1.141784906390000,1.212989568710000,-1.160314202310000,0.000000000000000
-46.506580352800000,168.307952881000006,1.034739971160000,1.141156435010000,1.212896823880000,-1.161683797840000,0.000000000000000
-46.506183624300000,168.308654784999987,1.035643577580000,1.142184019090000,1.214057445530000,-1.163598299030000,0.000000000000000
-46.505382537800003,168.308746337999992,1.034992814060000,1.140911817550000,1.212230324750000,-1.159811258320000,0.000000000000000
-46.504188537600001,168.309616089000002,1.035764575000000,1.141993522640000,1.213551878930000,-1.161422610280000,0.000000000000000
-46.503360748299997,168.309722899999997,1.033892989160000,1.137365579610000,1.210911631580000,-1.158087372780000,0.000000000000000
-46.508281707800002,168.307952881000006,1.035302758220000,1.141824841500000,1.213510036470000,-1.161410689350000,0.000000000000000
-46.509246826199998,168.307968140000014,1.034998416900000,1.140739202500000,1.211957573890000,-1.158125400540000,0.000000000000000
-46.507007598900003,168.307281493999994,1.034492969510000,1.141318798070000,1.213369846340000,-1.165785193440000,0.000000000000000
-46.507846832299997,168.307296753000003,1.034789562230000,1.141314864160000,1.213197350500000,-1.162491321560000,0.000000000000000
-46.494102478000002,168.310745238999999,1.030786156650000,1.135536909100000,1.208276748660000,-1.160170078280000,0.000000000000000
-46.490795135500001,168.309616089000002,1.033401966090000,1.140640378000000,1.209898114200000,-1.159307837490000,0.000000000000000
-46.491527557399998,168.309585571000014,1.032304048540000,1.139406681060000,1.208625197410000,-1.159089684490000,0.000000000000000
-46.492221832299997,168.309188842999987,1.026830434800000,1.131004810330000,1.203827023510000,-1.157882690430000,0.000000000000000
-46.492935180700002,168.309738159000005,1.030431628230000,1.134762644770000,1.207454681400000,-1.159300565720000,0.000000000000000
-46.493553161599998,168.310226440000008,1.028501987460000,1.132748246190000,1.205205559730000,-1.157727360730000,0.000000000000000
-46.494899749799998,168.310470581000004,1.029701948170000,1.134240627290000,1.206963419910000,-1.159301161770000,0.000000000000000
-46.495643615699997,168.310195923000009,1.029022336010000,1.133278250690000,1.206222772600000,-1.159689068790000,0.000000000000000
-46.502536773700001,168.309860229000009,1.033277750020000,1.136923074720000,1.210654735570000,-1.159423947330000,0.000000000000000
-46.501720428500001,168.310012817000000,1.032143235210000,1.135758876800000,1.209151625630000,-1.157508969310000,0.000000000000000
-46.500930786100000,168.310226440000008,1.032965898510000,1.136289954190000,1.209692955020000,-1.158524751660000,0.000000000000000
-46.500141143800001,168.310424804999997,1.033244252200000,1.136671662330000,1.210054516790000,-1.158677101140000,0.000000000000000
-46.499607086200001,168.309875487999989,1.031273841860000,1.134604692460000,1.208151936530000,-1.158794164660000,0.000000000000000
-46.498718261699999,168.310089110999996,1.031799674030000,1.135330677030000,1.208867073060000,-1.159314394000000,0.000000000000000
-46.497810363799999,168.310287476000013,1.031010746960000,1.134968996050000,1.208132267000000,-1.159224629400000,0.000000000000000
-46.496437072799999,168.309951782000013,1.029746651650000,1.133692622180000,1.206958293910000,-1.160248279570000,0.000000000000000
-46.497276306200000,168.309768676999994,1.029574990270000,1.133477687840000,1.206617832180000,-1.158987402920000,0.000000000000000
-46.506683349600003,168.306518554999997,1.029151558880000,1.135460376740000,1.207219719890000,-1.161784052850000,0.000000000000000
-46.504562377900001,168.308868407999995,1.033486127850000,1.139453291890000,1.210513591770000,-1.158390164380000,0.000000000000000
-46.505630493200002,168.307952881000006,1.032003521920000,1.138014912610000,1.209096789360000,-1.159291267400000,0.000000000000000
-46.504878997799999,168.308197021000012,1.031135916710000,1.137083292010000,1.208290219310000,-1.159245848660000,0.000000000000000
-46.503715515099998,168.309005737000007,1.032359361650000,1.138272404670000,1.209357023240000,-1.157887578010000,0.000000000000000
-46.502861022899999,168.309127808000000,1.031597733500000,1.137628316880000,1.208815455440000,-1.158306241040000,0.000000000000000
-46.508792877200001,168.307281493999994,1.034046769140000,1.140691757200000,1.212320089340000,-1.161610841750000,0.000000000000000
-46.510002136200001,168.307205199999999,1.034964084630000,1.141402482990000,1.213188529010000,-1.161511421200000,0.000000000000000
-46.507476806600003,168.306640625000000,1.033237218860000,1.140048980710000,1.212070345880000,-1.165087103840000,0.000000000000000
-46.508308410600002,168.306640625000000,1.034163832660000,1.140824317930000,1.212689757350000,-1.163075327870000,0.000000000000000
-46.507209777800000,168.305877686000002,1.031942844390000,1.139281511310000,1.211982607840000,-1.169849753380000,0.000000000000000
-46.494346618700000,168.309951782000013,1.028394341470000,1.132901191710000,1.205891966820000,-1.159318685530000,0.000000000000000
-46.493087768599999,168.308868407999995,1.026728987690000,1.130829930310000,1.203346967700000,-1.158408403400000,0.000000000000000
-46.493755340600003,168.309432982999994,1.027964711190000,1.132698297500000,1.205595731740000,-1.160184741020000,0.000000000000000
-46.495101928700002,168.309661865000010,1.027171254160000,1.131590843200000,1.204527854920000,-1.159357666970000,0.000000000000000
-46.495914459200002,168.309417725000003,1.028594374660000,1.132527112960000,1.205903887750000,-1.161724448200000,0.000000000000000
-46.502021789600001,168.309280395999991,1.030946373940000,1.137082695960000,1.208299398420000,-1.158326983450000,0.000000000000000
-46.501216888400002,168.309417725000003,1.030376553540000,1.133969545360000,1.207706332210000,-1.158423542980000,0.000000000000000
-46.500427246100003,168.309646606000001,1.030908942220000,1.134462475780000,1.208133697510000,-1.158461093900000,0.000000000000000
-46.499855041499998,168.309097290000011,1.029087066650000,1.132405161860000,1.206182837490000,-1.158893823620000,0.000000000000000
-46.499015808099998,168.309341431000007,1.029193401340000,1.132760286330000,1.206324338910000,-1.158842325210000,0.000000000000000
-46.498161315899999,168.309570312000005,1.029478669170000,1.133297801020000,1.206940889360000,-1.159780621530000,0.000000000000000
-46.496742248499999,168.309219359999986,1.027117490770000,1.130891799930000,1.203958153720000,-1.159453511240000,0.000000000000000
-46.497596740699997,168.309005737000007,1.027748942380000,1.131514549260000,1.205086112020000,-1.160402655600000,0.000000000000000
-46.504089355500000,168.308166504000013,1.028845548630000,1.134543776510000,1.205429315570000,-1.155557632450000,0.000000000000000
-46.504859924300000,168.307220459000007,1.027161240580000,1.132736206050000,1.204299211500000,-1.153822183610000,0.000000000000000
-46.503189086900001,168.308303832999997,1.028343081470000,1.134329319000000,1.205467462540000,-1.156440377240000,0.000000000000000
-46.502288818399997,168.308456420999988,1.028107881550000,1.134175062180000,1.205256342890000,-1.156881213190000,0.000000000000000
-46.509170532200002,168.306457520000009,1.033168315890000,1.139442324640000,1.210898518560000,-1.157667636870000,0.000000000000000
-46.510051727300002,168.306228637999993,1.035384893420000,1.141764402390000,1.213144540790000,-1.160288691520000,0.000000000000000
-46.507984161400003,168.305953979000009,1.031879067420000,1.138842105870000,1.210832834240000,-1.163841009140000,0.000000000000000
-46.508659362800003,168.305999756000006,1.034976005550000,1.141992926600000,1.214047551160000,-1.164795041080000,0.000000000000000
-46.507011413599997,168.305084228999988,1.029848217960000,1.137538671490000,1.210639715190000,-1.170949578290000,0.000000000000000
-46.507793426500001,168.305206298999991,1.031295537950000,1.138922572140000,1.211643576620000,-1.172744870190000,0.000000000000000
-46.494518280000001,168.309127808000000,1.026833891870000,1.131017327310000,1.203726649280000,-1.158934354780000,0.000000000000000
-46.493888855000002,168.308517456000004,1.025350451470000,1.129414081570000,1.202426671980000,-1.156114697460000,0.000000000000000
-46.495388030999997,168.308807373000008,1.026331663130000,1.130249857900000,1.203679561610000,-1.160215139390000,0.000000000000000
-46.496196746800003,168.308731079000012,1.027146935460000,1.130932688710000,1.204366326330000,-1.160396456720000,0.000000000000000
-46.501415252699999,168.308532715000013,1.027943134310000,1.134268641470000,1.205572605130000,-1.158084034920000,0.000000000000000
-46.500598907499999,168.308761597000000,1.028512954710000,1.132011532780000,1.205857992170000,-1.158232927320000,0.000000000000000
-46.500015258799998,168.308258056999989,1.027990341190000,1.134290933610000,1.206012845040000,-1.160407423970000,0.000000000000000
-46.499313354500003,168.308441162000008,1.027141928670000,1.130738019940000,1.204787850380000,-1.159463524820000,0.000000000000000
-46.498462676999999,168.308746337999992,1.026986241340000,1.130674481390000,1.204347372060000,-1.159203648570000,0.000000000000000
-46.496902465799998,168.308380126999992,1.026149034500000,1.129886746410000,1.203968286510000,-1.161021351810000,0.000000000000000
-46.497787475599999,168.308120728000006,1.025513887410000,1.129245758060000,1.203353643420000,-1.160385966300000,0.000000000000000
-46.503456115699997,168.307327270999991,1.027799844740000,1.133909225460000,1.205902218820000,-1.159458398820000,0.000000000000000
-46.503810882600000,168.306472778000000,1.026998639110000,1.133230924610000,1.205340623860000,-1.159290790560000,0.000000000000000
-46.502471923800002,168.307479857999994,1.028272509570000,1.134292602540000,1.206245064740000,-1.159213185310000,0.000000000000000
-46.501716613799999,168.307723998999990,1.028273582460000,1.134333968160000,1.206346154210000,-1.160917162900000,0.000000000000000
-46.509422302200001,168.305358887000011,1.031303048130000,1.137816905980000,1.209517836570000,-1.160937070850000,0.000000000000000
-46.508537292500002,168.305191040000011,1.032723665240000,1.140067458150000,1.212450265880000,-1.166437149050000,0.000000000000000
-46.507667541499998,168.304412842000005,1.027780771260000,1.135944724080000,1.208949804310000,-1.176329493520000,0.000000000000000
-46.508277893100001,168.304504395000009,1.032600283620000,1.140691637990000,1.213646531110000,-1.172678351400000,0.000000000000000
-46.506782531699997,168.303573607999994,1.028980612750000,1.139093279840000,1.213696002960000,-1.183999061580000,0.000000000000000
-46.507415771500000,168.303619384999990,1.032972574230000,1.145044207570000,1.220113635060000,-1.200137972830000,0.000000000000000
-46.503856658899998,168.303924561000002,1.023719429970000,1.131435632710000,1.204976677890000,-1.166542768480000,0.000000000000000
-46.494808196999998,168.308181762999993,1.025910258290000,1.130238890650000,1.203765511510000,-1.162418365480000,0.000000000000000
-46.495880127000000,168.307937621999997,1.021787285800000,1.125695109370000,1.198791623120000,-1.159681797030000,0.000000000000000
-46.500762939500000,168.307693481000001,1.026607394220000,1.132747888570000,1.204425096510000,-1.159400939940000,0.000000000000000
-46.499706268300002,168.307449340999995,1.024852514270000,1.131209135060000,1.202853202820000,-1.159528255460000,0.000000000000000
-46.498725891100001,168.307754517000006,1.026597023010000,1.133156061170000,1.205306649210000,-1.163068175320000,0.000000000000000
-46.496932983400001,168.307418823000006,1.023816108700000,1.127587318420000,1.202170610430000,-1.164188027380000,0.000000000000000
-46.497962951700003,168.307022095000008,1.021190285680000,1.124679684640000,1.198580741880000,-1.159409403800000,0.000000000000000
-46.503387451199998,168.305267334000007,1.022680878640000,1.128743767740000,1.201151371000000,-1.157868027690000,0.000000000000000
-46.502693176299999,168.306381226000013,1.024685978890000,1.130355834960000,1.202151060100000,-1.157630443570000,0.000000000000000
-46.501514434800001,168.306793212999992,1.025221943860000,1.130993962290000,1.202909350400000,-1.158492803570000,0.000000000000000
-46.509990692099997,168.304473876999992,1.034714698790000,1.142282366750000,1.214369416240000,-1.165454983710000,0.000000000000000
-46.509147644000002,168.304260254000013,1.032900333400000,1.140687108040000,1.212990403180000,-1.168037652970000,0.000000000000000
-46.508342742899998,168.303634643999999,1.030914545060000,1.139542698860000,1.212702989580000,-1.175749182700000,0.000000000000000
-46.507049560500000,168.302886962999992,1.028466463090000,1.136396527290000,1.209342002870000,-1.170705914500000,0.000000000000000
-46.507820129400002,168.302856445000003,1.028947472570000,1.137719869610000,1.210676312450000,-1.174095988270000,0.000000000000000
-46.506580352800000,168.302200317000000,1.028857946400000,1.138530611990000,1.212173819540000,-1.182531118390000,0.000000000000000
-46.502696991000001,168.304138184000010,1.022702932360000,1.130131840710000,1.203549981120000,-1.168235659600000,0.000000000000000
-46.503135681200000,168.302993773999987,1.022064447400000,1.129979133610000,1.203788280490000,-1.170301079750000,0.000000000000000
-46.494983673100002,168.307006835999999,1.022008299830000,1.125354051590000,1.198330998420000,-1.155373573300000,0.000000000000000
-46.496047973600000,168.306594848999993,1.017375469210000,1.120967149730000,1.195878744130000,-1.163342952730000,0.000000000000000
-46.500389099099998,168.306365967000005,1.024538636210000,1.130720853810000,1.203237533570000,-1.162627458570000,0.000000000000000
-46.499050140400001,168.306442261000001,1.022990822790000,1.129385352130000,1.201755762100000,-1.162442803380000,0.000000000000000
-46.497051239000001,168.306259154999992,1.022418379780000,1.128970980640000,1.202165246010000,-1.166741490360000,0.000000000000000
-46.498023986800000,168.305984496999997,1.022423505780000,1.129395961760000,1.202790379520000,-1.168310046200000,0.000000000000000
-46.501667022699998,168.305160521999994,1.024200439450000,1.131083369260000,1.204290866850000,-1.166710972790000,0.000000000000000
-46.503906250000000,168.302032470999990,1.021114706990000,1.128965854640000,1.202813267710000,-1.171490311620000,0.000000000000000
-46.503002166700000,168.301925659000005,1.022579789160000,1.131650209430000,1.206044197080000,-1.175737380980000,0.000000000000000
-46.505363464399998,168.301559448000006,1.031189441680000,1.139898061750000,1.213521957400000,-1.176496505740000,0.000000000000000
-46.509128570599998,168.303085326999991,1.029665708540000,1.137883067130000,1.210556626320000,-1.171447992320000,0.000000000000000
-46.508476257300003,168.302780151000007,1.030951499940000,1.139144301410000,1.211846113200000,-1.170952558520000,0.000000000000000
-46.507354736300002,168.302124023000005,1.028206348420000,1.137923955920000,1.211422801020000,-1.181596040730000,0.000000000000000
-46.508121490500002,168.302124023000005,1.026917219160000,1.134859561920000,1.207353234290000,-1.169454097750000,0.000000000000000
-46.506191253700003,168.301528931000007,1.027994751930000,1.136853218080000,1.210698008540000,-1.176696181300000,0.000000000000000
-46.506958007800002,168.301452637000011,1.026952266690000,1.135599732400000,1.209046483040000,-1.173896670340000,0.000000000000000
-46.501876831099999,168.303482056000007,1.021970868110000,1.129594922070000,1.203538298610000,-1.169348716740000,0.000000000000000
-46.502281189000001,168.302520751999992,1.020924687390000,1.129121065140000,1.203295707700000,-1.172318339350000,0.000000000000000
-46.496288299600003,168.305313109999986,1.013595104220000,1.120775222780000,1.193820953370000,-1.168631315230000,0.000000000000000
-46.499992370599998,168.304916381999988,1.020903706550000,1.127700924870000,1.200756669040000,-1.163813352580000,0.000000000000000
-46.498813629200001,168.304916381999988,1.021445393560000,1.128647804260000,1.202562808990000,-1.170230269430000,0.000000000000000
-46.497535705600001,168.305007934999992,1.014410376550000,1.120376706120000,1.192641615870000,-1.161204218860000,0.000000000000000
-46.500690460199998,168.303619384999990,1.019994378090000,1.127101302150000,1.200806379320000,-1.167512059210000,0.000000000000000
-46.503665924099998,168.301239014000004,1.021924018860000,1.130629420280000,1.204759001730000,-1.175613522530000,0.000000000000000
-46.502147674600003,168.301727295000006,1.023074150090000,1.132383227350000,1.206809163090000,-1.177904844280000,0.000000000000000
-46.502883911100000,168.301086426000012,1.023297548290000,1.132297635080000,1.206483840940000,-1.175231218340000,0.000000000000000
-46.505756378199997,168.301025390999996,1.028751730920000,1.138054132460000,1.212021589280000,-1.179729461670000,0.000000000000000
-46.505035400399997,168.300842284999987,1.028323292730000,1.136162757870000,1.209793925290000,-1.173488855360000,0.000000000000000
-46.504215240500002,168.300674437999987,1.024388551710000,1.132954478260000,1.206825494770000,-1.171987295150000,0.000000000000000
-46.509754180900003,168.302383423000009,1.030363321300000,1.138380169870000,1.210731744770000,-1.169979691510000,0.000000000000000
-46.508907318100000,168.302215576000009,1.027568936350000,1.135143637660000,1.207243561740000,-1.164428114890000,0.000000000000000
-46.507717132600000,168.301391601999995,1.027421593670000,1.135439634320000,1.207945823670000,-1.167554616930000,0.000000000000000
-46.508422851600002,168.301544188999998,1.026502609250000,1.133997678760000,1.206166505810000,-1.165609598160000,0.000000000000000
-46.506450653100003,168.300689696999996,1.026768803600000,1.135634303090000,1.209400296210000,-1.176568984990000,0.000000000000000
-46.507362365699997,168.300674437999987,1.024886488910000,1.133337855340000,1.206335306170000,-1.173141241070000,0.000000000000000
-46.501331329300001,168.302322387999993,1.021241784100000,1.129994988440000,1.204549193380000,-1.177004456520000,0.000000000000000
-46.501514434800001,168.301345824999999,1.022628188130000,1.131632685660000,1.206080079080000,-1.176285743710000,0.000000000000000
-46.496704101600002,168.304046631000006,1.019913792610000,1.127814054490000,1.203228950500000,-1.179661870000000,0.000000000000000
-46.499534606899999,168.303573607999994,1.021825432780000,1.130003213880000,1.204305648800000,-1.173285126690000,0.000000000000000
-46.498107910199998,168.303649901999989,1.021213054660000,1.129693269730000,1.204033851620000,-1.171474933620000,0.000000000000000
-46.500164032000001,168.302215576000009,1.021634817120000,1.130470037460000,1.205074310300000,-1.176322817800000,0.000000000000000
-46.503417968800001,168.300476073999988,1.022409081460000,1.131483078000000,1.205497741700000,-1.174799799920000,0.000000000000000
-46.502109527599998,168.300872803000004,1.025254130360000,1.134349823000000,1.208302021030000,-1.176443338390000,0.000000000000000
-46.502674102800000,168.300292968999997,1.022379279140000,1.131146192550000,1.205097675320000,-1.174099445340000,0.000000000000000
-46.505634307900003,168.300369262999993,1.028627872470000,1.137922286990000,1.212074756620000,-1.178082227710000,0.000000000000000
-46.504749298100002,168.300109862999989,1.031477212910000,1.140641689300000,1.214464545250000,-1.178929805760000,0.000000000000000
-46.503944396999998,168.299911498999990,1.032727599140000,1.141900777820000,1.215156197550000,-1.176919341090000,0.000000000000000
-46.506187439000001,168.299819946000014,1.028791069980000,1.137753248210000,1.211653232570000,-1.178695917130000,0.000000000000000
-46.509304046600001,168.301055907999995,1.029580235480000,1.137416481970000,1.209696650510000,-1.166308403020000,0.000000000000000
-46.508205413799999,168.300811767999988,1.023093104360000,1.130669236180000,1.203049898150000,-1.166609168050000,0.000000000000000
-46.507022857700001,168.299972534000005,1.024451017380000,1.133122682570000,1.206648588180000,-1.173706293110000,0.000000000000000
-46.507720947300001,168.300125121999997,1.026808023450000,1.134719848630000,1.207605719570000,-1.167616367340000,0.000000000000000
-46.500740051299999,168.301345824999999,1.024244427680000,1.133322000500000,1.207790493970000,-1.179019570350000,0.000000000000000
-46.501338958700003,168.300628662000008,1.026447057720000,1.136099100110000,1.210023522380000,-1.178533434870000,0.000000000000000
-46.497272491499999,168.302597045999988,1.024004936220000,1.133023262020000,1.207400083540000,-1.173700451850000,0.000000000000000
-46.498874664299997,168.302078246999997,1.019899010660000,1.127554059030000,1.201841235160000,-1.171335339550000,0.000000000000000
-46.499877929699998,168.301025390999996,1.022809863090000,1.131901025770000,1.206282854080000,-1.177603602410000,0.000000000000000
-46.503162383999999,168.299697876000010,1.030359029770000,1.139787673950000,1.212641119960000,-1.174300909040000,0.000000000000000
-46.501945495599998,168.300079345999990,1.022692084310000,1.131000518800000,1.204816460610000,-1.172002077100000,0.000000000000000
-46.502429962199997,168.299484253000003,1.030141592030000,1.139898180960000,1.212826609610000,-1.176639795300000,0.000000000000000
-46.505340576199998,168.299621581999986,1.032019615170000,1.141620159150000,1.215703129770000,-1.180045127870000,0.000000000000000
-46.504482269299999,168.299362183000000,1.032928824420000,1.142057776450000,1.215819120410000,-1.178029417990000,0.000000000000000
-46.503700256300000,168.299133301000012,1.034883975980000,1.144124269490000,1.217347145080000,-1.177625060080000,0.000000000000000
-46.506717681900000,168.299255370999987,1.025934576990000,1.135870337490000,1.210164189340000,-1.181698918340000,0.000000000000000
-46.505905151400000,168.299087523999987,1.025390267370000,1.133340239520000,1.206700563430000,-1.169619083400000,0.000000000000000
-46.507537841800001,168.299407959000007,1.021327018740000,1.128555297850000,1.201378583910000,-1.167169809340000,0.000000000000000
-46.500541687000002,168.300399779999992,1.025388717650000,1.134124875070000,1.207997918130000,-1.175995588300000,0.000000000000000
-46.501197814900003,168.299819946000014,1.026075005530000,1.134624600410000,1.208201885220000,-1.174619317050000,0.000000000000000
-46.496944427499997,168.301452637000011,1.017859935760000,1.125078439710000,1.199486732480000,-1.169890761380000,0.000000000000000
-46.497909545900001,168.301437378000003,1.019265770910000,1.126594662670000,1.200650334360000,-1.168025851250000,0.000000000000000
-46.499721527100000,168.300064087000010,1.028989672660000,1.138337492940000,1.211898326870000,-1.179238200190000,0.000000000000000
-46.498908996600001,168.300750732000012,1.025747776030000,1.134970426560000,1.209078550340000,-1.178596973420000,0.000000000000000
-46.502925872799999,168.298904418999996,1.033598661420000,1.142429471020000,1.214998483660000,-1.172674775120000,0.000000000000000
-46.501689910899998,168.299255370999987,1.028097987170000,1.137523055080000,1.210456728940000,-1.175552010540000,0.000000000000000
-46.502185821499999,168.298660278000000,1.036260128020000,1.145424842830000,1.217479825020000,-1.175390958790000,0.000000000000000
-46.505092620799999,168.298889159999987,1.032423973080000,1.142150163650000,1.216163992880000,-1.180850267410000,0.000000000000000
-46.504268646200003,168.298614501999992,1.034950733180000,1.144349813460000,1.217962980270000,-1.178649187090000,0.000000000000000
-46.503463745099999,168.298355103000006,1.037598133090000,1.147714734080000,1.220853328700000,-1.180884599690000,0.000000000000000
-46.507122039800002,168.298736571999996,1.022477746010000,1.130175590520000,1.203658938410000,-1.170272231100000,0.000000000000000
-46.506458282499999,168.298538207999997,1.025019526480000,1.133500695230000,1.207380294800000,-1.174706816670000,0.000000000000000
-46.505672454799999,168.298355103000006,1.026909232140000,1.136280417440000,1.210181713100000,-1.178088188170000,0.000000000000000
-46.500446319600002,168.299499512000011,1.027515530590000,1.136372447010000,1.209642887120000,-1.174960613250000,0.000000000000000
-46.501041412399999,168.299133301000012,1.029915452000000,1.139689564700000,1.212612032890000,-1.176685214040000,0.000000000000000
-46.499607086200001,168.299118042000003,1.028612971310000,1.137695789340000,1.210805892940000,-1.174927830700000,0.000000000000000
-46.497493743900002,168.300338745000005,1.028780579570000,1.138119101520000,1.211677670480000,-1.181271076200000,0.000000000000000
-46.498760223399998,168.299621581999986,1.026075243950000,1.134774923320000,1.208302736280000,-1.174828052520000,0.000000000000000
-46.502674102800000,168.298080443999993,1.035554647450000,1.144914507870000,1.217434883120000,-1.175541877750000,0.000000000000000
-46.501304626500001,168.298400879000013,1.033743619920000,1.142642140390000,1.214706540110000,-1.172933816910000,0.000000000000000
-46.501937866200002,168.297790526999989,1.039256095890000,1.148447036740000,1.221265196800000,-1.176560163500000,0.000000000000000
-46.504863739000001,168.298110962000010,1.031663537030000,1.141441464420000,1.215347051620000,-1.179132461550000,0.000000000000000
-46.504047393800001,168.297836303999986,1.034462928770000,1.143838167190000,1.217161059380000,-1.177814841270000,0.000000000000000
-46.503261566200003,168.297576904000010,1.039666891100000,1.149362444880000,1.222169280050000,-1.179187655450000,0.000000000000000
-46.507068633999999,168.298019409000005,1.019458532330000,1.127578020100000,1.201305747030000,-1.169103264810000,0.000000000000000
-46.506244659399997,168.297775268999999,1.025074243550000,1.133801937100000,1.207683086400000,-1.176009058950000,0.000000000000000
-46.505443573000001,168.297592162999990,1.026274442670000,1.134233236310000,1.207758665080000,-1.172270536420000,0.000000000000000
-46.500396728500000,168.298538207999997,1.030983209610000,1.140127778050000,1.212535500530000,-1.175692439080000,0.000000000000000
-46.500682830800002,168.297790526999989,1.036470770840000,1.145797967910000,1.218677163120000,-1.176007986070000,0.000000000000000
-46.499485015899999,168.298309326000009,1.032744884490000,1.141983032230000,1.214480161670000,-1.175766110420000,0.000000000000000
-46.498703002900001,168.298645020000009,1.029160499570000,1.138659596440000,1.211402654650000,-1.177025556560000,0.000000000000000
-46.497566223100002,168.299087523999987,1.029500246050000,1.138183712960000,1.211242556570000,-1.173476219180000,0.000000000000000
-46.502494812000002,168.297256470000008,1.037432193760000,1.146768331530000,1.219035148620000,-1.176160454750000,0.000000000000000
-46.501228332499998,168.297424315999990,1.037404179570000,1.146257758140000,1.218946099280000,-1.175250172620000,0.000000000000000
-46.501773834200002,168.296920776000007,1.037545323370000,1.146807551380000,1.218831658360000,-1.174607396130000,0.000000000000000
-46.504650116000001,168.297348021999994,1.031304597850000,1.140635252000000,1.214429974560000,-1.179281115530000,0.000000000000000
-46.503818512000002,168.297058104999991,1.030058860780000,1.139286398890000,1.212834119800000,-1.176777958870000,0.000000000000000
-46.503059387199997,168.296783446999996,1.038966298100000,1.148391962050000,1.220933914180000,-1.179356932640000,0.000000000000000
-46.506080627400003,168.296966553000004,1.018844008450000,1.127482891080000,1.201341748240000,-1.172423362730000,0.000000000000000
-46.505233764600000,168.296798706000004,1.028681874280000,1.138599514960000,1.212023973460000,-1.182474851610000,0.000000000000000
-46.500514984100001,168.297027587999992,1.036573052410000,1.145526409150000,1.218775272370000,-1.174110889430000,0.000000000000000
-46.499950408899998,168.297698975000003,1.032978534700000,1.141774535180000,1.213920116420000,-1.173884153370000,0.000000000000000
-46.498863220200001,168.297485351999995,1.033737897870000,1.142566680910000,1.215084791180000,-1.175625205040000,0.000000000000000
-46.497623443599998,168.297897339000002,1.031356096270000,1.140751957890000,1.213354945180000,-1.177326917650000,0.000000000000000
-46.502952575700000,168.295959473000011,1.031885981560000,1.141143918040000,1.214039802550000,-1.173877596860000,0.000000000000000
-46.502338409399997,168.296417235999996,1.040226101880000,1.149862051010000,1.223630189900000,-1.178437352180000,0.000000000000000
-46.501087188699998,168.296508789000001,1.037333488460000,1.146105647090000,1.219223499300000,-1.174690365790000,0.000000000000000
-46.501667022699998,168.296005248999990,1.040218591690000,1.149777174000000,1.223912596700000,-1.177286028860000,0.000000000000000
-46.504455566399997,168.296569823999988,1.034169554710000,1.143503665920000,1.216605544090000,-1.175873756410000,0.000000000000000
-46.503684997599997,168.296264648000005,1.031377434730000,1.140902638440000,1.214106917380000,-1.179720878600000,0.000000000000000
-46.503479003899997,168.295578003000003,1.034873843190000,1.144257187840000,1.217226266860000,-1.181851148610000,0.000000000000000
-46.506790161100000,168.296218871999997,1.019088506700000,1.128406047820000,1.202255487440000,-1.186428070070000,0.000000000000000
-46.505134582499998,168.295974731000001,1.012970805170000,1.120256304740000,1.193536639210000,-1.165801763530000,0.000000000000000
-46.505813598600000,168.296279907000013,1.017123341560000,1.124745845790000,1.198428392410000,-1.169375538830000,0.000000000000000
-46.500358581500002,168.296142578000001,1.039102554320000,1.148499965670000,1.222963809970000,-1.176172256470000,0.000000000000000
-46.499671935999999,168.296798706000004,1.035662293430000,1.144864320760000,1.217661023140000,-1.176321983340000,0.000000000000000
-46.498893737800003,168.296493529999992,1.034671902660000,1.143436312680000,1.216617465020000,-1.174068093300000,0.000000000000000
-46.497898101799997,168.296798706000004,1.034912347790000,1.144344806670000,1.216747403140000,-1.174789905550000,0.000000000000000
-46.502933502200001,168.295135498000008,1.029744863510000,1.138938188550000,1.211702227590000,-1.176311254500000,0.000000000000000
-46.502269744899998,168.295547484999986,1.032941341400000,1.142130017280000,1.214620232580000,-1.175595521930000,0.000000000000000
-46.500949859599999,168.295639037999990,1.039141058920000,1.148428201680000,1.223135828970000,-1.176727056500000,0.000000000000000
-46.501552581799999,168.295166015999996,1.036781787870000,1.146082758900000,1.219409823420000,-1.174753189090000,0.000000000000000
-46.504219055199997,168.295547484999986,1.024526715280000,1.133750319480000,1.207295536990000,-1.176588535310000,0.000000000000000
-46.503631591800001,168.294830321999996,1.025188326840000,1.134526252750000,1.207543969150000,-1.175071358680000,0.000000000000000
-46.504989623999997,168.295135498000008,1.019286751750000,1.127232909200000,1.199505448340000,-1.168433189390000,0.000000000000000
-46.506179809599999,168.295303345000008,1.019564270970000,1.130951285360000,1.205002427100000,-1.182781457900000,0.000000000000000
-46.500156402599998,168.295257568000011,1.037702083590000,1.146641612050000,1.220665335660000,-1.173981785770000,0.000000000000000
-46.499481201199998,168.295898437999995,1.035801410680000,1.144747734070000,1.218717932700000,-1.174811124800000,0.000000000000000
-46.498207092299999,168.295745850000003,1.029453277590000,1.138474583630000,1.210981965070000,-1.174841165540000,0.000000000000000
-46.503536224400001,168.293914795000006,1.011059999470000,1.119403839110000,1.193746089940000,-1.173821449280000,0.000000000000000
-46.502861022899999,168.294342040999993,1.029668450360000,1.139380335810000,1.212209463120000,-1.179118275640000,0.000000000000000
-46.502201080299997,168.294738770000009,1.033321976660000,1.142865180970000,1.216471791270000,-1.178850770000000,0.000000000000000
-46.500839233400001,168.294769287000008,1.037156224250000,1.146507263180000,1.220930337910000,-1.175959706310000,0.000000000000000
-46.500022888200000,168.294403076000009,1.038315057750000,1.147857308390000,1.223219990730000,-1.175903558730000,0.000000000000000
-46.501483917199998,168.294342040999993,1.036492466930000,1.146073341370000,1.220746874810000,-1.176999568940000,0.000000000000000
-46.505374908400000,168.294494629000013,1.017496347430000,1.126759052280000,1.199752092360000,-1.177609801290000,0.000000000000000
-46.498882293699999,168.294799804999997,1.038495421410000,1.148340821270000,1.224183321000000,-1.179665088650000,0.000000000000000
-46.504081726099997,168.293090820000003,1.037834405900000,1.152042984960000,1.233485937120000,-1.198030114170000,0.000000000000000
-46.503311157200002,168.293197631999988,1.024900913240000,1.136017680170000,1.211188554760000,-1.186645507810000,0.000000000000000
-46.502780914299997,168.293548584000007,1.028067469600000,1.139041185380000,1.213715910910000,-1.183920979500000,0.000000000000000
-46.502136230500000,168.293930053999986,1.030254244800000,1.139456272130000,1.212722420690000,-1.174715995790000,0.000000000000000
-46.499149322500003,168.293914795000006,1.038258671760000,1.148155927660000,1.223828911780000,-1.175892353060000,0.000000000000000
-46.500747680700002,168.293960571000014,1.035687804220000,1.144970297810000,1.219631791110000,-1.175360322000000,0.000000000000000
-46.499984741200002,168.293518065999990,1.038638472560000,1.148419618610000,1.224198937420000,-1.177834272380000,0.000000000000000
-46.501399993900002,168.293548584000007,1.037565588950000,1.147507309910000,1.223559260370000,-1.178354859350000,0.000000000000000
-46.505310058600003,168.293411254999995,1.022571682930000,1.131555199620000,1.206797599790000,-1.172789096830000,0.000000000000000
-46.512550353999998,168.290252686000002,1.003768324850000,1.076541304590000,1.151040315630000,-0.703621089458000,0.000000000000000
-46.506637573200003,168.292999267999988,1.019174456600000,1.131295204160000,1.207649230960000,-1.183668851850000,0.000000000000000
-46.497882842999999,168.293762206999986,1.041374564170000,1.151190400120000,1.227795124050000,-1.181868076320000,0.000000000000000
-46.504741668699999,168.292419434000010,1.024348258970000,1.135048151020000,1.212221145630000,-1.178586006160000,0.000000000000000
-46.504066467299999,168.292083740000010,1.025440096860000,1.134435892110000,1.209917664530000,-1.169670104980000,0.000000000000000
-46.503383636499997,168.292480468999997,1.026055216790000,1.136142253880000,1.211869835850000,-1.178735375400000,0.000000000000000
-46.502685546899997,168.292755126999992,1.030273556710000,1.140564203260000,1.216965913770000,-1.179166316990000,0.000000000000000
-46.502048492400000,168.293151854999991,1.030071616170000,1.139532208440000,1.213707685470000,-1.174995899200000,0.000000000000000
-46.498970031699997,168.292938232000012,1.036502838130000,1.145947098730000,1.221090674400000,-1.174932956700000,0.000000000000000
-46.500724792500002,168.293136597000000,1.036793828010000,1.146593689920000,1.222603797910000,-1.175627350810000,0.000000000000000
-46.500122070300002,168.292755126999992,1.039587497710000,1.149234414100000,1.225997805600000,-1.177885413170000,0.000000000000000
-46.501373291000000,168.292724609000004,1.036089062690000,1.146081447600000,1.222182273860000,-1.177622199060000,0.000000000000000
-46.505714416499998,168.292037964000002,1.014663219450000,1.124472856520000,1.197002768520000,-1.178199172020000,0.000000000000000
-46.498840332000000,168.292007446000014,1.041064381600000,1.150772213940000,1.228802084920000,-1.178134560590000,0.000000000000000
-46.504650116000001,168.291458129999995,1.027341365810000,1.138815760610000,1.216824054720000,-1.184694767000000,0.000000000000000
-46.503913879400002,168.291259765999996,1.027844429020000,1.138787269590000,1.216092586520000,-1.183799624440000,0.000000000000000
-46.503349304200000,168.291580199999999,1.032869577410000,1.144100666050000,1.222087025640000,-1.185257911680000,0.000000000000000
-46.502689361599998,168.291961670000006,1.035732507710000,1.146383762360000,1.224528908730000,-1.180790305140000,0.000000000000000
-46.502025604200000,168.292343140000014,1.030536890030000,1.140352606770000,1.215610146520000,-1.176574707030000,0.000000000000000
-46.499202728299998,168.291336059999992,1.036411166190000,1.146200299260000,1.221845149990000,-1.175648450850000,0.000000000000000
-46.499752044700003,168.291992187999995,1.038247466090000,1.147811770440000,1.224491000180000,-1.175828933720000,0.000000000000000
-46.500698089600000,168.292297362999989,1.035026431080000,1.144562125210000,1.220152854920000,-1.174789905550000,0.000000000000000
-46.501365661599998,168.291900634999990,1.035332918170000,1.144990444180000,1.221608161930000,-1.176132321360000,0.000000000000000
-46.505290985099997,168.290771484000004,1.024993777280000,1.135564684870000,1.216293096540000,-1.179093360900000,0.000000000000000
-46.504299163799999,168.290557860999996,1.026048064230000,1.136099576950000,1.214208960530000,-1.176486015320000,0.000000000000000
-46.503395080600001,168.290771484000004,1.027419209480000,1.137345671650000,1.213968038560000,-1.176724672320000,0.000000000000000
-46.502700805700002,168.291152954000012,1.030187010770000,1.139634847640000,1.215689301490000,-1.172382473950000,0.000000000000000
-46.502029418900001,168.291519165000011,1.034567117690000,1.144420981410000,1.221643805500000,-1.178103208540000,0.000000000000000
-46.499191284200002,168.290603637999993,1.037980198860000,1.147629022600000,1.224753737450000,-1.177023649220000,0.000000000000000
-46.499973297099999,168.291000365999992,1.036933064460000,1.146477341650000,1.223734855650000,-1.176145553590000,0.000000000000000
-46.500682830800002,168.291458129999995,1.037890315060000,1.147667646410000,1.224986910820000,-1.177914023400000,0.000000000000000
-46.501358032200002,168.291076659999987,1.035488963130000,1.145138025280000,1.222431540490000,-1.176187992100000,0.000000000000000
-46.506267547599997,168.289962768999999,1.035893321040000,1.147065281870000,1.229136943820000,-1.176939129830000,0.000000000000000
-46.504978179900000,168.289642334000007,1.028882622720000,1.139179229740000,1.220073223110000,-1.175984621050000,0.000000000000000
-46.504100799600003,168.289627074999999,1.030812263490000,1.142024517060000,1.222179770470000,-1.183476090430000,0.000000000000000
-46.503440856899999,168.289962768999999,1.028684139250000,1.139038801190000,1.217064380650000,-1.179225325580000,0.000000000000000
-46.502716064500000,168.290344237999989,1.029452323910000,1.139684200290000,1.216728210450000,-1.178355932240000,0.000000000000000
-46.502037048299997,168.290710448999988,1.034476161000000,1.144337534900000,1.221798419950000,-1.177360057830000,0.000000000000000
-46.499267578100003,168.289703368999994,1.040230989460000,1.150602340700000,1.229145407680000,-1.177465200420000,0.000000000000000
-46.500015258799998,168.290176392000006,1.039983272550000,1.150328159330000,1.229111671450000,-1.177107930180000,0.000000000000000
-46.500690460199998,168.290634154999992,1.036402821540000,1.145908117290000,1.222970962520000,-1.175657033920000,0.000000000000000
-46.501388549799998,168.290283203000001,1.036080360410000,1.146117925640000,1.224083065990000,-1.176121115680000,0.000000000000000
-46.505813598600000,168.288711548000009,1.035605430600000,1.146836876870000,1.229085683820000,-1.176897406580000,0.000000000000000
-46.506496429400002,168.287628173999991,1.040055394170000,1.152344822880000,1.234873294830000,-1.175782918930000,0.000000000000000
-46.504802703899998,168.288528442000000,1.042458057400000,1.154451131820000,1.237129330640000,-1.179380655290000,0.000000000000000
-46.507534027100000,168.287460326999991,1.037013888360000,1.148899316790000,1.231500983240000,-1.172287106510000,0.000000000000000
-46.506462097200000,168.286285399999997,1.051495194440000,1.164885163310000,1.248189091680000,-1.179537296300000,0.000000000000000
-46.498607635500001,168.289001465000013,1.040050029750000,1.150831699370000,1.228092312810000,-1.176778197290000,0.000000000000000
-46.503669738799999,168.288909912000008,1.028466105460000,1.138771414760000,1.217907547950000,-1.176871895790000,0.000000000000000
-46.502792358400001,168.289276123000008,1.032255172730000,1.142877340320000,1.222391724590000,-1.178410768510000,0.000000000000000
-46.502178192099997,168.289810181000007,1.029543042180000,1.138900041580000,1.215795159340000,-1.174191117290000,0.000000000000000
-46.499500274699997,168.288925170999988,1.038383126260000,1.148103713990000,1.225656032560000,-1.174792885780000,0.000000000000000
-46.500068664600001,168.289321898999987,1.037279486660000,1.147084355350000,1.224635005000000,-1.174655199050000,0.000000000000000
-46.500717163099999,168.289810181000007,1.037795662880000,1.147508859630000,1.225635766980000,-1.176132798190000,0.000000000000000
-46.501522064200003,168.289428710999999,1.032462477680000,1.142212390900000,1.219844460490000,-1.175406098370000,0.000000000000000
-46.505390167199998,168.287246704000012,1.033248901370000,1.144038319590000,1.225127577780000,-1.175788402560000,0.000000000000000
-46.504215240500002,168.287551879999995,1.031667828560000,1.142235875130000,1.223023056980000,-1.178166627880000,0.000000000000000
-46.505428314200003,168.286071776999989,1.038750648500000,1.150553464890000,1.232935905460000,-1.174734473230000,0.000000000000000
-46.508010864299997,168.286071776999989,1.045585036280000,1.158630132680000,1.241582751270000,-1.175085067750000,0.000000000000000
-46.506984710700003,168.285110473999993,1.037051796910000,1.148040652280000,1.229970693590000,-1.173427343370000,0.000000000000000
-46.505844116200002,168.285308837999992,1.040259242060000,1.152659893040000,1.235132813450000,-1.175586223600000,0.000000000000000
-46.498928070100000,168.287887573000006,1.038602113720000,1.149142622950000,1.227079510690000,-1.177678823470000,0.000000000000000
-46.503150939900003,168.288101196000014,1.039842963220000,1.151097655300000,1.232649803160000,-1.180277705190000,0.000000000000000
-46.502059936499997,168.288513184000010,1.034351110460000,1.144516229630000,1.224197149280000,-1.176937341690000,0.000000000000000
-46.500095367400000,168.288101196000014,1.036691904070000,1.146486639980000,1.224926114080000,-1.174099922180000,0.000000000000000
-46.500949859599999,168.288726806999989,1.035891771320000,1.145703434940000,1.224086880680000,-1.174824357030000,0.000000000000000
-46.504566192600002,168.286407470999990,1.038148045540000,1.150758266450000,1.233393192290000,-1.179956316950000,0.000000000000000
-46.503536224400001,168.286773681999989,1.021796703340000,1.130378603940000,1.207383036610000,-1.169043660160000,0.000000000000000
-46.504787445100000,168.285491943000011,1.045537590980000,1.158604025840000,1.241618752480000,-1.177907347680000,0.000000000000000
-46.508316039999997,168.284637451000009,1.043548583980000,1.156520366670000,1.239481806760000,-1.174641728400000,0.000000000000000
-46.507171630899997,168.284088134999990,1.045675635340000,1.158754110340000,1.241714239120000,-1.176118254660000,0.000000000000000
-46.506149292000003,168.284317017000006,1.038206219670000,1.150597095490000,1.233174085620000,-1.174391508100000,0.000000000000000
-46.505077362100003,168.284561157000013,1.036050558090000,1.146991133690000,1.228773832320000,-1.172755122180000,0.000000000000000
-46.500000000000000,168.286895751999992,1.034513950350000,1.144184589390000,1.223644495010000,-1.173168182370000,0.000000000000000
-46.502307891800001,168.287002562999987,1.034625530240000,1.144464015960000,1.224709391590000,-1.174776077270000,0.000000000000000
-46.501102447500003,168.287490845000008,1.037380576130000,1.147423982620000,1.227603554730000,-1.175484418870000,0.000000000000000
-46.503829956099999,168.285736084000007,1.035551309590000,1.147667050360000,1.230266690250000,-1.182259678840000,0.000000000000000
-46.502681732200003,168.285980225000003,1.023984789850000,1.133512496950000,1.212795495990000,-1.172869324680000,0.000000000000000
-46.504058837899997,168.284820556999989,1.038598775860000,1.151419878010000,1.234021663670000,-1.176956892010000,0.000000000000000
-46.508266448999997,168.283279418999996,1.042097806930000,1.154478549960000,1.237061142920000,-1.172954082490000,0.000000000000000
-46.506603241000001,168.283309937000013,1.047618627550000,1.160834074020000,1.243789792060000,-1.175153255460000,0.000000000000000
-46.508724212600001,168.281799315999990,1.050384879110000,1.164724707600000,1.247774600980000,-1.177716135980000,0.000000000000000
-46.505378723100002,168.283645629999995,1.044253826140000,1.157342672350000,1.240122914310000,-1.176340937610000,0.000000000000000
-46.504356384300003,168.283874512000011,1.040633440020000,1.153477787970000,1.236112475400000,-1.177089571950000,0.000000000000000
-46.499794006300000,168.285278320000003,1.036843061450000,1.147714138030000,1.229846954350000,-1.174890518190000,0.000000000000000
-46.501461029100000,168.285812378000003,1.033443093300000,1.142969727520000,1.222460746770000,-1.172736048700000,0.000000000000000
-46.499637603799997,168.283981323000006,1.036195397380000,1.146635770800000,1.227758288380000,-1.172570824620000,0.000000000000000
-46.502742767299999,168.284805298000009,1.037043571470000,1.148733854290000,1.231274366380000,-1.179051518440000,0.000000000000000
-46.503532409700000,168.284072876000010,1.036169528960000,1.146957397460000,1.228871941570000,-1.174227237700000,0.000000000000000
-46.505748748800002,168.282684326000009,1.041249752040000,1.153617501260000,1.236370801930000,-1.175350666050000,0.000000000000000
-46.506916046100002,168.282073975000003,1.036819696430000,1.148588895800000,1.230756282810000,-1.171476602550000,0.000000000000000
-46.507530212399999,168.280761718999997,1.046117305760000,1.159793019290000,1.242668986320000,-1.173934221270000,0.000000000000000
-46.499771118200002,168.283004761000001,1.032500147820000,1.142926096920000,1.224526047710000,-1.172173738480000,0.000000000000000
-46.508941650399997,168.280334473000011,1.046869039540000,1.160261511800000,1.243162989620000,-1.175265192990000,0.000000000000000
-46.507591247599997,168.279785156000003,1.047308564190000,1.161048054700000,1.244029283520000,-1.175025582310000,0.000000000000000
-46.504646301299999,168.282943726000013,1.037908196450000,1.149683713910000,1.232013583180000,-1.172608613970000,0.000000000000000
-46.503768920900001,168.283309937000013,1.037354826930000,1.149743437770000,1.232115507130000,-1.175942420960000,0.000000000000000
-46.501132965099998,168.283645629999995,1.033064365390000,1.143252849580000,1.224379539490000,-1.170865654950000,0.000000000000000
-46.502822876000003,168.283325195000003,1.031199574470000,1.141789197920000,1.223385810850000,-1.173837661740000,0.000000000000000
-46.505836486800000,168.281829834000007,1.048959255220000,1.162380218510000,1.245267748830000,-1.175742149350000,0.000000000000000
-46.504955291700000,168.282012938999998,1.039150238040000,1.151919364930000,1.234366178510000,-1.174134254460000,0.000000000000000
-46.506301879900001,168.281112670999988,1.045241475110000,1.158296346660000,1.241117477420000,-1.176019072530000,0.000000000000000
-46.506622314500000,168.280120850000003,1.049498200420000,1.163854360580000,1.246584773060000,-1.177356123920000,0.000000000000000
-46.500354766800001,168.281997681000007,1.035588979720000,1.145968317990000,1.226747870450000,-1.171386837960000,0.000000000000000
-46.508148193399997,168.278884887999993,1.044414043430000,1.157677412030000,1.240543365480000,-1.173932671550000,0.000000000000000
-46.508560180700002,168.277801514000004,1.043610215190000,1.157766342160000,1.240719079970000,-1.175914764400000,0.000000000000000
-46.509075164800002,168.276840209999989,1.048303723340000,1.163560628890000,1.246819257740000,-1.178832650180000,0.000000000000000
-46.506954193100000,168.279067993000012,1.050349831580000,1.164904236790000,1.247419476510000,-1.176691055300000,0.000000000000000
-46.503540039100002,168.282165526999989,1.043627858160000,1.156547784810000,1.239468812940000,-1.177833199500000,0.000000000000000
-46.501731872599997,168.281875609999986,1.033310413360000,1.143884062770000,1.225325465200000,-1.172095179560000,0.000000000000000
-46.505252838099999,168.281097412000008,1.042692542080000,1.155663132670000,1.238346934320000,-1.174343347550000,0.000000000000000
-46.504310607900003,168.281250000000000,1.040379762650000,1.152249574660000,1.234862089160000,-1.174389600750000,0.000000000000000
-46.505561828600001,168.280166626000010,1.036749005320000,1.148807644840000,1.231278300290000,-1.171244025230000,0.000000000000000
-46.505870819099997,168.279251098999993,1.043067574500000,1.156173586850000,1.239019036290000,-1.174522399900000,0.000000000000000
-46.501041412399999,168.280609131000006,1.027577877040000,1.137230515480000,1.218063354490000,-1.169540166850000,0.000000000000000
-46.500118255600000,168.279434204000012,1.028952121730000,1.139295101170000,1.220872640610000,-1.171551823620000,0.000000000000000
-46.509426116900002,168.275802612000007,1.029747843740000,1.142235517500000,1.224842906000000,-1.167423486710000,0.000000000000000
-46.507228851299999,168.277954101999995,1.040066957470000,1.153239130970000,1.236153006550000,-1.173644185070000,0.000000000000000
-46.507808685299999,168.276885985999996,1.048678278920000,1.163408875470000,1.245602607730000,-1.179882287980000,0.000000000000000
-46.508258819600002,168.275985717999987,1.039322614670000,1.154484748840000,1.237949609760000,-1.181407690050000,0.000000000000000
-46.506214141800001,168.278289795000006,1.045253515240000,1.159458637240000,1.242391824720000,-1.177385568620000,0.000000000000000
-46.506336212199997,168.277420043999996,1.047702908520000,1.162684321400000,1.245280742650000,-1.179684758190000,0.000000000000000
-46.502979278600002,168.280517578000001,1.032314777370000,1.144523978230000,1.226739406590000,-1.173215985300000,0.000000000000000
-46.504344940199999,168.280166626000010,1.047124624250000,1.160477638240000,1.243411421780000,-1.177945494650000,0.000000000000000
-46.504856109599999,168.279357909999987,1.048625350000000,1.163526415820000,1.246744513510000,-1.183073878290000,0.000000000000000
-46.505008697500003,168.278457642000006,1.045385956760000,1.159153103830000,1.242084264760000,-1.177011728290000,0.000000000000000
-46.501651763900000,168.279144287000008,1.029910326000000,1.140409946440000,1.221946120260000,-1.170325756070000,0.000000000000000
-46.500560760500001,168.278213501000010,1.029515266420000,1.139871478080000,1.221215367320000,-1.171575427060000,0.000000000000000
-46.509880065899999,168.271347045999988,1.067845225330000,1.197218418120000,1.278987407680000,-1.272420763970000,0.000000000000000
-46.508552551299999,168.275009154999992,1.026609778400000,1.141779422760000,1.226180672650000,-1.186617136000000,0.000000000000000
-46.506801605200003,168.276748657000013,1.047591924670000,1.162857294080000,1.245367527010000,-1.180753827100000,0.000000000000000
-46.507255554200000,168.276092529000010,1.042640089990000,1.157966375350000,1.240561842920000,-1.177961587910000,0.000000000000000
-46.507389068599998,168.275253295999988,1.047303438190000,1.164424538610000,1.247147917750000,-1.194195270540000,0.000000000000000
-46.508998870799999,168.273895264000004,1.068456888200000,1.199372887610000,1.281138181690000,-1.292564868930000,0.000000000000000
-46.509628295900001,168.272491454999994,1.101148128510000,1.239830732350000,1.318585753440000,-1.329166173930000,0.000000000000000
-46.505485534700000,168.277542113999999,1.040500760080000,1.153565049170000,1.236256480220000,-1.172428488730000,0.000000000000000
-46.505828857399997,168.276611328000001,1.028659462930000,1.141105175020000,1.224024891850000,-1.175716280940000,0.000000000000000
-46.503311157200002,168.278442382999998,1.022513389590000,1.131212949750000,1.210557460780000,-1.167204260830000,0.000000000000000
-46.504417419399999,168.277496337999992,1.029811739920000,1.143485069270000,1.226781725880000,-1.183529376980000,0.000000000000000
-46.501907348600000,168.277618407999995,1.028667211530000,1.140044450760000,1.222238063810000,-1.170951247220000,0.000000000000000
-46.511707305900003,168.268508910999998,1.186404466630000,1.352754831310000,1.451626300810000,-1.528017163280000,0.000000000000000
-46.510437011699999,168.269500732000012,1.211537957190000,1.388579249380000,1.493104696270000,-1.620910644530000,0.000000000000000
-46.509490966800001,168.270385742000002,1.099702358250000,1.241166234020000,1.320553779600000,-1.357570648190000,0.000000000000000
-46.508998870799999,168.271240234000004,1.092339992520000,1.225888490680000,1.303169608120000,-1.294742107390000,0.000000000000000
-46.507717132600000,168.274307251000010,1.053006649020000,1.174029231070000,1.256666779520000,-1.215189576150000,0.000000000000000
-46.506347656199999,168.275604248000008,1.045819997790000,1.162430644040000,1.245114207270000,-1.191609382630000,0.000000000000000
-46.506595611599998,168.274475098000011,1.039812803270000,1.156596779820000,1.239768028260000,-1.191822052000000,0.000000000000000
-46.508098602300002,168.273223876999992,1.059964776040000,1.184923768040000,1.266633987430000,-1.241973876950000,0.000000000000000
-46.508228301999999,168.272064209000007,1.090938329700000,1.223059177400000,1.299017786980000,-1.296557784080000,0.000000000000000
-46.504798889200003,168.276473998999990,1.049980640410000,1.166041851040000,1.247856974600000,-1.186911582950000,0.000000000000000
-46.505378723100002,168.275695801000012,1.037161946300000,1.150463104250000,1.232626557350000,-1.169714808460000,0.000000000000000
-46.503299713099999,168.276641845999990,1.027339458470000,1.138540387150000,1.220823287960000,-1.166492223740000,0.000000000000000
-46.512199401899998,168.265426636000001,1.195083498950000,1.363209247590000,1.463435888290000,-1.527202606200000,0.000000000000000
-46.511657714800002,168.266220092999987,1.203431606290000,1.375843048100000,1.477729439740000,-1.557892918590000,0.000000000000000
-46.511184692400001,168.267181396000012,1.204773187640000,1.375422835350000,1.477649092670000,-1.559409260750000,0.000000000000000
-46.513374328600001,168.261962890999996,1.231005430220000,1.413933396340000,1.520155310630000,-1.621567487720000,0.000000000000000
-46.513568878199997,168.257278442000000,1.228986382480000,1.411200046540000,1.517830371860000,-1.612290382390000,0.000000000000000
-46.513038635299999,168.260543823000006,1.224633932110000,1.403657197950000,1.508808016780000,-1.591755270960000,0.000000000000000
-46.513084411599998,168.259429931999989,1.228753566740000,1.412532091140000,1.519093751910000,-1.626446247100000,0.000000000000000
-46.512920379599997,168.258316040000011,1.227768659590000,1.408184051510000,1.514077901840000,-1.602645993230000,0.000000000000000
-46.510471344000003,168.268051146999994,1.176902413370000,1.340360641480000,1.436236262320000,-1.497013092040000,0.000000000000000
-46.509727478000002,168.268569946000014,1.194053769110000,1.366982698440000,1.467552900310000,-1.583025574680000,0.000000000000000
-46.509239196800003,168.269348145000009,1.137303471570000,1.291410565380000,1.381625294690000,-1.465072631840000,0.000000000000000
-46.508575439500000,168.270202637000011,1.113624453540000,1.256966471670000,1.340246319770000,-1.392752885820000,0.000000000000000
-46.507999420200001,168.271057129000013,1.077256321910000,1.207490563390000,1.288868546490000,-1.268115043640000,0.000000000000000
-46.506927490199999,168.273544312000013,1.062824368480000,1.184632658960000,1.265897989270000,-1.221648097040000,0.000000000000000
-46.505565643300002,168.274642943999993,1.042170166970000,1.158155202870000,1.240464687350000,-1.186796188350000,0.000000000000000
-46.506046295200001,168.273803710999999,1.051510214810000,1.171803236010000,1.253835916520000,-1.215036153790000,0.000000000000000
-46.507278442400001,168.272598267000006,1.060526013370000,1.183323383330000,1.265658974650000,-1.226374745370000,0.000000000000000
-46.507446289100002,168.271743773999987,1.085585236550000,1.213152527810000,1.291885018350000,-1.253768444060000,0.000000000000000
-46.504348754900001,168.275009154999992,1.035962104800000,1.152357101440000,1.235629558560000,-1.194251775740000,0.000000000000000
-46.514682769799997,168.253463745000005,1.242588162420000,1.429646730420000,1.537598252300000,-1.637439727780000,0.000000000000000
-46.513694763200000,168.254318237000007,1.240549802780000,1.426756858830000,1.534480810170000,-1.634646177290000,0.000000000000000
-46.513664245599998,168.252487183000000,1.239657998090000,1.424921631810000,1.532493829730000,-1.625856757160000,0.000000000000000
-46.513442993200002,168.255264282000013,1.243817210200000,1.431937694550000,1.540353178980000,-1.643139958380000,0.000000000000000
-46.512939453100003,168.256256103999988,1.240955710410000,1.428124189380000,1.536260008810000,-1.638844013210000,0.000000000000000
-46.512947082499998,168.263107300000001,1.218275547030000,1.397282481190000,1.501587986950000,-1.594153165820000,0.000000000000000
-46.512241363500003,168.264282226999995,1.218592286110000,1.397598147390000,1.501694917680000,-1.606254935260000,0.000000000000000
-46.510292053199997,168.267044067000000,1.181752085690000,1.347778677940000,1.445273876190000,-1.524259209630000,0.000000000000000
-46.511215210000003,168.265121459999989,1.199941992760000,1.372680306430000,1.474257707600000,-1.564935088160000,0.000000000000000
-46.510635376000003,168.266250609999986,1.195080995560000,1.364618897440000,1.465126991270000,-1.548353910450000,0.000000000000000
-46.512210845900000,168.262161254999995,1.222053050990000,1.401630640030000,1.506113290790000,-1.596553802490000,0.000000000000000
-46.512168884300003,168.261215209999989,1.222274541850000,1.402321219440000,1.507261991500000,-1.601397991180000,0.000000000000000
-46.512393951400000,168.257369995000005,1.235328197480000,1.420259833340000,1.527545213700000,-1.629252195360000,0.000000000000000
-46.512104034399997,168.260208129999995,1.232599258420000,1.416176557540000,1.522695064540000,-1.624758243560000,0.000000000000000
-46.512134551999999,168.259216309000010,1.235104560850000,1.418248772620000,1.524987936020000,-1.619569897650000,0.000000000000000
-46.512069702100000,168.258377074999999,1.224193215370000,1.404519319530000,1.509824752810000,-1.599052548410000,0.000000000000000
-46.509422302200001,168.267562865999992,1.191881537440000,1.361358046530000,1.462215542790000,-1.565749764440000,0.000000000000000
-46.508972168000000,168.268493651999989,1.148100495340000,1.302708506580000,1.394884824750000,-1.449750423430000,0.000000000000000
-46.508270263699998,168.269088745000005,1.171220541000000,1.336823582650000,1.433689475060000,-1.529374480250000,0.000000000000000
-46.507602691700001,168.270019531000003,1.098713517190000,1.236745119090000,1.317941784860000,-1.354305505750000,0.000000000000000
-46.506847381599997,168.270950317000000,1.058312773700000,1.180597424510000,1.261595964430000,-1.232688069340000,0.000000000000000
-46.506088256799998,168.272720337000010,1.082009315490000,1.208558797840000,1.284036397930000,-1.250756382940000,0.000000000000000
-46.505100250200002,168.273437500000000,1.043060302730000,1.153631448750000,1.236347317700000,-1.160444974900000,0.000000000000000
-46.506580352800000,168.271865845000008,1.077511787410000,1.199102401730000,1.275662899020000,-1.203490614890000,0.000000000000000
-46.513385772699998,168.251556396000012,1.241565346720000,1.427833795550000,1.535659551620000,-1.632507443430000,0.000000000000000
-46.514556884800001,168.251968384000008,1.241816163060000,1.428467035290000,1.536363601680000,-1.633331418040000,0.000000000000000
-46.513320922900000,168.253402709999989,1.243028998370000,1.430020451550000,1.538159847260000,-1.635849475860000,0.000000000000000
-46.512817382800002,168.254348754999995,1.238275527950000,1.423088431360000,1.530503511430000,-1.626179575920000,0.000000000000000
-46.512771606400001,168.252410889000004,1.241446137430000,1.428006529810000,1.535857439040000,-1.634848117830000,0.000000000000000
-46.512317657499999,168.251495360999996,1.241125702860000,1.427547574040000,1.535425901410000,-1.632141232490000,0.000000000000000
-46.512397766100001,168.255264282000013,1.237470626830000,1.422041773800000,1.529431700710000,-1.624907493590000,0.000000000000000
-46.511966705299997,168.256164551000012,1.238528132440000,1.424731850620000,1.532531738280000,-1.633387684820000,0.000000000000000
-46.511768341100002,168.263000487999989,1.221838712690000,1.401126027110000,1.505855321880000,-1.594259142880000,0.000000000000000
-46.511093139600000,168.263961792000003,1.232453703880000,1.417913436890000,1.524667143820000,-1.638961434360000,0.000000000000000
-46.510356903100003,168.264572143999999,1.234248876570000,1.422422647480000,1.530104756360000,-1.658905267720000,0.000000000000000
-46.509529113799999,168.266418456999986,1.200065493580000,1.375490427020000,1.477545380590000,-1.574052929880000,0.000000000000000
-46.510066986100000,168.265411376999992,1.207610249520000,1.383917450900000,1.487292051320000,-1.591785311700000,0.000000000000000
-46.511413574199999,168.262023926000012,1.223449826240000,1.403667807580000,1.508853197100000,-1.606505393980000,0.000000000000000
-46.511207580600001,168.261032104000009,1.233085751530000,1.416707754140000,1.523388147350000,-1.627662301060000,0.000000000000000
-46.511520385700003,168.256881714000002,1.234958171840000,1.419727802280000,1.527000069620000,-1.627234458920000,0.000000000000000
-46.511440277100000,168.257736206000004,1.234262943270000,1.418225169180000,1.525262117390000,-1.625283837320000,0.000000000000000
-46.511051178000002,168.259887695000003,1.228637814520000,1.410371541980000,1.516370534900000,-1.612275123600000,0.000000000000000
-46.511253356899999,168.258712768999999,1.226487517360000,1.407677292820000,1.513319134710000,-1.608762264250000,0.000000000000000
-46.508609771700002,168.266921996999997,1.248749971390000,1.446081042290000,1.558943152430000,-1.759865403180000,0.000000000000000
-46.508628845200001,168.266113281000003,1.238802433010000,1.430849909780000,1.540221333500000,-1.667568206790000,0.000000000000000
-46.508110046399999,168.268005370999987,1.128497242930000,1.288193464280000,1.373675465580000,-1.477552890780000,0.000000000000000
-46.502826690699997,168.271270751999992,1.059110164640000,1.177618503570000,1.253147244450000,-1.187243819240000,0.000000000000000
-46.512882232700001,168.250564574999999,1.238989710810000,1.424352049830000,1.531961441040000,-1.625197172160000,0.000000000000000
-46.512474060099997,168.249588012999993,1.241551518440000,1.428486466410000,1.536513090130000,-1.633039832120000,0.000000000000000
-46.514347076400000,168.250671387000011,1.240615606310000,1.426878809930000,1.534570932390000,-1.632340908050000,0.000000000000000
-46.512332916299997,168.253326415999993,1.241524100300000,1.428269624710000,1.536279559140000,-1.635711550710000,0.000000000000000
-46.511878967299999,168.254211426000012,1.241513609890000,1.428621649740000,1.536753416060000,-1.638779163360000,0.000000000000000
-46.511821746800003,168.252395629999995,1.239929199220000,1.425493717190000,1.533259272580000,-1.628611326220000,0.000000000000000
-46.511901855500000,168.250564574999999,1.240693688390000,1.427333951000000,1.535196900370000,-1.632646441460000,0.000000000000000
-46.511348724400001,168.251434326000009,1.242727041240000,1.430400609970000,1.538704037670000,-1.638289809230000,0.000000000000000
-46.511955261200001,168.248672484999986,1.240388512610000,1.427367448810000,1.535351037980000,-1.631434798240000,0.000000000000000
-46.511493682900003,168.249633789000001,1.241133570670000,1.428314566610000,1.536391615870000,-1.633732914920000,0.000000000000000
-46.511451721199997,168.255111693999993,1.235916852950000,1.420282483100000,1.527472019200000,-1.623932361600000,0.000000000000000
-46.511058807399998,168.256027222000000,1.236870050430000,1.421025514600000,1.528272151950000,-1.624169707300000,0.000000000000000
-46.510711669899997,168.262847899999997,1.221401929860000,1.402176141740000,1.506994128230000,-1.610823512080000,0.000000000000000
-46.510101318399997,168.263641357000012,1.224341750140000,1.407083272930000,1.512678027150000,-1.620409846310000,0.000000000000000
-46.509563446000001,168.264480590999995,1.227166414260000,1.412181854250000,1.518667101860000,-1.642598509790000,0.000000000000000
-46.509029388400002,168.265289306999989,1.220998048780000,1.403805136680000,1.508761525150000,-1.634611606600000,0.000000000000000
-46.510452270499997,168.261856079000012,1.231499552730000,1.414933323860000,1.521224737170000,-1.625986695290000,0.000000000000000
-46.510269164999997,168.260910034000005,1.225301265720000,1.406179428100000,1.511478066440000,-1.609946846960000,0.000000000000000
-46.510723114000001,168.256973267000006,1.233734011650000,1.417155981060000,1.523871779440000,-1.619700074200000,0.000000000000000
-46.510467529300001,168.257934570000003,1.236789464950000,1.422005176540000,1.529316306110000,-1.628808021550000,0.000000000000000
-46.510028839100002,168.260101318000011,1.235358476640000,1.419752597810000,1.526785135270000,-1.632728934290000,0.000000000000000
-46.510147094700002,168.259048462000010,1.235072851180000,1.419643044470000,1.526698231700000,-1.628425598140000,0.000000000000000
-46.501678466800001,168.269973754999995,1.093601226810000,1.219404101370000,1.300799727440000,-1.286432027820000,0.000000000000000
-46.507621765099998,168.266647339000002,1.258592963220000,1.452750563620000,1.566023230550000,-1.725186944010000,0.000000000000000
-46.507831573499999,168.265472412000008,1.199329972270000,1.376530051230000,1.477722048760000,-1.593826293950000,0.000000000000000
-46.513702392600003,168.249649048000009,1.241600513460000,1.428842306140000,1.536837816240000,-1.634685277940000,0.000000000000000
-46.513019561800000,168.248626709000007,1.240642547610000,1.427476406100000,1.535370945930000,-1.630806803700000,0.000000000000000
-46.512405395499997,168.247772217000005,1.242542624470000,1.430567502980000,1.538862109180000,-1.637520313260000,0.000000000000000
-46.511863708500002,168.246841431000007,1.241428971290000,1.429157018660000,1.537342548370000,-1.635351419450000,0.000000000000000
-46.511390685999999,168.253295898000005,1.240507125850000,1.426528930660000,1.534440994260000,-1.632313847540000,0.000000000000000
-46.510940551799997,168.254180907999995,1.240879178050000,1.427454829220000,1.535578608510000,-1.636151075360000,0.000000000000000
-46.510879516599999,168.252365112000007,1.240999698640000,1.427781105040000,1.535814881320000,-1.635594367980000,0.000000000000000
-46.510944366499999,168.250518798999991,1.241140842440000,1.427882790570000,1.535916924480000,-1.631626725200000,0.000000000000000
-46.510410308799997,168.251495360999996,1.241693854330000,1.428972005840000,1.537179589270000,-1.635792136190000,0.000000000000000
-46.511425018300002,168.247741698999988,1.243107199670000,1.431303024290000,1.539742350580000,-1.637305259700000,0.000000000000000
-46.511005401600002,168.248672484999986,1.242675423620000,1.430990457530000,1.539402484890000,-1.638978838920000,0.000000000000000
-46.510517120400003,168.249588012999993,1.240961313250000,1.428094983100000,1.536183357240000,-1.633411645890000,0.000000000000000
-46.510913848900003,168.246871948000006,1.242658734320000,1.430817365650000,1.539212465290000,-1.636083364490000,0.000000000000000
-46.510509491000001,168.255096436000002,1.238068223000000,1.423972010610000,1.531806588170000,-1.632506608960000,0.000000000000000
-46.510116577100000,168.256042479999991,1.231657505040000,1.414365053180000,1.520921468730000,-1.617048859600000,0.000000000000000
-46.509723663300001,168.262680053999986,1.237620949750000,1.424238324170000,1.532100081440000,-1.645618557930000,0.000000000000000
-46.509078979500003,168.263488770000009,1.222469449040000,1.403961896900000,1.509358644490000,-1.622804284100000,0.000000000000000
-46.508537292500002,168.264343262000011,1.251002430920000,1.444380164150000,1.554901838300000,-1.700159192090000,0.000000000000000
-46.509464263900000,168.261718750000000,1.231652975080000,1.415676116940000,1.522392869000000,-1.633246898650000,0.000000000000000
-46.509304046600001,168.260711670000006,1.236356377600000,1.421653628350000,1.529073238370000,-1.641783356670000,0.000000000000000
-46.509777069099997,168.256988524999997,1.231735825540000,1.414045810700000,1.520491719250000,-1.615527868270000,0.000000000000000
-46.509502410899998,168.257965087999992,1.233901381490000,1.417480230330000,1.524365544320000,-1.625611186030000,0.000000000000000
-46.509288787800003,168.259674071999996,1.230803012850000,1.413685798650000,1.520010471340000,-1.623076558110000,0.000000000000000
-46.509170532200002,168.258789062000005,1.229278683660000,1.411599755290000,1.517721414570000,-1.623297810550000,0.000000000000000
-46.507259368900002,168.264526367000002,1.226420998570000,1.410068154340000,1.516359686850000,-1.641667604450000,0.000000000000000
-46.502025604200000,168.267868042000003,1.105084896090000,1.234435796740000,1.322175025940000,-1.279120802880000,0.000000000000000
-46.505828857399997,168.266067504999995,1.250301599500000,1.446374773980000,1.557390570640000,-1.701413631440000,0.000000000000000
-46.511421203600001,168.245956420999988,1.243395447730000,1.432301163670000,1.540893554690000,-1.639037013050000,0.000000000000000
-46.510967254599997,168.245056151999989,1.242369294170000,1.430832862850000,1.539270520210000,-1.636378049850000,0.000000000000000
-46.514198303199997,168.248397826999991,1.239439606670000,1.425306439400000,1.532936811450000,-1.627395391460000,0.000000000000000
-46.513259887700002,168.247680664000001,1.240083694460000,1.426878094670000,1.534795045850000,-1.631210327150000,0.000000000000000
-46.512836456300001,168.246795654000010,1.241978764530000,1.429483413700000,1.537695527080000,-1.631909608840000,0.000000000000000
-46.512256622300001,168.246093750000000,1.243204116820000,1.431635737420000,1.540082931520000,-1.637789249420000,0.000000000000000
-46.510463714600000,168.245971679999997,1.242996692660000,1.431862831120000,1.540396094320000,-1.638799071310000,0.000000000000000
-46.510009765600003,168.245071410999998,1.244078755380000,1.433323383330000,1.542061924930000,-1.641097664830000,0.000000000000000
-46.510437011699999,168.253250121999997,1.242741107940000,1.430595755580000,1.539057970050000,-1.641332149510000,0.000000000000000
-46.510005950900002,168.254196167000003,1.240411639210000,1.427086234090000,1.535216927530000,-1.636466264720000,0.000000000000000
-46.509929657000001,168.252410889000004,1.242458462720000,1.430045366290000,1.538506150250000,-1.638556003570000,0.000000000000000
-46.509990692099997,168.250610351999995,1.241469383240000,1.428978562360000,1.537216782570000,-1.636172175410000,0.000000000000000
-46.509422302200001,168.251495360999996,1.243549823760000,1.431695222850000,1.540287494660000,-1.640951633450000,0.000000000000000
-46.510471344000003,168.247787476000013,1.243708372120000,1.432791829110000,1.541449308400000,-1.641835570340000,0.000000000000000
-46.510036468499997,168.248718262000011,1.242942094800000,1.431365728380000,1.539894342420000,-1.638660073280000,0.000000000000000
-46.509548187299998,168.249664306999989,1.242717146870000,1.431103467940000,1.539621114730000,-1.638403654100000,0.000000000000000
-46.509963989299997,168.246902465999995,1.243266344070000,1.432229161260000,1.540850877760000,-1.639887809750000,0.000000000000000
-46.509548187299998,168.255126953000001,1.239798784260000,1.425923705100000,1.533893585210000,-1.635230064390000,0.000000000000000
-46.509140014600000,168.256072998000008,1.238975524900000,1.424929499630000,1.532818198200000,-1.632696390150000,0.000000000000000
-46.508522033699997,168.262390137000011,1.230345249180000,1.415327906610000,1.521765947340000,-1.645919799800000,0.000000000000000
-46.507682800300003,168.263320923000009,1.233615994450000,1.420180797580000,1.527932524680000,-1.639343023300000,0.000000000000000
-46.508216857900003,168.261169434000010,1.228320240970000,1.411830067630000,1.518193006520000,-1.625904440880000,0.000000000000000
-46.508483886699999,168.260238646999994,1.243105411530000,1.430930018420000,1.539759159090000,-1.656188488010000,0.000000000000000
-46.508731842000003,168.257125854000009,1.235709428790000,1.420479416850000,1.527526736260000,-1.629579544070000,0.000000000000000
-46.508411407499999,168.258224487000007,1.243551969530000,1.430923461910000,1.539478778840000,-1.640262246130000,0.000000000000000
-46.508285522500003,168.259307860999996,1.236142516140000,1.421526193620000,1.528938293460000,-1.634709596630000,0.000000000000000
-46.505844116200002,168.263931273999987,1.210167050360000,1.389670610430000,1.493773937230000,-1.614170670510000,0.000000000000000
-46.500564575200002,168.264587401999989,1.226041793820000,1.404060244560000,1.509979248050000,-1.606368422510000,0.000000000000000
-46.510517120400003,168.244171142999988,1.244231700900000,1.433515429500000,1.542259812360000,-1.641162753110000,0.000000000000000
-46.511463165300000,168.244155884000008,1.243344902990000,1.432630896570000,1.541292190550000,-1.639681339260000,0.000000000000000
-46.512176513699998,168.245025634999990,1.242655515670000,1.431412339210000,1.539857149120000,-1.637312173840000,0.000000000000000
-46.514339446999998,168.246978759999990,1.243054866790000,1.430682897570000,1.538841009140000,-1.637004137040000,0.000000000000000
-46.513294219999999,168.245635985999996,1.240095496180000,1.427279710770000,1.535308837890000,-1.632707953450000,0.000000000000000
-46.510063171399999,168.243301392000006,1.242904305460000,1.432092070580000,1.540736317630000,-1.638815760610000,0.000000000000000
-46.509662628199997,168.242416381999988,1.246628761290000,1.437046051030000,1.546252965930000,-1.648366093640000,0.000000000000000
-46.509544372599997,168.244186401000007,1.244206547740000,1.433636307720000,1.542446017270000,-1.641608476640000,0.000000000000000
-46.509521484399997,168.246002196999996,1.243782281880000,1.432705521580000,1.541387915610000,-1.639468312260000,0.000000000000000
-46.509044647200000,168.245101928999986,1.243071079250000,1.432002544400000,1.540657520290000,-1.638956189160000,0.000000000000000
-46.509468078600001,168.253326415999993,1.240675926210000,1.427532792090000,1.535769104960000,-1.636455059050000,0.000000000000000
-46.508991241499999,168.254257201999991,1.240554094310000,1.427153110500000,1.535518884660000,-1.636781334880000,0.000000000000000
-46.508930206300001,168.252426146999994,1.242327809330000,1.430351495740000,1.538874745370000,-1.640167832370000,0.000000000000000
-46.508995056200000,168.250564574999999,1.242464303970000,1.430338859560000,1.538780450820000,-1.637057542800000,0.000000000000000
-46.508361816399997,168.251525879000013,1.243776679040000,1.432419776920000,1.541279554370000,-1.642591118810000,0.000000000000000
-46.509494781500003,168.247802734000004,1.243573665620000,1.432390689850000,1.541043519970000,-1.640208363530000,0.000000000000000
-46.509037017799997,168.248733520999991,1.242841959000000,1.431466102600000,1.540071368220000,-1.640102744100000,0.000000000000000
-46.508720397899999,168.249664306999989,1.242748498920000,1.430999994280000,1.539547085760000,-1.639582872390000,0.000000000000000
-46.508968353299998,168.246917725000003,1.245125889780000,1.434556126590000,1.543490290640000,-1.644116997720000,0.000000000000000
-46.508460998499999,168.255203246999997,1.235109448430000,1.420024275780000,1.527626514430000,-1.627605438230000,0.000000000000000
-46.507946014399998,168.256256103999988,1.232845425610000,1.416561126710000,1.523834109310000,-1.624094605450000,0.000000000000000
-46.506496429400002,168.261688232000012,1.240789055820000,1.428940653800000,1.538151144980000,-1.658181190490000,0.000000000000000
-46.507263183600003,168.260208129999995,1.233545422550000,1.417914271350000,1.525167346000000,-1.632425069810000,0.000000000000000
-46.507488250700000,168.257339478000006,1.224089980130000,1.404446005820000,1.510036230090000,-1.609300374980000,0.000000000000000
-46.506946563699998,168.258697509999990,1.232919812200000,1.417181253430000,1.524149298670000,-1.636307597160000,0.000000000000000
-46.504070282000001,168.262298584000007,1.234234929080000,1.418885350230000,1.527095437050000,-1.625253796580000,0.000000000000000
-46.501697540300000,168.262725829999994,1.237446188930000,1.424790740010000,1.533757209780000,-1.634690403940000,0.000000000000000
-46.499370575000000,168.262664795000006,1.235856056210000,1.423721909520000,1.532819271090000,-1.634884834290000,0.000000000000000
-46.511016845699999,168.243270873999990,1.246018052100000,1.435949087140000,1.544974446300000,-1.645602703090000,0.000000000000000
-46.510616302499997,168.242355347000000,1.244499325750000,1.434303760530000,1.543187260630000,-1.642472743990000,0.000000000000000
-46.510185241700000,168.241485595999990,1.245733022690000,1.436028599740000,1.545108437540000,-1.645770072940000,0.000000000000000
-46.511966705299997,168.243225098000011,1.241746306420000,1.430215835570000,1.538617610930000,-1.634975790980000,0.000000000000000
-46.512336730999998,168.243957520000009,1.244673967360000,1.433985352520000,1.542784571650000,-1.642094612120000,0.000000000000000
-46.513427734399997,168.244506835999999,1.243364810940000,1.432547688480000,1.541289925580000,-1.639275670050000,0.000000000000000
-46.509113311800000,168.243286132999998,1.244938015940000,1.434708476070000,1.543682932850000,-1.643792629240000,0.000000000000000
-46.509239196800003,168.241485595999990,1.246039271350000,1.436596393590000,1.545807123180000,-1.647236227990000,0.000000000000000
-46.508686065699997,168.242385863999999,1.245672345160000,1.435980200770000,1.545173883440000,-1.646691203120000,0.000000000000000
-46.508571624799998,168.244186401000007,1.245534896850000,1.435474157330000,1.544551014900000,-1.645284295080000,0.000000000000000
-46.508514404300001,168.246002196999996,1.243869066240000,1.432906866070000,1.541671633720000,-1.641193628310000,0.000000000000000
-46.508239746100003,168.245101928999986,1.244600296020000,1.434123158450000,1.543071866040000,-1.642661333080000,0.000000000000000
-46.508335113500003,168.253448485999996,1.244899511340000,1.433862447740000,1.542932033540000,-1.646045088770000,0.000000000000000
-46.507957458500002,168.254394531000003,1.241416335110000,1.429075717930000,1.537695407870000,-1.641196250920000,0.000000000000000
-46.507709503199997,168.252578734999986,1.238682746890000,1.424251198770000,1.532258272170000,-1.629558205600000,0.000000000000000
-46.507957458500002,168.250411987000007,1.242058396340000,1.430258750920000,1.538842558860000,-1.637742400170000,0.000000000000000
-46.507194519000002,168.251464843999997,1.249297618870000,1.440048694610000,1.549873471260000,-1.655947566030000,0.000000000000000
-46.508449554400002,168.247863770000009,1.245010018350000,1.434568285940000,1.543613791470000,-1.645334362980000,0.000000000000000
-46.507823944099997,168.249130248999990,1.242849230770000,1.431315898900000,1.540048360820000,-1.638896822930000,0.000000000000000
-46.507877349899999,168.246917725000003,1.245443463330000,1.435187578200000,1.544322252270000,-1.644115090370000,0.000000000000000
-46.507057189900003,168.255279540999993,1.249604940410000,1.440917730330000,1.551172494890000,-1.659691452980000,0.000000000000000
-46.506431579599997,168.256393433000000,1.251554489140000,1.443126082420000,1.553827047350000,-1.666958689690000,0.000000000000000
-46.504798889200003,168.259811401000007,1.236331462860000,1.424025893210000,1.532942295070000,-1.639298200610000,0.000000000000000
-46.505523681600003,168.257431029999992,1.250553250310000,1.442803740500000,1.553652644160000,-1.661600351330000,0.000000000000000
-46.502399444600002,168.260482787999990,1.242405056950000,1.432600259780000,1.542297959330000,-1.652193546300000,0.000000000000000
-46.500595092799998,168.261138915999993,1.242455005650000,1.431039929390000,1.540603280070000,-1.646902084350000,0.000000000000000
-46.499000549300000,168.260589600000003,1.246212482450000,1.436675548550000,1.546661019330000,-1.651769995690000,0.000000000000000
-46.497856140099998,168.261688232000012,1.250100255010000,1.440946102140000,1.551178693770000,-1.657444596290000,0.000000000000000
-46.509761810299999,168.240600585999999,1.244625806810000,1.434750556950000,1.543732166290000,-1.643403291700000,0.000000000000000
-46.511558532700001,168.242340087999992,1.245366215710000,1.435211896900000,1.544139862060000,-1.644286513330000,0.000000000000000
-46.511146545400003,168.241455078000001,1.244511365890000,1.434378623960000,1.543271660800000,-1.642478942870000,0.000000000000000
-46.510723114000001,168.240539551000012,1.247078418730000,1.437816739080000,1.547066450120000,-1.649180173870000,0.000000000000000
-46.512325286900001,168.242294312000013,1.244691729550000,1.434457898140000,1.543358564380000,-1.641975402830000,0.000000000000000
-46.513267517099997,168.242980956999986,1.246063351630000,1.436251282690000,1.545245885850000,-1.645616412160000,0.000000000000000
-46.509365081799999,168.239685059000010,1.247085452080000,1.438023090360000,1.547404885290000,-1.650133252140000,0.000000000000000
-46.508796691900002,168.240615845000008,1.246787905690000,1.437563776970000,1.546903729440000,-1.649283885960000,0.000000000000000
-46.508110046399999,168.243255615000010,1.243990063670000,1.433629632000000,1.542566061020000,-1.641985893250000,0.000000000000000
-46.508262634300003,168.241470337000010,1.247678875920000,1.438552975650000,1.548057317730000,-1.651195883750000,0.000000000000000
-46.507881164600001,168.242340087999992,1.248074889180000,1.439020633700000,1.548621654510000,-1.652750015260000,0.000000000000000
-46.507411956799999,168.244522095000008,1.245474100110000,1.435366749760000,1.544570565220000,-1.645768404010000,0.000000000000000
-46.507488250700000,168.245773315000008,1.245028376580000,1.434713244440000,1.543819069860000,-1.643997907640000,0.000000000000000
-46.506652832000000,168.253784179999997,1.247433066370000,1.437831640240000,1.547560930250000,-1.653215765950000,0.000000000000000
-46.506359100300003,168.252456665000011,1.245496869090000,1.435512900350000,1.545060157780000,-1.648089528080000,0.000000000000000
-46.506778717000003,168.250198363999999,1.245270967480000,1.434887766840000,1.544180870060000,-1.646764636040000,0.000000000000000
-46.505706787100003,168.251419067000000,1.246865272520000,1.437518000600000,1.547308325770000,-1.650096535680000,0.000000000000000
-46.507175445599998,168.248001098999993,1.249557495120000,1.440716147420000,1.550608515740000,-1.656901240350000,0.000000000000000
-46.506530761699999,168.249114990000010,1.247024536130000,1.437599539760000,1.547281503680000,-1.651746273040000,0.000000000000000
-46.506584167500002,168.247024535999998,1.247283577920000,1.437685012820000,1.547226548190000,-1.650089383130000,0.000000000000000
-46.504150390600003,168.255554198999988,1.242655396460000,1.431917667390000,1.541234135630000,-1.641561508180000,0.000000000000000
-46.502716064500000,168.257675170999988,1.247824072840000,1.437974452970000,1.547806262970000,-1.651693582530000,0.000000000000000
-46.500507354699998,168.259216309000010,1.244911909100000,1.435664296150000,1.545867562290000,-1.645022392270000,0.000000000000000
-46.498416900599999,168.258621215999995,1.249917268750000,1.441100358960000,1.551254749300000,-1.655936121940000,0.000000000000000
-46.497253418000000,168.260192870999987,1.244338035580000,1.433932304380000,1.543661475180000,-1.639934420590000,0.000000000000000
-46.509033203100003,168.238769531000003,1.248052239420000,1.439347267150000,1.548900842670000,-1.652579188350000,0.000000000000000
-46.510295867899998,168.239639282000013,1.246875166890000,1.437695980070000,1.546978116040000,-1.649215817450000,0.000000000000000
-46.509967803999999,168.238693237000007,1.247199654580000,1.438171267510000,1.547506809230000,-1.650073170660000,0.000000000000000
-46.512104034399997,168.241378784000005,1.244285583500000,1.434044480320000,1.542843222620000,-1.641965031620000,0.000000000000000
-46.511665344199997,168.240463256999988,1.246033668520000,1.436607956890000,1.545757293700000,-1.646799564360000,0.000000000000000
-46.511257171600001,168.239562987999989,1.244148492810000,1.434138536450000,1.543001532550000,-1.641485929490000,0.000000000000000
-46.513160705600001,168.241607665999993,1.243928313260000,1.433494091030000,1.542222261430000,-1.640482664110000,0.000000000000000
-46.514602661100000,168.242050170999988,1.245833277700000,1.435784220700000,1.544680476190000,-1.644449949260000,0.000000000000000
-46.508769989000001,168.237808228000006,1.248422861100000,1.439969062810000,1.549614906310000,-1.654078960420000,0.000000000000000
-46.508399963400002,168.239700317000000,1.247806787490000,1.438928365710000,1.548487901690000,-1.652252197270000,0.000000000000000
-46.508071899400001,168.238754271999994,1.248711466790000,1.440300345420000,1.550033092500000,-1.655025959010000,0.000000000000000
-46.507797241200002,168.240570068000011,1.246997118000000,1.437784433360000,1.547266721730000,-1.649712920190000,0.000000000000000
-46.506946563699998,168.242874145999991,1.248256564140000,1.439321517940000,1.549067616460000,-1.652756452560000,0.000000000000000
-46.507266998299997,168.241561890000014,1.248706102370000,1.440064072610000,1.549852371220000,-1.654289722440000,0.000000000000000
-46.507434844999999,168.235763550000001,1.249480962750000,1.441862344740000,1.551800727840000,-1.658848762510000,0.000000000000000
-46.507583618200002,168.236770629999995,1.249324202540000,1.441599726680000,1.551523804660000,-1.658316612240000,0.000000000000000
-46.507797241200002,168.237762451000009,1.249699354170000,1.442181229590000,1.552162647250000,-1.660104036330000,0.000000000000000
-46.506305694600002,168.244064331000004,1.247237324710000,1.437972545620000,1.547571063040000,-1.649656891820000,0.000000000000000
-46.506099700900002,168.245483398000005,1.247943997380000,1.438798069950000,1.548509001730000,-1.650483489040000,0.000000000000000
-46.504493713400002,168.252990723000011,1.250066041950000,1.441345810890000,1.551490068440000,-1.658816218380000,0.000000000000000
-46.505382537800003,168.249969482000012,1.249204874040000,1.440095782280000,1.550033688550000,-1.654248476030000,0.000000000000000
-46.504272460899998,168.251129149999997,1.249756574630000,1.440817713740000,1.550935626030000,-1.652408361430000,0.000000000000000
-46.505500793499998,168.248291015999996,1.249775290490000,1.441190123560000,1.551326036450000,-1.653860688210000,0.000000000000000
-46.505020141599999,168.246795654000010,1.250101804730000,1.441492915150000,1.551539778710000,-1.655744552610000,0.000000000000000
-46.501708984399997,168.254440308000000,1.248906254770000,1.440125703810000,1.550264120100000,-1.654169559480000,0.000000000000000
-46.499919891399998,168.256805420000006,1.248038530350000,1.438693284990000,1.548733115200000,-1.649155974390000,0.000000000000000
-46.497455596899997,168.256500243999994,1.250222325330000,1.441288828850000,1.551537036900000,-1.650851368900000,0.000000000000000
-46.496372222900000,168.258407592999987,1.250351548190000,1.441256046300000,1.551499485970000,-1.649387836460000,0.000000000000000
-46.495502471899997,168.260131835999999,1.252351164820000,1.443563103680000,1.553715705870000,-1.655154347420000,0.000000000000000
-46.508567810099997,168.236831665000011,1.248912334440000,1.440715670590000,1.550465583800000,-1.655489683150000,0.000000000000000
-46.508239746100003,168.236053467000005,1.249370455740000,1.441537261010000,1.551390528680000,-1.657632231710000,0.000000000000000
-46.508335113500003,168.235183715999995,1.249393343930000,1.441842317580000,1.551747560500000,-1.659087061880000,0.000000000000000
-46.509731292700003,168.237731934000010,1.247810363770000,1.439112782480000,1.548597216610000,-1.652729153630000,0.000000000000000
-46.510917663599997,168.238616943000011,1.247323513030000,1.438329100610000,1.547653198240000,-1.649981021880000,0.000000000000000
-46.510669708300000,168.237655640000014,1.246434211730000,1.437203049660000,1.546435117720000,-1.647710442540000,0.000000000000000
-46.511684417700003,168.238632201999991,1.245860099790000,1.436294198040000,1.545342922210000,-1.645984172820000,0.000000000000000
-46.512905120799999,168.240295409999987,1.243536591530000,1.433057665820000,1.541774988170000,-1.639780879020000,0.000000000000000
-46.512302398700001,168.239257812000005,1.248691916470000,1.439815402030000,1.549250364300000,-1.651873588560000,0.000000000000000
-46.509525299099998,168.236755370999987,1.249268412590000,1.441161036490000,1.550871372220000,-1.656174063680000,0.000000000000000
-46.505516052200001,168.242950438999998,1.249123454090000,1.440568804740000,1.550546050070000,-1.654750466350000,0.000000000000000
-46.507301330600001,168.239471436000002,1.248923420910000,1.440631389620000,1.550467848780000,-1.655873894690000,0.000000000000000
-46.507164001500001,168.238494873000008,1.248801112170000,1.440624356270000,1.550487160680000,-1.655763864520000,0.000000000000000
-46.506603241000001,168.240325928000004,1.248754620550000,1.440154671670000,1.549980163570000,-1.654395937920000,0.000000000000000
-46.506145477300002,168.241683959999989,1.249794960020000,1.441855311390000,1.551923632620000,-1.657915830610000,0.000000000000000
-46.506542205800002,168.236557006999988,1.248723387720000,1.440643668170000,1.550515055660000,-1.656533241270000,0.000000000000000
-46.506729126000003,168.237640381000006,1.250253558160000,1.442774295810000,1.552869439130000,-1.660144805910000,0.000000000000000
-46.505153655999997,168.244384765999996,1.249098777770000,1.440602779390000,1.550592660900000,-1.655475735660000,0.000000000000000
-46.504577636699999,168.245574951000009,1.247254729270000,1.438119292260000,1.547807931900000,-1.648189902310000,0.000000000000000
-46.502143859900002,168.251815795999988,1.247814297680000,1.438292860980000,1.548066973690000,-1.646129727360000,0.000000000000000
-46.503341674799998,168.249481201000009,1.248992919920000,1.439774513240000,1.549623727800000,-1.652987718580000,0.000000000000000
-46.503898620599998,168.247802734000004,1.247957348820000,1.438492894170000,1.548223733900000,-1.649547457700000,0.000000000000000
-46.503402710000003,168.246368407999995,1.249533414840000,1.440718650820000,1.550693511960000,-1.653574943540000,0.000000000000000
-46.499839782700001,168.251937865999992,1.249718427660000,1.440579295160000,1.550627589230000,-1.651685833930000,0.000000000000000
-46.498703002900001,168.254333495999987,1.250166654590000,1.440936684610000,1.551065087320000,-1.650884032250000,0.000000000000000
-46.496128082299997,168.254318237000007,1.250802516940000,1.442236185070000,1.552449822430000,-1.653711438180000,0.000000000000000
-46.495185852100001,168.256500243999994,1.249807596210000,1.440475106240000,1.550464272500000,-1.649153709410000,0.000000000000000
-46.494411468499997,168.258499145999991,1.248756647110000,1.439979314800000,1.550050735470000,-1.652286410330000,0.000000000000000
-46.509220123299997,168.235641479000009,1.249059438710000,1.441215038300000,1.550954341890000,-1.657771348950000,0.000000000000000
-46.509250640899999,168.234436034999987,1.250497579570000,1.443120479580000,1.553059577940000,-1.661029100420000,0.000000000000000
-46.510467529300001,168.236694335999999,1.248902201650000,1.440488457680000,1.550075054170000,-1.654365301130000,0.000000000000000
-46.511619567899999,168.237701415999993,1.246504426000000,1.437131166460000,1.546317815780000,-1.647633671760000,0.000000000000000
-46.511402130100002,168.236740112000007,1.248012661930000,1.439158678050000,1.548545479770000,-1.651994705200000,0.000000000000000
-46.512630462600001,168.238021851000013,1.243218541150000,1.432953715320000,1.541670084000000,-1.639253020290000,0.000000000000000
-46.513961792000003,168.238632201999991,1.246234416960000,1.436861276630000,1.545971274380000,-1.646568298340000,0.000000000000000
-46.510330200200002,168.235702515000014,1.249117374420000,1.440948605540000,1.550602078440000,-1.655340790750000,0.000000000000000
-46.504028320300002,168.242980956999986,1.250151276590000,1.441925287250000,1.552045226100000,-1.655758976940000,0.000000000000000
-46.504787445100000,168.241577148000005,1.250159263610000,1.442239642140000,1.552383661270000,-1.658251404760000,0.000000000000000
-46.506195068399997,168.238952637000011,1.249783754350000,1.442173480990000,1.552273988720000,-1.659569859500000,0.000000000000000
-46.505252838099999,168.240173340000013,1.249226689340000,1.440897226330000,1.550882220270000,-1.655190467830000,0.000000000000000
-46.505519866900002,168.237487793000014,1.249117612840000,1.441095471380000,1.551061034200000,-1.656794667240000,0.000000000000000
-46.503273010299999,168.244461059999992,1.249490737920000,1.440518856050000,1.550473928450000,-1.652502536770000,0.000000000000000
-46.502536773700001,168.242843628000003,1.249210119250000,1.440582156180000,1.550538659100000,-1.654057979580000,0.000000000000000
-46.501029968300003,168.249572754000013,1.249093055730000,1.440411448480000,1.550458669660000,-1.654589533810000,0.000000000000000
-46.502174377400003,168.247528076000009,1.249531626700000,1.440351843830000,1.550347089770000,-1.650921225550000,0.000000000000000
-46.501808166499998,168.245712279999992,1.248962163930000,1.440311551090000,1.550292968750000,-1.654203534130000,0.000000000000000
-46.498283386200001,168.249481201000009,1.250290155410000,1.441506743430000,1.551591396330000,-1.651586413380000,0.000000000000000
-46.497165679900000,168.251968384000008,1.249561190610000,1.440729022030000,1.550803303720000,-1.651289939880000,0.000000000000000
-46.494548797599997,168.252120972000000,1.251070618630000,1.442170262340000,1.552240252490000,-1.650344133380000,0.000000000000000
-46.493709564200003,168.254486084000007,1.250748753550000,1.441969037060000,1.552078127860000,-1.650782823560000,0.000000000000000
-46.493034362800003,168.256744384999990,1.252478718760000,1.444081902500000,1.554342150690000,-1.651979088780000,0.000000000000000
-46.509967803999999,168.233734131000006,1.249536633490000,1.441929697990000,1.551747679710000,-1.658493399620000,0.000000000000000
-46.510227203399999,168.234710693000011,1.246362209320000,1.437398791310000,1.546660780910000,-1.647911190990000,0.000000000000000
-46.511283874500002,168.235763550000001,1.247320532800000,1.438290834430000,1.547641873360000,-1.651003241540000,0.000000000000000
-46.512557983400001,168.236740112000007,1.249340057370000,1.441090941430000,1.550618410110000,-1.655289888380000,0.000000000000000
-46.512187957800002,168.235885620000005,1.243414759640000,1.433196425440000,1.541957616810000,-1.638215422630000,0.000000000000000
-46.511157989499999,168.234771728999988,1.251937747000000,1.445044279100000,1.555087089540000,-1.662935137750000,0.000000000000000
-46.503234863300001,168.241546631000006,1.248903393750000,1.440150380130000,1.550024390220000,-1.652259826660000,0.000000000000000
-46.503971099899999,168.240386962999992,1.249476194380000,1.441145420070000,1.551116347310000,-1.655198097230000,0.000000000000000
-46.504333496100003,168.238845824999999,1.249359369280000,1.441126823430000,1.551078677180000,-1.655490279200000,0.000000000000000
-46.501480102499997,168.241744995000005,1.249925136570000,1.441556215290000,1.551554083820000,-1.654163241390000,0.000000000000000
-46.501232147200000,168.244018554999997,1.249722480770000,1.441146254540000,1.551148295400000,-1.652623295780000,0.000000000000000
-46.499629974400001,168.246658324999999,1.250011920930000,1.441297292710000,1.551312446590000,-1.652284502980000,0.000000000000000
-46.496524810799997,168.247055053999986,1.249767303470000,1.441260576250000,1.551234245300000,-1.652328372000000,0.000000000000000
-46.495498657200002,168.249649048000009,1.250918149950000,1.442471742630000,1.552580237390000,-1.653583645820000,0.000000000000000
-46.492790222200000,168.249893187999987,1.250503897670000,1.441745162010000,1.551735043530000,-1.651124119760000,0.000000000000000
-46.491989135700003,168.252395629999995,1.251464366910000,1.442747473720000,1.552812337880000,-1.651916980740000,0.000000000000000
-46.491363525399997,168.254852295000006,1.251088857650000,1.442155718800000,1.552169799800000,-1.650511503220000,0.000000000000000
-46.489051818800000,168.255416870000005,1.252364158630000,1.443944931030000,1.554065227510000,-1.651090502740000,0.000000000000000
-46.511100769000002,168.233642578000001,1.247865557670000,1.439633846280000,1.549019932750000,-1.653419494630000,0.000000000000000
-46.511383056600003,168.232635498000008,1.248876094820000,1.440714597700000,1.550332307820000,-1.654337048530000,0.000000000000000
-46.512386321999998,168.234924315999990,1.248834252360000,1.440829038620000,1.550369620320000,-1.656161308290000,0.000000000000000
-46.512104034399997,168.234039306999989,1.248627424240000,1.440312981610000,1.549958467480000,-1.653463125230000,0.000000000000000
-46.502342224099998,168.239761353000006,1.249750852580000,1.441494584080000,1.551475167270000,-1.654909729960000,0.000000000000000
-46.500320434599999,168.240432738999999,1.249377369880000,1.440727829930000,1.550533056260000,-1.651732802390000,0.000000000000000
-46.499210357700001,168.242553710999999,1.249796867370000,1.441344261170000,1.551281571390000,-1.653580904010000,0.000000000000000
-46.497383117699997,168.244628906000003,1.250077366830000,1.441516280170000,1.551486492160000,-1.652609586720000,0.000000000000000
-46.494670867899998,168.244613646999994,1.250624895100000,1.442021012310000,1.551996827130000,-1.652802348140000,0.000000000000000
-46.493675231899999,168.247329712000010,1.250713467600000,1.441934943200000,1.551915645600000,-1.651323795320000,0.000000000000000
-46.490928649899999,168.247680664000001,1.250815391540000,1.442231416700000,1.552199125290000,-1.651408076290000,0.000000000000000
-46.490093231199999,168.250213623000008,1.251155734060000,1.442579865460000,1.552568316460000,-1.651168465610000,0.000000000000000
-46.489425659200002,168.252807617000002,1.251293063160000,1.442616343500000,1.552592873570000,-1.649965763090000,0.000000000000000
-46.486782073999997,168.253387451000009,1.251193761830000,1.442533731460000,1.552450060840000,-1.650669455530000,0.000000000000000
-46.512119293200001,168.231933593999997,1.248557806020000,1.440328121190000,1.549834728240000,-1.653569459920000,0.000000000000000
-46.512233734100001,168.233062743999994,1.249402523040000,1.441430330280000,1.551063299180000,-1.654864668850000,0.000000000000000
-46.487274169899997,168.250564574999999,1.250598073010000,1.441789627080000,1.551700949670000,-1.649064183240000,0.000000000000000
-46.390727996800003,168.240600585999999,0.986749351025000,1.061371326450000,1.117898583410000,-0.057928875088700,0.000000000000000
-46.390792846700002,168.240890503000003,0.986748695374000,1.061370134350000,1.117897868160000,-0.057928305119300,0.000000000000000
-46.390853881799998,168.241165160999998,0.986748158932000,1.061369061470000,1.117897033690000,-0.057927273213900,0.000000000000000
-46.390663146999998,168.240325928000004,0.986750662327000,1.061373353000000,1.117900252340000,-0.057930294424300,0.000000000000000
-46.391239166299997,168.240371704000012,0.986747682095000,1.061369538310000,1.117896676060000,-0.057932227850000,0.000000000000000
-46.391407012899997,168.240646362000007,0.986745476723000,1.061366438870000,1.117893934250000,-0.057931814342700,0.000000000000000
-46.391689300499998,168.240829467999987,0.986743509769000,1.061363697050000,1.117891550060000,-0.057931929826700,0.000000000000000
-46.391433715799998,168.239898681999989,0.986747026443000,1.061369299890000,1.117896080020000,-0.057934954762500,0.000000000000000
-46.391719818100000,168.240097045999988,0.986742794514000,1.061364054680000,1.117891073230000,-0.057934459298800,0.000000000000000
-46.392009735099997,168.240280151000007,0.986739993095000,1.061360478400000,1.117887735370000,-0.057933956384700,0.000000000000000
-46.392295837399999,168.240478515999996,0.986736297607000,1.061355710030000,1.117883205410000,-0.057933103293200,0.000000000000000
-46.392005920400003,168.239501953000001,0.986738920212000,1.061360597610000,1.117886900900000,-0.057935770601000,0.000000000000000
-46.392288207999997,168.239685059000010,0.986734271049000,1.061354994770000,1.117881298070000,-0.057934727519800,0.000000000000000
-46.392559051500001,168.239852904999992,0.986728727818000,1.061348319050000,1.117874741550000,-0.057933825999500,0.000000000000000
-46.392826080299997,168.240020751999992,0.986726999283000,1.061345934870000,1.117872476580000,-0.057932857424000,0.000000000000000
-46.392559051500001,168.239074706999986,0.986729383469000,1.061350464820000,1.117876172070000,-0.057935256511000,0.000000000000000
-46.392810821499999,168.239212035999998,0.986723363400000,1.061343312260000,1.117869019510000,-0.057934157550300,0.000000000000000
-46.393062591600000,168.239379882999998,0.986717164516000,1.061335682870000,1.117861390110000,-0.057931683957600,0.000000000000000
-46.393333435099997,168.239547729000009,0.986708998680000,1.061325550080000,1.117851257320000,-0.057930331677200,0.000000000000000
-46.393169403100003,168.238754271999994,0.986714363098000,1.061334371570000,1.117859363560000,-0.057931538671300,0.000000000000000
-46.393451690699997,168.238983154000010,0.986704051495000,1.061322331430000,1.117847085000000,-0.057926956564200,0.000000000000000
-46.393722534200002,168.239334106000001,0.986689507961000,1.061305642130000,1.117830276490000,-0.057920508086700,0.000000000000000
-46.393962860099997,168.239761353000006,0.986662447453000,1.061275124550000,1.117798447610000,-0.057905122637700,0.000000000000000
-46.393852233899999,168.238784790000011,0.986696481705000,1.061314702030000,1.117839336400000,-0.057924777269400,0.000000000000000
-46.394073486300002,168.239257812000005,0.986678779125000,1.061293959620000,1.117818355560000,-0.057916417717900,0.000000000000000
-46.394374847400002,168.240310668999996,0.986640274525000,1.061247229580000,1.117772817610000,-0.057908806949900,0.000000000000000
-46.394371032700001,168.239257812000005,0.986665368080000,1.061279177670000,1.117802977560000,-0.057912461459600,0.000000000000000
-46.394542694099997,168.239776610999996,0.986642301083000,1.061252713200000,1.117775917050000,-0.057898499071600,0.000000000000000
-46.394737243700000,168.240905762000011,0.986617684364000,1.061228394510000,1.117749810220000,-0.057879518717500,0.000000000000000
-46.394817352300002,168.239791870000005,0.986635982990000,1.061247229580000,1.117770433430000,-0.057892967015500,0.000000000000000
-46.394947051999999,168.240341187000013,0.986627638340000,1.061238288880000,1.117761850360000,-0.057888362556700,0.000000000000000
-46.395038604699998,168.240905762000011,0.986607551575000,1.061218500140000,1.117740750310000,-0.057873159647000,0.000000000000000
-46.395050048800002,168.241531371999997,0.986606061459000,1.061214327810000,1.117737889290000,-0.057862807065200,0.000000000000000
-46.395259857200003,168.240341187000013,0.986618816853000,1.061229109760000,1.117752313610000,-0.057879094034400,0.000000000000000
-46.395336151099997,168.240921020999991,0.986600518227000,1.061207771300000,1.117730498310000,-0.057868074625700,0.000000000000000
-46.395343780499999,168.241531371999997,0.986598551273000,1.061205029490000,1.117728471760000,-0.057864788919700,0.000000000000000
-46.395305633500001,168.242172240999992,0.986571490765000,1.061169266700000,1.117691278460000,-0.057851783931300,0.000000000000000
-46.395629882800002,168.240936279000010,0.986596703529000,1.061204075810000,1.117726802830000,-0.057867221534300,0.000000000000000
-46.395645141599999,168.241546631000006,0.986582458019000,1.061188340190000,1.117710828780000,-0.057855963707000,0.000000000000000
-46.395576477100001,168.242828368999994,0.986527025700000,1.061128377910000,1.117649078370000,-0.057816457003400,0.000000000000000
-46.395942687999998,168.241561890000014,0.986580312252000,1.061187148090000,1.117709994320000,-0.057854000479000,0.000000000000000
-46.395854950000000,168.242218017999988,0.986551821232000,1.061154007910000,1.117675542830000,-0.057839564979100,0.000000000000000
-46.395816803000002,168.242858887000011,0.986529827118000,1.061130762100000,1.117651700970000,-0.057820536196200,0.000000000000000
-46.395763397200000,168.243499756000006,0.986511945724000,1.061101078990000,1.117620587350000,-0.057811621576500,0.000000000000000
-46.396110534700000,168.242233276000007,0.986543118954000,1.061142802240000,1.117663741110000,-0.057838488370200,0.000000000000000
-46.396053314200003,168.242874145999991,0.986512482166000,1.061108827590000,1.117628455160000,-0.057816896587600,0.000000000000000
-46.395965576199998,168.244171142999988,0.986461460590000,1.061051964760000,1.117569565770000,-0.057776007801300,0.000000000000000
-46.396289825399997,168.242904662999990,0.986504256725000,1.061102509500000,1.117621898650000,-0.057812750339500,0.000000000000000
-46.396244049099998,168.243560790999993,0.986481308937000,1.061075091360000,1.117593526840000,-0.057794049382200,0.000000000000000
-46.396213531500003,168.244827270999991,0.986436128616000,1.061023354530000,1.117539525030000,-0.057760711759300,0.000000000000000
-46.396492004400002,168.243576050000001,0.986470401287000,1.061061143880000,1.117578625680000,-0.057792048901300,0.000000000000000
-46.396480560299999,168.244216918999996,0.986448049545000,1.061035513880000,1.117552042010000,-0.057773318141700,0.000000000000000
-46.396522521999998,168.245452881000006,0.986407935619000,1.060996651650000,1.117511749270000,-0.057734198868300,0.000000000000000
-46.396743774400001,168.244232178000004,0.986428260803000,1.061016440390000,1.117532014850000,-0.057764224708100,0.000000000000000
-46.396755218499997,168.244857787999990,0.986406862736000,1.060992717740000,1.117507219310000,-0.057746767997700,0.000000000000000
-46.396808624300000,168.245452881000006,0.986398518085000,1.060987472530000,1.117502093320000,-0.057728607207500,0.000000000000000
-46.396846771200003,168.246063232000012,0.986386835575000,1.060975670810000,1.117489933970000,-0.057721361517900,0.000000000000000
-46.397041320800000,168.244873046999999,0.986397802830000,1.060983538630000,1.117497444150000,-0.057741366326800,0.000000000000000
-46.397102355999998,168.245468140000014,0.986388921738000,1.060977220540000,1.117491245270000,-0.057725433260200,0.000000000000000
-46.397167205800002,168.246063232000012,0.986375987530000,1.060964226720000,1.117477774620000,-0.057717896997900,0.000000000000000
-46.397212982200003,168.246658324999999,0.986350357533000,1.060938358310000,1.117450714110000,-0.057700440287600,0.000000000000000
-46.397411346399998,168.245452881000006,0.986371815205000,1.060959219930000,1.117472052570000,-0.057718604803100,0.000000000000000
-46.397499084499998,168.246032715000013,0.986348211765000,1.060934305190000,1.117445826530000,-0.057707540690900,0.000000000000000
-46.397560119600001,168.246627808000000,0.986332952976000,1.060920357700000,1.117431521420000,-0.057692348957100,0.000000000000000
-46.397586822500003,168.247253418000014,0.986317217350000,1.060904979710000,1.117415666580000,-0.057681072503300,0.000000000000000
-46.397842407200002,168.246017456000004,0.986332476139000,1.060917973520000,1.117428302760000,-0.057700023055100,0.000000000000000
-46.397926330600001,168.246582031000003,0.986311197281000,1.060897588730000,1.117407083510000,-0.057682368904400,0.000000000000000
-46.398002624500002,168.247161865000010,0.986286044121000,1.060870409010000,1.117378592490000,-0.057672236114700,0.000000000000000
-46.398101806600003,168.247726440000008,0.986273467541000,1.060858130460000,1.117365956310000,-0.057658758014400,0.000000000000000
-46.398326873800002,168.246520995999987,0.986274182796000,1.060857534410000,1.117364287380000,-0.057668954134000,0.000000000000000
-46.398426055900003,168.247070312000005,0.986260414124000,1.060844659810000,1.117350935940000,-0.057658065110400,0.000000000000000
-46.398525237999998,168.247634887999993,0.986254632473000,1.060842514040000,1.117349267010000,-0.057641077786700,0.000000000000000
-46.398632049600003,168.248184204000012,0.986247599125000,1.060834884640000,1.117341518400000,-0.057633362710500,0.000000000000000
-46.398864746100003,168.246963501000010,0.986239254475000,1.060823559760000,1.117328047750000,-0.057645611465000,0.000000000000000
-46.399002075200002,168.247451782000013,0.986226618290000,1.060811519620000,1.117315649990000,-0.057634044438600,0.000000000000000
-46.399147033699997,168.247940062999987,0.986208438873000,1.060788273810000,1.117291092870000,-0.057629767805300,0.000000000000000
-46.399291992199998,168.248413085999999,0.986201763153000,1.060781359670000,1.117284297940000,-0.057624306529800,0.000000000000000
-46.399593353299998,168.247222899999997,0.986124217510000,1.060697555540000,1.117193460460000,-0.057600654661700,0.000000000000000
-46.399669647200000,168.247619629000013,0.986113488674000,1.060684919360000,1.117180347440000,-0.057594537735000,0.000000000000000
-46.399757385299999,168.248001098999993,0.986110270023000,1.060686826710000,1.117182970050000,-0.057577729225200,0.000000000000000
-46.399841308600003,168.248352051000012,0.986098170280000,1.060672044750000,1.117167592050000,-0.057571701705500,0.000000000000000
-46.400352478000002,168.247314453000001,0.986060440540000,1.060639381410000,1.117130875590000,-0.057546544820100,0.000000000000000
-46.400382995599998,168.247665404999992,0.986058592796000,1.060637712480000,1.117129445080000,-0.057542402297300,0.000000000000000
-46.400413513200000,168.248001098999993,0.986048936844000,1.060621738430000,1.117112517360000,-0.057546690106400,0.000000000000000
-46.400455474899999,168.248367309999992,0.986052036285000,1.060626029970000,1.117117643360000,-0.057542908936700,0.000000000000000
-46.401023864700001,168.247375487999989,0.985957920551000,1.060521602630000,1.117004036900000,-0.057514566928100,0.000000000000000
-46.401020050000000,168.247711181999989,0.985958933830000,1.060522198680000,1.117005109790000,-0.057514205575000,0.000000000000000
-46.401039123499999,168.248031615999992,0.985938072205000,1.060500025750000,1.116982102390000,-0.057502552866900,0.000000000000000
-46.401042938200000,168.248336792000003,0.985923945904000,1.060480594640000,1.116961598400000,-0.057499628514100,0.000000000000000
-46.401664733899999,168.247436523000005,0.985849738121000,1.060413599010000,1.116888523100000,-0.057451028376800,0.000000000000000
-46.401676178000002,168.247756957999997,0.985844910145000,1.060407280920000,1.116881966590000,-0.057445615530000,0.000000000000000
-46.401672363300001,168.248031615999992,0.985859334469000,1.060424208640000,1.116900563240000,-0.057448852807300,0.000000000000000
-46.401660919199998,168.248352051000012,0.985881388187000,1.060450196270000,1.116929054260000,-0.057451106607900,0.000000000000000
-46.402118682900003,168.248352051000012,0.985700726509000,1.060233116150000,1.116694688800000,-0.057400252670100,0.000000000000000
-46.402439117400000,168.248886107999994,0.985910773277000,1.060462117200000,1.116941928860000,-0.057407654821900,0.000000000000000
-46.402446746800003,168.248657226999995,0.985900461674000,1.060454726220000,1.116934537890000,-0.057402346283200,0.000000000000000
-46.402545928999999,168.248886107999994,0.985937058926000,1.060496449470000,1.116979241370000,-0.057415083050700,0.000000000000000
-46.402153015099998,168.247482300000001,0.985799014568000,1.060357570650000,1.116828441620000,-0.057424828410100,0.000000000000000
-46.402145385700003,168.247772217000005,0.985830545425000,1.060393571850000,1.116867184640000,-0.057432398200000,0.000000000000000
-46.402133941700001,168.248062134000008,0.985735476017000,1.060278177260000,1.116743087770000,-0.057408250868300,0.000000000000000
-46.402454376199998,168.248382568000011,0.985952138901000,1.060516834260000,1.117000579830000,-0.057420458644600,0.000000000000000
-46.402561187700002,168.248657226999995,0.985857248306000,1.060412645340000,1.116888761520000,-0.057396285235900,0.000000000000000
-46.402633667000003,168.248901367000002,0.985911309719000,1.060462594030000,1.116942644120000,-0.057407658547200,0.000000000000000
-46.402469635000003,168.247436523000005,0.985754311085000,1.060304045680000,1.116769552230000,-0.057379908859700,0.000000000000000
-46.402469635000003,168.247741698999988,0.985755860806000,1.060311198230000,1.116777658460000,-0.057381156832000,0.000000000000000
-46.402465820300002,168.248077392999988,0.985785782337000,1.060348033910000,1.116817712780000,-0.057390812784400,0.000000000000000
-46.402641296399999,168.248397826999991,0.985913395882000,1.060466766360000,1.116945981980000,-0.057409208267900,0.000000000000000
-46.402687072799999,168.248641967999987,0.985903441906000,1.060456156730000,1.116935968400000,-0.057407889515200,0.000000000000000
-46.402744293200001,168.247726440000008,0.985721468925000,1.060274839400000,1.116739153860000,-0.057378284633200,0.000000000000000
-46.403362274199999,168.247146606000001,0.985375523567000,1.059882998470000,1.116317272190000,-0.057242862880200,0.000000000000000
-46.402770996100003,168.248062134000008,0.985737860203000,1.060295581820000,1.116761922840000,-0.057371154427500,0.000000000000000
-46.402843475300003,168.248397826999991,0.985724627972000,1.060276865960000,1.116741538050000,-0.057367574423600,0.000000000000000
-46.403728485099997,168.246932982999994,0.985211312771000,1.059726119040000,1.116151690480000,-0.057172559201700,0.000000000000000
-46.403102874799998,168.247589110999996,0.985477387905000,1.059995770450000,1.116439700130000,-0.057262584567100,0.000000000000000
-46.403160095200001,168.247940062999987,0.985552847385000,1.060086131100000,1.116535425190000,-0.057290956378000,0.000000000000000
-46.403472900399997,168.247436523000005,0.985386490822000,1.059897184370000,1.116332888600000,-0.057243969291400,0.000000000000000
-46.403861999500002,168.247192382999998,0.985207080841000,1.059720993040000,1.116146683690000,-0.057171016931500,0.000000000000000
-46.403266906699997,168.248245238999999,0.985640406609000,1.060171008110000,1.116628527640000,-0.057307019829700,0.000000000000000
-46.404205322300001,168.246673584000007,0.985290467739000,1.059804201130000,1.116233825680000,-0.057221047580200,0.000000000000000
-46.404361724899999,168.246917725000003,0.985293447971000,1.059810042380000,1.116240262990000,-0.057217352092300,0.000000000000000
-46.403583526600002,168.247726440000008,0.985406339169000,1.059915184970000,1.116352796550000,-0.057254150509800,0.000000000000000
-46.403987884499998,168.247436523000005,0.985169887543000,1.059680819510000,1.116103649140000,-0.057154223322900,0.000000000000000
-46.403682708700003,168.248016357000012,0.985388398170000,1.059893846510000,1.116330266000000,-0.057249084115000,0.000000000000000
-46.404819488500003,168.246337890999996,0.984899044037000,1.059375405310000,1.115779042240000,-0.057006236165800,0.000000000000000
-46.404979705800002,168.246582031000003,0.984853386879000,1.059333443640000,1.115734696390000,-0.056988116353700,0.000000000000000
-46.404514312700002,168.247146606000001,0.985225677490000,1.059734225270000,1.116161227230000,-0.057203412056000,0.000000000000000
-46.404136657700001,168.247680664000001,0.985132336617000,1.059636712070000,1.116056799890000,-0.057145759463300,0.000000000000000
-46.405418396000002,168.245971679999997,0.984767675400000,1.059224963190000,1.115614652630000,-0.057092726230600,0.000000000000000
-46.405139923100002,168.246841431000007,0.984939217567000,1.059419751170000,1.115825772290000,-0.056995317339900,0.000000000000000
-46.404670715300000,168.247390746999997,0.985088050365000,1.059581041340000,1.115998983380000,-0.057170119136600,0.000000000000000
-46.405761718800001,168.246520995999987,0.984556496143000,1.058999896050000,1.115375518800000,-0.056980270892400,0.000000000000000
-46.405303955100003,168.247085571000014,0.984950661659000,1.059433341030000,1.115840435030000,-0.056997876614300,0.000000000000000
-46.406639099099998,168.245285034000005,0.984941542149000,1.059381604190000,1.115781068800000,-0.056808613240700,0.000000000000000
-46.406818389900003,168.245574951000009,0.985134780407000,1.059567928310000,1.115974187850000,-0.056817065924400,0.000000000000000
-46.406375885000003,168.246185303000004,0.985112905502000,1.059500336650000,1.115910649300000,-0.056791059672800,0.000000000000000
-46.405933380100002,168.246795654000010,0.984521508217000,1.058971881870000,1.115347027780000,-0.056954011321100,0.000000000000000
-46.407463073700001,168.245300293000014,0.984788656235000,1.059215426450000,1.115599274640000,-0.056708298623600,0.000000000000000
-46.406993866000001,168.245849609000004,0.984827458858000,1.059268593790000,1.115657925610000,-0.056763600558000,0.000000000000000
-46.406555175800001,168.246459960999999,0.985131859779000,1.059516429900000,1.115927577020000,-0.056762438267500,0.000000000000000
-46.408119201700003,168.245056151999989,0.984955489635000,1.059327006340000,1.115710020070000,-0.056552257388800,0.000000000000000
-46.407653808600003,168.245620728000006,0.984873116016000,1.059280037880000,1.115665793420000,-0.056672468781500,0.000000000000000
-46.407173156699997,168.246139526000007,0.984731733799000,1.059194326400000,1.115577816960000,-0.056767415255300,0.000000000000000
-46.408584594700002,168.244506835999999,0.984828352928000,1.059257030490000,1.115633010860000,-0.056647650897500,0.000000000000000
-46.408786773700001,168.244857787999990,0.984697043896000,1.059124827380000,1.115493178370000,-0.056595761328900,0.000000000000000
-46.408317565899999,168.245407104000009,0.984806656837000,1.059204339980000,1.115583419800000,-0.056551277637500,0.000000000000000
-46.407844543499998,168.245941162000008,0.984847366810000,1.059240221980000,1.115624904630000,-0.056609850376800,0.000000000000000
-46.408992767299999,168.245223998999990,0.984819710255000,1.059217691420000,1.115589618680000,-0.056531604379400,0.000000000000000
-46.408515930199997,168.245742798000009,0.984772801399000,1.059180974960000,1.115556359290000,-0.056555334478600,0.000000000000000
-46.409957885700003,168.244277954000012,0.984582483768000,1.058955550190000,1.115305900570000,-0.056389626115600,0.000000000000000
-46.409683227499997,168.245101928999986,0.984390974045000,1.058779358860000,1.115122079850000,-0.056388612836600,0.000000000000000
-46.409202575700000,168.245605468999997,0.984703719616000,1.059101581570000,1.115468144420000,-0.056487925350700,0.000000000000000
-46.410648345900000,168.244354248000008,0.984290778637000,1.058629751210000,1.114955782890000,-0.056232597678900,0.000000000000000
-46.410377502400003,168.245056151999989,0.984291434288000,1.058624506000000,1.114953994750000,-0.056240543723100,0.000000000000000
-46.409893035899998,168.245498657000013,0.984246551991000,1.058627963070000,1.114959120750000,-0.056340027600500,0.000000000000000
-46.411334991499999,168.244506835999999,0.984143853188000,1.058470606800000,1.114783406260000,-0.056117665022600,0.000000000000000
-46.411060333300000,168.245208740000010,0.984241366386000,1.058569073680000,1.114890217780000,-0.056155189871800,0.000000000000000
-46.410583496100003,168.245483398000005,0.984181880951000,1.058506965640000,1.114828944210000,-0.056178990751500,0.000000000000000
-46.412017822300001,168.244659423999991,0.984078049660000,1.058402419090000,1.114706397060000,-0.056023932993400,0.000000000000000
-46.412200927699999,168.245147704999994,0.984044075012000,1.058341383930000,1.114641547200000,-0.055968277156400,0.000000000000000
-46.411262512199997,168.245651245000005,0.984102427959000,1.058428525920000,1.114739537240000,-0.056103054434100,0.000000000000000
-46.412670135500001,168.244903563999998,0.983971536160000,1.058281421660000,1.114573955540000,-0.055935792624900,0.000000000000000
-46.412860870400003,168.245391845999990,0.983913421631000,1.058243393900000,1.114532232280000,-0.055913683027000,0.000000000000000
-46.412391662600001,168.245635985999996,0.983954966068000,1.058253645900000,1.114547967910000,-0.055919751524900,0.000000000000000
-46.411922454799999,168.245895386000001,0.983898520470000,1.058217644690000,1.114511132240000,-0.055991832166900,0.000000000000000
-46.413333892799997,168.245132446000014,0.983897745609000,1.058189392090000,1.114473342900000,-0.055849529802800,0.000000000000000
-46.413520812999998,168.245620728000006,0.983777761459000,1.058063387870000,1.114338636400000,-0.055798638612000,0.000000000000000
-46.413051605200003,168.245864868000012,0.983969092369000,1.058274149890000,1.114564180370000,-0.055876940488800,0.000000000000000
-46.412582397500003,168.246124267999988,0.983984470367000,1.058279156680000,1.114573597910000,-0.055891487747400,0.000000000000000
-46.413967132600000,168.245407104000009,0.983758687973000,1.058036804200000,1.114308118820000,-0.055761225521600,0.000000000000000
-46.414123535199998,168.245971679999997,0.983532130718000,1.057824730870000,1.114081859590000,-0.055697925388800,0.000000000000000
-46.413681030299998,168.246170043999996,0.983528792858000,1.057831406590000,1.114090204240000,-0.055767819285400,0.000000000000000
-46.413230896000002,168.246383667000003,0.983778178692000,1.058081746100000,1.114358067510000,-0.055837921798200,0.000000000000000
-46.414558410600002,168.245788573999988,0.983498573303000,1.057761192320000,1.114012956620000,-0.055645808577500,0.000000000000000
-46.414703369100003,168.246353148999987,0.983431100845000,1.057652115820000,1.113897323610000,-0.055570572614700,0.000000000000000
-46.413845062299998,168.246719359999986,0.983392834663000,1.057665109630000,1.113914251330000,-0.055671978741900,0.000000000000000
-46.415111541700000,168.246215820000003,0.983403563499000,1.057613253590000,1.113854289050000,-0.055528201162800,0.000000000000000
-46.415248870799999,168.246795654000010,0.983227312565000,1.057445049290000,1.113674163820000,-0.055472608655700,0.000000000000000
-46.414848327599998,168.246932982999994,0.983273029327000,1.057556271550000,1.113793015480000,-0.055548712611200,0.000000000000000
-46.414451599099998,168.247070312000005,0.983432888985000,1.057645916940000,1.113891720770000,-0.055552322417500,0.000000000000000
-46.415641784700000,168.246673584000007,0.983199536800000,1.057407259940000,1.113632678990000,-0.055431596934800,0.000000000000000
-46.415760040300000,168.247268676999994,0.983168423176000,1.057360410690000,1.113583445550000,-0.055361375212700,0.000000000000000
-46.414970397899999,168.247528076000009,0.983030974865000,1.057281374930000,1.113500833510000,-0.055462699383500,0.000000000000000
-46.416152954099999,168.247146606000001,0.983228802681000,1.057389736180000,1.113612890240000,-0.055329468101300,0.000000000000000
-46.416271209700000,168.247756957999997,0.983236193657000,1.057398676870000,1.113621115680000,-0.055296622216700,0.000000000000000
-46.415882110600002,168.247879028000000,0.983198642731000,1.057367563250000,1.113590359690000,-0.055308002978600,0.000000000000000
-46.415489196800003,168.248001098999993,0.983070313931000,1.057247877120000,1.113465428350000,-0.055312562733900,0.000000000000000
-46.416648864700001,168.247634887999993,0.983295321465000,1.057435631750000,1.113658070560000,-0.055280607193700,0.000000000000000
-46.416728973399998,168.248275756999988,0.983166158199000,1.057332038880000,1.113548398020000,-0.055236302316200,0.000000000000000
-46.415966033899998,168.248504639000004,0.983137309551000,1.057334184650000,1.113554000850000,-0.055278219282600,0.000000000000000
-46.417118072500003,168.248153687000013,0.983047246933000,1.057224273680000,1.113433003430000,-0.055206831544600,0.000000000000000
-46.417179107700001,168.248809813999998,0.982967019081000,1.057132840160000,1.113335132600000,-0.055149186402600,0.000000000000000
-46.416385650599999,168.249069214000002,0.983115613461000,1.057284593580000,1.113498687740000,-0.055207852274200,0.000000000000000
-46.417587280299998,168.248687743999994,0.982850253582000,1.056987285610000,1.113179326060000,-0.055086962878700,0.000000000000000
-46.417633056600003,168.249343871999997,0.982519030571000,1.056703805920000,1.112879037860000,-0.055020216852400,0.000000000000000
-46.416805267299999,168.249633789000001,0.982741653919000,1.056949377060000,1.113141655920000,-0.055118259042500,0.000000000000000
-46.418052673299997,168.249206543000014,0.982372760773000,1.056540727620000,1.112705111500000,-0.054959759116200,0.000000000000000
-46.417240142799997,168.250183104999991,0.982706546783000,1.056826353070000,1.113009452820000,-0.054978545755100,0.000000000000000
-46.418514251700003,168.249725342000005,0.982344150543000,1.056390166280000,1.112542271610000,-0.054796472191800,0.000000000000000
-46.417678832999997,168.250732421999999,0.982165873051000,1.056354403500000,1.112506389620000,-0.054876107722500,0.000000000000000
-46.418972015400001,168.250259398999987,0.982238471508000,1.056290864940000,1.112434387210000,-0.054709877818800,0.000000000000000
-46.418533325200002,168.251129149999997,0.982222795486000,1.056258559230000,1.112400650980000,-0.054669104516500,0.000000000000000
-46.419422149699997,168.250793456999986,0.982367753983000,1.056353926660000,1.112494826320000,-0.054600425064600,0.000000000000000
-46.419380187999998,168.251525879000013,0.982132911682000,1.056156396870000,1.112286210060000,-0.054551240056800,0.000000000000000
-46.419784545900001,168.252105712999992,0.982051551342000,1.056035399440000,1.112155199050000,-0.054427590221200,0.000000000000000
-46.420261383099998,168.251907348999993,0.982173740864000,1.056104540820000,1.112222671510000,-0.054343663156000,0.000000000000000
-46.420188903800003,168.252670287999990,0.982050061226000,1.056006193160000,1.112117886540000,-0.054339118301900,0.000000000000000
-46.419216155999997,168.253067017000006,0.982299327850000,1.056267857550000,1.112399220470000,-0.054422657936800,0.000000000000000
-46.420684814500000,168.252471923999991,0.981917262077000,1.055922985080000,1.112028956410000,-0.054349642247000,0.000000000000000
-46.419612884499998,168.253646851000013,0.981653034687000,1.055705904960000,1.111806035040000,-0.054327532649000,0.000000000000000
-46.420490264900003,168.254028320000003,0.981584608555000,1.055474877360000,1.111549377440000,-0.054061844945000,0.000000000000000
-46.421329498299997,168.254440308000000,0.981373667717000,1.055303335190000,1.111358523370000,-0.053885005414500,0.000000000000000
-46.420425414999997,168.254776001000010,0.981142461300000,1.055088043210000,1.111141800880000,-0.053975537419300,0.000000000000000
-46.421688079799999,168.255035399999997,0.981155753136000,1.055016756060000,1.111052036290000,-0.053774524480100,0.000000000000000
-46.420799255399999,168.255371093999997,0.981117308140000,1.054966926570000,1.111003994940000,-0.053797669708700,0.000000000000000
-46.422134399400001,168.254867553999986,0.981227397919000,1.055166840550000,1.111203074460000,-0.053715202957400,0.000000000000000
-46.421131133999999,168.255981445000003,0.980836689472000,1.054728150370000,1.110751509670000,-0.053691837936600,0.000000000000000
-46.422451019299999,168.255493164000001,0.980596482754000,1.054471969600000,1.110472559930000,-0.053603224456300,0.000000000000000
-46.422657012899997,168.256896973000011,0.980556845665000,1.054460883140000,1.110444545750000,-0.053291544318200,0.000000000000000
-46.423088073700001,168.256744384999990,0.980465531349000,1.054375410080000,1.110353350640000,-0.053271546959900,0.000000000000000
-46.423404693599998,168.257369995000005,0.980586767197000,1.054354906080000,1.110319972040000,-0.053102057427200,0.000000000000000
-46.422828674300000,168.258316040000011,0.980401635170000,1.054161787030000,1.110115408900000,-0.052987232804300,0.000000000000000
-46.423122405999997,168.258956909000005,0.980043590069000,1.053889155390000,1.109828472140000,-0.052898164838600,0.000000000000000
-46.422672271700002,168.259124756000006,0.979806423187000,1.053690075870000,1.109619855880000,-0.052880715578800,0.000000000000000
-46.423385620099999,168.259597778000000,0.980034351349000,1.053735494610000,1.109653115270000,-0.052712064236400,0.000000000000000
-46.422939300499998,168.259765625000000,0.980115950108000,1.053804874420000,1.109727501870000,-0.052732858806800,0.000000000000000
-46.423629760700003,168.260269165000011,0.979373216629000,1.053142666820000,1.109030485150000,-0.052566651254900,0.000000000000000
-46.423416137700002,168.261093140000014,0.979781091213000,1.053309440610000,1.109188795090000,-0.052366413176100,0.000000000000000
-46.423870086699999,168.260925293000014,0.979629516602000,1.053153395650000,1.109023809430000,-0.052317615598400,0.000000000000000
-46.424083709700000,168.261581420999988,0.979256510735000,1.052823901180000,1.108677148820000,-0.052215032279500,0.000000000000000
-46.424263000499998,168.262268065999990,0.979180276394000,1.052707552910000,1.108541727070000,-0.052012585103500,0.000000000000000
-46.423995971700002,168.263107300000001,0.979111135006000,1.052646040920000,1.108468413350000,-0.051872733980400,0.000000000000000
-46.424427032499999,168.262939453000001,0.978986799717000,1.052506208420000,1.108320951460000,-0.051849644631100,0.000000000000000
-46.424163818399997,168.263778687000013,0.979281127453000,1.052711606030000,1.108527898790000,-0.051751598715800,0.000000000000000
-46.424587249799998,168.263626098999993,0.979417622089000,1.052825212480000,1.108642458920000,-0.051739495247600,0.000000000000000
-46.424743652300002,168.264297484999986,0.979025125504000,1.052426934240000,1.108217120170000,-0.051594696939000,0.000000000000000
-46.425167083700003,168.264144896999994,0.979399263859000,1.052825450900000,1.108619093890000,-0.051592238247400,0.000000000000000
-46.424900054900000,168.264984131000006,0.978901147842000,1.052278041840000,1.108048796650000,-0.051422547549000,0.000000000000000
-46.424610137899997,168.265838623000008,0.978876531124000,1.052290081980000,1.108040094380000,-0.051256258040700,0.000000000000000
-46.425060272200000,168.265670776000007,0.978803038597000,1.052207469940000,1.107960343360000,-0.051277108490500,0.000000000000000
-46.424762725800001,168.266525268999999,0.978767156601000,1.052160024640000,1.107914447780000,-0.051200199872300,0.000000000000000
-46.425220489499999,168.266342162999990,0.978994488716000,1.052428483960000,1.108188986780000,-0.051229391247000,0.000000000000000
-46.424911498999997,168.267196654999992,0.979450166225000,1.052982807160000,1.108744382860000,-0.051130838692200,0.000000000000000
-46.425079345699999,168.267883301000012,0.978984057903000,1.052416801450000,1.108157753940000,-0.051051922142500,0.000000000000000
-46.425403594999999,168.267028809000010,0.979102551937000,1.052586197850000,1.108325362210000,-0.051071856170900,0.000000000000000
-46.426719665500002,168.268768311000002,0.977317929268000,1.050630569460000,1.106246471410000,-0.050379589200000,0.000000000000000
-46.426536560099997,168.269561767999988,0.976928591728000,1.050271749500000,1.105850815770000,-0.050159104168400,0.000000000000000
-46.426868438699998,168.270843506000006,0.977531015873000,1.050916910170000,1.106477975850000,-0.049933001399000,0.000000000000000
-46.427402496299997,168.270645142000006,0.976240277290000,1.049424529080000,1.104907512660000,-0.049536600709000,0.000000000000000
-46.427379608199999,168.271316528000000,0.975676834583000,1.048855304720000,1.104348063470000,-0.049511197954400,0.000000000000000
-46.427909851099997,168.271133423000009,0.977177977562000,1.050589799880000,1.106125235560000,-0.049666661769200,0.000000000000000
-46.427894592299999,168.271789551000012,0.977790832520000,1.051343917850000,1.106866478920000,-0.049555100500600,0.000000000000000
-46.428440094000003,168.270935059000010,0.974459588528000,1.047569155690000,1.102956414220000,-0.049013074487400,0.000000000000000
-46.428428649899999,168.271606445000003,0.974369108677000,1.047443628310000,1.102836966510000,-0.049082372337600,0.000000000000000
-46.428432464600000,168.272232056000007,0.973851680756000,1.047057271000000,1.102482795720000,-0.049150776118000,0.000000000000000
-46.429050445599998,168.272552490000010,0.975480556488000,1.048759222030000,1.104093551640000,-0.048594646155800,0.000000000000000
-46.429649353000002,168.272262573000006,0.973977982998000,1.047300577160000,1.102571249010000,-0.048046305775600,0.000000000000000
-46.429672241200002,168.272888184000010,0.972811758518000,1.046019554140000,1.101483941080000,-0.048599794507000,0.000000000000000
-46.430343627900001,168.273071289000001,0.976351499557000,1.049121975900000,1.104741454120000,-0.047536421567200,0.000000000000000
-46.431018829300001,168.273269653000000,0.973744332790000,1.047310590740000,1.102696299550000,-0.047768298536500,0.000000000000000
-46.431655883799998,168.272064209000007,0.982320129871000,1.054736614230000,1.110887050630000,-0.048426743596800,0.000000000000000
-46.431713104200000,168.273300170999988,0.978941798210000,1.051994919780000,1.108034610750000,-0.046915050596000,0.000000000000000
-46.432353973399998,168.272033690999990,0.990488290787000,1.063145637510000,1.117347955700000,-0.048389598727200,0.000000000000000
-46.433052062999998,168.271972656000003,0.990751326084000,1.063401699070000,1.118082284930000,-0.048179402947400,0.000000000000000
-46.433082580600001,168.272598267000006,0.991501808167000,1.065033674240000,1.118676304820000,-0.048786375671600,0.000000000000000
-46.433731079099999,168.271820068000011,0.990880250931000,1.064428687100000,1.118123650550000,-0.048243224620800,0.000000000000000
-46.433769226099997,168.272491454999994,0.994547307491000,1.068132281300000,1.122119665150000,-0.048904083669200,0.000000000000000
-46.434402465799998,168.271621704000012,0.994080305099000,1.067433595660000,1.121176719670000,-0.048311311751600,0.000000000000000
-46.434444427499997,168.272308350000003,0.992741882801000,1.066130399700000,1.120021700860000,-0.048273064196100,0.000000000000000
-46.435119628899997,168.272125243999994,0.993631362915000,1.067340254780000,1.120903491970000,-0.048209082335200,0.000000000000000
-46.435771942099997,168.271881103999988,0.993935465813000,1.067597150800000,1.121129870410000,-0.048163216561100,0.000000000000000
-46.436405181900000,168.271575928000004,0.990620851517000,1.063916683200000,1.117652773860000,-0.047336675226700,0.000000000000000
