OID,FID_,X,Y,BCE_Peloro
0,0,1663586.152828756,5431234.272936834,-0.023733334
1,1,1663685.571851614,5431579.073949531,0.232840207
2,2,1669746.294478591,5428460.723816077,1.700181831
3,3,1663664.303621462,5431348.08250792,-0.743653857
4,4,1663596.786830806,5431150.255446245,0.02312085
5,5,1664856.578083158,5429615.905735344,0.416716689
6,6,1664978.210135904,5429504.913315023,0.435685217
7,7,1664614.775472212,5429377.181721386,0.654751887
8,8,1669745.070363011,5428459.810807013,1.883999944
9,9,1681857.829698381,5467901.471780984,-0.353844121
10,10,1681042.636102803,5467776.363273893,-9999.0
11,11,1681841.263905264,5467772.004848869,-0.430750001
12,12,1681868.032198585,5467751.902949637,-0.132464783
13,13,1685055.465091678,5467715.617637123,-9999.0
14,14,1681912.659620904,5467731.317976786,-0.16615602
15,15,1685031.846858075,5467696.148497661,-9999.0
16,16,1681939.015693837,5467721.051450071,-0.518426646
17,17,1681961.754410531,5467710.86799531,-0.211991585
18,18,1682006.712019828,5467710.875150801,-0.160283305
19,19,1682090.623189678,5467701.034414979,0.43125536
20,20,1685016.469901199,5467661.2151205,-9999.0
21,21,1682074.673559654,5467623.39618228,-0.354868818
22,22,1682066.65006804,5467609.565870793,0.468230809
23,23,1682066.248179985,5467589.995316774,-0.598181791
24,24,1680765.448031287,5467599.439568906,-9999.0
25,25,1680082.703480878,5467351.551894115,0.097777776
26,26,1680059.081124461,5467322.869111309,-0.285774989
27,27,1680047.521831599,5467303.048626873,-0.514689631
28,28,1680036.071048504,5467293.200057887,-0.436
29,29,1680010.786959582,5467246.362433539,-0.31386008
30,30,1684134.607395188,5467197.144286047,-9999.0
31,31,1679997.61292957,5467233.779546609,-0.007428558
32,32,1679989.83466757,5467213.917874873,-0.291449952
33,33,1679985.552472811,5467163.780533478,-0.408396757
34,34,1681751.471331485,5467084.329546415,-0.513530597
35,35,1681750.226712444,5467045.833282987,-0.55920798
36,36,1679937.264417776,5466932.711529994,-9999.0
37,37,1679920.941940258,5466833.320820529,-0.878666619
38,38,1679925.010516061,5466815.697735093,-0.481555505
39,39,1679924.468938453,5466765.838042927,-0.673374982
40,40,1679924.043588508,5466726.679029271,-9999.0
41,41,1679936.941019381,5466648.89546684,-0.530550782
42,42,1679979.767331866,5466635.586638776,-0.610185604
43,43,1680028.023062791,5466587.219981523,-0.870190449
44,44,1680036.953390243,5466515.176527202,-0.825685753
45,45,1680049.127158968,5466491.854095866,-0.725979772
46,46,1680057.738118387,5466471.178701653,-0.376398292
47,47,1680072.096995745,5466430.252340993,-0.41835569
48,48,1680094.47251782,5466390.566903387,-0.108651848
49,49,1680107.194405261,5466372.209578269,-0.427163724
50,50,1680129.556848582,5466352.958572994,-0.556784949
51,51,1680151.681925332,5466335.330053928,-0.376435265
52,52,1680188.222316637,5466312.250301619,-0.629533895
53,53,1680199.544120704,5466294.639884572,-0.615120667
54,54,1680207.229684337,5466285.254034876,-0.431348823
55,55,1680215.196932713,5466276.078096123,-0.450297325
56,56,1680236.292213661,5466154.08374268,0.079000011
57,57,1680242.859933164,5466144.053492749,-0.092325005
58,58,1680257.860709089,5466133.901853246,-0.532363657
59,59,1680461.118077238,5466103.393560834,-0.178524995
60,60,1680280.160909693,5466098.752554353,-0.632538439
61,61,1680396.320467933,5466084.076892233,-0.531021708
62,62,1680291.94250767,5466080.004287983,-0.371920191
63,63,1680362.529941782,5466064.396794999,-0.778153846
64,64,1680538.067972618,5466062.162441547,-0.655642851
65,65,1680332.781152751,5466060.877987079,-0.449341025
66,66,1680545.175897624,5466052.351670919,-0.445599995
67,67,1680561.086381174,5465977.994064314,-9999.0
68,68,1680545.311139576,5465886.257761229,-0.744227266
69,69,1680556.873999989,5465791.98263662,-0.578555529
70,70,1680564.530618064,5465782.245648216,-9999.0
71,71,1680572.069379646,5465771.866778888,-9999.0
72,72,1680582.990397369,5465731.608319337,0.474035309
73,73,1680600.387110896,5465588.02704737,-0.38397937
74,74,1680607.263436203,5465571.793504559,-0.568847211
75,75,1680629.629847321,5465551.518902728,-0.562555544
76,76,1680637.529117577,5465531.887355412,-0.288737706
77,77,1680628.912994964,5465465.656139493,-0.30763205
78,78,1680194.309784761,5465062.233209645,-0.667682344
79,79,1678137.050004471,5465054.329909168,-9999.0
80,80,1680212.792359161,5465009.960336286,-0.784652172
81,81,1680222.690383629,5464987.398652202,-0.841066662
82,82,1677712.831366797,5464994.354755976,-0.583415575
83,83,1680233.628741055,5464972.156347375,-9999.0
84,84,1677682.923722008,5464973.602713118,-0.495719961
85,85,1680268.987763311,5464950.414642921,-9999.0
86,86,1677675.264263705,5464964.614460484,-0.520163943
87,87,1680289.136296515,5464937.906250806,-9999.0
88,88,1680306.646483413,5464919.647624106,-9999.0
89,89,1680326.54064734,5464897.004260018,-9999.0
90,90,1680349.706164341,5464851.349473691,-0.890733345
91,91,1677686.551574167,5464879.927997981,-0.572304885
92,92,1680365.766846844,5464809.730216543,-9999.0
93,93,1677613.43717278,5464737.005823386,-9999.0
94,94,1680491.581688317,5464670.550091301,-9999.0
95,95,1676279.597345937,5464680.011223265,-0.378978714
96,96,1685411.87025857,5464550.98729362,-0.179611114
97,97,1676257.735457741,5464650.582599955,-0.02447576
98,98,1677572.857483484,5464626.853083367,-0.465833299
99,99,1676265.004021291,5464620.667781021,-0.353138066
100,100,1677549.959059582,5464576.749888866,0.052906269
101,101,1676272.86517058,5464556.629919447,-0.719940004
102,102,1685508.452967795,5464429.326607032,-9999.0
103,103,1685516.976595864,5464410.277568582,-9999.0
104,104,1685534.826739382,5464331.603536004,-0.073339241
105,105,1685544.83103651,5464309.211788105,-9999.0
106,106,1684616.430427575,5464310.749895344,-9999.0
107,107,1685560.146432052,5464299.654738041,-0.952500001
108,108,1684623.095017801,5464301.988159476,-9999.0
109,109,1684376.519345625,5464294.115176043,-9999.0
110,110,1684318.497365858,5464283.982021129,-9999.0
111,111,1676218.200127064,5464375.788025558,-0.456802961
112,112,1676224.997929411,5464346.51979144,-9999.0
113,113,1676232.792585728,5464322.383746895,-0.831290276
114,114,1676239.856300191,5464313.526566105,-0.716868392
115,115,1685657.803721927,5464209.312361552,-9999.0
116,116,1676254.485629625,5464302.170972572,-0.519062491
117,117,1685600.283945874,5464198.833265323,-0.470773865
118,118,1676272.947830417,5464291.421062325,-0.461885948
119,119,1685679.55047723,5464178.402595053,-9999.0
120,120,1676297.040800771,5464268.446709666,-0.616948544
121,121,1685714.435695169,5464158.737562272,-0.987999916
122,122,1685732.645614591,5464137.733573451,-9999.0
123,123,1676321.416887949,5464231.054541432,-0.684631569
124,124,1676336.326501642,5464210.953680381,-0.520999981
125,125,1685815.539493176,5464096.833381891,-0.947999942
126,126,1676370.283741954,5464171.003010307,0.222071418
127,127,1685814.105253209,5464066.419665231,-0.565142808
128,128,1676393.349956144,5464161.544097733,-0.521542139
129,129,1676404.880627606,5464154.478421405,-0.651666674
130,130,1676429.365986709,5464144.758029808,-9999.0
131,131,1676450.85310457,5464133.105869084,-0.700999975
132,132,1685804.925857339,5464023.96468785,-9999.0
133,133,1696952.756594263,5463780.77858567,-0.421599996
134,134,1685828.607776838,5463888.047771007,-9999.0
135,135,1679727.313095293,5463925.634496036,-0.926666637
136,136,1685841.742275054,5463822.740251726,-9999.0
137,137,1696853.282643301,5463680.357197333,-9999.0
138,138,1696813.792851423,5463671.015900137,-0.661666617
139,139,1696769.595838227,5463663.472761829,-0.937499955
140,140,1685849.575852449,5463761.391560368,-9999.0
141,141,1676211.82681491,5463868.175604229,-0.457562795
142,142,1685832.945006559,5463716.818000161,-9999.0
143,143,1676195.935672272,5463793.542532071,-0.707959199
144,144,1685818.411990148,5463677.975137197,-0.71472722
145,145,1676169.35441598,5463731.943065711,-0.601210755
146,146,1675717.841894015,5463496.784513367,-0.367103442
147,147,1686040.511143459,5463365.186555346,-0.873666624
148,148,1686018.362498891,5463345.148994626,4.082344836
149,149,1685952.343085455,5463176.729181523,-0.04753125
150,150,1675617.065853463,5463303.679454578,-0.75973333
151,151,1675633.659278229,5463273.853873578,-0.774384622
152,152,1675648.272515393,5463253.348422179,-0.794944415
153,153,1677554.278575449,5463230.865507991,-0.362840325
154,154,1677595.934063657,5463230.383224582,-0.296969348
155,155,1675655.579115426,5463243.095704242,-0.856117673
156,156,1677538.844249381,5463221.209053833,0.793659299
157,157,1677301.367253396,5463193.90987596,-0.03910105
158,158,1677624.970271069,5463198.49000525,0.557513259
159,159,1677327.635466823,5463183.8420364,0.133876907
160,160,1677451.673765444,5463172.091648038,1.572218789
161,161,1677648.183376147,5463169.987697423,-9999.0
162,162,1675641.675546107,5463180.907488218,0.626255033
163,163,1677357.89247209,5463172.60100818,-0.073371525
164,164,1677655.529923835,5463149.96388591,-0.8336666
165,165,1677667.984835224,5463136.534817582,-0.645068406
166,166,1677685.442720274,5463119.728476784,-0.788777758
167,167,1675630.265040114,5463157.032434356,-0.445870702
168,168,1677704.935314258,5463096.805909242,-0.449225387
169,169,1675647.719873028,5463085.03512687,-9999.0
170,170,1677739.749124139,5463073.44420813,-0.466973308
171,171,1675655.449048432,5463065.858164622,-9999.0
172,172,1677763.949444566,5463039.113425422,-0.733699958
173,173,1677782.643497838,5463018.974652763,-0.555049623
174,174,1677820.715097834,5463008.811439372,-0.827328924
175,175,1677850.539656314,5463008.277392022,-9999.0
176,176,1677869.410003499,5462998.15915194,-0.97299996
177,177,1675704.524923462,5463013.594482719,-0.833411739
178,178,1677880.556746656,5462988.013150431,-9999.0
179,179,1677898.376245578,5462965.490273156,-0.784865948
180,180,1677244.535279959,5462956.491284894,-0.072883701
181,181,1697445.960231206,5462689.768535214,0.072731205
182,182,1677936.795307768,5462921.612807689,-0.408726004
183,183,1677968.280015324,5462888.082930504,-9999.0
184,184,1677992.285958326,5462867.468654719,-9999.0
185,185,1685414.103510315,5462795.891091923,-0.499075202
186,186,1675771.661224793,5462865.45729217,0.197895348
187,187,1678009.726019198,5462842.454944658,-0.782272671
188,188,1685429.237687209,5462735.228007543,-0.470320766
189,189,1675788.457416489,5462846.099703164,-0.210165839
190,190,1685435.902801564,5462720.462032928,-0.561053144
191,191,1678029.588656231,5462787.698906456,-9999.0
192,192,1678048.261312583,5462766.825553854,-9999.0
193,193,1678090.351869005,5462747.039165648,-9999.0
194,194,1678131.06875032,5462736.026268346,-0.823999961
195,195,1678149.906859923,5462725.875501833,-9999.0
196,196,1685451.321902958,5462673.818879055,-0.439371583
197,197,1678203.205013705,5462715.818152148,-0.831545434
198,198,1676932.675198737,5462719.282091497,0.401885711
199,199,1685469.939721343,5462624.718609081,-0.613828556
200,200,1676902.455510202,5462699.283228713,-0.201507451
201,201,1675805.993159069,5462755.723710341,-0.299451402
202,202,1676864.67374256,5462689.542920009,0.266826117
203,203,1681689.675137387,5462637.490110822,-0.261730817
204,204,1675798.964123104,5462680.666648168,-0.247102538
205,205,1681723.403418613,5462612.181989645,-0.411229935
206,206,1681614.997575311,5462605.075754296,-0.21001505
207,207,1685491.224702411,5462560.147697289,-0.451423465
208,208,1685501.504538889,5462539.438970637,-0.705901921
209,209,1675783.439281367,5462640.934604376,-0.184990493
210,210,1678144.317897636,5462591.881397412,-9999.0
211,211,1681752.9389186,5462574.251693089,-0.652902938
212,212,1675783.079342451,5462606.032658134,-0.248237505
213,213,1681773.326199473,5462532.948784636,-0.865597011
214,214,1675790.327456643,5462576.038772395,-0.602244102
215,215,1678118.277476978,5462535.918268383,-0.861500055
216,216,1685217.760753636,5462437.414944533,0.937190478
217,217,1681796.080491943,5462485.996872243,-0.835961564
218,218,1685205.905800293,5462427.283563342,0.582172412
219,219,1681804.585008532,5462436.746857459,-0.794099934
220,220,1685182.683026515,5462392.379847304,-0.674913036
221,221,1681811.919534033,5462416.718699415,-0.722120743
222,222,1675743.989487492,5462420.80808352,-0.857071434
223,223,1685178.224725354,5462341.899366192,-0.137532377
224,224,1685189.160535079,5462298.891225971,-0.592652769
225,225,1675705.373518539,5462382.212540366,-0.597819657
226,226,1685181.089554877,5462263.028443637,-0.182368063
227,227,1675682.740622517,5462352.241309774,-0.383578137
228,228,1675678.348408259,5462332.792262296,-0.343054063
229,229,1675667.647468115,5462322.354656981,0.16603333
230,230,1675667.902993371,5462303.352449174,0.427869565
231,231,1676512.280800608,5462254.778411786,-0.044661301
232,232,1685163.249964071,5462189.146851726,-0.336278271
233,233,1675684.344326232,5462279.504324618,0.234471831
234,234,1676357.48556867,5462246.042571801,-0.617172988
235,235,1676429.270457044,5462245.296209678,-9999.0
236,236,1677728.131831534,5462246.710661715,-0.365057063
237,237,1697589.5412767,5461995.180449612,-0.413540995
238,238,1676391.655435756,5462235.786425135,-0.448007411
239,239,1676459.345903234,5462235.030822461,-0.460402924
240,240,1676287.833165993,5462231.634831998,-0.367772614
241,241,1675703.9797759,5462237.541691698,-0.230774011
242,242,1676255.164988563,5462217.186015479,-0.2486
243,243,1685183.137359662,5462142.672214758,-0.201357143
244,244,1676194.416810587,5462208.190707138,-0.012499984
245,245,1677707.509254985,5462191.081665571,-0.095627902
246,246,1675724.030577729,5462211.211144088,0.077708571
247,247,1697535.507956488,5461954.078633296,-0.148699959
248,248,1676133.954640351,5462188.523801359,0.151786682
249,249,1685205.358382696,5462098.898481116,-0.757401519
250,250,1697512.689306717,5461933.195140625,0.403727289
251,251,1675814.983302987,5462184.796202804,-0.143069132
252,252,1677684.959027774,5462149.377605475,-0.61884209
253,253,1697493.562689019,5461916.787288181,0.595006202
254,254,1675898.681323159,5462158.402216652,-0.061409753
255,255,1685218.058668006,5462068.31489041,-0.297641662
256,256,1697448.555932875,5461897.496650493,0.25445457
257,257,1675948.215167396,5462140.865545136,0.668678086
258,258,1685227.284926985,5462033.829389257,-0.625618714
259,259,1669606.768598776,5462159.146977189,0.195999987
260,260,1681823.98641358,5462175.258853684,-0.641334181
261,261,1681837.70286974,5462017.501408676,-0.633666672
262,262,1677561.31768653,5462051.016154711,-0.406645177
263,263,1685235.673207698,5461975.760831807,-0.475355775
264,264,1677551.458089085,5462030.686118342,-0.307077469
265,265,1697360.26033629,5461788.832473897,0.103093205
266,266,1677537.736519,5462014.268165525,0.341578966
267,267,1685238.431621918,5461933.012751103,-0.867636334
268,268,1677512.481152638,5461967.427853311,-0.217280396
269,269,1681850.907738428,5461959.177090005,-0.666918931
270,270,1677492.01295189,5461944.519768373,0.096774205
271,271,1685272.288951243,5461858.760611116,-9999.0
272,272,1681836.833527741,5461877.881013646,-0.41977551
273,273,1684117.619842147,5461853.192251999,0.001389828
274,274,1685289.245438806,5461838.617017602,-9999.0
275,275,1677468.578609359,5461905.28883017,-0.32419998
276,276,1669258.626276702,5462000.698544688,-0.803200042
277,277,1677450.981820549,5461884.842754572,-0.23280554
278,278,1685326.562257425,5461798.290161159,-9999.0
279,279,1677430.599887175,5461865.464311565,-0.039031248
280,280,1685333.881586755,5461768.608678887,-0.57952384
281,281,1677384.404907831,5461806.455062899,-0.171857133
282,282,1681855.477155929,5461765.218860709,-0.664030293
283,283,1681864.927217423,5461747.920071547,-0.52523946
284,284,1684010.535805618,5461724.254058273,0.093450707
285,285,1669152.657516809,5461879.67267171,-0.612197443
286,286,1681876.149887714,5461737.821737052,-0.497223293
287,287,1669164.235255838,5461860.240871444,-0.25990248
288,288,1685318.219206191,5461705.740496886,-0.674590667
289,289,1681894.817214497,5461717.667139496,-0.007240005
290,290,1685340.168273138,5461668.47808453,-0.78695344
291,291,1670303.952450535,5461817.009760842,0.272698414
292,292,1681910.167892787,5461698.394873247,0.357852459
293,293,1681924.818170284,5461697.38610652,-0.249950012
294,294,1685355.048235583,5461648.358433772,-0.627799994
295,295,1677360.949583663,5461731.903981378,-0.369877175
296,296,1670314.570127615,5461797.176163891,0.462396001
297,297,1682037.82141456,5461666.205235918,-9999.0
298,298,1682491.031030126,5461661.871215896,0.152393952
299,299,1682052.710233726,5461646.092405124,-0.635072744
300,300,1677330.254062613,5461687.348163441,0.141230752
301,301,1682597.773983205,5461630.02867576,0.057640011
302,302,1682080.040653969,5461627.741789929,-0.106847835
303,303,1677320.431679775,5461670.258327386,-0.300140342
304,304,1682114.042249056,5461622.16362491,-0.21610823
305,305,1682627.102970789,5461600.1804847,-0.465583553
306,306,1682278.740072633,5461583.762123612,0.854653326
307,307,1682339.132941604,5461582.600679654,0.161318177
308,308,1682649.510104791,5461579.776199924,-0.455565469
309,309,1685397.052746516,5461572.493064593,-0.539052031
310,310,1677299.527587165,5461637.710453106,-0.412384608
311,311,1682664.005710563,5461569.538522201,-0.245157913
312,312,1692988.864329399,5461446.659176291,-0.262944395
313,313,1693025.7256977,5461454.890413458,-0.705624954
314,314,1682690.540913863,5461547.278385366,-0.199378919
315,315,1692818.295648454,5461408.292838688,-0.433818137
316,316,1692783.415386657,5461389.311002704,-0.746799958
317,317,1669141.902746928,5461643.171842285,-9999.0
318,318,1670208.548543292,5461633.684610156,-0.932999969
319,319,1692636.530762965,5461383.008462222,-0.789999962
320,320,1692709.933393872,5461388.008524165,0.03810507
321,321,1668556.750917543,5461634.842875714,-0.110205128
322,322,1692737.617076673,5461370.269492277,-0.83005769
323,323,1670186.127415032,5461613.090103529,-0.307285694
324,324,1677284.128536863,5461580.286492166,-0.456073865
325,325,1682696.223447212,5461486.7900209,-0.014371377
326,326,1685345.615869362,5461442.734455225,-0.014750004
327,327,1693074.636031529,5461352.748330383,-0.652999952
328,328,1697199.769062849,5461293.934543023,-0.592395356
329,329,1693108.439448391,5461334.790886621,-9999.0
330,330,1693270.855789598,5461324.811286519,-9999.0
331,331,1692552.311511891,5461322.98159433,0.02676192
332,332,1693142.192738571,5461310.784049161,-9999.0
333,333,1670157.865633255,5461549.915840855,-0.041574994
334,334,1677285.390956255,5461471.423716659,-9999.0
335,335,1683425.406391371,5461401.489839828,-0.609652146
336,336,1670150.119672355,5461530.044045932,-0.109050006
337,337,1683447.846094831,5461391.071214698,-0.258358466
338,338,1670137.429717673,5461512.705235513,0.250870136
339,339,1692297.982746737,5461227.923945967,0.395704177
340,340,1670119.801837725,5461463.884671099,0.141689191
341,341,1677304.333620216,5461378.454531209,-0.299375011
342,342,1683484.680489067,5461310.812177366,-0.664355915
343,343,1692352.87296449,5461213.272128111,1.717954587
344,344,1692378.386213932,5461205.067281391,0.853766455
345,345,1682705.88759006,5461361.789264871,-0.439089412
346,346,1683500.030970986,5461300.822193867,-0.295780264
347,347,1683526.122058799,5461300.367724861,-0.531797091
348,348,1692416.896226196,5461196.494589978,2.646034349
349,349,1683552.452659932,5461290.094921803,-0.118943238
350,350,1668628.439127318,5461446.274129577,-9999.0
351,351,1685263.251860305,5461269.12059057,0.066268781
352,352,1682693.806537129,5461264.976817851,-0.701774206
353,353,1693223.30907452,5461134.436660551,-0.940999955
354,354,1670114.008122755,5461413.919820853,0.229355553
355,355,1670129.652421062,5461355.915096064,-9999.0
356,356,1682698.018899572,5461230.128494599,-0.387103872
357,357,1685267.721597095,5461200.99934077,0.21491072
358,358,1682716.839109073,5461219.870739872,-0.477485077
359,359,1682736.432809471,5461210.041384328,-0.286917071
360,360,1689656.388243997,5461130.476203509,0.014418654
361,361,1689685.95429493,5461133.90631137,-0.317949532
362,362,1668623.728777328,5461344.456295586,-9999.0
363,363,1693275.046586243,5461073.329288446,-0.809425019
364,364,1693282.913564427,5461053.973412736,-0.844599986
365,365,1682887.536182087,5461174.818675336,-0.194720816
366,366,1693351.263053909,5461044.047662237,-9999.0
367,367,1693311.335160997,5461042.093521049,-0.387290282
368,368,1689753.640911437,5461067.335984902,-0.50613207
369,369,1685229.017677982,5461110.381106812,0.04738889
370,370,1693358.375788292,5461001.268282712,-9999.0
371,371,1689787.274044815,5461037.004220041,-0.378351029
372,372,1696314.258892335,5460968.639954054,-0.632805946
373,373,1696220.334840758,5460935.597762194,0.1368143
374,374,1696333.849577421,5460939.443345211,-0.802000019
375,375,1696201.316038433,5460925.87307066,-0.229621839
376,376,1689788.784799431,5461004.577862494,0.017449453
377,377,1696182.549201679,5460916.261912618,0.434357187
378,378,1696348.51288468,5460913.969770238,-0.819999961
379,379,1696159.132897618,5460907.079073912,-0.545714255
380,380,1685189.895158927,5461031.412773855,-0.306400003
381,381,1693445.050026384,5460938.757040394,-0.867343243
382,382,1696140.392591807,5460897.156463855,-0.640384572
383,383,1689775.242360363,5460972.064283618,-0.46518914
384,384,1685182.655134692,5461011.728795674,-0.006428579
385,385,1693465.309317373,5460919.546281134,-9999.0
386,386,1693628.17837775,5460914.24371507,-9999.0
387,387,1669906.892117648,5461160.613242256,-0.541441633
388,388,1689767.577432769,5460941.766039345,-0.755185139
389,389,1696364.877452939,5460865.574125563,-0.602738276
390,390,1689774.539413998,5460922.463880835,-9999.0
391,391,1696381.479428167,5460833.755960824,-0.343560576
392,392,1669896.898100447,5461123.569752115,0.345424996
393,393,1685173.836451482,5460966.387832183,0.086203123
394,394,1696395.741632371,5460816.689356113,-0.04532631
395,395,1696407.515052211,5460803.483404756,-0.563701479
396,396,1668499.47421362,5461128.609743301,-0.626966392
397,397,1675473.131941087,5461041.16296408,-0.015127245
398,398,1685172.938524178,5460932.388113198,-0.631228595
399,399,1689786.872959647,5460892.2844459,-0.271590315
400,400,1693574.525670433,5460838.156132133,-9999.0
401,401,1696415.030883685,5460788.859209321,-0.529233088
402,402,1668513.276789877,5461096.181327483,-0.811432802
403,403,1668523.514911715,5461079.661835765,-0.681874957
404,404,1696423.377828569,5460764.301944272,-0.483304315
405,405,1668531.137712012,5461069.815302542,-0.751624975
406,406,1693582.240499303,5460790.640457808,-9999.0
407,407,1669873.47397694,5461044.009557443,-0.903833297
408,408,1685160.82381274,5460889.432326707,-0.109139525
409,409,1675331.086819102,5460982.533276152,-0.800645811
410,410,1696429.920134965,5460739.262669869,-0.500252102
411,411,1675288.102640018,5460969.28965521,-0.527931029
412,412,1675275.162257868,5460960.397225165,-0.239849294
413,413,1685149.348363944,5460852.87449136,0.103114289
414,414,1689803.357782589,5460807.415534988,-0.613799948
415,415,1693595.860668215,5460750.089269624,-9999.0
416,416,1689818.162953967,5460782.300553702,-9999.0
417,417,1669812.465424448,5460984.752407968,-0.823250029
418,418,1675260.672132025,5460933.079201479,-0.406534338
419,419,1669789.245881522,5460967.447245293,-0.185142849
420,420,1685141.660525709,5460821.598237757,0.643063068
421,421,1696455.491385771,5460686.509800266,-0.507769778
422,422,1669773.148869784,5460959.678032881,-0.607499987
423,423,1696968.412042986,5460651.417269858,0.829242058
424,424,1675236.493972457,5460891.299824347,0.148428574
425,425,1685141.516305016,5460782.700465298,-0.025261517
426,426,1685125.97305504,5460772.842512337,1.318500005
427,427,1696933.800442892,5460628.283422385,2.064792445
428,428,1696735.351289911,5460619.937508092,-0.601524346
429,429,1675219.020519212,5460864.312621498,-0.255683676
430,430,1685118.468607911,5460757.304669289,0.15207693
431,431,1689815.455445915,5460711.09903245,1.383602597
432,432,1696760.51043485,5460611.615065137,-0.421512803
433,433,1669667.290605622,5460908.110940271,-0.184204559
434,434,1685111.44019016,5460742.993994401,0.158416672
435,435,1696570.986701734,5460591.905058072,-0.632898754
436,436,1696869.236816966,5460588.683647183,0.562791669
437,437,1669647.428172828,5460895.874655906,-0.554993508
438,438,1689813.11110123,5460667.583850931,0.935937534
439,439,1696585.990187175,5460581.762867855,-0.358987347
440,440,1696625.834745279,5460589.122098487,-0.159318944
441,441,1668401.345525285,5460890.049385529,-9999.0
442,442,1669627.352382142,5460881.262383769,-0.912999958
443,443,1689801.701708723,5460657.616639111,2.797777795
444,444,1696538.196009164,5460579.636817464,-0.052742546
445,445,1669606.014326059,5460870.712425196,-9999.0
446,446,1675195.043420586,5460822.009196027,-0.207535305
447,447,1685094.888483878,5460703.716321769,0.28150001
448,448,1689794.360305896,5460647.372223863,1.616015626
449,449,1685088.067952489,5460693.355623081,0.648166669
450,450,1689787.202196044,5460637.059404564,2.161360035
451,451,1668424.749364097,5460873.025171479,-9999.0
452,452,1689778.403051263,5460618.187712118,0.499531953
453,453,1685079.404407282,5460658.495995064,0.071574479
454,454,1689763.344970754,5460598.056869202,0.700180361
455,455,1693586.164339052,5460550.896246252,-0.441239098
456,456,1675157.45903547,5460755.239287795,-0.168963912
457,457,1693593.191818574,5460540.675135062,-0.783571384
458,458,1675144.202720165,5460732.675853919,-0.355075001
459,459,1675136.494954306,5460717.795139805,-0.477279393
460,460,1693608.788885296,5460514.342792571,0.641428617
461,461,1685071.155710246,5460613.566310065,-0.103631003
462,462,1693627.366594938,5460490.849640609,-0.863867896
463,463,1689754.479295954,5460558.486335096,0.079169901
464,464,1689780.93475753,5460518.456101937,-0.949999948
465,465,1689856.482101271,5460517.532090575,-0.581210035
466,466,1693660.294932885,5460470.00354235,-0.971999943
467,467,1668036.567456197,5460742.132627609,-0.81164
468,468,1689814.688037248,5460508.110688888,-0.205034447
469,469,1689882.755447056,5460507.257293647,-0.769929798
470,470,1689943.239414037,5460506.496452041,-0.771999955
471,471,1675105.613202879,5460653.286181512,-0.509771451
472,472,1693676.726989961,5460404.252302096,-0.597193747
473,473,1675067.279330451,5460598.826338744,-0.338587844
474,474,1685063.975321724,5460515.178566241,0.097025267
475,475,1693717.040140095,5460386.97393844,-0.409111095
476,476,1693727.014909097,5460369.41498821,-9999.0
477,477,1675051.935727888,5460574.024510433,-0.401582264
478,478,1667987.259393472,5460651.063900376,-0.878307645
479,479,1675338.736200671,5460561.345293729,-9999.0
480,480,1675356.654570286,5460565.083141988,-9999.0
481,481,1689961.423012919,5460443.168712348,0.008946216
482,482,1675369.009930705,5460551.58588784,-9999.0
483,483,1693756.443868731,5460346.541426255,1.240711166
484,484,1675353.640664972,5460541.246246871,-9999.0
485,485,1675044.055086852,5460544.211916943,-0.384290869
486,486,1673624.140690196,5460562.026550515,0.036897576
487,487,1689960.767242213,5460365.542824167,0.855080369
488,488,1685021.381084911,5460399.318273586,1.428598033
489,489,1689963.826720866,5460336.693385989,-0.685008352
490,490,1673582.263812782,5460515.439840824,-0.49763346
491,491,1675028.334712497,5460484.534220412,-0.197849019
492,492,1673598.326866508,5460486.279475601,-0.934999943
493,493,1673619.126004325,5460468.87793594,-0.519749948
494,494,1689985.328513513,5460286.561996256,-9999.0
495,495,1693764.844702999,5460239.219864683,-9999.0
496,496,1673630.411795872,5460458.873123348,-0.403111118
497,497,1690004.643381939,5460276.351691876,-0.477370341
498,498,1673645.673431454,5460449.20324965,-0.553737672
499,499,1684978.182245071,5460315.603908396,-0.093750012
500,500,1667967.074437092,5460479.97358706,-9999.0
501,501,1690015.547079906,5460231.010032522,2.708866681
502,502,1684976.503135696,5460281.406297793,0.080735706
503,503,1693852.954069394,5460170.181085826,-0.825999975
504,504,1694147.518136895,5460164.560851819,-9999.0
505,505,1690004.146661783,5460206.036849767,3.248165774
506,506,1694120.399291132,5460154.013636518,1.204872524
507,507,1689993.662876948,5460186.629788781,4.369814802
508,508,1694183.079814375,5460140.594212155,-9999.0
509,509,1675000.18119421,5460341.829764687,-9999.0
510,510,1689106.299452162,5460189.119341302,0.186333338
511,511,1693925.936021699,5460134.724149428,-9999.0
512,512,1694230.297042329,5460123.88756155,-9999.0
513,513,1689077.565201286,5460179.689668008,0.165411726
514,514,1693935.355837056,5460117.409331507,-9999.0
515,515,1694048.402118881,5460117.114067679,-0.689999938
516,516,1684939.244067063,5460215.746501151,-0.58887803
517,517,1689999.420012068,5460156.705291756,0.921828582
518,518,1693962.53619751,5460108.560103076,-0.442461509
519,519,1689039.081950299,5460160.162904649,-0.429409049
520,520,1693991.7992419,5460098.971344502,0.20656255
521,521,1694253.188363573,5460078.107176825,-9999.0
522,522,1684930.58294636,5460181.486616008,-0.895999971
523,523,1690048.013648998,5460116.24254757,-0.799583289
524,524,1667893.415876337,5460374.023763654,-9999.0
525,525,1690006.94646515,5460130.549512093,0.681191468
526,526,1690066.226306502,5460106.045582972,-9999.0
527,527,1694252.980740563,5460043.835439823,-9999.0
528,528,1694277.571749837,5460023.595057704,-0.577377356
529,529,1684909.278008277,5460124.158342704,0.39801628
530,530,1667851.51689989,5460334.379790736,-9999.0
531,531,1669519.527989777,5460282.421313031,-0.102335477
532,532,1674993.550334113,5460217.363013514,-9999.0
533,533,1690072.001241288,5460052.19405933,0.504221806
534,534,1667841.462506413,5460275.206290862,-9999.0
535,535,1688882.301561919,5460042.11271906,0.688817316
536,536,1667834.163863377,5460262.809127437,-0.779946399
537,537,1674971.083674873,5460185.377288568,-9999.0
538,538,1684889.714290219,5460091.197327967,0.489901833
539,539,1688843.554222313,5460031.934988345,0.433405986
540,540,1690088.347867494,5460016.740734681,-9999.0
541,541,1674959.45468232,5460173.364140054,-9999.0
542,542,1684876.404561947,5460067.639254983,-0.083641777
543,543,1688811.403309416,5460022.83631147,1.736145478
544,544,1690110.879210426,5460005.761794686,-0.611599947
545,545,1688642.120532371,5460014.0925301,-0.102705862
546,546,1688776.185463241,5460013.53985886,0.217791672
547,547,1688698.001138851,5460003.018380827,-0.389775013
548,548,1688750.752265291,5460004.821093124,1.224837837
549,549,1688672.364732894,5460001.608945413,-0.137890086
550,550,1674949.509195253,5460146.693719616,-0.614352657
551,551,1684865.05312296,5460038.300538355,0.205774428
552,552,1690100.850073993,5459969.827399021,0.148937523
553,553,1694371.11434338,5459919.055131915,-0.949499965
554,554,1674941.571603104,5460126.390247554,1.181529404
555,555,1694393.909112482,5459902.757138283,-0.604124986
556,556,1694401.564868587,5459894.009751933,-0.933999956
557,557,1694449.959822417,5459891.490483788,-0.783636367
558,558,1694430.674210297,5459882.259501247,0.502000056
559,559,1694492.360025826,5459871.635251426,-0.30714281
560,560,1684862.014366483,5459990.665276093,0.006841725
561,561,1694532.990603542,5459847.257737199,-0.964666625
562,562,1684860.902226578,5459939.139835052,0.947268299
563,563,1690060.786491057,5459886.395446562,2.007294655
564,564,1694593.984242328,5459826.363793633,-0.845413757
565,565,1667827.004629753,5460096.46959289,-9999.0
566,566,1694613.926010253,5459802.927919287,-0.044620645
567,567,1667847.173791366,5460075.696750272,-9999.0
568,568,1667862.274970164,5460074.828382943,-9999.0
569,569,1685430.14754279,5459891.390975499,-0.309733311
570,570,1685504.502217799,5459881.326999727,-0.720327078
571,571,1685387.29910867,5459872.717578092,-0.70992853
572,572,1694633.480176352,5459764.349875158,-0.834769299
573,573,1665786.3613112,5460064.011480632,-0.797914265
574,574,1667800.77918213,5460062.412665824,-9999.0
575,575,1667850.720392716,5460050.731876536,-9999.0
576,576,1667774.652939399,5460048.774999746,-9999.0
577,577,1694611.921879728,5459747.420201452,0.670358721
578,578,1667884.58770657,5460033.77332335,-9999.0
579,579,1685366.48963293,5459843.330021333,-0.421407755
580,580,1690052.339401833,5459817.635900786,0.776121056
581,581,1694629.253300534,5459729.496128284,-9999.0
582,582,1667929.563204541,5460015.302435488,-9999.0
583,583,1673762.294201548,5459955.415985437,-0.608631542
584,584,1685348.588386058,5459834.021492866,-0.49283332
585,585,1692528.688688225,5459748.662063327,-0.541525405
586,586,1667754.001762953,5460017.951309218,-9999.0
587,587,1667947.236749167,5460004.969060275,-9999.0
588,588,1665762.812333769,5460013.717053466,-9999.0
589,589,1685537.682004522,5459811.12656281,-0.895666669
590,590,1694655.613714324,5459698.793242605,-9999.0
591,591,1665749.372004109,5459992.837678577,-0.980666618
592,592,1673717.817024144,5459916.707098282,-0.722499948
593,593,1689958.84074521,5459762.32980445,2.81700874
594,594,1694669.70455982,5459684.923726881,-0.831583285
595,595,1667982.439032404,5459969.296335516,-9999.0
596,596,1694689.117254704,5459669.00901622,-0.857333283
597,597,1668042.513931356,5459959.201388381,-9999.0
598,598,1685267.801128147,5459775.244448315,-0.713325021
599,599,1685522.109491404,5459771.414272624,-0.248076876
600,600,1694708.60841822,5459659.09374154,-0.608249953
601,601,1665745.924494786,5459955.193579359,-0.572899981
602,602,1689956.639609409,5459697.656816221,3.092592594
603,603,1694734.423532287,5459638.705251889,-0.84739998
604,604,1665746.000964717,5459935.353207081,-0.408680556
605,605,1667508.094826253,5459945.446458962,-0.840966142
606,606,1685476.340457912,5459732.025835867,0.611347869
607,607,1665746.717453096,5459915.437428353,-0.170399985
608,608,1694752.761956978,5459598.34751771,-0.976000011
609,609,1665753.031771865,5459905.266020252,-0.354574986
610,610,1686916.033697354,5459686.001236545,0.079347113
611,611,1667515.001886647,5459884.461133763,-0.81321569
612,612,1667920.717806825,5459875.764445237,-9999.0
613,613,1685453.508610253,5459692.615489766,0.840000021
614,614,1686935.383743883,5459659.935016494,0.574877809
615,615,1694751.840191071,5459548.092265708,-0.995999952
616,616,1673563.568542799,5459780.422268836,-0.183921881
617,617,1689805.1107882,5459599.109640114,0.055666695
618,618,1686964.597134187,5459631.526253248,-0.329899972
619,619,1673556.4347566,5459761.250378967,-0.071345464
620,620,1684802.379589304,5459677.605131975,0.261205113
621,621,1685407.176945764,5459633.12425317,-0.368115909
622,622,1685401.080823333,5459622.975314407,-0.714024353
623,623,1687020.846954388,5459612.114558879,-0.231603883
624,624,1665731.080474704,5459847.544643317,-0.026825277
625,625,1687053.86211871,5459595.70166391,0.598288882
626,626,1687107.683662217,5459597.633998401,0.744662748
627,627,1687182.072651639,5459592.314613309,-0.686133283
628,628,1665723.408644613,5459806.4623145,-0.468282605
629,629,1684862.961064977,5459609.514946173,-0.679333332
630,630,1688405.459225238,5459568.921478151,1.273593743
631,631,1665729.875582668,5459796.312846609,-0.588377044
632,632,1685114.494977603,5459597.560438417,-0.462047575
633,633,1665744.412976637,5459786.398603675,-0.592470589
634,634,1669128.436173653,5459754.586227167,-0.604399974
635,635,1685099.339523035,5459587.600316296,-0.685874974
636,636,1687202.434741895,5459576.766286985,-0.299999963
637,637,1687243.791017752,5459562.12577494,-0.47309996
638,638,1669147.226360458,5459744.436390481,-0.422742412
639,639,1673547.22164348,5459701.676472188,-0.73416663
640,640,1684869.715454048,5459588.174230368,1.004592231
641,641,1685088.735247178,5459578.114789379,0.057525461
642,642,1687264.689638675,5459551.439074735,-0.051083317
643,643,1665812.210363813,5459765.116794102,-0.6676956
644,644,1684901.51679992,5459569.71775779,0.896082471
645,645,1685053.682010522,5459567.662517031,-0.324595302
646,646,1687280.207802152,5459542.780762105,0.229908518
647,647,1687314.124295547,5459541.267385328,-0.2008175
648,648,1689766.533068352,5459510.921249166,0.055911118
649,649,1694742.930036315,5459463.724799303,-0.720775489
650,650,1665827.228177031,5459755.009368893,-0.789199969
651,651,1684919.990113964,5459559.830617516,0.816040659
652,652,1685406.306871513,5459558.333696373,-0.900399947
653,653,1665861.888315021,5459744.988848219,-0.454018168
654,654,1684942.535651335,5459549.625952878,0.634528929
655,655,1684983.12796067,5459548.284454948,-0.850535699
656,656,1689742.191990712,5459490.857856559,-9999.0
657,657,1665925.245915631,5459734.184280984,-0.669795433
658,658,1665963.013825133,5459733.845032608,-0.509629225
659,659,1668935.35011397,5459706.537373288,-0.760750055
660,660,1684965.126525746,5459539.452698319,0.458133332
661,661,1685399.523183182,5459534.271552305,0.191744687
662,662,1665993.138515476,5459723.601513444,-0.25386094
663,663,1667527.736249019,5459754.429502263,-0.619303633
664,664,1684997.937071063,5459539.5329028,0.334024823
665,665,1685406.118421007,5459523.674295238,0.027216233
666,666,1689704.121210455,5459471.844100835,-9999.0
667,667,1694762.891299112,5459415.831917566,-9999.0
668,668,1666008.156000691,5459713.493721339,-0.265545431
669,669,1689692.899005255,5459462.058813911,-9999.0
670,670,1666031.280917119,5459695.409503442,-0.414388895
671,671,1667548.716988754,5459687.136549424,-0.950666689
672,672,1689681.803063905,5459442.122950193,4.247974382
673,673,1685440.074623063,5459483.482456721,-0.485588223
674,674,1694779.539974489,5459373.48812292,-9999.0
675,675,1666059.73559251,5459675.664007476,-0.723166651
676,676,1667561.978882598,5459667.015885108,-0.646008095
677,677,1685450.642300545,5459473.043649474,-0.627967194
678,678,1694786.900477067,5459358.432400049,-9999.0
679,679,1666071.367772054,5459667.766964794,-0.579999983
680,680,1685461.921798676,5459462.980663419,-0.56770527
681,681,1687343.311837095,5459481.787624002,-0.409413845
682,682,1689659.345832304,5459412.004738525,2.124400002
683,683,1666107.818772967,5459654.84776001,-0.484081938
684,684,1667580.138426861,5459645.210493381,-0.652864709
685,685,1666148.23502076,5459645.172690306,-9999.0
686,686,1685488.061863826,5459442.687705382,-0.836148102
687,687,1694787.418911216,5459334.667631967,-0.863461497
688,688,1666186.560421052,5459635.69944207,-9999.0
689,689,1667594.21589361,5459628.204712091,-0.623499964
690,690,1694793.939021615,5459318.446351971,-0.933999956
691,691,1666213.417718197,5459626.344352578,-0.95266662
692,692,1666244.040347642,5459616.251724276,-9999.0
693,693,1667603.09945923,5459605.336131732,-0.744840562
694,694,1685510.319572411,5459421.11844555,-0.385316528
695,695,1694805.011826779,5459298.355773095,-0.894357132
696,696,1666264.968297794,5459599.610568173,-0.548039167
697,697,1685536.671591569,5459397.287059353,-0.161666668
698,698,1689627.377725646,5459342.824830966,-0.600199953
699,699,1685555.338073861,5459381.334508081,-0.693176422
700,700,1694846.041059945,5459257.930606331,-9999.0
701,701,1685577.774554136,5459361.85497305,-0.539054776
702,702,1668843.023792408,5459527.891934011,-0.406762676
703,703,1687420.281404748,5459381.403284407,0.248051007
704,704,1694868.434463907,5459236.964769016,-0.941999957
705,705,1668827.823486334,5459518.061584305,-0.534574673
706,706,1689597.402147275,5459293.594940588,-0.557857127
707,707,1687469.839164344,5459305.387124442,-0.147483854
708,708,1685577.309548711,5459321.966682111,-0.812275592
709,709,1687493.318450582,5459286.217254826,-0.558325545
710,710,1685570.743906982,5459292.413199212,-0.280586915
711,711,1694973.474245094,5459166.83602431,-9999.0
712,712,1668770.332258255,5459428.844481854,-0.17242161
713,713,1695010.734278636,5459141.102132381,-0.715633343
714,714,1668743.802314641,5459419.120094663,-0.410297262
715,715,1689569.940457287,5459226.231652426,0.000226076
716,716,1668728.602366489,5459409.28954228,-0.318214267
717,717,1673192.318162477,5459379.84203082,-0.563930446
718,718,1668698.295914721,5459399.600347674,-0.550103075
719,719,1673203.838019722,5459356.066829116,-0.599403462
720,720,1687508.274601258,5459234.322396718,-0.214605053
721,721,1685589.90007822,5459231.97057534,-0.525552593
722,722,1689565.034755116,5459169.348307956,-0.259440357
723,723,1695023.839723613,5459109.681978613,-0.648162784
724,724,1687530.197682947,5459185.353438852,-9999.0
725,725,1679858.153627841,5459262.074944546,-9999.0
726,726,1685598.680635526,5459192.37126463,-0.092515612
727,727,1689571.489867829,5459143.931283683,0.113826087
728,728,1685606.281935235,5459182.447920521,-0.484420271
729,729,1686391.469243051,5459172.844881781,-0.300303009
730,730,1685613.365044865,5459171.985876327,-0.79631575
731,731,1689582.864084124,5459129.854727301,0.00763638
732,732,1686438.493221337,5459159.851161983,-0.41820497
733,733,1690054.544097924,5459108.828991015,-0.287678541
734,734,1685626.205257864,5459159.068388106,-0.664536359
735,735,1686651.426038777,5459146.722880619,0.085467875
736,736,1689606.754660734,5459110.430362471,-0.559155382
737,737,1690077.330223295,5459100.509032199,-0.277230774
738,738,1686507.32425853,5459137.759555365,-0.049374952
739,739,1686566.664390362,5459131.381680508,-0.56993936
740,740,1689989.964476928,5459090.902861504,0.140492796
741,741,1690114.94225029,5459089.666379707,0.118000034
742,742,1690167.59843524,5459087.493896393,-0.861874968
743,743,1683143.015591145,5459165.434339765,0.281987413
744,744,1685650.123546106,5459138.956740917,-0.650066264
745,745,1686545.109025924,5459121.686293283,-0.40193857
746,746,1689649.768642595,5459073.940966515,-0.64872411
747,747,1689715.551044291,5459073.830186639,-0.816136321
748,748,1689721.742460227,5459063.236031165,-0.668671638
749,749,1685698.732010931,5459108.659286383,-0.344947646
750,750,1685737.02947843,5459090.713764386,-0.117666639
751,751,1686287.554143102,5459084.713297937,-0.529983079
752,752,1689750.9341459,5459051.13872703,-0.497056281
753,753,1687485.477022244,5459060.109531359,-0.359613995
754,754,1689787.345349819,5459034.806840955,-0.662640995
755,755,1689872.299006665,5459032.179523421,-0.5019333
756,756,1685753.553691692,5459066.679169768,-0.092563199
757,757,1686249.69992592,5459055.168101386,-0.76223524
758,758,1687455.417540117,5459040.07222395,-0.319723054
759,759,1690423.303961274,5458994.585798569,-0.890800059
760,760,1668636.194663018,5459221.018479481,-0.411082454
761,761,1673182.864013158,5459197.571930853,-0.256104152
762,762,1679837.373880373,5459129.480917708,-9999.0
763,763,1686223.387702619,5459035.672503063,-0.576156829
764,764,1685771.868998263,5459043.925257131,-0.114979569
765,765,1690460.824049502,5458974.176241561,-0.926799953
766,766,1673199.750938326,5459164.528020293,-0.722112113
767,767,1683088.8448242,5459051.35420607,-0.353724996
768,768,1673224.506300707,5459148.614064679,-0.716357069
769,769,1690521.003344577,5458953.487064349,-0.594530343
770,770,1673262.452184641,5459137.587723339,-0.663749968
771,771,1679841.022212795,5459061.775139198,-9999.0
772,772,1683035.634576571,5459022.03628844,-0.335252165
773,773,1686187.222768944,5458993.286072254,-0.317238074
774,774,1690581.182305429,5458932.797411053,-0.783199954
775,775,1692484.508293192,5458909.10180288,0.410457164
776,776,1673282.555783449,5459123.190220056,-0.098810086
777,777,1685815.096776443,5458988.400417422,-0.351315773
778,778,1686003.882795915,5458977.88394877,-0.927299947
779,779,1686094.519845142,5458976.821401298,-0.720285697
780,780,1687455.641401943,5458976.744620361,-0.666494152
781,781,1690596.716200365,5458922.63206159,-0.634947323
782,782,1682944.772171777,5459003.116933674,0.106215193
783,783,1685848.631241769,5458970.10459819,-0.067340286
784,784,1685898.022876295,5458969.150127455,-0.714238089
785,785,1685939.56479679,5458968.66384512,-9999.0
786,786,1690618.701655223,5458912.387032935,-9999.0
787,787,1673297.417973346,5459103.040818245,-0.61289058
788,788,1682702.961741808,5458995.872132557,-0.457688643
789,789,1682813.724734401,5458999.822849161,-0.29570424
790,790,1682891.276391359,5458999.885311873,-0.416978957
791,791,1668525.833786004,5459131.94471798,-0.106118431
792,792,1670182.923744813,5459111.949534832,-9999.0
793,793,1673315.765204157,5459086.284251276,-0.549267102
794,794,1682687.743295158,5458986.070260373,0.085987003
795,795,1690636.472654959,5458892.220335605,-0.763999939
796,796,1665746.250544076,5459148.12360722,-9999.0
797,797,1668510.634721984,5459122.113720811,-0.30560609
798,798,1682664.971856238,5458976.353417474,-0.375599988
799,799,1690711.624926215,5458881.594711246,0.047582043
800,800,1665739.090238109,5459205.418322154,-0.809799968
801,801,1688286.701293844,5458901.4794732,0.366820517
802,802,1665746.065378943,5459127.450870543,-9999.0
803,803,1681388.288481842,5458970.67413375,-9999.0
804,804,1665738.42311475,5459117.546523291,-9999.0
805,805,1681356.994773795,5458952.686277474,1.548795476
806,806,1665655.316592824,5459098.549286182,-9999.0
807,807,1665730.691573098,5459097.670168887,-9999.0
808,808,1669659.193435833,5459058.922307927,-9999.0
809,809,1681161.583793798,5458943.381173099,-0.163074623
810,810,1681416.317100565,5458947.863714878,-0.206869975
811,811,1688234.058871125,5458862.074343814,0.313693442
812,812,1690731.073565493,5458836.196556932,-0.830249964
813,813,1682569.885859859,5458917.583666031,0.053484644
814,814,1687495.414686886,5458902.764133932,-0.48543721
815,815,1688223.036084235,5458852.251522628,0.614939392
816,816,1665722.96006967,5459077.793814009,-9999.0
817,817,1669645.780371316,5459038.378020342,-9999.0
818,818,1679325.779472456,5458943.388067446,-0.570218737
819,819,1681188.259452383,5458923.349162979,-0.128322567
820,820,1695009.648064088,5458775.008083638,-0.13112966
821,821,1665627.453032135,5459079.287865066,-9999.0
822,822,1668449.466900687,5459042.90139435,-0.183685723
823,823,1672757.316419979,5458997.680466787,-0.337714304
824,824,1679333.352962352,5458935.674752628,-0.154897454
825,825,1681198.801382687,5458912.93308307,0.408525008
826,826,1688196.266011806,5458840.209925295,0.437253361
827,827,1679371.649818405,5458926.143378234,-0.50164288
828,828,1681425.578792712,5458904.897201711,-0.700505245
829,829,1687513.506249289,5458842.541850512,-0.881933296
830,830,1688164.164061269,5458823.757381515,1.517350316
831,831,1679159.291956421,5458915.265847921,0.164513521
832,832,1679419.587412184,5458903.779443414,-0.308393709
833,833,1679483.626746997,5458903.255860613,-0.5242857
834,834,1679496.107755365,5458906.251998093,-0.549333294
835,835,1665465.747803294,5459030.18577139,-9999.0
836,836,1665495.928053517,5459029.959197373,-9999.0
837,837,1679094.87723552,5458896.013843569,-0.162573313
838,838,1679846.896785946,5458891.543462893,-0.58215686
839,839,1687526.524923725,5458806.605985777,-0.488980495
840,840,1665605.339257578,5459023.853152633,-9999.0
841,841,1672725.039287347,5458956.241330001,-9999.0
842,842,1665454.684377422,5459014.740781474,-9999.0
843,843,1679038.01574091,5458876.679954586,-0.103499985
844,844,1684793.537484962,5458811.766533738,0.292859378
845,845,1687920.303340431,5458775.763394348,1.163863639
846,846,1687562.841510668,5458781.372498416,-0.182965421
847,847,1687927.661526443,5458765.607376193,0.789617655
848,848,1688018.238361232,5458764.572618487,0.136056348
849,849,1690698.970343654,5458776.022011555,0.927919257
850,850,1665444.835025832,5458994.402086225,-9999.0
851,851,1672723.672307302,5458927.000067741,-0.690699953
852,852,1679853.563793303,5458852.892534867,-0.238228566
853,853,1688010.512654374,5458754.764793571,0.865173906
854,854,1696371.681987398,5458649.60224219,-0.868749974
855,855,1681410.050474142,5458825.297205052,-0.013991569
856,856,1682262.40835329,5458811.419973684,-0.047070467
857,857,1687588.3339028,5458750.43237576,0.236648162
858,858,1687969.107652519,5458751.096314973,0.133281438
859,859,1665434.971836239,5458970.666137966,-9999.0
860,860,1679860.899650015,5458832.866239258,-0.417814296
861,861,1687595.364851503,5458740.321895853,-0.146846113
862,862,1687819.672061691,5458737.702733791,-0.166592994
863,863,1695046.840065247,5458658.274933944,-0.644553558
864,864,1696370.934220576,5458631.052362253,0.072666658
865,865,1665739.470479078,5459002.868388892,-9999.0
866,866,1679868.235464934,5458812.839935122,0.055805206
867,867,1687615.42217701,5458726.225690022,-0.518790444
868,868,1695062.931453499,5458634.533380163,-0.91079998
869,869,1679890.731115471,5458797.635240752,-0.947999969
870,870,1681409.969443468,5458792.90158656,-0.304100744
871,871,1687765.139056749,5458715.895908408,-0.108408671
872,872,1672693.310822339,5458866.053522418,-0.66716122
873,873,1665724.704126867,5458925.446329008,-9999.0
874,874,1679905.619598076,5458777.526680295,-0.952999949
875,875,1695081.340159169,5458603.290748801,0.38562501
876,876,1670545.976331144,5458886.25973082,-0.216986218
877,877,1672703.99997554,5458847.410913154,-0.599999954
878,878,1695099.086968994,5458587.101008803,-0.770350846
879,879,1672723.846163837,5458828.957929334,-0.634848464
880,880,1690759.253005283,5458621.630670913,-0.734249951
881,881,1678794.899969844,5458749.689749294,-0.481603173
882,882,1695122.036706521,5458563.413279616,-0.75728358
883,883,1695887.793519462,5458546.719199702,-0.907799911
884,884,1665290.806689053,5458868.623088994,-9999.0
885,885,1665471.909796168,5458877.732240286,-9999.0
886,886,1665638.094562949,5458879.097321029,-9999.0
887,887,1681444.155142302,5458741.755517309,-0.200527174
888,888,1696229.41789697,5458532.463834393,-0.194439987
889,889,1690781.677153292,5458595.61318153,-0.500328111
890,890,1690826.76312763,5458595.975011838,-0.528719301
891,891,1695147.902493152,5458543.486363702,-0.531053274
892,892,1681483.377703226,5458690.366837298,-0.375833307
893,893,1690882.761608626,5458579.991918259,-0.653411721
894,894,1690909.196261919,5458579.664526151,-9999.0
895,895,1696210.952553319,5458512.392972272,-0.046430569
896,896,1679923.632822917,5458697.544594632,-0.632722865
897,897,1690944.323088957,5458569.659325858,-0.855066617
898,898,1695727.60232083,5458498.449772611,0.036057962
899,899,1696188.320631803,5458492.425861653,-0.241680556
900,900,1696202.626983865,5458492.905634715,0.311980395
901,901,1665230.693842425,5458819.166407124,-9999.0
902,902,1681503.655735734,5458667.538349975,-0.093883701
903,903,1690961.817097661,5458549.800053154,-0.699655089
904,904,1679927.137677767,5458672.573319984,-0.310377467
905,905,1681515.157172873,5458649.949692161,-0.764333288
906,906,1684685.919117058,5458641.526086204,0.603686692
907,907,1695282.024378482,5458486.154493012,-0.173608673
908,908,1665215.704540397,5458802.355508801,-9999.0
909,909,1665263.249201138,5458807.95248664,-9999.0
910,910,1665610.208094953,5458801.908316357,-9999.0
911,911,1671204.754938897,5458743.986721233,-9999.0
912,912,1679934.527442617,5458657.53296776,-0.762581803
913,913,1692568.951711769,5458510.250235095,0.141869565
914,914,1695312.081915061,5458475.488004734,-0.055036364
915,915,1665575.096563877,5458796.58107373,-9999.0
916,916,1679972.073440003,5458637.17744898,-0.971999943
917,917,1681520.421336142,5458625.129025023,-0.39732607
918,918,1696069.822126366,5458446.039770487,-0.170784093
919,919,1665629.410402226,5458769.678732665,-9999.0
920,920,1665642.522715221,5458783.694466774,-9999.0
921,921,1681527.807826506,5458610.087020036,-0.518964255
922,922,1684679.291357931,5458574.408551906,0.0270303
923,923,1692535.361279428,5458480.355520443,-0.653142829
924,924,1696023.195205139,5458439.0630348,-0.368666671
925,925,1695957.099276996,5458436.213014456,-0.306205051
926,926,1665259.156392514,5458753.034671024,-9999.0
927,927,1665597.342365244,5458752.923889597,-9999.0
928,928,1690961.420392486,5458499.526959498,-0.318271415
929,929,1681542.636112157,5458584.989031018,-0.431405919
930,930,1680107.578594859,5458593.776388636,-0.548984337
931,931,1680247.199764846,5458584.30806298,-0.304057647
932,932,1671973.170283913,5458650.146306972,-0.664548388
933,933,1680258.310549158,5458564.2400534,-0.450984575
934,934,1684689.601808236,5458538.51702265,-0.044462171
935,935,1690939.134021215,5458438.98865716,1.230121972
936,936,1671965.648229794,5458640.093929067,-0.493704888
937,937,1681557.345570786,5458545.049011946,0.174915508
938,938,1690931.215573474,5458419.006060843,-0.19978374
939,939,1680271.082617953,5458541.400816338,-0.357608662
940,940,1681570.01069776,5458517.105302144,-0.085093547
941,941,1665226.916688269,5458679.60213892,-9999.0
942,942,1680295.418783955,5458503.994590549,-0.661228003
943,943,1665239.661635542,5458718.80098954,-9999.0
944,944,1665824.493533781,5458628.857962558,0.257711855
945,945,1665903.976735063,5458627.394569941,-0.474185387
946,946,1681594.229399174,5458469.722598344,-0.539155142
947,947,1665930.320700607,5458617.185154289,-0.689797446
948,948,1666070.040705357,5458615.928648242,-0.684874977
949,949,1665764.077833231,5458608.703925262,-0.174175029
950,950,1665959.118211271,5458608.954071841,-0.738509792
951,951,1680310.21037592,5458473.968640487,-0.110971817
952,952,1666097.518134534,5458597.450974218,-0.714899969
953,953,1680634.733982164,5458450.407891609,-0.342817776
954,954,1680330.539676194,5458441.305608451,-0.280499995
955,955,1680566.542879246,5458431.210283076,-0.260008688
956,956,1681608.779928252,5458419.694274164,-0.53660316
957,957,1687427.532788441,5458359.398664939,-9999.0
958,958,1687828.773769249,5458347.762070472,1.656738818
959,959,1692573.740582299,5458290.835235745,-0.583138843
960,960,1680369.363737906,5458419.160107226,-0.292429373
961,961,1680475.626557742,5458413.598042248,0.204274508
962,962,1688275.825157329,5458327.572257428,0.620142858
963,963,1684531.61150233,5458354.853836422,1.663555547
964,964,1684516.292873643,5458346.138859267,0.769687555
965,965,1687807.477492171,5458309.997519428,2.187356695
966,966,1684501.198291191,5458336.237835203,0.585138464
967,967,1691005.257296771,5458264.968783869,-0.851625022
968,968,1691022.987170928,5458246.353033859,-0.834857121
969,969,1691050.076998949,5458224.518194448,-0.606144964
970,970,1691079.627815649,5458206.279262301,-0.510681416
971,971,1665449.318347912,5458461.925763384,-0.331380937
972,972,1687755.048176348,5458229.088947926,0.322149992
973,973,1691108.29235278,5458188.222921762,-0.972000003
974,974,1684475.713039755,5458287.669052571,-0.045256368
975,975,1665556.211482459,5458443.73073313,-9999.0
976,976,1691130.701748133,5458167.997343443,-9999.0
977,977,1684477.07991211,5458237.507699545,-0.15771621
978,978,1691138.13023545,5458157.931423619,-9999.0
979,979,1691149.33486097,5458147.818590061,-9999.0
980,980,1684463.557893708,5458217.892882392,0.112533339
981,981,1664879.971410782,5458407.786631625,0.65170732
982,982,1687739.601913665,5458172.369745352,1.743495272
983,983,1687733.433529369,5458159.58480747,0.131903213
984,984,1691181.491036823,5458111.697765433,-0.439473642
985,985,1664904.761426407,5458377.007113969,-0.213080005
986,986,1687739.721721376,5458129.897471345,-0.568390196
987,987,1691172.918486446,5458080.331257436,0.393514071
988,988,1684461.041204322,5458152.562439987,-0.20335713
989,989,1664831.242750609,5458351.559958455,0.424158546
990,990,1666977.453212393,5458318.513663044,-0.185106052
991,991,1666947.079160096,5458298.822589355,-0.166749999
992,992,1664798.619265181,5458324.474574422,-0.025936276
993,993,1665334.613834165,5458303.383127089,-0.296917622
994,994,1665353.500579947,5458303.943757484,-0.727459458
995,995,1691152.542180911,5458042.880615762,0.431175419
996,996,1665066.337380211,5458285.821177543,-0.673505447
997,997,1666652.525643871,5458271.692665114,-0.283601977
998,998,1666697.587390033,5458271.175945826,-9999.0
999,999,1667047.372037316,5458265.130615683,-9999.0
1000,1000,1691174.042370079,5458008.609183611,-9999.0
1001,1001,1665261.444807275,5458275.080323315,-0.751792173
1002,1002,1666674.927342187,5458261.447552888,-0.321063927
1003,1003,1666885.80398467,5458260.213813232,0.373314812
1004,1004,1665119.09839075,5458273.266430937,-0.529638317
1005,1005,1691169.947475911,5457982.997023441,-0.405339504
1006,1006,1666557.512018346,5458232.556441734,0.081986402
1007,1007,1667037.284343976,5458237.404698375,0.23784071
1008,1008,1666470.57318041,5458223.371643896,-0.869285669
1009,1009,1666770.693047402,5458232.701712393,-0.227585866
1010,1010,1664902.534021404,5458232.18331335,-9999.0
1011,1011,1666443.619113839,5458214.548041876,1.703268295
1012,1012,1666485.634008447,5458216.01816573,-0.372964275
1013,1013,1687161.46098747,5457999.81859587,-0.359066618
1014,1014,1666394.73003134,5458204.637158375,0.157420282
1015,1015,1666424.63787891,5458208.064096503,-0.239500013
1016,1016,1691189.013197487,5457954.263912387,-0.898999967
1017,1017,1687171.509393173,5457966.791443086,-0.367652127
1018,1018,1691207.716093417,5457917.602564208,-0.845642811
1019,1019,1666258.57598767,5458165.451957557,-0.187180903
1020,1020,1666274.216020676,5458156.910763114,-0.682749967
1021,1021,1684255.189509234,5457969.803774069,0.437800011
1022,1022,1687029.270074276,5457938.906631844,-0.354376739
1023,1023,1687163.126975975,5457935.643537155,-0.480064468
1024,1024,1666313.902763656,5458145.30177961,-0.537899033
1025,1025,1684240.461510255,5457959.179218958,0.820894737
1026,1026,1687154.77036285,5457927.023457862,0.010131622
1027,1027,1691259.270991601,5457877.16309172,-9999.0
1028,1028,1684233.26579977,5457950.515015436,0.334980379
1029,1029,1687011.104846498,5457918.838366969,-0.438695604
1030,1030,1687147.422519802,5457916.781376495,0.890577505
1031,1031,1691277.902989032,5457856.983989857,-9999.0
1032,1032,1686987.779454526,5457899.832667375,-0.553428526
1033,1033,1691307.862883367,5457836.663877279,-9999.0
1034,1034,1686971.869939612,5457880.803544611,-0.36973804
1035,1035,1687124.275055725,5457877.079030887,2.887600076
1036,1036,1691330.270633284,5457816.437644289,-0.74521425
1037,1037,1665851.54500416,5458090.633320782,-0.122353265
1038,1038,1666046.312985485,5458077.610160689,-0.308941178
1039,1039,1665925.683605373,5458070.147752711,-0.347153819
1040,1040,1691360.230218698,5457796.117311561,-0.896166643
1041,1041,1665970.938540089,5458054.300905515,-0.448492097
1042,1042,1666001.43055617,5458040.986930496,-0.356290326
1043,1043,1691367.461247658,5457766.16882947,0.375000043
1044,1044,1691382.078805547,5457731.016315815,-0.985999957
1045,1045,1684203.493933302,5457829.265649771,0.496878077
1046,1046,1691375.154151624,5457689.51806079,0.517683181
1047,1047,1667919.371334074,5457946.384951326,-0.621596488
1048,1048,1667948.094293908,5457920.625695808,-0.642965544
1049,1049,1684240.016094748,5457763.134677188,0.482209834
1050,1050,1691386.419167751,5457669.524158346,-0.57056562
1051,1051,1691397.457847532,5457652.011393244,0.143029085
1052,1052,1666432.299179909,5457882.239420265,-0.762899971
1053,1053,1691457.136820122,5457592.111831367,-0.379892185
1054,1054,1667951.038997517,5457830.842529188,-0.358647382
1055,1055,1691470.650166715,5457565.346842758,-0.669540958
1056,1056,1666455.035062364,5457829.134211852,-0.28249263
1057,1057,1691485.504919959,5457545.214252943,-0.82870591
1058,1058,1666496.995331409,5457806.096641704,-0.27372915
1059,1059,1691492.807907583,5457525.175808603,-0.700969182
1060,1060,1666542.114355268,5457783.918491687,-0.415233747
1061,1061,1666555.017539789,5457771.075698647,-0.454690037
1062,1062,1666573.570298586,5457734.791022446,0.005634146
1063,1063,1666579.680815221,5457724.087548805,-0.003338437
1064,1064,1667986.74330792,5457763.499511112,-0.436201882
1065,1065,1684115.496017449,5457543.694957891,-0.815076883
1066,1066,1691486.325153893,5457465.279910446,1.081214387
1067,1067,1692835.87224901,5457418.540419645,-0.552199952
1068,1068,1668030.828103139,5457684.158294652,-0.606086543
1069,1069,1666591.456810637,5457680.503184394,-0.36388418
1070,1070,1691508.305245801,5457405.32567497,0.094906674
1071,1071,1666606.042046151,5457636.56623209,-0.423999991
1072,1072,1666617.885436685,5457615.424988938,-0.737030261
1073,1073,1691526.16956335,5457348.836351778,0.12669584
1074,1074,1668035.471428249,5457618.999438216,-0.150700698
1075,1075,1691550.577563615,5457324.776778138,-9999.0
1076,1076,1666631.878612653,5457592.987188601,-0.719228538
1077,1077,1683976.558847057,5457410.601849473,-0.252507119
1078,1078,1668058.259525029,5457555.594433599,-0.560802175
1079,1079,1683968.77913142,5457390.744082094,-0.083858063
1080,1080,1667244.906353174,5457541.649061925,-0.644066665
1081,1081,1667276.160308371,5457541.678772806,-0.926904746
1082,1082,1667423.115026605,5457538.37691438,-0.346749987
1083,1083,1668065.360380695,5457535.582790115,-0.148977087
1084,1084,1667171.884938849,5457533.6562835,-9999.0
1085,1085,1667371.009174652,5457529.118489214,-0.688899387
1086,1086,1683960.828265236,5457355.928150902,0.175937505
1087,1087,1666623.840109733,5457522.895388189,0.228660372
1088,1088,1667003.829559368,5457500.572278987,-0.121419131
1089,1089,1683958.432668593,5457329.913892327,-0.329093124
1090,1090,1691573.877528646,5457271.957453845,-0.087014785
1091,1091,1666958.186686855,5457491.246545171,-0.1564
1092,1092,1667057.263659703,5457490.378459787,-0.490568966
1093,1093,1666937.63126056,5457481.883314861,-0.140227273
1094,1094,1667079.174431797,5457481.666873839,-0.402658568
1095,1095,1691602.562532544,5457220.607440075,-0.425491528
1096,1096,1666874.070832048,5457480.428631014,-0.74935293
1097,1097,1666607.226772169,5457469.1831159,-0.367224368
1098,1098,1668071.049723577,5457472.239783901,0.05020208
1099,1099,1683937.375427193,5457286.382671048,-0.269217379
1100,1100,1691613.578861527,5457199.889852008,-0.451497624
1101,1101,1666618.417832774,5457454.122228147,-0.475626664
1102,1102,1688444.816605123,5457222.542144399,0.30921818
1103,1103,1683922.044644477,5457266.611250347,-0.264050619
1104,1104,1691663.767786262,5457180.297556012,-0.363677061
1105,1105,1666644.666009579,5457433.938138115,-0.323314294
1106,1106,1668097.821615857,5457433.716629495,-0.427090901
1107,1107,1691694.224477962,5457159.895587053,-0.089835885
1108,1108,1666655.856938533,5457418.877196561,-0.20109333
1109,1109,1666727.491215756,5457413.25381859,-0.608975937
1110,1110,1666684.846706261,5457404.964515224,-0.044320079
1111,1111,1668122.708022477,5457399.019030786,-0.781522692
1112,1112,1683896.881598352,5457229.758512122,-0.319320837
1113,1113,1691710.820262032,5457138.51466479,0.120123194
1114,1114,1668138.992495024,5457381.861705752,-0.750279961
1115,1115,1683883.604016169,5457207.210457797,-0.340542823
1116,1116,1691730.934499678,5457119.264854965,-0.181979124
1117,1117,1691752.103556417,5457098.304746458,-0.173092326
1118,1118,1691778.058349804,5457082.770094004,-0.631799984
1119,1119,1691793.036030204,5457072.608982982,-0.647008966
1120,1120,1692837.017018986,5457049.224322468,1.408970594
1121,1121,1691807.888864504,5457052.475693313,-0.46030431
1122,1122,1683871.835407973,5457155.521758793,-0.271998508
1123,1123,1682372.350549648,5457134.575283172,-0.65086793
1124,1124,1682366.016162106,5457124.288780166,1.019363636
1125,1125,1683882.520742249,5457112.475471034,-0.488528263
1126,1126,1668055.318864201,5457252.387809463,-0.003306122
1127,1127,1683899.463808688,5457093.609104306,-0.489220497
1128,1128,1682326.596090839,5457095.195501801,-0.077323048
1129,1129,1683912.326028223,5457077.227651543,-0.479624967
1130,1130,1683923.538588111,5457067.125967823,-0.282913012
1131,1131,1682311.270116746,5457075.420780433,-0.328571381
1132,1132,1683942.302194495,5457056.937867354,-0.39135209
1133,1133,1691837.071224755,5456967.382335836,-0.009821965
1134,1134,1668047.297726228,5457216.617900803,-0.386340138
1135,1135,1691848.435710283,5456948.903872883,-0.620990091
1136,1136,1683966.528395307,5457038.399374578,-0.087605001
1137,1137,1668024.22855444,5457171.95384288,0.939888899
1138,1138,1679106.114287897,5457058.048424965,-0.640742226
1139,1139,1679131.518541724,5457040.598275874,-0.581599968
1140,1140,1683984.93234763,5457005.289318331,-0.317554773
1141,1141,1691862.774505235,5456912.156641413,-0.838638254
1142,1142,1668012.304446186,5457154.497425822,1.559862599
1143,1143,1679146.512922375,5457030.463268739,-0.501970968
1144,1144,1679180.492321754,5457030.096562499,-0.739196967
1145,1145,1679221.827140893,5457017.737591666,-0.710380708
1146,1146,1682144.393727792,5456970.33148433,-0.187103421
1147,1147,1679244.389990106,5456994.778162683,-0.691346106
1148,1148,1684003.900630916,5456954.654299651,-0.173068845
1149,1149,1691884.55326159,5456842.067847926,-0.885714241
1150,1150,1679267.067777553,5456956.879308443,-0.644940252
1151,1151,1682090.855011362,5456917.716909433,0.120475405
1152,1152,1679289.214709139,5456939.63773763,-0.364357149
1153,1153,1682082.953762909,5456908.279961345,0.383320554
1154,1154,1679311.60247374,5456929.010139068,-0.692976156
1155,1155,1679704.201780331,5456924.69217249,-0.477574976
1156,1156,1679341.218691345,5456914.492007646,-0.574528722
1157,1157,1679409.501688421,5456907.941951148,-0.856599972
1158,1158,1679771.942775866,5456904.00921386,-0.365719348
1159,1159,1679821.023343867,5456903.475317328,0.012787092
1160,1160,1679855.002199384,5456903.10547796,-0.324054543
1161,1161,1684023.586469639,5456883.63202991,0.591049537
1162,1162,1682059.966536457,5456877.369144259,0.075547165
1163,1163,1682049.793790691,5456840.214695729,-0.234031111
1164,1164,1684062.426616111,5456821.426427383,0.805265479
1165,1165,1682036.420298388,5456809.219337542,-0.150199951
1166,1166,1682028.646463063,5456789.359582612,-0.19297145
1167,1167,1691889.964670839,5456647.982287687,-0.290883669
1168,1168,1691897.249724012,5456632.727918549,-0.897538401
1169,1169,1691909.368641676,5456612.71711753,-0.89199995
1170,1170,1681990.00083439,5456710.004888689,-0.377723044
1171,1171,1681971.80305168,5456699.762081577,-0.200621191
1172,1172,1681951.690279619,5456660.566301919,-0.095361099
1173,1173,1691946.719485721,5456549.42546328,-0.806249953
1174,1174,1688119.162120077,5456535.818534765,-0.37996491
1175,1175,1681897.833656125,5456571.407743732,-0.692928554
1176,1176,1691986.724861051,5456471.060358638,0.278696936
1177,1177,1692062.783121359,5456401.869109198,0.100405208
1178,1178,1692941.481860936,5456340.981448174,0.372238096
1179,1179,1692110.598647743,5456334.958304375,0.421349691
1180,1180,1692927.18645227,5456320.94349782,0.151000001
1181,1181,1681843.64446701,5456452.332491013,-0.848959954
1182,1182,1692131.257167877,5456306.390912604,0.804445532
1183,1183,1692907.773456791,5456266.021103584,0.132720274
1184,1184,1683820.944418038,5456350.213251406,-0.544891854
1185,1185,1692888.184559594,5456200.946516985,0.607553995
1186,1186,1683796.547383978,5456292.076357245,-0.217208983
1187,1187,1665913.603836305,5456445.888993038,-0.984499946
1188,1188,1683782.110405581,5456255.909522209,-0.150412501
1189,1189,1692166.584401974,5456210.386981482,0.124591144
1190,1190,1665965.968532831,5456424.881086364,-9999.0
1191,1191,1683772.222639138,5456233.842004938,-0.425058494
1192,1192,1692200.407309247,5456134.956276691,-0.674643636
1193,1193,1692888.444595393,5456129.356129074,0.347764698
1194,1194,1665947.25929143,5456403.269983681,-9999.0
1195,1195,1666015.980669301,5456402.651740674,-9999.0
1196,1196,1692868.416330568,5456111.566635219,-0.173351356
1197,1197,1666023.591587639,5456392.405860413,-9999.0
1198,1198,1683751.396927301,5456211.379952256,-0.276371407
1199,1199,1688070.167836478,5456165.745632195,0.153312104
1200,1200,1666060.024375051,5456417.730460754,-0.233229061
1201,1201,1666672.913775234,5456365.660587334,-0.516915124
1202,1202,1692895.271915512,5456061.315095355,-0.091823219
1203,1203,1666067.119604228,5456341.147674203,-9999.0
1204,1204,1666665.514789869,5456336.494065464,-0.756892826
1205,1205,1692908.671045526,5456050.688515732,-0.132235293
1206,1206,1692306.468631876,5456048.212771608,0.070491823
1207,1207,1692333.425570192,5456029.538125899,0.340678265
1208,1208,1681191.512366246,5456149.354745043,-0.260796593
1209,1209,1692362.978017832,5456021.929732546,0.01553206
1210,1210,1665971.690028201,5456355.648956372,-0.855666625
1211,1211,1692388.324858632,5455997.475186327,0.15836617
1212,1212,1666093.036826009,5456281.019446398,-0.984999955
1213,1213,1681167.969452921,5456100.327941278,-0.877999961
1214,1214,1692420.006454191,5455975.537196385,-0.366980821
1215,1215,1681160.023164645,5456090.916294267,-0.515225756
1216,1216,1692444.761749924,5455948.017406806,-0.582533284
1217,1217,1666147.714405236,5456239.270128982,-9999.0
1218,1218,1666036.525024528,5456212.778145444,-9999.0
1219,1219,1666664.856507138,5456207.335053628,-0.17311901
1220,1220,1692475.176834708,5455925.669361613,-0.54465862
1221,1221,1692492.135017124,5455907.003030795,-0.532373277
1222,1222,1665991.506580729,5456183.264848495,-9999.0
1223,1223,1666666.434410732,5456184.868390589,-0.720666627
1224,1224,1666112.215528904,5456172.204764551,-9999.0
1225,1225,1692499.951555856,5455893.531636397,-0.586152329
1226,1226,1692507.151057494,5455877.170752641,-0.743627073
1227,1227,1665951.477815077,5456169.849667368,-9999.0
1228,1228,1666674.014033791,5456150.972141012,-9999.0
1229,1229,1692519.1211326,5455856.990329467,-0.500377348
1230,1230,1666686.459012124,5456127.749974444,-9999.0
1231,1231,1681069.738067298,5455976.585022139,-0.564799947
1232,1232,1692529.29607456,5455837.074495412,-0.276873239
1233,1233,1666711.889773607,5456106.936770212,-0.665777776
1234,1234,1682879.811646739,5455943.743443815,-0.40817777
1235,1235,1692536.621449234,5455826.887885147,-0.353562471
1236,1236,1666726.89875107,5456096.82734412,-0.759481447
1237,1237,1666753.232443983,5456086.614807542,-0.139593196
1238,1238,1666760.691496267,5456076.574031951,-0.542842103
1239,1239,1666771.925436552,5456066.498873734,-0.57004542
1240,1240,1692555.80020246,5455800.59795499,-0.064324476
1241,1241,1666783.159345856,5456056.423703614,-0.560120044
1242,1242,1692592.936479699,5455776.605767919,0.321434121
1243,1243,1666505.594994571,5456049.291241873,-0.869111054
1244,1244,1692608.946324431,5455761.207052465,-0.371171668
1245,1245,1692637.772299809,5455743.00702689,-0.107119873
1246,1246,1692663.449150965,5455715.42762608,0.546470592
1247,1247,1692689.592397557,5455704.904797502,-0.253706671
1248,1248,1692994.421030507,5455690.596680155,-0.170699992
1249,1249,1683271.512184654,5455798.481322789,1.026439205
1250,1250,1692670.339727833,5455675.226862629,-0.169845455
1251,1251,1692671.049744595,5455595.409667395,-0.377675209
1252,1252,1692676.871700683,5455575.691389318,-0.545000004
1253,1253,1667256.426229123,5455823.781250928,0.298433327
1254,1254,1667328.435726434,5455822.075544397,-0.042051857
1255,1255,1667236.455190339,5455814.563093317,-0.317905262
1256,1256,1667188.260849233,5455805.161489381,-0.259714298
1257,1257,1667381.966485785,5455809.107129861,-0.415087049
1258,1258,1683146.620451834,5455644.873168881,0.14805064
1259,1259,1667430.993928838,5455791.674384124,-0.153817131
1260,1260,1692709.953962541,5455505.313013463,-0.382084494
1261,1261,1693057.262788612,5455476.807546523,0.159026632
1262,1262,1667463.110134089,5455705.517976014,-0.649891015
1263,1263,1692697.695308031,5455415.188703131,-0.414353833
1264,1264,1683079.715359083,5455516.892816519,-0.6803333
1265,1265,1665566.243426878,5455691.925000585,-9999.0
1266,1266,1692689.774962715,5455395.384177755,-0.318515628
1267,1267,1665584.958210754,5455681.963438842,-9999.0
1268,1268,1667459.113778888,5455666.28028212,-0.389898865
1269,1269,1665623.332386575,5455667.052109486,-0.963999927
1270,1270,1683056.184706103,5455485.720054897,0.629765095
1271,1271,1665643.296747999,5455631.817347021,-0.6844848
1272,1272,1667458.219344008,5455607.412336296,-0.820212116
1273,1273,1665662.753167416,5455609.18281637,-9999.0
1274,1274,1683032.756635964,5455431.653270834,0.370435894
1275,1275,1692670.519992296,5455333.694413051,-0.016303832
1276,1276,1693058.077772584,5455301.487507399,0.189243244
1277,1277,1667474.923996873,5455584.753392314,0.028017304
1278,1278,1665697.687671261,5455585.068296325,-0.619259244
1279,1279,1667488.364298055,5455561.32082935,-0.542903214
1280,1280,1693049.550683294,5455282.339880854,0.513191488
1281,1281,1665707.162889109,5455569.973540604,-0.757999994
1282,1282,1692658.473011631,5455266.748554306,0.036596739
1283,1283,1667060.413270285,5455499.80359209,-9999.0
1284,1284,1667074.835702303,5455489.265056977,-9999.0
1285,1285,1692650.070542942,5455201.328448418,-0.268008832
1286,1286,1667107.845163932,5455462.797673016,-9999.0
1287,1287,1667140.40876019,5455446.84839544,-9999.0
1288,1288,1667505.770003661,5455461.707578558,-0.546419656
1289,1289,1667527.701391562,5455386.300864539,-9999.0
1290,1290,1666860.936184914,5455337.169919458,-0.738235266
1291,1291,1667540.777409387,5455353.027879789,-0.904000044
1292,1292,1666886.775271442,5455318.321406133,-0.118963619
1293,1293,1667557.809233481,5455316.315509188,-9999.0
1294,1294,1693098.292097946,5455011.120197605,0.055550162
1295,1295,1682713.66479212,5455105.447687313,0.708800006
1296,1296,1692677.562490482,5455055.843446445,-0.020909092
1297,1297,1692736.946293213,5454965.215954209,0.018297423
1298,1298,1688195.495545523,5455012.833538416,0.225142076
1299,1299,1692902.970272149,5454935.332577834,0.070365385
1300,1300,1688161.668976626,5454976.009525885,0.399132209
1301,1301,1692804.201154261,5454916.255725474,-0.017259998
1302,1302,1667764.165552756,5455179.780867201,-0.073239989
1303,1303,1667862.300971122,5455179.790959696,-0.43715151
1304,1304,1682110.81491102,5455023.154561994,-0.363298594
1305,1305,1693087.02687276,5454891.99330218,0.028375795
1306,1306,1692780.157600291,5454895.600184012,0.458630225
1307,1307,1692964.823078344,5454895.573939672,0.301889452
1308,1308,1693098.223724684,5454881.877319969,0.04292405
1309,1309,1682046.425574213,5455003.928747164,-0.683878011
1310,1310,1688186.586729607,5454948.386838111,1.486304039
1311,1311,1692789.600109041,5454877.832004355,0.623694441
1312,1312,1681985.700807262,5454984.72084361,-0.556990053
1313,1313,1688141.95153441,5454915.297374783,0.176527092
1314,1314,1692818.492467508,5454866.343207599,1.344219732
1315,1315,1693037.865154451,5454864.341025412,0.303131036
1316,1316,1693067.920466892,5454843.161620876,0.550709081
1317,1317,1693104.218378871,5454917.288120645,0.455248761
1318,1318,1688158.864752268,5454883.864316065,1.47910814
1319,1319,1669939.44672206,5455077.811809783,0.01541856
1320,1320,1669972.93721603,5455056.548598558,0.031059996
1321,1321,1664555.416344097,5455071.162771493,-0.718875022
1322,1322,1688076.706643485,5454823.518116574,-0.588211536
1323,1323,1688126.212325065,5454848.468905911,0.235212807
1324,1324,1669992.167868637,5455025.363844424,0.043125823
1325,1325,1670869.864444074,5454991.530129155,-0.30964487
1326,1326,1672763.747827498,5454972.642269296,-0.812689603
1327,1327,1688113.368801657,5454805.557723725,0.06814
1328,1328,1670880.493163553,5454981.589044193,-0.29504615
1329,1329,1688038.492107226,5454784.811644155,-0.245971425
1330,1330,1670908.219169392,5454967.77746673,-0.084019993
1331,1331,1667833.93795451,5454975.050420483,-9999.0
1332,1332,1670929.008444048,5454950.383281362,-0.627641457
1333,1333,1670940.235022146,5454940.30163429,-0.569924481
1334,1334,1672948.200269843,5454921.323523565,-9999.0
1335,1335,1670947.687218972,5454930.256498365,-0.467193506
1336,1336,1687449.209657794,5454751.971048504,-9999.0
1337,1337,1688034.238653366,5454744.968326325,0.063559998
1338,1338,1672978.189334022,5454900.350049722,-9999.0
1339,1339,1681844.040730325,5454796.750265854,-0.358306267
1340,1340,1687343.208863068,5454740.495663087,-0.588763634
1341,1341,1687487.979372498,5454732.062175869,-0.483923078
1342,1342,1673027.057177567,5454879.917209349,-9999.0
1343,1343,1687415.196566264,5454731.066830962,0.852892914
1344,1344,1687509.827699323,5454721.57415617,-0.356000002
1345,1345,1670969.949997429,5454890.15260461,-0.381624951
1346,1346,1673060.926833385,5454869.606643486,-0.672571379
1347,1347,1687317.604381435,5454722.33121783,0.125628574
1348,1348,1687575.048193978,5454720.709633419,-0.348636623
1349,1349,1665204.118172767,5454929.317294677,-0.755594586
1350,1350,1669686.485731459,5454882.516605933,0.07755881
1351,1351,1670014.573398588,5454943.251472262,-0.0599835
1352,1352,1670977.350965054,5454875.117756502,-0.460581375
1353,1353,1673094.696957793,5454849.323820693,-0.794741933
1354,1354,1687614.52120677,5454692.660100933,0.016491221
1355,1355,1687637.630414516,5454690.926595631,-0.262459036
1356,1356,1687732.766715895,5454694.405726181,-0.342869097
1357,1357,1664575.355718281,5454934.80698494,0.086132102
1358,1358,1665210.246026302,5454914.008354144,-0.956499964
1359,1359,1669671.293681616,5454872.688037655,0.008616443
1360,1360,1670426.926716494,5454873.712540628,-0.116074299
1361,1361,1670486.545299102,5454864.894125156,-0.009885693
1362,1362,1670690.358247358,5454862.931477653,0.014200021
1363,1363,1673147.437961699,5454838.824565772,-0.422965504
1364,1364,1688056.52369249,5454721.592843163,0.81775276
1365,1365,1669656.101672776,5454862.859438251,0.097225001
1366,1366,1670026.031442067,5454864.321352032,-0.163587515
1367,1367,1670992.228113704,5454850.04994786,-0.410194595
1368,1368,1671079.015928416,5454849.200097162,-0.687999994
1369,1369,1671198.844281819,5454857.112398466,-0.260488592
1370,1370,1687874.163530288,5454674.152800211,-0.148385937
1371,1371,1687987.387607033,5454667.453673814,-0.146112128
1372,1372,1664615.72399448,5454912.332920178,0.114447165
1373,1373,1665323.392996747,5454901.969288745,-0.889380909
1374,1374,1669633.361100799,5454853.102518823,0.0236
1375,1375,1670648.648573579,5454843.387573647,0.179600005
1376,1376,1675038.167932951,5454799.76725554,-0.797263109
1377,1377,1687904.76867336,5454659.037730428,0.156369863
1378,1378,1664643.967530232,5454889.304731651,-0.289062487
1379,1379,1665051.274195732,5454885.224472456,1.334199981
1380,1380,1669610.620590489,5454843.345529459,0.041228572
1381,1381,1670037.384064586,5454844.561655601,-0.104283004
1382,1382,1670614.720668197,5454836.305987236,0.062640621
1383,1383,1671239.079798659,5454833.794865666,-0.239209589
1384,1384,1673233.948405503,5454808.041594602,-0.726294866
1385,1385,1673260.372011962,5454808.126550413,-9999.0
1386,1386,1681748.792025266,5454718.026139021,-0.692499949
1387,1387,1664655.855754973,5454879.267890864,-0.209875
1388,1388,1669576.557268367,5454833.695940682,-0.188430429
1389,1389,1670537.85335686,5454835.214314536,-0.181348863
1390,1390,1671261.153179467,5454817.916277854,-0.742153833
1391,1391,1675083.255375502,5454779.359279796,-0.86672726
1392,1392,1664666.500953359,5454869.420949382,-0.264441179
1393,1393,1665036.000087447,5454865.414317539,5.901000023
1394,1394,1670067.685117886,5454824.43073478,-0.31881663
1395,1395,1676672.132255503,5454752.938906041,-0.601181798
1396,1396,1681725.923751782,5454698.334400132,-0.611230723
1397,1397,1664681.485791307,5454859.364994815,-0.369823526
1398,1398,1676653.156482029,5454743.164163968,-0.033115926
1399,1399,1664700.528954794,5454848.845180132,-0.232507942
1400,1400,1665028.071681178,5454851.195681046,2.964838489
1401,1401,1670300.934469658,5454796.865585746,-0.319418289
1402,1402,1676449.240656822,5454735.320508014,-0.446024928
1403,1403,1676532.274986994,5454734.454067539,-0.734343725
1404,1404,1676637.955048686,5454733.34992277,0.849500014
1405,1405,1669451.627711896,5454794.988798413,-0.224314278
1406,1406,1669466.549997365,5454795.21574425,0.213746479
1407,1407,1670104.097913621,5454797.246854879,-0.283946227
1408,1408,1670138.54512698,5454788.448213557,-0.668062468
1409,1409,1665020.339668515,5454831.336409072,1.610846136
1410,1410,1669432.661714497,5454785.195623045,-0.14029333
1411,1411,1670255.259340016,5454777.558225166,0.130914295
1412,1412,1676588.037526641,5454722.355856461,-0.406422963
1413,1413,1669406.020581343,5454775.532036131,-0.230093033
1414,1414,1670195.047295824,5454768.943335076,-0.146396842
1415,1415,1675095.729831854,5454726.612754093,-0.563359621
1416,1416,1664913.169860876,5454807.341203195,0.291603264
1417,1417,1664959.767898988,5454814.715542072,0.834909087
1418,1418,1669372.045982434,5454765.855209628,0.483258275
1419,1419,1673320.059142096,5454737.36916118,-0.902947319
1420,1420,1676365.790761662,5454696.297666964,-0.563114266
1421,1421,1664899.150175661,5454798.955844634,0.961599996
1422,1422,1675105.104853667,5454699.377225347,-0.629452806
1423,1423,1676354.320430935,5454686.472723129,-0.23931782
1424,1424,1666001.497539948,5454777.00163644,-0.520971414
1425,1425,1676342.937436744,5454676.589346231,-0.11722499
1426,1426,1672496.874579721,5454705.664688346,-0.537084865
1427,1427,1673338.531382817,5454697.291992531,-0.903999945
1428,1428,1676327.736568784,5454666.774462488,-0.094973654
1429,1429,1664831.307015528,5454767.499165152,0.795999996
1430,1430,1665359.698987806,5454762.806708112,-9999.0
1431,1431,1671297.826899478,5454724.190033792,-0.478931371
1432,1432,1672448.242258782,5454702.201243136,-0.0891355
1433,1433,1665324.422156731,5454765.237732639,-0.533225967
1434,1434,1672402.321454075,5454686.653142427,-0.281764682
1435,1435,1673345.888305726,5454677.282836398,-0.536799978
1436,1436,1676297.334955867,5454647.144601658,1.079171436
1437,1437,1665367.069589312,5454742.795251854,-0.56638561
1438,1438,1665465.199272977,5454741.919506376,-0.12382369
1439,1439,1665578.307923806,5454753.522501144,-0.456751705
1440,1440,1675118.410230798,5454675.131715433,-0.963999942
1441,1441,1664698.267857636,5454756.384003714,-0.128131018
1442,1442,1665624.189038098,5454732.414098782,-0.82215996
1443,1443,1665808.563663313,5454728.871976397,-0.256387753
1444,1444,1664761.635727129,5454740.381986856,-0.152629946
1445,1445,1675135.549030926,5454629.258825419,-0.946399951
1446,1446,1676780.124508464,5454612.183683549,-0.19172502
1447,1447,1665656.920679217,5454711.213072173,-0.805582068
1448,1448,1665710.255308652,5454709.808203379,-0.43237503
1449,1449,1666053.713354509,5454714.75468903,-0.438999997
1450,1450,1675142.179838004,5454619.395532313,-0.971333285
1451,1451,1676795.667343114,5454602.04764835,-0.858666609
1452,1452,1666087.585788183,5454696.442968602,-0.551670622
1453,1453,1671352.502023453,5454637.109497459,-0.93900001
1454,1454,1676802.456399308,5454582.030105758,-0.872999946
1455,1455,1666114.243194171,5454678.755104386,-0.708677388
1456,1456,1673306.172188673,5454608.595791834,-0.94599998
1457,1457,1685086.756907255,5454480.669593678,-0.242716248
1458,1458,1675164.523238223,5454584.74596944,-0.673620647
1459,1459,1676809.795820978,5454562.00678635,-0.710076881
1460,1460,1676824.892625059,5454561.848567034,-9999.0
1461,1461,1685059.831564462,5454471.528944392,-0.318705845
1462,1462,1685102.587605295,5454470.802305006,-0.255056635
1463,1463,1686253.343175212,5454457.420327863,-0.044088245
1464,1464,1673293.540661692,5454588.055298156,-0.334439032
1465,1465,1685051.830936571,5454462.527620326,0.273093056
1466,1466,1685037.193668553,5454451.435777267,0.717776164
1467,1467,1685117.910858713,5454457.117180434,-0.580406592
1468,1468,1686260.660863991,5454442.985842417,0.270195326
1469,1469,1675173.66655493,5454561.1898798,-9999.0
1470,1470,1676844.777748088,5454538.369301025,-0.614279956
1471,1471,1685029.216513579,5454442.11280577,0.878709094
1472,1472,1676881.087246985,5454521.366518583,-0.878666619
1473,1473,1685016.717834726,5454432.44246074,0.33701945
1474,1474,1685128.569405859,5454436.887183887,-0.684711101
1475,1475,1669177.903795811,5454588.144899484,-0.408724985
1476,1476,1675187.584729596,5454539.47282459,-9999.0
1477,1477,1676907.401876216,5454511.117246247,-9999.0
1478,1478,1676922.393922517,5454500.986712179,-0.697333276
1479,1479,1684979.115025829,5454412.281592791,-0.312559295
1480,1480,1685147.662677163,5454416.696683251,-0.767130428
1481,1481,1675196.024793056,5454519.412800505,-9999.0
1482,1482,1676929.8375971,5454490.935377135,-0.297999951
1483,1483,1685176.404980422,5454399.740217978,-9999.0
1484,1484,1673304.909393434,5454529.011993642,-0.531163658
1485,1485,1675499.288612787,5454495.865374857,-0.905777729
1486,1486,1684953.170271949,5454393.056376674,-0.51952628
1487,1487,1685187.611617499,5454389.63647762,-9999.0
1488,1488,1686288.049244607,5454403.984624961,-0.228957932
1489,1489,1675207.59189874,5454495.111054228,-9999.0
1490,1490,1675483.195123188,5454488.849261584,-0.520721278
1491,1491,1675835.123591153,5454482.397271997,-0.576569595
1492,1492,1676959.821503908,5454470.674177381,-0.775538412
1493,1493,1676084.114193639,5454469.843650668,-0.46442484
1494,1494,1686335.624189044,5454363.408603113,-0.241524555
1495,1495,1675223.506183126,5454468.753590425,-9999.0
1496,1496,1676068.91410402,5454460.028242826,0.625962513
1497,1497,1677019.998405705,5454450.095638259,-0.736857085
1498,1498,1677042.643275011,5454449.857651133,-9999.0
1499,1499,1677091.707160057,5454449.341730181,-0.726263109
1500,1500,1686365.591576659,5454347.215419068,-0.583372528
1501,1501,1671426.121603528,5454501.548947535,-0.649818209
1502,1502,1676053.859075272,5454453.748114976,0.275478266
1503,1503,1684929.467509488,5454354.740448764,0.188722245
1504,1504,1685202.566633474,5454368.554034192,-0.331995794
1505,1505,1675245.953762268,5454449.305690748,-0.961999953
1506,1506,1686387.484751186,5454327.264641527,0.073877187
1507,1507,1669037.414429356,5454499.712829876,-0.347853311
1508,1508,1673293.776239364,5454456.393503246,-9999.0
1509,1509,1685223.492877819,5454337.380096422,-0.602807667
1510,1510,1669018.449945078,5454489.918474494,-0.288571405
1511,1511,1671443.998879889,5454470.026958937,-0.354749247
1512,1512,1686402.176180442,5454301.11405269,-0.08953288
1513,1513,1687073.161843732,5454304.557301818,0.231081547
1514,1514,1673292.708876664,5454428.644001452,-0.534647077
1515,1515,1673305.644559252,5454428.347447235,-9999.0
1516,1516,1685244.000881325,5454299.687866442,-0.061732122
1517,1517,1686409.649982227,5454285.904171298,-0.542030287
1518,1518,1666029.624188372,5454489.96819312,-0.603839052
1519,1519,1685254.575304489,5454289.404256732,0.436151545
1520,1520,1687052.921626793,5454265.230136471,-0.177059115
1521,1521,1666014.517510624,5454457.548720198,-0.103101697
1522,1522,1671463.540413124,5454411.634426063,-0.715908247
1523,1523,1673335.438302707,5454388.156995999,-0.375985493
1524,1524,1685316.032382509,5454259.146962034,-0.161129419
1525,1525,1666040.094070515,5454452.53556506,-9999.0
1526,1526,1677202.02030036,5454350.941735359,-0.874499947
1527,1527,1685329.814250585,5454249.95615236,0.029431791
1528,1528,1686993.666938523,5454218.818980851,-0.171533341
1529,1529,1687024.176761446,5454240.198328639,0.216047744
1530,1530,1677207.340029157,5454318.472716829,-0.902166615
1531,1531,1685367.295066598,5454229.342853313,-0.642533312
1532,1532,1673380.327986039,5454347.815320916,-0.144271414
1533,1533,1685387.010238753,5454218.795422906,-0.354912652
1534,1534,1677229.774338711,5454298.289904139,-0.684736795
1535,1535,1685404.680295538,5454207.966876666,0.198000008
1536,1536,1686989.029550144,5454195.910306528,0.336951923
1537,1537,1673405.22209231,5454320.971103688,-0.595549971
1538,1538,1685417.646452206,5454195.050470038,0.12093332
1539,1539,1666023.296665574,5454412.565447463,-0.085442468
1540,1540,1673417.669079714,5454307.548960547,-0.217322544
1541,1541,1686965.256813387,5454167.997704597,-0.135693314
1542,1542,1673440.213432819,5454297.349982021,-0.574464497
1543,1543,1674866.801456487,5454282.91606975,-0.46484413
1544,1544,1671470.067532596,5454306.853864328,-0.86638709
1545,1545,1673504.272121648,5454286.7347071,-0.337565202
1546,1546,1677236.954655143,5454263.307968861,-0.813522677
1547,1547,1674859.049656743,5454263.048957034,1.149475009
1548,1548,1685426.475852656,5454147.639799085,-0.605149269
1549,1549,1686378.653235876,5454137.328675603,-0.7552632
1550,1550,1686895.512351057,5454136.780322545,-0.235616344
1551,1551,1671471.550451702,5454287.461721106,-0.787219511
1552,1552,1673530.827749429,5454272.115215359,-0.402792151
1553,1553,1674843.851687542,5454253.231028539,0.855150004
1554,1554,1677253.648811703,5454235.705629331,-0.641499961
1555,1555,1686385.384387132,5454126.840734966,-0.802055568
1556,1556,1666032.788771021,5454345.582641693,-0.440793318
1557,1557,1674828.653759347,5454243.413068926,0.865657143
1558,1558,1677285.544093796,5454217.916205693,-0.678533293
1559,1559,1686392.426390361,5454116.385323308,-0.732627425
1560,1560,1666042.657937804,5454317.882355678,-0.603862028
1561,1561,1671484.774603681,5454266.818267734,-0.89771424
1562,1562,1674813.45587216,5454233.595078195,0.857028578
1563,1563,1673558.381854996,5454246.587840065,-0.641670551
1564,1564,1671492.128076568,5454246.800456666,-0.354114238
1565,1565,1673594.414154804,5454226.1009616,-0.507936149
1566,1566,1677309.639281618,5454194.962594092,-0.87678256
1567,1567,1671499.578794267,5454236.75473027,-0.771933283
1568,1568,1673616.844449969,5454220.782719861,-0.241698543
1569,1569,1677330.411535367,5454177.550009825,-0.803466622
1570,1570,1667257.70316472,5454267.297127674,-0.377655733
1571,1571,1671510.803483115,5454226.672170419,-0.578591369
1572,1572,1673692.171773534,5454205.062899689,-0.45081512
1573,1573,1685449.09939796,5454082.663650441,-0.54514528
1574,1574,1666057.847726052,5454286.825728104,-0.644092405
1575,1575,1673763.777323201,5454194.369463086,0.224649998
1576,1576,1673827.935160556,5454193.723435461,-0.591180418
1577,1577,1677386.811039005,5454157.008221353,-0.71099995
1578,1578,1686475.64292963,5454056.982376317,-9999.0
1579,1579,1667184.791370712,5454248.40275435,-0.695837497
1580,1580,1671537.02674944,5454206.470166164,-0.816647048
1581,1581,1677446.984222492,5454136.426114648,-0.829777728
1582,1582,1677469.628141003,5454136.186794702,-9999.0
1583,1583,1673946.911141393,5454175.105814065,-0.289706174
1584,1584,1673993.688701823,5454162.132449427,-0.802041627
1585,1585,1686491.088334763,5454026.162872498,-0.935571449
1586,1586,1671551.879277908,5454181.39256648,-0.567119701
1587,1587,1674008.683900329,5454152.007914788,-0.791343264
1588,1588,1677492.061172683,5454116.0031558,-0.761333287
1589,1589,1685462.486815295,5454046.322715212,-0.259152378
1590,1590,1674525.616476941,5454136.79630892,-0.605573159
1591,1591,1667274.786251941,5454219.15892207,-9999.0
1592,1592,1671566.731702672,5454156.314927747,-0.609607097
1593,1593,1674446.261893137,5454127.629706966,-0.367773034
1594,1594,1674627.41556779,5454126.136257577,-0.961999953
1595,1595,1677512.013262745,5454099.170099412,-0.78861536
1596,1596,1685489.148144637,5454007.284292297,-0.448655989
1597,1597,1686681.481915678,5453993.475051094,-0.730153863
1598,1598,1671574.182223859,5454146.269121612,-0.512147059
1599,1599,1674057.450567909,5454122.324744724,-0.842699957
1600,1600,1674560.745284267,5454120.810061437,-0.716407853
1601,1601,1677529.484448957,5454085.687640307,-9999.0
1602,1602,1686715.172859007,5453985.154922677,-0.16947368
1603,1603,1679718.274409931,5454052.232020602,-0.969749987
1604,1604,1686511.909810419,5453981.575129651,-0.476191301
1605,1605,1671589.083204136,5454126.177485369,-0.717787251
1606,1606,1679752.131525084,5454041.890381661,-0.707666655
1607,1607,1685513.63550601,5453984.695197695,-0.158241825
1608,1608,1686524.166336968,5453965.786398914,-0.592648154
1609,1609,1671596.533663232,5454116.131655259,-0.016898536
1610,1610,1677536.768605135,5454060.677485783,-0.742222173
1611,1611,1679650.126371402,5454033.026432781,0.215675009
1612,1612,1679785.988548774,5454031.548536188,-0.615341775
1613,1613,1679808.632245743,5454031.301984232,-0.798259249
1614,1614,1686643.26635584,5453953.68371714,-0.07744
1615,1615,1686662.123385651,5453953.477903153,0.781233771
1616,1616,1666065.195921798,5454186.603354487,-0.058027135
1617,1617,1671611.531962293,5454106.012066714,-0.603553851
1618,1618,1674072.234641132,5454086.662881023,-0.732443439
1619,1619,1679829.195583425,5454023.658048135,-0.774070155
1620,1620,1686546.024655145,5453951.465360195,-0.241709407
1621,1621,1686654.441675067,5453943.617385156,0.396642858
1622,1622,1674381.497287305,5454068.448511314,0.58477143
1623,1623,1677536.504838416,5454035.747177476,-0.427746242
1624,1624,1679853.722762603,5454010.890988708,-0.643107112
1625,1625,1686571.597931821,5453935.452149057,0.23272131
1626,1626,1686593.969176097,5453934.319277482,0.056275001
1627,1627,1686642.802256995,5453933.879906051,0.208319999
1628,1628,1667265.371576887,5454131.193052939,-0.765226407
1629,1629,1671654.916508376,5454090.904611775,0.092979057
1630,1630,1674366.300375683,5454058.629603574,0.665314289
1631,1631,1677555.268981879,5454025.575384142,-0.835230717
1632,1632,1686619.119153856,5453924.987285381,0.637364413
1633,1633,1666056.685716631,5454131.87403082,0.179793655
1634,1634,1679870.425142406,5453992.453658542,-0.463080386
1635,1635,1666048.589623873,5454108.127786415,0.335000003
1636,1636,1671748.19809578,5454063.322104834,0.631846186
1637,1637,1677585.44333303,5454003.497198435,-0.707133972
1638,1638,1679883.459025848,5453970.646812711,-9999.0
1639,1639,1685529.440432795,5453921.971927776,-0.464717388
1640,1640,1674188.522119325,5454020.538931619,-0.484684743
1641,1641,1677626.551131913,5453984.927707963,-0.997999966
1642,1642,1671789.659751006,5454033.129079146,-0.433669474
1643,1643,1666039.115925846,5454075.35113373,0.028062993
1644,1644,1671837.571641396,5454014.348449638,-0.446182791
1645,1645,1677656.478228358,5453959.677534357,-0.627055513
1646,1646,1677678.963055451,5453944.47935828,-0.678711076
1647,1647,1667249.328343494,5454057.364446551,-0.428828915
1648,1648,1677731.585951997,5453923.974875005,-0.658168282
1649,1649,1677754.123419886,5453913.76253438,-0.2821066
1650,1650,1679895.479408679,5453928.821807885,-0.877000029
1651,1651,1677780.434694462,5453903.510070481,-0.739786849
1652,1652,1665966.687693606,5454005.339614738,-0.310499996
1653,1653,1667243.235871448,5453995.566429734,-9999.0
1654,1654,1678292.387454307,5453894.733943066,-0.398399974
1655,1655,1685767.180556397,5453811.232947692,-0.030450791
1656,1656,1677818.739029018,5453888.823180791,-0.62525578
1657,1657,1678130.733817771,5453880.125089702,-0.787097993
1658,1658,1678484.947973656,5453884.600517988,-0.729691012
1659,1659,1685743.021314217,5453797.209758427,0.916500005
1660,1660,1671862.028099309,5453960.163029547,-0.505955428
1661,1661,1678002.719034508,5453871.784219478,-0.699386719
1662,1662,1678048.060776021,5453870.744851094,-0.453830983
1663,1663,1679883.241629562,5453850.381690416,-9999.0
1664,1664,1678555.617461903,5453862.828194267,-0.590952344
1665,1665,1671877.999772582,5453923.84479557,-0.491546229
1666,1666,1678595.055759335,5453844.952083468,-0.572072244
1667,1667,1671915.26312627,5453903.576668665,0.113664424
1668,1668,1678613.818003079,5453834.777545843,-0.418861849
1669,1669,1671941.583919017,5453893.347748611,0.909151504
1670,1670,1678632.580195316,5453824.602969986,-0.365219835
1671,1671,1671960.353215503,5453883.187908931,-0.2356699
1672,1672,1678658.889994838,5453814.347329962,-0.504217386
1673,1673,1671975.35054212,5453873.067559632,-0.544186643
1674,1674,1672035.731558746,5453872.47420188,0.065030053
1675,1675,1678700.295019691,5453803.929484038,-0.616088852
1676,1676,1672073.371598186,5453862.131084288,-0.180900001
1677,1677,1672145.073947887,5453861.425519262,0.227199998
1678,1678,1678753.021389777,5453793.389742354,-0.809428526
1679,1679,1667235.184217525,5453932.22591585,-0.947999984
1680,1680,1672116.193327293,5453855.363270503,-0.002296607
1681,1681,1678816.961802268,5453772.755724665,-0.782782565
1682,1682,1679783.523093618,5453741.824311331,-0.772076908
1683,1683,1665844.963568204,5453867.650724229,-0.977999955
1684,1684,1678861.818230119,5453732.3799743,-0.634983014
1685,1685,1679329.758930864,5453727.341636106,-0.569181799
1686,1686,1678876.806043345,5453722.245370988,-0.771214236
1687,1687,1678884.246258638,5453712.191990972,-0.644264135
1688,1688,1665822.500326726,5453829.219611472,-9999.0
1689,1689,1677178.446603338,5453725.370041839,-0.326385709
1690,1690,1678895.460226505,5453702.09796976,-0.540183465
1691,1691,1678910.447931519,5453691.963295639,-0.562622604
1692,1692,1678932.983121448,5453681.747293525,-0.665517813
1693,1693,1679234.884186914,5453678.489013929,-0.60029309
1694,1694,1667217.674095238,5453785.052020018,-9999.0
1695,1695,1678944.1969759,5453671.653200516,-0.593888854
1696,1696,1678962.958305125,5453661.477756153,-0.577591806
1697,1697,1679169.936373529,5453661.499473397,-0.926799941
1698,1698,1678981.719582882,5453651.302268693,-0.568217359
1699,1699,1667185.004750866,5453748.760723345,-0.8591538
1700,1700,1679025.349610266,5453639.935079103,-0.493841789
1701,1701,1679115.071175024,5453637.999650883,-0.356321922
1702,1702,1667177.198220187,5453739.105049752,-0.340333355
1703,1703,1676964.758583642,5453503.219973698,-0.313153847
1704,1704,1665765.072758253,5453613.289245602,-0.99999994
1705,1705,1676949.349776842,5453473.462127609,-0.314594206
1706,1706,1667146.466226711,5453587.002910336,-0.588716011
1707,1707,1667153.379593215,5453516.33403051,-0.79185712
1708,1708,1676948.721412763,5453413.629355941,-0.436239441
1709,1709,1667163.037589949,5453483.784732847,-0.940000057
1710,1710,1667175.936143485,5453461.246655092,-9999.0
1711,1711,1665421.426235979,5453445.477233892,-0.920099971
1712,1712,1667185.275144625,5453444.035093339,-9999.0
1713,1713,1676940.336444331,5453333.931585185,-0.423885852
1714,1714,1665440.89262964,5453384.735502162,-9999.0
1715,1715,1667196.138242266,5453369.441949036,-0.971499942
1716,1716,1676952.54208202,5453278.122599666,-0.427996523
1717,1717,1676969.267863566,5453213.948931882,-0.259119447
1718,1718,1667212.588644733,5453311.564199425,-0.884999946
1719,1719,1676968.901193547,5453179.04646263,-0.186137467
1720,1720,1685549.789377111,5453080.734426712,-0.04212497
1721,1721,1685572.111786913,5453087.183075611,-0.228088877
1722,1722,1665401.731389291,5453239.725353673,-0.825777776
1723,1723,1685431.075658374,5452960.812949981,-0.684619679
1724,1724,1685411.507391589,5452942.455784662,-0.543047621
1725,1725,1668439.386258859,5453109.107350904,-0.443055532
1726,1726,1685389.546030681,5452931.152876235,-0.857090863
1727,1727,1668452.184544359,5453086.288889235,-0.431282049
1728,1728,1685366.434985436,5452901.690569158,-0.429475379
1729,1729,1665118.73547491,5453105.570069095,-0.036340425
1730,1730,1685347.257165781,5452891.990814839,-0.71439213
1731,1731,1668461.740112929,5453064.445397177,-0.443489788
1732,1732,1668487.974293422,5453058.78844174,-0.824750001
1733,1733,1668510.521262777,5453048.604644374,-0.568761395
1734,1734,1665136.624313465,5453083.017818096,-0.012054977
1735,1735,1665196.281460153,5453076.787976046,-0.445699979
1736,1736,1668559.481693521,5453038.173665044,-9999.0
1737,1737,1665219.971136616,5453058.691675572,-0.728851825
1738,1738,1668541.50432471,5453034.97467588,-0.56607902
1739,1739,1669227.531419917,5453133.593481353,0.424190064
1740,1740,1676023.148856681,5452959.537412207,-0.43779257
1741,1741,1665302.895955773,5453047.980094725,-0.282570163
1742,1742,1665382.136208048,5453047.273338102,-0.325430359
1743,1743,1668559.295049504,5453018.229465492,-0.44188571
1744,1744,1676016.015646128,5452944.651569956,-0.202108667
1745,1745,1668596.841804638,5452997.932040172,-0.567688601
1746,1746,1665403.150616081,5453030.427576362,-0.822728533
1747,1747,1668619.388439844,5452987.747919509,-0.449318819
1748,1748,1669214.991758712,5452986.205167567,0.771789472
1749,1749,1665451.068640956,5453006.974904169,-0.670249968
1750,1750,1665502.437455796,5452996.33428399,-0.668836016
1751,1751,1668659.573633278,5452975.338103726,-0.670558308
1752,1752,1668683.350603943,5452957.29236685,-0.50699998
1753,1753,1669207.746135937,5452952.294387715,0.705571422
1754,1754,1676022.527953771,5452899.704631239,-0.537416655
1755,1755,1668694.481107154,5452947.152257851,-0.77549994
1756,1756,1665519.810261088,5452978.958037226,-9999.0
1757,1757,1668701.934217444,5452937.109387635,-0.765142805
1758,1758,1665528.105858512,5452949.072027426,-9999.0
1759,1759,1669169.475266367,5452902.883099266,0.198565214
1760,1760,1676021.90704422,5452839.871818103,-0.406219342
1761,1761,1669139.261680729,5452893.103074902,-0.42604903
1762,1762,1665535.444784471,5452920.706513384,-0.64199996
1763,1763,1668718.26961082,5452904.593669427,-0.753472197
1764,1764,1668810.891850155,5452886.221854618,-0.174749988
1765,1765,1668837.30483713,5452885.973702371,-0.252618526
1766,1766,1668731.875672389,5452877.610946027,-0.715599953
1767,1767,1668852.304247397,5452875.859766233,-0.803090887
1768,1768,1665548.751312794,5452897.645408296,-0.95266661
1769,1769,1668750.369427105,5452868.393102912,-0.326724132
1770,1770,1668874.850163982,5452865.674838123,-0.728194037
1771,1771,1668969.198522412,5452864.789977362,-0.508843812
1772,1772,1668897.402872626,5452856.218604878,-0.583863605
1773,1773,1676043.770517498,5452764.845827248,-0.606424686
1774,1774,1665572.035280638,5452854.461114469,-0.5252116
1775,1775,1676051.877771049,5452746.39892875,-0.327019262
1776,1776,1665603.96198304,5452836.615899839,-0.232371657
1777,1777,1676066.203064238,5452734.813345605,-0.516492515
1778,1778,1665614.64739405,5452827.332444518,-0.591648604
1779,1779,1665628.244868952,5452817.37931396,-9999.0
1780,1780,1676088.531858446,5452714.514979219,-0.361626845
1781,1781,1685401.937086545,5452611.5065056,-0.598934745
1782,1782,1665652.014125802,5452796.177375562,-0.965000033
1783,1783,1676103.417633854,5452694.41392093,-0.571937496
1784,1784,1676120.889879391,5452674.31766325,-0.66763411
1785,1785,1676159.601431665,5452653.937146672,-0.413746432
1786,1786,1685371.060650861,5452526.523763501,-0.597617606
1787,1787,1665668.201905507,5452716.458223803,-9999.0
1788,1788,1685362.438598548,5452505.634794828,-0.343473654
1789,1789,1676170.247054412,5452589.000594631,-0.531071197
1790,1790,1674070.53730379,5452573.514500284,0.368142859
1791,1791,1674035.920809769,5452552.35394605,-0.094000001
1792,1792,1676177.326736358,5452544.047465677,-0.416074242
1793,1793,1676213.216149123,5452494.11743951,-0.561381358
1794,1794,1676274.70193796,5452473.221592176,-0.31944925
1795,1795,1676297.236793768,5452463.013675327,-0.690199956
1796,1796,1676417.89413402,5452422.489479874,-0.750812447
1797,1797,1676432.55289505,5452411.742326708,-0.850666612
1798,1798,1665620.973226038,5452496.279802396,-9999.0
1799,1799,1676447.946804248,5452392.47544858,-0.817722188
1800,1800,1673869.481251571,5452404.370171792,-0.505199993
1801,1801,1676455.743352516,5452383.415288932,-0.824176411
1802,1802,1665632.357720729,5452475.512201172,-0.495218707
1803,1803,1673862.383795978,5452372.91803709,-0.571099953
1804,1804,1665656.311217125,5452447.85963888,-9999.0
1805,1805,1676493.213026799,5452332.039370869,-0.662799973
1806,1806,1681879.895497964,5452263.107475114,-0.55889476
1807,1807,1681927.713526718,5452260.512337196,-0.619203575
1808,1808,1681945.447805096,5452238.548982225,-0.563165817
1809,1809,1676506.55223353,5452271.33900224,-0.429914288
1810,1810,1681955.307957152,5452210.254920212,-0.455479436
1811,1811,1681961.954149525,5452177.4156169,-0.2517125
1812,1812,1686128.400548481,5452123.002270349,0.046578936
1813,1813,1665604.793143365,5452328.75286488,-0.834272684
1814,1814,1665620.961342131,5452307.250960732,-0.313924343
1815,1815,1681848.373786303,5452143.778807544,0.002528567
1816,1816,1665636.622474282,5452297.733776645,-0.355339264
1817,1817,1676535.79853207,5452181.274342853,-0.757230766
1818,1818,1665647.638995028,5452290.013674557,-0.688173906
1819,1819,1681976.376499146,5452117.413719677,-0.728537316
1820,1820,1681983.475951817,5452077.440531115,-0.50942104
1821,1821,1675018.451120388,5452137.133991861,-0.250228548
1822,1822,1673004.461825029,5452104.468139322,-0.580444444
1823,1823,1673742.142024613,5452112.623866651,-0.731818133
1824,1824,1681786.558224284,5452014.814951462,0.150885711
1825,1825,1681771.243839433,5451995.039122961,0.164000009
1826,1826,1673751.407031933,5452071.032025396,-9999.0
1827,1827,1681755.929536103,5451975.263263043,0.493249994
1828,1828,1665682.327903513,5452159.865377226,-0.629691156
1829,1829,1680509.522114132,5451969.91349019,0.002612911
1830,1830,1680567.595644756,5451970.648405332,0.162742848
1831,1831,1680613.164544418,5451968.433310984,-0.278037337
1832,1832,1681733.069524727,5451955.571587528,0.129275055
1833,1833,1673775.522280011,5452037.6925286,-0.528626849
1834,1834,1680321.788624353,5451951.238921007,-0.566499988
1835,1835,1681710.209636116,5451935.879841862,-0.118874979
1836,1836,1665696.923863322,5452104.915081768,-0.369171411
1837,1837,1680268.76014438,5451943.574724494,-0.300538446
1838,1838,1680389.730899174,5451948.071995688,-0.238273486
1839,1839,1673820.478465579,5452007.865644256,-0.467573141
1840,1840,1673846.931348066,5451959.550451963,-0.481138164
1841,1841,1682038.004163411,5451936.968046044,-0.418913356
1842,1842,1668330.540737637,5451993.840855503,0.02042424
1843,1843,1672954.927037592,5452032.668544847,-0.057317797
1844,1844,1673884.456940657,5451939.225292731,-0.673999965
1845,1845,1673892.329193987,5451930.176109788,-9999.0
1846,1846,1680622.519573396,5451899.267668383,-0.426577555
1847,1847,1673907.291435526,5451919.919792989,-9999.0
1848,1848,1682038.442188051,5451819.178196963,-0.585038187
1849,1849,1680629.993435323,5451833.671250755,-0.824690446
1850,1850,1682066.901566404,5451777.303376439,-0.556083313
1851,1851,1680639.692020644,5451792.31258247,-0.610370951
1852,1852,1673954.505505976,5451842.429187926,-9999.0
1853,1853,1673961.062004703,5451830.630055063,-9999.0
1854,1854,1680661.986486553,5451765.039614283,-0.728662456
1855,1855,1672863.132693169,5451858.324404021,-0.569347717
1856,1856,1686523.411370354,5451717.208810866,0.529064567
1857,1857,1672875.760134464,5451814.674678672,-9999.0
1858,1858,1680680.156899441,5451738.513217136,-0.765930219
1859,1859,1675867.573272929,5451774.022630824,-0.657559973
1860,1860,1673967.717799884,5451818.11486679,-9999.0
1861,1861,1686534.727403339,5451631.461331177,0.224333339
1862,1862,1675863.333867389,5451739.475837785,-0.953999966
1863,1863,1672889.741945057,5451781.912429172,-9999.0
1864,1864,1673973.090960948,5451748.840537873,-9999.0
1865,1865,1686534.7548509,5451600.933570718,0.280431367
1866,1866,1680712.008982732,5451686.177194352,-0.62249122
1867,1867,1674002.869725697,5451708.647031225,-0.637999963
1868,1868,1666921.318451036,5451756.839267502,-0.534260203
1869,1869,1680738.670215772,5451630.606654481,-0.503239696
1870,1870,1674062.930544739,5451678.120351458,-0.752666593
1871,1871,1666985.288994222,5451736.332158159,-0.814499949
1872,1872,1674070.375070754,5451668.071891778,-0.550307646
1873,1873,1681404.514723758,5451592.227642138,-0.262340441
1874,1874,1675820.904470924,5451650.156313416,-0.587323885
1875,1875,1679767.811065257,5451588.64038003,-0.275199967
1876,1876,1681380.703019901,5451573.201742471,-0.053571438
1877,1877,1679786.008759658,5451578.335872435,-0.676979763
1878,1878,1679883.772658405,5451577.04286482,1.163520007
1879,1879,1681365.815539539,5451562.549793225,0.30263638
1880,1880,1679808.260313121,5451567.92522967,-0.546615354
1881,1881,1681346.67841884,5451551.589094843,-0.095818897
1882,1882,1665404.278412991,5451701.347469493,-0.719111066
1883,1883,1678755.526255477,5451569.316675341,-0.561107005
1884,1884,1680748.821334476,5451574.526295019,-0.306016912
1885,1885,1682087.829541219,5451634.437444412,-0.403478658
1886,1886,1665434.166139373,5451690.495258905,-0.623236367
1887,1887,1681309.163086961,5451533.073262703,-0.132575746
1888,1888,1674090.908881424,5451605.347829624,-0.790666613
1889,1889,1678793.038388508,5451548.966522232,-0.677207541
1890,1890,1680764.794381981,5451531.849457842,-0.486264033
1891,1891,1681296.920456521,5451525.385707589,-0.053842107
1892,1892,1682135.775522004,5451512.48283216,-9999.0
1893,1893,1674100.416161608,5451588.928306223,-0.816624962
1894,1894,1665472.553317999,5451670.471726118,-0.813023212
1895,1895,1678582.065994903,5451533.944519614,-0.882090886
1896,1896,1680786.512186706,5451516.330636433,-0.630084932
1897,1897,1681265.132494087,5451510.589923551,-0.205468501
1898,1898,1686579.594493442,5451441.094477865,-0.358057128
1899,1899,1681245.878395384,5451493.902011242,0.089114284
1900,1900,1674115.620189544,5451569.328584049,-9999.0
1901,1901,1681226.614883514,5451479.634685568,-0.109461267
1902,1902,1665499.22527349,5451650.304523273,-9999.0
1903,1903,1675774.342260248,5451525.972998987,-0.620190462
1904,1904,1680824.806600008,5451474.182811996,-0.66890477
1905,1905,1681206.345048792,5451462.984755403,0.119033184
1906,1906,1680845.842119293,5451453.504061244,-0.16073333
1907,1907,1681168.398815963,5451443.466630704,0.164275365
1908,1908,1682148.68806859,5451443.380119492,-0.67239996
1909,1909,1686601.640801765,5451390.965788615,-0.169752288
1910,1910,1672918.487138508,5451659.324539968,-9999.0
1911,1911,1665538.01161207,5451600.526403268,-0.905714239
1912,1912,1675773.929492007,5451486.084386674,-0.849061492
1913,1913,1678812.429364807,5451482.250373567,-0.570774018
1914,1914,1679501.216533661,5451441.578745433,-0.810475014
1915,1915,1680881.094649731,5451433.679922185,-0.268859363
1916,1916,1681112.075185161,5451423.927781543,-0.330940285
1917,1917,1681093.149489608,5451414.148369232,0.286800012
1918,1918,1680916.546435019,5451412.180199596,-0.241701593
1919,1919,1680992.34339787,5451401.341406058,-0.0198654
1920,1920,1682149.257081424,5451382.429290014,0.171702711
1921,1921,1675788.607075824,5451446.039599372,-0.55429999
1922,1922,1686620.614013307,5451343.823588367,0.371571871
1923,1923,1666631.555604585,5451526.73674647,-0.567671865
1924,1924,1675795.997417151,5451431.003266782,-0.489216188
1925,1925,1678829.047350139,5451389.005806828,-0.643283578
1926,1926,1686637.877628526,5451304.301554158,0.164052174
1927,1927,1666587.082145969,5451508.777622759,-0.564464162
1928,1928,1678836.377779473,5451368.980237715,-0.500130401
1929,1929,1666548.284373977,5451488.199174023,-0.554149247
1930,1930,1666515.013766145,5451471.325855787,-0.415678596
1931,1931,1672909.459758244,5451424.674073873,-9999.0
1932,1932,1678843.708166942,5451348.954660077,-0.391287701
1933,1933,1682115.671760513,5451325.269134209,-0.083045422
1934,1934,1675810.571514863,5451380.98628254,-0.741653157
1935,1935,1666484.471268394,5451431.711480493,-0.294231849
1936,1936,1675817.703599992,5451341.019530173,-0.769764681
1937,1937,1682087.665676967,5451273.412208553,-0.256738416
1938,1938,1678869.331168178,5451311.149876675,-0.573322556
1939,1939,1678895.771866878,5451278.580574598,-0.542999998
1940,1940,1675839.71908004,5451280.952180526,-0.661827579
1941,1941,1665287.270306565,5451369.901007126,-9999.0
1942,1942,1678924.047360265,5451254.710151314,-0.524982768
1943,1943,1678947.995506869,5451218.245279653,-0.377230782
1944,1944,1675854.292547406,5451230.935080596,-0.63044285
1945,1945,1678961.294782764,5451201.476900992,-0.661492208
1946,1946,1666839.874080096,5451299.437944884,-0.928666651
1947,1947,1675861.630862718,5451210.912605173,-0.730476503
1948,1948,1666846.037043253,5451279.182239561,-0.183183344
1949,1949,1678974.492134561,5451168.73298084,-0.698944758
1950,1950,1678984.91398488,5451147.96620056,-0.72867307
1951,1951,1681557.732025897,5451119.759353061,0.270421066
1952,1952,1681550.076028972,5451109.871207952,0.187050002
1953,1953,1681542.420052429,5451099.983054988,0.105400005
1954,1954,1678998.26647597,5451131.264760486,-0.73499119
1955,1955,1666853.576304264,5451258.388121919,-0.547682505
1956,1956,1675875.997340488,5451140.951125481,-0.519155827
1957,1957,1679014.555559383,5451097.779703093,-0.782268254
1958,1958,1686546.546503833,5451013.022930157,-0.716750839
1959,1959,1664326.09774369,5451226.734561796,-0.73973971
1960,1960,1681532.057112884,5451068.79449939,-0.129519229
1961,1961,1664343.350210272,5451211.49001774,-0.446695634
1962,1962,1679029.640979478,5451068.099894727,-0.530049154
1963,1963,1664374.294393343,5451204.565460606,-9999.0
1964,1964,1666316.222404057,5451183.913808264,-0.108799976
1965,1965,1681519.008119031,5451030.429804994,0.126662491
1966,1966,1664422.531625547,5451190.916439108,-0.041105715
1967,1967,1675905.556491452,5451080.805351442,-0.603476912
1968,1968,1679042.192419439,5451054.835574637,-0.676278267
1969,1969,1664444.954822203,5451180.695868123,-0.258549988
1970,1970,1679051.741179861,5451037.676232416,-0.690352975
1971,1971,1681511.241242388,5451010.569433664,0.642688309
1972,1972,1672891.451400426,5451123.741463389,-9999.0
1973,1973,1681503.585418148,5451000.68124085,0.619072471
1974,1974,1679066.532868194,5451017.463999709,-0.70035711
1975,1975,1664457.843252165,5451161.153775997,-0.159167419
1976,1976,1681488.273830821,5450980.904831658,0.25353334
1977,1977,1664467.230982988,5451141.318929946,-0.112730768
1978,1978,1675934.492338639,5451046.796151636,-0.598151693
1979,1979,1664455.387902851,5451126.209508189,-0.375
1980,1980,1672921.565914779,5451058.52854397,-0.285999991
1981,1981,1675957.749366548,5451020.424657797,-0.631916642
1982,1982,1679080.208571109,5450995.421378209,-0.6843689
1983,1983,1681472.96232503,5450961.128391044,0.420774993
1984,1984,1681463.143610005,5450944.043885589,0.276365854
1985,1985,1672932.767380008,5451040.425064598,-0.537140807
1986,1986,1675978.651185133,5451001.514245397,-0.616121544
1987,1987,1679119.963801182,5450957.381670224,-0.616503481
1988,1988,1679148.74605694,5450946.730189288,-0.442685715
1989,1989,1681442.339558055,5450921.575415558,0.502257139
1990,1990,1679166.238994652,5450936.164075042,-0.11824752
1991,1991,1672934.076339868,5450991.662241836,-0.585444454
1992,1992,1676004.048965349,5450972.09756182,-0.537066416
1993,1993,1676022.815951544,5450947.183632122,-0.412244423
1994,1994,1681426.917385481,5450891.826701687,0.060648302
1995,1995,1679183.145149305,5450907.262604595,-0.671110515
1996,1996,1676045.242791658,5450927.004243851,-0.618020533
1997,1997,1679251.779476877,5450899.781011066,0.123254447
1998,1998,1676062.291187059,5450914.629054449,-0.619915457
1999,1999,1676099.897181096,5450889.360036661,-0.591880494
2000,2000,1678272.493568948,5450856.417551107,-0.356353848
2001,2001,1681403.728914088,5450842.217480961,0.004712343
2002,2002,1676171.218218066,5450868.60822724,-0.569617658
2003,2003,1672963.750418492,5450932.477171304,-0.325488388
2004,2004,1681388.196194114,5450802.496462132,1.730310808
2005,2005,1672534.149491088,5450886.01051487,-0.201208335
2006,2006,1672990.941128685,5450876.105021866,-0.326511264
2007,2007,1681380.429894579,5450782.635953711,-0.026343724
2008,2008,1672517.743894403,5450860.186993657,-0.56102436
2009,2009,1672522.820247866,5450845.819447358,-0.622999956
2010,2010,1673000.281146709,5450847.168790369,-0.183940428
2011,2011,1681342.153012225,5450733.194239954,0.091898335
2012,2012,1672526.195299511,5450808.80617028,-0.946249992
2013,2013,1666086.548331934,5450816.991909955,0.051942852
2014,2014,1667965.519016196,5450827.853919117,0.577611192
2015,2015,1672514.503453659,5450748.801928689,-0.243880787
2016,2016,1666009.093898715,5450778.809234428,-0.78641878
2017,2017,1672521.456285655,5450706.23349517,0.715128577
2018,2018,1665946.399236114,5450758.444474726,-0.704458976
2019,2019,1665888.995475349,5450719.254918419,-0.440705052
2020,2020,1672516.741973711,5450651.957195834,-9999.0
2021,2021,1664289.492652457,5450663.454466711,-0.480070147
2022,2022,1666601.674310067,5450657.296579744,-9999.0
2023,2023,1664330.898237996,5450653.117828871,0.078791375
2024,2024,1667601.31590991,5450623.647521131,0.739614276
2025,2025,1667743.228710694,5450656.092248353,0.286029407
2026,2026,1681272.098177718,5450581.904043123,-0.215045586
2027,2027,1666617.917773841,5450628.99293639,-0.683999998
2028,2028,1667589.907505399,5450613.779878007,0.708786667
2029,2029,1664350.329108835,5450637.003337743,-0.631738715
2030,2030,1664372.1283317,5450622.836719952,-0.854571377
2031,2031,1664382.186730927,5450606.326302268,-0.572217387
2032,2032,1664398.269785871,5450592.688117192,-0.624268261
2033,2033,1667547.832605383,5450595.047304111,0.58944583
2034,2034,1681314.636664019,5450430.87951104,-0.407155961
2035,2035,1664413.270338655,5450582.58324619,-0.557686055
2036,2036,1666668.763383249,5450589.893284476,-0.633381524
2037,2037,1667510.141500094,5450554.678041608,0.170600003
2038,2038,1664444.832979658,5450573.194066674,-0.810857106
2039,2039,1666729.469843635,5450552.534946873,0.113290087
2040,2040,1672492.593509254,5450563.859269877,-0.552713137
2041,2041,1666754.952036915,5450548.747134105,-0.84361248
2042,2042,1667108.840072605,5450541.83418201,-0.204825152
2043,2043,1664635.715310748,5450558.395100052,-0.749128993
2044,2044,1664778.896396146,5450549.438179246,-9999.0
2045,2045,1664835.477220225,5450548.937259186,0.595360053
2046,2046,1667126.838949243,5450532.388326923,-0.300666692
2047,2047,1664755.970075662,5450547.962687394,0.028091486
2048,2048,1664890.211400804,5450546.948719039,-0.382105646
2049,2049,1666786.488444339,5450523.692714212,-0.666896514
2050,2050,1667034.494898028,5450519.157281375,0.16757143
2051,2051,1667195.549405157,5450518.038047083,-9999.0
2052,2052,1664908.27884126,5450531.148412558,-0.83409996
2053,2053,1666795.012462402,5450514.754564196,-0.802181764
2054,2054,1681300.443257375,5450374.614358045,0.183507313
2055,2055,1667392.659694246,5450496.302986415,0.169207544
2056,2056,1667214.788129898,5450504.365487305,-0.934499953
2057,2057,1667315.154878955,5450483.989349511,-0.691583921
2058,2058,1666838.028889158,5450491.997452673,-0.57244532
2059,2059,1666897.457965293,5450463.017501812,-0.689278673
2060,2060,1666954.766084529,5450460.678156327,-0.366459244
2061,2061,1663589.57351967,5450465.841319029,-9999.0
2062,2062,1681257.029287069,5450286.927602226,-0.324428527
2063,2063,1684890.512146007,5450215.548603462,-0.292214273
2064,2064,1663503.168651606,5450388.94958548,-9999.0
2065,2065,1664112.438465942,5450386.720148421,-0.431444437
2066,2066,1681236.8337525,5450222.329888428,0.550218044
2067,2067,1684957.434678068,5450155.822416298,-0.903999925
2068,2068,1663482.147672191,5450358.297654456,-9999.0
2069,2069,1681185.179457451,5450186.398597635,0.094050009
2070,2070,1663457.863930464,5450310.754700502,-0.639349967
2071,2071,1681131.708538114,5450127.150938808,-0.133123298
2072,2072,1685130.470867376,5450062.836562937,-0.909333309
2073,2073,1663429.451361458,5450247.491067124,-0.479999989
2074,2074,1685167.607545607,5450022.686912064,-9999.0
2075,2075,1672092.275160166,5450162.859653211,0.262509276
2076,2076,1664816.368436386,5450192.428289764,-0.717545428
2077,2077,1681124.583755551,5450068.415739558,0.042102487
2078,2078,1685227.206811749,5449972.988137798,-0.766466626
2079,2079,1685253.966957103,5449961.35069741,-0.63664217
2080,2080,1664827.905541739,5450168.216826478,-0.829605219
2081,2081,1681105.588376185,5450000.538993127,0.208174362
2082,2082,1685299.246766573,5449952.071555709,-0.604849684
2083,2083,1664852.681711062,5450132.803797267,-9999.0
2084,2084,1673703.048591208,5450036.179026055,-0.329794708
2085,2085,1683905.920749688,5449926.324610789,-0.428575297
2086,2086,1672932.66572438,5450034.153506601,-0.026367815
2087,2087,1672971.221256529,5450035.066114608,-0.006459777
2088,2088,1673638.826851688,5450026.852335252,-0.199410714
2089,2089,1673748.210287886,5450025.750998843,-0.182113335
2090,2090,1673133.307646212,5450022.676662205,0.354959173
2091,2091,1673604.242074131,5450017.428202222,0.075175433
2092,2092,1673766.968995157,5450015.588782876,-0.570097206
2093,2093,1681079.273707639,5449943.372053434,-0.266988619
2094,2094,1673193.550024966,5450011.372471668,-0.705690876
2095,2095,1673453.806554771,5450008.76494079,0.257315402
2096,2096,1673566.936097671,5450008.9754954,0.342095742
2097,2097,1673888.349296951,5450012.29775646,-0.437761218
2098,2098,1673340.551533426,5449999.927743812,0.185139155
2099,2099,1672224.832315492,5450001.981372429,-0.221759551
2100,2100,1673989.221593102,5449989.438795766,-0.240534095
2101,2101,1684794.275919275,5449866.708761722,0.519391305
2102,2102,1672272.928020844,5449990.601770395,-0.203605499
2103,2103,1672816.06926849,5449985.218232539,-0.040030299
2104,2104,1684783.035692401,5449856.974508024,0.679876036
2105,2105,1686896.310632429,5449830.70599211,0.435533334
2106,2106,1672567.030587029,5449977.718509065,0.110237483
2107,2107,1672604.748687342,5449977.344435405,0.044142143
2108,2108,1685405.044542511,5449899.156301459,-0.350929794
2109,2109,1672088.007028695,5450025.308181255,0.222820359
2110,2110,1672619.736981899,5449967.222596539,-0.282986658
2111,2111,1674051.018452165,5449960.107832413,-0.078951455
2112,2112,1684018.27206281,5449845.39925927,-0.944999953
2113,2113,1684764.339842032,5449842.779703639,0.892251027
2114,2114,1672630.953436136,5449957.138149619,-0.136510628
2115,2115,1674068.202950774,5449943.064370275,-0.461084492
2116,2116,1684738.147004775,5449827.195118151,0.490711264
2117,2117,1672740.236522123,5449946.079695914,0.132582289
2118,2118,1674083.069839135,5449932.712012238,-0.715791638
2119,2119,1681060.886645301,5449863.639907387,0.414525001
2120,2120,1684726.718060435,5449818.798886049,0.583607838
2121,2121,1672455.492404455,5449939.258738076,-0.010291224
2122,2122,1672659.384351025,5449943.113909268,-0.411279443
2123,2123,1672702.419519139,5449936.482280679,-0.386524819
2124,2124,1674090.795015445,5449923.105794667,-0.350282037
2125,2125,1684699.716654504,5449808.126982633,-0.011831942
2126,2126,1672326.340328069,5449957.47511182,-0.137911859
2127,2127,1672396.805936175,5449929.538585286,-0.264348136
2128,2128,1684681.313633843,5449798.140210371,-0.246630766
2129,2129,1665764.038930614,5449979.623031709,-0.837777734
2130,2130,1672374.080071339,5449920.139214096,0.573027527
2131,2131,1674114.308581129,5449903.283465948,-0.548582187
2132,2132,1663223.973513346,5450056.52707098,0.152521549
2133,2133,1663208.554939243,5449985.131154117,-0.488986473
2134,2134,1674210.731392616,5449881.451239752,0.187970183
2135,2135,1663254.603580235,5449975.250720846,-0.668249989
2136,2136,1674228.951722855,5449865.983498557,-0.35448585
2137,2137,1681008.578401728,5449790.424619977,-0.62011861
2138,2138,1674259.812994884,5449851.164323785,0.020502104
2139,2139,1685435.384366889,5449753.261049363,-0.117794457
2140,2140,1674278.218448152,5449840.873830443,-0.702666645
2141,2141,1674289.432477329,5449830.78680683,-0.529262082
2142,2142,1685472.885867366,5449708.994625799,-0.579999978
2143,2143,1674300.646475466,5449820.699771301,-0.366119375
2144,2144,1684130.226760136,5449714.726160986,-9999.0
2145,2145,1685480.530381723,5449699.263219127,-0.460117631
2146,2146,1674319.825100807,5449810.663164926,-0.275992032
2147,2147,1682903.891364512,5449718.326617617,-0.3746172
2148,2148,1674372.005539288,5449790.055357904,-0.411127682
2149,2149,1683036.021005097,5449702.474984754,0.01833629
2150,2150,1685508.568822666,5449679.305418766,-0.415052508
2151,2151,1663279.048598228,5449898.985279938,-0.82012745
2152,2152,1682816.684260933,5449689.564134197,-0.269810796
2153,2153,1683050.650156076,5449686.742171169,0.088941196
2154,2154,1685557.335324529,5449658.978307568,-0.338818805
2155,2155,1674398.204869757,5449769.842665945,-0.4194
2156,2156,1685623.91685846,5449648.881678386,-0.521301171
2157,2157,1674405.646915608,5449759.793803765,-0.316099996
2158,2158,1680988.66804299,5449731.41794737,-0.188034579
2159,2159,1684304.872404734,5449653.060465816,-0.538561868
2160,2160,1685664.880910226,5449637.283996868,-0.647017497
2161,2161,1684275.260297119,5449643.721800542,-0.555383682
2162,2162,1685687.762341378,5449627.948758883,-0.551999961
2163,2163,1665657.694953349,5449819.763213169,-0.606333286
2164,2164,1674427.007878077,5449746.236566356,-0.342715561
2165,2165,1674458.303819175,5449745.061510211,-0.393128214
2166,2166,1685717.753945389,5449617.528579242,-0.542790092
2167,2167,1663279.344526791,5449851.922601976,-0.49528846
2168,2168,1685747.738910867,5449606.65724874,-0.5550294
2169,2169,1674510.148913366,5449723.565313033,-0.341899467
2170,2170,1685765.976032473,5449597.881664465,-0.611891888
2171,2171,1685792.339404888,5449585.587862292,-0.632833301
2172,2172,1683074.492882493,5449631.00330442,0.055384321
2173,2173,1685811.178493794,5449571.085520613,-0.580320285
2174,2174,1683110.096882176,5449581.952124942,0.082328911
2175,2175,1683124.725627674,5449566.219153385,-0.01766215
2176,2176,1685847.960944042,5449534.895635598,-0.625519956
2177,2177,1685855.642592955,5449525.222936689,-0.519567521
2178,2178,1683139.585739729,5449546.103339453,0.261714317
2179,2179,1685863.401508902,5449515.821681318,-0.394717375
2180,2180,1685877.749136474,5449504.577727972,-0.440333298
2181,2181,1681004.14828263,5449580.53669617,-0.211908641
2182,2182,1683154.790502332,5449531.576897834,-0.183429692
2183,2183,1685885.401381061,5449494.841915246,-0.319144901
2184,2184,1683173.190697985,5449515.800964091,0.119413336
2185,2185,1685893.080425677,5449485.183479894,-0.214218198
2186,2186,1687642.273884451,5449463.028427544,-0.190137929
2187,2187,1683191.935575737,5449505.614383787,0.358267282
2188,2188,1685904.888740177,5449474.803459774,-0.338461517
2189,2189,1681004.489962348,5449529.703800322,0.247843604
2190,2190,1683214.452040245,5449495.384879965,0.659800002
2191,2191,1685914.982896709,5449464.225950282,-0.436623184
2192,2192,1683508.247577134,5449473.199979363,-0.293999991
2193,2193,1683473.639183748,5449463.638343591,-0.278366059
2194,2194,1685932.623470968,5449447.64038123,-0.388024353
2195,2195,1683428.702888918,5449453.251357988,-0.120761577
2196,2196,1674441.606112454,5449552.592791327,-0.190564881
2197,2197,1683372.292793707,5449443.72076717,-0.482547945
2198,2198,1683409.922228023,5449443.478511889,0.425729729
2199,2199,1683310.445487621,5449447.44324198,0.085972172
2200,2200,1674433.836486914,5449519.632984531,-0.067533332
2201,2201,1680996.353450426,5449473.50907684,0.14152477
2202,2202,1663229.049382299,5449616.242527153,0.378783995
2203,2203,1680979.284312012,5449422.749609722,-0.22519179
2204,2204,1685953.575169104,5449391.061296027,-0.137377133
2205,2205,1674416.402580145,5449487.01399842,-0.100960005
2206,2206,1687690.472711676,5449399.136023558,0.129108003
2207,2207,1680958.363046856,5449399.999584203,0.010423079
2208,2208,1687648.196263757,5449313.762064393,-0.162407405
2209,2209,1685943.480406439,5449324.212994777,0.200185732
2210,2210,1663297.590481802,5449661.520127155,0.175130763
2211,2211,1674402.503896656,5449450.656348231,-0.12881905
2212,2212,1680934.339434065,5449371.430741844,-0.164784308
2213,2213,1680921.772807268,5449358.570707932,0.177750005
2214,2214,1687658.373758679,5449279.558918608,0.302172216
2215,2215,1680901.893674198,5449328.622205216,-0.069796662
2216,2216,1687662.189965598,5449232.32150663,0.616608691
2217,2217,1666188.527904709,5449453.621732444,-9999.0
2218,2218,1674394.461247022,5449400.936164635,0.18109357
2219,2219,1674401.591374267,5449360.906725436,-0.032628586
2220,2220,1674414.465802182,5449348.049579754,-0.521421368
2221,2221,1663914.008408166,5449436.013425894,-0.766174957
2222,2222,1674431.606915774,5449330.965164998,-0.565949978
2223,2223,1687769.040007899,5449191.88504822,0.427929076
2224,2224,1680828.242765399,5449241.46005297,-0.067957422
2225,2225,1685947.859761545,5449236.362277143,-0.097985144
2226,2226,1674464.256915763,5449308.003877377,-0.471435621
2227,2227,1686002.067474468,5449173.920475391,-0.610342811
2228,2228,1674483.999902819,5449290.475672923,-0.015159994
2229,2229,1686039.665162313,5449163.504870161,-0.645999971
2230,2230,1687796.910632827,5449132.862132781,-0.076471693
2231,2231,1663928.741675785,5449392.518609534,-0.687900966
2232,2232,1674506.279671567,5449270.082622555,-0.157837829
2233,2233,1686079.951548671,5449148.633292959,-0.034324093
2234,2234,1678156.94795415,5449222.026988782,-0.325924977
2235,2235,1687845.454333604,5449131.926767875,0.610932589
2236,2236,1663933.35869527,5449340.347386933,-0.957199991
2237,2237,1674526.595092547,5449247.176283997,-0.327822571
2238,2238,1686132.542352184,5449125.715737919,-0.540197569
2239,2239,1680764.913449887,5449171.618668617,-0.4992044
2240,2240,1686163.532186943,5449102.277258647,-0.672416617
2241,2241,1680744.556829988,5449152.973687365,-0.338807687
2242,2242,1686178.60949404,5449092.204402013,-0.623222184
2243,2243,1665082.005887619,5449303.401276618,-0.560844197
2244,2244,1665165.644125993,5449300.025201678,-0.342890042
2245,2245,1674545.034299382,5449221.841402883,-0.260087812
2246,2246,1680730.984667312,5449140.388637634,-0.247000019
2247,2247,1686197.686046003,5449082.083700437,-0.565116858
2248,2248,1683511.551293889,5449103.293993963,-0.082780821
2249,2249,1686227.181998473,5449071.534939943,-0.646548972
2250,2250,1686260.07538201,5449061.509600283,-0.560689029
2251,2251,1664856.231856594,5449271.235216212,-0.183918001
2252,2252,1665322.05376559,5449265.869767253,-0.745214275
2253,2253,1674562.881231675,5449179.988204001,-0.204808944
2254,2254,1686382.060439363,5449056.013746301,-0.517183213
2255,2255,1687905.954757798,5449066.188262799,1.097153112
2256,2256,1663917.515413967,5449260.302890796,-0.603999987
2257,2257,1665345.102735271,5449248.463458004,-0.595742531
2258,2258,1687893.353415033,5449012.366619951,-0.132109363
2259,2259,1674583.769978753,5449157.938607533,-0.487823502
2260,2260,1686480.453400392,5449025.0722601,-0.461804321
2261,2261,1664789.820915478,5449232.993795488,0.183025306
2262,2262,1665378.409577286,5449232.529987689,-0.872026288
2263,2263,1663933.244571915,5449241.697625014,-0.53706754
2264,2264,1686532.044563153,5449006.881083972,-0.552255967
2265,2265,1664740.670443962,5449213.405890643,-0.438620425
2266,2266,1686566.055314219,5448989.702898796,-0.532838664
2267,2267,1686580.7537169,5448987.570655659,-0.673142814
2268,2268,1665414.30343835,5449209.364222049,-0.723608073
2269,2269,1665440.739745763,5449185.172127219,-0.651771407
2270,2270,1665453.101924767,5449167.175987965,-0.844130385
2271,2271,1665483.00496287,5449136.989597372,-0.959000036
2272,2272,1680528.218963965,5448971.061168241,0.004224546
2273,2273,1664585.076201454,5449105.078772221,0.066075007
2274,2274,1674479.838661158,5449017.048958064,-0.522802653
2275,2275,1674493.783803488,5448988.206730696,-0.608745739
2276,2276,1674510.776063192,5448970.840291163,-0.595770495
2277,2277,1674518.217107735,5448960.791289176,-0.260860738
2278,2278,1683538.98373484,5448863.646008815,-0.204351358
2279,2279,1674533.099134654,5448940.693261213,-0.472184196
2280,2280,1680525.257771484,5448912.651985794,0.137850247
2281,2281,1683523.240692406,5448849.543846635,-0.420618856
2282,2282,1665475.979830283,5449019.052559884,-9999.0
2283,2283,1683503.179433218,5448831.090380354,-0.313015535
2284,2284,1663956.287301388,5449008.249307236,-0.487710671
2285,2285,1666150.795777498,5449027.403317669,0.266726192
2286,2286,1674555.37121137,5448905.560068842,-0.520348591
2287,2287,1666105.77770191,5448975.674582527,-0.566090887
2288,2288,1686610.862217491,5448831.161030279,-0.103617516
2289,2289,1665494.1233821,5448979.84777617,-0.54366663
2290,2290,1680508.899741524,5448839.354571698,0.012258447
2291,2291,1686600.825118008,5448747.622290635,-0.019228014
2292,2292,1663970.006372842,5448981.764526626,-0.537024973
2293,2293,1686607.973787222,5448737.907479429,-9999.0
2294,2294,1665499.384651995,5448950.63257263,-0.789333284
2295,2295,1663982.035285366,5448952.038841337,-0.863999933
2296,2296,1665491.650444779,5448893.054500597,-0.490722219
2297,2297,1665496.995748149,5448879.574330278,-0.2502683
2298,2298,1682286.636083897,5448697.188184944,-0.168882299
2299,2299,1686590.135497047,5448692.3268561,0.019049891
2300,2300,1676731.192304265,5448749.205240671,-0.739046452
2301,2301,1680399.606086016,5448708.805779872,-0.368268647
2302,2302,1687659.757557279,5448635.099824074,0.077005759
2303,2303,1676741.674874544,5448739.254575799,-9999.0
2304,2304,1676749.183633877,5448728.85594418,-9999.0
2305,2305,1682148.876470487,5448659.67877408,0.721101286
2306,2306,1676757.835910963,5448711.377550258,-0.812142802
2307,2307,1682140.8239801,5448651.343208435,1.083763635
2308,2308,1676775.788502592,5448698.641303523,-0.654802033
2309,2309,1682125.526322048,5448640.547110371,-0.013545454
2310,2310,1687571.425930793,5448577.162887577,-0.091046122
2311,2311,1676793.622195618,5448687.992278505,-0.508004848
2312,2312,1682118.162659694,5448632.120791843,1.951474999
2313,2313,1686611.80298286,5448605.417334091,-0.238442743
2314,2314,1676815.988491836,5448677.722480073,-0.376557601
2315,2315,1676861.085601889,5448667.292461073,-0.323551823
2316,2316,1680377.312727613,5448642.112607696,-0.205720012
2317,2317,1682087.045505289,5448612.255475856,0.46780487
2318,2318,1676925.663030903,5448663.338884922,-0.590026315
2319,2319,1682201.531391708,5448603.066476214,2.335713118
2320,2320,1676167.035994809,5448654.587663966,-0.535707283
2321,2321,1677013.157897239,5448651.165983332,-0.501265765
2322,2322,1680383.678364832,5448621.53721013,-0.26799999
2323,2323,1686644.735577638,5448554.231621162,-0.479299178
2324,2324,1686675.158029163,5448531.807120453,-0.449666637
2325,2325,1677068.287451349,5448633.767658181,-0.205925074
2326,2326,1677109.75280287,5448614.899797047,-0.606237839
2327,2327,1680383.496789618,5448582.330463472,-0.733922033
2328,2328,1672280.720143317,5448651.360131143,0.009642281
2329,2329,1674318.867972048,5448643.675950411,-0.40914284
2330,2330,1677132.343032691,5448604.718706221,-0.465908202
2331,2331,1686701.699442245,5448506.309680225,0.452567659
2332,2332,1677188.492575243,5448594.015290148,-0.248576036
2333,2333,1677256.267583319,5448583.326596985,-0.418843107
2334,2334,1677275.017868479,5448573.155252374,-0.382000004
2335,2335,1677293.76810227,5448562.983852996,-0.282442636
2336,2336,1683231.715359509,5448511.099656548,0.216744467
2337,2337,1683277.354370991,5448530.456612376,0.333445153
2338,2338,1677304.976067523,5448552.89211258,-0.194228587
2339,2339,1683254.860412506,5448489.348196766,1.096622219
2340,2340,1683244.031494176,5448477.500636081,0.476085371
2341,2341,1674325.70104582,5448573.793989908,0.074340805
2342,2342,1677317.844046784,5448540.029755286,-0.527239097
2343,2343,1681950.055429801,5448484.189938925,0.34809529
2344,2344,1682057.521687621,5448480.782232903,2.302720019
2345,2345,1686755.24327636,5448450.188438124,-0.376260748
2346,2346,1686792.751629747,5448416.560909274,-0.733999953
2347,2347,1674317.8549368,5448543.954027549,-0.128174992
2348,2348,1677334.723266865,5448512.684436088,-0.511594205
2349,2349,1681927.199399754,5448464.520695426,0.60974471
2350,2350,1686785.091106105,5448406.678136296,-0.131574986
2351,2351,1677342.160014872,5448502.63249697,-0.292574995
2352,2352,1677357.138897727,5448492.500793146,-0.249514274
2353,2353,1686799.998042331,5448391.540796972,-0.464621828
2354,2354,1677375.888811849,5448482.329186358,-0.189281906
2355,2355,1677390.867607042,5448472.197418747,-0.166310797
2356,2356,1686822.38791908,5448371.327786654,-0.433857155
2357,2357,1665964.436793014,5448576.76802484,0.075359997
2358,2358,1683217.061482274,5448398.268441556,-0.320987487
2359,2359,1686844.836865483,5448356.10082244,-0.462691695
2360,2360,1665915.972006387,5448566.671729975,-0.770789444
2361,2361,1672145.122173826,5448505.864542796,-0.666415085
2362,2362,1677414.00081387,5448458.977352738,-0.48796945
2363,2363,1677432.03269313,5448441.841849705,-0.508648643
2364,2364,1677443.240281558,5448431.749884551,-0.517916655
2365,2365,1686859.625166585,5448330.991109474,-0.253984855
2366,2366,1674287.043423809,5448473.921171905,-0.126445029
2367,2367,1677454.447838929,5448421.657907476,-0.763447358
2368,2368,1687398.039419423,5448310.084390737,0.061764701
2369,2369,1677461.931321981,5448411.668250464,-0.78668288
2370,2370,1686882.014691807,5448310.777909356,-0.538312494
2371,2371,1687371.671653559,5448292.043905395,0.132466667
2372,2372,1674294.114418919,5448434.489735256,-0.431588736
2373,2373,1677471.509886703,5448392.939795083,-0.430076921
2374,2374,1687348.964014489,5448281.856980951,-0.064931821
2375,2375,1677481.191761279,5448381.72323628,-0.464913787
2376,2376,1677491.630079751,5448371.397498559,-0.561671642
2377,2377,1686949.210536159,5448265.302578482,-0.432576914
2378,2378,1687311.026482004,5448262.256553785,-0.497352912
2379,2379,1674307.370940358,5448407.824659666,-0.759046495
2380,2380,1677502.837476915,5448361.305438373,-0.376965031
2381,2381,1677525.357861205,5448351.093479664,-0.381610723
2382,2382,1677579.906985963,5448341.809775136,-0.247830305
2383,2383,1677654.122359431,5448330.029021832,-0.740650665
2384,2384,1686986.487029047,5448229.113547714,-0.433342109
2385,2385,1663447.969287399,5448456.087518306,-0.272140001
2386,2386,1677687.246367163,5448324.442705258,-0.298104469
2387,2387,1663417.346663782,5448520.154166731,0.232823777
2388,2388,1677717.255396664,5448309.163941749,-0.612314264
2389,2389,1687001.293383398,5448204.841332721,-0.158903837
2390,2390,1677747.327639223,5448294.674989678,-0.421081367
2391,2391,1663441.019465569,5448424.023722986,-0.039092307
2392,2392,1677792.986528829,5448270.175722145,-0.512685245
2393,2393,1674323.280735794,5448290.305050245,-0.924666623
2394,2394,1663431.668349162,5448380.984108676,0.000457866
2395,2395,1663480.597345717,5448377.754786069,-0.31775862
2396,2396,1663502.062140799,5448366.59084186,-0.256197812
2397,2397,1665522.412316301,5448412.759171252,0.132274445
2398,2398,1674330.152761023,5448269.565434457,-0.743466654
2399,2399,1677859.703726489,5448227.862435468,-0.411123269
2400,2400,1679867.57564563,5448203.860934293,-9999.0
2401,2401,1665751.696697437,5448378.168436503,0.325276795
2402,2402,1663475.327671028,5448349.370291729,-0.010139075
2403,2403,1677889.658917964,5448207.596848708,-0.25835712
2404,2404,1677912.17831107,5448197.383682769,-0.758407403
2405,2405,1677924.69095329,5448190.614493099,-0.545235792
2406,2406,1679850.91655417,5448172.130685655,-0.450673747
2407,2407,1663581.910186746,5448318.525951885,-0.195746706
2408,2408,1687045.634258656,5448142.205903744,0.328703993
2409,2409,1663446.889058267,5448314.775498395,0.573689653
2410,2410,1663461.785566246,5448309.84290214,0.591033333
2411,2411,1665571.960449825,5448297.803690651,-0.436179296
2412,2412,1674343.279746552,5448221.783256187,-0.508533875
2413,2413,1677942.341799118,5448167.689919682,-0.746699977
2414,2414,1679830.162358586,5448143.336361913,-0.753666659
2415,2415,1663610.49166929,5448303.058400832,-0.210269038
2416,2416,1665581.023934456,5448278.576771388,-0.767855264
2417,2417,1677957.124683841,5448157.199265189,-0.607070412
2418,2418,1665596.212416554,5448258.995583002,-0.769307675
2419,2419,1677991.943150104,5448143.634590309,-0.214361423
2420,2420,1678066.696106945,5448180.551271456,-0.395127664
2421,2421,1663416.119882494,5448356.383411462,0.13750909
2422,2422,1665608.143476905,5448252.06707187,-0.705266666
2423,2423,1663519.73602311,5448289.276737344,0.415363057
2424,2424,1679817.733335107,5448102.916008179,0.069875583
2425,2425,1679851.020572673,5448070.4153832,-0.067473573
2426,2426,1663614.116695288,5448237.95768756,-0.388725165
2427,2427,1663671.60371412,5448209.762895569,-0.68416214
2428,2428,1679898.042485623,5448058.159075453,-0.47409883
2429,2429,1679946.04645965,5448036.329252133,-0.349835499
2430,2430,1663860.153447652,5448261.764712655,-0.132618411
2431,2431,1679966.187064626,5448026.177917693,-0.00766667
2432,2432,1680000.376497534,5448017.737262324,-0.309593742
2433,2433,1680026.8771349,5448007.417113588,-0.601909073
2434,2434,1674178.168422573,5448059.510845079,-0.916423053
2435,2435,1670909.212621594,5448158.341757867,0.035001699
2436,2436,1670952.88942623,5448068.734576646,-0.503466654
2437,2437,1674192.021913843,5448036.596957823,-0.501211548
2438,2438,1663865.615474864,5448143.306539481,-0.28480987
2439,2439,1674207.004025747,5448026.471751113,-0.443616413
2440,2440,1670969.441476014,5448045.874756212,-0.625734807
2441,2441,1674248.28054125,5448006.10641799,-0.518114926
2442,2442,1674270.804114156,5447995.904520006,-0.304647022
2443,2443,1670991.872723669,5448025.710830211,-0.756505753
2444,2444,1671008.870793978,5448008.352577249,-0.886909127
2445,2445,1671016.025077729,5447968.390611387,-0.76950002
2446,2446,1680118.558021633,5447864.374343187,-0.68038091
2447,2447,1671035.67878609,5447924.53773553,-0.597967368
2448,2448,1663941.321592172,5447964.052271221,-0.201749998
2449,2449,1674318.507276529,5447865.767983964,-0.588272693
2450,2450,1663949.076670141,5447953.602503987,-0.180905648
2451,2451,1671282.874937576,5447876.03682013,-0.527333315
2452,2452,1671309.075217693,5447855.834957847,-0.729000006
2453,2453,1671074.318185474,5447868.42324631,-0.239755538
2454,2454,1671320.94478998,5447846.17360229,-0.875499954
2455,2455,1671335.897562275,5447836.033337118,-0.69403996
2456,2456,1671354.678482985,5447825.718579197,-0.65662961
2457,2457,1671417.938874911,5447804.907060835,-0.689523758
2458,2458,1674302.56323049,5447781.157502329,-0.737457581
2459,2459,1680041.396406777,5447705.644383285,0.159000015
2460,2460,1671470.533533328,5447784.44701695,-0.661218735
2461,2461,1671481.748086969,5447774.364279481,-0.428492521
2462,2462,1671502.165961693,5447761.438550034,-0.243469931
2463,2463,1671530.278709632,5447744.027161534,-0.620969676
2464,2464,1671624.545142226,5447723.101520007,-0.119586216
2465,2465,1663911.107753462,5447893.445180544,0.379556782
2466,2466,1671650.841937544,5447712.870791427,-0.500317439
2467,2467,1671697.555998723,5447689.713688615,-0.719611894
2468,2468,1671710.781009134,5447672.390725845,-0.594769187
2469,2469,1679898.793592498,5447574.185013633,-0.59430002
2470,2470,1671745.127401411,5447652.372789993,-0.618792179
2471,2471,1683167.584018477,5447535.449830149,-9999.0
2472,2472,1671779.560807247,5447633.236686306,-0.776878004
2473,2473,1671817.63468659,5447611.8692611,-0.642528703
2474,2474,1671849.510048532,5447591.243899236,-0.77681817
2475,2475,1674209.688790759,5447547.729477308,-0.693552591
2476,2476,1671864.298376792,5447561.179129506,-0.441409076
2477,2477,1679907.568325641,5447505.706523116,-0.113040016
2478,2478,1679998.88693445,5447454.42867582,-0.406394884
2479,2479,1680034.616377926,5447431.37422311,-0.287425917
2480,2480,1671871.300487282,5447506.257945529,-0.291175244
2481,2481,1680068.286568726,5447406.147214818,-0.328105214
2482,2482,1680083.362241771,5447382.29345661,-0.383645542
2483,2483,1680115.106962451,5447362.028222232,-0.488061689
2484,2484,1671872.743042148,5447449.510767531,-0.134365867
2485,2485,1680131.730086601,5447345.611723132,-0.353734915
2486,2486,1680146.593530772,5447325.501972875,-0.003863591
2487,2487,1680165.11096487,5447301.441022017,-0.495756988
2488,2488,1671889.317708326,5447375.747030087,-0.341385964
2489,2489,1671884.765215231,5447341.568406705,-0.244405047
2490,2490,1680194.844471346,5447255.158960445,-0.332022025
2491,2491,1680192.231326249,5447202.046070746,-0.209115924
2492,2492,1671874.64488221,5447270.062602727,-0.443097903
2493,2493,1671853.033870576,5447182.309624285,0.379725011
2494,2494,1680211.913147166,5447118.79604857,-0.298589726
2495,2495,1680243.399428749,5447059.466215114,-0.305365661
2496,2496,1680263.967074285,5447025.012374672,-0.110803113
2497,2497,1680275.167196667,5447014.915053005,-0.396122407
2498,2498,1677423.949980336,5447033.154451408,0.386282104
2499,2499,1677405.467415099,5447000.976065746,0.374406663
2500,2500,1677393.998163534,5446986.137448915,0.141050001
2501,2501,1671761.272888478,5447053.559593162,-0.721624982
2502,2502,1680308.370788243,5446969.058263047,-0.290586042
2503,2503,1677348.438082912,5446956.699495763,0.222514282
2504,2504,1677144.632234292,5446938.905882662,-0.73129409
2505,2505,1677178.564711538,5446938.547799111,-0.831565206
2506,2506,1680358.56784661,5446916.284131718,0.020168654
2507,2507,1677117.34516371,5446930.541741998,-0.787791175
2508,2508,1677242.448701886,5446917.926538727,-9999.0
2509,2509,1677287.691883544,5446917.448455802,-0.128943666
2510,2510,1677033.865382911,5446912.067238138,-0.487488078
2511,2511,1680376.756281467,5446886.63017609,-0.128039616
2512,2512,1671760.000613874,5446923.920905864,-0.624213661
2513,2513,1680372.58217735,5446800.937165195,-0.591222233
2514,2514,1676768.507161195,5446841.375847993,-0.254626699
2515,2515,1676815.465902136,5446832.664694896,-0.80293329
2516,2516,1676708.077558022,5446821.065725284,0.062263167
2517,2517,1680358.834148315,5446770.101454542,-0.619999945
2518,2518,1671779.5567516,5446865.402106735,-0.628568146
2519,2519,1676698.275324626,5446803.974956355,1.106106666
2520,2520,1671766.378776465,5446804.131241431,-0.076781398
2521,2521,1680226.081086525,5446626.322019686,0.182793689
2522,2522,1681775.182498082,5446609.327154668,0.508560004
2523,2523,1671728.236337501,5446704.822877746,-0.799266664
2524,2524,1680233.086612916,5446616.439086845,-0.423764661
2525,2525,1681748.50250389,5446603.428710052,0.304380958
2526,2526,1681824.082706398,5446598.806549671,-0.096155811
2527,2527,1681841.590989234,5446586.576640824,-0.15610406
2528,2528,1681863.289453713,5446565.030919012,0.005684405
2529,2529,1671689.496457289,5446655.336989913,-0.547178584
2530,2530,1681881.734172969,5446545.540478031,-0.429819326
2531,2531,1681901.979836092,5446516.312627734,-0.491803113
2532,2532,1671688.665315417,5446570.573201319,-0.78799995
2533,2533,1676423.7978217,5446517.622758251,-0.264874986
2534,2534,1681922.191742987,5446475.278049757,-0.427771594
2535,2535,1676416.153484081,5446507.72934065,-0.185600011
2536,2536,1681935.454450554,5446442.969887581,-0.36474781
2537,2537,1676265.143529088,5446489.359537571,-0.812639966
2538,2538,1676276.410885546,5446479.311020842,-0.861764655
2539,2539,1676387.843198913,5446482.745289901,-0.014337021
2540,2540,1676321.320176625,5446461.135390826,-0.26557954
2541,2541,1681946.317492801,5446402.954113975,-0.27237776
2542,2542,1676112.727017171,5446431.518244382,-0.510459603
2543,2543,1671695.080785966,5446455.818817673,-0.732723372
2544,2544,1676060.731535488,5446411.702542816,0.070120006
2545,2545,1680039.190568783,5446368.983204221,0.278222251
2546,2546,1681957.124531432,5446357.952144193,-0.050425521
2547,2547,1675927.277075745,5446384.090465017,-0.185880242
2548,2548,1676002.327991266,5446390.81708289,-0.440382526
2549,2549,1681972.938417534,5446325.153143491,-0.186495886
2550,2550,1681992.288498893,5446297.841077324,-0.389773982
2551,2551,1682009.909676479,5446272.449966412,-0.327823002
2552,2552,1682029.204441004,5446260.992925675,-0.158164146
2553,2553,1680024.384451155,5446311.464435698,0.113132111
2554,2554,1682042.60789043,5446247.287340977,-0.156952369
2555,2555,1682053.80166726,5446237.185482427,-0.332588224
2556,2556,1671656.110227328,5446326.549648695,-0.610026975
2557,2557,1675775.55616214,5446298.657753144,0.253239342
2558,2558,1679981.568489449,5446238.69554208,0.167348148
2559,2559,1675745.423172068,5446278.162650317,-0.533504171
2560,2560,1679991.203775935,5446220.151739266,-0.31889332
2561,2561,1682091.307009726,5446197.259029815,-0.458191448
2562,2562,1675699.290228184,5446260.715258568,-0.565477032
2563,2563,1682099.142048267,5446188.256082772,-0.570999958
2564,2564,1671649.474294435,5446300.160253975,-0.307424348
2565,2565,1675663.127424494,5446246.282273778,-0.360362993
2566,2566,1675640.402844681,5446236.545450758,0.298369864
2567,2567,1675606.269400241,5446216.950644863,0.242346658
2568,2568,1682165.162088183,5446162.481860805,-0.661824921
2569,2569,1675578.405660207,5446198.02710002,-0.088982618
2570,2570,1682282.670412458,5446124.999951957,0.175226046
2571,2571,1671649.774410933,5446226.649374185,-0.227039963
2572,2572,1679981.599668083,5446146.448227693,-0.129588229
2573,2573,1675552.817773579,5446178.054448077,-0.266726021
2574,2574,1682308.754727757,5446109.650278474,0.05054547
2575,2575,1679986.397268426,5446125.456588112,-0.317739134
2576,2576,1682323.665819674,5446094.52207861,-0.174871744
2577,2577,1675522.713633136,5446157.974547013,-0.445191765
2578,2578,1682340.97896405,5446067.756976004,0.300865653
2579,2579,1679987.539173623,5446070.61663201,-0.642108058
2580,2580,1682355.10558935,5446015.830725101,-0.128393351
2581,2581,1679998.933444446,5446033.944986091,-0.52848851
2582,2582,1682375.320342066,5445994.204846472,0.268336411
2583,2583,1682397.826893484,5445983.97765728,-0.301894716
2584,2584,1682416.563566812,5445973.792891865,0.194721106
2585,2585,1675386.057172184,5446020.404268983,-0.700211495
2586,2586,1683204.901402618,5445927.452155121,-0.113598535
2587,2587,1680022.543083043,5445961.558067062,-0.402049976
2588,2588,1682447.980402165,5445948.721004691,0.218506766
2589,2589,1680037.155548676,5445940.392172086,-0.261015111
2590,2590,1682464.896166434,5445913.406570412,0.002650001
2591,2591,1682481.225991491,5445892.794248265,-0.131509993
2592,2592,1683274.054582437,5445862.701721676,0.317963
2593,2593,1680052.338754248,5445857.952566329,-0.619870924
2594,2594,1669997.301832029,5445966.9208069,0.51688032
2595,2595,1669916.799606264,5445943.028802272,0.274675994
2596,2596,1669925.326155357,5445924.233764183,0.016018865
2597,2597,1680071.611746643,5445832.23438757,-0.481033472
2598,2598,1680092.281773699,5445810.133437444,-0.363739966
2599,2599,1680103.481631745,5445800.037253081,-0.643666623
2600,2600,1682516.544784128,5445832.562513593,0.056810183
2601,2601,1675275.725407585,5445853.870518106,-0.799999964
2602,2602,1680110.911754466,5445789.982365123,-0.542363583
2603,2603,1682534.348599194,5445767.472338886,0.541999996
2604,2604,1682971.395564374,5445759.43276721,-0.00079162
2605,2605,1675267.30570644,5445835.848641165,-0.563999951
2606,2606,1682576.751618583,5445759.985797196,0.367330949
2607,2607,1683051.321906581,5445747.262188137,-0.088344792
2608,2608,1682606.678109707,5445744.241963373,0.710227273
2609,2609,1683103.71901496,5445726.647577242,-0.458631531
2610,2610,1675238.77924031,5445814.951936458,-0.893199944
2611,2611,1682814.424580472,5445724.155392591,-9999.0
2612,2612,1675175.624254698,5445793.306931601,-0.26076493
2613,2613,1680118.367334707,5445755.964814739,-0.175553955
2614,2614,1682659.579234021,5445720.330028025,-0.098679672
2615,2615,1681082.721333174,5445709.452234644,-0.58227022
2616,2616,1669766.323223896,5445811.266708867,-0.589124951
2617,2617,1673546.963307996,5445769.216580716,0.027755604
2618,2618,1681105.118041792,5445689.256760646,-0.404708291
2619,2619,1683160.403675893,5445693.525079467,-0.022593108
2620,2620,1673987.810139959,5445744.820909745,-9999.0
2621,2621,1675093.557582177,5445737.433858148,-0.932666639
2622,2622,1680158.853720577,5445710.507025934,-0.131384133
2623,2623,1673766.106756824,5445759.49849099,-0.156707496
2624,2624,1674979.122673621,5445724.745722525,-0.108074672
2625,2625,1675056.920804046,5445724.632972248,-0.31343385
2626,2626,1674579.43641784,5445718.863924235,-0.320853318
2627,2627,1674046.372252699,5445722.359585553,0.074310286
2628,2628,1674743.102596226,5445714.987461591,-0.55160647
2629,2629,1681125.773314779,5445652.522890393,-0.662653803
2630,2630,1681555.823223809,5445638.64186758,-9999.0
2631,2631,1673438.319962689,5445712.098621637,-0.272862994
2632,2632,1674537.280299252,5445702.13783884,-0.521612905
2633,2633,1674845.228498146,5445705.601128832,-0.652780443
2634,2634,1680182.83710107,5445655.653034426,-0.289338266
2635,2635,1681142.621718227,5445629.226750074,-0.422878566
2636,2636,1683293.412518932,5445648.898589466,0.313910308
2637,2637,1673428.227994715,5445703.872157027,0.038272738
2638,2638,1674134.261269965,5445701.08763586,-0.100987093
2639,2639,1681178.148015163,5445620.593211462,-0.329651647
2640,2640,1681476.017983268,5445619.371179385,-0.460599953
2641,2641,1673393.98321074,5445691.421535571,0.008686344
2642,2642,1673367.825789808,5445681.795088571,-0.298276241
2643,2643,1681287.17517528,5445604.583904059,-0.209262073
2644,2644,1673344.204995368,5445672.299838508,-0.290768267
2645,2645,1674179.644508832,5445677.797216168,-0.056764076
2646,2646,1680206.081555079,5445608.701219937,-0.161963056
2647,2647,1673303.757506993,5445658.253346705,-0.065874326
2648,2648,1680244.321959313,5445579.076223654,-0.463999952
2649,2649,1673237.965947939,5445640.081056708,0.629433434
2650,2650,1674218.51306969,5445637.42165393,-0.478080961
2651,2651,1673191.027826028,5445623.220896011,0.286577193
2652,2652,1674272.073544659,5445609.559036686,-0.332563799
2653,2653,1674355.315282879,5445589.960601906,-0.358543948
2654,2654,1673107.786621928,5445584.132777641,0.101644471
2655,2655,1680251.423166523,5445539.104444686,-0.069558511
2656,2656,1673096.380737131,5445574.271972591,0.480728572
2657,2657,1680246.878627717,5445464.300099901,-0.208446761
2658,2658,1673061.192207705,5445509.885009402,0.212532852
2659,2659,1673042.809832844,5445495.021715313,0.805425019
2660,2660,1673023.763047728,5445475.265584216,0.154373336
2661,2661,1669719.152417321,5445508.689004039,-0.864874997
2662,2662,1680267.526566502,5445372.509142423,0.114162299
2663,2663,1669730.511206481,5445464.782612121,-0.622694443
2664,2664,1669763.57003633,5445447.849115812,-0.747571376
2665,2665,1669891.073453985,5445448.927653559,-0.828083297
2666,2666,1672962.118296722,5445416.469935412,0.400552249
2667,2667,1680289.576832793,5445347.129008139,-0.21872268
2668,2668,1669954.730673762,5445435.473489125,-0.746805161
2669,2669,1672943.25038538,5445397.305888317,0.907909086
2670,2670,1680309.380387116,5445324.038176778,-0.388734644
2671,2671,1669984.695294122,5445415.240339393,-0.74733332
2672,2672,1670007.120888982,5445395.079284077,-0.680734142
2673,2673,1670018.3336399,5445384.998732718,-0.766736796
2674,2674,1670029.600324646,5445374.953032397,-0.663412495
2675,2675,1680278.293547324,5445239.605206606,-0.415207509
2676,2676,1670069.688066248,5445349.589119875,-0.763216476
2677,2677,1670137.902486564,5445274.1476412,-0.680826008
2678,2678,1668795.725952636,5445256.986340593,-0.069069565
2679,2679,1670160.231486246,5445244.013875101,-0.721396212
2680,2680,1670180.548639294,5445221.119498946,-0.756155517
2681,2681,1670205.29723471,5445194.678996501,-0.818258009
2682,2682,1680239.669304765,5445095.399234711,-0.106823505
2683,2683,1670265.102204675,5445173.194276073,-0.584686537
2684,2684,1670300.591987307,5445160.126800529,-0.711597783
2685,2685,1668779.559766616,5445157.611998582,-0.221519239
2686,2686,1670317.584784082,5445142.770013724,-0.807647004
2687,2687,1680254.285618857,5445052.678241255,-0.200120512
2688,2688,1680260.904891065,5445020.78195898,-0.074221189
2689,2689,1668732.077650217,5445176.261475259,0.270004969
2690,2690,1668754.142905673,5445065.135710756,-0.869591631
2691,2691,1680273.330720423,5444974.000803688,-0.163401469
2692,2692,1668778.677553115,5445047.711612991,-0.881388879
2693,2693,1680296.552513242,5444920.130776317,-0.152052033
2694,2694,1680307.666575991,5444894.421914243,1.448999941
2695,2695,1680338.536498514,5444889.871496496,-0.306619998
2696,2696,1680387.057632047,5444859.621969384,-0.437423085
2697,2697,1680331.959530978,5444875.314285273,0.065280303
2698,2698,1680401.900388177,5444824.346942633,-0.272090493
2699,2699,1668769.637471006,5444888.226970546,-0.715701743
2700,2700,1680372.470138023,5444737.191877628,0.410695642
2701,2701,1680385.891041865,5444739.748473982,0.350549998
2702,2702,1680408.560899551,5444744.485786246,-0.062199994
2703,2703,1668784.150881464,5444828.251707926,-0.50490905
2704,2704,1668785.304833537,5444788.560638535,-0.879846146
2705,2705,1669613.564024794,5444718.897443526,-9999.0
2706,2706,1680362.271394196,5444611.184300944,0.208157717
2707,2707,1680594.544307863,5444518.033188525,-0.450928537
2708,2708,1665832.835530189,5444688.946639951,0.443082293
2709,2709,1680609.900530978,5444498.874448788,-9999.0
2710,2710,1680459.691342843,5444493.248749038,-0.283341376
2711,2711,1680628.327343469,5444487.860263626,-0.420721266
2712,2712,1680646.870742164,5444477.561819408,-9999.0
2713,2713,1665736.542444599,5444616.951915729,-0.231257148
2714,2714,1680680.409538564,5444454.888180955,-0.620999947
2715,2715,1680725.579674738,5444436.79860653,-0.394999956
2716,2716,1680736.812726363,5444426.754406994,-0.221982723
2717,2717,1680777.963042054,5444413.916276229,-0.048405148
2718,2718,1680800.518752148,5444396.076217705,0.04779139
2719,2719,1665728.454505617,5444514.86721342,-0.290282527
2720,2720,1680832.543211767,5444364.859324164,-0.140600965
2721,2721,1680888.389934331,5444307.028903941,0.184866766
2722,2722,1667429.857579939,5444406.726629245,0.156064133
2723,2723,1668682.028825672,5444390.395438261,-0.246375008
2724,2724,1665742.285815794,5444417.439749468,-0.366000005
2725,2725,1680908.052489027,5444235.310042802,-0.14309999
2726,2726,1667400.316622585,5444362.342936357,-0.475636357
2727,2727,1680920.906421767,5444222.44106584,-0.3912023
2728,2728,1680935.761074588,5444202.329492517,-0.422429596
2729,2729,1668643.683922154,5444320.944021478,-0.466146024
2730,2730,1680958.413439158,5444158.353387696,-0.275225349
2731,2731,1667376.79298076,5444272.899027311,-0.412718988
2732,2732,1675550.374038022,5444201.889881368,-0.021708841
2733,2733,1675527.271346962,5444176.08822534,-0.620385962
2734,2734,1667368.795519102,5444223.107379775,-0.87924996
2735,2735,1668627.718527029,5444226.349430159,-0.722552896
2736,2736,1681185.942522277,5444131.548624125,0.360485014
2737,2737,1667353.352528901,5444183.357457585,-0.350653034
2738,2738,1668638.183338947,5444175.472987747,-9999.0
2739,2739,1668652.447450148,5444154.740081179,-0.771999955
2740,2740,1675214.43675704,5444077.276285104,-0.429698084
2741,2741,1667277.273084016,5444084.38508136,-0.79745449
2742,2742,1667289.935471399,5444071.485015906,-0.931777722
2743,2743,1674938.70765244,5443989.806029611,-0.069061208
2744,2744,1675012.980960403,5443990.754168731,-0.3553805
2745,2745,1674915.703445969,5443982.139371358,-0.342064097
2746,2746,1674872.407361441,5443975.036880145,-0.347800007
2747,2747,1671203.599192445,5443997.24744777,-0.871692256
2748,2748,1668646.788673458,5444026.936412161,-0.669675628
2749,2749,1673212.226287233,5443967.419760549,-0.420138773
2750,2750,1673246.044733683,5443957.107515395,-0.247285709
2751,2751,1673132.91471936,5443941.96218711,-0.304833318
2752,2752,1672996.711606474,5443930.394445809,0.079840587
2753,2753,1674775.835274993,5443911.688536754,-0.186487316
2754,2754,1672951.687016447,5443920.160025573,-0.218786939
2755,2755,1673366.388135047,5443916.255257654,-0.3697321
2756,2756,1673403.929736473,5443915.629670952,-9999.0
2757,2757,1673388.754791965,5443905.808874886,0.059681848
2758,2758,1672883.651624069,5443900.892632596,-0.210053321
2759,2759,1673429.165726447,5443892.701429531,-0.540241535
2760,2760,1674684.262009426,5443864.797657748,-0.070244416
2761,2761,1673463.180013988,5443872.508205703,-0.412354639
2762,2762,1673524.162461595,5443850.200818584,-0.026287856
2763,2763,1674514.001304903,5443835.460715455,-0.033137076
2764,2764,1674444.113171278,5443809.255123103,-9999.0
2765,2765,1673613.719526144,5443779.715337859,-0.46245711
2766,2766,1673754.956702124,5443781.239645654,-0.262870256
2767,2767,1665318.392060828,5443953.058583553,0.242151081
2768,2768,1665432.33202054,5443842.434117718,-0.601015728
2769,2769,1665477.047579505,5443841.386076905,-0.315806918
2770,2770,1665767.210887788,5443844.841468604,-0.379330215
2771,2771,1671244.77780873,5443798.411813514,-9999.0
2772,2772,1673790.593743499,5443762.134844719,-0.3963636
2773,2773,1665792.29444515,5443826.520127183,-0.468493009
2774,2774,1674324.576623614,5443737.601153909,-0.313345084
2775,2775,1665808.414906348,5443808.489176087,-0.165761897
2776,2776,1665827.167966455,5443798.347165578,-0.12542495
2777,2777,1674276.36337208,5443720.382699348,-0.039328383
2778,2778,1671253.832095325,5443737.454451529,-9999.0
2779,2779,1670744.192044114,5443734.554264496,-0.688640978
2780,2780,1673934.850370931,5443698.09485065,-0.386122412
2781,2781,1671276.054363516,5443697.344832906,-0.746766651
2782,2782,1670537.22357037,5443684.570543549,-0.038341766
2783,2783,1671290.933956532,5443677.253216015,-0.688523039
2784,2784,1671298.373721936,5443667.207395578,-0.720945435
2785,2785,1673989.708597367,5443641.587946543,-0.718499959
2786,2786,1670430.660902721,5443659.665518485,-0.545199976
2787,2787,1671313.253190539,5443647.115730722,-0.825677418
2788,2788,1674055.396436536,5443629.266021846,-0.622995964
2789,2789,1670378.383006385,5443647.466465994,0.020941201
2790,2790,1671320.595522502,5443627.097631252,-0.7464074
2791,2791,1665782.056790287,5443672.9256605,-0.233419751
2792,2792,1665788.224733368,5443659.075431935,-0.214150023
2793,2793,1665313.036071775,5443623.447773207,0.130274997
2794,2794,1665342.648697532,5443563.344738508,-0.166485714
2795,2795,1671356.916855005,5443487.11797771,-0.761882302
2796,2796,1671364.258893298,5443467.099825802,-0.776166618
2797,2797,1665880.967323691,5443526.18903513,0.279763469
2798,2798,1671378.942844337,5443427.063496442,0.026278521
2799,2799,1671386.138555109,5443392.08693401,-0.145075925
2800,2800,1665401.604560973,5443413.221569093,-0.623060574
2801,2801,1671398.836990813,5443363.151305087,-0.474049986
2802,2802,1687733.043933067,5443152.572646354,0.30385425
2803,2803,1671408.017744133,5443317.073955516,-0.241824974
2804,2804,1687696.101271448,5443131.710878829,1.974768256
2805,2805,1665409.155024104,5443353.315737562,0.039630437
2806,2806,1665416.052851079,5443343.280924088,-0.194974992
2807,2807,1687803.14606936,5443146.526081476,0.423321428
2808,2808,1671384.822719831,5443257.461420292,-0.073168805
2809,2809,1687814.759406629,5443078.290958443,0.034658229
2810,2810,1687895.259933611,5443079.089738029,1.326482155
2811,2811,1687833.397789798,5443068.413692605,0.350549999
2812,2812,1687852.497118245,5443067.167747103,0.336437503
2813,2813,1687551.17271415,5443061.010850439,-0.461507702
2814,2814,1687543.235978396,5443051.611946009,-0.302197365
2815,2815,1687526.091076584,5443004.1585486,0.161956517
2816,2816,1687965.166535904,5443001.638093062,1.756651118
2817,2817,1665392.371330054,5443223.816559826,-0.30722066
2818,2818,1665403.497563254,5443203.770840473,-0.463173073
2819,2819,1669542.737995938,5443166.141161507,-0.630773393
2820,2820,1687463.560964695,5442962.531286176,0.710288901
2821,2821,1668587.617173118,5443154.788162899,-0.565933294
2822,2822,1668602.480517271,5443144.502592033,-0.812551673
2823,2823,1669371.205715369,5443137.241061562,-0.354025638
2824,2824,1687441.815234038,5442945.432441886,0.881020518
2825,2825,1668610.108299369,5443134.694903467,-0.812761863
2826,2826,1668624.883097138,5443114.468595374,-0.592840531
2827,2827,1668632.287679493,5443104.376664159,-0.605449216
2828,2828,1665429.250065944,5443133.728904221,-0.810907851
2829,2829,1671285.04521311,5443073.931558637,-0.401155509
2830,2830,1668645.124698013,5443091.48321911,-0.785319106
2831,2831,1668654.580391463,5443074.201673589,-0.69569639
2832,2832,1671269.436989414,5443019.231216889,-0.69433329
2833,2833,1668681.529077617,5443050.134342659,-0.564489673
2834,2834,1671261.803253611,5443009.332497428,-0.710705838
2835,2835,1665473.101621713,5443060.738593719,-0.903380916
2836,2836,1668714.945506087,5443019.805123211,-0.916999956
2837,2837,1668736.836204762,5443004.610048744,-0.721250028
2838,2838,1667990.726374003,5443001.634283548,-0.74474072
2839,2839,1687227.778166512,5442794.459868772,0.302881192
2840,2840,1668910.152026797,5442983.673901631,-0.823666656
2841,2841,1665533.507817086,5442993.171471,-0.477645143
2842,2842,1688044.622235197,5442756.460013506,0.240347825
2843,2843,1667669.961487493,5442963.364717875,-0.670317422
2844,2844,1668100.105332898,5442945.778029169,-0.029671198
2845,2845,1687120.159118464,5442734.659826579,0.524474612
2846,2846,1687011.486508767,5442688.540129095,0.462043486
2847,2847,1686935.78827338,5442677.562858867,0.174388889
2848,2848,1686950.841500034,5442678.313188431,-0.116981479
2849,2849,1686992.225170036,5442679.309014797,0.296353333
2850,2850,1686924.279710318,5442670.14439885,-0.038459998
2851,2851,1667063.403305018,5442869.833703894,-0.760157268
2852,2852,1667359.710229454,5442859.406065396,-9999.0
2853,2853,1686882.943465205,5442653.208967717,0.339764708
2854,2854,1667111.95840396,5442850.151114603,-0.970999956
2855,2855,1686874.953295859,5442640.789559245,0.194303794
2856,2856,1686867.350705859,5442630.837326244,0.159123281
2857,2857,1688080.404427414,5442616.115482655,0.523626862
2858,2858,1688086.882255394,5442606.447993988,0.489999995
2859,2859,1686837.330226718,5442612.362839754,0.421179795
2860,2860,1686776.70344265,5442600.75116773,0.894807689
2861,2861,1686520.152398547,5442592.438947977,0.485354844
2862,2862,1686545.330822887,5442584.245901299,0.527123964
2863,2863,1665433.748447357,5442794.60512335,-0.592352096
2864,2864,1686506.456857722,5442570.880556444,0.270885167
2865,2865,1686710.27470943,5442584.183502963,0.538180416
2866,2866,1686497.651032247,5442549.442711233,-0.065418031
2867,2867,1686603.019933416,5442553.659019574,0.769724832
2868,2868,1665387.638755153,5442695.287698929,-0.0728857
2869,2869,1686398.876148086,5442480.825626699,0.52409041
2870,2870,1686360.859061708,5442461.490466036,0.562695539
2871,2871,1686337.778971457,5442447.261128547,0.659344259
2872,2872,1686325.288388727,5442433.712765447,0.104912629
2873,2873,1666563.144873622,5442617.100993061,-0.815249967
2874,2874,1666656.820666416,5442614.000701764,0.33594
2875,2875,1666615.482028488,5442603.113388802,0.104579547
2876,2876,1686276.910748204,5442387.983509262,-0.105844819
2877,2877,1686269.061238593,5442378.408934482,-0.05513514
2878,2878,1686259.753745656,5442335.761951215,0.327844023
2879,2879,1686269.779408183,5442269.530406967,0.690767919
2880,2880,1686259.891112617,5442233.431437421,0.93482677
2881,2881,1686252.216568982,5442218.898718718,1.157249981
2882,2882,1665211.638459787,5442397.670293959,-0.303585727
2883,2883,1687931.14662601,5442150.258572369,-0.247071423
2884,2884,1693796.39706256,5442084.562508284,0.318694915
2885,2885,1686226.720988778,5442150.998755127,0.628167527
2886,2886,1693731.20893861,5442056.123061151,1.134059174
2887,2887,1693796.979835815,5442053.654841593,0.087114285
2888,2888,1693981.379113857,5442057.411184734,1.229280423
2889,2889,1693868.708276491,5442080.139827861,0.699337414
2890,2890,1684623.362921844,5442137.979226998,0.766769248
2891,2891,1684608.35747108,5442127.438440696,2.645592603
2892,2892,1665233.532800303,5442317.69033608,-0.147014288
2893,2893,1693402.349446239,5442009.459870478,0.317500002
2894,2894,1693928.696367038,5441994.937033691,-0.016625003
2895,2895,1684562.258965075,5442099.459218585,0.232837832
2896,2896,1693226.261542717,5441996.705038724,-0.227449493
2897,2897,1693372.847416997,5441991.186439375,0.842491628
2898,2898,1687892.453610527,5442055.913656284,0.457801528
2899,2899,1671838.106702872,5442206.333727708,0.242176376
2900,2900,1684524.289013247,5442069.90448717,0.218077923
2901,2901,1686145.107036448,5442050.216023963,0.34920755
2902,2902,1671780.83893634,5442196.670871117,0.733990458
2903,2903,1671894.981428905,5442195.529524782,-0.24417643
2904,2904,1686137.323957899,5442040.315961636,0.333033334
2905,2905,1671199.674871182,5442196.630522808,-0.112999951
2906,2906,1671738.446070347,5442188.523416805,0.179939084
2907,2907,1671921.284449866,5442185.234776258,-0.076446775
2908,2908,1686126.081434708,5442030.675502699,0.411282445
2909,2909,1671690.788477583,5442177.355397566,0.277410079
2910,2910,1684501.372121744,5442040.200216621,0.148424654
2911,2911,1685940.826534225,5442021.303803703,1.509333321
2912,2912,1685982.028318822,5442023.034303028,0.021564099
2913,2913,1686059.074384227,5442021.715603275,0.623911769
2914,2914,1671329.210553526,5442171.32731478,-0.041808191
2915,2915,1671660.548350035,5442167.679055003,0.45054291
2916,2916,1671955.863596081,5442172.266948404,0.015374715
2917,2917,1684493.734957997,5442030.29642509,0.069826077
2918,2918,1685910.544125607,5442011.972894297,2.41466663
2919,2919,1671351.906839495,5442160.8955746,0.010864283
2920,2920,1671980.711013345,5442154.556289853,0.045858108
2921,2921,1685699.602814726,5442005.401376892,0.640531244
2922,2922,1693129.378848728,5441920.39798772,-0.284126767
2923,2923,1675282.08971909,5442165.076081671,0.196634421
2924,2924,1685688.45371577,5441996.121598051,0.520789066
2925,2925,1685883.618772942,5442002.739054779,1.019823744
2926,2926,1694018.380783826,5441893.313330775,-0.007020408
2927,2927,1671098.725732099,5442143.335806367,-0.151703694
2928,2928,1671603.874323352,5442140.310294896,-0.099797978
2929,2929,1685750.918930974,5442003.65748734,0.829906251
2930,2930,1670989.452845571,5442136.604686423,0.364971392
2931,2931,1671045.169408879,5442134.859450778,-0.051260293
2932,2932,1671575.22192173,5442130.052249883,0.298407893
2933,2933,1671449.833750798,5442132.517218961,0.163819094
2934,2934,1694027.986249381,5441942.240699843,0.677595632
2935,2935,1684440.288463797,5441960.945962592,0.245999998
2936,2936,1684432.551682455,5441951.177760966,0.323376809
2937,2937,1687838.494374873,5441914.9512706,-0.262526306
2938,2938,1669775.803315354,5442096.176434846,-0.495047583
2939,2939,1666316.851410583,5442108.469298602,-0.665421853
2940,2940,1684402.756862278,5441920.115596296,0.747199997
2941,2941,1687745.417786078,5441886.758883013,-0.479999989
2942,2942,1687722.19072307,5441877.272350991,-0.48966669
2943,2943,1694010.992199533,5441799.406869275,0.689040501
2944,2944,1669760.351254168,5442056.431366817,-0.574548971
2945,2945,1684361.220028402,5441891.972519721,1.120120436
2946,2946,1684324.395422971,5441882.084175219,1.281571431
2947,2947,1670814.230465357,5442019.904075789,0.78537373
2948,2948,1672089.242770405,5442074.243249441,-0.109683709
2949,2949,1684293.834549905,5441872.571610847,0.619365758
2950,2950,1672212.734623226,5441992.69290652,0.101041096
2951,2951,1684163.798734295,5441864.644032053,0.801486475
2952,2952,1684263.789933752,5441862.983542689,0.857847735
2953,2953,1670769.266494356,5441998.174080937,0.245176481
2954,2954,1684232.690241853,5441852.722186261,0.574095237
2955,2955,1694097.426400887,5441732.996536617,1.345023233
2956,2956,1684183.947440606,5441850.473296689,0.838395757
2957,2957,1684057.009335911,5441825.833453966,0.340349744
2958,2958,1670644.062653852,5441940.519816688,0.386342104
2959,2959,1670585.070299455,5441929.45027316,-0.013153847
2960,2960,1670519.878115583,5441911.22048597,0.114490197
2961,2961,1674985.38997048,5441888.772436337,0.061391085
2962,2962,1685809.136446119,5441735.904493429,-0.181218728
2963,2963,1691257.772180844,5441669.317459648,0.353255099
2964,2964,1691334.80137188,5441678.62220626,0.727717243
2965,2965,1691234.385953303,5441660.068406904,0.24055714
2966,2966,1674963.106437444,5441843.228940593,0.476823104
2967,2967,1685816.854543647,5441722.214741823,-0.640297586
2968,2968,1669668.260888331,5441882.780060429,-0.23447682
2969,2969,1684071.53987872,5441754.554387581,0.207894694
2970,2970,1669660.487760783,5441857.921275422,-0.148128579
2971,2971,1674934.763409186,5441806.318624783,0.442728578
2972,2972,1684100.096397262,5441707.197442184,-0.113655273
2973,2973,1691190.930709227,5441621.374204092,0.647392547
2974,2974,1691160.483243576,5441594.107720788,0.64354348
2975,2975,1684117.149152579,5441676.398914779,0.030312977
2976,2976,1669659.667619138,5441787.912282299,-0.153173082
2977,2977,1670229.909705409,5441818.713449067,0.253676978
2978,2978,1670341.101583374,5441807.974708182,0.539581135
2979,2979,1693959.10463276,5441506.396534809,0.224097935
2980,2980,1681160.753333152,5441662.055570832,0.305741935
2981,2981,1684135.291483383,5441639.252387986,-0.286392577
2982,2982,1693937.344639696,5441496.353185005,0.517750004
2983,2983,1666152.700058502,5441794.693335603,0.365600002
2984,2984,1666135.831459536,5441777.97125758,0.719209207
2985,2985,1672249.588259602,5441826.237829803,-0.052666113
2986,2986,1684154.116141191,5441595.50821983,0.28791078
2987,2987,1691546.094671621,5441579.607399072,0.941361832
2988,2988,1693892.16064514,5441479.66179601,0.306723159
2989,2989,1666117.76926097,5441761.217203882,0.512367084
2990,2990,1693838.636261146,5441457.867828364,0.167442787
2991,2991,1672315.554287673,5441697.805817946,-0.123907204
2992,2992,1690840.387950285,5441485.350357089,0.428342856
2993,2993,1693823.960084115,5441449.519160767,0.19972549
2994,2994,1666110.098731525,5441746.327055298,0.91126249
2995,2995,1691002.166055055,5441526.254687244,1.037375241
2996,2996,1693801.262583211,5441438.48790626,0.257412699
2997,2997,1684201.530272603,5441535.135045863,0.115485722
2998,2998,1681097.735663787,5441587.2057446,0.443170052
2999,2999,1693751.686590939,5441411.249309232,0.39125
3000,3000,1666079.552326733,5441701.724760638,0.670471429
3001,3001,1684216.951989516,5441520.8475517,-0.468586607
3002,3002,1690817.284371003,5441436.47023382,-0.051563383
3003,3003,1665351.131587714,5441689.081043395,-0.343973673
3004,3004,1684236.795886466,5441502.158335854,0.410580491
3005,3005,1669629.001414574,5441710.179447116,-0.00765686
3006,3006,1681042.117307812,5441523.542141251,0.195282526
3007,3007,1684250.754379775,5441473.587155527,-0.403240965
3008,3008,1691911.843008324,5441386.798531148,0.834939441
3009,3009,1681020.783745426,5441486.35152552,0.138181818
3010,3010,1684260.828217468,5441449.669012661,-0.471187487
3011,3011,1665076.409598168,5441953.60050582,0.402842496
3012,3012,1672373.34101872,5441625.314660861,-0.188103946
3013,3013,1690853.628914994,5441335.814706442,-0.927014503
3014,3014,1672437.352852923,5441545.560321148,-0.504291621
3015,3015,1672452.982415945,5441521.568825366,-0.181972936
3016,3016,1684278.006189876,5441406.902128695,-0.110633332
3017,3017,1684305.315476804,5441364.804881095,-0.692432812
3018,3018,1674792.98499665,5441471.551291038,-0.437333311
3019,3019,1684327.995653749,5441345.680255836,-0.769678554
3020,3020,1672476.383563151,5441487.707940847,-0.061042561
3021,3021,1680962.999336294,5441372.296769812,-0.113535034
3022,3022,1684342.827859631,5441334.923931395,-0.506833311
3023,3023,1666022.209122677,5441517.247805144,0.706437763
3024,3024,1672497.448945287,5441446.327751024,-0.00422578
3025,3025,1684365.127340604,5441314.38036675,-0.791565198
3026,3026,1672510.262713459,5441428.487511999,-0.077776082
3027,3027,1674739.344878291,5441403.461561765,-9999.0
3028,3028,1674717.850453562,5441397.000514041,-0.223343479
3029,3029,1684385.310129709,5441291.047722535,-0.867999978
3030,3030,1687486.585380826,5441243.33189242,-0.385285727
3031,3031,1672524.586410202,5441403.664293004,0.106933357
3032,3032,1674663.363330512,5441377.257702938,-0.02787104
3033,3033,1680861.512445696,5441374.710863037,0.446672925
3034,3034,1674622.315147005,5441361.189579604,-0.243318146
3035,3035,1684406.532129825,5441253.955071415,-0.729147732
3036,3036,1674601.250784275,5441353.081829569,-0.393134584
3037,3037,1684420.751014103,5441243.668556851,-0.582603449
3038,3038,1690881.558668637,5441165.765305858,-0.751750007
3039,3039,1674546.89203818,5441341.439147728,-0.24134263
3040,3040,1684454.437133709,5441235.273483614,0.14330769
3041,3041,1672549.749595375,5441361.557091027,-0.036368616
3042,3042,1674523.153149412,5441331.895782079,0.451568967
3043,3043,1684499.677859706,5441223.740799534,-0.580306092
3044,3044,1688921.911625679,5441167.410932004,1.135538473
3045,3045,1680630.143457256,5441256.298628261,0.81380602
3046,3046,1680692.543353403,5441271.625403374,0.44663341
3047,3047,1684534.009372079,5441212.417990159,-0.025473243
3048,3048,1684652.280358815,5441211.544187552,-0.708069298
3049,3049,1674502.824884613,5441321.042361469,-0.00376743
3050,3050,1680561.154269321,5441246.719972926,0.519243129
3051,3051,1680675.245516186,5441246.175767861,0.045324076
3052,3052,1684687.678553073,5441202.597551234,-0.823999957
3053,3053,1665947.183654567,5441435.96774445,0.498699671
3054,3054,1674483.854562505,5441305.240971636,0.034875042
3055,3055,1680519.30490231,5441236.56798185,0.367711627
3056,3056,1674468.473009257,5441295.55907868,0.045142878
3057,3057,1680470.846372777,5441223.588039031,0.213000007
3058,3058,1665701.913597863,5441576.534104137,0.357008477
3059,3059,1672560.206144393,5441316.051535119,-0.037449122
3060,3060,1674439.033780529,5441286.161500133,0.100526834
3061,3061,1674372.992383205,5441269.332840282,-0.038235768
3062,3062,1680432.418352688,5441194.507771801,-0.37749999
3063,3063,1684733.343874215,5441150.639013836,-9999.0
3064,3064,1688626.161238828,5441107.30868741,0.05491448
3065,3065,1674141.555551758,5441268.919491866,-9999.0
3066,3066,1674254.006012737,5441270.888279032,-0.07266835
3067,3067,1672548.358948522,5441261.316239345,0.400171426
3068,3068,1684747.533522653,5441130.626197346,-0.648090878
3069,3069,1688649.997773505,5441073.780867427,-0.293216222
3070,3070,1672536.858792598,5441241.483974047,0.261576945
3071,3071,1674024.608871888,5441227.021374851,0.246695671
3072,3072,1693392.731766843,5441012.088398509,-0.015669486
3073,3073,1693361.420259389,5440996.098254365,-0.188212953
3074,3074,1672517.8241107,5441221.726559883,-0.014135099
3075,3075,1684800.260403835,5441089.786354665,0.793191801
3076,3076,1684814.553049677,5441079.917540845,-0.359861543
3077,3077,1684829.345687495,5441069.372083411,-0.664999949
3078,3078,1684837.677581319,5441049.904946106,-0.494799991
3079,3079,1690930.290442864,5440988.770773413,1.367623424
3080,3080,1690918.028425784,5440964.410978558,4.330296344
3081,3081,1673960.336286886,5441152.202053465,-9999.0
3082,3082,1680393.08491924,5441114.846040166,-0.010948507
3083,3083,1689925.469558685,5440966.669656017,0.909177556
3084,3084,1689914.33335735,5440953.340149083,0.131875839
3085,3085,1693232.914788397,5440928.458845139,1.386129473
3086,3086,1684848.763589236,5441017.038094857,1.550988005
3087,3087,1689673.099662702,5440935.93907931,-0.463472526
3088,3088,1672515.154272103,5441161.717458216,0.52671659
3089,3089,1680350.441052681,5441022.771322773,-0.133097437
3090,3090,1684437.254380777,5440953.984331884,-0.594604632
3091,3091,1693175.612643978,5440848.82505268,0.82070969
3092,3092,1680329.502950837,5440985.341297394,0.205255747
3093,3093,1672471.607435458,5441046.348416676,-0.71049995
3094,3094,1672478.220054863,5441027.640957378,0.086347877
3095,3095,1680311.096656033,5440950.732712148,0.447711109
3096,3096,1684451.531142778,5440898.985192238,-0.382191471
3097,3097,1681308.259988101,5440909.674541567,-0.673885663
3098,3098,1681364.656736388,5440899.072410968,-0.43747648
3099,3099,1681406.203935761,5440888.737790595,-0.446591114
3100,3100,1681478.91893823,5440891.037384124,-0.264399983
3101,3101,1672448.917964656,5440971.200867956,-0.522933286
3102,3102,1681428.067139463,5440879.032250058,-0.285569948
3103,3103,1681453.615043173,5440880.705787712,-0.229840582
3104,3104,1672440.034393356,5440950.634055472,-0.321634876
3105,3105,1692980.576464024,5440711.146503861,0.465358027
3106,3106,1680269.190164974,5440889.589487037,0.282248639
3107,3107,1692935.959491791,5440698.086995026,1.280878348
3108,3108,1684238.657216475,5440785.779949274,-0.206474561
3109,3109,1692913.249574636,5440681.820546474,2.281184616
3110,3110,1680244.814715965,5440821.709525285,0.268350014
3111,3111,1680237.170790375,5440811.820029509,0.196049992
3112,3112,1692887.234801261,5440661.798859523,0.587105268
3113,3113,1672401.144881776,5440853.87353266,-0.344297265
3114,3114,1672391.360388245,5440836.777071513,0.08206523
3115,3115,1692555.10843115,5440497.321833348,-0.391354312
3116,3116,1692696.063592998,5440496.034996086,0.428576908
3117,3117,1682728.597868549,5440580.89882627,0.307222142
3118,3118,1682840.22534534,5440527.557994278,-0.806571441
3119,3119,1682948.087143215,5440476.703198312,-9999.0
3120,3120,1683043.257538494,5440411.403725231,-0.670971389
3121,3121,1681753.415668051,5440406.169535919,0.126916668
3122,3122,1683061.865260676,5440391.244638172,-0.983999968
3123,3123,1681746.611095363,5440376.369375526,0.226605636
3124,3124,1692215.528230049,5440253.080508878,-0.965500027
3125,3125,1683217.593473492,5440344.545948136,-9999.0
3126,3126,1683095.173334294,5440331.14824063,-0.471545454
3127,3127,1683103.043274355,5440322.151558277,-0.480627464
3128,3128,1683115.245629627,5440315.749835885,-9999.0
3129,3129,1681708.528909195,5440316.761968586,0.270085712
3130,3130,1681670.748370043,5440307.211336888,0.254605264
3131,3131,1681691.808945623,5440308.070269235,0.277523529
3132,3132,1683283.033476429,5440293.973958859,-0.327075
3133,3133,1683290.396511366,5440278.929424826,-0.320114281
3134,3134,1679601.080468579,5440296.672078186,-0.679624954
3135,3135,1683306.310214041,5440251.888800657,-0.78590474
3136,3136,1683421.531467161,5440247.965257716,-0.051261196
3137,3137,1683508.653734488,5440246.569229523,-0.178390914
3138,3138,1681402.743151682,5440260.338197144,-0.509317738
3139,3139,1683374.771236594,5440239.04114582,-0.370285694
3140,3140,1681414.091579359,5440251.056629332,-0.604893572
3141,3141,1683331.648158685,5440237.159306625,-0.47358389
3142,3142,1672416.742059197,5440577.147797733,0.152335297
3143,3143,1681429.474675909,5440243.864242502,-9999.0
3144,3144,1683536.32890513,5440223.496506141,-0.208326199
3145,3145,1683551.362785324,5440203.790870124,-0.345682062
3146,3146,1678813.63142163,5440242.285861003,0.129342593
3147,3147,1672470.940601842,5440294.676514727,-9999.0
3148,3148,1679552.446326012,5440229.366200738,-0.379579426
3149,3149,1683566.76257798,5440187.337020114,-0.751576879
3150,3150,1683609.269378739,5440169.119724755,-9999.0
3151,3151,1685819.990414992,5440121.381833269,-0.347714252
3152,3152,1691930.512398974,5440047.192520542,-0.937999969
3153,3153,1683708.490485649,5440142.457303248,-0.492431499
3154,3154,1686429.618147087,5440158.281504678,0.631538559
3155,3155,1681216.740713552,5440154.389478237,-0.688509041
3156,3156,1685759.300724364,5440091.45005291,0.192393462
3157,3157,1686438.293526915,5440083.126492843,2.080571412
3158,3158,1683727.179034086,5440113.234886743,-0.203461353
3159,3159,1692019.439438876,5440004.897497362,0.238452382
3160,3160,1672464.283220841,5440257.854224654,0.150907989
3161,3161,1686450.177773849,5440065.770415195,-0.570112663
3162,3162,1685675.728792769,5440032.841452035,-0.377687532
3163,3163,1686497.065626377,5440012.224012721,-9999.0
3164,3164,1691721.511017298,5439949.660560106,-0.103377991
3165,3165,1691554.587085229,5439941.557545308,0.165070172
3166,3166,1686527.212951304,5439993.569180019,-0.944900036
3167,3167,1672467.145599323,5440140.979889173,-0.13874356
3168,3168,1691363.232737048,5439912.286223453,0.066579994
3169,3169,1691334.396257607,5439904.114875295,0.319531509
3170,3170,1685395.910159799,5439966.766864122,0.30797779
3171,3171,1672480.338821779,5440078.614042738,0.0782182
3172,3172,1691113.22677909,5439816.434324417,-0.283277661
3173,3173,1691154.244595689,5439817.294058636,-0.286834864
3174,3174,1690684.248581499,5439818.231129343,-0.28516813
3175,3175,1691083.031738606,5439809.022098685,2.263999993
3176,3176,1681120.370069048,5439919.276520741,-9999.0
3177,3177,1690698.861015341,5439801.693410522,-0.39667089
3178,3178,1691045.174175403,5439797.567970764,2.138292298
3179,3179,1678464.157095112,5439958.999972304,0.525729689
3180,3180,1681088.311684006,5439908.526168042,-0.933999956
3181,3181,1690710.562801692,5439791.876128169,-0.482747947
3182,3182,1686698.637980934,5439828.928353679,4.028904767
3183,3183,1690725.446227042,5439781.678852689,-0.473786892
3184,3184,1678441.965596168,5439913.306506151,1.240704906
3185,3185,1690743.861185025,5439772.378838916,-0.494000008
3186,3186,1686661.003369975,5439809.830273997,1.15360001
3187,3187,1678483.103248654,5439907.059505737,0.498491471
3188,3188,1683581.640290269,5439914.211359147,-0.84448484
3189,3189,1690946.660505717,5439738.688633839,-0.394000016
3190,3190,1672517.839126951,5439977.026316904,0.071161467
3191,3191,1672557.575552306,5439914.830111647,0.241582065
3192,3192,1678463.492027809,5439853.908048411,0.065846154
3193,3193,1678455.344827567,5439833.844138287,-0.38038777
3194,3194,1685597.465619327,5439701.352448999,0.945567565
3195,3195,1682282.16339653,5439736.832375465,-0.682244659
3196,3196,1685370.656611066,5439675.114814031,4.544799995
3197,3197,1672576.595302536,5439849.891588045,0.155745614
3198,3198,1686011.081432997,5439647.518572595,1.164043476
3199,3199,1687472.031511474,5439631.60591272,-0.723840012
3200,3200,1688453.408724268,5439620.101835434,1.086060679
3201,3201,1689298.997953048,5439613.417675836,0.630788028
3202,3202,1682268.214373996,5439681.53879553,-0.661187517
3203,3203,1688262.864668425,5439612.069816937,-0.434864928
3204,3204,1688358.791245567,5439612.658893574,0.038157722
3205,3205,1689234.412023099,5439600.793985043,-0.179786901
3206,3206,1678328.556480119,5439820.478082805,0.268405546
3207,3207,1687484.836862782,5439618.688465605,-0.485304678
3208,3208,1688210.011944575,5439602.735338348,0.375625
3209,3209,1689219.105560625,5439592.239890151,0.153146356
3210,3210,1687498.813522222,5439601.767424284,-0.108390618
3211,3211,1688179.353368638,5439593.984907614,0.490032266
3212,3212,1689130.587251408,5439586.003442109,0.785122225
3213,3213,1689192.804005302,5439582.460976769,-0.099972461
3214,3214,1689335.02319993,5439592.395966734,0.758281174
3215,3215,1678258.532315648,5439696.329099768,-0.096314285
3216,3216,1688572.061839146,5439628.290826513,0.191076717
3217,3217,1687512.365324463,5439585.384629076,-0.529406973
3218,3218,1688149.278624651,5439573.711166549,0.049205875
3219,3219,1688696.348668563,5439568.143787868,-0.786060619
3220,3220,1689081.006760609,5439570.779812851,3.080035719
3221,3221,1678250.838773691,5439681.451392248,-0.019719732
3222,3222,1683534.742773846,5439631.965718006,-9999.0
3223,3223,1688707.448858587,5439559.586446221,-0.695103489
3224,3224,1689359.299584234,5439560.113109742,-0.283399943
3225,3225,1683549.612398462,5439611.889354737,-0.937999964
3226,3226,1686637.641428886,5439583.34551225,0.702386716
3227,3227,1687524.267967893,5439561.558404124,-0.633606572
3228,3228,1688115.245309959,5439554.011367258,-0.087630136
3229,3229,1688737.776367262,5439547.416581308,-0.470672433
3230,3230,1689055.211342049,5439550.001977113,2.883183667
3231,3231,1678243.139814361,5439656.198935528,-0.041689954
3232,3232,1688782.287735939,5439527.787858763,-0.729348816
3233,3233,1689021.232686229,5439529.997571221,2.268157082
3234,3234,1689431.837228778,5439524.794798946,0.47319608
3235,3235,1672569.998077506,5439717.473465379,0.175289221
3236,3236,1683579.781691615,5439590.572770949,-9999.0
3237,3237,1688073.291045222,5439514.677889847,0.246942896
3238,3238,1686638.513004609,5439532.801820016,0.519073996
3239,3239,1687544.116258817,5439530.030589018,-0.581901253
3240,3240,1688826.715161885,5439496.490669809,-0.426280682
3241,3241,1688961.964692827,5439494.081681772,0.503012991
3242,3242,1689462.355162889,5439495.910087273,-0.78075715
3243,3243,1683803.904472912,5439558.912888774,-9999.0
3244,3244,1678243.006972767,5439607.043123556,-0.212726098
3245,3245,1688875.2993049,5439482.11935689,0.496841225
3246,3246,1672547.364744055,5439645.652411794,0.660342893
3247,3247,1683846.24717162,5439538.104180622,-9999.0
3248,3248,1688929.189731941,5439475.588975198,0.45800876
3249,3249,1689481.695882763,5439457.784216762,-0.896333337
3250,3250,1686724.614748989,5439481.577650018,-0.764899984
3251,3251,1689489.343898064,5439437.918682417,-0.77560973
3252,3252,1686795.07846486,5439460.563113738,-0.728560578
3253,3253,1686841.162241053,5439459.786043925,-0.882999979
3254,3254,1672524.369299355,5439605.987830233,0.033719332
3255,3255,1686864.553483427,5439440.134169767,-0.70953573
3256,3256,1689501.561188497,5439399.554568565,-0.633859128
3257,3257,1684098.545368075,5439416.527448514,1.612438854
3258,3258,1687564.985127185,5439430.820945203,0.011159015
3259,3259,1678231.471278074,5439474.449398261,-0.608049061
3260,3260,1687589.311084021,5439360.882714263,-0.798666669
3261,3261,1674312.212194091,5439498.416874418,0.698393492
3262,3262,1684080.478697691,5439391.025985369,3.87456758
3263,3263,1672502.196928227,5439531.788202107,0.408716964
3264,3264,1678248.325005817,5439447.101245976,-0.851653842
3265,3265,1687609.666395307,5439338.1525813,-0.604509071
3266,3266,1674255.247892602,5439459.994509418,0.15890914
3267,3267,1684048.836827406,5439351.805413819,-0.151775862
3268,3268,1674231.213294825,5439452.024241704,-0.441142799
3269,3269,1678308.159469157,5439406.565177443,-0.625649964
3270,3270,1684030.813043883,5439325.692386406,0.758673491
3271,3271,1689569.332010244,5439222.920270007,-0.836522685
3272,3272,1683993.158086154,5439262.486840233,-0.43922305
3273,3273,1687653.270128758,5439284.149814629,0.068375316
3274,3274,1689599.107425633,5439190.447858152,-0.75807997
3275,3275,1689617.29604959,5439181.551783542,-0.733999968
3276,3276,1689645.503498668,5439170.509219112,0.147000012
3277,3277,1672493.274463054,5439404.322749726,0.250893343
3278,3278,1687690.490298749,5439177.370635289,-0.17763572
3279,3279,1689802.91827285,5439167.147784061,-0.948666652
3280,3280,1672476.397485045,5439327.211967318,0.374945479
3281,3281,1674058.250375568,5439311.323181218,0.328039975
3282,3282,1672469.013042811,5439317.074112234,0.156111142
3283,3283,1674039.317565222,5439301.542015992,0.382121999
3284,3284,1689869.851532301,5439136.603746539,-0.987999976
3285,3285,1674024.151113639,5439291.722584614,0.656350044
3286,3286,1689893.66421054,5439116.229173689,-0.988666634
3287,3287,1672454.068144367,5439287.083310581,0.301232155
3288,3288,1687706.185775697,5439145.406324971,0.337275003
3289,3289,1689921.484809583,5439087.191935902,-0.587642872
3290,3290,1690130.789378602,5439092.384089611,0.435590479
3291,3291,1673946.689448825,5439255.09227943,-0.547999946
3292,3292,1673918.497751184,5439244.765226668,-0.021448946
3293,3293,1688048.120433351,5439086.636582429,0.192262297
3294,3294,1689936.656842288,5439069.559974944,-0.583971984
3295,3295,1673889.448466956,5439234.372310083,0.103976516
3296,3296,1689944.684248844,5439054.504473628,-0.370650001
3297,3297,1690071.707296822,5439051.368709293,0.220205483
3298,3298,1673866.266730459,5439224.917462743,0.193680038
3299,3299,1688018.951655753,5439066.455298568,0.260748343
3300,3300,1690063.87011107,5439041.867192193,0.096342858
3301,3301,1673817.717394219,5439214.288109547,0.188760725
3302,3302,1687726.737675156,5439090.914852233,-0.36637424
3303,3303,1689966.238348798,5439033.879680489,-0.75626983
3304,3304,1673770.739629286,5439206.572704143,0.049920048
3305,3305,1687932.888009791,5439048.272861487,-0.680298557
3306,3306,1687972.348188439,5439047.512638981,-0.352547796
3307,3307,1672481.065616797,5439234.103889549,0.321524503
3308,3308,1672480.193559221,5439160.380999003,0.455947928
3309,3309,1672449.414044652,5439120.420183316,0.249496268
3310,3310,1672428.825102289,5439088.325033543,0.700875025
3311,3311,1672421.256530236,5439073.127923757,0.598461562
3312,3312,1672413.463315841,5439058.557625913,0.263071475
3313,3313,1672391.647784794,5439037.683556397,0.398953506
3314,3314,1675199.857196222,5438960.380209422,-9999.0
3315,3315,1672307.271749227,5438976.446267074,0.155074111
3316,3316,1675055.971818927,5438881.843150685,-0.278999957
3317,3317,1672269.515454037,5438899.519613021,-0.513199963
3318,3318,1675048.146172402,5438872.349707917,0.190000049
3319,3319,1685118.638919843,5438763.604418699,2.100079997
3320,3320,1685177.307988035,5438767.061350193,1.019170953
3321,3321,1685041.452127653,5438753.195470273,-0.11768292
3322,3322,1685016.074915696,5438744.714168963,2.804499982
3323,3323,1685234.723132139,5438747.408836648,0.57606113
3324,3324,1685262.454117024,5438730.673196075,0.141325762
3325,3325,1672253.308077021,5438860.679735144,0.170578987
3326,3326,1676276.113820528,5438876.299995389,0.159916617
3327,3327,1686773.726661189,5438692.57928191,1.182551025
3328,3328,1676641.157308692,5438793.933577183,0.24326579
3329,3329,1676245.087954061,5438795.107609901,0.521006248
3330,3330,1677271.732251248,5438778.519415607,-0.431230744
3331,3331,1672243.153957572,5438825.021982704,0.340426864
3332,3332,1676229.763103764,5438770.334203658,0.554077921
3333,3333,1686758.312340552,5438645.642122542,1.758800654
3334,3334,1685825.038601312,5438625.48608736,-0.973666688
3335,3335,1685908.39317424,5438624.486379428,-9999.0
3336,3336,1674511.883004016,5438733.234079632,-0.000399949
3337,3337,1674504.127408123,5438703.192930075,-9999.0
3338,3338,1674497.36916072,5438687.689895063,0.286400054
3339,3339,1673456.706447057,5438679.164597862,0.285927292
3340,3340,1673444.843642269,5438669.559386482,0.363269265
3341,3341,1685289.218040622,5438538.107249216,0.512009191
3342,3342,1672220.076261726,5438716.440638782,0.416297311
3343,3343,1679444.236928249,5438576.450166689,-0.564024248
3344,3344,1673390.556926802,5438631.046745895,0.205661575
3345,3345,1686078.38326906,5438504.572010498,0.090879382
3346,3346,1672198.361762366,5438636.824382889,0.505223923
3347,3347,1673371.177222094,5438620.806364482,0.225067458
3348,3348,1679496.743186291,5438555.930904936,-0.595874952
3349,3349,1673350.594359382,5438610.366192898,0.412200031
3350,3350,1686088.122936719,5438471.751994754,-0.903272638
3351,3351,1672190.632416443,5438616.954274403,0.631984759
3352,3352,1679534.185329401,5438535.575545221,-0.653799953
3353,3353,1686418.872407068,5438457.746686947,-0.824583383
3354,3354,1672182.952464279,5438602.070322165,0.590763205
3355,3355,1686128.266990823,5438450.703732612,-0.85563153
3356,3356,1686154.297534686,5438450.960079557,-0.709280007
3357,3357,1685318.804576803,5438450.734760618,-0.900571385
3358,3358,1686143.21104439,5438442.630809245,-0.374544278
3359,3359,1672173.171333738,5438584.973554024,0.53733763
3360,3360,1685326.506702034,5438441.183101908,-0.880842061
3361,3361,1686431.420613819,5438434.423449315,-0.795298262
3362,3362,1685334.227055962,5438431.877119639,-0.928222186
3363,3363,1679556.24172197,5438466.288974999,-0.627266624
3364,3364,1686455.238329064,5438377.200759392,-0.951666633
3365,3365,1685389.908218476,5438379.992688203,-0.617338243
3366,3366,1685408.192771664,5438360.068528794,-0.587169237
3367,3367,1685420.266093808,5438349.971532612,-0.185899165
3368,3368,1685482.996987754,5438348.590836502,-0.116824998
3369,3369,1672076.323424342,5438483.445234672,0.484952428
3370,3370,1685475.143997229,5438339.047605199,0.270323074
3371,3371,1674132.416973852,5438452.826253773,0.312285761
3372,3372,1685455.575228072,5438329.513922113,1.361267443
3373,3373,1686506.326420001,5438328.897614924,0.117376413
3374,3374,1674079.35070559,5438404.828152732,0.06866672
3375,3375,1674056.263950571,5438373.846768779,0.309052652
3376,3376,1674032.590200626,5438353.768935879,0.251307738
3377,3377,1679517.02520388,5438320.643444533,-0.509943705
3378,3378,1673983.302650052,5438330.406277737,-9999.0
3379,3379,1684922.957300361,5438216.222352913,0.481833328
3380,3380,1673974.589975377,5438321.689581241,-9999.0
3381,3381,1684908.456757993,5438196.186273254,0.247246374
3382,3382,1684870.442814116,5438167.246923331,-0.090241387
3383,3383,1684655.288460566,5438160.163654814,0.129929825
3384,3384,1684847.754769884,5438158.289605157,-0.269711543
3385,3385,1672056.016030988,5438372.16974013,0.397550312
3386,3386,1684795.231337551,5438149.591653294,-0.709749986
3387,3387,1678943.025613596,5438202.898632463,-0.58187803
3388,3388,1672081.686494501,5438263.979335245,0.004666696
3389,3389,1684583.182870813,5438120.785735065,0.323267874
3390,3390,1672058.960164989,5438234.098497791,-9999.0
3391,3391,1673948.868446722,5438258.367885388,0.647983271
3392,3392,1678871.044332081,5438163.783414215,-0.49055552
3393,3393,1684567.795035439,5438101.110928168,0.446276597
3394,3394,1684522.219371728,5438051.782376003,0.009271173
3395,3395,1673911.907092635,5438180.906356266,-0.115361829
3396,3396,1684507.440717122,5438041.374583963,0.083117597
3397,3397,1679404.140280898,5438088.032191201,-0.937666674
3398,3398,1673878.665961284,5438118.41981246,-0.517708298
3399,3399,1679412.648182281,5438058.361772294,-0.585674717
3400,3400,1679423.41613313,5438048.078618472,-0.231363648
3401,3401,1671937.556787728,5438119.877496652,0.058333383
3402,3402,1679445.684383228,5438017.915346506,-0.594949977
3403,3403,1673864.848565915,5438066.478614416,-0.329769226
3404,3404,1679467.40899995,5437937.890120778,-0.570216201
3405,3405,1678616.050387606,5437917.198839433,-0.642612237
3406,3406,1678600.880362105,5437907.388860711,-0.065810358
3407,3407,1679466.539475506,5437858.111102099,-0.822749957
3408,3408,1673847.468932395,5437929.547952787,-0.473583656
3409,3409,1683980.931157717,5437757.641201361,-0.182499992
3410,3410,1678373.870909433,5437810.09731447,-0.147285731
3411,3411,1684016.554330011,5437745.494386789,-0.264335671
3412,3412,1684067.462246534,5437736.943874981,-0.483205905
3413,3413,1678328.469761181,5437790.638165527,0.173938459
3414,3414,1679466.035806088,5437792.16287632,0.181556365
3415,3415,1683893.243429461,5437730.766675404,-0.089266655
3416,3416,1684086.27877799,5437726.676037996,-0.16812926
3417,3417,1684149.584131089,5437727.272855794,-0.287250025
3418,3418,1676517.130269314,5437799.899590402,-0.031691263
3419,3419,1678313.300394521,5437780.827595674,-0.057969235
3420,3420,1684102.536171802,5437719.944634861,-0.007336326
3421,3421,1684130.162571285,5437716.769974359,0.155067797
3422,3422,1676224.22487985,5437800.197328971,-0.236292333
3423,3423,1678297.968006188,5437771.321217075,-0.05436924
3424,3424,1676452.906702903,5437780.626407487,-0.104574999
3425,3425,1676543.297353846,5437787.711983226,-0.204025723
3426,3426,1676258.939039797,5437779.241604589,-0.396606533
3427,3427,1679445.247490429,5437738.047546769,-0.100176486
3428,3428,1682748.948298836,5437702.138075077,-0.476219499
3429,3429,1682768.447440187,5437694.451725725,-0.789785683
3430,3430,1673221.661661087,5437784.012366409,0.744368415
3431,3431,1676301.776533124,5437756.75170585,-0.172304545
3432,3432,1676337.75258016,5437742.257815059,0.200158212
3433,3433,1676589.727409391,5437753.201643427,-0.293030892
3434,3434,1676635.666360664,5437726.779885489,-0.138741025
3435,3435,1673183.716232009,5437744.36123821,0.115904131
3436,3436,1676662.037512288,5437705.855510459,-0.329148261
3437,3437,1683409.185820343,5437634.777440517,-0.779499953
3438,3438,1676689.191900617,5437688.383591793,0.100096089
3439,3439,1683420.890188514,5437618.202808522,-9999.0
3440,3440,1676715.453121399,5437678.862698667,-0.016695631
3441,3441,1683444.391501479,5437604.222418841,-0.428619709
3442,3442,1671259.942361143,5437783.161342791,0.437572044
3443,3443,1676873.241075429,5437674.186997282,-0.300575705
3444,3444,1671268.735048983,5437714.023512996,-0.030799958
3445,3445,1675889.10101194,5437669.210086263,-0.326880014
3446,3446,1676937.399063389,5437655.848056356,0.068440443
3447,3447,1679412.520288964,5437632.835831544,-0.380237637
3448,3448,1683475.724910388,5437591.587538433,-0.290645698
3449,3449,1683719.035447862,5437581.138756231,-0.205274996
3450,3450,1671285.345460399,5437704.738095089,0.151600049
3451,3451,1675856.406000202,5437658.328489181,0.212999994
3452,3452,1683506.362374985,5437575.591861106,-0.362024685
3453,3453,1683703.813221401,5437571.410034755,-0.077389627
3454,3454,1671327.62492249,5437699.549191688,0.645633368
3455,3455,1675788.719739009,5437647.932757318,-0.269885308
3456,3456,1677023.794454679,5437634.988845268,-0.071340101
3457,3457,1678099.836025448,5437626.794493481,-0.373791718
3458,3458,1683192.029094809,5437570.836260764,-0.918599951
3459,3459,1683527.443377293,5437564.791209593,-0.286313738
3460,3460,1683636.348414498,5437562.460366394,-0.033598789
3461,3461,1671345.371020278,5437682.796263513,-0.213999944
3462,3462,1677042.51643504,5437624.817543192,-0.183369222
3463,3463,1683296.967124618,5437556.039796502,0.463487501
3464,3464,1675743.326877685,5437628.457622362,0.087840575
3465,3465,1677125.251226846,5437613.969266557,-0.150988742
3466,3466,1677972.501487083,5437606.515288182,-0.443476189
3467,3467,1677991.386106454,5437604.823297701,0.22226667
3468,3468,1678035.025545652,5437605.128718881,-0.255661007
3469,3469,1682833.373571116,5437565.020015071,-9999.0
3470,3470,1683101.048574767,5437548.301963003,0.573875004
3471,3471,1683217.356346899,5437551.565256797,-9999.0
3472,3472,1671352.929975076,5437668.5958328,0.113682964
3473,3473,1681963.27434002,5437553.370522644,-0.614777774
3474,3474,1683078.342093969,5437538.587059991,0.317457134
3475,3475,1683240.529644055,5437537.461866605,-0.519961542
3476,3476,1671365.968654599,5437653.934324934,-0.145749961
3477,3477,1675690.40336421,5437609.060386946,-0.002147816
3478,3478,1681948.049005786,5437544.267612767,-0.541307648
3479,3479,1682143.998866979,5437551.662497456,-0.500523817
3480,3480,1682845.209454023,5437540.855647185,-0.796944443
3481,3481,1683051.870212395,5437528.914981667,0.150573331
3482,3482,1671375.934093906,5437645.25861172,-9999.0
3483,3483,1679410.616644068,5437564.500297981,-0.269448846
3484,3484,1680231.430817562,5437550.526495405,-0.887749955
3485,3485,1681919.47445727,5437535.338543549,-0.913666626
3486,3486,1682225.121755305,5437532.548156143,0.1016
3487,3487,1682898.099969143,5437520.769067251,-0.111167425
3488,3488,1682991.161917976,5437521.451871192,0.171679171
3489,3489,1677190.520526375,5437594.705133575,-0.448339082
3490,3490,1677230.155971274,5437562.991282214,-0.068474224
3491,3491,1680253.992196844,5437530.910198772,-0.508517823
3492,3492,1680268.865742942,5437530.167229448,-0.631189172
3493,3493,1682439.75482711,5437513.709021472,-0.356091667
3494,3494,1677241.346624156,5437552.899235784,-0.411219993
3495,3495,1680287.87627585,5437520.217656448,-0.148098568
3496,3496,1680313.941188387,5437519.697193592,-0.523469392
3497,3497,1671450.021980573,5437601.98495317,-0.171999959
3498,3498,1677248.771819279,5437542.847068672,-0.515678548
3499,3499,1677256.144153967,5437527.808710273,-0.643999982
3500,3500,1675550.254961409,5437530.726599299,-0.571574045
3501,3501,1677267.281868723,5437512.730426196,-0.191782926
3502,3502,1677519.564441674,5437510.052173291,0.107385714
3503,3503,1677706.260822807,5437512.288041315,-0.359783992
3504,3504,1671487.285005618,5437561.72642724,0.152125047
3505,3505,1675471.078147656,5437521.573241677,-0.037222223
3506,3506,1677282.237798278,5437502.598401682,-0.383023622
3507,3507,1677488.264262184,5437507.087915205,-0.268129152
3508,3508,1677632.494594499,5437498.890270477,-0.28340619
3509,3509,1677312.255290864,5437492.306632604,-0.332172722
3510,3510,1677432.748129214,5437491.027806925,-0.435519405
3511,3511,1671494.571304163,5437536.721708076,0.186770875
3512,3512,1675427.73728814,5437499.321868022,0.096571445
3513,3513,1679353.423623995,5437460.715786609,-0.244388653
3514,3514,1681743.376828643,5437427.330508391,-0.332769247
3515,3515,1677352.919005134,5437472.306426684,0.21768625
3516,3516,1679364.074145866,5437440.337554288,-0.604080027
3517,3517,1675274.762338378,5437473.735817862,0.23817952
3518,3518,1675351.471186396,5437480.670011,-0.712661374
3519,3519,1675404.219229026,5437480.204247064,-0.24311473
3520,3520,1675252.067135817,5437463.996696447,0.308749982
3521,3521,1679378.918529665,5437420.228800982,-0.552637899
3522,3522,1675236.902728555,5437454.179788014,-0.053774973
3523,3523,1681654.56956639,5437377.225492766,-0.460826082
3524,3524,1675214.104750175,5437434.468183954,0.025512856
3525,3525,1681630.037498109,5437367.587302823,-0.051942844
3526,3526,1671507.269282868,5437494.797302736,0.167322064
3527,3527,1675172.480164801,5437414.950668349,-0.528019186
3528,3528,1675142.151813044,5437395.316494336,-0.285142817
3529,3529,1675130.753029294,5437385.460556934,0.197186687
3530,3530,1680381.663609097,5437332.519419786,-0.634119044
3531,3531,1680379.355111162,5437304.543488065,-0.040848927
3532,3532,1671500.537112991,5437377.090255387,-0.823999941
3533,3533,1671492.664205467,5437342.260864838,-0.287749953
3534,3534,1680342.721177555,5437238.625541971,-0.935000047
3535,3535,1679279.498777237,5437241.198719894,-0.327136383
3536,3536,1680740.632454488,5437241.985033751,-0.37092373
3537,3537,1680735.889296952,5437212.456386052,-0.987999946
3538,3538,1680735.038430942,5437159.993555083,-9999.0
3539,3539,1680742.727663395,5437150.702814952,-9999.0
3540,3540,1680760.306203175,5437136.656355363,-0.879999995
3541,3541,1680781.390913565,5437127.077256922,-0.820274497
3542,3542,1680428.490684808,5437122.355090749,-0.779155527
3543,3543,1680803.40608247,5437117.772750122,-0.823534916
3544,3544,1679703.235382637,5437117.482777397,-0.071836759
3545,3545,1680821.447928165,5437106.679994277,-0.849444422
3546,3546,1679202.352175238,5437112.968792591,-0.617705874
3547,3547,1679721.952440488,5437107.304515701,-0.45607271
3548,3548,1679740.669446865,5437097.126200184,-0.5184
3549,3549,1671386.292682312,5437172.921857347,-9999.0
3550,3550,1680844.258283744,5437080.729995016,-0.830144745
3551,3551,1680853.639170008,5437057.892617472,-9999.0
3552,3552,1680861.570487089,5437020.458046365,-9999.0
3553,3553,1671370.185605975,5437084.154964058,1.457913033
3554,3554,1671369.343596767,5437054.243274,-0.502529404
3555,3555,1679767.023264789,5436952.146455412,-0.760807718
3556,3556,1680866.602069569,5436952.51054526,-9999.0
3557,3557,1679780.34039413,5436937.114719619,-0.352356424
3558,3558,1679863.064039321,5436926.235215968,-0.797833352
3559,3559,1679870.742042489,5436916.580508118,-9999.0
3560,3560,1680900.786427075,5436905.881930321,-0.926210567
3561,3561,1679886.875489214,5436899.127837524,-9999.0
3562,3562,1671346.167124441,5436994.630319019,-0.480500001
3563,3563,1680929.992696943,5436882.67694221,-0.897777745
3564,3564,1679909.543415633,5436879.181352949,-0.946999967
3565,3565,1680940.952417756,5436867.024862836,-0.961333325
3566,3566,1680965.582707416,5436844.770688728,-0.641541296
3567,3567,1671330.521161107,5436934.943547422,-0.239542854
3568,3568,1681022.136422816,5436811.621562606,-0.972666621
3569,3569,1681048.190736441,5436783.808933342,-0.721131151
3570,3570,1679247.721965795,5436783.347880735,-0.202933334
3571,3571,1679271.454192152,5436789.760795295,0.028639608
3572,3572,1681060.627902875,5436764.114819771,-0.644647058
3573,3573,1681425.976746218,5436721.761030816,-0.702399956
3574,3574,1679126.699079919,5436734.794905434,-0.57519266
3575,3575,1679061.959082684,5436726.318882023,-0.399463404
3576,3576,1681074.916437747,5436707.583512777,-0.966999978
3577,3577,1681350.350802799,5436673.913306847,-0.350615343
3578,3578,1681276.977765388,5436666.682287615,-0.995999932
3579,3579,1681320.891971465,5436661.504765932,-0.427515129
3580,3580,1678972.270162711,5436678.9846572,-0.861384607
3581,3581,1678595.15044105,5436669.940788645,0.059034782
3582,3582,1674795.596475418,5436650.873894829,-0.73234041
3583,3583,1674618.541793281,5436642.715362571,-0.931999998
3584,3584,1674704.077664921,5436642.093626028,0.120282614
3585,3585,1674810.555039195,5436641.526713461,-0.622527
3586,3586,1678812.273043588,5436568.786749892,0.350376815
3587,3587,1674557.870011809,5436603.477646422,0.244256395
3588,3588,1678646.081961334,5436521.381751905,0.116199999
3589,3589,1674346.550323403,5436555.734303933,-0.597754336
3590,3590,1678723.517248822,5436533.149306715,0.224686777
3591,3591,1670608.662501895,5436729.581811959,0.263637148
3592,3592,1674361.508157519,5436545.608285283,-0.562646145
3593,3593,1670664.291092829,5436572.421094914,-0.182602725
3594,3594,1672322.885580225,5436564.368554341,-0.182678407
3595,3595,1674402.820019298,5436535.213228255,-0.161711109
3596,3596,1678551.754353828,5436556.732575603,0.302192889
3597,3597,1672268.031748824,5436546.721369925,0.199300033
3598,3598,1672356.282955591,5436543.092664188,-0.745571391
3599,3599,1674236.698754656,5436517.128548083,-0.459664189
3600,3600,1672365.720527028,5436525.805317433,-0.523938721
3601,3601,1672373.151230013,5436515.758177885,-0.115847221
3602,3602,1672380.581912232,5436505.71103034,-0.001785716
3603,3603,1670699.813296207,5436527.605197755,-0.267970502
3604,3604,1670761.500195527,5436501.66479235,-0.20285713
3605,3605,1672400.116242631,5436492.773264041,-0.62972877
3606,3606,1674067.035848803,5436468.819699457,-0.121199986
3607,3607,1670783.992403621,5436491.473064727,-0.38695831
3608,3608,1674020.135297914,5436467.626634272,-0.165117803
3609,3609,1672415.827339559,5436472.687775563,-0.414640507
3610,3610,1670817.688998059,5436471.203623821,-0.286438344
3611,3611,1672440.324001698,5436455.250665933,0.236617389
3612,3612,1672462.912990561,5436455.02610085,0.055575017
3613,3613,1672470.343486501,5436444.978858452,0.019457161
3614,3614,1670858.901343453,5436450.851883034,-0.298823517
3615,3615,1673946.965609023,5436437.105133902,0.31255917
3616,3616,1670877.62844881,5436440.696469652,0.076056629
3617,3617,1673912.070175878,5436410.55258743,0.63443243
3618,3618,1672481.911920424,5436425.308156963,-0.355196693
3619,3619,1673896.909781468,5436400.732929674,0.46522667
3620,3620,1670896.258488961,5436420.568643372,-0.640018855
3621,3621,1673271.850595887,5436397.070891082,-0.551195607
3622,3622,1673877.984620048,5436390.951408536,0.440449995
3623,3623,1670903.691071079,5436410.523024978,-0.733866624
3624,3624,1672499.966053217,5436394.817438141,-0.158684168
3625,3625,1673135.747918409,5436387.469141165,-0.013451702
3626,3626,1673832.604856347,5436371.464505405,0.613072463
3627,3627,1673430.941972078,5436384.983585795,-0.050167051
3628,3628,1673805.945725676,5436361.920015075,0.735972413
3629,3629,1673030.450328475,5436366.560811832,0.066603793
3630,3630,1673758.997541673,5436355.019786404,-0.014619039
3631,3631,1670920.003504948,5436382.463962254,-0.462580185
3632,3632,1672875.121809189,5436356.761981119,0.119726705
3633,3633,1673664.345880605,5436347.705187323,0.106505943
3634,3634,1670933.324125165,5436360.368106426,-0.431257172
3635,3635,1672573.09950992,5436353.648092442,-0.20357015
3636,3636,1672729.737790849,5436343.192602716,-0.153662895
3637,3637,1670957.416740946,5436332.931212851,-0.354609106
3638,3638,1670986.083712731,5436295.955332343,0.028121464
3639,3639,1671005.736941688,5436277.12335913,-0.042660185
3640,3640,1671030.236195889,5436259.691023369,-0.564789448
3641,3641,1671045.100633825,5436239.599491489,0.085487509
3642,3642,1671062.512422139,5436186.334326664,-0.111736829
3643,3643,1677458.604600335,5436061.159835785,0.135545455
3644,3644,1677495.915120207,5436051.720131714,0.127512195
3645,3645,1671051.586537029,5436119.637924234,0.226800007
3646,3646,1677657.692109528,5436045.515009291,0.418300518
3647,3647,1676570.130793014,5436034.037155704,0.2131
3648,3648,1676562.391946731,5436014.171483511,0.123557138
3649,3649,1677675.915497014,5436012.774745922,0.492000005
3650,3650,1674779.695009691,5436019.101716054,-0.215500021
3651,3651,1671043.415435768,5436052.130184245,-0.483676933
3652,3652,1674768.978256403,5435999.991723791,-0.390357151
3653,3653,1671042.913059909,5436015.221189758,-0.133918744
3654,3654,1677682.347517461,5435957.552942955,0.37622831
3655,3655,1671050.296392936,5436000.189218812,0.123166657
3656,3656,1671057.728318926,5435990.143428661,0.228243237
3657,3657,1677687.580141965,5435921.326105902,0.371000007
3658,3658,1671075.227942097,5435977.939032123,0.012525501
3659,3659,1674737.281073293,5435918.882060047,-0.218188951
3660,3660,1676259.864587201,5435887.688574698,0.151299998
3661,3661,1671094.83898689,5435934.928175209,0.282837494
3662,3662,1674491.3280781,5435893.222925,-0.113769252
3663,3663,1677683.373830619,5435878.600704097,0.402765
3664,3664,1674484.013107552,5435884.952163934,-0.150304364
3665,3665,1674478.228591407,5435865.244228342,-0.40200001
3666,3666,1674474.892137877,5435846.254126014,-0.101820847
3667,3667,1677622.715114776,5435815.19471899,0.04242623
3668,3668,1677597.667399246,5435799.294361815,-0.022461164
3669,3669,1677574.559762447,5435784.631379004,-0.029218578
3670,3670,1674451.855284465,5435806.652567807,-0.544829222
3671,3671,1677550.049236796,5435774.335954554,0.220487013
3672,3672,1671077.239461617,5435856.028332772,-0.080676526
3673,3673,1677512.297995321,5435764.764117872,-0.21482
3674,3674,1671054.281109346,5435715.79166879,-0.206447653
3675,3675,1671047.136063632,5435676.087081025,0.394550003
3676,3676,1677273.017812215,5435609.410236587,-0.24572341
3677,3677,1677257.773605873,5435600.090155675,-0.343717945
3678,3678,1671057.369780027,5435618.80688456,-0.333610763
3679,3679,1674101.137289217,5435583.592244378,-0.341025265
3680,3680,1671055.517811642,5435574.271107466,-0.330218384
3681,3681,1671075.938058511,5435541.166258845,-0.5807887
3682,3682,1671083.272163279,5435521.148050504,-0.278594606
3683,3683,1671098.134885391,5435501.056366465,-0.5237333
3684,3684,1671112.997524441,5435480.964650445,-0.381743568
3685,3685,1671125.754991143,5435458.140399375,-0.122966169
3686,3686,1676511.441079557,5435369.586134333,-0.975999951
3687,3687,1676710.215108803,5435354.946621859,-0.079601944
3688,3688,1671146.285730449,5435419.770444036,0.087768438
3689,3689,1677032.498179107,5435410.545496643,0.429471229
3690,3690,1676863.621881613,5435302.880986036,0.042171429
3691,3691,1676818.175629216,5435290.315697616,0.116269431
3692,3692,1671112.219194621,5435334.238411685,-0.636114265
3693,3693,1676667.759563604,5435320.799355493,0.447956792
3694,3694,1676768.850926741,5435277.371906337,0.273568628
3695,3695,1671122.732773715,5435321.296320459,-0.729127232
3696,3696,1676061.208485131,5435251.461954859,-0.551576275
3697,3697,1676145.828535371,5435228.66533061,-0.274619966
3698,3698,1676327.105949845,5435179.874901278,-0.061915251
3699,3699,1676230.794826638,5435175.934780318,0.168650668
3700,3700,1671060.416220753,5435124.10087195,0.199925086
3701,3701,1671093.414708721,5435017.395811526,-0.382782595
3702,3702,1675625.319179069,5434966.769094542,-0.088443474
3703,3703,1675580.046696717,5434957.265497212,-0.208624984
3704,3704,1671106.025358737,5434979.612985145,-0.179475685
3705,3705,1675530.80345514,5434927.855830896,-0.23218001
3706,3706,1675485.531349769,5434918.351644697,0.076108118
3707,3707,1675307.638478653,5434881.99603131,-0.351645795
3708,3708,1671108.771946015,5434920.161078689,-0.728810785
3709,3709,1675266.767828883,5434825.001514542,-0.670999974
3710,3710,1671123.79109651,5434853.688252077,-0.907294072
3711,3711,1675193.942905155,5434773.088497886,-0.625703687
3712,3712,1666522.572339728,5434814.000324618,-0.114514274
3713,3713,1675068.399315976,5434713.760465145,0.117432014
3714,3714,1666439.06289012,5434774.345431869,0.084833334
3715,3715,1671146.30064436,5434774.101057787,-0.073697646
3716,3716,1671150.766314323,5434722.622307643,0.336113928
3717,3717,1666359.57177632,5434751.107426757,0.048954546
3718,3718,1671143.043648793,5434702.751065991,0.355150004
3719,3719,1666333.140759153,5434727.395507333,0.076392857
3720,3720,1671135.942825286,5434672.731786776,-0.430819672
3721,3721,1666316.373072488,5434706.680200197,0.146996492
3722,3722,1666294.578143792,5434688.655245827,0.372542853
3723,3723,1666812.067800206,5434674.929410898,0.515026575
3724,3724,1666253.382320627,5434633.158156529,0.078628983
3725,3725,1666286.460459098,5434623.903333986,0.320685713
3726,3726,1666333.249487978,5434639.99219556,0.097517997
3727,3727,1666361.510220554,5434598.286911217,-0.052528573
3728,3728,1666380.238497674,5434588.143041858,-0.030573334
3729,3729,1675040.821315706,5434504.061013407,-0.019437502
3730,3730,1675057.216960158,5434521.363439118,0.02583202
3731,3731,1671158.67007658,5434547.740234934,-0.210631609
3732,3732,1671203.304197689,5434460.965840257,-0.072216086
3733,3733,1666378.778938509,5434465.450369361,0.347707081
3734,3734,1666514.279107688,5434427.348831098,0.208626678
3735,3735,1666574.499037368,5434426.798592142,-0.269819355
3736,3736,1666408.394540068,5434529.960999722,0.26626298
3737,3737,1666603.293312751,5434414.50174589,-0.08525001
3738,3738,1667097.475983763,5434402.052790374,0.99992857
3739,3739,1674952.405611731,5434325.449027221,-0.150469382
3740,3740,1674994.896960095,5434359.606946997,0.044108876
3741,3741,1666623.154053783,5434396.434044587,-0.250199993
3742,3742,1671233.756677332,5434389.410174221,-0.141992022
3743,3743,1666630.590277912,5434386.392801571,-0.177185716
3744,3744,1667112.347136063,5434381.969312609,1.321157118
3745,3745,1667122.994746187,5434371.52636866,1.068176461
3746,3746,1671282.461155573,5434332.3740133,-0.31757144
3747,3747,1666645.462663891,5434366.310291556,-0.092457135
3748,3748,1667141.966126387,5434361.125500687,1.059629036
3749,3749,1666652.898825741,5434356.269024561,-0.072774994
3750,3750,1666671.626080479,5434346.12438902,-0.373560001
3751,3751,1666686.589584194,5434336.014171699,-0.247346653
3752,3752,1666712.759659684,5434323.861846791,0.154890449
3753,3753,1671282.103933794,5434292.565489821,-0.309740154
3754,3754,1666731.479847464,5434305.683331372,-0.407540002
3755,3755,1666742.679507015,5434295.607484862,-0.478571422
3756,3756,1666757.642809298,5434285.497118365,-0.509985066
3757,3757,1666765.078733053,5434275.45573276,0.06205062
3758,3758,1667322.211526302,5434260.62726704,0.346932035
3759,3759,1666790.108433151,5434263.192625131,-0.336205133
3760,3760,1666813.731952112,5434245.089866023,-0.35688
3761,3761,1671251.283641301,5434201.615406997,-0.359391316
3762,3762,1666832.367183654,5434224.972432814,-0.166885704
3763,3763,1674686.428610522,5434156.030908043,0.473363233
3764,3764,1666852.662832613,5434202.086679708,-0.566039988
3765,3765,1671235.899179907,5434152.927130437,-0.620235321
3766,3766,1666872.17642876,5434182.653714136,-0.526975185
3767,3767,1666892.035868768,5434164.585257693,-0.235525017
3768,3768,1666899.517210002,5434154.608493562,-0.395428588
3769,3769,1666911.677313738,5434145.110782545,-0.285033327
3770,3770,1666936.924225203,5434134.25312029,-0.435974991
3771,3771,1666951.886928054,5434124.142345033,-0.530249997
3772,3772,1670960.152637684,5434085.575134246,-0.608294844
3773,3773,1670948.727147665,5434076.325914503,-0.808466709
3774,3774,1670941.102814627,5434066.426845751,-0.765034462
3775,3775,1666965.481193962,5434103.187446024,-0.219858523
3776,3776,1666981.628758267,5434083.975930725,-0.283000006
3777,3777,1666996.499842483,5434063.893059951,-0.363557141
3778,3778,1667046.986317544,5434048.903372777,0.423178444
3779,3779,1674507.714598524,5433962.725978605,-0.292406675
3780,3780,1667063.738521436,5434008.421002205,-0.153906354
3781,3781,1670639.251933349,5433917.539732853,-0.524848496
3782,3782,1670623.359258109,5433899.912513438,-0.488063492
3783,3783,1667083.265937747,5433929.853597348,-0.169110924
3784,3784,1670601.13921185,5433870.259908553,0.017755545
3785,3785,1667119.874712032,5433867.10777178,-0.198195122
3786,3786,1667122.346362414,5433833.349383156,-0.32731429
3787,3787,1667129.781310716,5433823.307606647,-0.394624999
3788,3788,1667137.216238255,5433813.265822145,-0.323800003
3789,3789,1667144.651145031,5433803.22402965,-0.285400013
3790,3790,1667159.648608599,5433785.780488566,-0.529289671
3791,3791,1670296.426688497,5433742.601926569,0.34645206
3792,3792,1670335.750160482,5433743.17894303,-0.187289483
3793,3793,1670320.600187598,5433733.351930921,-0.129469548
3794,3794,1667174.298565122,5433753.084389061,-0.606492972
3795,3795,1674256.379058919,5433674.331233094,0.029326533
3796,3796,1667185.404733221,5433733.03544474,-0.469541095
3797,3797,1670156.083349176,5433693.080966266,-0.809000012
3798,3798,1670131.469124022,5433635.442739427,-0.882333308
3799,3799,1674157.962058905,5433565.626246375,0.786975005
3800,3800,1668091.884948733,5433602.528828141,-0.148444451
3801,3801,1670108.408857278,5433585.798173,-0.755700035
3802,3802,1674171.913858318,5433556.362572204,1.019452835
3803,3803,1669844.821150107,5433522.976919764,0.32430263
3804,3804,1669821.630485291,5433508.767303099,0.388600003
3805,3805,1674131.653651762,5433515.386422182,0.414481933
3806,3806,1669814.008279782,5433498.867072306,-0.026099997
3807,3807,1673997.927156761,5433387.93685125,0.274942309
3808,3808,1674061.270775951,5433416.163435742,0.351455511
3809,3809,1667163.883518748,5433467.066778905,0.144813852
3810,3810,1673753.162228497,5433360.295523638,-0.147078561
3811,3811,1673802.084361841,5433359.799812497,-0.110123272
3812,3812,1673934.416813901,5433349.173722624,0.172792421
3813,3813,1673604.084622751,5433339.909997918,-0.275636613
3814,3814,1673686.440455519,5433339.017566886,-0.39371965
3815,3815,1673557.070683299,5433322.385595994,0.013523207
3816,3816,1673645.606189235,5433321.762151551,-0.394012505
3817,3817,1667155.795637573,5433379.258507049,-0.600289169
3818,3818,1673523.000285815,5433302.782863206,0.080074989
3819,3819,1673289.580901478,5433295.162911633,-0.401797603
3820,3820,1673410.003441281,5433293.949662002,0.096804549
3821,3821,1673462.688297893,5433293.418193273,-0.380234107
3822,3822,1667155.47368894,5433344.355101772,-0.855272741
3823,3823,1673321.013356965,5433285.65929241,-0.043859876
3824,3824,1673376.057753021,5433285.648983513,-0.345951195
3825,3825,1673209.728186775,5433246.325226932,-0.213609038
3826,3826,1667152.927936375,5433291.74506848,-0.704019973
3827,3827,1667205.856849202,5433094.558969173,-0.870230723
3828,3828,1667235.592922939,5433054.391386365,-9999.0
3829,3829,1667243.026889456,5433044.34947068,-0.847333312
3830,3830,1667257.343680575,5432964.437993421,-0.774999988
3831,3831,1667301.668083766,5432874.262220882,-0.597724106
3832,3832,1667309.336901198,5432864.583646133,-0.911999941
3833,3833,1667321.41210696,5432854.751595456,-0.936999947
3834,3834,1667339.680035361,5432835.965662926,-9999.0
3835,3835,1667348.244301975,5432827.017937914,-9999.0
3836,3836,1667356.297007584,5432817.472185018,-9999.0
3837,3837,1665438.225834918,5432786.052380688,0.541933336
3838,3838,1667391.69154249,5432773.699887587,-9999.0
3839,3839,1664719.501968784,5432792.039965091,0.402947836
3840,3840,1664692.127698731,5432744.578499669,0.0446
3841,3841,1667416.660073937,5432718.031335743,-9999.0
3842,3842,1664686.396178174,5432709.685111479,-0.215532889
3843,3843,1672385.440072217,5432637.783246586,-0.695506149
3844,3844,1672997.710966058,5432590.874514767,0.401670593
3845,3845,1670745.923695235,5432594.549384887,-0.26715676
3846,3846,1670668.932098243,5432587.629653278,-0.925333281
3847,3847,1672970.287483208,5432596.525062488,0.367577178
3848,3848,1670638.014772668,5432577.626435962,-0.943999946
3849,3849,1670617.151898628,5432566.422900354,-0.827999987
3850,3850,1670794.581448165,5432566.567986882,-9999.0
3851,3851,1672394.17522482,5432571.076010323,-0.728539656
3852,3852,1670806.394033301,5432552.324892733,-0.723333344
3853,3853,1672907.91277816,5432554.175492821,0.568448744
3854,3854,1670820.733162877,5432526.715063896,-0.335351625
3855,3855,1667193.505267038,5432554.744013151,0.210469388
3856,3856,1672393.701907535,5432492.579091106,-0.812314315
3857,3857,1672848.628575433,5432481.767647958,0.327193343
3858,3858,1672825.952110927,5432472.021143215,0.010352943
3859,3859,1672807.038478703,5432462.236933311,0.332674994
3860,3860,1664512.411070839,5432618.283900921,0.569821428
3861,3861,1670832.085327148,5432471.826067463,-0.619783167
3862,3862,1672742.672714312,5432422.986783402,-0.355026662
3863,3863,1672407.799539979,5432441.890737612,-0.123358177
3864,3864,1672415.115076277,5432406.306285264,0.556887501
3865,3865,1672704.845985667,5432403.417881044,-0.455865777
3866,3866,1672629.392174067,5432384.22435872,0.120499998
3867,3867,1672538.987309811,5432375.152417634,0.210585742
3868,3868,1670847.504695259,5432399.017040304,-0.296265017
3869,3869,1664451.917161708,5432401.392669555,-0.524000012
3870,3870,1670838.102423,5432323.013652142,-0.30085732
3871,3871,1670872.450730105,5432268.86052694,-0.435730356
3872,3872,1670905.15289315,5432222.473994244,-0.555181417
3873,3873,1672092.862823202,5432190.238802427,-0.252986117
3874,3874,1670953.246569398,5432177.679819006,-0.219386977
3875,3875,1670167.332744433,5432163.291115268,0.510749996
3876,3876,1670976.26924914,5432164.089405304,-0.944333285
3877,3877,1672016.987782822,5432141.094916981,-0.278732853
3878,3878,1670117.332131222,5432142.989340648,-0.204492181
3879,3879,1671956.964381694,5432121.621356102,-0.304730777
3880,3880,1670986.217266058,5432145.808113133,-9999.0
3881,3881,1671919.239945471,5432112.020840148,0.179499993
3882,3882,1664063.491056681,5432184.995372252,0.54031557
3883,3883,1671005.174801613,5432098.229809754,-0.60076466
3884,3884,1671692.019635601,5432088.25562817,0.151046796
3885,3885,1671792.940716788,5432088.013090949,-0.185000002
3886,3886,1669636.232716399,5432086.117033677,-0.089514289
3887,3887,1669710.802454427,5432086.247058586,-0.891176424
3888,3888,1669725.698543709,5432076.599361015,-0.973999977
3889,3889,1671027.559934156,5432066.842621212,-0.410273535
3890,3890,1671053.067009567,5432040.741891663,-0.302808324
3891,3891,1669757.575858415,5432061.660262633,-0.907578901
3892,3892,1671066.263981897,5432023.419338887,-0.191792916
3893,3893,1664381.676229866,5432073.103784394,-0.079365381
3894,3894,1663930.149254237,5432056.933387568,-0.341090887
3895,3895,1671086.731714295,5431994.173780479,-0.872636389
3896,3896,1664001.549141327,5432046.332645261,-0.489464441
3897,3897,1671095.900210915,5431973.49743525,-0.964666605
3898,3898,1671112.271099402,5431960.833207119,-0.850304356
3899,3899,1669247.695974575,5431981.957301713,-0.715282601
3900,3900,1669193.968083079,5431963.603641629,-9999.0
3901,3901,1671129.304054044,5431938.053781094,-0.523258276
3902,3902,1671535.91755235,5431917.664705151,-0.84089743
3903,3903,1668619.463943257,5431936.410754803,-0.328711522
3904,3904,1671150.777729199,5431917.217984331,-0.533128529
3905,3905,1671175.865357626,5431899.914510765,-0.14355
3906,3906,1671318.819574549,5431905.003848803,-0.288541505
3907,3907,1671354.750417309,5431902.484498384,-0.108901127
3908,3908,1671296.166659962,5431888.763497084,0.519824997
3909,3909,1671247.968088828,5431886.370330734,0.157681274
3910,3910,1671384.36159446,5431885.145823658,-0.268944442
3911,3911,1671427.660723442,5431867.892894702,0.592933974
3912,3912,1665252.226263681,5431785.895774563,-0.493999954
3913,3913,1668478.370773092,5431739.482026734,0.017466684
3914,3914,1665364.649547256,5431735.020703648,-0.758363591
3915,3915,1664145.561557315,5431735.89601186,-0.082152175
3916,3916,1665390.89636011,5431724.811666988,-0.726333285
3917,3917,1664251.367698589,5431724.989366182,-0.18708
3918,3918,1665417.14309815,5431714.602521053,-0.679443849
3919,3919,1668328.999089593,5431667.168697895,-0.446812499
3920,3920,1665535.256328261,5431690.84027781,-0.509861372
3921,3921,1663738.865798089,5431687.05326051,0.185631579
3922,3922,1665567.47466648,5431673.844846645,-0.566739966
3923,3923,1668073.688576613,5431662.157180463,0.109862069
3924,3924,1668313.696210666,5431650.511461686,0.3559
3925,3925,1668361.178461311,5431659.621033986,-0.355678948
3926,3926,1663889.197107421,5431678.312311829,0.329075003
3927,3927,1663941.869428779,5431677.849655479,0.0834
3928,3928,1665575.697072202,5431667.124712314,-0.410923064
3929,3929,1668298.752769416,5431654.858303101,-0.14190625
3930,3930,1663506.460173115,5431671.977352564,-0.201621615
3931,3931,1663818.046146052,5431668.297963714,0.001019607
3932,3932,1663869.312623728,5431684.153516253,0.289150943
3933,3933,1663930.494887635,5431667.976414261,0.064333333
3934,3934,1664032.077084874,5431667.083231732,0.136100002
3935,3935,1665634.818925085,5431652.803027544,-0.662262278
3936,3936,1663896.590371598,5431663.287628326,0.280021427
3937,3937,1664024.471131366,5431657.904184901,0.159744681
3938,3938,1668042.600211374,5431620.716268486,0.801171438
3939,3939,1663903.983604558,5431648.262929897,0.16845
3940,3940,1663919.03277733,5431648.130749986,0.0387375
3941,3941,1665653.450500414,5431632.688484947,-0.220173329
3942,3942,1663671.507283206,5431666.941548465,0.071835432
3943,3943,1663715.825291115,5431644.92635034,-0.056825003
3944,3944,1663960.732257402,5431638.372266071,0.028772277
3945,3945,1663663.022352495,5431630.428753789,0.061300001
3946,3946,1665677.594609711,5431619.744346915,-0.479943008
3947,3947,1665692.463702918,5431599.663661422,-0.432265952
3948,3948,1665709.705539729,5431577.618199132,-0.234778287
3949,3949,1665744.075942742,5431562.409411484,-0.527102937
3950,3950,1665776.79492482,5431541.815447597,0.462524999
3951,3951,1663643.101770952,5431516.232386796,0.15485946
3952,3952,1663699.595395461,5431500.586693412,-0.020223886
3953,3953,1665770.764735338,5431447.557000971,-0.362395824
3954,3954,1665781.683324342,5431412.03082387,-0.327796662
3955,3955,1665796.218492468,5431376.173069536,-0.248820131
3956,3956,1665821.897084991,5431355.509668228,-0.302894009
3957,3957,1665857.759131713,5431341.618316835,-0.498063209
3958,3958,1667745.417379738,5431325.867752766,0.099868429
3959,3959,1665902.860116652,5431306.693110757,-0.599936424
3960,3960,1663654.895089964,5431304.662221016,0.020222221
3961,3961,1665936.398375109,5431281.118341138,-0.224905086
3962,3962,1665958.704247042,5431270.891209017,0.03241333
3963,3963,1665984.948577767,5431260.679998941,-0.376899993
3964,3964,1663672.343859354,5431279.91590134,0.011716242
3965,3965,1663659.794007561,5431261.449450562,0.134049999
3966,3966,1663704.939108656,5431261.054305199,0.242850001
3967,3967,1666029.421839773,5431247.208909278,-0.661086453
3968,3968,1663652.182578878,5431251.542864397,0.118374999
3969,3969,1663716.138051163,5431250.983055443,0.133053333
3970,3970,1663676.735007358,5431241.354836598,0.005471263
3971,3971,1666063.968225602,5431227.134290697,-0.370433329
3972,3972,1663547.247971152,5431228.184288695,-0.050666666
3973,3973,1666111.805064097,5431201.713837266,-0.572554545
3974,3974,1666145.993792279,5431179.431653581,-0.534039993
3975,3975,1666172.237540634,5431169.219759564,-0.303538485
3976,3976,1666183.342283517,5431149.172243285,-0.269626659
3977,3977,1663474.236280247,5431168.616918713,-0.113110239
3978,3978,1666194.446963804,5431129.124723524,-0.465561911
3979,3979,1666207.211603617,5431106.309024435,-0.718718567
3980,3980,1663470.753658444,5431122.916666415,-0.139349059
3981,3981,1666231.613423339,5431078.920191185,-0.80924996
3982,3982,1666350.906415957,5430958.154097844,-0.901454584
3983,3983,1663402.323171432,5430962.015037194,-0.084761239
3984,3984,1666425.59910109,5430897.632909106,-9999.0
3985,3985,1666440.464626976,5430877.550631105,-0.887363618
3986,3986,1666462.853869118,5430857.399586926,-0.533574991
3987,3987,1666522.770689282,5430826.932133656,-0.529602598
3988,3988,1666537.727013738,5430816.822083693,-0.722703683
3989,3989,1663396.648155838,5430869.681087071,-9999.0
3990,3990,1664737.951907027,5430653.543136686,1.437759496
3991,3991,1664752.75660804,5430643.23361606,0.533807693
3992,3992,1666581.272230872,5430641.891449898,-0.553930762
3993,3993,1666580.222527563,5430527.208412846,-0.152660868
3994,3994,1663609.622232046,5430537.460551378,-0.915562484
3995,3995,1664450.907683141,5430526.440281602,-0.121624994
3996,3996,1664518.618577842,5430525.840016027,-0.420787833
3997,3997,1663685.117460466,5430517.810079274,-0.541000009
3998,3998,1666587.380826361,5430487.24978228,-0.235942845
3999,3999,1663781.422629457,5430494.896745133,-0.514944436
4000,4000,1664303.848112224,5430487.848958587,-0.228560004
4001,4001,1664601.066355718,5430490.201995584,0.001012498
4002,4002,1664683.779383197,5430484.480319478,0.103342105
4003,4003,1663803.900738737,5430484.702189727,-0.467090887
4004,4004,1666594.867003812,5430457.586779784,-0.536203111
4005,4005,1663824.40028181,5430475.518062617,-0.597342117
4006,4006,1664615.891679379,5430465.137263136,0.142375002
4007,4007,1666602.455705714,5430447.773273972,-0.589701502
4008,4008,1664623.326451875,5430455.097994526,0.313085717
4009,4009,1664226.483038103,5430465.422012882,-0.070039162
4010,4010,1664638.284554237,5430444.991865878,0.257611115
4011,4011,1666621.727987465,5430427.575493139,-0.45958064
4012,4012,1663953.158289354,5430438.767469697,-0.007466332
4013,4013,1664143.144175092,5430437.439013545,0.139962787
4014,4014,1666645.331164851,5430416.110304833,-0.338937778
4015,4015,1664065.002211071,5430420.302819819,0.485455656
4016,4016,1666722.933938207,5430397.423514573,-0.034618731
4017,4017,1664415.639191958,5430367.181278584,-0.384636316
4018,4018,1665479.463537784,5430277.896199441,-0.22217143
4019,4019,1666782.029675862,5430320.243095732,-0.180447443
4020,4020,1664470.516780755,5430192.163754236,-9999.0
4021,4021,1664470.074795197,5430142.301573473,-0.830299953
4022,4022,1666952.49406945,5430099.926678123,-0.338814294
4023,4023,1664470.397603693,5430107.556837992,-0.551124951
4024,4024,1666857.342007634,5430142.167400649,0.071479871
4025,4025,1666972.335136147,5430042.618295658,-0.369157074
4026,4026,1666982.666999115,5430025.781521455,0.053694915
4027,4027,1664477.838258757,5430037.684690935,-9999.0
4028,4028,1666997.307262179,5430008.071967067,-0.225212267
4029,4029,1667011.713445395,5429994.661699058,-0.111328773
4030,4030,1667019.144462176,5429984.619930602,0.449624996
4031,4031,1664483.842266146,5429997.580814688,-0.870999962
4032,4032,1667013.143761246,5429938.51495559,-0.211100001
4033,4033,1664498.265467132,5429927.627342247,-9999.0
4034,4034,1664677.837407151,5429816.327029875,-0.106871759
4035,4035,1667013.229476086,5429813.885730119,-0.420247532
4036,4036,1664512.249529355,5429807.82460108,-9999.0
4037,4037,1667030.249928296,5429782.298600902,0.016843431
4038,4038,1667039.780227935,5429765.135096906,-0.447764712
4039,4039,1667115.197221154,5429716.56322868,-0.196997364
4040,4040,1667175.93975342,5429641.366314199,-0.554949291
4041,4041,1670491.227457769,5429567.16218703,0.748204391
4042,4042,1668870.634402721,5429563.811781678,0.663318823
4043,4043,1668903.135258436,5429550.239446309,1.003642853
4044,4044,1670398.252023443,5429526.592923921,-0.052943593
4045,4045,1670385.160419635,5429513.993175234,0.133575
4046,4046,1669823.971220297,5429439.616336695,1.051780655
4047,4047,1669842.784105435,5429440.162916929,1.240333345
4048,4048,1667200.338817348,5429454.460686158,-0.364725379
4049,4049,1670925.804853654,5429409.005801499,0.534450001
4050,4050,1670909.326056718,5429399.951318151,0.602512191
4051,4051,1671028.447803091,5429453.775338857,0.822024984
4052,4052,1670946.849879934,5429403.176320535,0.563428572
4053,4053,1667221.660816229,5429423.14191904,-0.103997907
4054,4054,1670902.946057664,5429379.3084788,0.804241664
4055,4055,1667252.973475821,5429396.394331614,-0.85407273
4056,4056,1667286.027318432,5429375.58445233,-0.485451606
4057,4057,1667307.746595057,5429340.482423216,-0.458399105
4058,4058,1670876.186009692,5429293.754819315,0.470333348
4059,4059,1670868.554156057,5429284.598774118,0.633000016
4060,4060,1669786.924220167,5429342.099892522,-0.073966918
4061,4061,1667344.550360348,5429309.290317195,-0.064093164
4062,4062,1670809.43601587,5429221.795194992,0.388350002
4063,4063,1667434.041035662,5429224.103810094,0.089449092
4064,4064,1667497.818752439,5429139.110191424,-0.153775795
4065,4065,1667524.814915513,5429119.600533652,0.068639682
4066,4066,1670755.907582914,5429064.296992449,0.462062497
4067,4067,1670636.317675585,5429052.985303249,0.324588237
4068,4068,1670678.171409127,5429048.501919042,0.452486484
4069,4069,1667594.541920267,5429067.613139697,0.102728923
4070,4070,1670726.290478155,5429022.190374092,0.418215686
4071,4071,1670742.420853115,5429023.994551357,0.728862066
4072,4072,1670673.141202419,5429012.529250233,0.508431371
4073,4073,1667754.550687602,5429032.292590573,-0.374888635
4074,4074,1668127.313838311,5428967.571516845,-0.565204144
4075,4075,1670739.296711273,5428812.621964145,1.061055536
4076,4076,1670754.490003846,5428812.269582784,1.31551426
4077,4077,1668249.291283587,5428862.784217441,-0.140091886
4078,4078,1670620.691072687,5428781.743318817,0.1388
4079,4079,1668347.727457995,5428794.238866551,-0.258233328
4080,4080,1668399.000681486,5428767.437139614,-0.958210504
4081,4081,1668425.296869329,5428749.349864976,-0.972000003
4082,4082,1668520.657481135,5428693.066796453,-0.165536723
4083,4083,1670698.937090435,5428811.356016156,0.857154012
4084,4084,1668906.101216295,5428507.551268836,0.118936366
4085,4085,1669188.607167383,5428513.415078213,-0.006043555
4086,4086,1669408.670891812,5428514.619673016,-0.058786882
4087,4087,1668818.236729266,5428534.993007937,0.346667767
4088,4088,1669741.850434538,5428483.160525274,0.582202473
