OID,FID_,X,Y,BCE_Firth_
0,0,1816122.614541073,5914930.101170094,-0.899999976
1,1,1816190.3839246,5914742.311447947,0.938150006
2,2,1816182.563374599,5914720.248686532,-0.133538041
3,3,1816208.118363028,5914652.093623659,-0.898225004
4,4,1816147.155565066,5914744.75234703,-0.894677002
5,5,1816241.244340215,5914639.288213493,0.287816681
6,6,1816226.993737402,5914606.730197343,-0.894645946
7,7,1816250.730101436,5914562.842054396,-0.897043299
8,8,1816296.388207463,5914500.23674313,-0.033197535
9,9,1816278.473462209,5914425.887067855,-0.899987476
10,10,1816302.085601726,5914423.031830167,1.097846032
11,11,1816241.93272898,5914393.150971895,-0.899999976
12,12,1814588.107370327,5914408.359538074,-9999.0
13,13,1814574.878052556,5914388.843007023,-9999.0
14,14,1816212.646420515,5914354.65960653,-0.899999976
15,15,1816209.842749754,5914292.105919186,-0.860970405
16,16,1816241.612587457,5914267.193567527,0.24371686
17,17,1816209.225757399,5914223.179757238,-0.899999976
18,18,1816227.813294854,5914217.25172263,-0.899975586
19,19,1816210.745066412,5914195.972099403,-0.8679442
20,20,1816227.753914132,5914149.441803973,-0.885631743
21,21,1816220.71049809,5913918.661547578,-0.899999976
22,22,1816232.880908221,5913893.433138183,-0.89925315
23,23,1816256.390890853,5913872.886412387,1.600987515
24,24,1816267.015779875,5913832.42281191,-0.52160542
25,25,1816305.239379057,5913725.608975677,-0.899999976
26,26,1804762.848372789,5913938.052983886,-9999.0
27,27,1804770.98372815,5913927.797379958,-9999.0
28,28,1804651.020463074,5913908.103337131,-9999.0
29,29,1804841.997118255,5913896.568989101,-9999.0
30,30,1804964.77527988,5913889.914133989,-9999.0
31,31,1804966.974283147,5913866.927947686,-9999.0
32,32,1816325.890285279,5913644.980797661,-0.402140234
33,33,1804648.910785303,5913861.328312498,-9999.0
34,34,1804801.009978523,5913857.664132989,-9999.0
35,35,1804832.790619016,5913846.924987534,-9999.0
36,36,1804608.718158334,5913841.947233761,-9999.0
37,37,1816344.085116806,5913541.50893259,-0.899898712
38,38,1804767.519824182,5913812.825699726,-9999.0
39,39,1816373.492466871,5913509.919576479,-0.623751197
40,40,1804758.342036368,5913748.987354837,-9999.0
41,41,1816397.892744524,5913463.475991817,-0.900067644
42,42,1816417.177502077,5913449.774342759,-0.652156136
43,43,1803932.858833662,5913728.945213046,-9999.0
44,44,1803970.362603789,5913731.122731315,-9999.0
45,45,1816413.08755052,5913420.062280455,-0.899912483
46,46,1816443.366827172,5913415.050904401,-0.900000036
47,47,1805061.333978844,5913691.815185488,-9999.0
48,48,1816473.954805984,5913407.971434981,-0.254445537
49,49,1803972.405663064,5913708.049816693,-9999.0
50,50,1804513.099730592,5913685.464014717,-9999.0
51,51,1804548.806213774,5913689.00680091,-9999.0
52,52,1804484.249294869,5913675.80207502,-9999.0
53,53,1805012.582102818,5913663.071907153,-9999.0
54,54,1816434.825120788,5913395.6643606,-0.899866059
55,55,1816500.21602606,5913382.901412289,0.445279882
56,56,1804900.030769135,5913645.840202665,-9999.0
57,57,1816435.423626127,5913359.849935219,-0.899999976
58,58,1816495.024769252,5913334.858054293,-0.77225364
59,59,1805018.903751106,5913593.106980528,-9999.0
60,60,1816502.974896937,5913282.396605028,-0.899358265
61,61,1816509.089943785,5913258.030579275,-0.900731231
62,62,1816533.359392208,5913267.386268193,0.688203356
63,63,1805035.989256771,5913536.351967165,-9999.0
64,64,1816549.389516938,5913227.367336953,-0.55164207
65,65,1816608.137813935,5913215.609563574,0.23915
66,66,1804877.006263638,5913497.18057937,-9999.0
67,67,1816609.614499192,5913197.286136748,-0.542756745
68,68,1816586.243788847,5913189.796614896,-0.899999976
69,69,1803823.054906869,5913492.225051626,-9999.0
70,70,1804723.300282789,5913465.706427366,-9999.0
71,71,1803854.117735102,5913451.587422546,-9999.0
72,72,1804718.792473561,5913436.705953949,-9999.0
73,73,1816611.565456045,5913156.934653583,-0.892012378
74,74,1804522.392269991,5913405.991781966,-9999.0
75,75,1816645.240518376,5913099.960940702,-0.899025034
76,76,1816661.250519118,5913099.552691129,0.358924066
77,77,1804521.912429359,5913386.056999603,-9999.0
78,78,1804533.400171191,5913375.021663965,-9999.0
79,79,1804773.229514369,5913369.647665019,-9999.0
80,80,1816652.610086919,5913074.837652283,-0.791086408
81,81,1804126.050959801,5913375.785937013,-9999.0
82,82,1804689.532316106,5913362.074278632,-9999.0
83,83,1804756.979794306,5913360.06608688,-9999.0
84,84,1804300.303640952,5913340.736967999,-9999.0
85,85,1804555.872699885,5913339.21097674,-9999.0
86,86,1804587.891595263,5913338.440063495,-9999.0
87,87,1804645.278314182,5913339.168274021,-9999.0
88,88,1804087.345121791,5913336.745279046,-9999.0
89,89,1803939.299689732,5913329.865900766,-9999.0
90,90,1816689.963884944,5913036.524268371,-0.398607893
91,91,1804647.587970979,5913283.299216405,-9999.0
92,92,1804111.035645333,5913286.232610174,-9999.0
93,93,1804618.498629827,5913263.670384008,-9999.0
94,94,1804769.304001985,5913265.400392618,-9999.0
95,95,1816777.764975408,5912956.942483124,-0.0152
96,96,1804125.673674778,5913260.675400926,-9999.0
97,97,1804585.999998102,5913244.506635809,-9999.0
98,98,1816785.388336831,5912941.786722234,-0.130299995
99,99,1804275.068315769,5913578.734819661,-9999.0
100,100,1804788.026345682,5913240.933005437,-9999.0
101,101,1816717.600534669,5912973.058565217,-0.898124033
102,102,1804073.538241233,5913236.482020052,-9999.0
103,103,1804104.974556077,5913240.349856625,-9999.0
104,104,1816744.855465556,5912922.87256839,-0.897024976
105,105,1804120.744318449,5913229.9978724,-9999.0
106,106,1816776.620484811,5912912.08796231,-0.896716026
107,107,1804710.81461531,5913274.823588018,-9999.0
108,108,1804903.661238289,5913197.634115128,-9999.0
109,109,1816758.418883917,5912905.071747088,-0.899849976
110,110,1805080.844122402,5913172.737469826,-9999.0
111,111,1814246.191479922,5912946.555936627,-9999.0
112,112,1816815.214368143,5912895.87758791,-0.676153661
113,113,1804927.938173783,5913175.463679314,-9999.0
114,114,1805040.841076738,5913201.665185078,-9999.0
115,115,1816799.363162062,5912861.636814468,-0.897213375
116,116,1816762.878474548,5912857.892398513,-0.899999976
117,117,1816837.339806044,5912835.405286055,-0.899504563
118,118,1816832.306906117,5912749.711415324,-0.88265522
119,119,1816871.591195126,5912682.501110548,-0.219748834
120,120,1816848.370407482,5912663.39623244,-0.89357498
121,121,1816896.115674525,5912659.668567549,-0.155808983
122,122,1804583.634631754,5912955.724568333,-9999.0
123,123,1804602.812617932,5912944.906455496,-9999.0
124,124,1816873.812798894,5912640.304852451,-0.899999976
125,125,1805063.415497907,5912924.210865964,-9999.0
126,126,1816893.569747988,5912629.82627551,-0.899999976
127,127,1816920.14641175,5912579.075494514,-0.899999976
128,128,1815207.629199924,5912583.677914409,-9999.0
129,129,1816885.339756751,5912550.122444244,-0.898590817
130,130,1816942.396128836,5912569.216288507,-0.804899639
131,131,1814236.639359038,5912567.786562953,-9999.0
132,132,1804955.751812934,5912777.210818551,-9999.0
133,133,1817001.487426776,5912498.782123727,-0.028023208
134,134,1804834.555574375,5912764.901475322,-9999.0
135,135,1817021.315634371,5912457.002633333,-0.899833309
136,136,1804857.324485862,5912755.560953387,-9999.0
137,137,1804894.406145298,5912748.387946097,-9999.0
138,138,1804937.07877613,5912751.436185721,-9999.0
139,139,1804965.831146497,5912744.814417855,-9999.0
140,140,1804114.113081331,5912747.609076851,-9999.0
141,141,1804885.921166741,5912728.646182892,-9999.0
142,142,1817055.41982596,5912428.631602471,-0.898418895
143,143,1817076.200535606,5912410.716104498,-0.872624978
144,144,1804998.463339592,5912686.577129999,-9999.0
145,145,1817130.600512015,5912410.146821217,0.000421083
146,146,1817238.834383511,5912384.393681985,1.56891983
147,147,1804138.137893863,5912715.894278533,-9999.0
148,148,1817213.917138276,5912373.725526451,-0.899999976
149,149,1817231.138404187,5912361.871556311,-0.899999976
150,150,1804700.144195574,5912663.312480606,-9999.0
151,151,1817250.894517656,5912351.391942079,-0.899999976
152,152,1817302.922657991,5912350.06099109,1.904443761
153,153,1817266.647950712,5912341.014949406,-0.899674976
154,154,1817290.40635922,5912330.433415523,-0.898151875
155,155,1817298.155268609,5912320.260538671,-0.899999976
156,156,1817333.409669721,5912289.436002856,-0.899999976
157,157,1817350.931895572,5912264.717367056,-0.89354269
158,158,1817379.875243527,5912217.487529711,-0.693779817
159,159,1817395.147914692,5912198.087970017,-0.889065811
160,160,1805049.664925308,5912479.849070884,-9999.0
161,161,1817466.252092799,5912154.989556018,-0.720502378
162,162,1804918.959104515,5912438.223605277,-9999.0
163,163,1817492.903063,5912105.817330273,-0.899912477
164,164,1804917.498286797,5912393.015777954,-9999.0
165,165,1817505.319578119,5912081.499137385,-0.889150595
166,166,1804618.86122688,5912346.803996106,-9999.0
167,167,1817586.909424723,5912023.615675362,1.110174996
168,168,1804918.975311636,5912332.998007788,-9999.0
169,169,1804948.33885062,5912328.211955601,-9999.0
170,170,1804627.947374907,5912325.963463889,-9999.0
171,171,1804947.617334939,5912298.309711346,-9999.0
172,172,1804963.624851805,5912297.92344729,-9999.0
173,173,1805006.607407418,5912402.170797553,-9999.0
174,174,1814441.402818975,5912054.016273387,-9999.0
175,175,1817571.966429814,5911999.229816522,-0.873980248
176,176,1804575.55541591,5912287.715824033,-9999.0
177,177,1804613.931490406,5912292.118793994,-9999.0
178,178,1804666.765348675,5912275.162215141,-9999.0
179,179,1814423.56933797,5912034.248073072,-9999.0
180,180,1817593.125747545,5911953.636861822,-0.899999976
181,181,1804986.43335679,5912247.506913868,-9999.0
182,182,1805026.183772201,5912250.767916796,-9999.0
183,183,1804592.222008658,5912251.706971915,-9999.0
184,184,1814414.508099408,5912016.113275196,-9999.0
185,185,1817616.167317392,5911917.832099285,-0.896361266
186,186,1804618.987708948,5912229.217511208,-9999.0
187,187,1804592.811062827,5912197.158390563,-9999.0
188,188,1804640.59280267,5912186.034080305,-9999.0
189,189,1805040.524644264,5912166.012910734,-9999.0
190,190,1805056.201826414,5912217.531181023,-9999.0
191,191,1817633.248736816,5911880.057513377,0.485754776
192,192,1804631.256201388,5912154.488948734,-9999.0
193,193,1817689.651021886,5911811.581478821,0.603522587
194,194,1805007.316861848,5912117.350959011,-9999.0
195,195,1817677.337271145,5911801.865015761,-0.886824977
196,196,1805059.524847021,5912114.24575587,-9999.0
197,197,1804946.123748577,5912063.773809344,-9999.0
198,198,1804705.853231996,5912045.219694852,-9999.0
199,199,1805018.471138488,5912037.094602533,-9999.0
200,200,1805058.052954786,5912056.085511925,-9999.0
201,201,1817724.885795617,5911722.244628487,-0.899999976
202,202,1804689.365764386,5912025.670667676,-9999.0
203,203,1804671.524455308,5911986.285751683,-9999.0
204,204,1805019.955464998,5911977.42068956,-9999.0
205,205,1817721.782606589,5911661.086092288,-0.899999976
206,206,1817745.682798082,5911667.227630163,-0.393569986
207,207,1804819.628659833,5911972.281053835,-9999.0
208,208,1804923.673466932,5911969.771194696,-9999.0
209,209,1804980.568122637,5912027.277886007,-9999.0
210,210,1817731.929638287,5911646.170500758,-0.893033496
211,211,1804971.213033631,5911948.677527754,-9999.0
212,212,1804995.500290287,5911952.876653584,-9999.0
213,213,1805030.717459699,5911937.728963024,-9999.0
214,214,1805018.74266531,5911927.181253367,-9999.0
215,215,1804990.440437634,5911923.390765654,-9999.0
216,216,1805059.269023225,5911916.43087815,-9999.0
217,217,1804697.867253989,5911919.597871806,-9999.0
218,218,1804790.767312269,5911913.520857605,-9999.0
219,219,1804842.196530059,5911911.897464504,-9999.0
220,220,1804598.445884778,5911908.183081791,-9999.0
221,221,1804998.614882657,5911898.53308733,-9999.0
222,222,1817720.321818135,5911581.329453292,-0.899999976
223,223,1817745.934483402,5911593.894605746,-0.671537369
224,224,1804714.200811226,5911949.320293735,-9999.0
225,225,1804765.553977448,5911895.987384595,-9999.0
226,226,1804870.836199797,5911939.110239461,-9999.0
227,227,1804745.425261405,5911883.908831066,-9999.0
228,228,1805058.306350565,5911876.561187455,-9999.0
229,229,1804730.009859107,5911880.060029068,-9999.0
230,230,1804648.674084863,5911856.723782745,-9999.0
231,231,1817779.564694861,5911525.99769734,-0.532497027
232,232,1817795.486412974,5911516.754087558,-0.849538432
233,233,1804795.157560863,5911853.48194444,-9999.0
234,234,1817745.676194238,5911540.353417508,-0.89777897
235,235,1804829.446909715,5911828.019526912,-9999.0
236,236,1817785.723892437,5911499.858274517,-0.899893393
237,237,1817897.26194535,5911477.048464123,1.604450023
238,238,1817843.979408221,5911473.553120228,-0.891439638
239,239,1817916.759169339,5911456.599591848,1.871886063
240,240,1804854.837217742,5911771.967501793,-9999.0
241,241,1804883.441430728,5911771.660532963,-9999.0
242,242,1817908.681022164,5911412.215924194,-0.351224884
243,243,1817914.584917969,5911371.874003562,-0.896037245
244,244,1817930.20804578,5911356.511633348,-0.891443023
245,245,1817954.106375018,5911354.385616831,-0.350564082
246,246,1817988.010274175,5911289.43967022,-0.893453902
247,247,1818003.088773344,5911274.846554885,-0.895096272
248,248,1818079.818119362,5911243.324731695,1.619927513
249,249,1818033.179750095,5911236.914010993,-0.900036149
250,250,1818075.184633846,5911212.65749675,-0.899999976
251,251,1818090.181803584,5911192.815714979,-0.891987484
252,252,1818125.707676381,5911171.820094337,-0.876103874
253,253,1818141.601523186,5911171.742946271,0.276907883
254,254,1818125.755818299,5911152.004724827,-0.899999976
255,255,1818139.004829291,5911149.028619616,-0.899999976
256,256,1818132.919405172,5911141.846392821,-0.899999976
257,257,1818187.721589031,5911090.996343121,0.116782605
258,258,1818151.728873199,5911107.105545294,-0.898425508
259,259,1818178.889670201,5911060.870820615,-0.899999976
260,260,1818201.649876804,5911047.020647135,-0.242830177
261,261,1818200.977876553,5910985.495868213,-0.612234297
262,262,1818176.456382243,5910966.17743961,-0.896970818
263,263,1818191.988788196,5910941.043783652,-0.883888887
264,264,1818210.818870575,5910923.259717855,-0.838126768
265,265,1818214.806442739,5910900.358806599,-0.899999978
266,266,1818236.878992088,5910904.915142922,-0.696095714
267,267,1817542.026072032,5910896.947975543,-0.899999976
268,268,1818230.300014919,5910880.011947582,-0.899874978
269,269,1817561.541255177,5910877.226689211,-0.899999976
270,270,1817533.275561124,5910867.976697802,-0.899999976
271,271,1818253.100173843,5910858.355991143,-0.847612448
272,272,1818368.224610992,5910776.059992871,-0.899999976
273,273,1818324.353888477,5910807.966641774,-0.890135863
274,274,1818469.078340837,5910736.983687248,0.261099535
275,275,1818489.740610132,5910718.578141935,0.561387902
276,276,1818430.91469003,5910736.030138693,-0.881595959
277,277,1818516.988465889,5910667.973587439,-0.565211858
278,278,1801942.58522706,5911014.342500605,-9999.0
279,279,1818602.485797066,5910608.502776052,-0.554632206
280,280,1818638.881975381,5910575.256829505,-0.822631236
281,281,1803197.577812749,5910943.922064408,-9999.0
282,282,1818696.382361998,5910530.564563913,-0.493216627
283,283,1818738.48490691,5910482.166966167,-0.898197386
284,284,1818771.385345839,5910462.65307703,-0.244390638
285,285,1818779.462868795,5910436.980852465,-0.885543552
286,286,1818795.211121615,5910426.600607789,-0.888474988
287,287,1818828.985849808,5910397.040549525,-0.399259219
288,288,1818890.066443266,5910360.09173178,0.50330882
289,289,1818868.339102165,5910314.956403391,-0.922729558
290,290,1803435.680111138,5910688.891865863,-9999.0
291,291,1818892.907294116,5910319.77147101,0.226708604
292,292,1818907.953749331,5910294.071790541,0.596531642
293,293,1803512.471217365,5910644.405763267,-9999.0
294,294,1803527.188293163,5910626.859653828,-9999.0
295,295,1803562.124270219,5910626.22327379,-9999.0
296,296,1803610.293705768,5910624.866779123,-9999.0
297,297,1818948.958474801,5910243.560502859,-0.033513261
298,298,1818254.336410427,5910251.212992895,-0.899999976
299,299,1818271.567843391,5910227.20344775,-0.899999976
300,300,1803518.438910566,5910584.35895201,-9999.0
301,301,1818944.69138755,5910205.832874618,0.251900001
302,302,1818247.638814029,5910204.63702602,-0.899999976
303,303,1818940.70408515,5910168.502576015,-0.94062496
304,304,1803527.726001604,5910527.316684472,-9999.0
305,305,1818991.433441466,5910117.321976651,-0.462753951
306,306,1803620.753501664,5910465.922122804,-9999.0
307,307,1819061.781905229,5910050.673107451,1.466754713
308,308,1795267.338116206,5910611.446708882,-9999.0
309,309,1795255.106175728,5910601.755562039,0.095769233
310,310,1795274.201585861,5910581.435273871,-9999.0
311,311,1819144.756736078,5909989.281122665,0.824701508
312,312,1819114.043216055,5909987.579274332,0.382979503
313,313,1819135.486700117,5909959.000995328,-9999.0
314,314,1819175.497702186,5909957.967802837,0.227624988
315,315,1795251.104952378,5910553.050735734,0.413895484
316,316,1819150.976527375,5909938.652154251,-9999.0
317,317,1804242.549922471,5910280.563128954,-9999.0
318,318,1819176.734835649,5909915.88633153,-0.815333287
319,319,1803762.04459004,5910282.339623831,-9999.0
320,320,1801769.361358327,5910319.967974306,-9999.0
321,321,1795304.174719318,5910472.645948735,-0.663999999
322,322,1801777.439606841,5910309.400383363,-9999.0
323,323,1819237.455093616,5909876.572324817,-0.141582265
324,324,1803368.679869761,5910231.7333823,-9999.0
325,325,1803459.357521828,5910229.156662953,-9999.0
326,326,1819257.907718107,5909843.517650739,-0.27841177
327,327,1795318.763694867,5910410.813370086,-9999.0
328,328,1803616.494964105,5910215.819050727,-9999.0
329,329,1804288.659213294,5910200.395113476,-9999.0
330,330,1819230.319059412,5909852.679425585,-0.764174585
331,331,1795368.394494239,5910407.34258142,-9999.0
332,332,1819273.571943626,5909823.437250093,0.361146798
333,333,1819256.262527685,5909803.262333721,-9999.0
334,334,1819290.231206562,5909799.574962257,-0.455947032
335,335,1819275.147522851,5909785.829058545,-0.933999956
336,336,1795333.734722901,5910365.592549749,-0.515114511
337,337,1803435.697298087,5910170.87294805,-9999.0
338,338,1819287.922555695,5909776.218641663,-0.977999985
339,339,1795333.161291213,5910340.674453264,0.248625002
340,340,1819306.125425118,5909745.130715197,-0.937777731
341,341,1803454.327293271,5910130.676698188,-9999.0
342,342,1819334.391439902,5909741.537216051,-0.637928567
343,343,1803653.706620868,5910105.020329222,-9999.0
344,344,1818404.867841609,5909743.924031415,-9999.0
345,345,1819325.646835732,5909716.173755657,-0.788892257
346,346,1817969.906301636,5909736.358757681,-9999.0
347,347,1819345.900420518,5909681.735782611,-0.906999946
348,348,1803692.846790537,5910049.430013337,-9999.0
349,349,1817967.670626613,5909692.330612888,-9999.0
350,350,1819359.949188768,5909658.957076662,-0.976666629
351,351,1819401.243161791,5909610.463707559,-0.415090348
352,352,1795481.173264373,5910162.747801033,-0.980000019
353,353,1817615.797604175,5909617.063102536,-9999.0
354,354,1819453.265258856,5909551.812987396,-0.33429998
355,355,1817691.698680073,5909595.757298418,-9999.0
356,356,1819440.875982221,5909537.171690971,-0.673999935
357,357,1795535.336430173,5910106.651176482,-0.569600013
358,358,1817660.104400555,5909568.069711428,-9999.0
359,359,1819458.056303427,5909501.123233628,-0.795999983
360,360,1801631.387907559,5909904.380666976,-9999.0
361,361,1819434.94205021,5909462.516818839,-9999.0
362,362,1819458.818237004,5909456.912179169,-0.814256365
363,363,1801698.538330897,5910058.923752821,-9999.0
364,364,1819460.067670443,5909435.316826481,-0.342992296
365,365,1819514.185450112,5909430.544063128,-0.835666721
366,366,1819520.136721292,5909415.384710258,-0.811499948
367,367,1795661.166857372,5909983.353612866,-0.702790714
368,368,1795676.956227628,5909973.744207099,-0.739393922
369,369,1795756.738387854,5909961.931988723,-0.823050839
370,370,1795776.490299894,5909969.182174061,-0.719338538
371,371,1795838.276446368,5909960.819979894,-0.864180797
372,372,1801632.192668991,5909820.883102837,-9999.0
373,373,1819560.773274481,5909372.410168967,-0.790457102
374,374,1795833.469898482,5909933.568135099,-0.47546218
375,375,1801629.106030403,5909794.731856154,-9999.0
376,376,1819568.152656781,5909350.079584596,-0.631142808
377,377,1796126.279051032,5909921.535228249,-0.930000007
378,378,1796147.875482006,5909913.010710694,-0.314722203
379,379,1796167.878385874,5909912.548379499,-0.588400005
380,380,1796203.883614607,5909911.716072326,-0.841999999
381,381,1796252.12107476,5909920.573365524,0.26518162
382,382,1796275.506738137,5909900.288626311,-0.258703715
383,383,1803496.999819116,5909739.973841581,-9999.0
384,384,1795827.369164282,5909900.467037417,-0.500128202
385,385,1796103.407941809,5909894.093158591,-0.256969703
386,386,1816614.637939117,5909395.536224224,-9999.0
387,387,1796218.142687151,5909891.288682497,-0.816666675
388,388,1816586.280215932,5909376.11032144,-9999.0
389,389,1819609.353775126,5909302.693245336,-9999.0
390,390,1816613.87462854,5909365.633084698,-9999.0
391,391,1819684.914849742,5909297.317042575,-0.76822576
392,392,1819694.352875826,5909276.264751873,-9999.0
393,393,1816547.684143905,5909353.730447508,-9999.0
394,394,1816597.67554059,5909345.695551349,-9999.0
395,395,1819705.838788979,5909256.018393519,-9999.0
396,396,1796245.815671878,5909820.993229186,-0.155684214
397,397,1816559.712698667,5909328.579693282,-9999.0
398,398,1796046.019012463,5909835.583585255,-0.087999993
399,399,1819743.609548819,5909237.844854811,-0.030648234
400,400,1796261.356821973,5909800.688649669,1.625730347
401,401,1796032.866200268,5909786.024514542,-0.032249997
402,402,1796305.016818937,5909784.719953012,-0.613364488
403,403,1816713.906266081,5909290.550572221,-9999.0
404,404,1816689.076667764,5909273.340217677,-9999.0
405,405,1796245.842951805,5909764.481304762,0.406441716
406,406,1801597.567421807,5909705.975945952,-9999.0
407,407,1816729.368905723,5909265.493981782,-9999.0
408,408,1816659.084029863,5909254.762598937,-9999.0
409,409,1819779.787981375,5909174.307688122,-0.744051918
410,410,1796263.974292331,5909740.792542201,-0.204267791
411,411,1816642.572316539,5909235.23574175,-9999.0
412,412,1796267.513759905,5909720.765494866,-0.467692314
413,413,1796247.165557434,5909706.277185033,-0.134499997
414,414,1819802.501276494,5909123.846980411,-0.845666633
415,415,1801535.055183483,5909571.807214782,-9999.0
416,416,1801649.988772084,5909568.934046332,-9999.0
417,417,1801563.782505197,5909599.501636488,-9999.0
418,418,1796302.134826607,5909660.129125639,-0.929375019
419,419,1801566.382026257,5909526.95082421,-9999.0
420,420,1819797.20958733,5909074.111658515,-9999.0
421,421,1796333.677341482,5909639.454228969,-0.798
422,422,1819784.691203919,5909054.486966122,-9999.0
423,423,1796323.082453528,5909623.632374587,-0.278666655
424,424,1796342.995683363,5909624.323457984,-0.367105257
425,425,1819800.435639264,5909044.10464928,-0.90897673
426,426,1819790.503273238,5909015.442091311,-0.823223678
427,427,1819800.042468843,5908985.649908391,-9999.0
428,428,1801524.418421719,5909481.808613736,-9999.0
429,429,1819742.232243557,5908960.829138508,-9999.0
430,430,1801495.09831785,5909383.833967033,-9999.0
431,431,1819733.479756658,5908921.157886687,-9999.0
432,432,1819823.034148126,5908917.354156466,0.123899179
433,433,1819858.318707323,5908925.650818869,0.67324999
434,434,1801478.940702177,5909359.869479704,-9999.0
435,435,1801498.67328838,5909359.017852942,-9999.0
436,436,1801490.286766884,5909349.769917738,-9999.0
437,437,1815547.805848358,5909003.787919032,-9999.0
438,438,1819776.312631697,5908906.070927954,-0.645029993
439,439,1819788.044892473,5908874.85945947,-9999.0
440,440,1801465.400340693,5909319.915903024,-9999.0
441,441,1819850.624409048,5908856.732475096,-0.73931531
442,442,1819811.273639954,5908844.334256914,-9999.0
443,443,1819847.199205268,5908824.038918578,-0.858499983
444,444,1819818.500023286,5908814.223584857,-9999.0
445,445,1801471.749757941,5909293.203429175,-9999.0
446,446,1819807.52600125,5908784.584437117,-9999.0
447,447,1819852.555002377,5908773.443250808,-0.531075176
448,448,1819844.954165493,5908753.691234732,-9999.0
449,449,1819889.028120661,5908755.207209034,-0.315438351
450,450,1819907.628529085,5908734.888701706,-0.48166946
451,451,1819866.203443911,5908715.996016064,-9999.0
452,452,1819903.670186949,5908702.297126289,-0.929799956
453,453,1819943.596212305,5908701.864877341,-0.572179999
454,454,1819879.252613285,5908693.156789368,-9999.0
455,455,1819911.412813778,5908692.121945347,-9999.0
456,456,1819959.262459338,5908691.082846398,-0.675818169
457,457,1819928.549878638,5908673.723629364,-9999.0
458,458,1817166.19108164,5908727.924029301,-9999.0
459,459,1817145.806157775,5908713.484395291,-9999.0
460,460,1817189.55586,5908702.390276051,-9999.0
461,461,1820022.042299688,5908629.607966055,-9999.0
462,462,1817101.134831371,5908694.880392955,-9999.0
463,463,1817156.961892876,5908683.575628117,-9999.0
464,464,1820048.586179013,5908578.845693043,-9999.0
465,465,1797374.429430509,5909126.299485364,-0.526132073
466,466,1797459.498656609,5909115.438214804,-0.696062503
467,467,1797654.001408317,5909115.46728203,-9999.0
468,468,1797385.809201912,5909111.42632514,-0.670619478
469,469,1797666.147095533,5909099.712351143,-9999.0
470,470,1820070.764065776,5908551.871177613,-0.945857134
471,471,1820083.555830501,5908538.040557644,-9999.0
472,472,1797449.514337525,5909085.012341522,-0.640399002
473,473,1797357.665996297,5909099.439850689,-0.492046711
474,474,1820107.041149214,5908517.482223486,-9999.0
475,475,1797479.517715315,5909078.662863871,-0.425561659
476,476,1797405.141941406,5909063.827531673,-0.507128462
477,477,1797544.939345775,5909057.859498941,-0.633312302
478,478,1820158.529186546,5908496.197207512,-9999.0
479,479,1820172.657225957,5908485.69917164,-9999.0
480,480,1820193.239245266,5908445.423767905,-0.812600007
481,481,1797609.841095493,5908983.527787899,-0.617303372
482,482,1797598.504666576,5908951.898584004,-0.454615358
483,483,1797626.505756535,5908951.246389969,-0.551446524
484,484,1797646.117562134,5908941.018102852,-0.894285742
485,485,1797875.322228577,5908953.884380268,-0.274946092
486,486,1797891.608958486,5908939.217218176,-0.232710839
487,487,1797609.924749971,5908926.700826392,0.137648915
488,488,1797644.416759551,5908861.074748294,-9999.0
489,489,1797644.902105298,5908813.193810346,-0.104037433
490,490,1797658.791422973,5908790.930932493,-0.652903226
491,491,1797714.328233241,5908769.69129179,-0.198265305
492,492,1797713.321817348,5908739.897986399,-0.493504591
493,493,1797728.934667061,5908709.514551824,-9999.0
494,494,1820425.115249472,5908130.202114523,-0.629662752
495,495,1797756.237795453,5908678.960033368,-0.807674418
496,496,1802556.734327809,5908566.282069671,-9999.0
497,497,1815145.988075057,5908256.493420112,-9999.0
498,498,1802756.261488104,5908541.569379347,-9999.0
499,499,1815988.667258804,5908214.97485109,-9999.0
500,500,1815140.376539884,5908226.557581908,-9999.0
501,501,1802503.512113654,5908527.277246563,-9999.0
502,502,1802555.782354289,5908526.412416741,-9999.0
503,503,1820477.888828094,5908063.941404778,-0.524734815
504,504,1797822.495256565,5908602.619710164,-0.357659576
505,505,1820510.258230122,5908013.2709439,0.185341612
506,506,1820493.60971602,5907988.767337273,-9999.0
507,507,1820513.610581445,5907988.247393998,1.883118732
508,508,1802588.571918129,5908415.542254294,-9999.0
509,509,1820525.092803148,5907967.99976674,0.461312507
510,510,1802418.856101214,5908454.093974056,-9999.0
511,511,1820523.028439938,5907945.888438222,-0.068432957
512,512,1798555.578731924,5908460.833315607,-0.513703702
513,513,1798582.724177598,5908466.430872761,-0.392941177
514,514,1820539.797610729,5907917.74464501,-9999.0
515,515,1798547.928879736,5908451.039577088,-0.028200006
516,516,1802244.591253516,5908364.450667853,-9999.0
517,517,1798567.999606835,5908428.604915109,-0.537149916
518,518,1820546.761165779,5907877.665335317,-9999.0
519,519,1820573.084988943,5907880.859822514,-0.120902538
520,520,1820558.372735406,5907862.401558669,-0.700499957
521,521,1798509.704948111,5908381.774109775,-9999.0
522,522,1798361.71714904,5908385.586989106,-0.883387987
523,523,1798533.479479595,5908371.595536921,-0.378629039
524,524,1798553.479008509,5908371.127342645,-0.452278463
525,525,1798385.250119323,5908365.090618893,-0.820540545
526,526,1798521.108057967,5908355.991743444,-0.887499988
527,527,1798486.426147563,5908356.075069563,1.273916673
528,528,1798565.25223747,5908348.711431466,-0.165099001
529,529,1798733.209549595,5908337.584416271,-0.519649124
530,530,1820565.724561686,5907802.854461728,-0.793499971
531,531,1820588.602592529,5907810.133697525,0.097721341
532,532,1798760.539667332,5908326.386923007,-0.461298695
533,533,1798568.078660232,5908310.948830219,-0.686216215
534,534,1820607.911248343,5907766.35483104,-0.970823484
535,535,1798591.611182461,5908290.452335451,-9999.0
536,536,1798599.377543043,5908280.297708603,-0.893749997
537,537,1820643.832159147,5907745.044986683,-0.44382651
538,538,1798734.787599252,5908292.29848767,0.309578117
539,539,1798750.204455772,5908226.901004117,-0.676470586
540,540,1815530.262418625,5907817.694603843,-9999.0
541,541,1820671.394469624,5907691.979047785,-0.767692263
542,542,1798737.971414657,5908217.21481926,-0.479868412
543,543,1820706.872751479,5907695.10034544,0.273848277
544,544,1798725.75542873,5908208.255407757,-0.131777777
545,545,1820677.319009734,5907664.803488726,-0.779636372
546,546,1798657.507916205,5908199.15408102,-0.455806456
547,547,1798701.622697473,5908203.107176184,-0.39201646
548,548,1820689.059713899,5907654.523416633,-0.475999953
549,549,1820700.670697417,5907639.259420397,-0.813499965
550,550,1820728.307986159,5907639.554858358,-0.437965778
551,551,1820740.216645915,5907623.005592292,-0.979999959
552,552,1820768.281720564,5907622.53788785,-0.791655125
553,553,1820755.855556744,5907612.685440247,-9999.0
554,554,1798643.951148426,5908139.836039688,-0.810624994
555,555,1798908.190243899,5908115.363439476,-0.586231269
556,556,1820810.270517144,5907544.141734091,-0.499777735
557,557,1820841.155601232,5907517.575410838,-0.672420998
558,558,1820820.220526612,5907511.825216427,-0.855846116
559,559,1820832.907704565,5907491.185716046,-0.538333277
560,560,1820864.664415522,5907502.841904126,-0.200666271
561,561,1798801.747006116,5908026.00846713,-0.795294121
562,562,1820852.38828154,5907470.729246985,-0.482933283
563,563,1798747.631802532,5908009.579587108,-0.651830985
564,564,1820914.207610907,5907453.13304522,-0.595553153
565,565,1798708.609890072,5907988.878723607,-0.640909096
566,566,1820879.966988228,5907435.945597689,-0.827999956
567,567,1798754.349548582,5907959.927270857,-0.825142869
568,568,1820935.72018168,5907404.935268264,-0.430868851
569,569,1815055.996749385,5907535.909889692,-9999.0
570,570,1820965.919154664,5907373.013233654,-0.001412495
571,571,1820980.602916812,5907333.324175485,-0.707615346
572,572,1798755.550684137,5907865.300126476,-0.407083332
573,573,1798900.420559773,5907828.888505821,-0.634230771
574,574,1821051.188646351,5907266.057597234,-0.813888838
575,575,1821058.928497589,5907255.881225847,-0.879333278
576,576,1821101.367389698,5907194.927113768,-0.819636312
577,577,1821113.430314993,5907174.66334402,-9999.0
578,578,1821128.06643836,5907144.357828135,-9999.0
579,579,1821135.806077377,5907134.181375523,-0.719333291
580,580,1821147.545476414,5907123.900602233,-0.381666621
581,581,1799645.464483234,5907647.979597204,-9999.0
582,582,1800976.734373135,5907616.152300899,-9999.0
583,583,1799624.405057362,5907628.146492312,-9999.0
584,584,1799531.430606163,5907600.876838359,-9999.0
585,585,1799519.468767802,5907590.321856087,-9999.0
586,586,1821197.722497232,5907052.76946451,-0.938666622
587,587,1799611.507319096,5907583.370810068,-9999.0
588,588,1799891.13892506,5907545.75106815,-0.603419686
589,589,1821212.530121581,5907017.471966268,-0.941999972
590,590,1799878.420045414,5907532.206037144,-0.727534245
591,591,1799869.994804085,5907519.018894655,-0.726339287
592,592,1799886.183644401,5907522.050811142,-0.213874996
593,593,1800237.750543992,5907503.984581754,-0.265714292
594,594,1800197.51999899,5907494.961480583,-0.446545459
595,595,1799793.928074618,5907493.643179766,-0.889999986
596,596,1800057.112849266,5907546.505405995,-0.337428269
597,597,1821250.860640533,5906954.546051248,0.176056686
598,598,1800229.314758584,5907458.371076819,0.375623295
599,599,1821268.876636131,5906933.970811831,-0.104689308
600,600,1800273.846419208,5907437.799645096,0.411325969
601,601,1816634.470661491,5907030.936178618,-9999.0
602,602,1816658.468489235,5907030.323053285,-9999.0
603,603,1816690.632180118,5907029.702482218,-9999.0
604,604,1821265.816120084,5906901.373247516,-9999.0
605,605,1816609.963575932,5907011.613763473,-9999.0
606,606,1821286.733907284,5906895.175165212,-0.01824835
607,607,1821305.552954911,5906890.361671645,0.68192501
608,608,1800375.735522966,5907391.406008443,-9999.0
609,609,1821293.033648642,5906870.739124154,-9999.0
610,610,1821329.030615522,5906869.799586331,0.811699998
611,611,1816625.198140942,5906981.301809974,-9999.0
612,612,1821328.510239079,5906849.863876835,-0.889333268
613,613,1800289.471337256,5907384.861358909,0.374773922
614,614,1821343.988438103,5906829.510542575,-9999.0
615,615,1821367.465830714,5906808.9483371,-0.868999958
616,616,1800273.1944253,5907303.487540363,0.212531645
617,617,1821382.553469647,5906773.643140214,-9999.0
618,618,1800376.934294553,5907316.340260435,-9999.0
619,619,1821389.902035549,5906748.514631371,-0.444937452
620,620,1821403.363585612,5906712.254366872,-0.745999952
621,621,1821420.014079132,5906697.85504197,-0.687111061
622,622,1800406.898271851,5907210.773402284,-9999.0
623,623,1821440.716151716,5906696.690175516,-0.231012973
624,624,1800226.846962167,5907204.852727319,0.209687504
625,625,1821423.815989486,5906667.831780829,-0.721249959
626,626,1821459.551761275,5906656.923787355,-0.003149992
627,627,1821437.79517011,5906649.965582165,-0.836235246
628,628,1821459.031041667,5906636.988066268,-0.008349995
629,629,1821524.746693971,5906575.614620086,-0.998818165
630,630,1821561.456607987,5906574.464062211,-0.991799981
631,631,1821604.592759366,5906566.279456017,-0.561097028
632,632,1821621.712285297,5906553.418092575,-0.495539556
633,633,1821576.824168413,5906539.151105726,-0.865292025
634,634,1800351.076085256,5907057.622185364,-0.690974358
635,635,1821592.150214192,5906523.788540349,-0.864499976
636,636,1821615.905692355,5906513.920261568,-0.899999976
637,637,1821661.946109285,5906514.483008792,-0.876393727
638,638,1821691.095285628,5906481.303135725,-0.898113184
639,639,1821702.833088025,5906471.021516913,-0.896349977
640,640,1821716.375089388,5906453.211678845,-0.831479599
641,641,1821729.786690498,5906430.417881951,-0.886113185
642,642,1821772.538803568,5906359.476805932,0.292156861
643,643,1821730.952781873,5906352.584820462,-0.899331635
644,644,1821788.351496042,5906289.290662018,1.339572072
645,645,1800367.734878833,5906791.562270425,-9999.0
646,646,1821798.796743189,5906139.346545778,-0.899999976
647,647,1821903.160237175,5906090.874502691,-0.806619446
648,648,1821763.372477949,5906087.676961691,-0.288423765
649,649,1821835.442117584,5906038.841952179,-0.899999976
650,650,1821875.330202551,5906027.621990125,-0.566724977
651,651,1821891.066392514,5906017.235383828,-0.899999976
652,652,1821871.861351348,5905971.281170116,-0.819361321
653,653,1821908.844708342,5905931.984953496,-0.899999976
654,654,1821888.040065373,5905907.794109365,-0.899999976
655,655,1821862.896397783,5905858.377397765,-0.899999976
656,656,1821854.526963106,5905833.659684134,-0.899999976
657,657,1821844.918827254,5905803.422059018,-0.899999976
658,658,1821844.134593576,5905759.322681203,-0.899999976
659,659,1800494.625420074,5906257.766741403,-0.888219175
660,660,1800556.827676148,5906250.206308079,-9999.0
661,661,1821840.419288725,5905717.520604548,-0.899999976
662,662,1800527.159983146,5906228.728688217,-9999.0
663,663,1821837.682739081,5905659.543133026,-0.899999976
664,664,1821857.678254856,5905659.019770253,-0.899999976
665,665,1800612.228985619,5906189.114719195,-9999.0
666,666,1800655.448830013,5906183.975427979,-9999.0
667,667,1800686.548588176,5906176.942186721,-9999.0
668,668,1821865.571694988,5905648.637126743,-0.899999976
669,669,1821825.225125505,5905619.970339398,-0.899999976
670,670,1800522.242503498,5906141.321731671,-0.189716992
671,671,1800635.848568501,5906148.636197149,-9999.0
672,672,1821792.232257273,5905611.060364666,-0.899999976
673,673,1821824.70336881,5905600.034574457,-0.899999976
674,674,1800569.417456271,5906113.009735122,-0.667080234
675,675,1800588.072104686,5906066.628977452,-0.642688158
676,676,1800658.640440755,5906036.130541033,-9999.0
677,677,1800613.090883621,5906024.84270831,-0.635019247
678,678,1821808.079487168,5905445.861641943,-0.899999976
679,679,1821830.305375142,5905512.691892415,-0.899999976
680,680,1821874.993031564,5905409.399951172,-0.899999976
681,681,1821807.342608688,5905401.579163979,-0.899999976
682,682,1821847.811794594,5905399.935462257,-0.899999976
683,683,1821834.376602201,5905380.337716216,-0.899999976
684,684,1822195.729821464,5905373.860785723,-0.899999976
685,685,1821825.273677489,5905360.626549987,-0.899999976
686,686,1821849.981095158,5905364.967175471,-0.874399976
687,687,1822085.780268702,5905353.453350629,-0.899999976
688,688,1821793.490354046,5905373.701381498,-0.899999976
689,689,1821945.564685924,5905347.502467575,-0.899999976
690,690,1821833.33296191,5905340.466165042,-0.899999976
691,691,1821885.319347345,5905339.105226675,-0.899999976
692,692,1821981.294227237,5905336.591933055,-0.899999976
693,693,1822053.275399981,5905334.706278686,-0.899999976
694,694,1822027.157251364,5905322.662392985,-0.899999976
695,695,1822213.147968175,5905311.150882243,-0.899999976
696,696,1822251.656215791,5905316.772959949,-0.897507041
697,697,1822292.689829447,5905308.48044629,-0.899999976
698,698,1822182.8251537,5905327.8125719,-0.899999976
699,699,1822224.351671614,5905290.524470363,-0.899999976
700,700,1821977.646783227,5905280.729910542,-0.899999976
701,701,1822316.757074356,5905255.074507138,-0.899999976
702,702,1822023.121856515,5905252.957971488,-0.899999976
703,703,1802563.949953884,5905703.239851549,-9999.0
704,704,1822156.910213701,5905172.595693398,-0.899999976
705,705,1822166.625498967,5905063.001920721,-0.899999976
706,706,1822241.748630841,5905050.674197489,-0.899999976
707,707,1822193.240018717,5905031.996734045,-0.899999976
708,708,1801124.998492951,5905563.860614317,-9999.0
709,709,1801123.784110491,5905545.530991325,-0.65709523
710,710,1802434.751777027,5905486.91771571,-9999.0
711,711,1822328.309781258,5904988.353725862,-0.899999976
712,712,1802518.327937643,5905475.149092728,-9999.0
713,713,1802432.392318784,5905463.164510846,-9999.0
714,714,1822253.629826764,5904976.928464047,-0.899999976
715,715,1802528.022604098,5905457.918915479,-9999.0
716,716,1822279.122215897,5904949.946368537,-0.899999976
717,717,1822287.170556019,5904939.3578599,-0.899999976
718,718,1822290.927294817,5904920.095558246,-0.899999976
719,719,1801229.61928039,5905480.100677503,-0.216387256
720,720,1801250.171602613,5905430.81606871,-0.110272092
721,721,1802379.806336805,5905388.498665521,-9999.0
722,722,1801272.995969073,5905409.460847217,-0.356615678
723,723,1801339.86312688,5905397.745219417,-9999.0
724,724,1802531.70207238,5905365.124866692,-9999.0
725,725,1801371.17358165,5905352.888676167,-9999.0
726,726,1801306.21080873,5905350.486022932,-0.199551568
727,727,1801313.910796318,5905377.380022656,-0.625647474
728,728,1801346.865368168,5905333.318869315,-0.882857144
729,729,1822351.593255117,5904808.197024608,-0.899999976
730,730,1801343.51855828,5905310.634362715,-0.507258066
731,731,1801390.542387418,5905293.918013562,-0.414556816
732,732,1801517.213707119,5905265.281518655,-9999.0
733,733,1822324.012026326,5904733.402112309,-0.899999976
734,734,1801420.823522788,5905246.790288978,-0.314968742
735,735,1801446.774999177,5905244.136043286,-0.425260319
736,736,1822380.356045932,5904667.132989132,-0.899999976
737,737,1801499.608123152,5905195.051947962,-9999.0
738,738,1822355.842457242,5904649.073626632,-0.899999976
739,739,1822395.828833302,5904648.024180982,-0.899999976
740,740,1822381.575025718,5904590.958720711,-0.899999976
741,741,1822348.634814153,5904549.131906474,-0.899999976
742,742,1801574.581089368,5905116.647036334,-0.4921638
743,743,1801633.863139041,5905033.202801028,-0.749375002
744,744,1822480.335513365,5904488.070794243,-0.899999976
745,745,1801974.315498387,5904969.328836185,-9999.0
746,746,1822491.394133944,5904449.330385777,-0.899999976
747,747,1822344.683214946,5904938.282305581,-0.899990345
748,748,1822392.693211768,5904398.353906741,-0.899999976
749,749,1822469.042554985,5904385.998012619,-0.899999976
750,750,1802110.042411795,5904882.429084192,-9999.0
751,751,1802130.783067115,5904871.716632683,-9999.0
752,752,1802059.308292668,5904842.638494634,-9999.0
753,753,1802059.149667651,5904818.293834812,-9999.0
754,754,1802249.833458543,5904791.8555862,-9999.0
755,755,1822368.661439391,5904238.836235496,-0.899999976
756,756,1822356.432760328,5904230.260428096,-0.899999976
757,757,1822391.970446378,5904228.604423752,-0.899999976
758,758,1822447.670750646,5904221.366537118,-0.899999976
759,759,1802616.996028762,5904726.904467993,-9999.0
760,760,1822299.912424234,5904211.066817591,-0.899999976
761,761,1802366.77184578,5904650.797485106,-9999.0
762,762,1802682.474763379,5904643.452247488,-9999.0
763,763,1802662.282588325,5904628.774234775,-9999.0
764,764,1802414.558230053,5904650.457925801,-9999.0
765,765,1802677.917785653,5904613.44046157,-9999.0
766,766,1822253.75165344,5904113.114682756,-0.899999976
767,767,1822273.175768849,5904107.033223446,-0.899999976
768,768,1822280.362553476,5904082.109028181,-0.873703683
769,769,1802401.32711326,5904590.133176487,-9999.0
770,770,1822251.395609258,5904080.36478863,-0.899999976
771,771,1802400.136506059,5904540.295839298,-9999.0
772,772,1802355.204365996,5904501.476551875,-9999.0
773,773,1822246.831914813,5904017.951437794,-0.899999976
774,774,1822229.658599618,5904005.563328108,-0.899999976
775,775,1802045.326517868,5904795.089439907,-0.564623593
776,776,1802326.108578333,5904462.480149523,-9999.0
777,777,1822229.244240193,5903963.75288568,-0.899999976
778,778,1822245.393596082,5903963.127923796,-0.899999976
779,779,1802493.23369428,5904418.393311785,-9999.0
780,780,1822224.531599398,5903914.385791345,-0.899999976
781,781,1802265.318063686,5904412.681551707,-0.445942026
782,782,1822218.936809338,5903878.032860124,-0.899999976
783,783,1822169.869266913,5903835.638301073,-0.899999976
784,784,1802350.918183054,5904422.128235714,-0.443362631
785,785,1803026.592372593,5904305.896157422,-9999.0
786,786,1822196.889854613,5903810.96736509,-0.899999976
787,787,1802535.134008856,5904293.83676784,-9999.0
788,788,1803005.407742177,5904256.537817258,-9999.0
789,789,1822181.094191871,5903769.309084252,-0.899999976
790,790,1803032.281948076,5904216.202230395,-9999.0
791,791,1803064.542195943,5904220.214309826,-9999.0
792,792,1802632.090001778,5904239.434374894,-0.319882353
793,793,1802704.123307444,5904203.913243644,-0.767647063
794,794,1802724.113387062,5904203.434884479,-9999.0
795,795,1803055.948833065,5904195.487272075,-9999.0
796,796,1822198.612165669,5903705.011017019,-0.899999976
797,797,1802754.097412593,5904190.23668913,-0.774166644
798,798,1822216.361429913,5903687.349295083,-0.899999976
799,799,1802849.639098868,5904154.628307023,-0.724594596
800,800,1802934.336811111,5904128.589041834,-9999.0
801,801,1802902.114118349,5904119.388045654,0.103374998
802,802,1802958.085908489,5904118.046874407,-9999.0
803,803,1822292.47592316,5903622.749967086,-0.899999976
804,804,1802957.608164939,5904098.112066782,0.129375
805,805,1803369.595855961,5904078.842108001,-9999.0
806,806,1822311.94343564,5903602.289462988,-0.899999976
807,807,1822443.358590057,5903578.889659207,-0.899999976
808,808,1803588.312420617,5904042.356995783,-9999.0
809,809,1803616.315593112,5904042.411121995,-9999.0
810,810,1822396.147199257,5903560.920123991,-0.899999976
811,811,1803329.489452383,5904038.067944584,-9999.0
812,812,1803368.399352689,5904029.004656719,-9999.0
813,813,1803569.183129031,5904023.193808218,-9999.0
814,814,1822529.590140371,5903516.977065358,-0.899999976
815,815,1803346.487747801,5903997.377397757,-9999.0
816,816,1803714.722604243,5903975.75430741,-9999.0
817,817,1803734.576193657,5903969.754778627,-9999.0
818,818,1822519.51052907,5903497.967633453,-0.899999976
819,819,1803531.024931565,5903972.466165578,-9999.0
820,820,1822584.25386789,5903465.666654764,-0.899999976
821,821,1803381.279926931,5903899.043314235,-9999.0
822,822,1803432.58321896,5903965.899943229,-9999.0
823,823,1803505.108742016,5903856.332013517,-9999.0
824,824,1822604.272900318,5903401.721051125,-0.899999976
825,825,1803519.176755532,5903835.508594044,-9999.0
826,826,1803573.821294649,5903836.730527984,-9999.0
827,827,1803539.279229721,5903815.462136406,-9999.0
828,828,1803563.266325065,5903814.885690681,-9999.0
829,829,1803622.558762596,5903802.902879198,-9999.0
830,830,1822608.859653833,5903330.158651992,-0.899999976
831,831,1822640.319747683,5903309.382072749,-0.899999976
832,832,1803506.099021473,5903766.393141475,-9999.0
833,833,1803349.616768268,5903796.902663351,-9999.0
834,834,1803314.685258382,5903754.297287636,-0.437111108
835,835,1803198.521595572,5904018.196307259,-0.12700851
836,836,1803363.429058034,5903679.677555999,-9999.0
837,837,1822673.943129811,5903218.724774017,0.86976719
838,838,1822656.752857817,5903173.562636994,-0.466872704
839,839,1822664.505786828,5903164.111309694,0.670375007
840,840,1803290.834774321,5903641.527317951,-0.383749995
841,841,1822624.264329665,5903155.194424226,-0.86550831
842,842,1803401.731268112,5903608.94510349,-9999.0
843,843,1803330.818585494,5903616.92168734,-0.304973351
844,844,1822650.415448525,5903084.683167737,-0.899974821
845,845,1822662.553306424,5903109.59509439,-0.161599762
846,846,1803436.431035341,5903548.070931407,-9999.0
847,847,1822677.673308611,5903034.092356442,-0.899999976
848,848,1803390.900022692,5903484.338445014,-0.248284503
849,849,1803402.806725973,5903518.569382906,-0.440686274
850,850,1803430.200379388,5903443.501740328,-0.40905659
851,851,1822726.441087132,5902933.061574042,-0.566387488
852,852,1803454.915403784,5903412.873514016,-0.261634386
853,853,1803489.834336576,5903379.827927869,-0.467123278
854,854,1803475.772964451,5903347.459474907,0.095454537
855,855,1803507.758775274,5903341.905568493,-0.595263152
856,856,1822760.061694212,5902842.403703628,0.018329133
857,857,1822774.479449556,5902782.175381428,0.383112513
858,858,1803531.290318343,5903284.734589129,-0.128333332
859,859,1803519.239191483,5903243.226862805,0.454543377
860,860,1803520.817356338,5903206.952742971,-0.455555552
861,861,1822838.278451118,5902698.204231929,-0.889699036
862,862,1822875.797720911,5902679.76078324,-0.143375001
863,863,1803514.547911964,5903168.433760871,-0.527309413
864,864,1822883.268406872,5902659.6144415,-0.486550018
865,865,1822890.797274511,5902619.516851531,-0.262784288
866,866,1803472.032441448,5903103.107301796,-0.390780778
867,867,1822869.96345905,5902610.090411142,-0.896788006
868,868,1822881.169377448,5902579.8708754,-0.888599976
869,869,1822894.276800077,5902591.495674581,-0.586333317
870,870,1822888.902330572,5902569.692467997,-0.885174976
871,871,1822920.621240355,5902558.882600632,-0.081000003
872,872,1803458.000771512,5903038.916767995,-0.533333341
873,873,1803421.553730703,5902995.151509018,-0.2296088
874,874,1823004.500504777,5902402.063496402,-0.898291643
875,875,1803385.658433729,5902888.218642568,-0.472239381
876,876,1823011.576755832,5902366.965045622,-0.899999976
877,877,1803367.584649964,5902846.610225534,-0.387278909
878,878,1803346.999282556,5902822.171466992,-0.141125001
879,879,1803326.63795381,5902782.767410304,-9999.0
880,880,1803313.584261942,5902763.13435245,-0.55749999
881,881,1803301.370346555,5902754.181586809,-0.49208333
882,882,1803284.301970687,5902733.917667745,-0.164117647
883,883,1823008.163524473,5902237.381658665,-0.337374975
884,884,1823055.997381653,5902129.722899905,-0.875257361
885,885,1823060.71452559,5902106.323903574,-0.890224976
886,886,1803297.762991684,5902603.942192425,-9999.0
887,887,1823083.977769425,5902100.464623867,-0.058645821
888,888,1823100.163686924,5902085.33465612,-0.73314998
889,889,1823087.777356863,5902070.698739912,-0.899735825
890,890,1823109.912619857,5902067.881461372,-0.723457124
891,891,1803283.134820342,5902657.367094629,-0.261846919
892,892,1823107.107806073,5902045.252133871,-0.899999976
893,893,1823138.824470434,5902034.441337935,-0.693139217
894,894,1823121.053309672,5901945.13577066,-0.899999976
895,895,1823158.717577399,5901957.102925589,-0.423443686
896,896,1823188.755048115,5901910.60803802,-0.626016199
897,897,1823212.896802275,5901892.840157016,-0.533913964
898,898,1823182.851634094,5901883.65743436,-0.899999976
899,899,1823222.825131766,5901882.603476278,-0.459810116
900,900,1823229.242706808,5901822.584879221,-0.878674975
901,901,1823244.123302237,5901802.242668264,-0.732124979
902,902,1823254.108642851,5901772.054630606,-0.467217399
903,903,1823174.823739744,5901714.880386633,-0.899999976
904,904,1823237.883577,5901685.849413088,-0.715259651
905,905,1803538.32815941,5902129.418492372,-9999.0
906,906,1823155.811303455,5901646.967897155,-0.899999976
907,907,1803558.073749206,5902118.97044182,-9999.0
908,908,1823163.590092325,5901624.233582035,-0.899999976
909,909,1803529.714066196,5902109.59396302,-0.670666665
910,910,1803549.60032038,5902099.227613633,-0.547631577
911,911,1823258.197219204,5901617.185869367,0.130125857
912,912,1823260.229796511,5901581.966378815,-0.577760674
913,913,1823186.433479105,5901564.366399068,-0.899999976
914,914,1803572.966970318,5902048.799316433,-9999.0
915,915,1823170.181875042,5901554.819998038,-0.899999976
916,916,1823196.954819973,5901514.415802701,-0.471946399
917,917,1823149.891815385,5901527.718865701,-0.899745391
918,918,1803642.669352134,5901978.037010487,-9999.0
919,919,1823172.922276118,5901484.923474263,-0.899999976
920,920,1823267.470498375,5901472.266121856,4.171999994
921,921,1823195.19581398,5901466.434698122,-0.757693091
922,922,1803678.526615806,5901958.172052449,-9999.0
923,923,1803697.493728441,5901936.298815489,-9999.0
924,924,1823211.25950387,5901444.012975544,-0.899999976
925,925,1823261.112871949,5901441.567355894,-0.129737274
926,926,1803726.707660005,5901927.906005731,-0.73999998
927,927,1823303.484047354,5901402.084461071,2.272692313
928,928,1803737.417060931,5901835.403727149,-9999.0
929,929,1823270.388013216,5901342.704407631,-0.899999976
930,930,1823326.16633429,5901348.028376117,0.507518524
931,931,1803781.984036827,5901784.46440153,-9999.0
932,932,1803805.808916987,5901784.092074708,-9999.0
933,933,1823276.804464909,5901282.685693474,-0.899999976
934,934,1823295.145073938,5901282.000529297,-0.899999976
935,935,1803792.725443506,5901760.323703274,-9999.0
936,936,1823285.897561201,5901263.016898421,-0.897592394
937,937,1823293.917942098,5901241.607239743,-0.899999976
938,938,1803858.332132443,5901716.228963436,-0.468043479
939,939,1803879.9857393,5901702.317953714,-9999.0
940,940,1823292.09623038,5901172.558256743,-0.899999976
941,941,1803904.417756405,5901672.170981662,-9999.0
942,942,1823315.946820449,5901166.941509137,-0.669362483
943,943,1803874.308293199,5901632.641498354,-9999.0
944,944,1823335.174407073,5901006.270486007,-0.444814805
945,945,1823363.567179747,5901001.098687824,2.664344837
946,946,1823374.768690204,5900970.878273675,4.672000047
947,947,1803716.749922958,5901412.035725681,-9999.0
948,948,1803723.567825546,5901327.098492147,-9999.0
949,949,1823298.878792333,5900823.257248837,-0.899999976
950,950,1803723.087959878,5901307.16342386,-9999.0
951,951,1803701.119689773,5901286.499514984,-0.444817518
952,952,1803631.460533229,5901179.715911743,-0.483999997
953,953,1823275.343981245,5900689.216843457,-0.720853113
954,954,1803679.522930202,5901158.61237132,-9999.0
955,955,1823334.97400622,5900614.826303694,-0.899919793
956,956,1823476.679298794,5900589.140240045,0.023774993
957,957,1823465.522669441,5900537.809852783,-0.899999976
958,958,1823482.937187212,5900529.32664716,-0.717148124
959,959,1803629.624128019,5901025.838416059,-0.508269231
960,960,1823462.583132803,5900509.713001254,-0.899999976
961,961,1823473.520216292,5900469.524401125,-0.899999976
962,962,1823490.089818276,5900469.086770924,-0.655039982
963,963,1823480.557143266,5900439.212407696,-0.568072707
964,964,1823460.740412167,5900439.937100219,-0.899999976
965,965,1823499.71336019,5900414.273383807,-0.652874422
966,966,1823469.177307841,5900397.366234523,-0.844597915
967,967,1823487.244708409,5900389.563698263,-0.362727261
968,968,1823521.790606827,5900328.600175649,0.787402518
969,969,1823505.54080725,5900319.054492424,-0.879547146
970,970,1823516.684494903,5900308.785172237,-0.858814797
971,971,1823533.253785969,5900308.34744562,0.991112504
972,972,1823516.74068203,5900288.833795674,-0.899650002
973,973,1823553.222369643,5900231.438121901,-0.898920741
974,974,1803728.723764585,5900723.822634903,-0.577886179
975,975,1803754.27231493,5900725.207263609,-9999.0
976,976,1803731.606579891,5900688.612780404,-0.425257737
977,977,1803753.526647568,5900685.59165786,-9999.0
978,978,1823569.532381282,5900167.739589232,-0.899708858
979,979,1803736.683407509,5900658.570580234,-9999.0
980,980,1823596.191044874,5900117.160328121,-0.854779143
981,981,1803729.566629136,5900603.888666101,-0.476270834
982,982,1823623.771510804,5900101.468954599,1.322591786
983,983,1823606.863364249,5900067.003476657,-0.893699976
984,984,1803739.275515285,5900508.908317005,-0.5
985,985,1803747.414164164,5900486.538594504,-0.499350925
986,986,1803756.149140969,5900381.80522998,-0.5
987,987,1823677.698249371,5899886.82515226,0.210025332
988,988,1823602.965340914,5899861.495065803,-0.899989021
989,989,1823604.536745197,5899827.665913951,-0.897860745
990,990,1823591.230297192,5899778.142807437,-0.878412491
991,991,1803817.297148457,5900237.749228802,-0.5
992,992,1823582.183768672,5899738.482066523,-0.864419497
993,993,1803800.197968525,5900218.643461609,-0.419275362
994,994,1823569.536140285,5899713.878919188,-0.856012554
995,995,1803835.494436002,5900187.444130195,-0.5
996,996,1823606.862256525,5899701.792829745,-0.474709309
997,997,1823587.410090304,5899633.606812415,-0.899943378
998,998,1803894.547189281,5900114.28473792,-0.499995927
999,999,1823585.961015844,5899578.782811305,-0.900575028
1000,1000,1803860.188502148,5900057.396983113,-0.491345454
1001,1001,1823609.852581809,5899564.603416805,-0.179965708
1002,1002,1823652.527724762,5899524.321518213,1.139279338
1003,1003,1803867.718853326,5900007.147517495,-0.5
1004,1004,1823658.859174119,5899462.143494231,-0.897918726
1005,1005,1823656.399885445,5899437.271081664,-0.899999976
1006,1006,1803951.925294159,5899875.46426275,-0.5
1007,1007,1803961.132662785,5899854.088471501,-0.5
1008,1008,1823635.32022901,5899328.103726144,-0.899874985
1009,1009,1803964.058433835,5899814.299766944,-0.5
1010,1010,1803873.352531096,5899730.528450905,-0.4855
1011,1011,1823629.462999207,5899224.012845225,-0.901159205
1012,1012,1823648.572173702,5899218.229921259,-0.899444454
1013,1013,1823694.51666029,5899161.935199498,-0.624852922
1014,1014,1823666.409055263,5899142.744598273,-0.901371893
1015,1015,1823714.975670437,5899096.572689762,-0.603967397
1016,1016,1803865.038900498,5899588.331652209,-0.492063022
1017,1017,1803912.748761374,5899577.208162093,-0.5
1018,1018,1823693.250627142,5899077.197346604,-0.901818194
1019,1019,1823700.13264427,5899057.065357857,-0.901400018
1020,1020,1803883.460482819,5899553.096911973,-0.333594226
1021,1021,1823723.054082453,5899016.559119483,-0.901050655
1022,1022,1823771.325178824,5899005.3070938,-0.247963639
1023,1023,1823817.90297038,5898974.149509744,-0.87487717
1024,1024,1823821.371465284,5898954.107820468,-0.899999976
1025,1025,1823838.922915908,5898937.110044229,-0.899999976
1026,1026,1803923.126054954,5899470.021424237,-0.488740977
1027,1027,1803971.874970786,5899376.315360665,-0.5
1028,1028,1823895.315883954,5898877.338057128,-0.899999976
1029,1029,1804018.381484286,5899315.353480425,-0.5
1030,1030,1803984.935149828,5899323.667619624,-0.428708755
1031,1031,1804025.411156293,5899275.290436471,-0.5
1032,1032,1823937.274411551,5898735.089845044,-0.890545431
1033,1033,1804033.935925481,5899224.349950969,-0.486063299
1034,1034,1823938.702795782,5898681.676624734,-0.561269216
1035,1035,1823925.472636604,5898657.089437408,-0.889365613
1036,1036,1804054.370739821,5899149.924680209,-0.5
1037,1037,1804024.716803957,5899099.72918928,-0.452309382
1038,1038,1823942.680097401,5898551.896137544,-0.899999976
1039,1039,1803981.07757294,5898995.657952688,-0.491749998
1040,1040,1824054.86040616,5898409.274223058,-0.899999976
1041,1041,1824057.437024396,5898204.717879994,-0.110169263
1042,1042,1824044.12947741,5898155.195377063,-0.899999976
1043,1043,1804244.644857536,5898557.991714441,-0.5
1044,1044,1804267.796913869,5898551.355524061,-0.5
1045,1045,1804287.532982611,5898540.905327934,-0.5
1046,1046,1804295.033758713,5898501.063186661,-0.5
1047,1047,1804326.041517834,5898480.134447695,-0.5
1048,1048,1824039.903285158,5897995.706873934,-0.899999976
1049,1049,1804301.186066951,5898471.620706167,-0.447054264
1050,1050,1804316.966967229,5898435.473402728,-0.436464433
1051,1051,1804340.938906236,5898434.894111971,-0.5
1052,1052,1824091.06818709,5897824.775249636,-0.899999976
1053,1053,1804345.276027604,5898295.161569522,-0.5
1054,1054,1804322.810498129,5898181.010297501,-0.493575
1055,1055,1823851.826438564,5897536.850162934,-0.901450017
1056,1056,1823818.96421004,5897497.618913057,-0.901727286
1057,1057,1804359.07690781,5897953.498310366,-0.500077667
1058,1058,1804397.26091532,5897935.302296401,-0.5
1059,1059,1804424.776003216,5897934.196697463,-0.5
1060,1060,1804432.422201742,5897919.778892299,-0.5
1061,1061,1804420.372814836,5897899.980565687,-0.5
1062,1062,1804440.495311271,5897898.909587299,-0.5
1063,1063,1804471.391103594,5897878.215522731,-0.501374982
1064,1064,1804479.019586297,5897863.070871332,-0.501656229
1065,1065,1804473.672843553,5897831.81836041,-0.488613091
1066,1066,1804498.27150599,5897832.684893873,-0.501789286
1067,1067,1823724.843872714,5897270.88638096,-0.901950011
1068,1068,1804520.437960847,5897747.595898885,-0.50133623
1069,1069,1804568.583976147,5897646.44200635,-0.502247298
1070,1070,1804608.578677292,5897600.626666949,-0.505900022
1071,1071,1804584.126589639,5897581.271613689,-0.502209207
1072,1072,1823779.229501589,5897059.971234361,-0.901916678
1073,1073,1823803.292926603,5897099.543306752,-0.595838381
1074,1074,1823783.697030909,5897012.647146026,-0.902353746
1075,1075,1804612.731444925,5897465.888406049,-0.502074107
1076,1076,1823812.281682061,5896949.37074486,-0.9028
1077,1077,1823824.002798155,5896939.085315334,-0.901600015
1078,1078,1823844.180689372,5896964.452612973,-0.320391186
1079,1079,1804641.385852667,5897395.376830593,-0.50451579
1080,1080,1804658.836246336,5897365.033978458,-0.505674987
1081,1081,1804620.279763503,5897397.195349861,-0.493992058
1082,1082,1804658.513762353,5897340.108158886,-0.50426606
1083,1083,1804657.729378649,5897295.246622055,-0.50464
1084,1084,1804631.004395213,5897284.642979394,-0.482701098
1085,1085,1823903.527517481,5896785.843156549,-0.79295286
1086,1086,1823925.926011879,5896711.947070131,-0.842499979
1087,1087,1804605.928031142,5897213.824525319,-0.49708148
1088,1088,1823933.447096109,5896694.044673118,-0.899999976
1089,1089,1823926.961961392,5896630.459507866,-0.902254608
1090,1090,1823964.57372936,5896629.369127099,-0.898617632
1091,1091,1823947.102711456,5896605.920588691,-0.902729167
1092,1092,1804657.68295601,5897086.565323979,-0.499999997
1093,1093,1804702.679824567,5897082.65507116,-0.509649842
1094,1094,1804684.14908003,5897068.021224448,-0.505062494
1095,1095,1804746.502092466,5897023.813214713,-0.512650016
1096,1096,1823997.215093789,5896535.845125941,-0.900687518
1097,1097,1824065.284668694,5896533.891204652,-0.899999976
1098,1098,1804718.816709276,5897039.434967009,-0.508380833
1099,1099,1824056.864115328,5896523.938089839,-0.899999976
1100,1100,1804761.997756844,5897003.490870649,-0.513037983
1101,1101,1804742.145601231,5897000.21603708,-0.507230791
1102,1102,1823976.283105303,5896506.325411647,-0.903981803
1103,1103,1804753.681838346,5896983.544129658,-0.507370387
1104,1104,1804782.804612346,5896963.092861744,-0.512765963
1105,1105,1804780.141094813,5896937.795186959,-0.506154214
1106,1106,1824222.247547051,5896429.048543267,-0.899999976
1107,1107,1824254.391778233,5896429.124236831,-0.899999976
1108,1108,1804821.543111154,5896912.286749519,-0.51797939
1109,1109,1824277.268004514,5896393.403018334,-0.899999976
1110,1110,1804828.97918938,5896867.18217746,-0.514218015
1111,1111,1804851.949879623,5896756.960940869,-0.514476013
1112,1112,1804870.472694192,5896696.67104334,-0.524784287
1113,1113,1804836.128982157,5896743.752060265,-0.50204823
1114,1114,1824389.302438087,5896096.163568727,-0.899999976
1115,1115,1824394.856066212,5896026.19040688,-0.899999976
1116,1116,1804877.985368819,5896511.979486923,-0.517516666
1117,1117,1804869.271525936,5896482.270311432,-0.513862498
1118,1118,1824386.125781243,5895976.546787128,-0.899999976
1119,1119,1804852.689765879,5896457.738620859,-0.505775015
1120,1120,1824373.480252096,5895951.944860809,-0.90062385
1121,1121,1824400.624496901,5895926.487547068,-0.753259243
1122,1122,1824380.013420409,5895896.908325676,-0.90120002
1123,1123,1824399.214198275,5895894.748857427,-0.854231687
1124,1124,1804858.745292114,5896377.803967313,-0.52231876
1125,1125,1804831.982171476,5896395.29141012,-0.495252562
1126,1126,1804813.708479433,5896329.422133759,-0.503374326
1127,1127,1804833.450138954,5896323.563045878,-0.516204263
1128,1128,1824384.825666784,5895777.079333885,-0.900112531
1129,1129,1804782.981516578,5896220.06482531,-0.505012497
1130,1130,1804758.680621314,5896185.026209787,-0.458189197
1131,1131,1804790.003708804,5896180.000704435,-0.515312512
1132,1132,1804765.775118395,5896145.680741177,-0.511920013
1133,1133,1804738.138683105,5896140.797948566,-0.486348149
1134,1134,1804743.780587009,5896086.723518581,-0.516620378
1135,1135,1824361.862557764,5895616.044173063,-0.901412068
1136,1136,1804690.610408976,5896007.92080706,-0.502738094
1137,1137,1804719.47296341,5896004.875960849,-0.516678862
1138,1138,1804696.816920012,5895962.842395645,-0.508425021
1139,1139,1824372.624102881,5895468.175236521,-0.89952305
1140,1140,1824395.133857806,5895412.714244444,-0.817719653
1141,1141,1824370.903197114,5895403.382767949,-0.899999976
1142,1142,1824386.327399288,5895388.211724618,-0.899999976
1143,1143,1804610.887293069,5895880.149518778,-0.559200004
1144,1144,1824385.106452179,5895358.117512948,-0.899999976
1145,1145,1804609.874287289,5895827.411416558,-0.676566236
1146,1146,1804564.055410171,5895761.60258169,-0.700699976
1147,1147,1824346.630442854,5895273.548070071,-0.899999976
1148,1148,1824333.786579509,5895209.853976582,-0.899999976
1149,1149,1824323.338681106,5895200.156333115,-0.899999976
1150,1150,1824299.662179838,5895150.909785438,-0.899999976
1151,1151,1804497.070612713,5895626.483635492,-0.70059998
1152,1152,1804481.819749977,5895591.066230498,-0.687099091
1153,1153,1824212.926855159,5895023.536026336,-0.90200001
1154,1154,1824165.155385811,5894880.165104643,-0.901787513
1155,1155,1804303.422980183,5895259.311171122,-0.699999988
1156,1156,1824103.587063551,5894743.718416002,-0.901317567
1157,1157,1824039.119477125,5894649.094600502,-0.902625002
1158,1158,1824019.845836712,5894627.594981861,-0.902969281
1159,1159,1823973.10160347,5894571.045027408,-0.903624989
1160,1160,1823952.60338205,5894551.638456212,-0.903802535
1161,1161,1823932.105253519,5894532.231844801,-0.903999984
1162,1162,1823923.456708274,5894507.523462514,-0.902738854
1163,1163,1823909.658943439,5894489.602059226,-0.903158328
1164,1164,1823896.777880626,5894468.374228794,-0.903663496
1165,1165,1823889.920058643,5894448.562147181,-0.903265817
1166,1166,1823855.194771435,5894344.744375858,-0.895300016
1167,1167,1823840.438971003,5894240.397197944,-0.902442524
1168,1168,1823834.859850323,5894180.694594523,-0.903324993
1169,1169,1823871.757849095,5894065.002954805,-0.903499991
1170,1170,1823915.716704255,5893914.211000216,-0.899999976
1171,1171,1823905.482606614,5893829.694107804,-0.899999976
1172,1172,1823913.073191619,5893814.530165888,-0.844582256
1173,1173,1823904.82174556,5893804.773897275,-0.870874976
1174,1174,1823879.010239976,5893735.632714583,-0.899687499
1175,1175,1823878.481597494,5893715.696547355,-0.899999976
1176,1176,1823876.102678678,5893625.983796509,-0.899999976
1177,1177,1823862.404253982,5893561.508916552,-0.899999976
1178,1178,1823849.441318425,5893542.428476959,-0.899999976
1179,1179,1823807.186442225,5893438.284274462,-0.899999976
1180,1180,1823788.621737861,5893416.332462895,-0.899999976
1181,1181,1823740.65063448,5893340.297062227,-0.95135061
1182,1182,1823671.871239376,5893157.580659003,-9999.0
1183,1183,1823647.811411041,5893003.604334981,-9999.0
1184,1184,1823649.745714538,5892903.802221816,-0.822285675
1185,1185,1823558.092365743,5892806.479438713,-9999.0
1186,1186,1823590.619963153,5892777.179625294,-0.695884632
1187,1187,1823576.923702549,5892741.142596919,-9999.0
1188,1188,1823578.990502292,5892646.324540659,-0.933111075
1189,1189,1823547.197425443,5892508.099996279,-9999.0
1190,1190,1823545.836700918,5892472.638766731,-0.950333357
1191,1191,1823540.523626456,5892422.904071545,-0.82374574
1192,1192,1823539.863537903,5892397.983836987,-9999.0
1193,1193,1823586.937927988,5892161.770103099,-9999.0
1194,1194,1823572.603981026,5892143.27773154,-9999.0
1195,1195,1823548.021363103,5892108.691460492,-9999.0
1196,1196,1823571.605410642,5892087.915139979,-9999.0
1197,1197,1823554.172276578,5892067.172889431,-9999.0
1198,1198,1823508.732764309,5892017.452054594,-9999.0
1199,1199,1804962.909952109,5892430.547539353,-0.784240719
1200,1200,1805028.979038877,5892379.938355225,-0.899999976
1201,1201,1805017.029602864,5892369.391517695,-0.899999976
1202,1202,1823451.533780267,5891902.083212825,-0.561874962
1203,1203,1823474.280468602,5891732.117287789,-9999.0
1204,1204,1823565.592264087,5891559.394213322,-9999.0
1205,1205,1823531.709119333,5891191.414474733,-9999.0
1206,1206,1823551.95851687,5891195.664124894,-0.910999954
1207,1207,1823569.525884099,5891115.39768325,-9999.0
1208,1208,1823543.739747013,5891036.280171184,-9999.0
1209,1209,1804748.307346442,5891474.981533937,-0.899999976
1210,1210,1823521.557936975,5890965.715903741,-9999.0
1211,1211,1804782.350899804,5891427.381449899,-0.899999976
1212,1212,1804746.019067066,5891361.25492071,-0.899999976
1213,1213,1804751.665016994,5891328.81274898,-0.899999976
1214,1214,1804637.623716334,5891089.458324844,-0.899999976
1215,1215,1823714.667972528,5890558.131436472,-0.736214294
1216,1216,1804502.910818587,5891039.611589215,-0.820549438
1217,1217,1823705.369303523,5890513.288654392,-9999.0
1218,1218,1804647.819577192,5890982.459482732,-0.899999976
1219,1219,1804584.909604688,5890964.577412422,-0.899999976
1220,1220,1804631.126896893,5890952.943797477,-0.899999976
1221,1221,1823726.085507934,5890478.973073621,-0.753172422
1222,1222,1823750.999547716,5890399.54535493,-0.50662984
1223,1223,1823735.014807594,5890352.943820498,-9999.0
1224,1224,1823765.570807454,5890352.089406762,-0.62835453
1225,1225,1823744.933900565,5890337.674220312,-9999.0
1226,1226,1823785.737226933,5890317.052306114,-0.60278449
1227,1227,1823802.749262447,5890236.388706723,-0.447599973
1228,1228,1823761.7388872,5890218.254006924,-9999.0
1229,1229,1823754.86782016,5890170.223114842,-9999.0
1230,1230,1823792.411855005,5890167.029055901,-0.973771419
1231,1231,1823732.934733724,5890125.354512761,-0.970567562
1232,1232,1823500.57865261,5889911.729305206,-9999.0
1233,1233,1823634.271859366,5889712.175805461,-0.953621968
1234,1234,1823624.727336503,5889592.727245993,-9999.0
1235,1235,1823704.611408184,5889570.657847134,-0.765962021
1236,1236,1823679.977512045,5889551.56242427,-0.834745475
1237,1237,1823731.11953391,5889527.807592128,-0.867356562
1238,1238,1823659.117952728,5889512.01386697,-9999.0
1239,1239,1823748.645981309,5889506.884916126,-0.755729363
1240,1240,1823789.359047366,5889458.883464862,-9999.0
1241,1241,1823823.597631895,5889433.89413045,-0.825888899
1242,1242,1823564.249960626,5889405.004711339,-9999.0
1243,1243,1823578.819481486,5889393.701547001,-9999.0
1244,1244,1823867.359429092,5889381.797661392,-0.847234189
1245,1245,1823910.071371537,5889309.516972574,-0.817756931
1246,1246,1823938.619000772,5889280.270343398,-0.802222663
1247,1247,1823915.929623819,5889255.467481082,-9999.0
1248,1248,1823991.354787897,5889244.040692697,-9999.0
1249,1249,1824015.326449867,5889238.214840351,-9999.0
1250,1250,1824019.092128621,5889213.761304938,-9999.0
1251,1251,1824066.607646649,5889238.341385378,-0.745391307
1252,1252,1823958.347259083,5889206.455091727,-9999.0
1253,1253,1824042.818624509,5889195.641217769,-9999.0
1254,1254,1824165.938950483,5889194.3106467,-0.911726912
1255,1255,1824236.964989014,5889167.68509583,-0.774125013
1256,1256,1824307.713275044,5889139.674078883,-0.549896222
1257,1257,1823844.488710651,5889128.239459234,-9999.0
1258,1258,1824284.277402003,5889120.810721823,-0.697918912
1259,1259,1823864.772896598,5889118.108825059,-9999.0
1260,1260,1824275.276732911,5889106.412080244,-0.753649121
1261,1261,1824011.584177589,5889103.447982437,-9999.0
1262,1262,1823887.661919869,5889077.600279068,-9999.0
1263,1263,1823962.90453094,5889075.218485325,-9999.0
1264,1264,1824242.031029576,5889057.823096028,-0.958394727
1265,1265,1824267.141320404,5889064.195263358,-0.868735036
1266,1266,1823928.388243342,5889042.586877309,-9999.0
1267,1267,1823929.56041164,5889016.779236316,-9999.0
1268,1268,1823965.899091711,5889015.670996145,-9999.0
1269,1269,1823968.503624812,5888985.293091736,-9999.0
1270,1270,1824367.630368122,5888974.679450254,-0.817571423
1271,1271,1824351.157810706,5888949.978498015,-0.929291663
1272,1272,1824384.242951622,5888944.850636386,-0.859924999
1273,1273,1824365.507862183,5888894.934197265,-0.990181811
1274,1274,1824190.37397956,5889018.805546728,-0.994163907
1275,1275,1824298.465245472,5888777.015787937,-9999.0
1276,1276,1824376.165990617,5888695.146080691,-9999.0
1277,1277,1824342.222625841,5888717.078801106,-9999.0
1278,1278,1824354.679940522,5888616.299380465,-9999.0
1279,1279,1824394.060185734,5888595.300634498,-9999.0
1280,1280,1824400.450047963,5888535.279153708,-9999.0
1281,1281,1824720.4583666,5888360.99907777,-0.075904606
1282,1282,1824502.362754233,5888322.702081719,-0.864018186
1283,1283,1804352.651816292,5888831.873809426,-0.899999976
1284,1284,1824717.021083119,5888297.030865981,-0.120875003
1285,1285,1824725.048659995,5888286.438913913,-0.081714285
1286,1286,1824357.039118264,5888276.695742679,-9999.0
1287,1287,1804389.474585085,5888760.606493732,-0.899999976
1288,1288,1824714.024851691,5888212.938002646,-0.119653712
1289,1289,1824737.692938131,5888194.876161576,-0.018946107
1290,1290,1824737.511224601,5888166.806096291,0.019163636
1291,1291,1824354.120133757,5888167.045921758,-9999.0
1292,1292,1804471.310425384,5888662.698365379,-0.899999976
1293,1293,1804437.151001631,5888554.018879201,-0.899999976
1294,1294,1804822.083499172,5888538.872561303,-9999.0
1295,1295,1824302.897190945,5887989.394306369,-9999.0
1296,1296,1824444.597930721,5888225.379226444,-0.798664753
1297,1297,1824237.335803834,5887980.624839074,-9999.0
1298,1298,1824389.297521763,5887976.177264902,-9999.0
1299,1299,1824420.669976166,5887960.580308799,-9999.0
1300,1300,1804476.683509,5888571.79978555,-0.899999976
1301,1301,1824382.410162491,5887943.943058768,-9999.0
1302,1302,1824403.834434363,5887898.032719966,-9999.0
1303,1303,1824381.965930932,5887856.871000282,-9999.0
1304,1304,1824455.705860812,5887824.241047464,-0.976914909
1305,1305,1824460.889590685,5887805.477320234,-0.975087914
1306,1306,1804501.24267037,5888233.309070225,-9999.0
1307,1307,1804489.136796839,5888204.065149472,-9999.0
1308,1308,1824465.419057478,5887675.678448159,-9999.0
1309,1309,1824567.582143437,5887613.104783484,-0.780256888
1310,1310,1804540.443324215,5888198.66016207,-9999.0
1311,1311,1804576.938952314,5888061.920604578,-9999.0
1312,1312,1824419.516785664,5887725.693237867,-0.997000022
1313,1313,1804538.953814891,5888036.999632003,-9999.0
1314,1314,1804521.142690318,5888015.524414292,-9999.0
1315,1315,1824496.01879854,5887484.950284288,-9999.0
1316,1316,1824474.353533529,5887517.719903246,-0.975404838
1317,1317,1824481.395706154,5887375.995252425,-9999.0
1318,1318,1824616.169270636,5887367.142973805,-0.842518685
1319,1319,1824631.630861368,5887350.871646368,-0.856841118
1320,1320,1824510.676176848,5887350.308747452,-9999.0
1321,1321,1824702.930328636,5887330.266768947,-0.664972468
1322,1322,1824530.41878891,5887320.409521348,-9999.0
1323,1323,1824643.218306544,5887300.890718953,-0.881754316
1324,1324,1824587.33646922,5887267.693924198,-9999.0
1325,1325,1824671.14864587,5887267.639411355,-0.894808231
1326,1326,1824625.263461944,5887252.07453088,-9999.0
1327,1327,1824652.753386035,5887254.595218263,-0.955329341
1328,1328,1824676.858694734,5887249.912957413,-0.889813083
1329,1329,1824653.91340532,5887149.707020701,-9999.0
1330,1330,1804644.489095957,5887646.88199807,-0.899999976
1331,1331,1804630.376500125,5887631.757866897,-0.899999976
1332,1332,1804637.872744956,5887611.628573323,-0.899999976
1333,1333,1824575.248756446,5887177.123689218,-9999.0
1334,1334,1824625.810786763,5887098.212032698,-9999.0
1335,1335,1804716.950331416,5887579.786710442,-0.899999976
1336,1336,1804809.683251864,5887549.832816821,-0.899999976
1337,1337,1824693.128946481,5887047.632979383,-9999.0
1338,1338,1824593.879851763,5886973.603651718,-9999.0
1339,1339,1824635.681299653,5886983.897508522,-9999.0
1340,1340,1824744.042956372,5886965.351655701,-0.981000036
1341,1341,1824764.651265672,5886948.312749011,-9999.0
1342,1342,1824686.453889212,5886946.089417529,-0.994666656
1343,1343,1824723.719716038,5886946.495268309,-9999.0
1344,1344,1824638.83430006,5886929.152866151,-9999.0
1345,1345,1804756.35425727,5887427.198899309,-0.899999976
1346,1346,1804691.696431024,5887718.656338922,-0.899999976
1347,1347,1824688.314092682,5886881.109386167,-0.736823831
1348,1348,1824738.016434137,5886888.959332056,-0.498109523
1349,1349,1824543.985009253,5886845.794229579,-9999.0
1350,1350,1825355.071364736,5886837.40303532,0.366346217
1351,1351,1824549.99094831,5886825.144574592,-9999.0
1352,1352,1824771.874856896,5886816.086616093,-0.350722668
1353,1353,1824713.385832043,5886791.244813759,-0.263075474
1354,1354,1804820.436488697,5887238.168091814,-0.899999976
1355,1355,1804818.740092015,5887168.393879556,-0.899999976
1356,1356,1824600.273021909,5886614.323277541,-9999.0
1357,1357,1824631.928442731,5886603.503877241,-9999.0
1358,1358,1804864.837046472,5887087.282584064,-0.899999976
1359,1359,1824508.20148634,5886550.166059377,-9999.0
1360,1360,1824518.390005377,5886526.32610332,-9999.0
1361,1361,1804859.585283943,5887018.179192951,-0.848981319
1362,1362,1804925.208494148,5886995.311128601,-0.899999976
1363,1363,1804862.014400758,5886977.842445888,-0.826444444
1364,1364,1804899.401133632,5886980.010939348,-0.868870259
1365,1365,1824515.116472523,5886482.391828967,-9999.0
1366,1366,1804869.266962297,5886947.74513036,-0.820555552
1367,1367,1824472.388591325,5886438.56052366,-9999.0
1368,1368,1824500.04910695,5886437.440154417,-9999.0
1369,1369,1824491.470448988,5886427.290881793,-9999.0
1370,1370,1824531.381827824,5886426.629689664,-9999.0
1371,1371,1804899.731379913,5886887.162276096,-0.807410712
1372,1372,1805047.462476532,5886864.00324828,-0.899999976
1373,1373,1804954.861969365,5886855.90010302,-0.84703508
1374,1374,1824816.538101792,5886339.220911723,-9999.0
1375,1375,1824785.528884659,5886320.636976102,-0.986250008
1376,1376,1804921.706916345,5886821.032765527,-0.792752291
1377,1377,1804951.5834725,5886822.422683052,-0.817656095
1378,1378,1824804.095873764,5886300.034967016,-9999.0
1379,1379,1804998.104485998,5886822.891990508,-0.876179456
1380,1380,1804972.570381457,5886770.803525042,-0.790579428
1381,1381,1804948.388957132,5886761.41827268,-0.768351853
1382,1382,1824395.786980747,5886261.046845909,-9999.0
1383,1383,1824334.823133321,5886256.533749476,-9999.0
1384,1384,1824322.300051529,5886233.156568543,-9999.0
1385,1385,1824310.499020068,5886222.83319571,-9999.0
1386,1386,1824302.087207247,5886212.880638437,-9999.0
1387,1387,1824341.731998672,5886202.252105357,-9999.0
1388,1388,1805310.131103271,5886677.293194727,-0.899999976
1389,1389,1824363.634213623,5886196.36280932,-9999.0
1390,1390,1804958.632039474,5886676.081290223,-0.732262498
1391,1391,1804950.991799386,5886666.293541851,-0.713734685
1392,1392,1824293.378247563,5886173.614179472,-9999.0
1393,1393,1824343.589656409,5886176.355255923,-9999.0
1394,1394,1804972.700212471,5886652.855524055,-0.730700698
1395,1395,1824280.711110385,5886153.799677185,-9999.0
1396,1396,1824300.239594003,5886143.505666356,-9999.0
1397,1397,1805012.876986433,5886615.1204768,-0.760771954
1398,1398,1824307.67775571,5886122.954394943,-9999.0
1399,1399,1824325.071910152,5886135.609310643,-9999.0
1400,1400,1805024.32472099,5886604.082476982,-0.767433973
1401,1401,1804981.915606997,5886596.465642986,-0.723524697
1402,1402,1824341.757824141,5886098.803503281,-9999.0
1403,1403,1805069.687245793,5886591.087532349,-0.825394497
1404,1404,1804995.705014358,5886565.670124794,-0.727517227
1405,1405,1805039.609616133,5886568.958415316,-0.780696252
1406,1406,1805051.075749739,5886544.374963799,-0.783400005
1407,1407,1805066.409668392,5886528.340276975,-0.798656671
1408,1408,1805129.958744664,5886522.305522732,-0.899583297
1409,1409,1805042.125688866,5886504.6981885,-0.768142849
1410,1410,1805062.665297185,5886504.581235236,-0.78640002
1411,1411,1823864.566528209,5885989.739893064,-9999.0
1412,1412,1825325.263581066,5885946.361999462,0.126662499
1413,1413,1805088.788389941,5886453.693723058,-0.801428576
1414,1414,1823799.926177716,5885947.33575165,-9999.0
1415,1415,1824293.104812433,5885939.053416795,-9999.0
1416,1416,1805113.684952275,5886406.317630391,-0.815037043
1417,1417,1823871.213010711,5885925.490559726,-9999.0
1418,1418,1824250.837518557,5885915.773424235,-9999.0
1419,1419,1825698.687772434,5885875.782760196,-0.73716001
1420,1420,1825944.839789219,5885855.228244344,-0.903939091
1421,1421,1823813.004691094,5885897.787459462,-9999.0
1422,1422,1805146.79662058,5886352.927331003,-0.862738328
1423,1423,1823896.227674925,5885879.773985229,-9999.0
1424,1424,1823965.965122703,5885873.095003562,-9999.0
1425,1425,1823957.387652174,5885862.945235468,-9999.0
1426,1426,1825555.16877106,5885824.912748739,-0.732678701
1427,1427,1825616.052647952,5885827.623285948,-0.698476923
1428,1428,1824037.065247195,5885850.324612886,-9999.0
1429,1429,1805181.383547709,5886321.780642838,-0.899999976
1430,1430,1825928.646627304,5885815.479222475,-0.866176852
1431,1431,1805213.057528877,5886311.035240458,-0.899999976
1432,1432,1824108.686674856,5885819.220517488,-9999.0
1433,1433,1825549.691894572,5885786.78805268,-0.213045978
1434,1434,1823907.702987661,5885837.641298476,-9999.0
1435,1435,1825464.200549706,5885773.263570703,-0.303890905
1436,1436,1805229.742239654,5886289.04499324,-0.899999976
1437,1437,1824386.701814494,5885792.068005146,-0.976440017
1438,1438,1825433.873593939,5885768.308467926,-0.340442622
1439,1439,1825945.30333174,5885785.259100526,-0.981616552
1440,1440,1824361.444457696,5885757.061183765,-0.965943369
1441,1441,1804987.698893548,5886236.734081605,-0.625275862
1442,1442,1824256.562516117,5885746.366214264,-9999.0
1443,1443,1824957.324246739,5885751.424164152,-0.498726094
1444,1444,1805021.819380164,5886212.261496296,-0.6582905
1445,1445,1805298.155958671,5886199.250669422,-0.899999976
1446,1446,1824325.323094308,5885714.28426464,-0.974418391
1447,1447,1824386.019879088,5885712.822993136,-0.907499992
1448,1448,1805178.226578817,5886192.199700636,-0.843714267
1449,1449,1805318.209626645,5886177.950792368,-0.899999976
1450,1450,1823497.979232117,5885724.074103359,-9999.0
1451,1451,1824285.07898636,5885701.542829899,-0.999666631
1452,1452,1805329.100263762,5886158.601493268,-0.899999976
1453,1453,1824140.469210888,5885669.330310424,-9999.0
1454,1454,1805342.06034821,5886141.415924178,-0.899999976
1455,1455,1824205.249828984,5885795.504656462,-0.990040991
1456,1456,1824265.813328953,5885661.544403133,-9999.0
1457,1457,1824119.398087205,5885649.557477554,-9999.0
1458,1458,1824199.191860725,5885647.433364033,-9999.0
1459,1459,1805119.5322777,5886124.521493455,-0.742387878
1460,1460,1824207.217198798,5885636.841777954,-9999.0
1461,1461,1805104.628782657,5886114.001752757,-0.727400014
1462,1462,1824284.296664217,5885636.062002912,-0.994599986
1463,1463,1805096.241077136,5886104.031062404,-0.703481477
1464,1464,1805124.768523362,5886104.121934945,-0.746807334
1465,1465,1824884.354070519,5885589.261877474,-0.426481478
1466,1466,1805135.161653235,5886718.074925259,-0.894504531
1467,1467,1823567.498184216,5885614.352316178,-9999.0
1468,1468,1824148.590835617,5885626.942033156,-9999.0
1469,1469,1824867.862967259,5885569.751642111,-0.427927276
1470,1470,1823614.844673223,5885593.144704684,-9999.0
1471,1471,1824157.437482407,5885578.718153864,-9999.0
1472,1472,1805323.028575872,5886049.421983003,-0.899999976
1473,1473,1805390.580689874,5886047.391584381,-0.899999976
1474,1474,1823566.70421269,5885584.447773146,-9999.0
1475,1475,1805140.156025869,5886046.599743512,-0.747327959
1476,1476,1805290.914588454,5886042.71163536,-0.899999976
1477,1477,1805378.218731997,5886039.590306857,-0.899999976
1478,1478,1823594.959029003,5885574.105501673,-9999.0
1479,1479,1824276.596165976,5885555.59471606,-9999.0
1480,1480,1805202.85838106,5886032.403687827,-0.823714288
1481,1481,1823536.146914536,5885574.835708948,-9999.0
1482,1482,1823606.226953367,5885563.24659581,-9999.0
1483,1483,1823633.720036393,5885563.178880816,-9999.0
1484,1484,1805172.22598267,5886026.974942144,-0.779912909
1485,1485,1805219.605370823,5886024.937387526,-0.841251388
1486,1486,1805359.840865452,5886021.435156479,-0.899999976
1487,1487,1824974.844401665,5885517.400557449,-0.354828574
1488,1488,1805341.402820877,5886008.293493175,-0.899999976
1489,1489,1823573.624829061,5885544.363190457,-9999.0
1490,1490,1805297.045851716,5886006.595848366,-0.899999976
1491,1491,1823633.488541571,5885528.037984291,-9999.0
1492,1492,1824260.753084092,5885506.679356185,-9999.0
1493,1493,1805249.517296466,5885981.398145754,-0.897678876
1494,1494,1805334.146215933,5885979.490862596,-0.899999976
1495,1495,1823513.578620307,5885516.414836524,-9999.0
1496,1496,1823620.695481631,5885512.784978711,-9999.0
1497,1497,1805280.166292559,5885982.819830867,-0.899999976
1498,1498,1824410.384549488,5885482.203257269,-0.911888876
1499,1499,1805166.651881932,5885967.737054341,-0.745423972
1500,1500,1823481.132599135,5885497.325635605,-9999.0
1501,1501,1823599.632410574,5885525.601564743,-9999.0
1502,1502,1805288.682783457,5885950.522375302,-0.899999976
1503,1503,1823635.453396882,5885486.223002246,-9999.0
1504,1504,1824282.185847286,5885465.668396975,-9999.0
1505,1505,1805334.336239232,5885941.240731961,-0.899999976
1506,1506,1823499.959454295,5885476.492365917,-9999.0
1507,1507,1824218.183887845,5885485.689649084,-9999.0
1508,1508,1805351.784504495,5885919.062727254,-0.899999976
1509,1509,1823618.85305701,5885443.410053764,-9999.0
1510,1510,1823586.407032331,5885424.321258134,-9999.0
1511,1511,1824250.320978694,5885423.540003935,-9999.0
1512,1512,1823649.710611197,5885402.689620193,-9999.0
1513,1513,1824280.373065877,5885385.511857519,-9999.0
1514,1514,1805415.66706131,5885938.76485337,-0.899999976
1515,1515,1824399.226665362,5885376.99382689,-0.993791702
1516,1516,1823624.979012866,5885373.420848125,-9999.0
1517,1517,1805461.473493371,5885831.919149555,-0.899999976
1518,1518,1805503.861641451,5885795.285133141,-0.899999976
1519,1519,1823684.0881705,5885321.110905493,-9999.0
1520,1520,1823834.821391308,5885318.429937934,-9999.0
1521,1521,1824321.194595054,5885331.170088589,-9999.0
1522,1522,1824329.691505962,5885294.621853752,-9999.0
1523,1523,1824387.004527941,5885310.923050961,-9999.0
1524,1524,1805503.131847175,5885765.381799234,-0.899999976
1525,1525,1805525.683554908,5885755.565437014,-0.899999976
1526,1526,1823670.735139993,5885292.403715311,-9999.0
1527,1527,1824349.240714642,5885279.138052297,-9999.0
1528,1528,1805510.614176959,5885744.849171609,-0.899999976
1529,1529,1823702.38636968,5885281.587611108,-9999.0
1530,1530,1823722.39613102,5885261.488654616,-9999.0
1531,1531,1824382.591505926,5885248.633347427,-9999.0
1532,1532,1823901.123389712,5885236.404048311,-9999.0
1533,1533,1823721.601517722,5885231.584087209,-9999.0
1534,1534,1823828.138029942,5885178.291884485,-9999.0
1535,1535,1824435.60355604,5885186.338506026,-9999.0
1536,1536,1823975.337347138,5885164.986562968,-9999.0
1537,1537,1823778.997157884,5885159.848998936,-9999.0
1538,1538,1823835.68249243,5885163.693459382,-9999.0
1539,1539,1824472.597306265,5885136.786531471,-9999.0
1540,1540,1823858.256056405,5885137.791509811,-9999.0
1541,1541,1823882.480914742,5885141.933660761,-9999.0
1542,1542,1824502.11710428,5885127.277873841,-9999.0
1543,1543,1823817.309998443,5885113.175693875,-9999.0
1544,1544,1823833.002693638,5885102.783263817,-9999.0
1545,1545,1823810.357706156,5885271.5727315,-9999.0
1546,1546,1823952.988201967,5885084.993272839,-9999.0
1547,1547,1824540.606152665,5885072.822802464,-0.996000022
1548,1548,1823943.64595296,5885059.939971283,-9999.0
1549,1549,1824054.810006021,5885022.835242316,-9999.0
1550,1550,1823982.470596107,5885004.809597979,-9999.0
1551,1551,1823996.648621037,5885056.125240759,-9999.0
1552,1552,1824030.654507025,5885003.124896922,-9999.0
1553,1553,1824070.23695766,5885002.474147023,-9999.0
1554,1554,1824572.101492234,5884959.176090045,-9999.0
1555,1555,1824593.944779075,5884960.944544856,-9999.0
1556,1556,1824053.620409893,5884964.658391625,-9999.0
1557,1557,1824095.167265473,5884980.219987388,-9999.0
1558,1558,1824089.012886659,5884951.896767923,-9999.0
1559,1559,1824619.176067517,5884927.994313478,-9999.0
1560,1560,1824627.200132985,5884917.402260377,-9999.0
1561,1561,1824208.333495925,5884919.37853179,-9999.0
1562,1562,1824075.827870909,5884912.547978192,-9999.0
1563,1563,1824099.498551867,5884901.942647934,-9999.0
1564,1564,1824139.551127155,5884934.290303191,-9999.0
1565,1565,1824186.722277529,5884879.267155201,-9999.0
1566,1566,1824625.282241477,5884857.60156526,-9999.0
1567,1567,1824209.142460002,5884863.642987743,-9999.0
1568,1568,1824241.255940293,5884828.341002178,-9999.0
1569,1569,1824654.815459261,5884862.208326074,-9999.0
1570,1570,1824253.113976483,5884817.848526428,-9999.0
1571,1571,1824267.476842777,5884804.210994281,-9999.0
1572,1572,1824280.086677299,5884787.405450605,-9999.0
1573,1573,1824667.001475068,5884782.186479468,-9999.0
1574,1574,1824649.448241881,5884722.803024162,-9999.0
1575,1575,1823846.063549496,5884679.254470884,-9999.0
1576,1576,1825622.60817169,5884656.352067167,0.346216958
1577,1577,1823885.425544455,5884658.257190166,-9999.0
1578,1578,1823865.806328712,5884649.186873908,-9999.0
1579,1579,1823925.052515438,5884647.227917467,-9999.0
1580,1580,1823884.895312141,5884638.320788941,-9999.0
1581,1581,1823944.529750565,5884607.191915081,-0.857666661
1582,1582,1824665.981836277,5884587.584582018,-9999.0
1583,1583,1824019.490175324,5884589.64997894,-0.911993691
1584,1584,1823960.950753241,5884587.291595888,-0.901763653
1585,1585,1824671.841629668,5884521.822264569,-9999.0
1586,1586,1824129.041057108,5884512.12059604,-0.828156244
1587,1587,1824712.664779167,5884511.575790129,-9999.0
1588,1588,1825620.133617187,5884481.910251418,0.260646463
1589,1589,1824699.549575988,5884477.34321274,-9999.0
1590,1590,1825619.900799186,5884431.988038282,0.249482758
1591,1591,1825675.433153397,5884390.799050274,0.412111117
1592,1592,1824725.018715288,5884406.452833765,-9999.0
1593,1593,1824757.90328361,5884413.76420075,-9999.0
1594,1594,1824748.842877043,5884395.640088409,-9999.0
1595,1595,1824755.973178052,5884385.474367159,-9999.0
1596,1596,1825646.557040037,5884362.231464729,0.276669804
1597,1597,1822737.654083516,5884429.351116302,-9999.0
1598,1598,1825718.304317513,5884355.135269412,0.471505072
1599,1599,1822768.441498292,5884418.446042108,-9999.0
1600,1600,1824669.283575004,5884358.603069468,-9999.0
1601,1601,1822313.758759362,5884400.657011718,-9999.0
1602,1602,1822353.649327642,5884399.603335326,-9999.0
1603,1603,1822376.004802871,5884404.864170537,-9999.0
1604,1604,1824404.029563105,5884345.189362091,-0.853851849
1605,1605,1824421.587217162,5884333.667873248,-0.689023257
1606,1606,1824687.257110834,5884310.48722887,-9999.0
1607,1607,1822101.188624536,5884356.542533068,-0.972807344
1608,1608,1822120.7057727,5884345.903041594,-0.97594644
1609,1609,1824520.903491451,5884287.948773269,-0.766831313
1610,1610,1824821.006681479,5884274.671305899,-9999.0
1611,1611,1824544.643387676,5884270.670474743,-0.781088067
1612,1612,1824745.446267979,5884314.519811573,-9999.0
1613,1613,1824569.443135854,5884260.97520644,-0.699517857
1614,1614,1823459.962189923,5884270.553377401,-9999.0
1615,1615,1824688.58214626,5884237.844984263,-9999.0
1616,1616,1824799.591625609,5884246.175377482,-9999.0
1617,1617,1823419.807392654,5884261.644132535,-9999.0
1618,1618,1825039.345359868,5884218.498639709,-0.929571423
1619,1619,1824624.059750851,5884237.737299025,-0.677747302
1620,1620,1824673.536590096,5884218.834984236,-0.640045193
1621,1621,1825085.627360642,5884182.12331842,-0.89065848
1622,1622,1824781.165845052,5884176.196321216,-0.659330094
1623,1623,1824802.119709301,5884164.20012707,-0.641126128
1624,1624,1825098.173230868,5884157.456535715,-0.871564817
1625,1625,1823066.924931038,5884201.177425278,-9999.0
1626,1626,1822987.395336034,5884171.800116614,-0.970945784
1627,1627,1823018.209624592,5884165.169696121,-0.95121646
1628,1628,1823064.974496146,5884153.275471767,-0.922932435
1629,1629,1824952.811710415,5884097.191129258,-0.472649343
1630,1630,1822235.375772445,5884153.348965872,-0.959017865
1631,1631,1822985.296713158,5884133.514136835,-0.912407408
1632,1632,1825011.680242543,5884079.583267632,-0.387388877
1633,1633,1825057.741114511,5884069.051749868,-0.490902338
1634,1634,1806045.637275918,5884445.56056295,-0.899999976
1635,1635,1822669.883621262,5884246.860928528,-0.979769376
1636,1636,1822614.886333604,5884013.642581617,-0.982055539
1637,1637,1825294.616214695,5883912.408093674,-0.721756121
1638,1638,1822294.722915473,5883982.204585282,-0.918254578
1639,1639,1825330.276711707,5883896.288980249,-0.810731521
1640,1640,1825317.738152643,5883881.460271513,-0.867263145
1641,1641,1825345.400731945,5883880.336445775,-0.839843777
1642,1642,1822360.576771171,5883972.726944871,-0.933266077
1643,1643,1822433.344038027,5883919.074343375,-0.934373843
1644,1644,1822398.767615449,5883912.728847323,-0.922782436
1645,1645,1818206.275137899,5883939.57750791,-9999.0
1646,1646,1825727.758561149,5883700.874981704,0.032923077
1647,1647,1818262.82006645,5883788.872547828,-9999.0
1648,1648,1818207.790897983,5883690.168616282,-9999.0
1649,1649,1821486.45788161,5883604.512112108,-0.611854542
1650,1650,1818119.264879254,5883676.73520455,-9999.0
1651,1651,1818166.612439478,5883641.362374983,-9999.0
1652,1652,1818214.217235876,5883630.153255264,-9999.0
1653,1653,1818346.174101059,5883617.138704713,-9999.0
1654,1654,1821513.315667198,5883540.499847453,-0.557956768
1655,1655,1821581.74329209,5883547.038884917,-0.612020379
1656,1656,1818198.226212979,5883604.903619881,-9999.0
1657,1657,1818351.230482114,5883599.773664606,-9999.0
1658,1658,1818185.853641031,5883590.125876415,-9999.0
1659,1659,1818245.091946153,5883589.453404862,-9999.0
1660,1660,1818364.49080956,5883576.38106684,-9999.0
1661,1661,1818464.796937126,5883574.160673097,-9999.0
1662,1662,1818021.214773787,5883575.307283481,-9999.0
1663,1663,1818220.706933112,5883560.161444454,-9999.0
1664,1664,1818371.950607321,5883556.237878647,-9999.0
1665,1665,1818464.279355187,5883554.224491445,-9999.0
1666,1666,1817833.185930206,5883565.325117844,-9999.0
1667,1667,1817940.667508132,5883561.665374008,-9999.0
1668,1668,1818212.138873297,5883550.006219061,-9999.0
1669,1669,1818409.717044209,5883564.775501932,-9999.0
1670,1670,1817852.920562541,5883549.741692911,-9999.0
1671,1671,1818299.639142143,5883538.164531393,-9999.0
1672,1672,1818323.570507532,5883537.543656001,-9999.0
1673,1673,1818419.432890466,5883534.127275342,-9999.0
1674,1674,1818179.723878711,5883531.29980107,-9999.0
1675,1675,1818283.426320048,5883528.610323306,-9999.0
1676,1676,1818562.947316352,5883521.354695886,-9999.0
1677,1677,1818323.053253887,5883517.607479761,-9999.0
1678,1678,1818410.632772148,5883520.646829756,-9999.0
1679,1679,1818447.70218141,5883523.766081573,-9999.0
1680,1680,1818331.083272211,5883507.021704971,-9999.0
1681,1681,1817920.285012008,5883508.481480125,-9999.0
1682,1682,1818430.81824927,5883495.244297516,-9999.0
1683,1683,1817971.026761671,5883501.03040981,-9999.0
1684,1684,1818162.735904726,5883491.841114388,-9999.0
1685,1685,1818258.460776514,5883489.358738001,-9999.0
1686,1686,1818390.628039086,5883491.144220958,-9999.0
1687,1687,1818337.972870884,5883477.321168809,-9999.0
1688,1688,1817898.976359815,5883478.725867474,-9999.0
1689,1689,1818241.989560025,5883469.836369315,-9999.0
1690,1690,1818362.384268988,5883470.972984339,-9999.0
1691,1691,1818377.430862866,5883471.634532853,-9999.0
1692,1692,1818010.396785368,5883465.865068003,-9999.0
1693,1693,1818058.259031648,5883464.624876319,-9999.0
1694,1694,1818142.609560879,5883462.821691543,-9999.0
1695,1695,1818177.914670313,5883461.523204181,-9999.0
1696,1696,1818209.563505627,5883464.923631481,-9999.0
1697,1697,1818281.616250368,5883458.833709825,-9999.0
1698,1698,1818297.570341797,5883458.419827848,-9999.0
1699,1699,1818348.662881292,5883456.892855666,-9999.0
1700,1700,1806579.199952351,5883744.287755142,-0.899999976
1701,1701,1817942.054869316,5883458.121753371,-9999.0
1702,1702,1817978.230400222,5883456.723629763,-9999.0
1703,1703,1818361.439583502,5883446.385193365,-9999.0
1704,1704,1817898.523961335,5883448.813291186,-9999.0
1705,1705,1818066.548718244,5883449.811545467,-9999.0
1706,1706,1818256.812506059,5883447.651523689,-9999.0
1707,1707,1818289.076109473,5883438.690595865,-9999.0
1708,1708,1818336.938272809,5883437.448811413,-9999.0
1709,1709,1818400.754498766,5883435.792674652,-9999.0
1710,1710,1818429.264513757,5883434.188929274,-9999.0
1711,1711,1817927.737511285,5883444.075907173,-9999.0
1712,1712,1817960.620130403,5883437.93810693,-9999.0
1713,1713,1818176.879932684,5883435.84677268,-9999.0
1714,1714,1818362.052832708,5883427.361297716,-9999.0
1715,1715,1818017.340738028,5883425.7860591,-9999.0
1716,1716,1818264.627897875,5883419.375209679,-9999.0
1717,1717,1818455.816904012,5883418.634813605,-9999.0
1718,1718,1818689.139688768,5883415.782062663,-9999.0
1719,1719,1821573.893850906,5883338.611167434,-0.489359543
1720,1720,1818059.617792418,5883418.794002929,-9999.0
1721,1721,1818219.281220012,5883418.03398717,-9999.0
1722,1722,1818419.183988917,5883412.032710521,-9999.0
1723,1723,1821591.10162342,5883322.052427497,-0.452000016
1724,1724,1818016.824190793,5883405.849893744,-9999.0
1725,1725,1818104.571023247,5883403.575905365,-9999.0
1726,1726,1818176.363899288,5883401.714687739,-9999.0
1727,1727,1818327.926676398,5883397.783435775,-9999.0
1728,1728,1818136.2205503,5883392.780687677,-9999.0
1729,1729,1818220.57039824,5883390.9766887,-9999.0
1730,1730,1818156.496132888,5883382.663387569,-9999.0
1731,1731,1818287.778255046,5883395.464801475,-9999.0
1732,1732,1818315.59970689,5883377.952359853,-9999.0
1733,1733,1818116.352900419,5883373.729297581,-9999.0
1734,1734,1818034.686028199,5883371.767657343,-9999.0
1735,1735,1818131.176800704,5883362.201311259,-9999.0
1736,1736,1818041.810984048,5883355.127242289,-9999.0
1737,1737,1818398.711077348,5883350.858534902,-9999.0
1738,1738,1817684.823740016,5883354.980164636,-9999.0
1739,1739,1818309.645056419,5883308.484569628,-9999.0
1740,1740,1818202.289939506,5883301.677640467,-9999.0
1741,1741,1818792.580430025,5883286.34889778,-9999.0
1742,1742,1818173.520768806,5883292.065729364,-9999.0
1743,1743,1818213.976057278,5883286.392906696,-9999.0
1744,1744,1818252.420034374,5883292.40890795,-9999.0
1745,1745,1818319.931805416,5883347.799361017,-9999.0
1746,1746,1818077.419854392,5883297.424909878,-9999.0
1747,1747,1818228.831443853,5883270.279141282,-9999.0
1748,1748,1818294.751635201,5883278.345806796,-9999.0
1749,1749,1818332.530694394,5883267.588912533,-9999.0
1750,1750,1818803.49851119,5883255.757310053,-9999.0
1751,1751,1821597.682552493,5883196.61116453,-0.363365076
1752,1752,1818059.033631775,5883264.907906113,-9999.0
1753,1753,1818252.51390932,5883260.092700734,-9999.0
1754,1754,1818791.107770995,5883245.903360279,-9999.0
1755,1755,1818778.717059675,5883236.049397056,-9999.0
1756,1756,1817701.917359171,5883254.407273337,-9999.0
1757,1757,1818263.760717259,5883242.903543523,-9999.0
1758,1758,1817661.193781616,5883249.707193174,-9999.0
1759,1759,1817689.962709269,5883243.878127742,-9999.0
1760,1760,1818100.178515039,5883234.118445816,-9999.0
1761,1761,1818790.765995538,5883216.57218191,-9999.0
1762,1762,1817581.427447037,5883237.574483137,-9999.0
1763,1763,1818291.363734188,5883219.185669733,-9999.0
1764,1764,1806684.999405264,5883502.317519219,-0.899999976
1765,1765,1818082.577579311,5883213.683465797,-9999.0
1766,1766,1818410.757273773,5883206.112429329,-9999.0
1767,1767,1806733.828367366,5883506.376619028,-0.899999976
1768,1768,1818567.111975967,5883335.715915772,-9999.0
1769,1769,1818585.729063039,5883195.814879542,-9999.0
1770,1770,1817804.003949066,5883201.891465484,-9999.0
1771,1771,1818478.634082562,5883184.78367966,-9999.0
1772,1772,1806596.522558604,5883474.568839273,-0.899999976
1773,1773,1818494.06995249,5883164.433207333,-9999.0
1774,1774,1806812.596404423,5883439.878107734,-0.899999976
1775,1775,1818013.86862563,5883162.340613082,-9999.0
1776,1776,1818034.297411716,5883156.027683657,-9999.0
1777,1777,1818072.100762572,5883160.541872433,-9999.0
1778,1778,1817706.79374523,5883175.735800431,-9999.0
1779,1779,1817889.069166379,5883138.898744887,-9999.0
1780,1780,1817734.987131065,5883134.237646075,-9999.0
1781,1781,1817921.897334353,5883113.851915521,-9999.0
1782,1782,1806822.240830225,5883379.642052093,-0.899999976
1783,1783,1806855.531362254,5883385.858309368,-0.899999976
1784,1784,1806832.879439908,5883349.075846276,-0.899999976
1785,1785,1817876.886097145,5883312.702035146,-9999.0
1786,1786,1817971.609330139,5883057.118430534,-9999.0
1787,1787,1806781.133513084,5883330.783116315,-0.899999976
1788,1788,1806900.289953993,5883307.906103426,-0.899999976
1789,1789,1806927.616418091,5883306.850973742,-0.899999976
1790,1790,1818007.014974324,5883022.69521882,-9999.0
1791,1791,1807002.512071181,5883245.548507834,-0.899999976
1792,1792,1806798.278609768,5883240.213884358,-0.899999976
1793,1793,1807019.631939408,5883221.305844316,-0.899999976
1794,1794,1806987.673243894,5883191.849576293,-0.899999976
1795,1795,1807023.070148266,5883183.000416072,-0.899999976
1796,1796,1816096.40351689,5882906.583505649,-9999.0
1797,1797,1806997.59348707,5883127.788150008,-0.899999976
1798,1798,1816071.194158834,5882857.357902167,-9999.0
1799,1799,1816011.124360013,5882849.276550277,-9999.0
1800,1800,1807325.935704564,5882853.717594112,-0.899999976
1801,1801,1807323.07483733,5882822.478120712,-0.899999976
1802,1802,1807361.392154525,5882752.080457737,-0.899999976
1803,1803,1807389.882377291,5882760.739874216,-0.899999976
1804,1804,1807305.028360014,5882739.021755739,-0.899999976
1805,1805,1807325.237188636,5882738.906828083,-0.899999976
1806,1806,1807296.474965585,5882728.856033566,-0.899999976
1807,1807,1807438.694341253,5882707.856529616,-0.899999976
1808,1808,1807094.247672144,5882690.993380263,-0.73364913
1809,1809,1807172.343840026,5882613.305096473,-0.751740742
1810,1810,1807409.040204629,5882576.011566898,-0.899999976
1811,1811,1806837.692485237,5882570.995748484,-0.302464295
1812,1812,1807435.692676233,5882535.919696755,-0.899999976
1813,1813,1807554.751843716,5882537.606127906,-0.899999976
1814,1814,1807594.895028075,5882532.394772395,-0.899999976
1815,1815,1807271.492188949,5882522.363662937,-0.771541062
1816,1816,1807309.964878224,5882515.779265689,-0.80598284
1817,1817,1807402.494694244,5882497.245216991,-0.899999976
1818,1818,1807283.436271968,5882495.556657542,-0.752639631
1819,1819,1807251.574577732,5882479.663985655,-0.716319151
1820,1820,1807294.18579019,5882450.428619257,-0.716626172
1821,1821,1807270.013278146,5882441.050388821,-0.676722221
1822,1822,1807344.925993664,5882443.041710382,-0.772699992
1823,1823,1807344.6992515,5882418.878729234,-0.752392874
1824,1824,1807303.039143736,5882421.548398741,-0.703261366
1825,1825,1807718.795876816,5882393.921531773,-0.899999976
1826,1826,1807746.884738364,5882378.831832491,-0.899999976
1827,1827,1807860.523788509,5882224.551843905,-0.899999976
1828,1828,1807489.085890748,5882140.268893342,-0.627036698
1829,1829,1807441.006742142,5882117.286268203,-0.552107143
1830,1830,1807560.948543799,5882113.92451333,-0.729874986
1831,1831,1807600.5131632,5882113.350607741,-0.763685178
1832,1832,1807919.279750974,5882095.502320562,-0.899999976
1833,1833,1807759.527176436,5882089.476168432,-0.899999976
1834,1834,1807547.6336296,5882079.857286835,-0.681845068
1835,1835,1807567.627854693,5882074.266499352,-0.698089277
1836,1836,1807770.077973965,5882075.761073097,-0.899999976
1837,1837,1807276.629723761,5882061.878534733,-0.34999999
1838,1838,1807367.508487089,5882049.281261093,-0.435185181
1839,1839,1807295.239850826,5882031.114986264,-0.342928575
1840,1840,1807950.069179463,5882028.70110705,-0.899999976
1841,1841,1818235.285980353,5881759.878284928,-0.600000024
1842,1842,1807134.753245093,5881995.173472066,-0.131218186
1843,1843,1807286.017226216,5881995.667350183,-0.30353637
1844,1844,1807314.786048421,5881991.120608492,-0.339092594
1845,1845,1807984.514400003,5881983.974337684,-0.899999976
1846,1846,1807254.135489319,5881982.258428423,-0.266727262
1847,1847,1807684.785689554,5881971.232118973,-0.78145455
1848,1848,1807978.490936941,5881955.110439592,-0.899999976
1849,1849,1818031.233149895,5881710.10064717,-0.600000024
1850,1850,1807963.424491775,5881944.398660724,-0.899999976
1851,1851,1818021.893661072,5881646.460337134,-0.600000024
1852,1852,1807052.792674706,5881907.426556493,0.031254545
1853,1853,1808030.335039419,5881883.685647878,-0.899999976
1854,1854,1807810.011236444,5881858.827771087,-0.899999976
1855,1855,1807027.885832979,5881868.144117512,0.067821429
1856,1856,1807665.627116761,5881856.641118572,-0.674571441
1857,1857,1807759.812683426,5881854.762881722,-0.790784457
1858,1858,1807798.071737337,5881848.285194585,-0.851754531
1859,1859,1807059.540678962,5881857.390891857,0.036132075
1860,1860,1806716.123300487,5881845.89148706,0.229854552
1861,1861,1806859.584731813,5881832.18871644,0.224658232
1862,1862,1807781.084047771,5881814.886957248,-0.789149541
1863,1863,1807876.836609531,5881807.689477711,-0.899999976
1864,1864,1806867.470566588,5881821.819551485,0.223333328
1865,1865,1807717.0895573,5881801.662752533,-0.686342593
1866,1866,1807768.326352601,5881799.611348587,-0.761472723
1867,1867,1807895.936823373,5881796.860236504,-0.899999976
1868,1868,1807740.121567288,5881795.834127459,-0.71609677
1869,1869,1807391.040731954,5882203.044057966,-0.57033075
1870,1870,1807781.037858226,5881772.855891419,-0.763451612
1871,1871,1806834.277853462,5881783.143022051,0.264925922
1872,1872,1807145.302100326,5881775.487594577,-0.017185186
1873,1873,1808076.704422267,5881805.481778548,-0.899999976
1874,1874,1808142.488053939,5881750.463021485,-0.899999976
1875,1875,1807783.054926591,5881749.780223538,-0.752290923
1876,1876,1806894.190655717,5881762.104568908,0.22362617
1877,1877,1808125.732714778,5881731.332323614,-0.899999976
1878,1878,1817623.519718773,5881470.953353638,-0.600000024
1879,1879,1817766.812710313,5881471.464848123,-0.600000024
1880,1880,1807779.560150038,5881713.048612115,-0.716473112
1881,1881,1807948.992040126,5881826.19941268,-0.899373877
1882,1882,1807237.018227324,5881716.462289388,-0.070601064
1883,1883,1807682.727734784,5881702.771843251,-0.567963316
1884,1884,1817535.277542403,5881453.287038051,-0.600000024
1885,1885,1817774.594702137,5881437.117849603,-0.600000024
1886,1886,1817742.943271926,5881433.313768749,-0.600000024
1887,1887,1817762.642310264,5881426.58889126,-0.600000024
1888,1888,1807238.526422057,5881687.646202313,-0.057899999
1889,1889,1807900.708265413,5881667.080606442,-0.881090892
1890,1890,1817607.915100744,5881416.287906616,-0.600000024
1891,1891,1807896.818919508,5881647.611921518,-0.832574083
1892,1892,1807301.853131723,5881651.94282475,-0.08682456
1893,1893,1807668.697415589,5881642.891476613,-0.512596514
1894,1894,1808170.100359175,5881669.735853961,-0.899999976
1895,1895,1807274.286324281,5881643.031532588,-0.057561903
1896,1896,1807366.847389422,5881640.905369229,-0.15713125
1897,1897,1807389.085078776,5881629.844084102,-0.174781815
1898,1898,1817693.879636099,5881454.035973187,-0.600000024
1899,1899,1807053.929132676,5881622.940936093,0.146337501
1900,1900,1807297.640852464,5881621.409167032,-0.069567388
1901,1901,1817676.24914924,5881349.891194438,-0.600000024
1902,1902,1817760.578285506,5881348.090884425,-0.600000024
1903,1903,1807117.203556537,5881606.623153106,0.112072727
1904,1904,1807280.843429048,5881602.38978934,-0.046930817
1905,1905,1817210.044690026,5881352.355301086,-0.600000024
1906,1906,1817308.881192409,5881353.639558313,-0.600000024
1907,1907,1807191.692156405,5881603.515441997,0.043143791
1908,1908,1817149.027086301,5881351.697338574,-0.600000024
1909,1909,1817476.680007869,5881335.105544005,-0.600000024
1910,1910,1807112.446197778,5881586.006789492,0.102542057
1911,1911,1807257.845038899,5881594.700931017,-0.018234079
1912,1912,1817468.114898371,5881324.949670745,-0.600000024
1913,1913,1807216.742886426,5881574.632238877,0.030370371
1914,1914,1807136.749399901,5881566.629158268,0.091962963
1915,1915,1817672.751607221,5881312.962034322,-0.600000024
1916,1916,1817771.739909383,5881300.018981181,-0.600000024
1917,1917,1817081.323748613,5881301.766474228,-0.600000024
1918,1918,1807090.211618924,5881574.735085747,0.123715798
1919,1919,1807291.208486287,5881537.303748236,-0.022213389
1920,1920,1807349.451583309,5881574.103065095,-0.096129352
1921,1921,1807125.900919838,5881522.922837608,0.11488
1922,1922,1807248.950139649,5881520.084539234,0.028785124
1923,1923,1817052.513755966,5881294.698756458,-0.600000024
1924,1924,1807302.745493603,5881502.694990717,-0.0075
1925,1925,1807328.280822591,5881502.916986475,-0.031449005
1926,1926,1807368.956503192,5881460.783571175,-0.050696429
1927,1927,1816247.683934519,5881221.271207986,-9999.0
1928,1928,1817381.113780067,5881178.363673083,-0.600000024
1929,1929,1816217.128417277,5881210.531162645,-0.600000024
1930,1930,1807391.651337391,5881410.354161775,-0.046074074
1931,1931,1816410.810304407,5881173.086092133,-0.600000024
1932,1932,1816555.541601762,5881159.92403088,-0.600000024
1933,1933,1816449.911042486,5881156.351312866,-0.600000024
1934,1934,1821762.824969372,5881013.610728258,-0.715482778
1935,1935,1807387.271550385,5881370.949537242,-0.013018349
1936,1936,1816606.735268531,5881151.880242547,-0.600000024
1937,1937,1817055.740056162,5881116.563111596,-0.600000024
1938,1938,1807453.972948778,5881348.973138831,-0.055418183
1939,1939,1808311.833283444,5881328.147126193,-0.899999976
1940,1940,1807426.406908348,5881340.062376595,-0.019766355
1941,1941,1817416.285610905,5881289.221423858,-0.600000024
1942,1942,1815803.771126476,5881115.222720412,-0.600000024
1943,1943,1816983.222522405,5881083.321991446,-0.600000024
1944,1944,1817166.357017857,5881073.807804044,-0.600000024
1945,1945,1808378.985381503,5881266.794924482,-0.899999976
1946,1946,1807451.986886973,5881283.42526143,-0.026171171
1947,1947,1815878.787708343,5881077.843712333,-0.600000024
1948,1948,1808392.752246689,5881235.992709886,-0.899999976
1949,1949,1808413.279519479,5881235.867036546,-0.899999976
1950,1950,1807555.18209407,5881246.735927191,-0.131107138
1951,1951,1807730.62109339,5881242.403370147,-0.319818178
1952,1952,1821925.019189426,5880874.123089193,-0.043786492
1953,1953,1808355.438649693,5881391.008281822,-0.899999976
1954,1954,1807565.670628299,5881207.386352436,-0.121346717
1955,1955,1807781.190691841,5881201.718985115,-0.363101842
1956,1956,1807418.386149254,5881200.241906434,0.050381818
1957,1957,1807769.25208623,5881191.176404206,-0.342303567
1958,1958,1807618.137858908,5881194.840524326,-0.169914601
1959,1959,1815823.277125303,5880978.72027775,-0.600000024
1960,1960,1807577.118502639,5881180.597441585,-0.116900899
1961,1961,1808457.982522901,5881158.788338034,-0.899999976
1962,1962,1807760.548651596,5881161.872145662,-0.315574074
1963,1963,1807594.965608454,5881160.721859696,-0.122701204
1964,1964,1807654.125453623,5881157.605142195,-0.194754005
1965,1965,1807776.474823495,5881154.043565717,-0.326374999
1966,1966,1815797.238965005,5880969.8231176,-0.600000024
1967,1967,1815822.499155777,5880948.413724336,-0.600000024
1968,1968,1807214.57226008,5881161.917124662,0.279356751
1969,1969,1807409.182243892,5881150.59922859,0.099446428
1970,1970,1807449.05425203,5881149.615551442,0.044418182
1971,1971,1807714.256295857,5881160.918748527,-0.262556983
1972,1972,1807815.876889264,5881140.556837314,-0.354759254
1973,1973,1807536.526637764,5881137.482912601,-0.033454545
1974,1974,1807763.816267882,5881136.226597155,-0.303184329
1975,1975,1807791.986461502,5881135.959011502,-0.330737499
1976,1976,1808485.480508488,5881114.005579706,-0.899999976
1977,1977,1807209.330942171,5881135.579022926,0.282571423
1978,1978,1807716.866665516,5881123.243835034,-0.244698188
1979,1979,1807675.937827111,5881104.290008927,-0.174206314
1980,1980,1815737.653482323,5880900.919471237,-0.600000024
1981,1981,1807651.515369174,5881085.157057617,-0.129926607
1982,1982,1807463.035368816,5881069.478975691,0.090166666
1983,1983,1807837.828867679,5881060.222377965,-0.344714293
1984,1984,1807232.982031299,5881078.217416408,0.293834514
1985,1985,1807474.471923538,5881058.437101222,0.082394495
1986,1986,1816917.032286454,5880821.284133917,-0.600000024
1987,1987,1815733.417297665,5880841.920695057,-0.600000024
1988,1988,1816931.852849023,5880809.758089354,-0.600000024
1989,1989,1807262.675450606,5881048.719511799,0.316702704
1990,1990,1807685.313473337,5881038.290047091,-0.148513765
1991,1991,1807701.526483083,5881033.668778352,-0.161160717
1992,1992,1807755.180800142,5881069.477574595,-0.250356132
1993,1993,1807863.481610759,5881035.444431213,-0.355453483
1994,1994,1821955.698996525,5880659.251828281,0.416637513
1995,1995,1807741.240001046,5881019.77207726,-0.198301076
1996,1996,1807787.137297622,5881018.078161013,-0.250655605
1997,1997,1807972.149745462,5881006.62830974,-0.458618175
1998,1998,1807991.289923938,5881015.236255837,-0.48690316
1999,1999,1808547.749847372,5880993.311768227,-0.899999976
2000,2000,1807764.903808868,5881002.18092523,-0.209636361
2001,2001,1807282.483691166,5881004.497796426,0.316308408
2002,2002,1807713.09379778,5880993.870232681,-0.152009345
2003,2003,1807749.839252677,5880991.468820605,-0.184527273
2004,2004,1808011.537901356,5880986.108493012,-0.49105455
2005,2005,1808043.43498164,5880985.319253517,-0.516407409
2006,2006,1815702.73541266,5880797.39353576,-0.600000024
2007,2007,1807939.522943955,5880977.915945459,-0.409909088
2008,2008,1815490.953702091,5880777.777658648,-0.600000024
2009,2009,1807955.257593563,5880962.364476733,-0.405390752
2010,2010,1807930.298302575,5880942.46889483,-0.366851847
2011,2011,1807990.960166028,5880937.130726605,-0.427775701
2012,2012,1808161.568244913,5880922.551135126,-0.61848215
2013,2013,1808577.682597114,5881057.986723717,-0.899999976
2014,2014,1807897.415442559,5880903.386139079,-0.297247707
2015,2015,1807958.077027021,5880898.04819648,-0.355224304
2016,2016,1808146.465567339,5880887.236802984,-0.576973777
2017,2017,1807945.107055072,5880868.06391679,-0.333842109
2018,2018,1808041.916046137,5880866.207792358,-0.448584908
2019,2019,1808128.190784744,5880863.533441898,-0.559709091
2020,2020,1815009.941594573,5880690.347537653,-0.600000024
2021,2021,1807936.554534061,5880857.898865815,-0.313185192
2022,2022,1808007.574317155,5880840.817361653,-0.388509087
2023,2023,1808035.692351808,5880840.998233145,-0.429879077
2024,2024,1807967.72132865,5880827.608552555,-0.33526316
2025,2025,1822025.536539097,5880470.55162729,0.483878792
2026,2026,1808019.89737295,5880816.726799494,-0.394590905
2027,2027,1816236.700415224,5880609.009382796,-0.600000024
2028,2028,1814944.259863825,5880640.303553878,-0.600000024
2029,2029,1807942.795058819,5880802.52391242,-0.3021982
2030,2030,1816387.698119259,5880585.174661987,-0.600000024
2031,2031,1808006.60540221,5880786.750571379,-0.363703707
2032,2032,1807663.473848515,5880785.259501189,0.014363636
2033,2033,1807939.848263066,5880774.954028521,-0.292784088
2034,2034,1807962.59913834,5880758.300402584,-0.302308414
2035,2035,1808572.345423217,5880742.811593327,-0.899999976
2036,2036,1807878.066934297,5880744.845687978,-0.204175
2037,2037,1807989.42417948,5880737.305666047,-0.32242593
2038,2038,1815694.754742489,5880535.3486817,-0.600000024
2039,2039,1815829.151825022,5880530.249743795,-0.600000024
2040,2040,1815891.5036319,5880528.10968021,-0.600000024
2041,2041,1808698.618735761,5880699.78157313,-0.899999976
2042,2042,1822078.702064145,5880357.570210967,0.762188238
2043,2043,1807868.652779168,5880705.708488472,-0.172623853
2044,2044,1807890.400978953,5880710.889072511,-0.202622722
2045,2045,1814758.731796826,5880527.20125799,-0.600000024
2046,2046,1807920.697015262,5880722.479193247,-0.238999206
2047,2047,1808004.171713971,5880681.882481669,-0.304758336
2048,2048,1822101.282338538,5880315.439589211,0.483766682
2049,2049,1807948.149905952,5880668.508748682,-0.232127272
2050,2050,1807757.531756021,5880666.845588966,-0.022346354
2051,2051,1807972.26166197,5880677.03341524,-0.263376314
2052,2052,1807987.60720893,5880657.357325308,-0.260662503
2053,2053,1808091.286651514,5880655.518799819,-0.386113198
2054,2054,1807859.943356618,5880650.742221801,-0.122388893
2055,2055,1807945.803071201,5880650.280553122,-0.213992003
2056,2056,1807995.490493031,5880646.986979277,-0.276145461
2057,2057,1822113.386096913,5880291.914107366,0.084248003
2058,2058,1807675.974535061,5880645.315063148,0.091178571
2059,2059,1807822.487147219,5880656.919770764,-0.087271833
2060,2060,1807979.318889731,5880644.848131398,-0.245030612
2061,2061,1808656.769309191,5880621.027966647,-0.899999976
2062,2062,1807900.94209495,5880643.297899484,-0.161944988
2063,2063,1807926.627946562,5880628.359401121,-0.160853209
2064,2064,1807986.249130317,5880615.380799328,-0.229298971
2065,2065,1807817.425638704,5880614.723263646,-0.049796813
2066,2066,1808695.971073403,5880580.1586135,-0.899999976
2067,2067,1808680.905924863,5880569.448151183,-0.846157557
2068,2068,1807826.322558283,5880581.755549299,-0.030909091
2069,2069,1807882.711799348,5880593.07226086,-0.099283935
2070,2070,1807945.344649603,5880583.032930336,-0.151045873
2071,2071,1815497.258597041,5880388.606119921,-0.600000024
2072,2072,1814632.093727393,5880401.149610419,-0.600000024
2073,2073,1807809.839276065,5880567.000760959,0.000383333
2074,2074,1814265.036277191,5880400.539213783,-0.600000024
2075,2075,1814722.77808375,5880393.787943218,-0.600000024
2076,2076,1807965.653459301,5880576.006752284,-0.175550401
2077,2077,1807866.802514481,5880555.523567551,-0.051485411
2078,2078,1808049.368393494,5880542.673422269,-0.240020135
2079,2079,1814503.492450866,5880364.534084936,-0.600000024
2080,2080,1807953.935989336,5880522.963413396,-0.11798697
2081,2081,1807983.998553818,5880518.011887677,-0.135436365
2082,2082,1808009.005835017,5880523.724269829,-0.175394648
2083,2083,1808039.815328755,5880516.63068805,-0.216357138
2084,2084,1814522.581729861,5880353.689268806,-0.600000024
2085,2085,1808131.858732435,5880503.514589141,-0.289444449
2086,2086,1814457.567237379,5880412.703242106,-0.600000024
2087,2087,1814474.222800603,5880349.169736564,-0.600000024
2088,2088,1814542.853371141,5880343.580496252,-0.600000024
2089,2089,1807862.437148364,5880506.051822454,-0.000645833
2090,2090,1815462.996622273,5880309.687476045,-0.600000024
2091,2091,1815103.90418358,5880308.507103343,-0.600000024
2092,2092,1807971.642264693,5880478.804703294,-0.094990828
2093,2093,1808096.407141562,5880510.264148102,-0.258138995
2094,2094,1808118.888301327,5880474.777318805,-0.239648156
2095,2095,1814019.208620078,5880326.622556643,-0.600000024
2096,2096,1814042.869126972,5880330.241083418,-0.600000024
2097,2097,1807863.158780638,5880471.130860755,0.028163637
2098,2098,1808051.133431138,5880466.863646126,-0.159018689
2099,2099,1808146.156659875,5880476.228131015,-0.279980202
2100,2100,1808158.344501148,5880463.625042864,-0.284175001
2101,2101,1813990.994225493,5880322.46401899,-0.601064825
2102,2102,1815562.495224199,5880277.595733291,-0.600000024
2103,2103,1808026.318894767,5880462.218046479,-0.138348839
2104,2104,1808078.204016967,5880455.836472468,-0.177925926
2105,2105,1813970.857786004,5880307.904490814,-0.601999998
2106,2106,1815031.123517078,5880285.069140866,-0.600000024
2107,2107,1808170.269803439,5880448.057007378,-0.27694445
2108,2108,1814911.510680126,5880273.529974367,-0.600000024
2109,2109,1808021.894283031,5880437.282140174,-0.110592597
2110,2110,1808037.841782205,5880436.887471063,-0.130178569
2111,2111,1808087.83059288,5880439.370796742,-0.182245715
2112,2112,1808119.074251237,5880450.791901981,-0.224477529
2113,2113,1808329.039682602,5880429.474272233,-0.408246843
2114,2114,1814984.867223935,5880266.290174545,-0.600000024
2115,2115,1807977.489762014,5880423.530286059,-0.040443924
2116,2116,1808199.974211622,5880405.100230261,-0.257390877
2117,2117,1807859.845566764,5880407.24558735,0.086940172
2118,2118,1807937.774497183,5880399.85054933,0.028953704
2119,2119,1808019.351336488,5880398.124353205,-0.063570095
2120,2120,1808079.656205375,5880402.235665276,-0.137310345
2121,2121,1808223.958250979,5880391.597406445,-0.276682242
2122,2122,1808356.115464186,5880388.705758476,-0.391148152
2123,2123,1808826.005514717,5880367.473880003,-0.731490918
2124,2124,1815981.075132026,5880764.531429629,-0.600000024
2125,2125,1807921.333953872,5880380.309230044,0.06946729
2126,2126,1808044.33529374,5880376.88270607,-0.069163634
2127,2127,1808243.430718422,5880361.978662429,-0.249927264
2128,2128,1808303.588327871,5880379.716164791,-0.336778212
2129,2129,1808067.762899844,5880356.354811343,-0.059381821
2130,2130,1808217.675196224,5880358.493439472,-0.222637137
2131,2131,1808255.488228855,5880342.115001076,-0.254376151
2132,2132,1808777.328832549,5880328.585450897,-0.670848093
2133,2133,1808912.725438284,5880325.422709476,-0.773592592
2134,2134,1808158.910936206,5880339.247470218,-0.150971962
2135,2135,1808274.584516319,5880331.284713993,-0.246821431
2136,2136,1808299.946418235,5880331.195213609,-0.282620251
2137,2137,1808799.222987557,5880331.689798413,-0.678743014
2138,2138,1808221.030254331,5880328.546566903,-0.194285715
2139,2139,1808442.09608202,5880316.755805844,-0.38907272
2140,2140,1808758.613330649,5880315.488138946,-0.63316734
2141,2141,1808850.23387506,5880329.049239443,-0.725430302
2142,2142,1808101.273504672,5880317.817493237,-0.067128319
2143,2143,1808343.140571501,5880319.411708765,-0.304273545
2144,2144,1808390.299248259,5880308.851778339,-0.332574079
2145,2145,1808421.198170742,5880318.751142157,-0.370285441
2146,2146,1808023.265145217,5880307.969224485,0.024972222
2147,2147,1808318.289698822,5880299.415937029,-0.257907404
2148,2148,1808816.050774941,5880287.928602904,-0.665818181
2149,2149,1808058.588161033,5880301.523544477,-0.010466245
2150,2150,1808169.43594226,5880312.038699154,-0.129030151
2151,2151,1808849.444437563,5880284.001341396,-0.686583327
2152,2152,1808925.455702398,5880293.782605058,-0.745637775
2153,2153,1808121.850986951,5880285.197667162,-0.053089289
2154,2154,1808218.998685006,5880291.486716109,-0.158306435
2155,2155,1808267.344701894,5880301.18020658,-0.214900677
2156,2156,1808395.59848504,5880282.49309101,-0.307052633
2157,2157,1808512.87985681,5880275.50661512,-0.397500002
2158,2158,1808804.186003298,5880268.658318859,-0.632722228
2159,2159,1808079.227142075,5880279.356835095,-0.004569149
2160,2160,1808424.922921303,5880267.714038469,-0.307654544
2161,2161,1808692.30783126,5880261.462724973,-0.534962977
2162,2162,1808657.029167569,5880252.520336125,-0.494176105
2163,2163,1808950.611510917,5880244.688336344,-0.712714295
2164,2164,1809054.268384084,5880242.110885973,-0.779400002
2165,2165,1809022.126080519,5880232.936157603,-0.739148132
2166,2166,1808058.516080302,5880247.408515202,0.0471875
2167,2167,1808260.992166706,5880242.238351319,-0.12991743
2168,2168,1808400.908785626,5880252.301464129,-0.272833679
2169,2169,1808411.620173766,5880237.336045869,-0.270669725
2170,2170,1808671.32016867,5880236.46421819,-0.488999994
2171,2171,1808735.108857172,5880234.880356424,-0.535768754
2172,2172,1808874.311768301,5880231.733997434,-0.645186055
2173,2173,1809030.163633148,5880222.35958742,-0.734563622
2174,2174,1808981.4987421,5880218.218995512,-0.698672725
2175,2175,1809058.980942141,5880220.438215291,-0.749939557
2176,2176,1808693.440188633,5880220.168364233,-0.486701417
2177,2177,1808941.383054738,5880209.242208751,-0.659620369
2178,2178,1808735.527473948,5880200.700982921,-0.49425157
2179,2179,1808810.426416374,5880197.438021617,-0.54747708
2180,2180,1808860.804769247,5880252.484101846,-0.655105284
2181,2181,1808622.209396051,5880193.001324979,-0.394830194
2182,2182,1808656.390666904,5880213.067750785,-0.443344827
2183,2183,1808900.436331057,5880196.885876395,-0.616970009
2184,2184,1808988.992484547,5880183.889604843,-0.657690908
2185,2185,1809060.754427604,5880182.105002202,-0.719527279
2186,2186,1808709.992704905,5880180.847981408,-0.447910712
2187,2187,1808889.666512841,5880175.520943612,-0.583587146
2188,2188,1809003.562615402,5880172.611657605,-0.664731251
2189,2189,1808430.350060874,5880177.813074376,-0.207148152
2190,2190,1808701.439828573,5880170.683688316,-0.430849056
2191,2191,1808957.336636405,5880168.988232533,-0.629990653
2192,2192,1808637.414197904,5880162.701739814,-0.370745455
2193,2193,1808669.308255311,5880161.909989928,-0.389872734
2194,2194,1808948.371350387,5880154.574657403,-0.603963621
2195,2195,1808015.233832515,5880168.14873258,0.179872731
2196,2196,1808437.829197588,5880157.679515883,-0.195214282
2197,2197,1808539.897450672,5880160.99851681,-0.277337142
2198,2198,1808748.795847339,5880149.962163387,-0.436418189
2199,2199,1808078.775020901,5880156.601929782,0.129660717
2200,2200,1808391.824321055,5880158.219530416,-0.155486396
2201,2201,1808478.186799263,5880146.503251687,-0.216851848
2202,2202,1808677.108664492,5880141.768202743,-0.372259258
2203,2203,1808796.125490132,5880143.033285111,-0.464457953
2204,2204,1808906.405524363,5880142.545024714,-0.555792534
2205,2205,1812950.600684201,5880034.581187737,-0.635678553
2206,2206,1808402.61575013,5880580.312978968,-0.595508833
2207,2207,1808553.564796702,5880139.334543112,-0.264836447
2208,2208,1808871.597369534,5880143.761047048,-0.52862037
2209,2209,1808939.664466078,5880125.271444861,-0.553446434
2210,2210,1808181.936562748,5880134.099368965,0.052607143
2211,2211,1808198.205345461,5880133.696399049,0.040642857
2212,2212,1808617.081692771,5880123.693295435,-0.302888889
2213,2213,1812934.148473686,5880015.049186217,-0.633333345
2214,2214,1808189.837073572,5880124.455629867,0.049581818
2215,2215,1808414.752934,5880122.563366191,-0.131736155
2216,2216,1808513.202788076,5880120.387833239,-0.205441862
2217,2217,1808660.581026717,5880131.266544851,-0.341308884
2218,2218,1808588.088877326,5880104.081626813,-0.257527275
2219,2219,1808771.758134108,5880104.307216304,-0.398069182
2220,2220,1808643.977479528,5880092.720386332,-0.277581824
2221,2221,1808969.793327542,5880103.721904703,-0.551552353
2222,2222,1808169.579729449,5880094.892438184,0.115229357
2223,2223,1808632.039153765,5880082.179028922,-0.254722221
2224,2224,1808786.930107488,5880079.196465239,-0.375035709
2225,2225,1808331.933117834,5880084.733429348,-0.017490909
2226,2226,1808715.243461379,5880071.002853091,-0.309763633
2227,2227,1808913.389907299,5880082.043674149,-0.479762711
2228,2228,1809034.815160832,5880071.249385918,-0.550524693
2229,2229,1808156.534975717,5880074.884351235,0.144555552
2230,2230,1808706.690677536,5880060.838568246,-0.285709092
2231,2231,1808809.215122167,5880059.402491928,-0.361909093
2232,2232,1808961.58650847,5880059.128650899,-0.480623857
2233,2233,1809026.374919365,5880053.095532817,-0.525396244
2234,2234,1809054.135516373,5880052.989509324,-0.544972479
2235,2235,1808184.78589417,5880064.593729298,0.133733946
2236,2236,1808308.062224049,5880065.941938347,0.032354167
2237,2237,1808794.150685448,5880048.692271421,-0.346767866
2238,2238,1808861.317032188,5880055.897603477,-0.399877536
2239,2239,1809033.67496069,5880042.738586091,-0.512036361
2240,2240,1809081.203627411,5880041.958987585,-0.554555557
2241,2241,1808921.487526116,5880035.956514412,-0.413236367
2242,2242,1808769.745252016,5880029.752968502,-0.293421049
2243,2243,1808814.189823307,5880029.031995907,-0.324094342
2244,2244,1808383.379586923,5880029.750196635,0.017688679
2245,2245,1808998.217216982,5880017.178628521,-0.448048386
2246,2246,1808841.010434026,5880008.034330772,-0.310636356
2247,2247,1808904.797443612,5880006.449113355,-0.363327279
2248,2248,1809191.83909698,5879999.309635554,-0.565400017
2249,2249,1808912.834893222,5879995.872648858,-0.354672722
2250,2250,1808949.881251532,5879998.432260648,-0.378968253
2251,2251,1808972.914223568,5879995.164784704,-0.399327099
2252,2252,1809055.264602754,5880001.928032995,-0.472916672
2253,2253,1809128.890647846,5879997.233275454,-0.520682277
2254,2254,1808808.621642678,5879988.890907808,-0.262814811
2255,2255,1808959.867608905,5879975.157865524,-0.364857138
2256,2256,1809025.095324283,5879974.074857208,-0.415824998
2257,2257,1809103.139922571,5879961.620458242,-0.453859655
2258,2258,1808999.238609699,5879954.230731742,-0.367290908
2259,2259,1809083.940730324,5879935.253743164,-0.406898402
2260,2260,1809016.885847657,5879869.12245001,-0.252208337
2261,2261,1809434.294446919,5879803.763029764,-0.470857143
2262,2262,1809460.058762508,5879693.788582353,-0.321598137
2263,2263,1809406.897543137,5879664.807897259,-0.238214287
2264,2264,1813094.710052868,5878474.715057364,0.503374998
2265,2265,1813046.351601841,5878376.5038583,-0.542934425
2266,2266,1813036.12469897,5878366.482021718,-0.584696203
