OID,FID_,X,Y,BCE_Firth_
0,0,1816156.175299823,5914814.315219291,-0.596592597
1,1,1816187.99742926,5914708.405720457,-0.699436558
2,2,1816211.856047409,5914670.29871695,-0.80433134
3,3,1816228.209005744,5914636.096855011,-0.667761469
4,4,1816243.229294155,5914621.480919666,-0.388962967
5,5,1816239.215743545,5914321.723204928,-0.704951837
6,6,1816232.442592555,5914034.593732713,-0.846698859
7,7,1816232.626243242,5913883.466516123,-0.89997466
8,8,1816245.674735359,5913853.289683235,-0.900340609
9,9,1816267.567081384,5913823.317225304,-0.870703712
10,10,1816303.266208765,5913732.154288225,-0.667854556
11,11,1816330.454369652,5913641.799534083,-0.709381812
12,12,1816348.262619846,5913582.579046608,-0.685260345
13,13,1816374.925216756,5913515.224628716,-0.856018198
14,14,1816467.951309412,5913378.970898004,-0.897636343
15,15,1816433.272186339,5913451.857010277,-0.516225614
16,16,1816508.913286166,5913299.863619558,-0.733856472
17,17,1816591.005324135,5913208.607948826,-0.886330895
18,18,1816623.568393563,5913166.125991654,-0.657152259
19,19,1816637.967493371,5913135.258509768,-0.699818158
20,20,1816697.233316263,5913033.624157038,-0.497216556
21,21,1816746.467695178,5912992.450548675,-0.568267851
22,22,1816761.724836865,5912962.54143081,-0.899107119
23,23,1816792.472591951,5912911.886084076,-0.893535692
24,24,1816840.920765477,5912855.546716964,-0.841837961
25,25,1816893.796942353,5912717.592707706,-0.068114755
26,26,1816945.245614971,5912608.358394609,-0.029245607
27,27,1816960.65909441,5912590.957991995,-0.574816319
28,28,1816978.590229379,5912572.090627398,-0.13602631
29,29,1816991.432412753,5912547.736245743,-0.282709074
30,30,1817037.390864314,5912459.465914264,-0.725846776
31,31,1817074.392829558,5912427.758082183,-0.452848875
32,32,1817118.318706991,5912408.001527357,-0.784104921
33,33,1817184.188918702,5912398.433783112,-0.519526987
34,34,1817253.036155943,5912363.103853554,-0.500777767
35,35,1817288.458408071,5912342.021740783,-0.396755465
36,36,1817323.647562318,5912312.831916819,-0.541369176
37,37,1817352.631445224,5912280.971392745,-0.730486375
38,38,1817375.090300624,5912250.171769741,-0.657262068
39,39,1817400.332657951,5912223.457101257,-0.712169635
40,40,1817428.90685932,5912199.77738922,-0.547665282
41,41,1817451.464758518,5912179.071407196,-0.685708473
42,42,1817478.013442318,5912156.272371676,-0.318642842
43,43,1817495.894603797,5912125.963230019,-0.389935815
44,44,1817526.839471907,5912078.104340608,-0.226595956
45,45,1817560.621866752,5912038.596951748,-0.357249476
46,46,1817588.493371913,5911997.153756798,-0.510139163
47,47,1817602.553942144,5911963.01881101,-0.766403132
48,48,1817620.268168735,5911936.247424098,-0.514648634
49,49,1817628.549505459,5911908.661126634,-0.615210767
50,50,1817672.485209351,5911811.964949274,-0.785859353
51,51,1817692.849547337,5911794.820289076,-0.524427329
52,52,1817771.438884048,5911629.821280247,-0.175788354
53,53,1817897.099721706,5911453.195010609,-0.490038778
54,54,1817936.230113974,5911388.508557774,0.08245
55,55,1817988.655211533,5911321.176218486,0.016039773
56,56,1818063.087591637,5911239.177820194,-0.045212103
57,57,1818118.1920954,5911192.097558615,-0.04355
58,58,1818126.095655941,5911181.718920913,-0.37464814
59,59,1818143.679026983,5911155.824933259,-0.56482009
60,60,1818157.084280408,5911141.025576667,-0.138473699
61,61,1818171.491974052,5911105.381666017,-0.539290908
62,62,1818183.40237723,5911080.70480313,-0.75138366
63,63,1818261.961959458,5910927.71463869,0.017865493
64,64,1818389.465022446,5910786.701656671,-0.458076208
65,65,1818425.658391258,5910758.895412401,-0.627094439
66,66,1818446.790163847,5910734.805190682,-0.870037477
67,67,1818481.713126339,5910705.590075684,-0.56265482
68,68,1818525.142997288,5910664.481156012,-0.65983765
69,69,1818565.522852543,5910633.874573874,-0.678301871
70,70,1818594.183754582,5910614.362520722,-0.682587361
71,71,1818623.260610746,5910590.621738216,-0.730924666
72,72,1818693.197574778,5910539.032588692,-0.626028877
73,73,1818748.891992635,5910487.440535033,-0.625709089
74,74,1818764.393877205,5910467.494941847,-0.776163618
75,75,1818811.124895997,5910416.41868725,-0.794214288
76,76,1818861.847273044,5910362.020162483,-0.687457459
77,77,1818888.25725754,5910314.68636719,-0.810909089
78,78,1818903.460946808,5910276.935833052,-0.552574965
79,79,1818925.275208879,5910255.95503071,-0.682268493
80,80,1818943.545950907,5910214.831976806,-0.39247008
81,81,1819078.26958538,5910022.194440722,-0.673461087
82,82,1819124.09801609,5909990.267340831,-0.32163939
83,83,1819150.957892251,5909960.603077204,-0.798583326
84,84,1819169.620744253,5909941.351286193,-0.824850005
85,85,1795265.071993799,5910540.278823903,0.021933959
86,86,1819186.461090447,5909917.437702304,-0.780119975
87,87,1795256.469432159,5910487.041708325,0.019875001
88,88,1819200.238420195,5909900.237091007,-0.708999991
89,89,1795272.128831812,5910471.722720381,0.554750002
90,90,1795290.875794953,5910474.615605935,0.474237285
91,91,1795279.901184803,5910461.571407327,0.807721514
92,92,1819215.799080497,5909880.633149222,-0.471413315
93,93,1819229.103645953,5909857.041844167,-9999.0
94,94,1795294.9871894,5910421.334286055,-0.131875002
95,95,1819248.864171316,5909836.965697974,-0.759056572
96,96,1819259.584205583,5909819.480289491,-0.245299956
97,97,1819278.968984892,5909796.368198618,-0.865888841
98,98,1819294.884961255,5909774.995099146,-9999.0
99,99,1819308.661825588,5909757.794285561,-0.975625001
100,100,1819322.54536513,5909740.285479788,-0.965692332
101,101,1819398.964523514,5909613.266227485,-0.953619012
102,102,1795401.732138401,5910189.509665039,0.197848099
103,103,1795464.825122883,5910148.166792271,-0.608875003
104,104,1795480.827836524,5910147.798239812,-0.89550001
105,105,1795472.367375046,5910128.048033509,0.339374987
106,106,1795512.144466693,5910117.159312094,-0.680749998
107,107,1819460.401523917,5909511.933313598,-9999.0
108,108,1795567.307924722,5910086.17207053,-0.187636377
109,109,1795559.004154965,5910066.217061277,0.22312501
110,110,1819475.050863511,5909471.656689454,0.376422217
111,111,1819490.538649393,5909451.307234744,-0.218407409
112,112,1795582.442985202,5910015.814265604,0.46037037
113,113,1795593.631712463,5910005.58387679,0.50201258
114,114,1795613.405052584,5909995.155619004,0.287999999
115,115,1795621.176532729,5909985.003952325,0.556499995
116,116,1795636.94919335,5909974.667843721,0.527625002
117,117,1795652.721816391,5909964.331704105,0.582499999
118,118,1795760.507997327,5909951.873647498,-0.175155278
119,119,1795816.821233884,5909946.702765409,-0.342790692
120,120,1795708.040623267,5909933.138596638,0.746374996
121,121,1795780.051098277,5909931.477733774,0.10602564
122,122,1795795.823479616,5909921.141317381,0.578375004
123,123,1819631.629462819,5909327.762042854,-9999.0
124,124,1796091.405726582,5909894.371814915,-9999.0
125,125,1819663.221445991,5909317.171168579,-9999.0
126,126,1819709.940425336,5909266.089350438,-9999.0
127,127,1796000.630818067,5909776.797823356,0.104875001
128,128,1796256.202753358,5909750.946201708,-0.037435895
129,129,1796271.05217073,5909700.739799893,-9999.0
130,130,1796262.820691255,5909690.95757697,-0.763999999
131,131,1796254.473977579,5909676.191716839,0.319437493
132,132,1796286.362475904,5909670.467886489,-0.836666664
133,133,1796262.129147321,5909661.055779919,0.656874999
134,134,1796269.89955046,5909650.90347063,0.718874992
135,135,1819924.155015495,5908881.107073116,1.864607085
136,136,1796289.291140955,5909451.002935933,0.851999998
137,137,1796297.061299238,5909440.850589524,0.940625006
138,138,1796312.832150907,5909430.513142729,0.71911392
139,139,1796336.373047223,5909410.023279014,0.907000011
140,140,1796352.143795284,5909399.685754453,0.898250004
141,141,1796367.914505762,5909389.348198875,0.957749999
142,142,1796391.685845509,5909378.825443545,0.618999992
143,143,1796407.456471681,5909368.487810663,0.671558445
144,144,1796423.227060271,5909358.150146768,0.736374982
145,145,1796446.998250847,5909347.62722974,0.462500006
146,146,1796462.76875513,5909337.289488538,0.554499999
147,147,1796478.53922183,5909326.951716322,0.605
148,148,1796494.062816233,5909319.944902415,0.550431038
149,149,1796518.080645625,5909306.090788074,0.542500006
150,150,1796533.850990436,5909295.752907535,0.638124992
151,151,1796549.621297662,5909285.414995983,0.809620237
152,152,1796597.162932943,5909264.368353431,0.593999998
153,153,1796612.933109137,5909254.03031828,0.70237501
154,154,1796628.703247749,5909243.692252113,0.775500002
155,155,1796644.473348776,5909233.35415493,0.979629625
156,156,1796660.243412219,5909223.016026733,1.039124993
157,157,1796680.236616009,5909222.202008734,0.505545459
158,158,1796723.785475785,5909201.597767243,0.647341764
159,159,1796771.326255433,5909180.550110088,0.626708863
160,160,1796795.096561662,5909170.026177828,0.652125002
161,161,1796818.866812164,5909159.502176446,0.689487171
162,162,1796834.850905345,5909158.404211648,0.34980769
163,163,1796850.637474612,5909148.792495406,0.484000008
164,164,1796874.407604652,5909138.268332954,0.549249991
165,165,1796898.177678962,5909127.744101379,0.517750007
166,166,1796914.161711422,5909126.645984347,0.266964288
167,167,1796953.718092192,5909106.509721456,0.287848099
168,168,1819933.3687284,5908849.963677281,0.878131205
169,169,1796969.487567522,5909096.170991922,0.288499998
170,170,1797421.511667846,5909085.665275658,-0.443773588
171,171,1796993.257419258,5909085.646476298,0.517322173
172,172,1797409.279115543,5909075.977204424,-0.75474999
173,173,1820161.291035521,5908520.398198681,-0.391187236
174,174,1797397.046591591,5909066.289112794,-0.4836875
175,175,1797030.351015523,5909070.948819675,0.743307836
176,176,1820175.995417611,5908499.238937758,-0.743368393
177,177,1797072.567025838,5909053.886713813,0.972083336
178,178,1797516.596861502,5909043.91208139,-9999.0
179,179,1797088.533370901,5909044.061473216,1.274722223
180,180,1797108.32907117,5909042.732715085,0.925398222
181,181,1797120.303222849,5909033.350037743,1.239041124
182,182,1797140.098989172,5909032.021916204,0.895614031
183,183,1797368.134614254,5909027.798126712,-0.407307698
184,184,1797498.396174657,5909026.79264675,-0.431578946
185,185,1797159.876436655,5909021.940285094,1.096124996
186,186,1797183.8606266,5909020.655735832,0.651929825
187,187,1797199.646573395,5909011.043342057,0.977750003
188,188,1797215.630382656,5909009.94464667,0.740400001
189,189,1797231.631084833,5909009.572703597,0.513207545
190,190,1797612.763051589,5908876.772495979,0.962187498
191,191,1797631.490943402,5908882.890810703,0.390119043
192,192,1797620.415036178,5908861.635188485,-0.049324328
193,193,1797653.248597956,5908819.229513901,0.130932197
194,194,1797666.790793271,5908790.745799134,-0.690232565
195,195,1797665.165163191,5908720.974648913,0.972105255
196,196,1797672.933014899,5908710.820938011,0.458625
197,197,1820422.532276045,5908154.062851474,-0.445300895
198,198,1797692.223550487,5908735.961322874,-0.328250766
199,199,1820441.076487974,5908129.979112579,0.140982151
200,200,1820448.558871068,5908109.835561943,-0.294037014
201,201,1797727.539753495,5908649.712047043,0.488374995
202,202,1797759.990745374,5908660.451798058,-0.281239662
203,203,1797743.307483575,5908639.371799884,0.910250002
204,204,1797759.075176066,5908629.031521704,1.442750019
205,205,1797774.842830968,5908618.691212501,2.451624986
206,206,1820509.257698973,5907968.614087543,0.855446802
207,207,1797883.820315682,5908486.504289862,0.883205117
208,208,1797923.354619712,5908465.63648947,0.885000003
209,209,1820554.8632244,5907887.631871056,-9999.0
210,210,1797994.655482452,5908434.054354044,0.924624995
211,211,1798010.638193784,5908432.954112056,0.579000006
212,212,1820569.826886292,5907847.344502049,0.13347273
213,213,1798185.254409715,5908369.766931008,1.171375014
214,214,1798201.236997952,5908368.666324029,0.990727283
215,215,1798363.891543851,5908371.097487586,-0.261763809
216,216,1798491.835186808,5908359.274301478,0.046500001
217,217,1798565.011024136,5908350.9131547,0.284509797
218,218,1820584.790389424,5907807.05709782,-0.312890908
219,219,1798280.768877493,5908346.86210845,0.958775505
220,220,1798316.77662952,5908346.396924768,0.549082569
221,221,1798360.783549548,5908345.718569696,2.000875007
222,222,1798514.907510731,5908359.405607885,0.660240968
223,223,1798384.316639018,5908325.222669707,0.650624999
224,224,1820600.240443919,5907779.270667916,-0.421599977
225,225,1820616.336211861,5907776.312916974,-0.497644425
226,226,1798559.611233141,5908291.202797115,-0.286296307
227,227,1798703.606311874,5908287.830896306,-0.467254914
228,228,1820642.024929446,5907748.709506645,-0.747199978
229,229,1798695.373105735,5908278.05095333,3.152799981
230,230,1798740.064902534,5908292.378700772,0.749258008
231,231,1798598.909763916,5908260.364404216,-0.032151898
232,232,1798662.924372515,5908259.592561705,-0.813529418
233,233,1820687.284864301,5907701.677899431,-0.164379486
234,234,1820733.058785863,5907653.379761701,0.492850002
235,235,1820744.181883678,5907636.394525029,-0.746756389
236,236,1820844.187091531,5907525.096587368,-0.244439143
237,237,1820857.581609605,5907510.292416498,-0.378272741
238,238,1820873.824202249,5907483.946238785,-0.616390703
239,239,1820896.802570367,5907465.15152912,-0.717266651
240,240,1798664.603684335,5907989.560328281,0.190253167
241,241,1820911.451026976,5907439.469813904,-9999.0
242,242,1820942.215193396,5907378.820769512,-0.74999994
243,243,1798719.08184346,5907923.460841905,-0.354522286
244,244,1820957.69535524,5907358.468242262,-0.853249952
245,245,1798702.499285827,5907898.917322958,1.211749992
246,246,1798710.265121042,5907888.762568658,0.85325
247,247,1798734.24614634,5907887.473495535,-0.85454545
248,248,1798725.913506639,5907873.436709448,0.123417723
249,249,1798733.562511607,5907858.298257622,0.558749995
250,250,1798765.55980773,5907857.548433595,-0.429610389
251,251,1798757.326899338,5907847.768558877,-0.321500004
252,252,1798781.091231326,5907837.238790992,-0.116249979
253,253,1798772.858321683,5907827.458931127,0.156075943
254,254,1798788.856914356,5907827.083957656,-0.666666664
255,255,1798802.752710991,5907737.002858189,0.334624997
256,256,1798810.518267157,5907726.847998695,0.525374996
257,257,1798826.282997682,5907716.505601018,0.403164557
258,258,1798842.047690611,5907706.163172317,0.406000001
259,259,1821128.491915573,5907154.524007529,-0.748153801
260,260,1798857.81234594,5907695.820712587,0.398124998
261,261,1798873.576963671,5907685.478221828,0.369871793
262,262,1798889.341543805,5907675.135700041,0.336999998
263,263,1800102.15756661,5907516.958117036,0.077499999
264,264,1800117.920468726,5907506.613235486,-0.113625005
265,265,1800085.689112472,5907497.400843987,0.663625002
266,266,1799813.504227022,5907494.572743744,-0.910000026
267,267,1799893.997742867,5907506.245337119,0.273916982
268,268,1799941.454341085,5907490.102615468,1.700200008
269,269,1799986.788036584,5907493.039694662,0.302210524
270,270,1800109.451021535,5907486.86724215,0.147499999
271,271,1799957.234503765,5907480.484826324,1.734303782
272,272,1799749.025372801,5907475.418772945,0.468227848
273,273,1799964.998486956,5907470.328839768,2.35799989
274,274,1800254.336280197,5907462.971882494,0.122090392
275,275,1799988.760444847,5907459.795578551,1.816374961
276,276,1821250.596763726,5906931.69573201,-9999.0
277,277,1799996.524371118,5907449.639560494,1.111750014
278,278,1800236.494066962,5907443.976702726,0.681124971
279,279,1800036.846795994,5907491.832541203,0.543260805
280,280,1800260.255661309,5907433.442663787,0.666708861
281,281,1821266.056340994,5906910.615734545,-0.764999956
282,282,1800283.851011172,5907422.711202959,0.410350887
283,283,1800003.81811485,5907419.548794298,-0.035254236
284,284,1800018.995879105,5907400.233913739,0.117540983
285,285,1821407.222320318,5906734.900536165,-0.606367008
286,286,1813911.020295401,5906847.403348431,-9999.0
287,287,1821529.329005231,5906570.317594573,-0.989683334
288,288,1821593.248211043,5906559.310637681,-0.899992102
289,289,1821614.411339514,5906545.709690969,-0.748426208
290,290,1821639.906291941,5906525.867525132,-0.899999976
291,291,1821934.200407205,5906054.720776449,0.753761087
292,292,1821954.948781116,5906005.388262247,-0.059181817
293,293,1821962.112982959,5905985.653868079,0.070368419
294,294,1821987.54050496,5905946.687654225,0.165222744
295,295,1800399.725538938,5906223.419877491,-0.287974682
296,296,1800407.487736126,5906213.26339768,-0.409374999
297,297,1800415.249914124,5906203.106909842,-0.396250011
298,298,1822032.175928054,5905604.779460008,0.055472727
299,299,1821976.590623652,5905566.875508771,-0.076725001
300,300,1822030.34805773,5905535.00424568,0.093703706
301,301,1800555.673348208,5906050.190968605,-0.11950001
302,302,1822028.671743094,5905497.071456321,-0.238508933
303,303,1822124.913933411,5905472.476662478,0.283101265
304,304,1822066.147177609,5905674.157610741,0.252902933
305,305,1822043.993924055,5905444.874180219,-0.358388885
306,306,1822051.303736527,5905434.506620736,-0.25494118
307,307,1822141.764662732,5905443.878865223,-0.49208269
308,308,1822043.46108181,5905424.536050912,-0.41809092
309,309,1822187.435533467,5905421.165431975,-0.736745437
310,310,1822249.946877908,5905379.426075482,-0.795119978
311,311,1822289.579383771,5905348.663713246,-0.025714282
312,312,1822305.313782781,5905338.276246993,0.479127276
313,313,1822313.362508117,5905327.687734949,0.358803577
314,314,1822331.181391646,5905311.751622617,0.837752616
315,315,1822375.464226771,5905266.612514799,1.218599976
316,316,1800669.267122295,5905778.231624115,0.293499998
317,317,1800692.787394186,5905757.728720509,0.33325
318,318,1822406.147692319,5905215.933503587,1.200333327
319,319,1822414.196167809,5905205.344882829,1.349428558
320,320,1822421.358471618,5905185.609997715,1.187660718
321,321,1822439.662384441,5905168.016763916,1.972646083
322,322,1822444.305243735,5905145.108627338,1.471314863
323,323,1800802.862034235,5905675.337456137,0.582750002
324,324,1822452.612557866,5905130.292071331,1.564192668
325,325,1800834.379027301,5905654.644647183,0.618
326,326,1800865.895869902,5905633.951714072,0.717874993
327,327,1800897.412562039,5905613.258656803,1.003124999
328,328,1800936.92637578,5905592.375869668,0.787500006
329,329,1800968.442748697,5905571.682533509,0.942499992
330,330,1801063.463913367,5905529.536623487,0.749740256
331,331,1801079.44110497,5905528.430353684,0.380925926
332,332,1801135.272702982,5905527.631398793,-0.416363637
333,333,1801095.216274023,5905518.810215028,0.826000002
334,334,1801118.971361009,5905508.273472597,0.694624991
335,335,1801154.48559504,5905487.48451441,0.245822784
336,336,1801198.48735122,5905487.167189156,0.2892
337,337,1801189.999660085,5905466.695405271,0.344499998
338,338,1801238.329085315,5905455.574874714,-0.082884622
339,339,1801253.284121469,5905436.00084751,-0.295510171
340,340,1801268.621509707,5905414.762024892,-0.400925917
341,341,1801284.151814458,5905394.849625751,-0.606545439
342,342,1801315.366969078,5905354.741861382,-0.549803903
343,343,1801330.870222189,5905333.700243478,-0.671038962
344,344,1801306.642316588,5905324.302754902,0.506999997
345,345,1801330.159809411,5905303.797953361,0.096374997
346,346,1801385.919320603,5905293.227183069,-0.722745097
347,347,1801353.677188464,5905283.293081235,0.064124998
348,348,1801369.434329186,5905272.945604438,0.170999999
349,349,1801409.25309092,5905271.798027217,-0.684
350,350,1801377.194453751,5905262.788138526,0.539124997
351,351,1801416.231701464,5905221.968121757,0.529999993
352,352,1801442.927005007,5905228.884781536,-0.366343614
353,353,1801423.991720767,5905211.810607974,0.563874993
354,354,1801464.559493167,5905210.846227254,-0.501568624
355,355,1801439.748643864,5905201.462990304,0.171139242
356,356,1801463.265472494,5905180.957788272,-0.228249999
357,357,1801596.91249016,5905087.82034051,-0.631041657
358,358,1801626.931379948,5904997.549636256,0.050128213
359,359,1801650.44718138,5904977.043866441,0.635499997
360,360,1801695.532656869,5904975.970792306,-0.734999999
361,361,1801666.203394622,5904966.695794632,0.563000003
362,362,1801681.95957024,5904956.347691781,0.616249998
363,363,1801725.941429503,5904955.300716413,-0.73666666
364,364,1801697.715708238,5904945.999557888,0.382250004
365,365,1801737.699170629,5904945.047696834,-0.699999988
366,366,1822523.302352126,5904445.441059059,-0.278017751
367,367,1801713.471808612,5904935.65139295,0.300499995
368,368,1801757.453567298,5904934.604249434,-9999.0
369,369,1822513.196473808,5904409.952159883,-0.537924989
370,370,1801744.983896491,5904914.954969937,0.083125004
371,371,1801784.967221734,5904914.00287959,-9999.0
372,372,1801776.49583388,5904894.258422749,0.12462499
373,373,1801815.766838874,5904863.403840961,0.470249996
374,374,1801834.256816827,5904867.57425475,-0.096053092
375,375,1801823.288617254,5904843.278475761,1.449375021
376,376,1822494.821168673,5904325.850343211,-0.732618168
377,377,1801831.047787036,5904833.120548982,1.119124996
378,378,1822478.303701843,5904306.334530549,-0.899854521
379,379,1822466.718202647,5904252.706733579,-0.895546985
380,380,1801891.695385059,5904692.052146356,0.322249999
381,381,1822442.807844938,5904167.418256883,0.372875001
382,382,1801914.734596914,5904651.610668512,0.013624999
383,383,1822426.0290659,5904137.934442812,0.933625004
384,384,1801930.252317658,5904631.294610026,0.211499992
385,385,1822545.457304475,5904114.848371835,0.966962964
386,386,1801946.007544283,5904620.945971862,0.006000005
387,387,1822553.192219614,5904104.670376553,1.143049996
388,388,1801961.76273328,5904610.59730265,0.01468353
389,389,1822407.579621712,5904152.466043714,0.061868224
390,390,1822400.991944023,5904098.692624915,1.687625006
391,391,1801977.517884653,5904600.248602393,0.125679014
392,392,1801993.2729984,5904589.89987109,0.106999996
393,393,1801938.731104052,5904681.529455048,-0.478433963
394,394,1822368.481620669,5904079.596482826,2.023101265
395,395,1802009.028074522,5904579.551108739,0.181898737
396,396,1802024.783113017,5904569.202315343,0.416374998
397,397,1822360.092423451,5904064.854516879,1.842312503
398,398,1802071.810265364,5904528.188292667,0.309749999
399,399,1802074.856054609,5904557.371412184,-9999.0
400,400,1822326.521650651,5904061.729323935,0.385636148
401,401,1822326.66670994,5904010.870523383,0.845950002
402,402,1802087.327376796,5904507.871917798,0.769374998
403,403,1802131.306995961,5904506.822739376,-0.852500007
404,404,1802103.082188484,5904497.522968226,0.522051284
405,405,1822478.079913638,5903986.945779556,1.319725026
406,406,1802118.836962544,5904487.173987606,0.378875005
407,407,1802158.818342765,5904486.220047335,-0.558000001
408,408,1802134.591698979,5904476.82497594,0.411125003
409,409,1822437.573162969,5903968.059922792,1.692925023
410,410,1802150.346397788,5904466.475933229,0.613797469
411,411,1802190.32768657,5904465.521840084,-0.477500007
412,412,1802166.10105897,5904456.126859468,0.653499987
413,413,1822318.055920758,5903962.469439954,0.366144188
414,414,1822467.888977741,5903948.537679982,1.98977093
415,415,1802181.855682524,5904445.777754662,0.616624994
416,416,1822340.984777953,5903940.46994542,0.806890893
417,417,1822535.128543473,5903941.669045451,2.009592297
418,418,1802221.361037655,5904424.888587242,0.183000001
419,419,1822511.18869704,5903932.944111876,0.40428292
420,420,1802252.870003087,5904404.190129725,0.145000002
421,421,1822403.353972324,5903910.783984939,0.768480608
422,422,1802284.378818009,5904383.491548015,0.30294873
423,423,1802300.13316903,5904373.142210588,0.434499999
424,424,1802315.887482423,5904362.792842115,0.468000004
425,425,1802331.641758185,5904352.443442595,0.543544303
426,426,1822429.511879561,5903856.882411456,0.771896632
427,427,1802355.392144214,5904341.903017504,0.193750004
428,428,1802411.365183686,5904340.565836678,-9999.0
429,429,1802371.14633558,5904331.5535406,0.553164561
430,430,1802394.896619059,5904321.012999991,0.547750001
431,431,1802418.64684676,5904310.472390202,0.628607596
432,432,1802434.400906954,5904300.122789577,1.080500001
433,433,1802490.391064141,5904299.511876337,-0.550000012
434,434,1822479.134669951,5903831.964011196,-0.067779766
435,435,1802458.151032106,5904289.582064269,1.107594946
436,436,1802533.875713299,5904277.798826559,-0.611250006
437,437,1802491.163678945,5904275.352110197,0.991697135
438,438,1802521.524140994,5904263.134373007,0.822624998
439,439,1802537.379772013,5904257.041508191,0.603877553
440,440,1802553.150974938,5904247.418471222,1.000126583
441,441,1802576.900821202,5904236.877400002,1.041124998
442,442,1802624.400346395,5904215.795050018,1.215999985
443,443,1822465.106542809,5903753.438075517,0.155824878
444,444,1802663.903626936,5904194.903722546,1.794750001
445,445,1822470.487900499,5903697.876087713,0.617800003
446,446,1802782.889554753,5904152.163535726,0.873375002
447,447,1822487.576933075,5903669.775739962,0.027621462
448,448,1822509.160560247,5903646.986275144,0.124150004
449,449,1802838.384119397,5904130.88852842,1.150375003
450,450,1822516.895034455,5903636.808288442,0.266349999
451,451,1822524.785588118,5903626.424877305,0.331214286
452,452,1802901.874375239,5904109.421625626,1.203500004
453,453,1822540.204134205,5903616.447619515,0.811963628
454,454,1822548.094639782,5903606.064186247,0.749600011
455,455,1802965.364336481,5904087.954233089,0.946374989
456,456,1803057.317569894,5904085.750509997,-0.465062495
457,457,1822557.846720348,5903588.611798256,0.469781551
458,458,1803036.849917992,5904066.294701823,1.040875022
459,459,1803060.820240839,5904064.992913201,0.298600006
460,460,1803100.817241937,5904064.761237912,0.137500001
461,461,1822573.315418933,5903568.255715922,0.381096774
462,462,1803084.347478171,5904045.209680991,0.272124996
463,463,1803140.318760068,5904043.867606668,-0.183250007
464,464,1822586.922482826,5903554.968554419,0.518928578
465,465,1803156.071504631,5904033.516602967,-0.356835427
466,466,1803131.844815232,5904024.124383415,0.519000011
467,467,1803163.828332018,5904023.357346373,-0.12762499
468,468,1803147.59753025,5904013.773394056,0.528625005
469,469,1803184.400961151,5904010.120341157,-0.108529417
470,470,1822609.551128955,5903514.877235189,0.421444443
471,471,1803198.656810111,5903992.017902314,0.096168225
472,472,1803220.877039144,5903974.875790527,0.022153106
473,473,1803233.878064707,5903941.89117216,0.156124996
474,474,1803241.739413856,5903911.78285875,-0.027346947
475,475,1803245.772016456,5903886.000716583,0.00747541
476,476,1803247.883330783,5903851.997347783,0.28631579
477,477,1803239.482246284,5903842.024420686,0.377875004
478,478,1803263.396386383,5903831.678629896,-0.137636367
479,479,1803278.264737665,5903791.227611327,0.018375
480,480,1803269.790661963,5903771.484508153,0.617848107
481,481,1803275.872567591,5903691.552679668,-0.194936695
482,482,1803267.416018169,5903672.536379082,-0.301538464
483,483,1803305.784238648,5903611.25013082,-0.151403521
484,484,1822654.78025591,5903104.720736222,-0.882210505
485,485,1803325.408030263,5903571.269180615,-0.181588794
486,486,1803336.330422374,5903550.677395783,-0.245263144
487,487,1803368.094355172,5903509.82048081,-0.442156854
488,488,1803375.267408546,5903499.67499261,-0.454749996
489,489,1803429.559231011,5903428.558346824,-0.146025645
490,490,1803465.017309004,5903387.151258132,-0.061203707
491,491,1823015.476198045,5902217.441973499,1.187814842
492,492,1823029.894824299,5902171.408930467,0.79590991
493,493,1803259.039700998,5902604.113818035,-0.34217996
494,494,1803255.157055703,5902495.260681828,-0.013874995
495,495,1803278.505224661,5902474.954904211,-9999.0
496,496,1823155.738281316,5901978.427146967,-0.227652634
497,497,1803294.015393388,5902454.635980338,-9999.0
498,498,1823165.140120408,5901954.53440917,-0.144481133
499,499,1803269.366465516,5902445.05327147,0.379599999
500,500,1803293.53671638,5902434.700960407,-9999.0
501,501,1823183.745610137,5901923.73610617,-0.502403517
502,502,1803284.980855439,5902404.785346535,0.508749996
503,503,1803308.568049845,5902394.446981557,-9999.0
504,504,1803300.012162587,5902364.531380595,1.102025307
505,505,1803529.158229717,5902095.045507589,-0.554213203
506,506,1803555.759083901,5902029.469194113,-0.662765953
507,507,1803547.20255934,5901999.553805709,0.465696195
508,508,1803578.219652143,5901958.914786201,0.981000003
509,509,1823238.345318559,5901507.110646139,-0.111275237
510,510,1803601.722011028,5901938.402960544,1.014999997
511,511,1823267.062311014,5901442.743886158,0.083618182
512,512,1803648.677516128,5901925.650923214,-0.319911505
513,513,1803662.462293281,5901902.743011045,-0.269629634
514,514,1823297.724596244,5901392.060484225,-0.400781806
515,515,1803683.389448764,5901887.977668867,-0.287257614
516,516,1803688.132795785,5901866.309786882,-0.491636386
517,517,1803690.035578147,5901843.025434462,-0.541824322
518,518,1803670.909339356,5901822.045670114,1.431562491
519,519,1803686.537205216,5901806.709679005,0.610125
520,520,1803694.291151451,5901796.549791283,0.735189875
521,521,1803717.792765312,5901776.037607865,0.587250003
522,522,1803766.803147912,5901765.62481763,-0.583409094
523,523,1823334.767803631,5901273.923363398,-0.252810524
524,524,1803741.294265304,5901755.525353827,0.508607592
525,525,1803803.804376756,5901694.180643932,0.182125004
526,526,1803812.90401722,5901710.641170224,-0.202896443
527,527,1803818.351677728,5901633.990502825,-0.218999998
528,528,1823346.58200884,5901121.448674326,-0.741745432
529,529,1803735.056189114,5901496.369565574,-9999.0
530,530,1803664.47290492,5901388.361975503,-9999.0
531,531,1823332.318893602,5900857.853381509,-0.899999976
532,532,1823295.965588609,5900788.223658375,-0.899999976
533,533,1823329.01100196,5900752.639013404,4.390075067
534,534,1803686.794153618,5901295.644351834,-0.329650676
535,535,1803666.532129889,5901216.013185391,-0.443204416
536,536,1803647.685812728,5901189.299840928,-9999.0
537,537,1823294.111979595,5900712.779666413,0.355154141
538,538,1803630.157188825,5901149.828402036,-9999.0
539,539,1823310.226597103,5900653.18419438,-0.376660698
540,540,1803622.267185163,5901130.071637514,-9999.0
541,541,1823326.02081265,5900633.220159763,-0.890181794
542,542,1823416.522557841,5900615.376123101,-0.811368209
543,543,1823453.987012374,5900590.481200272,-0.85375774
544,544,1823471.798414613,5900572.574176582,-0.678502696
545,545,1823483.462562375,5900549.264021298,-0.533745456
546,546,1803649.922172145,5900949.886631133,-0.480266668
547,547,1803677.853402622,5900929.852146761,-0.36899081
548,548,1823496.290019531,5900429.225924261,-0.450407395
549,549,1803688.807496659,5900904.070844398,-0.56476596
550,550,1803686.847011776,5900834.304817042,-0.574651157
551,551,1803685.88729625,5900794.434657128,-9999.0
552,552,1823555.496056926,5900248.112782489,-0.868145432
553,553,1823570.955606711,5900227.754388709,-0.899749976
554,554,1803717.094595136,5900721.052192355,-0.460552476
555,555,1803707.867218475,5900699.159026448,0.283374999
556,556,1823602.137910586,5900197.005498203,0.369290913
557,557,1803722.292846722,5900633.985143546,-0.498359375
558,558,1803711.677537625,5900549.46748484,-0.5
559,559,1803710.100490467,5900459.745553226,-0.075549997
560,560,1803724.325952662,5900474.010827348,-0.467271676
561,561,1803717.613036296,5900439.618025275,-0.4775
562,562,1803750.524412629,5900356.796184545,-0.390274854
563,563,1803745.742512412,5900279.367443169,-0.306725001
564,564,1803800.322388224,5900227.984906436,-0.487660377
565,565,1803804.004468286,5900208.150821276,-0.433700002
566,566,1803791.775915354,5900198.472063304,-0.28117721
567,567,1803815.63272542,5900192.910694127,-0.5
568,568,1823623.310627537,5899748.287155047,-0.398836724
569,569,1803822.304237956,5900137.896610557,-0.453
570,570,1823606.238894442,5899634.824938516,-0.611251407
571,571,1823619.403536016,5899627.573694972,-0.089109085
572,572,1823602.579409764,5899608.471128376,-0.883709067
573,573,1823619.039820147,5899597.859724602,0.2944
574,574,1803850.99434714,5900007.753201519,-0.5
575,575,1823645.166452793,5899516.219787413,-0.00628338
576,576,1803859.245276449,5899987.406405625,-0.5
577,577,1823665.792162746,5899489.652493178,-0.345629803
578,578,1803858.182124695,5899967.48534075,-0.5
579,579,1823682.610794243,5899469.757856057,-0.186216212
580,580,1803849.949860146,5899957.710375083,-0.425800001
581,581,1823699.75313924,5899413.068868854,-0.270311329
582,582,1823720.705544048,5899236.273601999,0.504785721
583,583,1823715.130131158,5899293.568777113,0.060525046
584,584,1803834.391887631,5899643.924936401,-0.440806249
585,585,1803848.870258146,5899603.1177227,-0.45357798
586,586,1803864.656212304,5899569.982556874,-0.364024933
587,587,1803856.085048123,5899548.655319702,0.635499985
588,588,1803880.724522708,5899553.613018787,-0.375654549
589,589,1803884.010917862,5899528.619898789,-0.10244444
590,590,1803894.925902604,5899508.026995823,-0.045553573
591,591,1803886.369893347,5899478.111897654,0.422850004
592,592,1803926.013471656,5899457.410759926,-0.5
593,593,1803906.960328014,5899465.939089147,-0.257872875
594,594,1803900.911382133,5899417.921227983,-0.172862491
595,595,1823777.490575936,5899066.972081571,-0.016864435
596,596,1803939.380017433,5899385.424444138,-0.5
597,597,1823934.728513148,5898875.730932954,-0.275973206
598,598,1803962.646851599,5899357.200645006,-0.46226942
599,599,1823957.906007734,5898830.995953997,0.195428578
600,600,1803978.663477414,5899326.286208155,-0.419162493
601,601,1803987.759242267,5899305.392444897,-0.41586622
602,602,1803976.878810784,5899276.462428824,0.176377357
603,603,1803984.972140937,5899256.320505844,0.151012502
604,604,1803999.512416418,5899196.12960169,0.219449998
605,605,1823929.977480907,5898696.306578592,-0.663423402
606,606,1804008.517336319,5899235.955235618,-0.242737973
607,607,1804017.098371404,5899118.086820985,-0.336153469
608,608,1803995.425114663,5899026.680925137,-0.431049999
609,609,1803964.63829155,5898984.776959722,-0.453948113
610,610,1803945.314548114,5898938.129246014,-0.384125001
611,611,1803944.353018146,5898898.258940293,-0.48805
612,612,1803935.881199892,5898878.516512058,0.625063301
613,613,1803942.80879983,5898858.40270659,0.745528307
614,614,1803950.901718898,5898838.260790515,0.7778125
615,615,1804027.925926278,5898716.722261895,0.891875001
616,616,1804035.676320598,5898706.561879235,0.958822781
617,617,1804051.417577636,5898696.208665743,0.461949992
618,618,1804066.918251546,5898675.887844777,0.763425004
619,619,1804090.409693454,5898655.374130376,0.592187498
620,620,1804113.901021412,5898634.86034533,0.421225001
621,621,1804121.651234021,5898624.699875186,0.641975007
622,622,1804129.401427403,5898614.539397007,1.074792204
623,623,1804145.142400277,5898604.185995694,0.721062503
624,624,1804152.892545906,5898594.025493711,0.938475
625,625,1804160.642672305,5898583.864983693,1.026112508
626,626,1804176.383550458,5898573.511519775,0.62251282
627,627,1804191.883688524,5898553.190444092,1.028074998
628,628,1804242.970403794,5898540.347892479,-0.45681764
629,629,1804282.542204179,5898482.173318826,-0.325240706
630,630,1804300.948615234,5898441.049833007,-0.205642854
631,631,1804300.789472787,5898421.106870282,0.072890909
632,632,1804315.966477483,5898400.793331712,-0.004218181
633,633,1804313.263318102,5898338.585245672,0.027717098
634,634,1804313.473382443,5898290.944819557,0.065200001
635,635,1824103.894653279,5897694.761117119,-0.188003121
636,636,1804303.856810311,5898200.966297908,-0.145410082
637,637,1804277.417181117,5898122.268138729,-0.095449997
638,638,1804260.874525458,5898087.760903026,-0.097444438
639,639,1824068.628925988,5897571.007881082,2.232025009
640,640,1804255.04171596,5898060.19791672,0.909560666
641,641,1824060.109857967,5897551.28360027,2.62845
642,642,1804270.174218023,5898043.059515815,-0.088847461
643,643,1804259.269096311,5898032.94595348,1.333099994
644,644,1804274.991219455,5898021.865445293,0.127148929
645,645,1804266.777693519,5898012.817721165,1.331025013
646,646,1804282.914583381,5898012.226524254,-0.091052637
647,647,1804305.849874252,5897982.154631568,-0.288535713
648,648,1824010.052809944,5897472.809916819,3.329974982
649,649,1804323.333421263,5897968.369278184,-0.413767442
650,650,1804305.283624607,5897952.046793771,1.730437522
651,651,1804390.645311407,5897845.262543574,1.143187503
652,652,1804398.273898772,5897830.117963411,1.188674975
653,653,1823926.450300576,5897335.374503477,2.514349985
654,654,1804414.013031206,5897819.763974478,0.584449995
655,655,1823884.914023312,5897276.624562096,3.007400063
656,656,1823876.659636318,5897266.868159551,2.677274996
657,657,1804483.753662581,5897728.316450388,0.192899999
658,658,1804506.03562281,5897657.963401374,0.383500003
659,659,1804513.422657116,5897632.851103167,1.159006256
660,660,1804520.93022383,5897612.72259299,1.375093748
661,661,1823928.173353386,5897407.137775289,0.131795078
662,662,1804528.437750927,5897592.594074049,1.310537969
663,663,1804535.824645614,5897567.481742882,1.185265853
664,664,1823813.972325495,5897019.353890031,-0.412218169
665,665,1804564.889263565,5897447.097131029,1.970524995
666,666,1804517.546050533,5897651.43913689,-0.094942391
667,667,1804593.55138391,5897321.735357772,1.692517864
668,668,1823912.304687315,5896821.469832984,-0.890277754
669,669,1804550.627643512,5897188.132762957,1.998612507
670,670,1804565.400328573,5897137.907993474,0.422725004
671,671,1804585.432205328,5897210.555168763,-0.045807401
672,672,1824019.434496263,5896721.180712799,0.542153439
673,673,1804573.148493507,5897127.747006744,-0.0276375
674,674,1824151.291911011,5896604.450069633,0.394678705
675,675,1804611.647714941,5897066.974343179,0.679599997
676,676,1824186.019905167,5896570.389454248,0.342674994
677,677,1824193.745178931,5896560.209441038,0.335074999
678,678,1804650.629084859,5897026.136697427,0.974712488
679,679,1824199.287716129,5896533.246462836,0.064499483
680,680,1824226.39559213,5896502.246274761,-0.410584469
681,681,1824239.831909219,5896489.161135984,-0.386650008
682,682,1824247.557038029,5896478.981065989,-0.612800004
683,683,1824255.438057648,5896468.595529505,-0.734272729
684,684,1824270.576399205,5896448.646264274,-0.899999976
685,685,1804704.381485773,5896935.073776685,2.214324997
686,686,1804720.118518489,5896924.719118368,1.370300011
687,687,1804750.505747804,5896859.155444521,1.059131266
688,688,1804758.132663721,5896844.010453232,0.590524997
689,689,1804765.638792457,5896823.881648513,0.544674998
690,690,1804780.892467466,5896793.591629511,0.480797469
691,691,1804801.236281651,5896643.496544784,0.247632911
692,692,1804772.765198201,5896580.138097649,-0.138059049
693,693,1804543.469115801,5895901.730283295,-0.592987341
694,694,1804619.794015116,5895899.219730631,-0.471936364
695,695,1804575.037842243,5895903.392920819,-0.541605288
696,696,1804498.541064393,5895886.199117519,-0.418217663
697,697,1804527.009981058,5895882.181828366,-0.28992919
698,698,1804622.868873642,5895879.86061589,-0.642387494
699,699,1804572.525744596,5895781.345111151,-0.682824988
700,700,1804556.066747193,5895761.796718351,-0.612099995
701,701,1824366.366035243,5895268.378614835,-0.879178631
702,702,1804539.245820923,5895727.296860756,-0.681487491
703,703,1824345.604084974,5895219.520756741,-0.896278665
704,704,1804526.660374924,5895702.667893582,-0.581352198
705,705,1824341.353239645,5895199.88062759,-0.896763612
706,706,1804522.183702693,5895682.829342186,-0.67949999
707,707,1804505.724998894,5895663.280861617,-0.571524994
708,708,1824299.714109815,5895130.959370072,-0.899999976
709,709,1824291.196371655,5895111.235334245,-0.899999976
710,710,1824282.943348191,5895101.479374149,-0.899999976
711,711,1804456.023181965,5895584.4949199,-0.134818182
712,712,1804484.389047995,5895620.116774629,-0.458404932
713,713,1824241.580436113,5895042.928286398,-0.899818171
714,714,1824233.02865648,5895027.991350468,-0.891037502
715,715,1824220.517035854,5895008.373290629,-0.896129351
716,716,1804438.144535865,5895527.371951926,-0.477232864
717,717,1804405.165362657,5895471.232171402,-0.465131256
718,718,1824214.919019846,5894968.056499612,-0.899711709
719,719,1804385.799861197,5895418.034041421,-0.642516055
720,720,1804371.164100176,5895387.280449811,-0.700874977
721,721,1804322.273073641,5895348.569382301,0.340174999
722,722,1804356.197278799,5895361.111498225,-0.64476688
723,723,1804341.880691805,5895333.134875716,-0.491699999
724,724,1804297.345563599,5895309.278496989,0.612600002
725,725,1804305.007409842,5895288.944975439,-0.068464284
726,726,1804322.799644029,5895302.078675455,-0.362591222
727,727,1804304.36887787,5895269.214792147,-0.647474992
728,728,1804282.787486106,5895218.056158358,-0.501657558
729,729,1804245.321906392,5895140.987889316,0.96767499
730,730,1824046.974147024,5894643.900147183,-0.901412518
731,731,1804252.827343949,5895120.85947783,0.845875018
732,732,1823997.381962779,5894560.427370994,-0.796096163
733,733,1823956.048165769,5894530.870985741,-0.901916678
734,734,1823948.397767451,5894521.826127322,-0.901777791
735,735,1823947.869097438,5894501.889977187,-0.71824491
736,736,1823914.674900982,5894477.83246139,-0.901918761
737,737,1804161.661304017,5894325.187129975,1.400150011
738,738,1804221.007200513,5894713.256184386,0.145903996
739,739,1804197.63798749,5894184.688654287,1.779909095
740,740,1804240.781662957,5894075.475831983,0.256656278
741,741,1804262.142041437,5893854.003744008,0.634325004
742,742,1804277.14995659,5893813.746707294,0.498237504
743,743,1804284.895042561,5893803.585821576,0.420088613
744,744,1804292.398911479,5893783.457281738,0.285038962
745,745,1804296.493285819,5893845.541273598,0.052184918
746,746,1804323.137708001,5893732.845977746,0.328875002
747,747,1804338.386331435,5893702.556452498,0.57837179
748,748,1804353.634837584,5893672.266893777,0.333725001
749,749,1804360.797369048,5893662.120021462,0.290660715
750,750,1804365.68522429,5893703.43224301,-0.105897095
751,751,1804368.883226448,5893641.977301584,0.313412497
752,752,1804392.702711125,5893636.624201744,-0.157343347
753,753,1804384.131498023,5893611.687675914,0.027575002
754,754,1804414.627689312,5893551.108324161,0.026875
755,755,1804425.707929569,5893584.425995952,-0.340393687
756,756,1804429.87560902,5893520.818598071,0.125225
757,757,1804451.462112395,5893521.378534456,-0.304018808
758,758,1804469.746042726,5893495.484134564,-0.585614677
759,759,1804515.391955878,5893429.187000676,-0.651545465
760,760,1804546.745219572,5893399.032171146,-0.380546015
761,761,1804591.405712566,5893342.384891711,-0.344331006
762,762,1804624.295339892,5893306.865673307,-0.538672716
763,763,1804623.812083761,5893286.930353997,-0.383309083
764,764,1823598.584936924,5892804.680881318,-9999.0
765,765,1804647.286135548,5893266.414242512,-0.390163639
766,766,1804615.257730124,5893257.015880297,0.684674999
767,767,1823585.399536332,5892787.566843076,-0.863399333
768,768,1804654.219855604,5893216.177248087,0.752049998
769,769,1804739.515037006,5893171.994639722,0.05505568
770,770,1804817.566354855,5893032.691629168,1.22745
771,771,1804733.877369431,5893027.13793477,1.393536522
772,772,1804761.425655707,5893024.080231661,1.153212482
773,773,1804813.735052607,5893055.806759831,0.624694014
774,774,1804823.858690046,5892962.724170973,1.300724977
775,775,1804941.871522832,5892904.854968416,0.471497142
776,776,1804878.800266633,5892984.583206276,0.722554628
777,777,1804877.735773558,5892871.45335546,1.870537021
778,778,1804861.487710505,5892867.062276555,2.197716951
779,779,1804900.386750172,5892845.605996886,1.669385317
780,780,1804905.891077937,5892721.367923855,0.464175005
781,781,1804920.731187442,5892738.015920674,0.415916398
782,782,1804920.893502351,5892681.109462609,0.439799994
783,783,1804995.472223898,5892644.949230833,0.16610065
784,784,1823571.076053598,5892067.98038447,-0.967999935
785,785,1823529.696583616,5892014.213615892,-0.912913036
786,786,1804951.621955274,5892546.026146994,0.330720594
787,787,1823439.58061088,5891907.044129427,-0.810999975
788,788,1804908.832922844,5892369.65978393,-0.041210633
789,789,1804816.137261962,5892315.358466934,0.663946434
790,790,1804855.472784005,5892309.88977879,0.199029839
791,791,1804783.758669602,5892286.936385903,-0.18387865
792,792,1804742.56279528,5892246.601882203,-0.619443034
793,793,1804714.132330306,5892227.344562589,-0.345391843
794,794,1804697.679148084,5892207.796632323,-0.445800003
795,795,1804681.22604207,5892188.248664105,-0.716168749
796,796,1804660.780644085,5892168.797503051,-0.75964999
797,797,1804632.35062713,5892149.539933426,-0.680284813
798,798,1804619.890128273,5892129.895037043,-0.776399995
799,799,1804595.452673269,5892110.540538899,-0.771987005
800,800,1823596.318380922,5891518.882268772,-0.957000017
801,801,1823604.194928431,5891508.497090489,-0.968999982
802,802,1823615.288179272,5891491.506452211,-0.888270835
803,803,1823626.936948533,5891468.195197754,-0.86036
804,804,1804360.896549253,5891662.429431041,-0.411936705
805,805,1804355.708912964,5891633.81040836,0.094043011
806,806,1804343.760186603,5891603.003361991,0.023687497
807,807,1823526.16109369,5890982.08562107,-9999.0
808,808,1804386.657884278,5891406.753159036,-0.138192309
809,809,1823516.59188277,5890922.488528786,-9999.0
810,810,1804411.119290366,5891385.790008446,-0.016437323
811,811,1804417.041504597,5891341.916271348,0.182400835
812,812,1804407.487617917,5891277.319772675,0.853374996
813,813,1804444.2275668,5891283.471064284,0.281491434
814,814,1804427.459261577,5890947.709018738,-0.083226417
815,815,1804389.271941162,5890952.200885136,0.311591556
816,816,1823784.08241205,5890157.084317479,-9999.0
817,817,1804329.553914837,5890667.873862356,0.248983025
818,818,1823784.402250769,5890133.855151508,-0.939800018
819,819,1804315.789631415,5890588.492222389,-0.170601577
820,820,1823684.329484083,5890036.648116426,-0.153363656
821,821,1804106.955106432,5890400.424684328,0.068522504
822,822,1804288.366335073,5890475.042922517,0.147690194
823,823,1823672.071632551,5889889.415342645,0.721633335
824,824,1823688.749986398,5889870.13315122,0.955740738
825,825,1804127.178468131,5890363.364624665,0.196952391
826,826,1804141.300243972,5890346.254671194,0.740181248
827,827,1804193.189651777,5890344.998407857,-0.755075
828,828,1804241.087571976,5890343.838494634,-0.421804341
829,829,1804161.016392411,5890335.803839828,0.280550003
830,830,1804192.706945494,5890325.063020757,0.417808335
831,831,1804124.610453673,5890316.738083977,2.194239008
832,832,1804184.223689883,5890304.594129968,0.937452817
833,833,1823680.900524584,5889839.657042477,0.24820954
834,834,1823702.445300881,5889790.169994961,0.159600002
835,835,1804157.156266337,5890269.582396041,0.70410638
836,836,1804095.066406516,5890257.813292824,1.411018187
837,837,1804135.061842114,5890246.871674608,0.785660696
838,838,1804142.239904091,5890226.750846319,0.722018171
839,839,1804054.343363851,5890218.703411176,0.929724987
840,840,1804104.847197088,5890223.808209738,0.76675313
841,841,1804069.585431224,5890188.413989821,0.602948708
842,842,1804037.086797422,5890159.078534944,0.491375
843,843,1804055.436359482,5890164.616692071,0.460398085
844,844,1804036.610498847,5890132.696350094,0.396889832
845,845,1823695.61540696,5889674.545331414,-0.010405213
846,846,1823722.319137959,5889629.839009997,0.36401786
847,847,1804019.879702911,5890114.815304876,0.436437508
848,848,1804003.411085828,5890070.332885493,0.609592603
849,849,1804002.226137003,5890045.427748481,0.637392405
850,850,1823749.30790719,5889567.585480473,-0.050073787
851,851,1804001.222041607,5890015.531464268,0.294211013
852,852,1823787.735211191,5889511.668446797,-0.180446926
853,853,1823806.693798991,5889497.922748559,-0.22530909
854,854,1803984.934514318,5889990.991692513,0.387599994
855,855,1823830.066648326,5889487.729768654,-0.100309091
856,856,1823844.834886746,5889461.803029852,-0.202096491
857,857,1803968.10458892,5889931.557682378,0.395686276
858,858,1803959.057720025,5889911.829478628,0.472137496
859,859,1803966.678606362,5889896.68484988,0.407641514
860,860,1823889.131607568,5889411.083703538,-0.247743313
861,861,1803958.213830605,5889876.942564267,0.422074999
862,862,1824058.020777137,5889341.821139976,0.368175001
863,863,1824149.849242621,5889325.532216952,-0.013406505
864,864,1824169.406681115,5889318.708502308,0.046196428
865,865,1824001.994145893,5889339.695171836,-0.060996789
866,866,1824184.795801921,5889308.72674983,-0.008410715
867,867,1803956.695672084,5889820.908715865,0.070248805
868,868,1824192.669335606,5889298.340860704,-0.0088
869,869,1824200.387087351,5889288.160426715,0.033898734
870,870,1824217.020439856,5889258.529095124,0.231919741
871,871,1824238.554660314,5889227.49545029,0.049745459
872,872,1824246.42804589,5889217.109503214,-0.124474995
873,873,1824254.301411117,5889206.723545669,-0.29642857
874,874,1824269.425049513,5889186.773471632,-0.450464306
875,875,1824277.454113783,5889176.182024384,-0.345036373
876,876,1824301.56339177,5889165.766714356,-0.309230763
877,877,1824308.718149382,5889156.328499707,-0.43518866
878,878,1824325.246297605,5889155.161354268,-0.252222232
879,879,1824337.774669925,5889137.769642585,-0.378591331
880,880,1824355.954962186,5889124.217199855,-0.383636352
881,881,1803911.530490468,5889573.879245763,0.48152942
882,882,1824454.375479245,5888932.470729444,-0.343254568
883,883,1824485.509122543,5888901.716005481,-0.372684213
884,884,1824493.537624265,5888891.124323134,-0.483821406
885,885,1824532.341915111,5888860.567762555,-0.418910703
886,886,1824563.74055931,5888839.780884677,-0.293051714
887,887,1824571.61315827,5888829.394593064,-0.261468358
888,888,1803880.63430698,5889335.261866775,-0.060109094
889,889,1824581.341199938,5888811.938523461,-0.225401831
890,890,1824594.763606853,5888798.852083305,-0.158975002
891,891,1824602.636126355,5888788.465756521,-0.112874999
892,892,1824617.758140213,5888768.514973219,-0.033750001
893,893,1824625.630601254,5888758.128623967,-0.052074999
894,894,1824633.347301571,5888747.947738957,-0.059375001
895,895,1824641.063982575,5888737.766845873,-0.060925001
896,896,1824648.936383858,5888727.380469684,-0.020109092
897,897,1803878.805664841,5889235.570821668,-0.163987341
898,898,1824656.075872203,5888707.64234244,-0.007654545
899,899,1803886.425969606,5889220.426230894,-0.198904458
900,900,1824698.654914572,5888507.002351306,-0.101803575
901,901,1803869.631706676,5889021.361814215,2.26552218
902,902,1824744.68696604,5888435.948237182,0.085385963
903,903,1803871.864084024,5888970.235555675,1.384760972
904,904,1803897.875140306,5888975.191556753,1.983569153
905,905,1824756.549946585,5888425.455313572,0.155280258
906,906,1824768.257166705,5888415.1678531,0.217900005
907,907,1803897.830495578,5888929.535895993,1.594267954
908,908,1803910.99930589,5888915.639093524,1.931737486
909,909,1824779.644513643,5888392.49775055,0.277335692
910,910,1803870.850116279,5888906.63672842,1.394724996
911,911,1803878.349536476,5888886.508271655,1.575556986
912,912,1803877.385148553,5888846.637461363,1.37620253
913,913,1824824.001915727,5888354.475215327,2.303042406
914,914,1803948.094400322,5888810.019461933,1.202756533
915,915,1824820.408705679,5888274.123163668,2.352999979
916,916,1803888.064733214,5888810.643388416,1.529746802
917,917,1803923.834729524,5888780.220902366,1.102367284
918,918,1803954.78875028,5888745.029459272,2.190849981
919,919,1803903.312228236,5888757.578259669,1.955398576
920,920,1824802.58368427,5888204.771754992,2.324455717
921,921,1803914.278567916,5888721.075777717,1.719352158
922,922,1803945.92750653,5888715.52454045,1.478509064
923,923,1803962.287796424,5888724.900916412,1.893443526
924,924,1803921.777682066,5888700.947265615,1.743549987
925,925,1803929.276756535,5888680.818744751,1.741837498
926,926,1803952.944140286,5888675.460583522,1.438000032
927,927,1803936.775791323,5888660.690215126,1.553062477
928,928,1803992.524835324,5888654.354326564,2.024417726
929,929,1803944.274786429,5888640.561676738,1.540715191
930,930,1803951.773741854,5888620.433129588,1.556088584
931,931,1803959.272657595,5888600.304573677,1.515396246
932,932,1803966.892146011,5888585.159860213,1.525299995
933,933,1803974.511604967,5888570.015144179,1.598628913
934,934,1803982.010412122,5888549.886562406,1.28647501
935,935,1803989.509179593,5888529.757971873,1.288062903
936,936,1803997.007907382,5888509.629372574,1.32761249
937,937,1824751.514169095,5888097.790571234,0.648904746
938,938,1804004.627233735,5888494.484616725,1.449064911
939,939,1824616.341082557,5887960.005491623,-0.140903508
940,940,1824636.304395321,5887959.824057827,0.136149999
941,941,1824593.463334093,5887973.287202088,-0.291214834
942,942,1804072.286160857,5888480.865112656,1.841504235
943,943,1804011.402024969,5888444.452867699,1.695441574
944,944,1804074.853889218,5888433.144381571,1.388089308
945,945,1804019.021256787,5888429.308099644,1.52618121
946,946,1804090.851745901,5888427.568920217,1.545025373
947,947,1804076.155446084,5888377.379635927,1.311057459
948,948,1804072.3550581,5888323.294465751,1.726724973
949,949,1804113.918895366,5888350.882109083,1.621970646
950,950,1804080.094745137,5888313.133484961,1.631499983
951,951,1804101.526766978,5888299.887777134,1.505049764
952,952,1804117.006007081,5888279.565748508,1.674328495
953,953,1804134.87563706,5888266.925687547,1.297937506
954,954,1804142.494465632,5888251.78078215,1.175875011
955,955,1804158.670669037,5888291.968152025,2.026072079
956,956,1804168.834035295,5888234.455141198,1.427664811
957,957,1804200.148184025,5888233.18995833,0.476112146
958,958,1804141.528627697,5888211.909915836,1.681405061
959,959,1804149.147386039,5888196.76500642,1.288962498
960,960,1804164.565622536,5888195.826568036,1.301351339
961,961,1824643.608024428,5887640.62230674,-0.375214288
962,962,1804155.075736286,5888111.846064508,1.196466681
963,963,1804154.35128093,5888081.942900916,1.298249996
964,964,1804161.969878487,5888066.797971142,1.253474981
965,965,1804183.487900686,5888056.672239076,1.35250738
966,966,1804160.883140798,5888021.943230603,1.25984999
967,967,1804170.96503045,5888001.75182079,1.271033157
968,968,1804223.883909752,5887985.509095794,1.4381076
969,969,1804175.395597346,5887961.750174864,1.382337473
970,970,1825093.105055671,5887418.943894319,1.588499974
971,971,1824980.837372912,5887401.991826713,0.314737501
972,972,1804226.838018793,5887935.777843772,1.811009527
973,973,1824708.78274494,5887389.100023808,-0.170672727
974,974,1804181.103681437,5887891.796845155,1.345723383
975,975,1825146.768569498,5887334.966964147,0.368040823
976,976,1804188.217001107,5887831.783030922,1.303686202
977,977,1804195.472938933,5887801.686457407,1.322291133
978,978,1804202.728815457,5887771.589881836,1.668632912
979,979,1804250.732924592,5887775.413159716,1.481335442
980,980,1825238.98874104,5887205.764851009,0.349909088
981,981,1804208.176442846,5887734.952905216,1.535569034
982,982,1825262.131870789,5887175.2201195,0.369799991
983,983,1804217.119590222,5887706.412841816,1.473240495
984,984,1825308.825642399,5887123.166164965,0.437442308
985,985,1804231.872515996,5887656.187348109,1.622924978
986,986,1825320.549721423,5887113.60464653,0.465089166
987,987,1804239.369714447,5887636.058450712,1.619823891
988,988,1804262.102724549,5887585.639433693,1.391275006
989,989,1804262.028417819,5887634.31905033,1.46509225
990,990,1804315.420598752,5887463.130037469,1.575970653
991,991,1804321.957146126,5887419.623863667,1.42920001
992,992,1804408.432165572,5887387.60543055,-0.309431369
993,993,1825505.882019223,5886809.385347388,1.431684765
994,994,1825483.332514944,5886780.062908433,1.573099963
995,995,1825480.530856265,5886675.396696522,1.190573256
996,996,1804495.097761096,5886986.557822701,2.634957814
997,997,1804502.192074191,5886961.451550776,2.661342359
998,998,1804509.363420886,5886916.396176146,2.291835459
999,999,1804524.233841266,5886871.153856093,2.473074965
1000,1000,1804531.608476687,5886846.040742445,2.624113871
1001,1001,1804539.2251021,5886830.895369,2.725062515
1002,1002,1825668.924368023,5885957.112266527,0.389250008
1003,1003,1825684.616709113,5885946.716368194,0.300518988
1004,1004,1825708.288730784,5885936.106575446,0.291899997
1005,1005,1825731.980179048,5885926.223562495,0.237319999
1006,1006,1825809.281718893,5885909.212098354,-0.333964153
1007,1007,1825866.546368715,5885881.986567844,-0.698227852
1008,1008,1825898.197674567,5885871.16216277,-0.848069891
1009,1009,1825929.267057146,5885860.353313689,-0.878980411
1010,1010,1825981.993788299,5885862.313254388,-0.015090783
1011,1011,1826005.254369221,5885843.3512478,0.417515822
1012,1012,1826016.394152004,5885818.315065427,0.033327278
1013,1013,1826015.324001246,5885778.442124093,0.686075475
1014,1014,1826001.217211212,5885752.972968404,0.54813228
1015,1015,1826014.414682629,5885738.363538207,0.148746834
1016,1016,1826126.493678714,5885722.63264826,1.50305407
1017,1017,1825979.600072826,5885726.132338468,0.337680956
1018,1018,1826069.486441889,5885715.582357946,0.329789471
1019,1019,1826004.511099234,5885712.000734175,0.297933865
1020,1020,1826035.917058917,5885715.133882723,0.118559934
1021,1021,1826099.665987802,5885710.335709218,1.293982248
1022,1022,1826077.019733327,5885696.982660446,1.416259249
1023,1023,1825913.216824748,5885513.253406839,-0.916201191
1024,1024,1826303.22836379,5885491.195992935,1.545008575
1025,1025,1825999.746669626,5885489.371765396,-0.457449984
1026,1026,1826445.898661442,5885471.832547757,1.73386363
1027,1027,1826462.278691626,5885466.969306839,3.97125001
1028,1028,1825988.116587322,5885457.945010457,-0.315713325
1029,1029,1826046.016894868,5885428.277207587,-0.858125021
1030,1030,1826129.79905029,5885426.027573599,-0.993149626
1031,1031,1825854.086672742,5885423.653463363,1.647018149
1032,1032,1826069.820834416,5885422.650426501,-0.8491375
1033,1033,1826354.576602212,5885414.37461058,-0.941639989
1034,1034,1826449.08826659,5885426.970346423,-0.790818419
1035,1035,1825929.78282277,5885411.445882412,1.560501873
1036,1036,1826109.315551837,5885406.626802467,-0.423500004
1037,1037,1826281.425032249,5885412.185125679,-0.921412808
1038,1038,1826148.943995115,5885395.587110688,-0.110237507
1039,1039,1826212.509998418,5885383.904152963,-0.156518967
1040,1040,1826264.374919301,5885382.510497048,-0.495027744
1041,1041,1805152.77005062,5885444.593524852,2.586440005
1042,1042,1805167.05202687,5885399.363895288,1.368875002
1043,1043,1805190.136805217,5885363.89338665,2.00850001
1044,1044,1805185.444654439,5885405.383529603,1.716691527
1045,1045,1805197.872175561,5885353.731164633,1.736250006
1046,1046,1805249.832146598,5885192.885367638,2.056525005
1047,1047,1805220.611563657,5885191.709502509,1.767237015
1048,1048,1825723.234892267,5884408.742205584,0.716716965
1049,1049,1825794.34662408,5884131.646014123,1.384914424
1050,1050,1825712.580911691,5884011.465958202,0.345836368
1051,1051,1825703.401365247,5883944.770445689,0.767715234
1052,1052,1824368.025503563,5883887.085371595,0.112000001
1053,1053,1824423.321020053,5883565.673583647,1.91020758
1054,1054,1824431.051962479,5883556.219449716,2.141837505
1055,1055,1824454.718293253,5883545.612903936,1.690303798
1056,1056,1824462.429793575,5883535.431887774,1.842797488
1057,1057,1824470.141274563,5883525.250863543,2.285950041
1058,1058,1824485.83010474,5883514.857019979,1.676050028
1059,1059,1824525.450976072,5883503.824619994,1.783670875
1060,1060,1824533.162352479,5883493.643532733,1.845674984
1061,1061,1824548.851050877,5883483.249564976,2.118025033
1062,1062,1824556.562379298,5883473.068453805,1.881569627
1063,1063,1824572.251011229,5883462.674439037,1.55957505
1064,1064,1824931.230694761,5883453.086299977,-0.903621582
1065,1065,1824579.962291665,5883452.493303958,1.961177206
1066,1066,1824595.65085713,5883442.099242182,1.924074975
1067,1067,1824611.33938478,5883431.705149231,1.709974986
1068,1068,1824635.005160795,5883421.098068226,2.014875016
1069,1069,1824866.327101442,5883414.19217205,1.910288474
1070,1070,1824993.98319457,5883411.507168251,-0.877583321
1071,1071,1824706.553957042,5883409.939729797,1.581859987
1072,1072,1824874.057421141,5883404.737599947,1.068800006
1073,1073,1825017.648508912,5883400.8989867,-0.946642842
1074,1074,1824918.530924007,5883400.093943108,1.860875767
1075,1075,1824945.567047171,5883392.123507296,1.776450968
1076,1076,1825033.336492342,5883390.504079314,-0.944041615
1077,1077,1824957.285892755,5883382.562221183,1.984528282
1078,1078,1825045.035805279,5883380.215814539,-0.866427209
1079,1079,1824981.810916882,5883378.451511187,1.817849407
1080,1080,1825000.874862547,5883370.69404078,1.707509082
1081,1081,1825016.58224215,5883361.026006714,1.859987392
1082,1082,1825032.270147247,5883350.631104922,1.91022504
1083,1083,1825061.20270853,5883346.181467564,1.103131586
1084,1084,1825087.844155857,5883339.169290182,0.381850004
1085,1085,1825103.301811016,5883332.108391821,0.105035711
1086,1086,1825127.196896392,5883318.165733919,0.234825002
1087,1087,1825150.86179691,5883307.557156655,-0.127650001
1088,1088,1825166.549449148,5883297.161984027,-0.0295443
1089,1089,1825190.214246684,5883286.553290814,-0.34754429
1090,1090,1825205.901814122,5883276.158040496,-0.172874997
1091,1091,1825221.359265544,5883269.096914841,-0.388744459
1092,1092,1825245.253991314,5883255.153903328,-0.598298684
1093,1093,1806000.475202153,5883578.948216091,-0.027654545
1094,1094,1806268.561119463,5882624.666428168,1.139356716
1095,1095,1806280.280312201,5882614.405223461,1.424316455
1096,1096,1806267.950061111,5882599.74684083,1.114168759
1097,1097,1806343.597241313,5882592.904616836,1.314899977
1098,1098,1806247.766336869,5882590.267920618,1.492549987
1099,1099,1806255.375440802,5882575.12060338,1.486624996
1100,1100,1806279.302558266,5882574.533884904,1.199408532
1101,1101,1806384.493226771,5882532.523630274,1.234767154
1102,1102,1806406.865796182,5882496.207290374,1.25941388
1103,1103,1804944.690073084,5882497.445370698,1.909455698
1104,1104,1806408.107337803,5882465.502007834,1.252226976
1105,1105,1823264.437815072,5882011.166222811,1.679886048
1106,1106,1806423.428492737,5882431.364451485,1.249948696
1107,1107,1804953.512237374,5882468.55401555,1.5698898
1108,1108,1806443.278815492,5882420.702138643,1.285745467
1109,1109,1805357.977967282,5882428.250190971,1.379235319
1110,1110,1805014.6135698,5882426.126562764,1.731178522
1111,1111,1805062.640437016,5882425.481789841,1.823222224
1112,1112,1805317.839264402,5882418.529052434,1.389435898
1113,1113,1804978.209671817,5882430.948226687,1.434485472
1114,1114,1804998.557954292,5882415.615606763,1.45036358
1115,1115,1805783.902417657,5882404.969591022,1.481362387
1116,1116,1805006.308228319,5882406.180232877,1.695049965
1117,1117,1805038.210209444,5882405.402627829,1.743746797
1118,1118,1805077.931629916,5882404.635547944,1.413821369
1119,1119,1805317.196584399,5882398.798516688,1.400703704
1120,1120,1805460.755616311,5882395.293026461,1.453462932
1121,1121,1805636.372761873,5882390.800090993,1.622338908
1122,1122,1805684.243572316,5882390.356876034,1.392545472
1123,1123,1805353.007589514,5882388.099880947,1.454252205
1124,1124,1805056.578335603,5882392.920627018,1.485797923
1125,1125,1806226.071783296,5882356.414843261,1.702721529
1126,1126,1806242.022777742,5882356.02373788,1.455125013
1127,1127,1806465.502659902,5882350.742303617,1.217732187
1128,1128,1805093.397518066,5882377.746474488,1.435389254
1129,1129,1805111.999981276,5882377.006906708,1.450310869
1130,1130,1806481.043063601,5882340.185677935,1.243975015
1131,1131,1805128.956047848,5882363.295075613,1.488762449
1132,1132,1806177.730128195,5882337.652302301,1.598425001
1133,1133,1806201.656560802,5882337.065768152,1.608024988
1134,1134,1806161.534854445,5882328.075449678,1.543303811
1135,1135,1805695.576387318,5882336.029076949,1.525380936
1136,1136,1806153.315076513,5882318.303093465,1.550412509
1137,1137,1805107.680698949,5882350.449181088,1.453954896
1138,1138,1805533.339987718,5882354.932079391,1.337345185
1139,1139,1805743.599555442,5882324.659948427,1.521016039
1140,1140,1805938.315255468,5882313.596159348,1.457603805
1141,1141,1806198.599147453,5882317.683678438,1.585696361
1142,1142,1806452.501118547,5882348.147350908,1.209204042
1143,1143,1805777.980970451,5882307.546519357,1.496772134
1144,1144,1806128.900137616,5882298.953818026,1.506025003
1145,1145,1806234.532511988,5882317.42673256,1.390319149
1146,1146,1805123.874413731,5882318.537163045,1.416405004
1147,1147,1805179.424700056,5882312.39665688,1.466285661
1148,1148,1805785.712526564,5882297.383563559,1.42252502
1149,1149,1805955.035603359,5882303.212949759,1.328754419
1150,1150,1806461.997253226,5882285.231902042,1.193328914
1151,1151,1805952.952369624,5882283.316334121,1.480450018
1152,1152,1806140.809592809,5882279.29869274,1.537212942
1153,1153,1805192.378444736,5882295.210984888,1.415005289
1154,1154,1805359.971150545,5882357.274899092,1.348420518
1155,1155,1805793.200176348,5882277.252769342,1.591700014
1156,1156,1806082.651897082,5882278.537834301,1.513938822
1157,1157,1822677.447726039,5881847.174050438,1.621367055
1158,1158,1805800.350144639,5882267.104025083,1.414200003
1159,1159,1806207.132263381,5882269.238049564,1.768806302
1160,1160,1822693.135193143,5881836.783480135,1.624725015
1161,1161,1805948.970659785,5882263.838005346,1.405551603
1162,1162,1806224.003085143,5882254.546328674,1.738522447
1163,1163,1822700.846933606,5881826.60407849,1.608658267
1164,1164,1805832.363181251,5882247.100311991,1.380959221
1165,1165,1806534.17908238,5882229.168671645,1.705024964
1166,1166,1822708.294686492,5881806.456458772,1.724455744
1167,1167,1805190.342998461,5882270.443491668,1.549348618
1168,1168,1806209.617408482,5882228.670732434,1.635283861
1169,1169,1806509.763434026,5882209.820472313,1.57732501
1170,1170,1806469.485870819,5882201.036756968,1.192509098
1171,1171,1822715.8743888,5881791.292938385,1.832162538
1172,1172,1805326.912134887,5882226.072313983,1.591350723
1173,1173,1806168.474137262,5882244.97393827,1.500219533
1174,1174,1806202.574556243,5882197.545631002,1.532425045
1175,1175,1822723.322067126,5881771.145301263,1.815150018
1176,1176,1805350.337485486,5882205.533534433,1.700144936
1177,1177,1805950.511583514,5882183.637990295,1.392974671
1178,1178,1806157.713973569,5882178.762989825,1.728206891
1179,1179,1806307.345539459,5882415.85085939,1.232283564
1180,1180,1806492.956162448,5882175.324637882,1.482499997
1181,1181,1806528.042302484,5882189.009228945,1.294433948
1182,1182,1822730.901705557,5881755.981758054,1.759674971
1183,1183,1805411.288982422,5882187.857243403,1.472096295
1184,1184,1822738.613319278,5881745.802315136,1.861000055
1185,1185,1805798.614637035,5882172.39540233,1.237886067
1186,1186,1806271.346084266,5882159.706670461,1.183666671
1187,1187,1805452.550476301,5882178.498993265,1.456646723
1188,1188,1805806.22407451,5882157.248500228,0.467125002
1189,1189,1806188.882180884,5882148.077458269,1.605428619
1190,1190,1806214.854699476,5882168.644668271,1.545101862
1191,1191,1822746.192903615,5881730.638761115,1.86062502
1192,1192,1805377.01317682,5882174.859817402,1.575213964
1193,1193,1806284.497311581,5882135.557730215,1.165324713
1194,1194,1806519.457661909,5882140.734256928,1.414338804
1195,1195,1805435.735948327,5882152.877924564,1.716221568
1196,1196,1806262.952499885,5882132.836044195,1.176695888
1197,1197,1822609.366529209,5881709.323669025,1.613288458
1198,1198,1805813.589559696,5882132.133762833,1.170949678
1199,1199,1805917.163822561,5882125.338905003,1.300684166
1200,1200,1806294.612021513,5882118.54099911,1.138216602
1201,1201,1806523.266541852,5882109.750341521,1.338812475
1202,1202,1822753.508427834,5881705.506988277,2.011557435
1203,1203,1805821.198928146,5882116.986843621,1.318900012
1204,1204,1806101.03413921,5882096.15380056,1.333656248
1205,1205,1806291.250144327,5882085.522900764,1.043303785
1206,1206,1822329.748980391,5881676.819847744,1.702950028
1207,1207,1822505.21068528,5881672.179303039,1.642300017
1208,1208,1805832.804448222,5882097.596065064,1.48822695
1209,1209,1805931.597089263,5882092.68750973,1.346018087
1210,1210,1806044.786927983,5882171.510791074,1.390940883
1211,1211,1806119.97304974,5882080.33283805,1.507283045
1212,1212,1822344.85494269,5881666.445302274,1.6023654
1213,1213,1822512.922469814,5881662.000074678,2.008137481
1214,1214,1805844.148838838,5882076.529961566,1.842556961
1215,1215,1822337.197428531,5881656.672586708,1.646775015
1216,1216,1805851.880081637,5882066.366929199,1.679624982
1217,1217,1822297.056377644,5881647.758581683,1.862337482
1218,1218,1805859.611305137,5882056.203888788,1.301759498
1219,1219,1805875.43969903,5882050.829539656,1.554345902
1220,1220,1822336.406800909,5881626.767975684,1.774468368
1221,1221,1805891.024052148,5882035.487318398,1.920139242
1222,1222,1806256.793844629,5882044.349520218,0.863795811
1223,1223,1805906.852389841,5882030.112907523,1.604787485
1224,1224,1805930.638082375,5882023.816363526,1.770734692
1225,1225,1806265.613153877,5882016.334816109,0.60921519
1226,1226,1805938.386969585,5882014.380066575,1.305200004
1227,1227,1806009.9192583,5882002.654346561,1.792675011
1228,1228,1806017.650235402,5881992.491149459,1.900367106
1229,1229,1806025.137006994,5881972.360104984,1.778337473
1230,1230,1806032.745837182,5881957.212974539,1.673433965
1231,1231,1806423.404090457,5881942.646438646,0.581772154
1232,1232,1806040.35463808,5881942.065829911,1.670425007
1233,1233,1806055.234862561,5881921.753608692,1.819416684
1234,1234,1806039.133597146,5881892.226627733,1.856087512
1235,1235,1805981.355094376,5881813.851427873,1.74218753
1236,1236,1806034.47106712,5881763.680989327,1.50170956
1237,1237,1805983.029675946,5881723.547909932,1.608547828
1238,1238,1806016.030782487,5881690.562944329,1.545241547
1239,1239,1806122.060678938,5881675.231168152,1.539486484
1240,1240,1806137.277790736,5881670.598504072,1.540672749
1241,1241,1806060.235270798,5881698.248662576,1.530837657
1242,1242,1806100.605636605,5881666.874055952,1.540550133
1243,1243,1822086.982480361,5881254.504144337,1.805509097
1244,1244,1806049.380282068,5881650.148908764,1.608183666
1245,1245,1806168.600035108,5881639.707829877,1.635620282
1246,1246,1822054.711163032,5881235.204802813,1.658
1247,1247,1806176.330457259,5881629.544459376,1.934139255
1248,1248,1806192.035656394,5881619.185541919,1.811049989
1249,1249,1806199.766030607,5881609.022147584,2.029799961
1250,1250,1806215.471163289,5881598.663183227,1.908075936
1251,1251,1806231.176258146,5881588.304187763,1.772587495
1252,1252,1806238.906555793,5881578.140753806,1.9566375
1253,1253,1806254.611584194,5881567.781711442,1.817936724
1254,1254,1806278.046795852,5881547.259164388,1.563649987
1255,1255,1806292.65128648,5881492.044716772,1.779924513
1256,1256,1806300.136862596,5881471.913366221,1.715574986
1257,1257,1806307.622398952,5881451.782006904,1.665044003
1258,1258,1806315.107895483,5881431.650638819,1.712900008
1259,1259,1806322.593352313,5881411.519261964,1.825314096
1260,1260,1806329.90276096,5881376.620266224,2.079986995
1261,1261,1806337.441844334,5881366.272552039,2.107088616
1262,1262,1806357.133621682,5881355.81544374,2.103737509
1263,1263,1806368.850807787,5881345.55401813,2.258240516
1264,1264,1806392.529767578,5881334.998963867,2.402594925
1265,1265,1806416.208671299,5881324.443840282,1.98820249
1266,1266,1806431.913002253,5881314.084433807,1.976100005
1267,1267,1806447.844190057,5881312.966029781,2.040102032
1268,1268,1806455.591802885,5881303.52919447,1.966948063
1269,1269,1806471.296048996,5881293.169710454,1.949725023
1270,1270,1806487.000257281,5881282.810195326,1.897200003
1271,1271,1806502.70442774,5881272.450649089,1.855012654
1272,1272,1806524.577369685,5881212.070183489,1.647192348
1273,1273,1806531.90900856,5881162.020720505,1.647324975
1274,1274,1821328.526806101,5880630.907120305,0.870362488
1275,1275,1821360.162311918,5880620.099080889,0.905825007
1276,1276,1821383.823267274,5880609.500921917,1.051556958
1277,1277,1821407.484166587,5880598.902693529,1.033584915
1278,1278,1821431.145009856,5880588.304395719,1.084349999
1279,1279,1821079.720116596,5880582.792181822,1.715775882
1280,1280,1821454.805797082,5880577.706028492,1.159649999
1281,1281,1806520.816766439,5880945.621108215,1.876845422
1282,1282,1821478.335219282,5880562.123489955,0.750474997
1283,1283,1806558.173915621,5880931.976275658,1.722475018
1284,1284,1821035.928061406,5880564.376709502,1.713292468
1285,1285,1821502.127203406,5880556.509085776,1.093389947
1286,1286,1806565.903163684,5880921.812489218,1.760600017
1287,1287,1821525.65648456,5880540.926407723,0.973025
1288,1288,1820998.927544532,5880545.016175369,1.680821485
1289,1289,1806581.361601887,5880901.4848922,1.776291118
1290,1290,1821549.054327898,5880520.359562387,0.273362502
1291,1291,1822154.690030385,5880494.602727709,2.001425931
1292,1292,1806596.819962864,5880881.157263,1.688899963
1293,1293,1820934.346432173,5880516.788471119,1.768107127
1294,1294,1821556.503295955,5880500.212997521,0.074687496
1295,1295,1820918.135736157,5880507.239424015,1.761345504
1296,1296,1821596.650886272,5880493.84954067,0.252647484
1297,1297,1806612.278246613,5880860.829601622,1.706224963
1298,1298,1821635.721483073,5880478.174532516,1.241225016
1299,1299,1820882.318811022,5880488.613617572,1.812220172
1300,1300,1821561.625903029,5880477.487808823,0.361885167
1301,1301,1821651.407377824,5880467.785825771,1.231759538
1302,1302,1821667.356085315,5880467.365291454,1.339624952
1303,1303,1806627.736453133,5880840.501908065,1.649341778
1304,1304,1820857.26375603,5880479.374776297,1.836518171
1305,1305,1821675.067579232,5880457.186809152,1.168974974
1306,1306,1820837.500346962,5880469.256512471,1.751932193
1307,1307,1821690.753389126,5880446.798024734,1.137350007
1308,1308,1821706.682890415,5880445.650564973,1.231037028
1309,1309,1806643.194582424,5880820.174182328,1.736687477
1310,1310,1820817.302705152,5880459.812027139,1.741099998
1311,1311,1821714.413487474,5880436.198892185,1.124999992
1312,1312,1820801.092261294,5880450.262764757,1.739506254
1313,1313,1821738.304394993,5880426.031540903,1.005301378
1314,1314,1806658.652634486,5880799.84642441,1.662962534
1315,1315,1821754.177975356,5880416.871449651,0.963538456
1316,1316,1821769.707824418,5880414.790048451,1.271875032
1317,1317,1820774.532426733,5880439.925559647,1.808649415
1318,1318,1821777.79696011,5880405.76708085,1.09538983
1319,1319,1806674.110609315,5880779.518634312,1.665658226
1320,1320,1821793.628141945,5880396.022194765,1.174638287
1321,1321,1820731.57345475,5880417.170518219,1.726073301
1322,1322,1821809.453628976,5880386.225978984,1.211902457
1323,1323,1820707.913013463,5880402.63311329,1.696350917
1324,1324,1821819.761307025,5880378.093757454,1.396000028
1325,1325,1806695.273697335,5880756.297331619,1.628408672
1326,1326,1820688.317762223,5880393.958311365,1.776100911
1327,1327,1821835.837441425,5880367.732174704,-0.124999993
1328,1328,1806713.000309289,5880738.666888665,1.628924985
1329,1329,1820659.876625505,5880384.346728345,1.824214275
1330,1330,1820651.30830265,5880374.193952653,1.724314807
1331,1331,1820615.503145581,5880355.969420727,1.779121496
1332,1332,1820594.71455074,5880346.15678883,1.811142892
1333,1333,1821872.006034079,5880312.698913322,0.669927266
1334,1334,1820578.504596037,5880336.607117414,1.701196434
1335,1335,1821878.45392783,5880302.193759814,0.913237493
1336,1336,1820554.47616564,5880327.061234744,1.742903338
1337,1337,1821886.165009722,5880292.015063029,1.02159998
1338,1338,1820538.100081329,5880317.314537445,1.563272729
1339,1339,1820517.635093346,5880308.740112657,1.67194445
1340,1340,1820503.655859627,5880298.469381942,1.40959576
1341,1341,1821893.506376982,5880266.942773701,0.980025475
1342,1342,1806790.288159351,5880637.027056193,1.573500039
1343,1343,1820481.507124406,5880289.276644248,1.814740748
1344,1344,1820465.297416811,5880279.72676472,1.719535685
1345,1345,1821901.056969569,5880247.042940041,0.931583347
1346,1346,1806797.771627625,5880616.895155021,1.511249992
1347,1347,1821963.74621251,5880230.115858259,-0.674636367
1348,1348,1820369.407158884,5880262.291133284,1.637428543
1349,1349,1820393.007596806,5880261.672382775,1.640553532
1350,1350,1820448.826323878,5880260.208677071,1.645714289
1351,1351,1820360.83931701,5880252.13808152,1.631833355
1352,1352,1821914.231031321,5880221.361093101,1.38991693
1353,1353,1821963.801213681,5880210.164078857,0.104800012
1354,1354,1806756.767545982,5880548.086435545,1.848215664
1355,1355,1806763.9147492,5880537.936738298,1.322249947
1356,1356,1806771.643356223,5880527.772731054,1.362124965
1357,1357,1806787.345719012,5880517.412567324,1.268721484
1358,1358,1806795.074278086,5880507.248536241,1.349924986
1359,1359,1806810.776574406,5880496.888325607,1.254399982
1360,1360,1806818.50508553,5880486.724270689,1.292936731
1361,1361,1806826.233577346,5880476.560207726,1.433151935
1362,1362,1806841.935778553,5880466.199934391,1.328475019
1363,1363,1806849.664222418,5880456.035847589,1.399049981
1364,1364,1806857.392646975,5880445.871752741,1.573848092
1365,1365,1806873.094753069,5880435.511416711,1.396493729
1366,1366,1806880.823129675,5880425.347298026,1.455925019
1367,1367,1806902.230054147,5880412.093278826,2.097556593
1368,1368,1806911.981807297,5880394.658621999,1.705800022
1369,1369,1806919.710097335,5880384.494463384,1.619291155
1370,1370,1820156.014713472,5880048.432540087,1.460381809
1371,1371,1806935.412013198,5880374.134001957,2.282430383
1372,1372,1806943.140255285,5880363.969819503,2.176562485
1373,1373,1820139.544780111,5880028.913893441,1.77820003
1374,1374,1820119.495533138,5880018.911964905,1.58343103
1375,1375,1806956.573303342,5880350.911953066,2.392525141
1376,1376,1820107.116680106,5880009.410499185,1.696285697
1377,1377,1806972.029671947,5880330.583536552,2.132682942
1378,1378,1806987.485963311,5880310.255087853,2.225855825
1379,1379,1820058.240171249,5879971.19291472,1.679375029
1380,1380,1806997.237409212,5880292.820317057,1.832749984
1381,1381,1820042.031578655,5879961.642264788,1.692563642
1382,1382,1807004.965496818,5880282.65607024,1.67267503
1383,1383,1820009.936365861,5879942.532450765,1.687982461
1384,1384,1807012.570818369,5880267.507876835,1.505512797
1385,1385,1820001.369270829,5879932.379062625,1.700872742
1386,1386,1807577.831431098,5880218.658444543,0.551499991
1387,1387,1819945.102676678,5879904.329318902,1.707578962
1388,1388,1819936.535698862,5879894.175869474,1.741508793
1389,1389,1819912.364203444,5879885.235996225,1.776716981
1390,1390,1807044.966289745,5880226.977399902,1.356789476
1391,1391,1807088.195564291,5880188.08727247,2.061881524
1392,1392,1807111.62475234,5880167.562113719,2.424570761
1393,1393,1807679.763204952,5880146.322627629,0.526550002
1394,1394,1807141.063683102,5880139.668056574,2.223323632
1395,1395,1819766.491308138,5879799.276672161,1.226944439
1396,1396,1807173.938230038,5880106.182748158,2.04693842
1397,1397,1807742.072654546,5880084.938868574,0.525600004
1398,1398,1819730.680137674,5879780.646195956,1.501738311
1399,1399,1819706.498698833,5879771.303393384,1.555254744
1400,1400,1807189.393597148,5880085.853883436,2.152365741
1401,1401,1807204.848886637,5880065.524987696,1.931134618
1402,1402,1807214.514813987,5880043.203390019,1.385872608
1403,1403,1807222.312742106,5880028.249292293,1.266608138
1404,1404,1807230.256611569,5880018.382565215,1.280871415
1405,1405,1807238.241174323,5880008.617108549,1.299819663
1406,1406,1819572.259326741,5879694.628664013,1.657999986
1407,1407,1807246.248144723,5879998.991859145,1.361911101
1408,1408,1819556.051853715,5879685.077122874,1.771285685
1409,1409,1819539.844418623,5879675.525552034,1.623240727
1410,1410,1807261.366072417,5879985.527649854,1.247549041
1411,1411,1819523.637021465,5879665.973951495,1.698464242
1412,1412,1807270.84586528,5879970.14850928,1.310461512
1413,1413,1819507.42966224,5879656.422321254,1.701909063
1414,1414,1807284.793506209,5879957.501631178,1.344225808
1415,1415,1807303.834449645,5879946.149862416,1.223250014
1416,1416,1819479.593191676,5879637.582561074,1.655590928
1417,1417,1807315.548451582,5879935.886964646,1.135481015
1418,1418,1819458.807812166,5879627.767252333,1.548561364
1419,1419,1807336.953451138,5879922.631747353,1.19585023
1420,1420,1807360.381281431,5879902.105829246,1.398962452
1421,1421,1819362.147172859,5879580.416074453,1.678303591
1422,1422,1807383.808997209,5879881.579840414,1.753942875
1423,1423,1819353.581231445,5879570.262073266,1.611072703
1424,1424,1807397.545665129,5879864.04616227,1.532645597
1425,1425,1807409.259438187,5879853.783123001,1.542325008
1426,1426,1819317.782524661,5879552.032278947,1.654814808
1427,1427,1807424.836751044,5879838.437720442,1.534792705
1428,1428,1819280.790717132,5879532.664540879,1.743517852
1429,1429,1807444.400586227,5879822.993887692,1.809075952
1430,1430,1819264.583908508,5879523.112464883,1.582641512
1431,1431,1819248.37713782,5879513.560359184,1.508927257
1432,1432,1807467.827860621,5879802.467648034,2.097989166
1433,1433,1807487.268496521,5879782.039757077,2.225274974
1434,1434,1808188.902339933,5879764.687946585,0.460524997
1435,1435,1807503.091651108,5879776.662102187,2.29877498
1436,1436,1807516.399804097,5879758.619301304,2.363175351
1437,1437,1807553.441136685,5879698.331216015,2.031099354
1438,1438,1807627.655196014,5879673.280802923,1.608765732
1439,1439,1807595.937218064,5879659.668334011,1.581725031
1440,1440,1807611.760079871,5879654.290460908,1.607212512
1441,1441,1807619.363674755,5879639.141628387,1.477925041
1442,1442,1807773.498771999,5879634.928540026,1.583889799
1443,1443,1807643.322340241,5879616.601482827,1.514567089
1444,1444,1808551.460642783,5879586.139632252,0.473189866
1445,1445,1807658.243306379,5879598.285024785,1.380824997
1446,1446,1808567.159177358,5879575.775963144,0.470800008
1447,1447,1807674.066017272,5879592.907027338,1.424712513
1448,1448,1807689.64235814,5879577.561086983,1.405759449
1449,1449,1807711.383102618,5879569.543246036,1.462489006
1450,1450,1807729.014160176,5879556.639943505,1.45510001
1451,1451,1807872.544392352,5879553.818012601,1.552739983
1452,1452,1807935.660423999,5879531.782504737,1.634463017
1453,1453,1807776.235428565,5879530.537528132,1.486449359
1454,1454,1807740.579749165,5879599.075080513,1.553030621
1455,1455,1807879.248430132,5879502.327577793,1.484442291
1456,1456,1807831.18274462,5879494.269737179,1.378062466
1457,1457,1807871.62833319,5879493.269337716,1.524509823
1458,1458,1807838.9090552,5879484.104638048,1.362599994
1459,1459,1807854.60817455,5879473.742327077,1.339240543
1460,1460,1807870.430543607,5879468.363943806,1.319710681
1461,1461,1807878.033490027,5879453.214846223,1.302799979
1462,1462,1807909.431482221,5879432.4900371,1.386155779
1463,1463,1807917.157639577,5879422.324858692,1.329949933
1464,1464,1807930.053676926,5879460.934418957,1.53873553
1465,1465,1808123.938252171,5879396.530638995,1.572905648
1466,1466,1808953.124726909,5879376.679999176,0.481674998
1467,1467,1807956.281503847,5879391.434675454,1.363341703
1468,1468,1807987.679078706,5879370.709554193,1.438625029
1469,1469,1808003.501179985,5879365.330907797,1.482515705
1470,1470,1808019.076502194,5879349.984308452,1.457187514
1471,1471,1808026.802449026,5879339.819019174,1.399712487
1472,1472,1809135.01021155,5879312.310505751,0.443600001
1473,1473,1808042.62447048,5879334.440295363,1.474681526
1474,1474,1808058.323068691,5879324.077579133,1.470377356
1475,1475,1808073.898214483,5879308.730869775,1.413374969
1476,1476,1808092.418854264,5879304.947557978,1.489079476
1477,1477,1808105.295202238,5879288.005281241,1.436412445
1478,1478,1808123.815786142,5879284.221897621,1.531405842
1479,1479,1808136.692038618,5879267.27956823,1.422174992
1480,1480,1809252.863518839,5879239.557603535,0.502911391
1481,1481,1808152.513863194,5879261.900628231,1.45070439
1482,1482,1808086.701540849,5879348.065612416,1.552493268
1483,1483,1808176.184826636,5879251.340176059,1.437774995
1484,1484,1808202.55444104,5879242.375124038,1.473054382
1485,1485,1808260.87526811,5879242.446316726,1.56363709
1486,1486,1808231.4991974,5879230.021492208,1.52215726
1487,1487,1808295.000631892,5879223.661846015,1.594053552
1488,1488,1808255.169983565,5879219.460809102,1.607063304
1489,1489,1808478.123354311,5879209.146290851,1.581090888
1490,1490,1808278.840713576,5879208.900056654,1.664043733
1491,1491,1809370.963221682,5879176.770901943,0.478075008
1492,1492,1808303.978254945,5879201.042983568,1.750248458
1493,1493,1808443.619506907,5879185.624419836,1.552267125
1494,1494,1808500.379010686,5879158.522437559,1.534588232
1495,1495,1808488.762871304,5879149.18726055,1.507640349
1496,1496,1808514.643940162,5879145.045017789,1.563577795
1497,1497,1808891.120098442,5879128.869171772,1.710783357
1498,1498,1808926.987830329,5879127.626739949,1.652522525
1499,1499,1809512.978894066,5879113.386104822,0.558450002
1500,1500,1808531.952494651,5879128.017994456,1.436392808
1501,1501,1808657.748939258,5879134.73910521,1.607697564
1502,1502,1808563.595181318,5879117.258544183,1.529642869
1503,1503,1808706.311518098,5879127.659689699,1.576168978
1504,1504,1808742.861811562,5879117.131365704,1.512385466
1505,1505,1808790.956785202,5879123.630698087,1.570560585
1506,1506,1808938.58355452,5879112.727903988,1.642301868
1507,1507,1808400.811390095,5879174.863721258,1.636834681
1508,1508,1808670.637442862,5879084.477283739,1.47365297
1509,1509,1808850.018548753,5879080.020424369,1.961175011
1510,1510,1808956.074550771,5879083.857643793,1.69434971
1511,1511,1808985.395087406,5879076.855642199,1.678407448
1512,1512,1808690.321093702,5879074.014344698,1.511675027
1513,1513,1809678.910047074,5879049.40197545,0.555675001
1514,1514,1808595.849640692,5879094.339918531,1.508416839
1515,1515,1808728.755413759,5879085.943645895,1.546385811
1516,1516,1808769.954159757,5879061.860683202,1.543368417
1517,1517,1809071.404352586,5879062.572604149,1.683513876
1518,1518,1809698.592520344,5879038.936600965,0.550784804
1519,1519,1808707.536102195,5879059.417685033,1.568110122
1520,1520,1808848.693915933,5879050.131058557,1.736314844
1521,1521,1808930.395746654,5879051.251415516,1.612831998
1522,1522,1808992.94557279,5879046.745513205,1.697037039
1523,1523,1808841.055014365,5879040.346837251,1.690387507
1524,1524,1808984.39335947,5879036.581526089,1.6589091
1525,1525,1808833.722216401,5879089.062890675,1.64626635
1526,1526,1809366.833214053,5879017.488905521,1.643072748
1527,1527,1808676.63086047,5879046.20227512,1.51675946
1528,1528,1808833.727329871,5879023.992085312,1.639012901
1529,1529,1808884.842845783,5879019.894558311,1.691018672
1530,1530,1808724.711527428,5879013.315573801,1.4119937
1531,1531,1809064.129027518,5879015.886932419,1.652035568
1532,1532,1808736.422528036,5879003.050553298,1.372936735
1533,1533,1809972.14890695,5878972.259656665,0.490049995
1534,1534,1809206.391020591,5878986.374605868,1.560301904
1535,1535,1808847.137166154,5878970.578274434,1.609035715
1536,1536,1808893.263553493,5878964.438671219,1.635701026
1537,1537,1809280.526012337,5878955.986611216,1.613629702
1538,1538,1809433.37584386,5878942.55689306,1.666798944
1539,1539,1809468.642960734,5878934.956864783,1.656330535
1540,1540,1809262.801464382,5878928.745752456,1.589170171
1541,1541,1809476.118296507,5878914.822184799,1.674399973
1542,1542,1808828.013195856,5878957.537046026,1.67884877
1543,1543,1809324.519231409,5878913.613467341,1.655424055
1544,1544,1808942.49532868,5878909.175958028,1.687631271
1545,1545,1809214.563242642,5878936.276187429,1.576502859
1546,1546,1809361.72321035,5878889.506597774,1.745969163
1547,1547,1809586.967303151,5878881.407968875,1.728735836
1548,1548,1808985.668255712,5878893.676880797,1.661000002
1549,1549,1809072.95684838,5878885.552202766,1.654436359
1550,1550,1809244.271484467,5878884.125044645,1.535816814
1551,1551,1809400.53667803,5878936.806537443,1.664765588
1552,1552,1809017.313346995,5878882.909064315,1.661422619
1553,1553,1809546.626525327,5878863.193167126,1.630891211
1554,1554,1809048.95756065,5878872.142582311,1.738482131
1555,1555,1809578.267148159,5878852.429795481,1.639669445
1556,1556,1810391.443399891,5878832.105742685,0.46265822
1557,1557,1809077.353671473,5878862.66486729,1.691620176
1558,1558,1809344.103823718,5878849.598650535,1.584887418
1559,1559,1809605.921547177,5878841.765743318,1.639934183
1560,1560,1809637.43766432,5878826.018176661,1.647053254
1561,1561,1809283.408144602,5878856.533042109,1.622712252
1562,1562,1809306.059514859,5878819.520354365,1.780145426
1563,1563,1809342.525567702,5878818.994919579,1.735046768
1564,1564,1809562.612881362,5878813.663912768,1.773654082
1565,1565,1809709.991630281,5878811.014379947,1.70293265
1566,1566,1809162.341681076,5878955.150536711,1.629138879
1567,1567,1809408.208262922,5878757.130034667,1.638631559
1568,1568,1809335.515754253,5878766.523722781,1.591066907
1569,1569,1809419.577041204,5878726.72289565,1.674114997
1570,1570,1809447.106931248,5878711.075399672,1.622693753
1571,1571,1809470.209166893,5878695.785092851,1.600761195
1572,1572,1809494.300416345,5878684.236035007,1.685038413
1573,1573,1809502.042113358,5878674.796108601,1.568325037
1574,1574,1809684.119756129,5878707.046968132,1.60325031
1575,1575,1809709.317730774,5878669.624641998,1.557237525
1576,1576,1809756.9947468,5878673.421476735,1.546205096
1577,1577,1809517.737794515,5878664.43052766,1.469162519
1578,1578,1809589.082396912,5878652.878076137,1.622799949
1579,1579,1809545.391609385,5878653.766641465,1.610924707
1580,1580,1812713.815251057,5878554.190733338,0.627550008
1581,1581,1809592.179727478,5878627.341066128,1.625364592
1582,1582,1809783.559601841,5878607.926004547,1.617679277
1583,1583,1809815.012932617,5878607.802859468,1.587287033
1584,1584,1809834.88020826,5878586.695927452,1.57805856
1585,1585,1809737.092107237,5878629.862635329,1.634955079
1586,1586,1809659.494728443,5878591.074732204,1.65061649
1587,1587,1810192.45884164,5878507.937336586,1.524519985
1588,1588,1809837.002440179,5878541.085881708,1.49496428
1589,1589,1810175.416574284,5878487.688018608,1.512075485
1590,1590,1809983.528534175,5878488.752837441,1.468229374
1591,1591,1810156.079108899,5878462.255728552,1.49551337
1592,1592,1809810.973363848,5878507.106929023,1.668044335
1593,1593,1809956.196475403,5878502.263432981,1.485505054
1594,1594,1810040.219950839,5878482.323610665,1.530112348
1595,1595,1809944.035729366,5878430.42934345,1.477112037
1596,1596,1810052.131189279,5878412.241382172,1.494983633
1597,1597,1810002.017096847,5878413.941131808,1.383656744
1598,1598,1809977.878657624,5878403.587394357,1.599298894
1599,1599,1810018.920877133,5878396.836877232,1.508690469
1600,1600,1809995.040682578,5878380.4566942,1.174160986
1601,1601,1810033.369272304,5878372.861966728,1.566398188
1602,1602,1810103.47636878,5878377.141359103,1.146521096
1603,1603,1810264.109852992,5878366.154500346,1.542081784
1604,1604,1810004.783530167,5878363.01802389,0.896674995
1605,1605,1810247.274435541,5878349.994827627,1.510714615
1606,1606,1810012.38158294,5878347.866770187,0.83103144
1607,1607,1810287.921649889,5878341.206209921,1.52143456
1608,1608,1810019.979606378,5878332.715502282,0.672500005
1609,1609,1810027.702213794,5878322.548215512,1.366518998
1610,1610,1810051.212573576,5878312.187453489,0.442071439
1611,1611,1810162.81800726,5878309.395946074,1.195148129
1612,1612,1810035.175564806,5878302.41294714,0.585025315
1613,1613,1810237.832238545,5878319.975206992,1.48290552
1614,1614,1811119.342443298,5878275.234608402,1.463999988
1615,1615,1810202.549281476,5878294.783209943,1.292702779
1616,1616,1810071.809005678,5878291.345066182,1.48744107
1617,1617,1810233.971803393,5878277.491485043,1.241265804
1618,1618,1811182.615842153,5878253.695520652,1.537278504
1619,1619,1810249.790637173,5878272.108452915,1.425250003
1620,1620,1810265.60945242,5878266.725384284,1.800911381
1621,1621,1810002.291540924,5878263.338295978,1.784150007
1622,1622,1810273.331710538,5878256.557855429,1.312265807
1623,1623,1810289.15048362,5878251.174746274,1.43295624
1624,1624,1811104.612644961,5878243.88895498,1.337424596
1625,1625,1810304.844457034,5878240.807613418,1.411743757
1626,1626,1815910.182738992,5878094.35095693,1.89343128
1627,1627,1810325.465479621,5878232.533572377,1.563034471
1628,1628,1815849.287711685,5878085.785471593,1.927411218
1629,1629,1810344.204030592,5878219.873635779,1.433862507
1630,1630,1810364.008564327,5878214.39055963,1.502119499
1631,1631,1810383.937904085,5878213.891435427,1.643299982
1632,1632,1810503.358115274,5878211.100886363,1.594277784
1633,1633,1810399.756537941,5878208.508111256,1.434630589
1634,1634,1810487.19581283,5878196.34323734,1.347174997
1635,1635,1810510.986079268,5878190.759930537,1.345800019
1636,1636,1811659.496402016,5878161.898140137,1.60739211
1637,1637,1811733.439778409,5878166.515300007,1.562348574
1638,1638,1815612.759668891,5878061.55312079,1.964963646
1639,1639,1810566.663179971,5878184.377281473,1.489297445
1640,1640,1811295.515505231,5878161.749951767,1.548240712
1641,1641,1815524.81399462,5878053.835505983,1.897418141
1642,1642,1810654.102078773,5878172.210649615,1.467412501
1643,1643,1810669.920493847,5878166.82680001,1.271675
1644,1644,1810738.697531724,5878161.426145094,1.542328068
1645,1645,1811131.873137593,5878145.455119823,1.480185178
1646,1646,1811378.995970713,5878139.239909956,1.555363618
1647,1647,1811551.866444064,5878137.965855735,1.660754018
1648,1648,1811937.752850707,5878124.958877929,1.626200027
1649,1649,1815364.866876269,5878037.988759217,1.786754345
1650,1650,1810802.220984613,5878149.857916407,1.076978827
1651,1651,1810820.882517391,5878143.090706198,1.354074994
1652,1652,1811498.050505335,5878144.003247053,1.606772892
1653,1653,1811570.065893896,5878124.455124866,1.576055525
1654,1654,1811604.602966905,5878131.26092317,1.586090472
1655,1655,1815273.527060247,5878030.738716057,1.913425915
1656,1656,1810855.21201219,5878149.332316011,1.442177715
1657,1657,1810940.373452022,5878130.31782336,1.579446441
1658,1658,1811994.836987037,5878117.276253373,1.62454666
1659,1659,1815209.497532936,5878022.404864725,1.60070647
1660,1660,1810979.659706578,5878119.356854358,1.636407419
1661,1661,1811427.898334659,5878134.730721234,1.63984482
1662,1662,1811450.162661181,5878108.051717426,1.569061248
1663,1663,1811466.243544545,5878106.718286521,1.692925888
1664,1664,1811522.856448173,5878105.290914562,1.581604095
1665,1665,1811585.788475977,5878108.896289038,1.633999982
1666,1666,1812028.100316248,5878093.106328259,1.586750019
1667,1667,1815053.547438927,5878016.762115111,1.634132474
1668,1668,1815145.468165848,5878014.070531181,1.626759287
1669,1669,1810920.207747514,5878118.836131421,1.606645932
1670,1670,1811561.213717578,5878101.728445985,1.608827205
1671,1671,1814215.91554058,5878027.471033609,1.57172222
1672,1672,1814582.897837697,5878022.889686456,1.076281238
1673,1673,1814977.806419059,5878008.38875016,1.619247652
1674,1674,1812089.381861055,5878079.771186576,1.580625484
1675,1675,1812217.519219419,5878074.39585594,1.600741597
1676,1676,1814188.351372387,5878018.582553928,1.614249972
1677,1677,1814614.530061329,5878012.10693456,1.108817615
1678,1678,1814793.331776873,5878003.211535032,1.685118159
1679,1679,1814826.088573848,5878002.295876971,1.658113175
1680,1680,1814870.782981901,5878001.308492506,1.61842236
1681,1681,1815024.946297525,5877996.623042976,0.865295606
1682,1682,1811123.838929389,5878086.350247121,1.604360267
1683,1683,1811626.131784135,5878092.706021569,1.634722802
1684,1684,1811697.015998832,5878109.609059668,1.617995943
1685,1685,1814776.457995427,5877996.27896066,1.689634286
1686,1686,1811010.700576896,5878078.47866737,1.17383543
1687,1687,1811408.773714905,5878069.702726885,1.702834307
1688,1688,1811509.363032033,5878066.52103426,1.627056095
1689,1689,1811648.450021145,5878063.160380471,1.556539998
1690,1690,1811742.178277659,5878071.407404994,1.653393323
1691,1691,1811775.334869853,5878080.970503451,1.698436944
1692,1692,1811943.853630756,5878060.283269344,1.604733608
1693,1693,1814159.351048463,5877998.989789466,1.695481466
1694,1694,1814817.171642861,5877981.990249683,1.071874475
1695,1695,1811821.277865248,5878061.687156112,1.635636577
1696,1696,1814015.606675657,5877992.67906362,1.63212502
1697,1697,1814167.224330365,5877988.613184662,0.37935
1698,1698,1814702.923447018,5877982.664405919,1.791805451
1699,1699,1811042.211435145,5878062.725568249,1.357250008
1700,1700,1811482.118500397,5878054.401309575,1.049041791
1701,1701,1811508.425934073,5878046.01154023,0.737417721
1702,1702,1811528.354992713,5878045.509682316,1.076708865
1703,1703,1811623.996174417,5878042.373256655,1.543943434
1704,1704,1813964.127872325,5877984.399181851,1.718622656
1705,1705,1814039.267694828,5877982.101612234,1.638618144
1706,1706,1811110.658501792,5878143.373989328,1.509930181
1707,1707,1811544.172715907,5878040.124157676,1.035349982
1708,1708,1813916.044002069,5877975.649396692,1.704287021
1709,1709,1813999.311148338,5877972.943878734,0.957450002
1710,1710,1811604.013888434,5878031.817125927,1.173376181
1711,1711,1811730.694067701,5878021.125286462,1.718972468
1712,1712,1812061.95076545,5878012.10612335,1.707691672
1713,1713,1813879.326704691,5877966.226780885,1.58946292
1714,1714,1814015.127471367,5877967.553628556,0.950696196
1715,1715,1814030.943775999,5877962.163341864,1.038887506
1716,1716,1811648.702583975,5878021.094313312,0.997586865
1717,1717,1812108.58668555,5878004.960820744,1.706448834
1718,1718,1812188.342298048,5877998.936996461,1.535766836
1719,1719,1813816.740711606,5877958.384691482,1.613913075
1720,1720,1814046.633049435,5877951.788994622,0.641887497
1721,1721,1814094.307133509,5877950.775244774,1.635571388
1722,1722,1811707.142391242,5878009.269718326,1.033029191
1723,1723,1812228.695161327,5877988.147154375,1.725321446
1724,1724,1813765.391020049,5877951.892629522,1.685467466
1725,1725,1814062.322285015,5877941.414616239,0.345850001
1726,1726,1814133.91121055,5877939.791112815,1.457482171
1727,1727,1811748.881441995,5877998.433739346,0.84855703
1728,1728,1813715.738088175,5877940.850387054,1.602666699
1729,1729,1814078.011482737,5877931.040206707,0.350400002
1730,1730,1814117.713835151,5877930.22949432,1.694963611
1731,1731,1811823.390429948,5877985.955699306,0.942752263
1732,1732,1811849.6973767,5877977.564836874,0.702723266
1733,1733,1812019.319940757,5878009.209146912,1.627655219
1734,1734,1812092.830404422,5877971.428934005,1.58134175
1735,1735,1813664.518924333,5877932.334823634,1.672075509
1736,1736,1813738.964032957,5877929.700421625,1.302496862
1737,1737,1814093.700642601,5877920.665766032,0.516224994
1738,1738,1811878.940037886,5877974.58024133,1.048448481
1739,1739,1811901.261122491,5877966.289760284,0.723074995
1740,1740,1813619.571669452,5877923.347747684,1.689485999
1741,1741,1814101.418161496,5877910.494500381,0.265025973
1742,1742,1811917.078501797,5877960.90351639,1.107006258
1743,1743,1813552.409579289,5877915.236984011,1.650606255
1744,1744,1814117.107254833,5877900.120012748,0.306724998
1745,1745,1811940.741654304,5877950.332083763,1.053484291
1746,1746,1811956.558982501,5877944.94575722,0.832860757
1747,1747,1812154.840702476,5878033.057184282,1.625167911
1748,1748,1812204.054735796,5877953.658061843,1.606884465
1749,1749,1813499.491001433,5877906.451952458,1.629333317
1750,1750,1811972.376292198,5877939.559405803,1.149286629
1751,1751,1813462.77459168,5877897.027549912,1.592836391
1752,1752,1813522.717091804,5877895.302592439,1.646787502
1753,1753,1811997.507238353,5877931.69096226,1.021307463
1754,1754,1812029.141745935,5877920.918064157,1.069618177
1755,1755,1812274.831126074,5877907.186144476,1.570381813
1756,1756,1812056.264137815,5877909.735282427,1.047279668
1757,1757,1812266.275749662,5877897.025358306,1.578925927
1758,1758,1813382.299234662,5877869.148981245,1.570648151
1759,1759,1812084.439030826,5877899.573191186,0.981914195
1760,1760,1813341.049015333,5877860.93020058,1.560193953
1761,1761,1812116.073325209,5877888.799955248,0.985818181
1762,1762,1812138.393984215,5877880.508823317,1.158623381
1763,1763,1813322.596862781,5877849.852900975,1.655155978
1764,1764,1812146.113699744,5877870.339454717,0.584724999
1765,1765,1812161.930768036,5877864.95273459,1.125924994
1766,1766,1812203.054732325,5877866.760624173,1.648774301
1767,1767,1813269.685328476,5877832.11133815,1.615999997
1768,1768,1812177.496001902,5877849.597952018,0.659205127
1769,1769,1813245.517762654,5877822.750502352,1.642892833
1770,1770,1812193.31301395,5877844.21117009,1.142289292
1771,1771,1813229.321728419,5877813.18722465,1.621111095
1772,1772,1812208.878152627,5877828.856324765,0.805874999
1773,1773,1813197.338579985,5877803.823360522,1.638091671
1774,1774,1812224.569171203,5877818.485464432,1.34573684
1775,1775,1813177.591620888,5877793.687762695,1.624715589
1776,1776,1812232.288724075,5877808.316008736,0.702150007
1777,1777,1813149.003852267,5877785.101219059,1.632583349
1778,1778,1812240.008257613,5877798.146544985,0.578899996
1779,1779,1813129.257001051,5877774.965511882,1.62327778
1780,1780,1812255.699180999,5877787.775621898,0.912425003
1781,1781,1813101.95441994,5877767.086494553,1.57966248
1782,1782,1812438.110074484,5877723.317249773,1.490788421
1783,1783,1813001.978580051,5877649.188819147,1.525625014
1784,1784,1812511.787118094,5877633.57972292,1.503669127
1785,1785,1812498.359359422,5877611.873169878,1.535303554
1786,1786,1812952.12867979,5877570.657330975,1.169100007
1787,1787,1812545.362142426,5877571.714669669,1.466500039
1788,1788,1812572.738455816,5877570.507249281,1.470015897
1789,1789,1812927.962253737,5877561.295626973,1.701024973
1790,1790,1812935.680735914,5877551.125473955,1.455949998
1791,1791,1812433.242457409,5877553.875368892,1.15778748
1792,1792,1812898.793592127,5877579.883500287,1.656263191
1793,1793,1812448.428355603,5877523.567978966,0.677051284
1794,1794,1812878.201562526,5877507.132678119,1.699222252
1795,1795,1812902.532366087,5877502.09362543,0.999556968
1796,1796,1812455.061768892,5877493.476919203,0.892880004
1797,1797,1812506.733323607,5877533.042154497,1.546207547
1798,1798,1812869.228588348,5877453.266914456,1.701327313
1799,1799,1812816.851543811,5877508.218295628,1.564431915
1800,1800,1812877.10280194,5877442.891557554,0.16037499
1801,1801,1812753.25115529,5877426.308323949,1.462537635
1802,1802,1812859.994163644,5877403.628730169,1.595999988
1803,1803,1812389.352873319,5877395.394872122,0.460189875
1804,1804,1812851.012476428,5877363.958584065,1.652666673
1805,1805,1812372.654528592,5877365.893944437,0.399162497
1806,1806,1812792.13662802,5877390.079210954,1.540824411
1807,1807,1812858.886617246,5877353.583240212,0.096299999
1808,1808,1812851.244158374,5877343.802501698,1.455690918
1809,1809,1812842.030856765,5877324.288429794,1.748599993
1810,1810,1812636.510874341,5877326.38304771,1.570888621
1811,1811,1812339.258167824,5877306.892001107,1.150675
1812,1812,1812625.804507131,5877289.868337514,1.488285695
1813,1813,1812785.37934821,5877285.625023273,0.286582274
1814,1814,1812460.986173784,5877284.267926395,1.534478647
1815,1815,1812428.506398539,5877314.504475324,1.564078773
1816,1816,1812805.24501234,5877320.564797348,1.486103136
1817,1817,1812453.400477745,5877264.111463442,1.52596642
1818,1818,1812408.210147381,5877237.741771495,1.509950284
1819,1819,1812815.494801153,5877215.040712229,1.4730506
1820,1820,1812823.368826385,5877204.665393158,1.556545435
1821,1821,1812320.795890639,5877207.614725777,1.227787514
1822,1822,1812436.30415045,5877185.328930449,1.475433947
1823,1823,1812729.630246221,5877183.96823898,1.292408334
1824,1824,1812815.161292432,5877180.286372032,1.574743383
1825,1825,1812364.404522097,5877221.098807022,1.561005889
1826,1826,1812455.525556562,5877173.556473477,1.312150962
1827,1827,1812754.882217574,5877174.86631136,1.110939451
1828,1828,1812774.377461314,5877166.210431826,0.602124994
1829,1829,1812424.499351705,5877168.834681544,1.412522903
1830,1830,1812789.796931272,5877156.435769847,0.242070424
1831,1831,1812319.517310273,5877157.04769974,0.390300008
1832,1832,1812702.943158806,5877238.695307682,1.528420927
1833,1833,1812255.517217093,5877149.418592859,1.035525653
1834,1834,1812391.020890498,5877145.992304686,-0.331154172
1835,1835,1812239.3236634,5877139.853504134,1.494800027
1836,1836,1812231.100931305,5877130.08693034,1.509987479
1837,1837,1812581.815551599,5877121.215393671,1.262600011
1838,1838,1812234.582434648,5877110.050124307,1.648063284
1839,1839,1812391.297278205,5877106.827932479,1.479718717
1840,1840,1812512.645973037,5877103.017375771,1.42979261
1841,1841,1812557.398526182,5877101.88464928,1.188025335
1842,1842,1812530.01126723,5877192.537058789,1.415168891
1843,1843,1812301.411907908,5877078.236187204,1.43024079
1844,1844,1812322.709870631,5877091.729998553,1.079430872
1845,1845,1812285.724224792,5877041.639809772,0.787879117
1846,1846,1812275.74586665,5877009.466821991,0.362870361
1847,1847,1812172.031059078,5877001.912480681,1.626291665
1848,1848,1812115.732817866,5876983.386089476,1.976699986
1849,1849,1812219.680398836,5876970.785096081,-0.349999994
1850,1850,1812257.74894982,5876977.550261291,0.722145398
1851,1851,1812242.759136795,5876960.227350672,1.260400013
1852,1852,1812232.228961416,5876938.051109856,0.409133333
1853,1853,1812097.273559714,5876884.108422844,1.632887505
1854,1854,1812104.866388682,5876868.955023904,1.427831268
1855,1855,1812152.892955636,5876852.780039612,1.463583353
1856,1856,1812118.159993043,5876850.90424092,1.426862531
1857,1857,1812133.597325969,5876830.565422219,1.593556623
1858,1858,1812142.752634247,5876813.138647038,1.511357109
1859,1859,1812045.422329181,5876725.827750485,1.456873461
1860,1860,1812044.415316853,5876685.95559805,1.451075939
1861,1861,1812052.008025052,5876670.802238883,1.535850028
1862,1862,1812069.978391271,5876644.006677201,1.623226187
1863,1863,1812088.205110284,5876612.275366738,1.655855762
1864,1864,1812039.380129794,5876486.594805808,1.6628481
1865,1865,1812022.936308511,5876467.061317105,1.614749987
1866,1866,1812023.316859849,5876437.6826424,1.605653882
1867,1867,1812044.328969423,5876366.777000686,1.640133898
1868,1868,1812056.586916622,5876360.538100446,1.0995
