OID,FID_,X,Y,BCE_Kawhia
0,0,1762954.256107278,5788217.504493834,0.398721519
1,1,1762975.782066855,5788205.033436585,1.044393402
2,2,1762926.086579347,5788178.774326963,0.694750006
3,3,1763004.035019478,5788182.603997137,1.4991114
4,4,1761687.210102931,5788156.921526959,1.071634335
5,5,1762983.908523044,5788127.274749265,1.201363633
6,6,1761675.1230777,5788143.963293894,1.076901936
7,7,1762841.893026028,5788120.025438873,0.492099997
8,8,1761690.631346692,5788133.015704583,3.075256459
9,9,1762967.93241792,5788112.521971082,1.136708871
10,10,1761671.610544482,5788119.071580921,1.675890375
11,11,1761666.07935111,5788093.745929443,1.242552666
12,12,1762892.170832322,5788049.799644175,0.713428582
13,13,1761583.406653488,5788085.568646961,1.056596965
14,14,1761515.457438808,5788026.191749312,0.718045456
15,15,1761530.465194167,5788016.666498217,1.859527773
16,16,1761513.33131161,5788003.756873993,1.066598236
17,17,1761496.948124641,5787937.349258581,0.756847823
18,18,1761481.558663611,5787927.681750642,0.586946661
19,19,1762751.351631968,5787892.640754052,1.7912857
20,20,1761588.721791881,5787878.825664782,1.0724612
21,21,1761614.152182766,5787845.069814062,0.900309076
22,22,1761217.969985198,5787753.231385032,1.084871806
23,23,1761161.415596002,5787740.842575087,1.259756274
24,24,1761209.594746861,5787734.344893514,1.010444456
25,25,1762943.686393668,5787688.455782391,0.770452824
26,26,1761124.285221807,5787715.965650005,1.125114903
27,27,1761502.915972742,5787704.127947041,0.722771276
28,28,1761547.953882088,5787696.278505542,0.940282999
29,29,1762927.699226025,5787669.765456531,0.758685179
30,30,1761098.441574646,5787696.652108389,1.134784327
31,31,1761563.708790073,5787686.935948875,0.862394356
32,32,1762675.817177303,5787665.578150612,0.531147541
33,33,1762683.596221188,5787655.581491589,0.441155164
34,34,1761579.19457035,5787666.830673816,0.925657536
35,35,1761727.082921483,5787662.72991573,0.992664923
36,36,1762706.129849525,5787634.24914851,1.040116877
37,37,1761601.666785854,5787646.180573662,0.816673484
38,38,1761720.986105134,5787643.714522963,0.957891285
39,39,1761618.257341512,5787606.641150623,0.852192298
40,40,1761625.449818558,5787596.50411063,0.862338455
41,41,1762925.389719915,5787570.088398285,0.745000007
42,42,1761041.290453448,5787598.059265671,1.305106363
43,43,1761640.736255744,5787576.155804333,0.797515168
44,44,1760504.621054854,5787577.268636339,1.04360784
45,45,1760512.224143406,5787562.887881292,1.019374991
46,46,1760519.967906854,5787547.569449927,0.987254537
47,47,1760555.713870966,5787547.657812901,0.952292444
48,48,1761670.165737464,5787525.055779288,0.962480001
49,49,1762687.664753043,5787504.828903531,0.722974996
50,50,1762695.528335924,5787495.010619017,2.671293329
51,51,1762758.406600132,5787493.436513508,0.244552176
52,52,1762713.733469895,5787491.148206297,1.243402364
53,53,1760820.231434731,5787567.108504819,1.393616928
54,54,1761678.251586303,5787495.191983782,0.950426675
55,55,1762735.770296715,5787481.83493126,1.294523663
56,56,1762761.950221794,5787473.421168022,1.460284804
57,57,1761686.038848297,5787486.186945227,0.97293334
58,58,1762773.753795585,5787463.473319118,1.810472216
59,59,1760971.908334277,5787479.035584902,1.020362496
60,60,1763198.706640211,5787434.982944723,0.823767856
61,61,1760952.018416815,5787470.183125381,1.107104167
62,62,1761424.413133676,5787435.408467132,2.053761595
63,63,1761408.076526048,5787410.788514923,2.461685194
64,64,1760464.051148009,5787409.267346132,0.930755567
65,65,1762803.118140342,5787362.903805588,0.611700018
66,66,1763217.049820544,5787387.45998546,1.012258127
67,67,1760453.414044871,5787379.560160399,1.004552641
68,68,1760819.408745262,5787379.089375574,1.084023316
69,69,1763107.966399842,5787337.636352232,0.316086594
70,70,1763145.427968754,5787326.145279779,0.668777775
71,71,1760794.207170482,5787370.548510282,1.735847874
72,72,1760997.137174604,5787358.871138768,1.266125004
73,73,1763062.458010935,5787317.832784819,0.176851353
74,74,1763196.644568696,5787322.558225826,1.132747842
75,75,1765578.634114671,5787266.076483721,1.380604644
76,76,1760816.180883811,5787352.986671291,1.171014723
77,77,1760941.495621663,5787369.244746231,1.28337974
78,78,1765569.28479779,5787246.897410797,1.381577443
79,79,1760823.697019808,5787339.889229683,1.700118167
80,80,1760460.337646843,5787329.58863423,1.079717982
81,81,1760471.869996136,5787357.049159904,1.013598424
82,82,1762832.703234032,5787272.770094704,0.715072725
83,83,1760468.068328392,5787309.73838352,1.085093368
84,84,1760491.300159953,5787309.217164955,0.956148127
85,85,1765552.847063269,5787207.382228344,1.67192187
86,86,1760474.918547562,5787299.359645238,1.063979151
87,87,1762863.991449395,5787251.992839494,0.746950004
88,88,1760494.997282772,5787288.641718125,1.043709098
89,89,1760971.914245761,5787279.59148107,0.956347279
90,90,1762830.455746513,5787250.869474097,1.075732955
91,91,1765567.813607086,5787197.540790927,1.021277786
92,92,1760483.038815165,5787279.319259954,1.172050651
93,93,1762848.092463329,5787238.106977366,1.191109591
94,94,1762863.687307825,5787228.266920665,0.770947381
95,95,1765204.595317518,5787174.990063859,1.039610396
96,96,1765244.164450102,5787173.980802256,0.93864813
97,97,1760503.91600729,5787269.397574794,1.067144871
98,98,1762879.446757211,5787213.392832537,0.710462977
99,99,1765219.584249887,5787164.714174426,0.856054529
100,100,1765629.911839959,5787156.597404276,0.909074071
101,101,1762895.10094657,5787203.565861885,0.662714271
102,102,1763060.06594652,5787198.212605572,-0.097249995
103,103,1765204.191401179,5787155.053582011,0.826900027
104,104,1765393.379289676,5787151.218340168,0.897769234
105,105,1765637.901937896,5787146.047075981,0.901648141
106,106,1760473.727740051,5787209.63355366,0.967650001
107,107,1764470.083525457,5787120.031781387,0.690199993
108,108,1760461.511314071,5787189.929624564,0.880960013
109,109,1764619.500022891,5787107.251895255,0.897037037
110,110,1765604.846110604,5787087.299009372,0.817490901
111,111,1765577.636402559,5787078.255658302,0.79952883
112,112,1764414.301128384,5787091.23949886,0.468875002
113,113,1764560.79275488,5787104.13983289,0.893591682
114,114,1764653.65183808,5787088.689351533,0.666067427
115,115,1765029.256065006,5787083.802509968,0.50023899
116,116,1763140.036116522,5787056.649640476,0.59333332
117,117,1762950.819981951,5787004.105207209,0.625460962
118,118,1765448.738881508,5786901.19821884,0.750107682
119,119,1762912.997055347,5786941.871744987,-0.535499996
120,120,1764174.029278564,5786921.563642922,0.313938594
121,121,1765419.497620332,5786891.611245833,0.708418188
122,122,1765455.846753552,5786881.893467839,1.251065566
123,123,1765475.115317285,5786871.864630825,1.170906979
124,124,1763022.59986615,5786909.971773777,0.779981476
125,125,1765490.328701569,5786860.573148863,1.424042884
126,126,1760383.417093191,5786968.800989001,0.99717525
127,127,1761509.115132306,5786929.912857739,1.847825032
128,128,1760413.517589428,5786943.479176586,1.273039208
129,129,1763014.97881317,5786890.786270188,1.032912278
130,130,1765371.143761948,5786832.549706288,0.65770884
131,131,1762930.449489762,5786897.454223503,0.795273584
132,132,1763092.744952557,5786868.67957298,1.397446432
133,133,1765355.176505655,5786822.900809085,0.638299983
134,134,1765331.171998237,5786813.623141996,0.605678557
135,135,1761491.852009495,5786880.853798705,3.320194017
136,136,1767467.063892412,5786749.150675615,-0.108816309
137,137,1767474.756564209,5786739.747201275,1.166225008
138,138,1765058.79908782,5786769.656063088,0.247084112
139,139,1765224.330562931,5786766.303159649,0.609333318
140,140,1765203.980202311,5786755.431581991,0.702603764
141,141,1767284.963001103,5786713.725803736,-0.152312505
142,142,1762941.384021844,5786791.927251191,0.152962266
143,143,1763076.42629308,5786789.732482529,0.6453158
144,144,1767278.485052424,5786704.128151254,0.0584375
145,145,1761450.99448259,5786811.396778288,0.842914872
146,146,1763083.369229208,5786779.071216954,0.83135525
147,147,1767284.553925731,5786693.788960703,-0.076186662
148,148,1767297.401157754,5786700.727789406,-0.058142242
149,149,1767450.837677839,5786692.024471682,-0.039981594
150,150,1763986.426224917,5786754.811128789,0.584966578
151,151,1767318.461161725,5786680.904399992,0.483777468
152,152,1767427.124538509,5786671.516820437,-0.12405455
153,153,1763973.332947259,5786731.140516001,0.545675008
154,154,1764968.212571583,5786712.122156383,0.336976853
155,155,1767339.117249767,5786662.751347696,0.463374996
156,156,1767434.53138081,5786662.212458286,-0.317326906
157,157,1764946.605636366,5786701.53510893,0.289248366
158,158,1767346.795053476,5786652.621130128,0.681600002
159,159,1767449.355794503,5786650.630557572,0.187831174
160,160,1767469.395240911,5786650.110044232,-0.397848745
161,161,1764970.372723622,5786692.403590297,0.620396557
162,162,1763949.084482786,5786701.710862184,0.376550001
163,163,1767346.181200851,5786622.715859904,0.83872499
164,164,1760442.814137349,5786751.466293165,1.300421012
165,165,1763917.154024229,5786682.408245686,0.137562498
166,166,1764901.512698232,5786677.368345345,0.236698224
167,167,1760462.837828207,5786753.191715312,1.170841933
168,168,1760472.515578217,5786741.507379602,1.600217415
169,169,1767439.746115711,5786570.931592641,-0.109744771
170,170,1767347.282958139,5786552.958487812,1.599291322
171,171,1767446.919850717,5786546.561730318,0.722027028
172,172,1760475.125156146,5786670.992604475,0.792656058
173,173,1760504.710090828,5786670.525994643,0.729606732
174,174,1760466.148999737,5786653.757282715,2.409179354
175,175,1767340.421840986,5786512.459977737,1.494527778
176,176,1760498.972797604,5786648.046122911,1.2781405
177,177,1760525.79447585,5786631.135038033,1.108526315
178,178,1762683.9277116,5786610.235634306,0.90793364
179,179,1767382.947337438,5786493.044107869,0.845875004
180,180,1767426.837680834,5786519.99089899,-0.29535828
181,181,1760541.42497364,5786621.314174199,0.990035082
182,182,1763701.528862566,5786547.127306067,0.217148649
183,183,1763744.880918157,5786546.256666969,-0.035593749
184,184,1763701.128527015,5786527.190562055,0.013941667
185,185,1767271.762663972,5786454.708254416,-0.182475004
186,186,1767216.179226178,5786435.902292283,1.194625002
187,187,1767271.338683633,5786434.044823092,-0.81400001
188,188,1767409.515021648,5786422.547322018,-0.431716986
189,189,1767220.133156191,5786415.883657131,-0.697637941
190,190,1767239.415806034,5786415.481707684,-0.81400001
191,191,1767373.258029782,5786412.942608126,0.04590566
192,192,1767207.478168346,5786396.191606657,-0.81400001
193,193,1767336.150157634,5786399.166009741,0.296658164
194,194,1767177.435637048,5786385.82859417,0.502975597
195,195,1767475.379285303,5786380.873319075,-0.58119481
196,196,1767313.405824067,5786382.489753152,0.434461683
197,197,1767498.877886161,5786360.925325039,-0.719766665
198,198,1766929.15314688,5786282.224401194,0.675174988
199,199,1766952.799265321,5786281.740141661,0.715581592
200,200,1766976.086370403,5786271.498335185,0.706444442
201,201,1766948.44959873,5786261.8836967,0.569267743
202,202,1765785.447511191,5786265.674244513,0.734621632
203,203,1767085.976649153,5786239.121047312,-0.610650009
204,204,1765802.060207207,5786248.786935923,0.644834286
205,205,1766738.760834292,5786226.285444704,2.543112498
206,206,1765363.154823886,5786244.334520009,0.558855347
207,207,1766723.490721365,5786216.033737787,2.342687512
208,208,1765390.554150802,5786234.533313294,0.355370364
209,209,1765883.046171223,5786226.310323397,0.733236504
210,210,1766746.22012062,5786205.460512292,0.689596177
211,211,1765310.740944969,5786215.480129137,0.604433973
212,212,1765327.07951331,5786215.148772141,0.453400003
213,213,1765904.844273649,5786203.517559649,0.753141191
214,214,1765129.674677591,5786209.385370324,0.142592591
215,215,1765294.291710533,5786145.798461834,0.302018185
216,216,1767182.271478625,5786108.086960474,0.405314286
217,217,1767108.028622885,5786099.779555416,0.411433114
218,218,1766921.766268746,5786092.220974391,-0.81400001
219,219,1767059.165754798,5786089.057506861,0.435647996
220,220,1767161.893635199,5786088.183075235,0.626240724
221,221,1765285.214680671,5786120.687699405,0.158522936
222,222,1767138.459002933,5786080.757862275,0.535550007
223,223,1767043.216300497,5786072.850998675,0.382675001
224,224,1767153.586669988,5786070.733938676,1.325812496
225,225,1762518.338871883,5786132.018315581,0.121175003
226,226,1762045.235714225,5786131.464960357,1.277797481
227,227,1767341.785171603,5786024.448388556,1.582734163
228,228,1760492.339069808,5786152.216129268,0.836975019
229,229,1761998.019135391,5786122.430874453,0.870314275
230,230,1762021.204450096,5786129.033663924,0.90977848
231,231,1762056.293887465,5786121.507679003,3.192468082
232,232,1767286.401255763,5786039.297533643,0.426719367
233,233,1767246.794466697,5786006.452745548,0.435455696
234,234,1760491.946576617,5786132.279288329,0.84102501
235,235,1762020.897073683,5786097.045756298,1.165650001
236,236,1760499.25670949,5786117.177256373,0.825654546
237,237,1765984.118676582,5785952.737017191,0.529641506
238,238,1760498.536833008,5786057.984378778,0.626661149
239,239,1762311.031341484,5786016.481276575,0.413166668
240,240,1762374.069940201,5786014.498584287,-0.225727263
241,241,1765976.001866293,5785942.674972859,0.515774997
242,242,1762325.150141781,5785999.579592812,-0.033379084
243,243,1762284.883017485,5785977.644354566,0.049248554
244,244,1766424.531312744,5785893.748364973,0.998999997
245,245,1766440.003364066,5785883.350909538,0.748525006
246,246,1762252.95976583,5785958.335283356,0.153463689
247,247,1762230.6277467,5785938.303552052,-0.115051284
248,248,1762214.666244907,5785928.648929331,0.042800004
249,249,1761610.739961907,5785890.784514217,-0.136197451
250,250,1766792.686373938,5785786.595697756,0.631018524
251,251,1766738.733265296,5785778.246433394,0.513815286
252,252,1766273.641414788,5785775.904790715,1.992238094
253,253,1766704.451566415,5785769.156884228,0.4186319
254,254,1766681.887842907,5785758.736807665,0.373627615
255,255,1766257.38674494,5785747.0669749,1.067375007
256,256,1766657.596891173,5785743.903855542,0.341255905
257,257,1762141.55097591,5785820.408453112,-0.147824328
258,258,1766279.320094312,5785737.042036032,0.529925011
259,259,1766633.987277941,5785729.798509595,0.2929
260,260,1766625.901985604,5785719.99121982,0.367649995
261,261,1762101.35074086,5785781.318895435,0.213474998
262,262,1766617.307240485,5785685.262862757,2.932393262
263,263,1760382.437413628,5785776.163368891,0.548673467
264,264,1760437.790288887,5785865.608648397,0.544168072
265,265,1760382.016488384,5785754.772997158,0.473379999
266,266,1765852.063031722,5785636.049634436,0.304187498
267,267,1766529.725642649,5785626.344444132,0.534448916
268,268,1766469.472629549,5785613.698127928,0.351299148
269,269,1766446.553142571,5785604.569265493,0.240663548
270,270,1766509.176537637,5785602.705733094,0.721712501
271,271,1766532.5391172,5785602.525284571,1.158989599
272,272,1760359.124550195,5785727.991039047,0.457148745
273,273,1766568.776983325,5785592.492587847,0.851883338
274,274,1766575.837890267,5785584.146113309,1.317714282
275,275,1760336.685682887,5785699.328742062,0.403606194
276,276,1760301.649062097,5785677.303759213,0.386873422
277,277,1760321.358355405,5785678.987979998,0.376931702
278,278,1766169.261552509,5785559.780540094,0.120506252
279,279,1760275.691927842,5785660.362694346,0.355333332
280,280,1760198.409244965,5785639.444439157,0.369368431
281,281,1760249.99564849,5785640.101544187,0.248428919
282,282,1765817.825844148,5785531.850816621,0.405751674
283,283,1760212.197004198,5785620.851223681,0.248344828
284,284,1765801.549944725,5785507.452435991,4.253176444
285,285,1766376.880575875,5785494.98204254,0.713510198
286,286,1766357.416316016,5785486.718303961,0.666876195
287,287,1760158.219540948,5785600.34618978,0.278274998
288,288,1760177.101187894,5785602.745156323,0.27048333
289,289,1765784.016693643,5785503.055829568,0.826477796
290,290,1760152.606311243,5785582.174160608,0.24662839
291,291,1760124.097433687,5785560.521531912,0.189668014
292,292,1760097.642121794,5785526.745116846,0.266169871
293,293,1765976.455647181,5785384.203427547,-0.066355257
294,294,1760033.712519154,5785483.125973881,0.228757963
295,295,1765964.242786638,5785365.23427889,-0.280215689
296,296,1759982.290023155,5785474.163454203,0.718375001
297,297,1760005.737416969,5785463.730945879,0.218563023
298,298,1765918.700503159,5785345.489370687,0.076022727
299,299,1759934.888920111,5785435.505936937,0.736749991
300,300,1759971.479762751,5785444.096577557,0.239418718
301,301,1759942.463633937,5785425.868902722,0.81392308
302,302,1767095.878312859,5785211.737994681,0.62314
303,303,1767088.38246757,5785202.646237146,0.787431364
304,304,1767143.288946643,5785181.055548438,0.710535716
305,305,1767124.994008238,5785171.25038119,0.676055546
306,306,1759923.406152889,5785285.847675237,-9999.0
307,307,1766239.017886146,5785179.277856562,1.043150181
308,308,1766770.932732662,5785108.903669558,0.854145463
309,309,1766864.856686565,5785067.609805468,0.707411778
310,310,1766186.478257922,5785050.828475232,0.148527027
311,311,1767089.260735231,5785032.950646075,0.683027777
312,312,1767030.789369886,5785024.319634336,0.482515924
313,313,1766965.870887301,5785000.94252569,0.697675002
314,314,1766933.931564454,5784975.714223252,0.694850016
315,315,1766898.954377163,5784936.141320854,0.80975223
316,316,1766168.326113466,5784941.707382186,0.57658928
317,317,1766825.934966503,5784933.049485349,0.609746264
318,318,1766862.159719626,5784927.772802214,0.82518916
319,319,1766806.614747952,5784918.485870861,0.63294667
320,320,1766878.045322061,5784919.00027532,0.92502223
321,321,1766813.228012028,5784898.990432397,1.83174576
322,322,1765220.820925989,5784871.22310669,0.443107142
323,323,1766765.681039155,5784844.529087016,0.815815579
324,324,1765196.97696281,5784861.734056409,0.363963634
325,325,1766749.613758731,5784829.898760819,0.883282055
326,326,1766720.117691756,5784816.040696496,0.934270125
327,327,1766682.444096476,5784801.939931768,0.849971698
328,328,1765362.093187862,5784809.730234937,0.862407412
329,329,1765393.303033186,5784789.654913991,0.801137244
330,330,1765424.516770066,5784768.967483608,0.823595743
331,331,1766637.091351779,5784732.682776901,1.298222178
332,332,1765092.307441295,5784754.157953781,0.558166666
333,333,1765455.342987148,5784747.23817928,0.860338037
334,334,1765470.726017177,5784736.601610928,0.87936764
335,335,1765478.892116083,5784728.056745185,0.943704562
336,336,1765494.311344536,5784717.129992476,1.213233327
337,337,1766589.132932947,5784692.838136072,0.769499992
338,338,1765517.461946493,5784707.45182211,1.025088874
339,339,1765533.061379045,5784704.576147687,0.911959993
340,340,1759387.707328073,5784774.613872342,-0.348507243
341,341,1759373.038845526,5784758.134998463,-0.148149995
342,342,1759353.143066875,5784748.552014925,0.156594937
343,343,1766500.47404743,5784605.831945825,0.577094359
344,344,1759339.916303263,5784721.66431608,0.127750001
345,345,1766467.271191705,5784584.110877698,0.467031251
346,346,1759320.842095183,5784709.295152783,0.106150004
347,347,1765696.283229406,5784582.574350564,0.968027792
348,348,1766459.87082715,5784546.773460452,2.442969211
349,349,1759304.594304155,5784684.682196416,0.054422077
350,350,1766436.160128692,5784537.130080593,0.452274996
351,351,1765782.235816135,5784541.188597857,0.821808811
352,352,1759288.183434779,5784659.865277408,-0.025072728
353,353,1759862.618231474,5784640.96626873,-0.074197308
354,354,1759854.308555011,5784603.538891883,-0.120129635
355,355,1759255.081903643,5784600.887313998,0.075666665
356,356,1764889.645727207,5784479.031973484,0.641377366
357,357,1766466.011598099,5784446.974543896,0.741232144
358,358,1766457.60110361,5784436.758265248,0.662396232
359,359,1764834.080953465,5784460.211395427,0.65756363
360,360,1759241.330398877,5784573.732433467,-0.276176796
361,361,1764810.238462058,5784450.721266561,0.738563648
362,362,1759223.064460458,5784546.666053534,-0.489090909
363,363,1768008.536894076,5784374.12532872,1.166969706
364,364,1759206.81722941,5784522.052809819,-9999.0
365,365,1765857.494042369,5784389.577762087,1.345436332
366,366,1765755.001254597,5784397.992769252,1.407832298
367,367,1765865.326072398,5784379.237982926,1.264400047
368,368,1765873.003270767,5784369.109108204,1.1772
369,369,1765880.680449522,5784358.980225471,1.150549966
370,370,1759190.278075601,5784482.488196065,-9999.0
371,371,1765730.326242702,5784352.244363904,1.343750002
372,372,1765895.172085009,5784335.875299814,0.893564919
373,373,1765919.302579907,5784318.413391476,1.188605374
374,374,1767951.415208925,5784316.839164734,0.650610945
375,375,1765744.451874446,5784321.933233098,1.459548895
376,376,1765761.46412343,5784311.543710001,1.234916637
377,377,1765942.610828295,5784313.237813751,0.942395344
378,378,1765777.36816522,5784301.967115005,1.263292311
379,379,1767920.253647516,5784257.566801787,0.367851853
380,380,1767873.025015621,5784253.345589829,0.569643749
381,381,1765839.030977991,5784304.784407028,1.250017555
382,382,1767826.502281339,5784238.231886285,1.167448974
383,383,1767896.52059188,5784238.110572116,0.092036365
384,384,1767818.784395543,5784228.051771214,1.245470617
385,385,1767888.846481877,5784228.08810841,0.174795923
386,386,1764652.87166461,5784284.838473249,0.167364487
387,387,1766036.427348369,5784257.547115647,1.184581844
388,388,1764641.119604361,5784274.220529992,0.157296294
389,389,1766067.100582672,5784245.631323093,1.362224482
390,390,1767844.159376562,5784227.550301379,0.401147806
391,391,1767855.980337806,5784199.055215823,0.474181816
392,392,1765815.577639743,5784236.601235697,1.152434797
393,393,1766084.932857795,5784230.187420323,1.234830936
394,394,1765822.678682546,5784220.545165673,1.542230805
395,395,1767785.281518377,5784179.786250159,1.144565236
396,396,1767808.444164984,5784179.88110438,0.017013326
397,397,1766068.739523602,5784210.673893073,1.713265858
398,398,1767777.676183784,5784169.737264138,1.099599993
399,399,1767800.358635049,5784170.075006423,0.114164552
400,400,1767792.273342185,5784160.268878974,0.576724992
401,401,1767783.982882642,5784140.494435637,0.523694919
402,402,1766424.705213782,5784149.016965966,0.65328971
403,403,1766640.821848071,5784144.222267473,1.336357164
404,404,1767775.69209558,5784120.719873458,0.816175002
405,405,1766097.164736168,5784150.113632489,1.512974804
406,406,1766105.132276866,5784136.081041752,1.138126952
407,407,1767782.781741018,5784095.642114388,0.730765224
408,408,1766326.509204909,5784126.754010659,0.93685817
409,409,1767714.957045152,5784077.872228259,0.867918605
410,410,1767745.924907162,5784079.930048062,1.227469833
411,411,1767772.547027697,5784073.674057378,0.892485983
412,412,1766143.502527348,5784084.91660731,1.151584568
413,413,1766178.568418154,5784083.298768534,1.028307697
414,414,1768057.357093055,5784045.104847812,-0.491379993
415,415,1766151.540004477,5784075.496702702,1.521615352
416,416,1767718.328255697,5784042.137045902,1.12836
417,417,1766166.601024902,5784069.920167226,1.39957245
418,418,1766188.582989928,5784066.156175865,1.225592722
419,419,1766197.784598294,5784053.707214283,1.607749982
420,420,1766213.41002541,5784052.29357413,1.237269216
421,421,1767127.514010673,5784034.284585716,4.909999937
422,422,1767726.845967401,5784022.398886062,1.125406268
423,423,1768033.493429639,5784022.320380241,0.035767241
424,424,1759042.023816623,5784186.219919252,-9999.0
425,425,1764781.540171341,5784074.930755146,0.583352113
426,426,1766255.830073727,5784072.296267755,1.454852845
427,427,1767147.507073069,5784027.000203646,1.203710614
428,428,1764841.570793954,5784051.187379235,0.855296297
429,429,1767126.875651665,5784004.412537961,0.718474999
430,430,1767261.267566866,5784006.726569667,0.749962518
431,431,1764857.128779444,5784040.900023211,0.940666665
432,432,1764864.961550869,5784030.560913561,0.902291134
433,433,1766463.987275996,5783998.04088489,0.66510204
434,434,1767739.147178326,5783990.366407881,0.989177755
435,435,1767945.402891919,5783947.894501629,-0.053555552
436,436,1764875.629340688,5784011.698804809,0.640107574
437,437,1759009.536852301,5784107.804227754,-9999.0
438,438,1761514.519216719,5784028.084397392,-0.089703704
439,439,1758992.410784855,5784067.522572136,-9999.0
440,440,1758976.461874232,5784028.672222852,-9999.0
441,441,1764917.139742626,5783890.097642569,-0.035254547
442,442,1767966.370042657,5783817.816940235,0.309370378
443,443,1765050.440829814,5783847.299805564,0.013199999
444,444,1765085.240052521,5783851.130403591,0.160832001
445,445,1766208.171919737,5783823.757966227,0.804833353
446,446,1766224.520585324,5783824.151515141,0.735361714
447,447,1758943.567522884,5783958.782669928,-9999.0
448,448,1765125.522534863,5783836.389851794,0.048622641
449,449,1764601.054419714,5783836.240731511,0.222800002
450,450,1765325.879937951,5783824.573521747,0.201147603
451,451,1765250.33191591,5783814.004509579,-0.110296296
452,452,1765309.86150482,5783812.121329644,-0.004575001
453,453,1758927.22501424,5783929.185142935,-9999.0
454,454,1765238.742906208,5783803.59186776,-0.252087501
455,455,1765344.747423896,5783804.699941546,0.083396739
456,456,1767696.604480235,5783753.358782304,0.861444442
457,457,1758922.896247473,5783909.32506593,-9999.0
458,458,1765467.009196165,5783779.22055253,0.229163636
459,459,1765722.523984953,5783782.305318532,0.628836263
460,460,1765458.600634639,5783769.003297098,-0.182592601
461,461,1758910.785268485,5783894.603471434,-9999.0
462,462,1765828.745758587,5783751.918696281,0.307178574
463,463,1766108.624667998,5783746.007945579,0.304445163
464,464,1766017.806560746,5783737.88700154,0.485999998
465,465,1758894.526321418,5783869.263207067,-9999.0
466,466,1765670.903773047,5783734.977890668,0.378750001
467,467,1767334.456926563,5783710.321330726,1.588934809
468,468,1758878.392523611,5783850.359744188,-9999.0
469,469,1765646.859707473,5783715.521788137,0.448092436
470,470,1765999.305388846,5783711.115880843,0.193537473
471,471,1767656.13915587,5783674.410269939,0.746450005
472,472,1765938.043932044,5783699.829837088,0.058603773
473,473,1765619.960392421,5783697.785778979,-0.093824999
474,474,1765949.822026719,5783689.760124605,-0.069644862
475,475,1765973.460525627,5783689.278461675,-0.083928565
476,476,1767643.90948731,5783654.716611109,0.549775013
477,477,1758814.579662903,5783811.716055456,-9999.0
478,478,1758806.505837299,5783801.901537932,-9999.0
479,479,1758774.794094709,5783792.547167308,-9999.0
480,480,1758750.961562539,5783783.039623721,-9999.0
481,481,1757466.433850016,5783798.00357608,-9999.0
482,482,1758608.938834892,5783775.835409818,-9999.0
483,483,1758664.09480996,5783774.760739332,-9999.0
484,484,1758727.129087171,5783773.532483834,-9999.0
485,485,1757332.100012293,5783780.655475798,-0.007474999
486,486,1757087.648974261,5783775.401745442,1.121784818
487,487,1767850.852895592,5783559.972946693,0.407408163
488,488,1767842.783009516,5783550.893723922,0.398600008
489,489,1767858.542085923,5783550.568809872,0.573534253
490,490,1767834.698162403,5783541.087625014,0.41645001
491,491,1767827.18786694,5783531.269318409,0.3560566
492,492,1767794.25939184,5783491.330145949,0.308288467
493,493,1757621.691613875,5783674.608783678,0.574037744
494,494,1767781.598900665,5783479.011449143,0.271873494
495,495,1767793.863684658,5783472.11992827,0.563224987
496,496,1757614.208077608,5783665.508685368,0.584396237
497,497,1767330.830516557,5783479.27483563,0.483275318
498,498,1767368.158989174,5783470.179662125,1.371901949
499,499,1767312.916200113,5783467.055569852,0.368468751
500,500,1767384.044560501,5783462.563511426,0.659352941
501,501,1767320.488332369,5783451.940992935,0.516013339
502,502,1767399.964118811,5783452.543586744,0.561621631
503,503,1757630.316068461,5783651.870036286,0.702977748
504,504,1767305.099459214,5783442.284460337,0.44046939
505,505,1767415.239083097,5783440.563620708,0.602157149
506,506,1767312.199644742,5783432.165693219,0.591924998
507,507,1767423.143832613,5783430.781234093,0.632758628
508,508,1767438.360628363,5783420.452864607,0.729970605
509,509,1767729.442133044,5783413.81860601,0.315000001
510,510,1767453.542535931,5783415.514375619,0.848680001
511,511,1757612.269138719,5783595.014725894,0.729313734
512,512,1767721.470303866,5783394.03737747,0.512240737
513,513,1757001.457457524,5783597.567418167,1.312429519
514,514,1757052.671803057,5783596.579993211,2.656658242
515,515,1767713.796981598,5783384.014932408,0.678880006
516,516,1756981.568005842,5783587.978574223,1.343865219
517,517,1759873.055872659,5783531.94025777,-0.223264149
518,518,1767689.224671075,5783374.75598397,0.579509089
519,519,1756949.858919559,5783578.617908133,1.454525025
520,520,1756965.617139522,5783578.314217512,1.333820534
521,521,1767529.893924498,5783368.72464035,0.632881515
522,522,1757576.332594356,5783573.838103801,0.224265454
523,523,1759888.422785392,5783511.694201618,-0.131036362
524,524,1760101.159478316,5783507.514974179,0.080740742
525,525,1756934.792873122,5783562.569973576,1.424601757
526,526,1757485.253041792,5783548.338312273,1.716575001
527,527,1757524.648570669,5783547.576156343,-0.230056605
528,528,1757469.302167144,5783538.675056697,1.334900015
529,529,1757506.776207486,5783540.443103641,0.296097408
530,530,1757352.343212074,5783691.152401173,0.922666414
531,531,1757484.293069298,5783528.413149375,-0.341999995
532,532,1757429.521486496,5783519.499684867,0.571724642
533,533,1757468.91669392,5783518.738417509,-0.944000006
534,534,1759810.007361971,5783483.883639731,-0.113678217
535,535,1757106.258160548,5783517.296047419,1.523736853
536,536,1757382.054388289,5783510.444383954,0.50575949
537,537,1757342.46655925,5783501.237709677,-0.131619049
538,538,1757358.238574427,5783501.659824172,-0.091862071
539,539,1757410.495908519,5783503.662629974,0.20938922
540,540,1767245.446184267,5783310.568213891,0.755427806
541,541,1767223.389368871,5783296.839743034,0.88220064
542,542,1767206.698628736,5783284.742585562,0.900199996
543,543,1760674.370150692,5783396.504079361,-0.011982143
544,544,1767003.981635048,5783277.294488342,0.199839094
545,545,1767092.034739828,5783266.800091482,0.579428562
546,546,1757026.343682613,5783457.479172244,-0.212250007
547,547,1767050.382556846,5783269.662359108,0.676125973
548,548,1767119.399396551,5783255.889349793,0.663851072
549,549,1767198.231083578,5783266.910226356,1.248916493
550,550,1767073.093460467,5783255.801762272,1.044558441
551,551,1767182.242619191,5783245.353996312,0.99510002
552,552,1756868.379738349,5783440.579035082,1.810564078
553,553,1756844.551083848,5783431.066127797,1.385359979
554,554,1756928.504303307,5783443.191880525,1.106319214
555,555,1766969.033796245,5783229.866647044,3.261799979
556,556,1756820.721968875,5783421.553158377,0.5963924
557,557,1756866.073921887,5783423.172520086,0.458100001
558,558,1767173.731101353,5783218.392812295,4.843757557
559,559,1756796.893388367,5783412.039645933,0.323911377
560,560,1756842.245301771,5783413.659694981,0.213786886
561,561,1756812.555412288,5783406.751654835,-0.223348839
562,562,1756741.357026483,5783393.164707849,1.026999981
563,563,1756788.726423816,5783397.239453837,-0.294205129
564,564,1756677.941975509,5783374.441557448,1.574481003
565,565,1756516.293684443,5783355.66722929,-0.084432431
566,566,1766935.742481858,5783140.711459511,3.78842863
567,567,1756208.134822949,5783328.730326476,-9999.0
568,568,1767699.759320711,5783085.122894331,0.843799998
569,569,1766981.430879632,5783070.17390112,0.638574057
570,570,1767547.884565537,5783038.385526802,0.773897946
571,571,1762132.597656449,5783133.531237143,-0.27600977
572,572,1767768.373530176,5782989.746727141,0.767825504
573,573,1766239.323508064,5783004.641502873,0.058388889
574,574,1766294.33550287,5783004.453190031,0.288075469
575,575,1766995.544998972,5782989.687447572,0.411886787
576,576,1767744.363129391,5782974.712177746,0.727654549
577,577,1766231.256005862,5782995.560754745,0.097574999
578,578,1766247.013679615,5782995.239064302,0.162574998
579,579,1766223.01043171,5782985.548700418,0.13992453
580,580,1766238.931337995,5782985.431456318,0.352898735
581,581,1766293.928359144,5782984.516274391,0.579566049
582,582,1767037.135670531,5782973.382185916,0.483220428
583,583,1767057.409026042,5782952.540498816,0.348108102
584,584,1767081.720613405,5782948.444796653,0.389830198
585,585,1766293.758419469,5782954.849718292,0.986677419
586,586,1767073.473991856,5782938.433571497,0.27669444
587,587,1767207.413754673,5782935.684341994,0.741131575
588,588,1767081.303012193,5782928.092501948,0.23036842
589,589,1767162.157411556,5782941.138047434,0.64977778
590,590,1767215.242609191,5782925.343137939,0.696607133
591,591,1766170.944118096,5782936.955855695,0.671325
592,592,1766317.323890052,5782935.60460549,0.848596164
593,593,1766153.347625657,5782938.42982473,0.878111626
594,594,1766183.02036519,5782928.720404949,0.652750005
595,595,1766209.702127779,5782926.867678839,0.551731479
596,596,1766198.112996657,5782916.456389086,0.719807703
597,597,1766347.902628513,5782913.521985742,0.786207786
598,598,1766371.160773087,5782893.143058502,0.797623387
599,599,1765945.025370238,5782881.935441441,0.816962965
600,600,1766142.148023071,5782877.707712661,0.639724999
601,601,1766394.421869125,5782872.769316492,0.885506498
602,602,1766125.780594724,5782878.86599524,0.606014641
603,603,1766091.622140759,5782851.492044509,0.597553982
604,604,1766425.128114009,5782832.207772225,0.917246749
605,605,1765920.5135489,5782831.636295466,0.152925927
606,606,1765942.314367041,5782847.865408558,0.600273832
607,607,1766983.994900245,5782810.831859725,0.331622639
608,608,1765912.446705709,5782822.555445121,0.167493151
609,609,1765928.203914198,5782822.234398613,0.211225001
610,610,1766046.229034757,5782820.036725517,0.740566044
611,611,1766064.979768954,5782830.931257601,0.679920205
612,612,1766456.345522112,5782813.517194678,0.868558139
613,613,1767030.097703284,5782811.27754507,0.198541257
614,614,1765904.364979431,5782812.748072512,0.181589743
615,615,1765920.122124115,5782812.427006143,0.266025319
616,616,1765943.758073101,5782811.94534466,0.507575004
617,617,1765896.283078664,5782802.940144702,0.196774999
618,618,1765912.040512137,5782802.619087076,0.284224999
619,619,1765951.563301171,5782801.988636997,0.708888893
620,620,1766015.729058013,5782801.23283315,0.787070063
621,621,1766942.081829407,5782794.559609368,0.528389909
622,622,1765903.958832407,5782792.811026195,0.336499994
623,623,1765966.879182675,5782796.805270488,0.964808983
624,624,1765982.887456815,5782790.909884158,1.023333343
625,625,1765885.879497481,5782785.959769206,0.250372636
626,626,1765998.494018143,5782781.198824413,0.922702712
627,627,1766513.848135078,5782770.344073484,0.937000005
628,628,1767539.816341088,5782744.05387212,0.625114147
629,629,1760025.589113185,5782870.7788325,-0.292963632
630,630,1767573.727399833,5782718.895625909,0.507540535
631,631,1768046.11297001,5782710.225772439,-0.296866661
632,632,1768077.486441217,5782708.551989244,-0.742999971
633,633,1767116.891148546,5782718.569198335,0.924096763
634,634,1767488.858750883,5782719.354465174,0.71078012
635,635,1767450.881276574,5782701.309346891,0.752837516
636,636,1767434.919105737,5782691.664907778,0.769666664
637,637,1755683.776764645,5782915.062061841,1.200781804
638,638,1767422.89625927,5782681.939439902,0.803262486
639,639,1767966.363228902,5782670.954160504,-0.169111091
640,640,1765854.844562697,5782703.331236403,0.670788468
641,641,1767400.764123299,5782671.890123353,0.824620877
642,642,1765783.918105928,5782706.380197014,0.444642718
643,643,1765823.449024247,5782694.539223853,0.583558144
644,644,1766515.878947068,5782680.593917947,0.882384612
645,645,1767264.915279554,5782665.240971901,0.849816658
646,646,1767950.334694954,5782650.404438508,-0.233846132
647,647,1768131.40172101,5782647.602420561,0.269375003
648,648,1755675.481625862,5782885.097080819,0.619243244
649,649,1765757.792210113,5782688.842423178,0.448136149
650,650,1765838.778796282,5782684.926213978,0.748927541
651,651,1767170.498814764,5782657.981563115,0.91557813
652,652,1767186.088364492,5782657.095018926,0.903890913
653,653,1767280.467579123,5782654.948789065,0.894426664
654,654,1755693.971226878,5782887.892327774,1.272065509
655,655,1766480.477718876,5782664.7054401,0.975558568
656,656,1768139.445971942,5782630.80712315,0.20155285
657,657,1755683.0360372,5782865.075113192,3.196985895
658,658,1765649.35106788,5782688.569062633,0.458766781
659,659,1765689.122266157,5782668.426326077,0.747904756
660,660,1765727.836322666,5782666.961948423,0.52887272
661,661,1765704.25136152,5782657.392972849,0.645376619
662,662,1766456.549195624,5782641.916521696,0.955276313
663,663,1766547.31081367,5782647.479984052,0.579794092
664,664,1768155.120768734,5782608.662998446,0.567092022
665,665,1766382.317927375,5782622.652102224,1.482142816
666,666,1766420.533675425,5782622.915244637,0.972981822
667,667,1766499.473261872,5782621.093608178,0.595466664
668,668,1768169.559171069,5782586.977931323,0.556836365
669,669,1766642.276728655,5782609.257829193,1.259000027
670,670,1766483.293775361,5782600.752011185,0.834219987
671,671,1766649.391099276,5782598.740466153,1.231907689
672,672,1767913.107573837,5782582.849486583,-0.742999971
673,673,1768130.691969622,5782574.531294537,-0.742999971
674,674,1768184.904351301,5782566.715476078,0.619648149
675,675,1766394.897431231,5782609.92086476,1.129992832
676,676,1766475.80082512,5782591.659756089,0.887918363
677,677,1768192.731627687,5782556.373275877,0.680225004
678,678,1766680.195287193,5782578.637008958,1.240633331
679,679,1768184.483941515,5782546.363135216,-0.154320735
680,680,1766696.016458554,5782568.134897978,1.09585452
681,681,1768205.360955925,5782532.816202582,0.306773591
682,682,1765146.899767208,5782578.832562322,0.487024998
683,683,1766746.643877451,5782546.81116374,1.046518495
684,684,1755697.306189164,5782789.946497072,-0.678688901
685,685,1759464.431099407,5782690.419959991,-0.294670381
686,686,1759651.38964778,5782678.680496908,-0.075454545
687,687,1765118.057330605,5782578.903944184,0.580872449
688,688,1765166.864663314,5782569.204288266,0.606103442
689,689,1766718.497948977,5782546.824844075,1.298535208
690,690,1765174.965095041,5782560.299012716,0.656897436
691,691,1766734.237819408,5782528.754671196,1.179644463
692,692,1766773.60479229,5782528.080353227,1.26188098
693,693,1766797.143083579,5782524.876943556,1.04080435
694,694,1755696.257818467,5782735.120247571,-9999.0
695,695,1766434.392917693,5782521.970708876,1.082553232
696,696,1767936.471111632,5782505.48745508,-0.723953387
697,697,1768236.635031151,5782492.429196177,-0.281656522
698,698,1766323.703003532,5782505.014593915,1.074124974
699,699,1766957.648573209,5782498.140210713,1.031378035
700,700,1766985.331267336,5782491.679406948,1.0423333
701,701,1767015.596018065,5782502.883221408,1.07351291
702,702,1767514.285996128,5782480.573481677,0.812644451
703,703,1768269.662176478,5782465.028932894,-0.361849974
704,704,1765212.497621339,5782517.874115335,0.54925
705,705,1767529.20490794,5782470.956149735,0.847776122
706,706,1768277.489242184,5782454.686640667,-0.672111082
707,707,1765196.957721339,5782508.36117428,1.061445972
708,708,1766311.055614608,5782485.321307461,0.986973917
709,709,1767544.801406134,5782462.321087242,1.007263157
710,710,1768253.667510518,5782445.667297955,-0.742999971
711,711,1765095.521796487,5782504.883488874,0.568975613
712,712,1765204.901906392,5782498.638878632,1.152096776
713,713,1765400.898161713,5782494.07582146,0.835901959
714,714,1767080.455015978,5782471.758417524,1.138979707
715,715,1767110.926177463,5782458.976718421,1.389024997
716,716,1765050.532905387,5782490.683125732,0.211072075
717,717,1765212.884819587,5782489.096696249,1.322057693
718,718,1765227.644315508,5782477.52480113,1.000933316
719,719,1765266.836451107,5782476.88109483,0.675563638
720,720,1765347.740048764,5782497.931556419,0.809999998
721,721,1766876.492628627,5782454.402624501,1.277995641
722,722,1755655.341785108,5782656.127395562,-9999.0
723,723,1759418.974561188,5782632.438219412,-0.420743791
724,724,1765019.376496061,5782475.742572923,0.219355988
725,725,1765235.49647763,5782467.641589377,1.724638899
726,726,1765303.543902432,5782465.556657428,0.886342339
727,727,1765411.226792449,5782470.148774412,0.878265626
728,728,1766921.230282007,5782437.846591958,1.21362502
729,729,1766939.431492474,5782436.862037537,1.075086043
730,730,1767896.900018171,5782416.212362376,0.416454924
731,731,1765251.067935001,5782457.447922483,1.02434247
732,732,1767015.773465187,5782440.011145015,1.085063599
733,733,1768346.848661488,5782393.83175057,-0.721907411
734,734,1755647.082629143,5782636.341396823,-9999.0
735,735,1759396.941532001,5782563.999643005,-0.545200009
736,736,1764974.989095184,5782457.660921347,0.214257618
737,737,1765266.314400871,5782450.817010501,1.043103792
738,738,1767874.253193938,5782393.201897755,0.636142871
739,739,1759451.611930166,5782557.163971205,-0.391541282
740,740,1764943.173384526,5782443.346464275,0.250259414
741,741,1765502.710137856,5782433.414753815,0.819740746
742,742,1768338.967541719,5782374.281034489,-0.184328767
743,743,1759349.282115217,5782544.988210764,-0.552037041
744,744,1765644.312017997,5782432.180778572,1.036360138
745,745,1766983.441476722,5782391.78370739,1.062106676
746,746,1764924.893807235,5782426.524893007,0.3166699
747,747,1765550.01492881,5782412.895802814,0.920953471
748,748,1766262.937619575,5782425.059217098,1.294028578
749,749,1768370.11450303,5782353.716067751,-0.021070409
750,750,1755654.293636506,5782601.301732703,-9999.0
751,751,1764903.175957134,5782414.239106555,0.2150625
752,752,1765565.497186759,5782402.33147401,1.026259243
753,753,1766266.127449164,5782386.538128645,1.668358948
754,754,1766289.901052236,5782385.825794174,1.063490895
755,755,1763642.051944287,5782431.018872218,5.167744697
756,756,1765588.636758835,5782397.138509457,1.222198367
757,757,1766273.897647599,5782376.53240779,1.626675302
758,758,1759584.846093262,5782500.485585991,-0.211240743
759,759,1763637.695689951,5782451.362006776,0.66464265
760,760,1764894.894130776,5782394.461799884,0.325653845
761,761,1766289.842692155,5782356.96598829,1.307637938
762,762,1766967.049514114,5782345.587873455,1.938066135
763,763,1759651.805755576,5782469.632784684,-0.230132069
764,764,1766950.315987863,5782360.021164845,1.496943696
765,765,1755668.628948855,5782537.854964237,-9999.0
766,766,1764854.291838643,5782335.449114553,0.53101266
767,767,1755661.275514258,5782507.406288678,0.338529407
768,768,1759439.0751066,5782469.190008709,-0.510302626
769,769,1764853.483542537,5782316.024827259,2.678074068
770,770,1759531.245409863,5782425.415126223,-0.430578609
771,771,1766326.322860172,5782275.590645361,1.02529413
772,772,1767957.314660637,5782232.340536805,-0.475407381
773,773,1766464.913241416,5782255.929202951,1.404738009
774,774,1767846.44841478,5782219.61069461,-0.742999971
775,775,1755706.485529616,5782445.738517833,0.348821921
776,776,1767819.417535563,5782204.38311152,-0.742999971
777,777,1766459.569851665,5782223.280695789,1.694164366
778,778,1755729.163861634,5782425.360633329,-9999.0
779,779,1766452.299161668,5782213.180108357,1.554781766
780,780,1767785.560574943,5782183.176652751,-0.742999971
781,781,1755722.734951344,5782405.445465861,0.442571428
782,782,1767648.947740224,5782168.887538728,-0.741763607
783,783,1767740.508920073,5782166.459202522,-0.718717362
784,784,1767623.053522648,5782166.775658775,0.792181813
785,785,1767678.51494265,5782149.173000547,1.018938412
786,786,1766340.054665542,5782155.846279482,1.192056656
787,787,1766395.200860916,5782154.719302566,1.156053592
788,788,1766415.478066096,5782154.681388462,1.171102807
789,789,1766438.184224324,5782153.841380298,1.144252085
790,790,1764835.151352508,5782176.483916225,0.862333345
791,791,1755729.600444678,5782368.111479187,-0.189090905
792,792,1755712.075663724,5782325.967873011,0.132966667
793,793,1764852.76825078,5782152.096155685,1.037581204
794,794,1766370.906636646,5782115.117521956,1.03332499
795,795,1755624.847720711,5782297.719906326,-9999.0
796,796,1766357.013344666,5782104.607104377,1.263946115
797,797,1766401.830384426,5782074.979171112,1.281337786
798,798,1766432.960594984,5782074.166311821,1.068890916
799,799,1755545.688482963,5782279.288927428,-9999.0
800,800,1755561.457767531,5782279.714985265,-9999.0
801,801,1755655.977714561,5782277.180682937,-9999.0
802,802,1764781.675324303,5782103.79681738,0.820510933
803,803,1766417.4963241,5782065.000978863,1.262415438
804,804,1764730.921926556,5782088.840925117,0.753089284
805,805,1764751.198753302,5782088.807149412,0.792561905
806,806,1766426.030077479,5782055.905812265,1.447928562
807,807,1755474.572606527,5782260.446487457,-0.28919444
808,808,1755534.931069711,5782266.198008977,-9999.0
809,809,1764529.555984664,5782083.4081464,0.576227272
810,810,1764708.507441153,5782079.841334449,0.737240506
811,811,1766440.396717513,5782044.615766865,1.407470593
812,812,1764511.376720087,5782072.218852733,0.624408535
813,813,1755450.393164958,5782241.22163058,-0.382589736
814,814,1755490.769472641,5782249.963789591,-0.60192391
815,815,1764234.165199344,5782068.752703523,0.263974996
816,816,1764273.539902967,5782067.230663722,0.616568623
817,817,1764470.346716525,5782064.192124754,0.616622646
818,818,1764556.584103697,5782062.241201091,0.935963627
819,819,1764658.03961995,5782064.287313663,0.738657528
820,820,1764247.957004563,5782069.339031201,0.482019066
821,821,1764289.456598623,5782058.139285875,0.765057138
822,822,1764440.05475343,5782055.350966202,0.606528314
823,823,1764602.577119122,5782055.018647746,0.830346355
824,824,1764225.885120068,5782048.974756179,0.404300005
825,825,1764557.980627679,5782042.762631875,1.068425938
826,826,1764236.107316068,5782039.049778053,0.932515874
827,827,1764565.235884976,5782033.522737987,1.033441854
828,828,1755410.75177145,5782201.464507333,-0.201246154
829,829,1764220.298053786,5782032.46664131,0.706216453
830,830,1764400.58728102,5782031.773713565,0.695147546
831,831,1764328.027834219,5782017.452230179,0.801178096
832,832,1764197.110443173,5782014.974611719,0.413686213
833,833,1764169.734950151,5782000.244865455,0.386925006
834,834,1763957.034795534,5782000.55485569,0.157864378
835,835,1763905.854221977,5781986.201719972,-0.07040566
836,836,1764101.359476677,5781987.811614941,0.455167701
837,837,1764153.57730017,5781980.625721011,0.476368423
838,838,1764081.17441576,5781975.580060783,1.243777365
839,839,1759809.665755821,5782065.034827482,-0.177512791
840,840,1764098.803257592,5781963.686800139,1.245446825
841,841,1759843.503904292,5782026.717485781,-0.242181822
842,842,1764133.177386348,5781946.082359985,0.869833326
843,843,1759902.385195215,5781986.048754405,-0.317695235
844,844,1764018.559059589,5781891.690449907,1.427071483
845,845,1764033.602617297,5781893.291811194,1.155298702
846,846,1764010.981515471,5781883.000658954,1.651254526
847,847,1764056.833903526,5781872.878661603,0.954399995
848,848,1764033.200854676,5781873.354935035,1.10838205
849,849,1764015.455219958,5781861.04061473,2.177651046
850,850,1764032.76420647,5781848.618467626,1.630666646
851,851,1764096.704839283,5781858.762177755,1.138510942
852,852,1755312.043701627,5781994.065476352,1.670637703
853,853,1760085.360077185,5781902.298027711,-0.198592598
854,854,1764054.390589814,5781825.134612602,1.569694602
855,855,1755277.240687747,5781964.550750402,1.656799959
856,856,1755264.65624987,5781954.795306564,1.687689627
857,857,1763785.255564007,5781814.351371403,-0.300499115
858,858,1759288.164024636,5781838.159477389,-0.335981483
859,859,1763845.634327487,5781757.205982991,0.487429079
860,860,1763936.058845649,5781745.66967441,0.531200001
861,861,1763826.302517236,5781744.529823828,0.768511998
862,862,1763754.674518941,5781739.348288341,-0.412735036
863,863,1759345.904927942,5781819.760761391,-0.428365038
864,864,1763911.136028201,5781726.937230242,0.695954451
865,865,1763305.217971312,5781718.668483878,-0.208053572
866,866,1763849.108571909,5781708.117735604,0.522104485
867,867,1759242.116596753,5781831.550357264,-0.341473537
868,868,1763738.117328231,5781699.791481613,-0.348449992
869,869,1763336.715948163,5781702.350655353,-0.244268512
870,870,1763726.100560788,5781690.060732727,-0.313627585
871,871,1759296.97120308,5781770.521698839,-0.330774272
872,872,1763226.446828865,5781696.724224103,0.052021365
873,873,1763217.597931324,5781672.257815063,0.408325583
874,874,1763694.207268684,5781659.487634396,-0.28717196
875,875,1763689.25138253,5781631.245021918,0.877513898
876,876,1763631.141295577,5781639.078897431,-0.06032442
877,877,1763586.796488112,5781612.87417252,-0.790909095
878,878,1759674.313475798,5781657.884962873,-0.049391306
879,879,1759661.477376973,5781630.996263113,0.015407408
880,880,1759718.320271343,5781618.418321346,-0.059972589
881,881,1763655.579671286,5781522.154773789,0.007094342
882,882,1755322.562765545,5781919.410286087,0.71796067
883,883,1758172.312614972,5781614.82302573,1.017841117
884,884,1758188.155943482,5781600.335985023,0.997888887
885,885,1759806.455408566,5781559.218075749,-0.100440367
886,886,1763032.472340817,5781494.770195135,0.079388888
887,887,1755268.235872165,5781643.05790346,0.527937775
888,888,1763043.816289543,5781483.778444412,0.173906542
889,889,1759810.280590211,5781538.731079744,-0.143
890,890,1763016.879975123,5781475.764778734,0.667457628
891,891,1763032.26721021,5781465.903117434,0.646096784
892,892,1762978.019958803,5781489.825672594,0.179598369
893,893,1758190.851303351,5781545.540839246,1.0479061
894,894,1759602.392512509,5781515.958037907,-0.322416214
895,895,1758202.863793975,5781529.829794514,1.010037047
896,896,1757776.518026967,5781522.784042193,1.094082565
897,897,1762597.809589321,5781423.508238953,0.668189863
898,898,1759717.613987878,5781481.914711358,-0.230794446
899,899,1759895.559202311,5781467.25059255,-0.070773584
900,900,1763046.207799571,5781404.610874048,0.653200001
901,901,1759676.62803538,5781478.497848415,-0.359187033
902,902,1762550.897343122,5781436.42975002,0.299043046
903,903,1762619.096034826,5781420.175834026,0.31568451
904,904,1762960.112531857,5781401.273196089,0.648452177
905,905,1757776.22089619,5781488.666536977,1.114363599
906,906,1762606.467343824,5781394.10015195,0.726478257
907,907,1762644.604033273,5781392.418352148,0.475000001
908,908,1757857.732864933,5781477.145102573,2.690462714
909,909,1759747.899151264,5781444.310682703,-0.346207442
910,910,1762613.231787211,5781384.711110924,0.804259264
911,911,1762628.816209446,5781374.600326655,0.70282353
912,912,1762672.047888173,5781372.717131029,0.478252338
913,913,1763064.171557004,5781363.894951243,0.786145448
914,914,1763105.291415169,5781364.046151222,0.487586539
915,915,1762644.40364125,5781364.488542339,0.61419233
916,916,1762826.723921429,5781360.118723402,0.454348625
917,917,1762872.133907366,5781358.366476692,0.547944442
918,918,1762924.751510013,5781363.465604311,0.825603436
919,919,1763124.202590802,5781353.318138187,0.42589091
920,920,1762517.463433012,5781355.484059841,-0.174472732
921,921,1762659.994763954,5781354.375453483,0.629384617
922,922,1762720.021469848,5781356.235748567,0.502158189
923,923,1762795.66553794,5781349.301151807,0.491449823
924,924,1763093.011590842,5781344.786775782,1.41793844
925,925,1763132.189562385,5781342.770094962,0.392111119
926,926,1763668.254738613,5781332.215204434,-0.159654554
927,927,1759825.096776835,5781408.346764988,-0.318211839
928,928,1762675.284622376,5781349.477017679,0.714041655
929,929,1762690.701363472,5781341.115575179,0.635166657
930,930,1763108.8400778,5781334.789987183,1.836396242
931,931,1759933.370562257,5781396.318807662,-0.254935402
932,932,1762698.836464221,5781333.835139617,0.666441865
933,933,1762721.86008375,5781331.357041491,1.217525859
934,934,1762761.611468289,5781331.968927686,0.635895837
935,935,1763124.029803648,5781323.598190006,0.810328766
936,936,1757838.6703329,5781423.000600003,2.319773539
937,937,1758255.445504482,5781399.492756728,0.999868416
938,938,1759976.89171561,5781366.306540228,-0.404537722
939,939,1757923.976719554,5781612.87490403,1.354734801
940,940,1757816.05623845,5781390.718183527,3.390589348
941,941,1762477.024201736,5781295.522189053,-0.001074074
942,942,1762492.778193693,5781295.20766087,0.578599991
943,943,1762468.799366291,5781286.233385295,-0.073999997
944,944,1758270.351586338,5781339.560673855,1.083228583
945,945,1762452.17642563,5781261.270649087,-0.074574069
946,946,1757836.492930959,5781337.708646284,3.27660806
947,947,1762625.706980024,5781243.417650147,1.307375015
948,948,1762417.193937807,5781238.193535762,-0.257037381
949,949,1757851.874277649,5781318.193254069,2.839571495
950,950,1758292.262250928,5781322.605825379,1.001510635
951,951,1762589.861898458,5781224.188887664,0.934087509
952,952,1762609.569084034,5781224.521650494,0.947240738
953,953,1757835.282140246,5781302.258449469,1.227551383
954,954,1762561.908821192,5781205.529796926,0.868127268
955,955,1762644.734504477,5781217.128555057,1.243217568
956,956,1758150.603251819,5781281.750106332,1.170610394
957,957,1761978.96227851,5781206.661515436,-0.316614039
958,958,1757852.942074985,5781287.129703715,1.608389688
959,959,1761967.218047625,5781196.039919879,-0.275528294
960,960,1762065.426016184,5781203.609393229,0.302062176
961,961,1763396.358360552,5781187.740640047,0.406737189
962,962,1763420.456967742,5781168.726210427,0.692687497
963,963,1763270.22351206,5781160.70584,0.027087866
964,964,1763340.96138757,5781159.494134168,0.359226419
965,965,1757850.545358484,5781257.867024454,1.144425882
966,966,1757866.298944228,5781257.561452392,1.220148104
967,967,1758225.976529051,5781270.721054131,1.20697465
968,968,1761933.65606961,5781183.930712406,-0.190267856
969,969,1762483.620638195,5781167.136638841,0.463694373
970,970,1763293.833756798,5781151.437375979,0.369333329
971,971,1762655.421963166,5781153.072131134,0.922605255
972,972,1762668.141583633,5781169.913467715,1.460635044
973,973,1758113.042568815,5781253.074503493,1.093163444
974,974,1762647.14656764,5781133.292707061,0.858650003
975,975,1758070.478622639,5781213.501995859,1.013833332
976,976,1761449.083746575,5781147.176563574,0.251291663
977,977,1762639.070428754,5781123.481703231,0.831461547
978,978,1761465.059260988,5781137.095037598,0.241836362
979,979,1762630.831184803,5781113.466192178,0.870381829
980,980,1761370.49382253,5781128.790652374,0.144810812
981,981,1762607.009602888,5781104.385319251,0.662945448
982,982,1763717.652130271,5781082.117497263,0.211946426
983,983,1761457.034173922,5781117.221084382,0.849116877
984,984,1762453.906094438,5781105.517613672,0.568828204
985,985,1757878.631258499,5781210.411160987,1.082775752
986,986,1758038.196880589,5781174.240480961,0.978775012
987,987,1761173.176768808,5781112.755873947,-0.389171808
988,988,1761393.816633069,5781148.465547241,0.407419873
989,989,1762481.556210695,5781087.990662137,0.22103509
990,990,1762584.580238868,5781094.627311856,0.50146281
991,991,1761246.19190903,5781117.741469164,0.144512067
992,992,1761285.703215806,5781101.478181177,1.126931163
993,993,1761480.461074516,5781097.822177529,0.848460309
994,994,1762489.499250066,5781078.23107075,0.155279073
995,995,1761151.995755487,5781099.074085344,0.346078792
996,996,1761897.451430763,5781078.434995254,0.29326027
997,997,1755234.175547795,5781197.405233154,1.246534461
998,998,1755291.170451626,5781449.850755588,0.282629303
999,999,1761542.579960862,5781081.414626659,1.317469138
1000,1000,1763094.940365477,5781045.118666235,0.841179108
1001,1001,1757904.049671504,5781148.403239159,1.058989597
1002,1002,1761566.441528025,5781065.369653274,0.60837838
1003,1003,1763102.921841409,5781035.516013593,0.936903852
1004,1004,1763110.926875273,5781026.146517157,1.11
1005,1005,1762404.675163522,5781051.039955856,0.320934926
1006,1006,1762527.209041903,5781026.490349565,0.873211253
1007,1007,1763125.592956357,5781014.218039148,1.433565177
1008,1008,1762576.30394424,5781019.324398464,0.544455031
1009,1009,1763849.907925627,5780989.495572194,0.586962027
1010,1010,1762361.010033027,5781020.982559561,0.1325858
1011,1011,1762550.298085447,5781006.037357991,0.915150686
1012,1012,1763151.432070339,5781015.329005237,0.927989716
1013,1013,1763164.425193937,5780993.296175064,0.388263162
1014,1014,1763825.921996488,5780980.213755626,0.424036359
1015,1015,1761089.121175103,5781025.254063207,-0.748999998
1016,1016,1762565.901272163,5780995.873737996,0.843606069
1017,1017,1763762.706922852,5780971.513655233,0.086867925
1018,1018,1757941.585621922,5781076.602364981,1.116446412
1019,1019,1758005.976431176,5781076.270845501,1.954693848
1020,1020,1761068.968101318,5781015.304107276,-9999.0
1021,1021,1762588.529490415,5780997.737135383,0.684675817
1022,1022,1762620.632468086,5780984.391515845,0.818014083
1023,1023,1763154.770497061,5780981.150525581,1.019143648
1024,1024,1763171.327883496,5780973.212877421,0.315180003
1025,1025,1758013.278184548,5781066.680277175,1.550418635
1026,1026,1761056.792448777,5781005.364748748,-0.743866666
1027,1027,1761845.758345633,5780992.984162124,0.503483702
1028,1028,1762171.669501007,5780984.583097875,0.393963642
1029,1029,1763164.171086529,5780963.764045278,0.549464794
1030,1030,1755161.179794809,5781109.542737093,0.931347217
1031,1031,1757925.003843443,5781068.861105492,0.959132424
1032,1032,1761040.841810133,5780995.707867809,-0.726000011
1033,1033,1763705.080126432,5780966.612401993,0.469842144
1034,1034,1758036.24639884,5781045.539702845,1.218876965
1035,1035,1758041.688329456,5781104.447396517,1.060810882
1036,1036,1761024.243119067,5780982.730676245,-0.419473125
1037,1037,1761803.870054267,5780970.694935047,0.489751799
1038,1038,1761756.530275178,5780951.805402252,0.472779667
1039,1039,1763494.363112132,5780928.341281696,0.704288375
1040,1040,1763706.08661037,5780917.025141905,0.48321495
1041,1041,1761736.986007178,5780942.220170323,0.483698113
1042,1042,1763501.765969704,5780906.990952834,1.111450683
1043,1043,1763264.066282772,5780901.755096179,0.160656411
1044,1044,1763508.627489961,5780896.635281951,0.88655556
1045,1045,1763674.770857089,5780898.556440162,-0.081625004
1046,1046,1757947.664342394,5781019.927752629,0.979540666
1047,1047,1763248.970221794,5780886.889836052,0.300156249
1048,1048,1755194.254918673,5781105.986648367,0.611140997
1049,1049,1757955.404012216,5780976.61333323,0.889178559
1050,1050,1762393.549963669,5780889.255629239,0.574512197
1051,1051,1758135.913997287,5780972.740567693,0.739803404
1052,1052,1762372.477398589,5780877.417761278,0.434627331
1053,1053,1763517.436901794,5780851.419385212,0.495440492
1054,1054,1761026.702035925,5780886.500543876,0.492754713
1055,1055,1761688.479691323,5780872.443121351,0.619843127
1056,1056,1763534.616242689,5780840.325664217,0.308015955
1057,1057,1758126.288846088,5780939.877747287,0.643334723
1058,1058,1761034.691113176,5780875.954624199,0.212129627
1059,1059,1763555.376726002,5780826.804473824,0.396169492
1060,1060,1761677.585647645,5780853.043118731,0.568500005
1061,1061,1758021.394655062,5780894.672228726,0.775768521
1062,1062,1764050.656229867,5780776.22069401,0.534086956
1063,1063,1764103.896272528,5780779.557642813,0.056041056
1064,1064,1757983.598160592,5780914.30562506,0.647184823
1065,1065,1761671.552539829,5780813.672483236,0.842200006
1066,1066,1762318.698122949,5780801.516273414,0.512816459
1067,1067,1764058.160590458,5780765.904711533,0.195299999
1068,1068,1758021.001178978,5780875.995126725,0.617411199
1069,1069,1758087.146832758,5780908.65181328,0.724681623
1070,1070,1764081.744187662,5780755.248922947,0.335537055
1071,1071,1764097.187826982,5780755.353014263,0.341759264
1072,1072,1761040.63734123,5780786.293897223,0.420050639
1073,1073,1762257.810858616,5780780.678041279,0.456495052
1074,1074,1764186.455705141,5780724.736723732,1.158540553
1075,1075,1761032.563533993,5780776.481368325,0.375824326
1076,1076,1762217.981425756,5780752.935634414,0.362625003
1077,1077,1761024.489745768,5780766.668831899,0.3688919
1078,1078,1762198.091377251,5780743.359746708,0.099424998
1079,1079,1763545.260189109,5780722.00693622,0.595801592
1080,1080,1755100.867465057,5780964.5198001,0.399711327
1081,1081,1760889.956130941,5780763.772521472,0.164851851
1082,1082,1763529.04899777,5780706.777597222,0.79117498
1083,1083,1760910.312965946,5780749.56717527,0.189196262
1084,1084,1760923.667635315,5780738.746452773,0.24868889
1085,1085,1763135.394054371,5780703.85200359,0.409269231
1086,1086,1763542.467897475,5780694.273486884,0.559911461
1087,1087,1760898.225838498,5780730.981512877,1.241795891
1088,1088,1762064.365047237,5780706.178052533,0.409766664
1089,1089,1763175.110017317,5780697.511287491,0.525441979
1090,1090,1763185.796749439,5780683.721713002,0.581312496
1091,1091,1763560.137454273,5780676.49217944,0.252756756
1092,1092,1760860.521925027,5780747.592091923,0.59341844
1093,1093,1760913.569174859,5780725.534265658,0.568882816
1094,1094,1762071.425800671,5780696.605695848,0.33445588
1095,1095,1763205.875420919,5780675.438640199,0.398256413
1096,1096,1763568.225126073,5780667.146515789,0.460821431
1097,1097,1760936.938023512,5780709.51180761,0.48479412
1098,1098,1763583.270448461,5780655.943350339,1.107818173
1099,1099,1760668.514030891,5780704.107167718,-0.231127265
1100,1100,1760684.266915531,5780703.79610123,-0.19784905
1101,1101,1760980.245124108,5780727.982921273,0.44617857
1102,1102,1762377.844553428,5780669.240732063,0.697134612
1103,1103,1763591.326337605,5780646.442531696,1.335417913
1104,1104,1760739.523023951,5780692.732442457,-0.243814803
1105,1105,1760826.401289104,5780703.586256693,0.350151341
1106,1106,1763599.420479345,5780637.505056567,0.642952364
1107,1107,1760715.962218882,5780684.046072147,0.402672416
1108,1108,1760802.800472627,5780683.580296689,0.200368422
1109,1109,1760632.21923566,5780675.832002525,1.734238123
1110,1110,1760731.395993244,5780679.036359972,1.700747974
1111,1111,1760613.418870953,5780685.465394286,0.000532442
1112,1112,1760750.73941828,5780671.217483593,0.241889472
1113,1113,1760451.309842513,5780648.35808024,-0.332924371
1114,1114,1760411.753883075,5780634.988076787,-0.307899993
1115,1115,1760200.999451694,5780642.169567568,0.059596028
1116,1116,1760281.230449409,5780622.226989396,0.536082187
1117,1117,1760296.694599773,5780620.754551074,-0.154442315
1118,1118,1760454.354675703,5780618.510446901,3.062517228
1119,1119,1760467.910022817,5780631.337649132,-0.077275259
1120,1120,1754570.443292099,5780722.296815978,1.161253347
1121,1121,1754596.353768705,5780727.313139683,0.776518871
1122,1122,1760289.418091141,5780613.94192405,0.503772726
1123,1123,1765983.255595884,5780497.493139716,0.086923076
1124,1124,1760304.556500994,5780608.339979877,-0.196925625
1125,1125,1762288.522201764,5780563.287089121,0.453432023
1126,1126,1754584.471620593,5780704.340507653,0.798988062
1127,1127,1765959.064981422,5780478.249082378,0.244854551
1128,1128,1762299.414876399,5780542.318120196,1.685742391
1129,1129,1763029.386850625,5780527.830687919,0.865514279
1130,1130,1765918.163745218,5780476.937466918,0.146821883
1131,1131,1762250.407183499,5780544.545133365,0.657830991
1132,1132,1765919.431195016,5780458.904371255,1.145413327
1133,1133,1762351.473404166,5780521.258356936,0.761465736
1134,1134,1763052.283472887,5780506.951093861,0.851000022
1135,1135,1755058.003020665,5780663.848584274,0.96918421
1136,1136,1762233.476929625,5780513.289311858,0.899777791
1137,1137,1755071.330173451,5780748.659645714,0.559015936
1138,1138,1755096.472685768,5780632.726917545,0.1138
1139,1139,1755072.826301282,5780623.019155477,1.268550017
1140,1140,1760438.659802301,5780518.997903652,0.685241391
1141,1141,1755724.488961102,5780605.777912847,0.043530333
1142,1142,1760452.366793853,5780509.16990585,0.540369863
1143,1143,1761887.561177357,5780480.265369897,0.581685703
1144,1144,1760460.513230149,5780500.526099087,0.590775484
1145,1145,1761894.029643801,5780472.019473229,0.496883717
1146,1146,1754481.513450282,5780603.603272529,0.575207544
1147,1147,1754528.77028938,5780602.705906333,0.559537046
1148,1148,1755111.46496195,5780592.55334225,-0.144333326
1149,1149,1760475.823411624,5780489.274156932,0.981421045
1150,1150,1755906.818600526,5780590.170861874,0.157185542
1151,1151,1760491.093249125,5780478.374623385,1.301972953
1152,1152,1764010.307436987,5780415.768565184,-0.016360812
1153,1153,1764043.048740005,5780407.198753152,0.970049993
1154,1154,1754481.148631597,5780584.393501989,0.457400002
1155,1155,1755883.102625011,5780557.65463428,0.240574998
1156,1156,1760499.239004455,5780469.614577836,2.477979191
1157,1157,1763957.642157143,5780404.438803112,0.205163266
1158,1158,1764058.600507134,5780396.912742119,1.567987009
1159,1159,1760514.529566477,5780458.508609791,2.175651492
1160,1160,1763924.503257053,5780389.643002925,0.450864866
1161,1161,1764074.532647822,5780387.942015574,1.603934421
1162,1162,1755103.173725979,5780562.587820917,0.138668067
1163,1163,1755977.372742131,5780543.136394506,-9999.0
1164,1164,1760530.097188075,5780448.701260844,1.59549087
1165,1165,1763912.487991037,5780379.912890994,0.558526674
1166,1166,1755646.82015697,5780532.262228336,-0.332375002
1167,1167,1755677.140076902,5780552.061295671,0.026439493
1168,1168,1755721.633298881,5780537.543630715,-9999.0
1169,1169,1763777.891010049,5780372.859636734,0.78312606
1170,1170,1765916.773737354,5780328.58704244,-0.04814546
1171,1171,1755102.603650364,5780532.682839983,0.186743592
1172,1172,1755653.931487004,5780522.153725479,0.333675002
1173,1173,1760617.165899443,5780426.416180901,0.468455111
1174,1174,1760647.250213883,5780425.302843449,0.751400032
1175,1175,1763813.619068428,5780361.231977224,1.335294089
1176,1176,1763885.059320981,5780366.952140025,0.77458216
1177,1177,1755716.94581485,5780511.252704251,0.073052632
1178,1178,1755802.981990201,5780533.615114755,0.190021675
1179,1179,1760584.578195681,5780417.316035428,0.879899985
1180,1180,1762167.294753006,5780384.24043253,0.920557694
1181,1181,1763648.184747705,5780355.502773399,0.567750003
1182,1182,1763829.087466209,5780357.292949077,1.159418598
1183,1183,1763844.923159909,5780350.629132706,1.055547177
1184,1184,1754417.004425858,5780525.779681353,0.465687503
1185,1185,1755094.347511601,5780512.896329009,0.354375007
1186,1186,1755748.049236674,5780499.681878162,0.219528318
1187,1187,1760245.172919987,5780413.287315564,0.330592584
1188,1188,1760600.06682548,5780408.343236834,1.638488351
1189,1189,1763395.794319768,5780350.416051446,1.253825013
1190,1190,1763860.69268745,5780348.451661004,1.823119641
1191,1191,1755632.143303602,5780503.213162692,0.004441864
1192,1192,1755763.875283667,5780492.231627227,0.037217387
1193,1193,1755818.743016421,5780488.356467566,3.373030323
1194,1194,1760670.30378721,5780399.883241611,0.742842698
1195,1195,1760190.871427329,5780384.959215553,0.040121019
1196,1196,1760237.025717741,5780383.530969612,0.37098183
1197,1197,1764354.838558685,5780301.90318879,2.373823552
1198,1198,1755077.835345645,5780473.323283904,0.464225008
1199,1199,1755629.159007206,5780462.796253033,0.770274996
1200,1200,1760131.805215555,5780381.594233729,-0.209247584
1201,1201,1760228.790236275,5780373.513138073,0.396734183
1202,1202,1760110.452449671,5780365.870531468,-0.235324334
1203,1203,1760173.767204909,5780366.528766699,0.420511108
1204,1204,1760189.202089172,5780363.596534874,0.21861539
1205,1205,1760208.903674238,5780363.932484857,0.31883125
1206,1206,1764127.633327589,5780302.616579998,1.213145582
1207,1207,1764135.069398336,5780275.852705795,1.566922065
1208,1208,1764142.877153377,5780265.897690498,1.471426642
1209,1209,1755063.205132747,5780447.075179341,0.501082758
1210,1210,1755915.96632764,5780422.403079011,0.010735017
1211,1211,1765806.306223397,5780224.360545061,0.388827976
1212,1212,1755595.783159235,5780449.796007967,0.237055936
1213,1213,1763728.71976085,5780253.620059814,0.810463612
1214,1214,1764158.095632533,5780245.451744664,1.557584413
1215,1215,1754901.448423539,5780419.760208413,-0.002132077
1216,1216,1755013.68763206,5780414.713783076,0.880974998
1217,1217,1765760.362267769,5780205.490396859,-0.049605523
1218,1218,1755548.90931719,5780394.734750164,0.212481481
1219,1219,1763390.947110012,5780244.821096027,1.090945533
1220,1220,1763719.208139541,5780238.60721143,1.377248815
1221,1221,1764165.820044986,5780225.575197456,2.216906289
1222,1222,1765885.169030991,5780192.757125719,0.222377095
1223,1223,1755033.603951163,5780403.254541428,0.629478387
1224,1224,1763377.639795745,5780231.110981505,0.855468355
1225,1225,1765690.018635549,5780187.914360387,0.155303031
1226,1226,1765841.518704586,5780187.462523209,0.192682493
1227,1227,1757456.961797392,5780343.982262301,-0.487174363
1228,1228,1764176.85254499,5780217.344283238,1.109863006
1229,1229,1765803.270619413,5780172.066108542,0.31372959
1230,1230,1764353.715625384,5780191.713977645,0.340944442
1231,1231,1765644.300891172,5780168.655922202,-0.077345501
1232,1232,1765775.501183093,5780162.659386677,0.454120007
1233,1233,1764439.773286239,5780188.082199762,1.070079511
1234,1234,1765791.043270513,5780152.374623785,1.244471703
1235,1235,1764391.137099002,5780197.614704858,0.414480585
1236,1236,1765566.379368632,5780146.972660456,0.516487174
1237,1237,1765600.209923223,5780149.458369651,-0.051400749
1238,1238,1765751.874750524,5780147.519328183,0.64064608
1239,1239,1763211.242459164,5780184.588487343,0.778700016
1240,1240,1764400.527231307,5780162.567674614,0.686113628
1241,1241,1764424.484473867,5780162.113849697,2.066543513
1242,1242,1754382.081598482,5780346.220997347,0.648142863
1243,1243,1754421.461117435,5780345.473652519,0.610169801
1244,1244,1764368.816909496,5780151.310985183,0.857800004
1245,1245,1765555.450424843,5780130.361158986,0.00069056
1246,1246,1765719.556399392,5780123.908658297,0.687934212
1247,1247,1754521.539100631,5780333.707235638,0.610123892
1248,1248,1755517.06733559,5780345.959068563,0.296749022
1249,1249,1754364.474234917,5780335.2328166,1.130009522
1250,1250,1754408.617186582,5780334.753860045,1.404643621
1251,1251,1754436.848313123,5780325.964867229,0.84109998
1252,1252,1765513.869272158,5780110.999996282,0.313096293
1253,1253,1754452.610529792,5780317.76075437,0.967727255
1254,1254,1754483.941082312,5780317.141419641,3.701088868
1255,1255,1755515.500161194,5780295.653408854,0.600909089
1256,1256,1765670.121951575,5780102.297227944,0.68287879
1257,1257,1754294.432494829,5780308.723215979,0.686186047
1258,1258,1754563.896674705,5780311.521275887,2.326542304
1259,1259,1754617.61477968,5780302.587642427,0.649259739
1260,1260,1755751.90241167,5780289.390046666,0.151392344
1261,1261,1764196.558585596,5780130.475370953,0.886580372
1262,1262,1764217.793312633,5780114.470727487,0.473269217
1263,1263,1765496.442206278,5780088.559874205,-0.347806468
1264,1264,1754586.43263412,5780294.642421767,1.547603741
1265,1265,1754627.465002564,5780292.428508533,0.655505265
1266,1266,1763217.34423809,5780124.631298283,0.818882352
1267,1267,1765651.548247743,5780075.529178632,1.099408461
1268,1268,1765667.274056128,5780076.284334738,1.6125667
1269,1269,1754270.504347683,5780296.29662225,0.655324837
1270,1270,1754601.802973238,5780289.435286051,0.881084619
1271,1271,1760181.664792875,5780181.015256677,0.117014815
1272,1272,1760279.995261118,5780173.059093564,0.484124998
1273,1273,1763195.158485846,5780119.486690597,1.201701748
1274,1274,1764210.189804854,5780099.665418056,1.059825003
1275,1275,1765378.027811854,5780076.524161116,0.584047402
1276,1276,1765474.182636694,5780069.067554408,-0.086012498
1277,1277,1765609.213050792,5780080.938843975,0.636886104
1278,1278,1754180.636616637,5780283.237404629,0.930219588
1279,1279,1754617.364368259,5780279.147162634,1.065928065
1280,1280,1755477.558598935,5780280.304949235,0.277032727
1281,1281,1763202.068000108,5780105.593122048,1.094571433
1282,1282,1765489.304599059,5780058.203011947,0.042305543
1283,1283,1754131.166032307,5780272.585589065,1.582439332
1284,1284,1754232.31466052,5780278.201608904,0.73912536
1285,1285,1754314.887367213,5780283.212039335,1.226967554
1286,1286,1754632.592221116,5780267.483643552,0.947804579
1287,1287,1755719.473972724,5780241.684131304,0.188675676
1288,1288,1760306.236581342,5780160.906664569,0.487143972
1289,1289,1754164.527916633,5780269.220739327,1.478387106
1290,1290,1755453.940350384,5780241.075401356,0.356102699
1291,1291,1763265.137884062,5780085.220305506,1.135820004
1292,1292,1754195.876472947,5780258.645976661,1.275785732
1293,1293,1754317.581384366,5780255.620507269,1.672871793
1294,1294,1765508.380095825,5780032.896409193,0.549146794
1295,1295,1765618.858771271,5780015.53325887,0.797461526
1296,1296,1755671.456031956,5780202.715414427,0.434882099
1297,1297,1763476.085855016,5780079.480158088,1.713172645
1298,1298,1765563.384439292,5780007.624749038,0.655589296
1299,1299,1762436.032083867,5780060.489164338,0.936580014
1300,1300,1763303.518697484,5780043.914927189,1.004539691
1301,1301,1763491.974567184,5780039.337028986,1.301474993
1302,1302,1764232.132338281,5780029.414559488,0.656558561
1303,1303,1755655.418338945,5780188.064309176,0.497424828
1304,1304,1763311.452778459,5780034.988450316,1.105608687
1305,1305,1763499.804889623,5780028.99941669,1.034792477
1306,1306,1764215.485891824,5780022.970748207,2.047473662
1307,1307,1765534.270436052,5779995.4027592,0.639190567
1308,1308,1755465.958927484,5780176.936492756,0.592672722
1309,1309,1763326.661644025,5780023.536324912,0.916399998
1310,1310,1764225.336657763,5780006.14072345,1.908422224
1311,1311,1765508.373573147,5779978.618515139,0.709759244
1312,1312,1762490.985522212,5780029.682621484,1.016071437
1313,1313,1763341.158103617,5780012.449004565,0.853921575
1314,1314,1764232.910601258,5779995.997101014,0.669531894
1315,1315,1765515.116258635,5779964.390541646,1.453463224
1316,1316,1763545.88874877,5779977.691268045,1.068037719
1317,1317,1765341.0208552,5779942.131167637,0.704083346
1318,1318,1763534.32174987,5779968.003252264,1.032953261
1319,1319,1763557.523578266,5779968.562370426,1.097242967
1320,1320,1765483.157710806,5779929.268430257,0.529224999
1321,1321,1765475.079094934,5779919.460150465,0.632858981
1322,1322,1765467.000498071,5779909.651863154,0.703387503
1323,1323,1755650.095087114,5780094.016570363,0.428962617
1324,1324,1755389.437997218,5780151.996962884,0.450676743
1325,1325,1765309.233613644,5779892.70639838,0.846055579
1326,1326,1765454.781264143,5779889.955172085,0.644137505
1327,1327,1754779.603555048,5780090.668335209,0.718265618
1328,1328,1755324.568081407,5780076.957436884,0.380626732
1329,1329,1755645.37165178,5780063.900068258,0.536243253
1330,1330,1762678.167234763,5779926.009650877,0.856350006
1331,1331,1754822.388514405,5780069.923152023,0.444801886
1332,1332,1755653.442767795,5780054.473366148,0.597919346
1333,1333,1763367.522752624,5779902.806831661,0.916264149
1334,1334,1754802.637423969,5780060.5181252,0.722584612
1335,1335,1755313.643592922,5780055.508143297,0.391349059
1336,1336,1755668.467776995,5780043.303342673,2.238216215
1337,1337,1762669.892812304,5779906.230244801,0.725925004
1338,1338,1763339.17563608,5779893.02702441,0.928132064
1339,1339,1763441.700598115,5779890.032697811,1.137062515
1340,1340,1764835.722880959,5779862.632333736,1.01452499
1341,1341,1764851.629141392,5779862.102245108,1.01040741
1342,1342,1765355.368459575,5779852.29385992,0.076407408
1343,1343,1765406.715919968,5779851.041985323,0.937287499
1344,1344,1754810.470829208,5780051.323181605,0.934537048
1345,1345,1755699.561006832,5780032.861342328,0.21061111
1346,1346,1763316.768752624,5779884.023820892,0.939745221
1347,1347,1763457.703668698,5779881.414513267,1.1843934
1348,1348,1754825.841165191,5780040.420456388,1.591232139
1349,1349,1762242.042002347,5779894.829778984,0.222808993
1350,1350,1763473.240614648,5779871.069730224,1.250421882
1351,1351,1764765.73942785,5779851.898355652,0.786449212
1352,1352,1754841.15452941,5780034.715215846,1.828764241
1353,1353,1754871.825195266,5780033.363022014,0.296834525
1354,1354,1763275.879035597,5779863.964778751,0.964925925
1355,1355,1763488.380487566,5779859.919428773,1.11832468
1356,1356,1754856.636186281,5780024.086390707,1.2161208
1357,1357,1754864.800108975,5780010.490510152,1.224860008
1358,1358,1754895.487026624,5780008.323246225,0.249444448
1359,1359,1755711.051691138,5780005.166243373,0.367781251
1360,1360,1762219.82747966,5779865.563351976,0.256037037
1361,1361,1762653.307861502,5779856.907483402,0.560037026
1362,1362,1754880.029640601,5780004.262126938,0.966868969
1363,1363,1762645.069766661,5779846.892010968,0.638100021
1364,1364,1763230.493479974,5779856.037596026,1.172568675
1365,1365,1763527.309003976,5779829.412391761,1.071345433
1366,1366,1765246.683106896,5779794.857933819,0.869035084
1367,1367,1754888.223870128,5779989.753666309,3.783142815
1368,1368,1755714.322548312,5779972.539251206,0.757658231
1369,1369,1762633.056960597,5779837.159754277,0.589962498
1370,1370,1754903.036280394,5779978.170037764,1.006623372
1371,1371,1762298.437936498,5779835.757585176,0.53822
1372,1372,1763519.486942355,5779816.296637598,1.340188505
1373,1373,1764684.935409442,5779799.55124181,0.288076241
1374,1374,1754910.060403417,5779967.951649006,1.378428554
1375,1375,1754926.437075445,5779970.378248518,0.207455554
1376,1376,1763527.453182055,5779800.219861418,1.316307696
1377,1377,1764597.43310911,5779767.731756281,0.430066663
1378,1378,1765107.974424069,5779760.104963192,0.861905422
1379,1379,1765353.868705402,5779742.417906596,0.861919987
1380,1380,1754928.105651246,5779947.662854546,1.020939697
1381,1381,1754941.721421086,5779937.223869364,0.064075473
1382,1382,1755713.36827465,5779922.697547183,0.047512822
1383,1383,1764534.169023085,5779748.845518717,1.199815779
1384,1384,1764565.527135294,5779748.432180555,-0.525555553
1385,1385,1764584.793792612,5779748.0359866,-0.552444448
1386,1386,1755705.301923363,5779912.879738688,0.071175001
1387,1387,1763527.314664917,5779759.350945569,1.549976754
1388,1388,1763541.913265219,5779767.157863535,1.387553738
1389,1389,1764533.621370429,5779729.132434942,-0.509743588
1390,1390,1765361.136227369,5779712.352346863,1.330750003
1391,1391,1763572.926112036,5779740.70539807,1.423739104
1392,1392,1765368.234938041,5779702.235428744,1.480450006
1393,1393,1755697.140208518,5779883.601338455,0.67956945
1394,1394,1764170.940574698,5779716.515171039,-0.644974686
1395,1395,1764362.80626221,5779725.454860924,0.614383628
1396,1396,1764501.700951576,5779709.105798276,-0.287020827
1397,1397,1765829.576644207,5779695.182427749,0.63637702
1398,1398,1755712.653608769,5779873.234760657,0.461794116
1399,1399,1762368.82012412,5779744.383754991,0.7897353
1400,1400,1755728.230257482,5779863.09816629,0.655702696
1401,1401,1755743.454855772,5779857.631358268,0.639767438
1402,1402,1755759.271680408,5779851.28713365,0.397192309
1403,1403,1762445.435227243,5779721.447366129,0.947345455
1404,1404,1755767.299300647,5779842.796319136,1.035718758
1405,1405,1765773.996482333,5779661.745853291,0.54565157
1406,1406,1755782.458552906,5779837.499482986,0.613137497
1407,1407,1754936.622635053,5779873.492520678,0.916594408
1408,1408,1755254.529969332,5779831.955657817,0.593145462
1409,1409,1765707.27841216,5779626.133770772,0.35470293
1410,1410,1762153.385526617,5779686.44992046,0.810851841
1411,1411,1764147.471434335,5779648.029699621,0.761977262
1412,1412,1764791.699269071,5779634.155134046,1.524949965
1413,1413,1765106.566070417,5779627.977853606,0.333145466
1414,1414,1765742.800914476,5779634.749669199,0.487282339
1415,1415,1764169.494251176,5779636.971810316,0.673129616
1416,1416,1764723.174042502,5779650.039348143,0.719655292
1417,1417,1765523.921720532,5779609.315307639,2.704051317
1418,1418,1765694.451017331,5779606.198219341,0.361181818
1419,1419,1765728.685683673,5779605.14592063,0.188950001
1420,1420,1765649.907668165,5779595.203814952,0.465735848
1421,1421,1765743.180303957,5779595.621684471,1.342206885
1422,1422,1764161.7882737,5779624.006643926,0.804915261
1423,1423,1764621.870894462,5779612.662538784,0.400705325
1424,1424,1765114.556930061,5779598.949932343,0.815542389
1425,1425,1765444.606133917,5779591.191468809,0.392056604
1426,1426,1765531.78208997,5779596.618321583,0.253619444
1427,1427,1765617.867502405,5779587.665538822,0.028074072
1428,1428,1765671.442888759,5779586.898414544,0.294886365
1429,1429,1761901.790150604,5779653.438063874,0.83709092
1430,1430,1764169.408271986,5779607.485878292,0.937569237
1431,1431,1765129.90845973,5779588.02718995,0.923344263
1432,1432,1764611.819382641,5779591.812774151,0.972913045
1433,1433,1765016.334051048,5779608.135039338,0.428276474
1434,1434,1765144.939062338,5779580.80004108,0.807383931
1435,1435,1765629.856732085,5779567.85272799,-0.102336472
1436,1436,1761940.067216724,5779633.183623053,0.950927284
1437,1437,1762104.800225476,5779628.518821203,0.885399994
1438,1438,1764601.476088381,5779578.171307888,0.734270275
1439,1439,1764961.112645673,5779570.486773716,0.711060877
1440,1440,1765160.529957452,5779572.531287666,0.762428577
1441,1441,1754921.823848673,5779758.315530036,0.208999997
1442,1442,1765180.623832928,5779563.942308262,0.71951034
1443,1443,1765207.505390314,5779545.967537489,0.427643844
1444,1444,1765739.962978826,5779518.434686769,0.205564518
1445,1445,1762025.903220895,5779585.080588138,0.842196093
1446,1446,1764592.59203623,5779528.488275192,0.853864871
1447,1447,1764608.728652776,5779531.493020987,1.22559649
1448,1448,1762497.946499455,5779561.487365047,0.858349215
1449,1449,1761994.029243013,5779568.752253533,0.927210524
1450,1450,1762009.054245272,5779560.554485708,1.242959507
1451,1451,1765349.918152808,5779498.162575766,0.362436305
1452,1452,1765420.372841961,5779492.477575868,-0.300649691
1453,1453,1761504.823583995,5779559.739832507,0.748509423
1454,1454,1762520.761763665,5779540.233006385,0.972762509
1455,1455,1764354.44101628,5779504.295177887,0.879723921
1456,1456,1764560.485291695,5779499.220224854,1.035905397
1457,1457,1765458.28133132,5779481.006741921,0.536746834
1458,1458,1754735.90517715,5779687.064789718,0.179612498
1459,1459,1754755.059533882,5779686.129081223,0.146444444
1460,1460,1754873.053381926,5779679.468671904,0.1492
1461,1461,1761465.263330297,5779551.280026463,1.071624988
1462,1462,1764170.451993905,5779497.129348584,-0.170509937
1463,1463,1765388.465776209,5779473.181190209,0.006801287
1464,1464,1765438.39005124,5779471.438733132,0.528339869
1465,1465,1765477.790061372,5779470.657522033,0.757597477
1466,1466,1765583.651823219,5779472.897818331,-0.349354541
1467,1467,1761441.439424242,5779541.780559636,1.113093333
1468,1468,1764217.930134784,5779486.782712159,0.285845452
1469,1469,1764243.693993811,5779504.475336331,0.10322827
1470,1470,1764426.688162884,5779483.608548437,0.832117625
1471,1471,1764559.548550501,5779480.205958648,1.297650007
1472,1472,1765302.488773674,5779471.708637907,0.357058062
1473,1473,1765323.979377941,5779463.06523118,0.469961544
1474,1474,1765489.696165901,5779461.103898119,1.382225813
1475,1475,1754684.241969705,5779663.117581593,0.368325003
1476,1476,1754699.97864816,5779662.091182239,0.20365385
1477,1477,1754855.78891151,5779660.385105367,0.091415729
1478,1478,1761409.777164056,5779532.382834628,1.192582274
1479,1479,1761425.49090759,5779532.124733304,1.115094577
1480,1480,1764442.332870135,5779473.808418913,0.948659572
1481,1481,1765339.968068706,5779455.252298208,0.508437494
1482,1482,1765426.43583133,5779453.851101304,0.845541666
1483,1483,1765505.467751043,5779451.262875235,1.034456123
1484,1484,1765520.536210843,5779439.93038508,0.750154927
1485,1485,1754636.611439907,5779644.079325395,0.491774137
1486,1486,1755685.273954328,5779624.702018087,0.723705887
1487,1487,1761430.859903199,5779515.951600649,0.704903357
1488,1488,1763709.641805357,5779487.834560268,1.260496238
1489,1489,1765547.826951005,5779428.970980658,0.509530432
1490,1490,1754597.445633996,5779625.396166163,0.60512206
1491,1491,1755692.125313327,5779610.22644871,0.770769223
1492,1492,1755703.357589182,5779639.450285371,0.372572012
1493,1493,1761377.463659174,5779493.16662573,2.837813327
1494,1494,1764899.159957968,5779422.64672879,0.761571433
1495,1495,1765536.23489841,5779416.591493933,1.349359378
1496,1496,1755037.523370883,5779606.739542846,0.525872744
1497,1497,1764196.452434386,5779427.004522282,0.038603772
1498,1498,1764279.390217087,5779462.485848717,0.655504735
1499,1499,1765548.088465578,5779399.665287878,2.214446151
1500,1500,1755699.595066648,5779590.083095561,0.819902987
1501,1501,1755722.475899019,5779583.68302878,0.515200002
1502,1502,1761345.551162802,5779473.876717491,0.983746651
1503,1503,1761392.802797229,5779472.939262323,0.606099983
1504,1504,1763552.575196595,5779429.68322248,0.813054057
1505,1505,1754895.52150796,5779589.326798275,1.033849328
1506,1506,1755021.853924029,5779589.331951069,0.746800001
1507,1507,1760968.626145701,5779469.955688545,1.040697661
1508,1508,1760983.254628452,5779471.290866494,0.890277789
1509,1509,1760998.687135347,5779470.985388259,0.888714292
1510,1510,1761014.437652482,5779470.673605381,0.89983636
1511,1511,1761115.607886236,5779481.848562537,1.500754442
1512,1512,1763571.110126143,5779423.018462718,0.824738205
1513,1513,1763609.421490264,5779419.944884708,1.220633335
1514,1514,1754493.721420339,5779586.963057911,0.796345994
1515,1515,1754901.132259133,5779604.643644483,0.650671913
1516,1516,1755061.076930857,5779578.60548843,0.752999995
1517,1517,1755774.318507814,5779567.027394588,0.531944879
1518,1518,1763629.046280451,5779408.391773499,0.981192288
1519,1519,1764211.854673444,5779401.554471963,0.725515923
1520,1520,1765573.157695547,5779400.662541752,0.311249323
1521,1521,1765723.115014808,5779404.598857608,0.943247357
1522,1522,1754588.558489172,5779576.085132138,0.365616615
1523,1523,1754721.756686167,5779572.86437944,0.538964302
1524,1524,1754832.009003599,5779570.766403703,0.699981825
1525,1525,1755714.190648066,5779553.726842792,0.859450012
1526,1526,1755848.526458376,5779552.085276984,0.611885245
1527,1527,1765566.87482017,5779359.959407255,0.083389831
1528,1528,1754541.790302838,5779569.923149977,0.501727014
1529,1529,1754571.348728267,5779555.900512774,1.447689511
1530,1530,1754705.580695453,5779559.137904285,1.251076917
1531,1531,1754823.754348791,5779550.979640226,0.841107152
1532,1532,1764478.66211294,5779361.550954607,1.007400011
1533,1533,1765589.648844555,5779339.29192102,-0.106485711
1534,1534,1754729.148342342,5779547.943174313,0.873811126
1535,1535,1754831.594726226,5779540.650702339,0.968805182
1536,1536,1765655.335170471,5779361.331395115,0.588903864
1537,1537,1754752.959896877,5779532.848327267,0.820676479
1538,1538,1763660.753653016,5779359.106757595,1.333261904
1539,1539,1764910.296731906,5779346.027653469,0.678494876
1540,1540,1754768.512214984,5779523.984367211,0.815021279
1541,1541,1763668.115497417,5779348.724018991,1.303471681
1542,1542,1763690.626771095,5779347.447531201,0.806272743
1543,1543,1755100.661529262,5779522.129144257,0.582345844
1544,1544,1763698.610882074,5779336.898812939,0.780377351
1545,1545,1755075.557883777,5779495.619272527,1.733597005
1546,1546,1764194.089238898,5779339.137102765,0.883945163
1547,1547,1755067.102546318,5779475.959321812,1.721878405
1548,1548,1758186.724868702,5779423.233598361,0.589711508
1549,1549,1755060.793316493,5779445.002938827,1.700903763
1550,1550,1755094.428682087,5779452.77300359,1.138911873
1551,1551,1764177.079808713,5779247.889896775,0.39250944
1552,1552,1754456.19370731,5779525.475362846,0.990731625
1553,1553,1755128.937404997,5779416.521240935,1.10883928
1554,1554,1755144.312360279,5779407.65272019,1.103406228
1555,1555,1761381.014638091,5779283.906117706,0.936370385
1556,1556,1764208.177851189,5779227.317003238,1.000500003
1557,1557,1758072.621994069,5779323.169512386,0.475669731
1558,1558,1763554.096286962,5779210.371402961,0.413871857
1559,1559,1764208.167965777,5779206.195313623,0.429028248
1560,1560,1758120.461518769,5779358.638096336,0.800829194
1561,1561,1760191.091889056,5779267.540694023,0.814962265
1562,1562,1761333.127963149,5779244.758975485,0.712599992
1563,1563,1764231.402469472,5779188.683987926,0.338803926
1564,1564,1760869.127771119,5779244.27441621,0.881599991
1565,1565,1760876.651831363,5779235.916829837,0.924777781
1566,1566,1763640.435363224,5779180.029642632,0.208999998
1567,1567,1764122.267308008,5779182.904580997,0.521877946
1568,1568,1763450.764046296,5779172.766544699,0.478263164
1569,1569,1764080.908183981,5779159.142933974,0.358
1570,1570,1757953.810991386,5779271.410074572,0.584407406
1571,1571,1757969.560933542,5779271.104176987,0.670622643
1572,1572,1759787.552231749,5779236.290992868,0.220648146
1573,1573,1763417.510490986,5779163.786187354,0.560355916
1574,1574,1763596.00284947,5779175.613600465,0.532207042
1575,1575,1759769.386104925,5779225.091489321,0.386870367
1576,1576,1764269.884792323,5779136.493106956,0.457179104
1577,1577,1764283.744596416,5779136.042352878,1.284905643
1578,1578,1759828.112519168,5779215.709854088,0.511272726
1579,1579,1763403.067735737,5779143.599695919,0.779537492
1580,1580,1763552.833628437,5779142.719268852,1.016000009
1581,1581,1763576.063212774,5779142.405900406,1.531547647
1582,1582,1764057.915664291,5779137.632235594,0.282910773
1583,1583,1759611.489163773,5779209.506797658,-0.039641511
1584,1584,1763379.092184776,5779126.629559372,0.647287496
1585,1585,1759859.247453297,5779184.740224607,0.632447753
1586,1586,1759600.24773639,5779180.068877367,1.386418798
1587,1587,1759704.79862751,5779201.656403544,0.266281578
1588,1588,1763365.616503035,5779110.968338759,0.733302621
1589,1589,1763839.114116171,5779095.018775975,2.875986055
1590,1590,1758264.803390729,5779217.309002597,0.108705056
1591,1591,1759563.111316019,5779187.755937753,0.796567186
1592,1592,1759882.339272003,5779164.595403813,0.849863632
1593,1593,1759943.388100176,5779178.7459183,0.575411764
1594,1594,1760077.271243666,5779209.837340222,0.670390288
1595,1595,1763815.852119843,5779106.621171198,0.400746373
1596,1596,1759637.842724684,5779158.84845567,0.528973335
1597,1597,1759898.054270495,5779154.566293693,0.761403852
1598,1598,1755746.68544746,5779224.019567659,0.274519228
1599,1599,1755762.854416532,5779223.917663213,0.149481483
1600,1600,1755778.773010632,5779224.132147665,0.019899998
1601,1601,1755797.739856101,5779226.491909257,-0.143583846
1602,1602,1758258.584885289,5779165.567828461,0.56168628
1603,1603,1759542.601723199,5779140.675959986,0.592124995
1604,1604,1755730.5541719,5779204.384454316,0.239377359
1605,1605,1758282.425793869,5779155.327529,0.429814809
1606,1606,1757327.85912568,5779144.634366479,0.467582824
1607,1607,1758273.562767897,5779125.393866482,0.627807708
1608,1608,1764113.569263059,5779000.234795558,-0.072980585
1609,1609,1757296.474188623,5779128.678061252,0.460999998
1610,1610,1757439.378907828,5779122.770269143,0.608953129
1611,1611,1757273.441652332,5779114.861672525,0.39706667
1612,1612,1757265.374089543,5779105.045579639,0.378948714
1613,1613,1757478.342187187,5779101.782766078,0.668030769
1614,1614,1757537.480945321,5779100.363431735,0.602226397
1615,1615,1757836.791116106,5779192.575734964,0.735595345
1616,1616,1763998.833816253,5778974.076289343,0.403545455
1617,1617,1757493.489840938,5779096.108012148,0.690540244
1618,1618,1757257.21016805,5779090.245294116,0.375887498
1619,1619,1757525.099039542,5779081.942701715,1.131448976
1620,1620,1757560.292481589,5779079.392956514,1.198582003
1621,1621,1757615.415894696,5779078.324808096,2.051210358
1622,1622,1755728.645380344,5779104.700923429,0.334181817
1623,1623,1758327.346191283,5779034.787110649,-0.004763638
1624,1624,1760898.612964025,5778984.113739531,0.847279229
1625,1625,1755728.830771038,5779076.002508246,0.399067014
1626,1626,1760878.576015155,5778966.046535682,1.003963637
1627,1627,1764076.071502483,5778892.180697806,0.463431365
1628,1628,1763658.766350892,5778912.07452902,0.886791902
1629,1629,1764091.515773841,5778881.377803847,0.543288126
1630,1630,1755720.39166651,5779035.427002469,0.732366176
1631,1631,1763626.538660702,5778880.099963972,0.607169034
1632,1632,1764099.904103386,5778871.397671643,0.729420002
1633,1633,1763634.067470375,5778869.915589643,0.695376629
1634,1634,1755736.264819673,5779016.87987729,0.736025639
1635,1635,1755750.903687817,5779010.732183334,0.828269216
1636,1636,1755774.715494707,5778994.883402858,1.516253996
1637,1637,1764168.627983134,5778829.213717847,0.593109094
1638,1638,1764128.633645281,5778819.840714769,-0.03438889
1639,1639,1764152.67728621,5778819.56316777,0.295462959
1640,1640,1757403.859025981,5778934.951562246,-0.062653284
1641,1641,1761521.847362188,5778856.505551029,0.48774312
1642,1642,1764152.27483835,5778799.626201075,0.259527273
1643,1643,1764144.505270932,5778770.20245258,0.344441176
1644,1644,1757460.12823366,5778907.041289854,0.13266904
1645,1645,1760860.975647423,5778821.246709617,0.951292044
1646,1646,1761568.105163455,5778805.724735972,0.591522925
1647,1647,1757489.720853833,5778874.869249488,0.171514286
1648,1648,1764159.911329343,5778740.440867526,0.479259259
1649,1649,1764167.749734349,5778730.894885358,0.533733328
1650,1650,1755780.141597824,5778884.330369455,-9999.0
1651,1651,1757505.296385472,5778856.656877225,0.194036363
1652,1652,1764213.662077216,5778718.606402638,0.527111105
1653,1653,1755732.090543857,5778868.119489633,-9999.0
1654,1654,1759543.687292331,5778790.394802744,0.380341459
1655,1655,1759519.812275569,5778782.122317986,0.406036366
1656,1656,1755692.74444762,5778845.388946302,-9999.0
1657,1657,1755716.226886698,5778845.874195509,-9999.0
1658,1658,1758330.562911855,5778795.392328105,0.306490571
1659,1659,1760874.207455282,5778745.98769474,0.374939994
1660,1660,1764224.879877782,5778694.596917804,0.513989369
1661,1661,1757550.792605627,5778800.565289524,0.386388886
1662,1662,1759622.218143387,5778760.508115629,0.938084496
1663,1663,1755664.816009067,5778826.70671839,-0.268186048
1664,1664,1759487.032063674,5778770.759865147,0.639964468
1665,1665,1759637.897596925,5778751.320844374,0.967839994
1666,1666,1760573.992507173,5778731.249656362,0.577826076
1667,1667,1764246.546925497,5778662.184252606,0.691387092
1668,1668,1757566.15530497,5778780.32337375,0.442611115
1669,1669,1759407.65749823,5778745.133849406,0.202345678
1670,1670,1759661.232107011,5778740.474648856,1.04286206
1671,1671,1759732.514227456,5778738.637588664,0.775967745
1672,1672,1759377.411444276,5778735.0529435,0.12835185
1673,1673,1759392.834449994,5778734.335495478,0.286071431
1674,1674,1759366.543724941,5778724.687422539,0.179749999
1675,1675,1759740.70051739,5778718.502167086,1.767478254
1676,1676,1759755.014210047,5778716.736527087,0.827326929
1677,1677,1764251.86635566,5778628.715339396,0.831901643
1678,1678,1755557.592949897,5778789.078277151,0.310092584
1679,1679,1759747.60703462,5778704.609665489,1.127206593
1680,1680,1758352.245273631,5778695.248359624,0.081527274
1681,1681,1759328.674715678,5778676.174939928,0.258767854
1682,1682,1758352.174875567,5778675.305373827,0.159290909
1683,1683,1758343.943388342,5778665.285737962,0.351424997
1684,1684,1755564.38276731,5778723.922623793,0.323910835
1685,1685,1758353.592939216,5778645.153464613,0.230659339
1686,1686,1758358.760765772,5778625.316221534,0.176735849
1687,1687,1760146.39719941,5778590.097612235,0.653298701
1688,1688,1757620.496945157,5778613.668652148,0.377577012
1689,1689,1758354.635475449,5778582.200115816,0.335308457
1690,1690,1761847.009014361,5778487.475719807,0.488599997
1691,1691,1761853.873798813,5778476.849481275,0.414130428
1692,1692,1758348.719978341,5778535.554386754,0.513358487
1693,1693,1755555.567347224,5778571.866159723,0.887918029
1694,1694,1761868.508975629,5778436.331644793,0.287123286
1695,1695,1761876.385610641,5778426.499192811,0.234876708
1696,1696,1761994.142227438,5778424.062636911,0.307907409
1697,1697,1762104.536876858,5778421.654714967,0.074013515
1698,1698,1755576.603232536,5778539.206593868,0.576792206
1699,1699,1761884.541799888,5778417.867590732,0.258624996
1700,1700,1755568.53815696,5778529.388975563,0.756698643
1701,1701,1758340.643393787,5778495.822972716,0.569007634
1702,1702,1761899.940406612,5778407.075085934,0.37017308
1703,1703,1761943.619597712,5778404.916358109,0.315473281
1704,1704,1757646.976662756,5778479.592868528,0.636618183
1705,1705,1761915.40834942,5778396.40037779,0.711000003
1706,1706,1755753.625938233,5778506.485911858,0.499619043
1707,1707,1762093.995214107,5778403.912064387,-0.031867755
1708,1708,1755589.856993061,5778517.41602181,0.790769338
1709,1709,1762347.44526553,5778356.973655985,0.583413338
1710,1710,1762361.583858687,5778347.291919434,2.222500026
1711,1711,1755697.786155308,5778481.060102347,0.518016797
1712,1712,1758339.381601463,5778431.028357128,0.525350314
1713,1713,1755653.472570749,5778448.195149265,0.522166667
1714,1714,1756239.748008855,5778436.951576476,0.565943096
1715,1715,1762283.655636515,5778318.357366141,0.42475949
1716,1716,1762315.137856049,5778317.001779278,0.233755104
1717,1717,1762330.886321289,5778316.687371896,0.363129631
1718,1718,1756216.001599935,5778427.902268747,0.615666658
1719,1719,1756204.431968955,5778417.477309146,0.668486497
1720,1720,1761590.177131662,5778312.432002147,0.129811319
1721,1721,1762295.068950458,5778298.184672132,0.005658305
1722,1722,1756177.107632794,5778408.614451803,0.674547163
1723,1723,1756291.370884169,5778408.164504407,0.732181816
1724,1724,1755820.507662715,5778410.400910081,0.547768864
1725,1725,1756153.293944358,5778399.099787502,0.698095246
1726,1726,1756314.598881725,5778397.494426944,0.970190481
1727,1727,1759549.033712797,5778333.974802612,-0.13038972
1728,1728,1755602.954837825,5778411.305894053,1.039094464
1729,1729,1756361.555808297,5778386.39243423,0.792346141
1730,1730,1756100.386674722,5778386.148764277,0.548259134
1731,1731,1761677.485564023,5778275.20132287,0.015040286
1732,1732,1761715.525128119,5778269.842706505,-0.373750001
1733,1733,1755583.087763996,5778379.804497632,1.771303178
1734,1734,1756077.334827449,5778370.265217013,0.623055555
1735,1735,1756093.237769678,5778369.752266641,0.859012512
1736,1736,1762006.514132956,5778254.285084267,-0.615999997
1737,1737,1756085.172430412,5778359.934788617,1.519412489
1738,1738,1758291.464042737,5778316.034700094,1.693813928
1739,1739,1756077.681202021,5778350.107091493,1.700280037
1740,1740,1762108.281324316,5778222.339383408,-0.229490923
1741,1741,1756045.073405899,5778330.996644443,0.576178566
1742,1742,1756060.8214101,5778330.694387005,0.884249978
1743,1743,1758275.230482573,5778286.690945417,2.302414656
1744,1744,1756485.214814947,5778302.385352611,0.645519985
1745,1745,1756471.705141156,5778297.554471917,1.429346673
1746,1746,1756477.540744528,5778282.600770342,0.997452052
1747,1747,1757020.680300036,5778272.325420871,0.325407406
1748,1748,1762085.61293291,5778192.710355913,0.829041345
1749,1749,1756988.991923385,5778262.965247436,0.321999993
1750,1750,1762091.574144323,5778162.734160054,1.96209724
1751,1751,1755807.288204991,5778275.51692424,0.599980379
1752,1752,1756486.119312731,5778263.604749738,1.330940005
1753,1753,1756965.177579907,5778253.452941807,0.181833338
1754,1754,1761902.165630043,5778156.639537375,-0.251818175
1755,1755,1762099.171012992,5778152.506104161,1.808759499
1756,1756,1755784.998890181,5778265.206681787,-9999.0
1757,1757,1756493.477300574,5778253.207906816,1.719491547
1758,1758,1757083.686422282,5778243.295855815,0.562658535
1759,1759,1761878.345110042,5778147.141445115,-0.426648166
1760,1760,1757106.992359786,5778231.146211274,0.460760564
1761,1761,1761859.04348608,5778137.929882682,-0.496171442
1762,1762,1761838.379797178,5778118.019862863,-0.374259264
1763,1763,1757153.310247944,5778189.981533943,1.246389607
1764,1764,1758272.373667011,5778174.322285926,5.011517229
1765,1765,1757161.134638551,5778180.049509128,0.993337812
1766,1766,1758369.902235393,5778156.783121001,0.655284394
1767,1767,1758412.682780433,5778154.341977033,0.567292692
1768,1768,1761806.288717893,5778088.741386694,-0.245759254
1769,1769,1757169.089469253,5778170.907225323,0.985076931
1770,1770,1758495.690381104,5778144.359682365,0.411962624
1771,1771,1761785.028648241,5778081.360549031,-0.326022328
1772,1772,1757184.496012622,5778160.03632535,1.034492073
1773,1773,1758279.026090662,5778148.963247587,4.297733338
1774,1774,1758459.859499132,5778134.877069122,0.71433336
1775,1775,1762120.170091563,5778112.469232292,0.419797035
1776,1776,1755806.42956301,5778200.743204848,0.456234672
1777,1777,1757199.750625073,5778149.158355137,0.966240007
1778,1778,1758300.985066249,5778200.380620066,0.860810091
1779,1779,1761475.748432306,5778066.832943216,-0.389916665
1780,1780,1761766.323952913,5778059.619465397,-0.201777783
1781,1781,1757207.715755927,5778139.455099049,1.275230774
1782,1782,1758288.984421883,5778121.408273363,4.726198783
1783,1783,1758495.53641536,5778124.671687883,0.804294811
1784,1784,1758514.451797506,5778113.639827171,1.029533323
1785,1785,1761491.032626826,5778056.780766138,0.067705883
1786,1786,1761592.899699905,5778053.095936424,-0.123482138
1787,1787,1762116.768670202,5778047.444950594,0.585219045
1788,1788,1755789.640810212,5778161.176777226,3.195327264
1789,1789,1757215.746984455,5778130.020681747,1.520237305
1790,1790,1758305.615749181,5778109.058093264,1.905138354
1791,1791,1758530.059002797,5778103.401325826,1.69751945
1792,1792,1761688.608339922,5778041.740032714,-0.263885357
1793,1793,1761727.701552828,5778045.186988388,-0.253469816
1794,1794,1757230.611093668,5778118.5692808,0.995194448
1795,1795,1757238.541327752,5778108.797522734,0.990171426
1796,1796,1758560.588587262,5778087.091506185,0.773212962
1797,1797,1761640.247167554,5778023.248726452,0.076533333
1798,1798,1756490.364030591,5778112.389532676,2.357130486
1799,1799,1757246.563252624,5778099.275402473,1.029881368
1800,1800,1758545.821133868,5778079.701377342,4.434368385
1801,1801,1756531.719879196,5778158.185538097,1.332075785
1802,1802,1755765.437859308,5778086.850314711,0.707603764
1803,1803,1762118.24303833,5777952.677484914,-0.085714285
1804,1804,1756433.789385178,5778054.020523272,2.06087343
1805,1805,1756469.277619036,5778058.376493718,1.060693296
1806,1806,1757158.134763097,5778040.103028064,0.239200003
1807,1807,1757127.142265579,5778030.051750169,2.270526348
1808,1808,1761315.137529445,5777948.91570342,0.268833339
1809,1809,1762117.845465409,5777932.740555663,-0.108442313
1810,1810,1755740.688733789,5778047.171288776,4.713999947
1811,1811,1756449.113804983,5778033.834335734,0.943199988
1812,1812,1758578.689281085,5778030.128837302,1.612073996
1813,1813,1755764.004292863,5778042.003663721,0.846122715
1814,1814,1756402.236247974,5778014.242993841,5.434176417
1815,1815,1756432.982545607,5778014.200623796,0.810887486
1816,1816,1761278.766457596,5777919.721378276,0.298179484
1817,1817,1757316.523082811,5778020.639870116,1.207001659
1818,1818,1755740.299296503,5778013.881392016,2.724485033
1819,1819,1756417.425668328,5777994.55581506,0.732549032
1820,1820,1757078.6096758,5777981.267097892,-9999.0
1821,1821,1755747.595613316,5777997.656747267,2.184394358
1822,1822,1755763.144817375,5777997.145992341,0.667375018
1823,1823,1756699.957303038,5777979.350579209,0.233528301
1824,1824,1757070.313305454,5777971.806098831,5.407333215
1825,1825,1758599.851135234,5777953.10324423,0.925290311
1826,1826,1757062.748368234,5777961.635563903,2.086499996
1827,1827,1757093.603751456,5777961.5735989,0.169000003
1828,1828,1761235.155825709,5777879.76106419,0.140173077
1829,1829,1762455.492268757,5777855.66857292,0.572458329
1830,1830,1755755.545363582,5777977.914946522,2.060250003
1831,1831,1756378.180678683,5777964.215555592,-9999.0
1832,1832,1756683.825695095,5777959.717328793,0.279500003
1833,1833,1757179.866567604,5777950.141864187,0.054982144
1834,1834,1762471.827336245,5777847.910415685,0.605340897
1835,1835,1762510.360960521,5777845.331819318,0.587943398
1836,1836,1755762.678964784,5777967.367380577,1.264561657
1837,1837,1757054.194579826,5777942.048074109,3.634975001
1838,1838,1758594.419957107,5777918.767681176,4.750359197
1839,1839,1760829.70586231,5777869.159160226,0.534292449
1840,1840,1762426.080740326,5777837.303710664,1.695198339
1841,1841,1762487.290420939,5777837.27340678,0.615581828
1842,1842,1756667.694163273,5777940.084048232,0.249727271
1843,1843,1757242.832501984,5777929.054154895,0.930421043
1844,1844,1762502.662935278,5777827.707727882,0.69035899
1845,1845,1757250.875463763,5777919.548439416,2.934677399
1846,1846,1760804.038711979,5777855.630311506,0.526919073
1847,1847,1761187.300314999,5777841.755486365,0.24530909
1848,1848,1762411.15371038,5777853.028262105,0.149702879
1849,1849,1762415.418954936,5777816.376927467,0.506407408
1850,1850,1755778.290185676,5777943.58937567,0.847842106
1851,1851,1755801.21199166,5777936.792099699,0.654148142
1852,1852,1757258.945610135,5777910.464392845,5.250749985
1853,1853,1757273.823261481,5777898.65136975,4.429647039
1854,1854,1761163.343354866,5777830.113358225,0.140471851
1855,1855,1756380.898743082,5777905.864745764,0.627552639
1856,1856,1755814.19989919,5777917.469063466,0.712144732
1857,1857,1756368.266161704,5777895.780834921,0.680381811
1858,1858,1757296.802260974,5777877.899336885,2.274687529
1859,1859,1761132.396117603,5777809.957796867,0.262410025
1860,1860,1756353.013726569,5777885.593014142,1.29307406
1861,1861,1757327.870833237,5777856.594921793,0.348698114
1862,1862,1761102.724233974,5777789.34008783,0.404506452
1863,1863,1755808.189737611,5777881.60443804,0.932424998
1864,1864,1757029.717485891,5777852.116382719,5.842714446
1865,1865,1761079.892468751,5777773.194905599,0.404205606
1866,1866,1757064.190831671,5777893.342902936,0.552150693
1867,1867,1757319.625498326,5777837.537369515,4.006480609
1868,1868,1759786.522399874,5777798.279661408,0.761726047
1869,1869,1760933.699301938,5777771.77944418,0.618726117
1870,1870,1761051.840115138,5777761.454058314,0.208321568
1871,1871,1757012.811316453,5777822.872859941,-9999.0
1872,1872,1760744.085089673,5777750.80791781,0.740094324
1873,1873,1760931.042751327,5777746.90113754,0.671956049
1874,1874,1756564.023811021,5777823.731756883,0.52128889
1875,1875,1757005.536606283,5777812.581903192,-9999.0
1876,1876,1755816.735669424,5777836.649693279,0.65407298
1877,1877,1757326.572491328,5777797.7221632,1.695490911
1878,1878,1759742.433511363,5777763.476341387,0.738801249
1879,1879,1756361.88698883,5777826.797469993,0.592672009
1880,1880,1757019.029851003,5777797.903181006,1.588440385
1881,1881,1755814.475380329,5777806.901448739,1.283132071
1882,1882,1755830.47282245,5777811.373076676,0.374032466
1883,1883,1760924.543000476,5777707.140389111,0.587324322
1884,1884,1756346.938223743,5777797.45702821,0.783417001
1885,1885,1757027.052138953,5777778.375324262,0.375300009
1886,1886,1758594.372144151,5777743.210718296,5.857333501
1887,1887,1759690.320725302,5777718.754621567,0.594507109
1888,1888,1761026.34940738,5777685.387391654,1.60190742
1889,1889,1756996.676033866,5777754.165577166,-9999.0
1890,1890,1757027.144856788,5777753.44325099,0.382769241
1891,1891,1761034.180254501,5777675.052146506,1.670400013
1892,1892,1762010.952586293,5777657.902255161,0.489380943
1893,1893,1757002.757805317,5777743.942184703,-9999.0
1894,1894,1762081.96994645,5777645.489489235,1.202057692
1895,1895,1755804.307054272,5777769.058769605,2.694163079
1896,1896,1757010.438730212,5777733.821722545,4.851124913
1897,1897,1755812.909791213,5777746.891489553,1.113666647
1898,1898,1757435.064316331,5777705.872533811,0.286056601
1899,1899,1759820.301371289,5777659.119240382,0.199239998
1900,1900,1757002.001729941,5777704.795478669,3.558599986
1901,1901,1757395.504111947,5777696.666473458,0.069872728
1902,1902,1760939.2070273,5777627.553007134,0.525154936
1903,1903,1757513.704440834,5777684.387354128,2.059222178
1904,1904,1759645.74809431,5777672.494418077,0.634040874
1905,1905,1762103.787114452,5777593.958237796,0.320183333
1906,1906,1759594.264389899,5777639.737502675,0.54071008
1907,1907,1757526.853490846,5777671.305475737,4.60244772
1908,1908,1762088.096607962,5777581.635365808,4.774938778
1909,1909,1758564.28460869,5777633.726974353,1.886077917
1910,1910,1758617.513053485,5777762.822848897,1.223571005
1911,1911,1759571.382519234,5777614.356734677,0.633411298
1912,1912,1762103.555770881,5777564.584171317,3.046393971
1913,1913,1757320.058309016,5777653.178005959,2.605194868
1914,1914,1756977.308607268,5777644.584041246,4.152444445
1915,1915,1758516.4571394,5777614.843798557,1.940556287
1916,1916,1759549.360965664,5777597.8248568,0.620684217
1917,1917,1762126.413431576,5777543.644819962,1.913729714
1918,1918,1758497.114922136,5777604.898649137,-9999.0
1919,1919,1755789.019999184,5777652.527584636,5.244792242
1920,1920,1758519.990862368,5777594.103336092,0.867384613
1921,1921,1758560.723720532,5777606.763668696,1.050555921
1922,1922,1759525.276056168,5777583.075980879,0.641052081
1923,1923,1756954.479157195,5777615.143726729,-9999.0
1924,1924,1757293.293427728,5777617.120584925,4.877490184
1925,1925,1759503.980709761,5777565.609509091,0.629775007
1926,1926,1756960.65079941,5777606.622231109,5.122450042
1927,1927,1759252.730313818,5777560.556260114,0.422715793
1928,1928,1759488.038390837,5777555.950045981,0.617141672
1929,1929,1760968.315929602,5777531.222061836,0.473942625
1930,1930,1762146.888541312,5777526.277109015,0.52409524
1931,1931,1757385.662512915,5777586.955783207,0.487750002
1932,1932,1759465.930650535,5777545.879866514,0.590856354
1933,1933,1757371.221097291,5777577.438023082,4.948558109
1934,1934,1758496.540744198,5777555.984829493,-9999.0
1935,1935,1758515.301929775,5777571.652367996,1.128712236
1936,1936,1759222.503244828,5777546.82581778,0.464781101
1937,1937,1759275.483056271,5777541.652939252,1.637377366
1938,1938,1759432.379029196,5777537.305158373,0.51481133
1939,1939,1757377.442405789,5777567.21980287,2.826106675
1940,1940,1759297.50787593,5777543.292998428,1.002314129
1941,1941,1759306.365119205,5777529.595792167,1.003615379
1942,1942,1760974.938640526,5777496.723727226,0.585702139
1943,1943,1757385.211385516,5777557.210757222,1.910753215
1944,1944,1758503.675868775,5777541.514933628,-9999.0
1945,1945,1758534.6824685,5777539.696815305,0.689961538
1946,1946,1759321.725308602,5777525.339161435,0.75840508
1947,1947,1760983.204294273,5777476.84605154,0.622078941
1948,1948,1758515.155050476,5777522.020978971,3.061211945
1949,1949,1758534.770514159,5777514.764571304,0.71554166
1950,1950,1759171.907789496,5777504.250021592,0.659571051
1951,1951,1760991.3487181,5777457.40079399,0.640403848
1952,1952,1762141.030297616,5777459.870963059,0.516116928
1953,1953,1760998.974039601,5777447.49769167,0.712666676
1954,1954,1761013.930121416,5777438.409787118,0.793272712
1955,1955,1762336.308059897,5777408.790458119,0.364349997
1956,1956,1758517.235470886,5777479.632496288,3.694805534
1957,1957,1758494.913072562,5777454.810269876,-9999.0
1958,1958,1759801.611695623,5777429.23814366,2.514500001
1959,1959,1762115.358948406,5777384.306311461,0.075468359
1960,1960,1759061.726922624,5777464.65154584,0.60064065
1961,1961,1762295.964955659,5777365.117370644,0.080622951
1962,1962,1758949.726372635,5777416.910697616,0.481000005
1963,1963,1758516.505821737,5777415.398692136,1.165459461
1964,1964,1758937.721643806,5777407.173206775,0.554537492
1965,1965,1759777.429533498,5777389.718109963,2.002155558
1966,1966,1758925.553984095,5777397.231133075,0.58949093
1967,1967,1758885.80645879,5777378.479240485,0.493799997
1968,1968,1758866.51014981,5777369.260736322,0.422590479
1969,1969,1762302.725087091,5777300.787565527,0.643575001
1970,1970,1758489.917744398,5777377.865904828,1.829631681
1971,1971,1762121.817997595,5777284.453092212,-0.324156866
1972,1972,1758428.951080159,5777346.641097669,4.548384624
1973,1973,1762302.142436614,5777271.609003048,0.434019222
1974,1974,1759727.429720594,5777311.890604876,4.633800011
1975,1975,1762112.973089038,5777264.68463252,0.560449993
1976,1976,1758443.743390095,5777327.275282159,0.936703713
1977,1977,1759711.360931373,5777292.173095678,4.652800009
1978,1978,1758813.108020507,5777304.329199493,0.398715593
1979,1979,1758429.335043849,5777308.679980762,2.356040206
1980,1980,1759726.627518541,5777272.041285479,0.476179482
1981,1981,1758443.272424201,5777287.37914224,3.015590894
1982,1982,1758765.884887496,5777271.128049396,0.262462967
1983,1983,1762074.164016434,5777205.806684815,3.431939391
1984,1984,1758757.491214167,5777260.904267108,0.294111109
1985,1985,1762080.936213614,5777196.510214661,0.610684207
1986,1986,1762581.025539417,5777178.101933884,0.147489611
1987,1987,1762103.111769373,5777165.156914705,1.035824997
1988,1988,1762118.94336874,5777169.292005987,-0.043043105
1989,1989,1762465.258078009,5777157.198779052,-0.077647047
1990,1990,1762401.889727524,5777139.247459873,0.159099998
1991,1991,1762433.381903509,5777138.618134066,-0.204050008
1992,1992,1762094.707946305,5777130.84225797,1.247316884
1993,1993,1762375.709611502,5777119.825616762,-9999.0
1994,1994,1762401.491353918,5777119.310499229,-9999.0
1995,1995,1762715.55290973,5777122.83077419,1.072386028
1996,1996,1762102.571042836,5777115.93891628,0.783692309
1997,1997,1762110.536444487,5777106.315614855,0.651263168
1998,1998,1762118.525665237,5777096.89612233,0.490749996
1999,1999,1762148.176965925,5777055.288244713,0.299759262
2000,2000,1762140.767878563,5777025.295148328,1.10539997
2001,2001,1762147.473547903,5777014.824498975,0.498186664
2002,2002,1762835.747154007,5777001.133059692,0.210308944
2003,2003,1762155.458321311,5777005.259836668,0.471147061
2004,2004,1762170.733072578,5776994.479788362,0.321246582
2005,2005,1762178.880688707,5776985.535829908,0.348884613
2006,2006,1762194.172647874,5776974.45507222,0.396357144
2007,2007,1762457.976946809,5776969.178963446,-0.285943919
2008,2008,1758447.955897802,5777038.174811412,-9999.0
2009,2009,1762342.79596895,5776940.978849132,0.042350252
2010,2010,1762389.079097955,5776948.602003002,-0.100253185
2011,2011,1762377.764660125,5776930.542254535,2.148797109
2012,2012,1762422.05003537,5776930.956702634,0.443956525
2013,2013,1762515.644608939,5776927.759559259,0.025555554
2014,2014,1762539.263136794,5776927.287225705,0.02569091
2015,2015,1762436.481421875,5776919.36777162,0.818638279
2016,2016,1762284.663633586,5776926.217154294,0.384243902
2017,2017,1762477.251717853,5776910.799964537,0.294667468
2018,2018,1762523.64915968,5776909.247364738,2.383409077
2019,2019,1762444.378375466,5776899.100256307,0.529240506
2020,2020,1762538.905485089,5776901.620078844,0.582625006
2021,2021,1762456.629092341,5776890.816270143,0.524357146
2022,2022,1762475.657527669,5776890.321227149,0.542551025
2023,2023,1762532.380366628,5776886.510019359,0.64627659
2024,2024,1762255.470585212,5776888.083014369,0.839355768
2025,2025,1758469.752799422,5777114.244520917,1.253272577
2026,2026,1762553.967224814,5776866.950529324,0.29395
2027,2027,1762536.655554414,5776864.581598463,0.651780217
2028,2028,1762569.51338448,5776856.667083212,0.138081092
2029,2029,1762546.48920685,5776848.302571186,0.97749122
2030,2030,1762554.356195567,5776837.852402503,3.68308002
2031,2031,1758563.396019173,5776906.952405254,0.602018016
2032,2032,1760080.977274921,5776876.357482227,0.22990566
2033,2033,1762561.267340246,5776827.157479196,2.449945917
2034,2034,1758545.596765581,5776896.068331693,0.593943374
2035,2035,1762568.715740267,5776816.7931354,0.571200004
2036,2036,1758502.692252049,5776887.725081758,0.397801888
2037,2037,1760175.49822441,5776855.312409757,0.659229515
2038,2038,1760804.873099123,5776842.121300677,0.696035708
2039,2039,1758478.020325067,5776878.324913731,0.47444954
2040,2040,1759987.992706178,5776858.948046981,0.361047386
2041,2041,1762576.189633099,5776796.698668623,0.437900014
2042,2042,1758462.946118794,5776867.296237607,0.529551405
2043,2043,1758442.800309726,5776858.599778523,0.695089296
2044,2044,1759962.060273323,5776828.629717223,1.118050016
2045,2045,1759968.286968156,5776819.105128706,3.312444438
2046,2046,1760780.466106624,5776802.71475947,0.597418191
2047,2047,1758408.895618921,5776867.963184617,0.96664738
2048,2048,1760756.791317108,5776792.275846071,0.497240002
2049,2049,1759937.643216968,5776788.493531194,0.267320757
2050,2050,1758347.199551834,5776800.164948823,2.283600005
2051,2051,1759925.456243066,5776769.516279165,0.320073826
2052,2052,1760244.296950386,5776763.235426702,0.906299989
2053,2053,1758378.296276495,5776789.84388905,1.047347451
2054,2054,1759907.286265641,5776759.369868398,0.345596492
2055,2055,1760251.398944013,5776753.123050655,0.624640007
2056,2056,1758331.112001098,5776780.474931264,4.2504888
2057,2057,1758362.930903033,5776780.171123656,0.989695651
2058,2058,1759877.395735036,5776751.19253374,0.193148151
2059,2059,1762542.704907912,5776697.643705167,-0.004905579
2060,2060,1759849.923422244,5776741.293213175,0.125888887
2061,2061,1759865.660408605,5776740.568134036,0.273642856
2062,2062,1758348.659247744,5776764.789736958,1.074838704
2063,2063,1760707.64095807,5776704.431429808,0.830666663
2064,2064,1762489.617334669,5776689.567781076,0.366156723
2065,2065,1758327.765441323,5776741.813432468,2.848323499
2066,2066,1762486.97434225,5776659.086249851,0.520116885
2067,2067,1759801.903852736,5776702.348422861,0.312000003
2068,2068,1762495.099441084,5776650.782953329,0.393560971
2069,2069,1759762.149201795,5776683.185486622,0.329907408
2070,2070,1759729.594128014,5776648.143320017,0.510733945
2071,2071,1759687.633555813,5776617.82486538,0.585371983
2072,2072,1759665.720331905,5776585.357745769,0.929925922
2073,2073,1762751.517226865,5776514.167317767,0.499500005
2074,2074,1759224.726755477,5776578.844519893,0.418628926
2075,2075,1762759.499458859,5776503.619426129,0.628641511
2076,2076,1759633.643161315,5776556.071073515,0.600396231
2077,2077,1759177.021107979,5776544.541735528,1.692270276
2078,2078,1759613.718490282,5776535.959534692,0.641482453
2079,2079,1759585.821495012,5776527.093509343,0.602199999
2080,2080,1759165.927388398,5776525.547902641,0.280754547
2081,2081,1759562.008664038,5776517.588848599,0.518290914
2082,2082,1760207.781149039,5776509.125648635,0.603666677
2083,2083,1759530.641312703,5776508.232438528,0.492111102
2084,2084,1759069.75133423,5776507.087758163,0.475939681
2085,2085,1759518.474148908,5776498.291255856,0.563773324
2086,2086,1759091.399826701,5776496.69168847,0.437526308
2087,2087,1759044.929432871,5776509.929793679,0.707889415
2088,2088,1759498.400567096,5776482.656629033,0.876178183
2089,2089,1759074.499415102,5776484.979492246,1.896629285
2090,2090,1762435.30968441,5776411.768994622,0.694272725
2091,2091,1762443.340677905,5776401.050048179,1.883647073
2092,2092,1762465.524845301,5776401.949429362,0.105901119
2093,2093,1759118.981014729,5776436.318066622,0.629586957
2094,2094,1759442.276989119,5776419.800707402,1.604781842
2095,2095,1759426.336897041,5776410.141188015,1.732018501
2096,2096,1759126.278532913,5776406.273212919,0.677102032
2097,2097,1759402.17424827,5776390.878423232,1.075149985
2098,2098,1759408.973268214,5776371.567988697,4.975176433
2099,2099,1759386.022176266,5776356.292282713,1.449634753
2100,2100,1762458.495199823,5776286.354573182,-0.075237836
2101,2101,1762379.764837969,5776291.415051591,0.483871776
2102,2102,1762470.978516569,5776270.495579755,0.49132589
2103,2103,1760124.954585467,5776277.432355301,1.013557373
2104,2104,1762507.963448943,5776256.12113154,0.601706363
2105,2105,1762477.931792385,5776199.886653975,-9999.0
2106,2106,1762469.73688503,5776190.304002507,-9999.0
2107,2107,1762618.974301156,5776187.728815104,-9999.0
2108,2108,1759375.429100587,5776231.846541678,0.842026652
2109,2109,1760619.59449651,5776197.374359665,1.038176497
2110,2110,1759367.163087756,5776212.067869238,1.610762504
2111,2111,1759099.319212498,5776193.168919767,0.768055542
2112,2112,1762444.547173911,5776121.202926989,0.240513512
2113,2113,1759107.22694792,5776178.528465069,1.0447963
2114,2114,1759130.49152529,5776168.26347508,1.010087705
2115,2115,1759149.9780565,5776156.758205271,1.468338046
2116,2116,1759288.537660254,5776154.499377287,0.706275647
2117,2117,1760153.472328827,5776126.238477389,3.325515137
2118,2118,1760177.801345596,5776164.961983298,1.147215343
2119,2119,1759308.378933165,5776136.19143331,0.802857133
2120,2120,1762514.243945253,5776070.154452194,-9999.0
2121,2121,1759162.804481672,5776136.653768626,1.633513678
2122,2122,1760160.475056472,5776106.713854578,1.083364854
2123,2123,1762325.284289725,5776063.734525476,4.98921053
2124,2124,1762380.375336911,5776062.650832066,0.206051283
2125,2125,1759184.862310855,5776116.844992269,1.333949188
2126,2126,1762310.67884504,5776053.069967051,1.316511628
2127,2127,1762486.015531571,5776051.241528266,-0.839999931
2128,2128,1759277.871865617,5776120.114648277,0.774642654
2129,2129,1762332.730395776,5776042.930780845,0.182446804
2130,2130,1762348.488879019,5776043.34306831,0.128932435
2131,2131,1762474.277546593,5776040.620807001,-9999.0
2132,2132,1762450.470589778,5776031.53989309,-0.897818132
2133,2133,1759200.154741918,5776155.947578508,1.127881215
2134,2134,1759245.097889548,5776096.445214121,0.986056603
2135,2135,1762426.176298289,5776016.287794462,-0.740090871
2136,2136,1762378.147634984,5775977.357924168,-9999.0
2137,2137,1762323.373613761,5775982.623403714,-0.063817437
2138,2138,1762260.015699269,5775914.52642688,2.896375014
2139,2139,1762298.767795976,5775919.680541487,-9999.0
2140,2140,1762301.831518232,5775854.804639536,0.349152544
2141,2141,1760108.921327402,5775888.338878701,0.553012495
2142,2142,1760092.784853246,5775868.711909518,0.472375007
2143,2143,1762265.166453819,5775785.723331658,-0.664193489
2144,2144,1762261.103918582,5775852.200596826,-0.621540334
2145,2145,1762453.055165426,5775751.848419352,-0.555000047
2146,2146,1759981.036607915,5775791.098504808,0.836825003
2147,2147,1760032.17605722,5775790.127673414,0.391662492
2148,2148,1762224.809917707,5775752.351233426,0.863507143
2149,2149,1762263.796011481,5775745.86053557,-9999.0
2150,2150,1762487.222409247,5775763.199768584,-0.191966027
2151,2151,1759965.162982107,5775781.339033131,3.613911104
2152,2152,1762247.279605533,5775736.218209519,-0.397285725
2153,2153,1759988.489198462,5775771.043463439,0.477704347
2154,2154,1762281.355770028,5775731.193431204,-0.773999929
2155,2155,1762452.163222496,5775722.359031264,-0.95949997
2156,2156,1762468.061282625,5775721.833343699,0.304277817
2157,2157,1762248.163120177,5775717.675321597,1.039755552
2158,2158,1759968.417511647,5775751.494068864,0.425826665
2159,2159,1762263.290284006,5775713.358084875,0.272586794
2160,2160,1762286.432860827,5775695.567993094,-0.703999937
2161,2161,1762309.994204427,5775685.310822243,-0.639363595
2162,2162,1762593.8395429,5775668.628401359,5.227438508
2163,2163,1762301.986112517,5775671.104853475,-9999.0
2164,2164,1762423.423546578,5775686.75868632,-0.73028956
2165,2165,1762585.653523199,5775658.570777776,5.492811365
2166,2166,1762598.28354846,5775739.442549551,0.169788324
2167,2167,1762309.282510191,5775655.262155445,-0.901333272
2168,2168,1762332.395060382,5775663.672893114,-0.250635229
2169,2169,1762419.436131461,5775652.998250246,-0.473028125
2170,2170,1760419.700135504,5775682.968857448,0.608285733
2171,2171,1762317.185667045,5775645.453392264,-9999.0
2172,2172,1762355.99246381,5775644.293957431,-0.951823529
2173,2173,1762402.904140515,5775642.840055583,-0.233163464
2174,2174,1762325.113893037,5775636.182963112,-9999.0
2175,2175,1762340.397828655,5775631.719617276,-0.815062447
2176,2176,1762600.529825793,5775637.133874723,-0.829026711
2177,2177,1762544.384510818,5775600.636675153,4.242675287
2178,2178,1762572.287744094,5775611.371416765,0.375824358
2179,2179,1762536.386630229,5775590.732775349,2.93496104
2180,2180,1760371.290111896,5775624.090539022,0.46172727
2181,2181,1762560.302630943,5775580.373158598,-0.7899259
2182,2182,1759804.303926528,5775615.111532604,0.496725006
2183,2183,1762543.58666458,5775560.762658357,-0.853999972
2184,2184,1762535.116786107,5775531.014644102,-0.778999984
2185,2185,1760354.1695124,5775554.622019412,0.620714303
2186,2186,1762529.110486876,5775515.068021225,-0.618232055
2187,2187,1760383.686146286,5775469.585897812,1.629171424
2188,2188,1759722.551005588,5775462.148449493,0.334836599
2189,2189,1759650.449789887,5775399.47294303,0.394921572
2190,2190,1759614.629910848,5775379.855693177,0.505800006
2191,2191,1760302.753557907,5775335.309874381,0.691862737
2192,2192,1759965.373252711,5775333.443224356,0.374832257
2193,2193,1759829.554670279,5775305.680459926,0.242875
2194,2194,1759890.580696857,5775319.365922602,0.47239707
2195,2195,1760081.161248225,5775281.343812944,0.644199997
2196,2196,1760101.29905646,5775280.760687476,0.553261686
2197,2197,1759813.475508213,5775285.249551453,0.496191173
2198,2198,1760196.144959516,5775258.535511072,0.785608011
2199,2199,1760162.986247556,5775288.523124075,0.705422213
2200,2200,1759643.987609862,5775249.872388232,0.77253333
2201,2201,1759796.893257292,5775246.48911712,0.676471697
2202,2202,1759812.635709043,5775246.179179447,0.631454533
2203,2203,1759610.952748968,5775248.807641851,1.088978523
2204,2204,1759655.326576659,5775238.885132786,0.841857136
2205,2205,1759631.711763364,5775230.604167145,1.303564534
2206,2206,1759565.743244457,5775237.312027096,0.905117896
2207,2207,1759647.013100601,5775219.447317465,1.245857126
2208,2208,1759654.956626152,5775209.709736004,0.875969703
2209,2209,1759702.461907393,5775199.262149546,1.281127255
2210,2210,1759732.914362393,5775211.602229714,0.79615932
