OID,FID_,X,Y,BCE_New_Ri
0,0,1241671.568704979,4848796.733462288,-0.841421699
1,1,1241649.617254604,4848681.882425586,-0.730842065
2,2,1241653.719508701,4848645.579815345,-9999.0
3,3,1241686.606911799,4848613.088850731,-0.442002816
4,4,1241761.223046575,4848582.030131256,-0.301446806
5,5,1241735.611361605,4848557.473402362,-0.311166521
6,6,1241717.137550341,4848514.126915855,-0.324204085
7,7,1241683.295715661,4848525.142088617,-0.497502406
8,8,1241671.826889447,4848456.36782871,-0.413411759
9,9,1241692.531743903,4848457.591359758,-0.474599988
10,10,1241663.259848767,4848443.016982261,-0.444166649
11,11,1241725.063250169,4848434.476543188,-0.530818847
12,12,1241804.726316925,4848434.175679922,-0.333478262
13,13,1241824.698659819,4848441.885423614,-0.340974355
14,14,1241827.113363379,4848415.468498554,-0.39647727
15,15,1241653.672788046,4848382.687314777,-0.407236696
16,16,1241748.827508278,4848392.457607539,-0.443858859
17,17,1241779.536473215,4848380.957326542,-0.333208332
18,18,1241663.736259283,4848361.389310841,-0.246715601
19,19,1241753.511145274,4848355.471483654,-0.437536835
20,20,1241790.510389998,4848320.239920193,-0.360562696
21,21,1241427.090723598,4848261.631949795,-0.077209756
22,22,1241321.628983967,4848235.951053405,0.06144086
23,23,1241374.830963559,4848208.466583366,-0.02184058
24,24,1241318.31446336,4848195.108495384,0.031851852
25,25,1241368.519929403,4848198.078380295,-0.025728572
26,26,1241348.953566433,4848177.621420878,0.012826086
27,27,1241766.725003876,4848214.658366424,-0.371460097
28,28,1241301.811370955,4848178.843543137,0.037523482
29,29,1241378.266949611,4848166.882393965,0.045302023
30,30,1241771.026435455,4848176.239361124,-0.413757883
31,31,1241456.417945737,4848142.649242141,0.017519481
32,32,1241835.921214217,4848140.581249317,-0.219604318
33,33,1241858.558190645,4848101.291945395,-0.223484202
34,34,1241281.305873624,4848033.410443714,0.056673913
35,35,1241453.157966006,4848047.286046093,0.000864583
36,36,1241332.480743209,4848006.406404678,0.062121428
37,37,1241776.550956559,4848031.917908857,-0.344528985
38,38,1241767.92536332,4848002.093982099,-0.473977279
39,39,1241731.191874868,4847979.163396788,-0.512353787
40,40,1241394.648703921,4848002.235183845,-0.021917848
41,41,1241431.585603938,4847951.435922626,-0.041971431
42,42,1241823.037837803,4848021.918708135,-0.366924074
43,43,1241796.249836298,4847932.933463437,-0.341391298
44,44,1241639.242007665,4847914.04508434,-0.942999995
45,45,1242283.35273728,4847846.529881536,0.557007027
46,46,1242372.648423777,4847846.78560275,0.540913463
47,47,1241737.472677567,4847814.289602281,-0.309669064
48,48,1242318.030205794,4847833.548605491,0.513000011
49,49,1242311.718176813,4847823.161443374,0.513000011
50,50,1242249.696216323,4847809.486943878,0.496095244
51,51,1242301.955748362,4847812.570683182,0.513000011
52,52,1242282.999189228,4847781.75997416,0.513000011
53,53,1242300.624626296,4847788.246421252,0.513000011
54,54,1242215.944625421,4847774.020439624,0.502632586
55,55,1242345.715993939,4847775.093582065,0.513000011
56,56,1242422.411842464,4847787.966533002,0.513000011
57,57,1242501.551788822,4847782.683083589,0.513000011
58,58,1242439.090439927,4847751.437738665,0.513000011
59,59,1242200.293991765,4847716.438498126,0.513043489
60,60,1241980.210820663,4847693.227721295,-0.457565231
61,61,1242322.564090571,4847704.211238784,0.513000011
62,62,1242291.642955314,4847691.583065225,0.513000011
63,63,1242186.358158185,4847691.573209858,0.543354435
64,64,1242454.525651291,4847691.379614033,0.513000011
65,65,1242334.352258371,4847674.275730911,0.513000011
66,66,1241466.046636978,4847602.952471121,-0.213782609
67,67,1242228.899027629,4847648.610224944,0.513000011
68,68,1242287.074119437,4847651.658697447,0.513000011
69,69,1242298.16516746,4847642.096288782,0.513000011
70,70,1242329.21810294,4847643.92857241,0.513000011
71,71,1241975.023505586,4847628.113547199,-0.512371885
72,72,1242174.586601042,4847633.157074798,0.568919744
73,73,1242299.931860579,4847612.156283651,0.513000011
74,74,1242276.496021592,4847600.960703282,0.513000011
75,75,1242310.871670124,4847602.787061063,0.513000011
76,76,1241629.438507478,4847554.32240685,-0.461879855
77,77,1242269.929599599,4847590.154202874,0.513000011
78,78,1242305.652021368,4847582.449562337,0.513000011
79,79,1242281.155785551,4847571.654334476,0.513000011
80,80,1242326.439467462,4847573.661396103,0.513000011
81,81,1242271.823843223,4847560.423836338,0.513000011
82,82,1242306.326647459,4847562.459868735,0.513000011
83,83,1241768.672819333,4847520.695307631,-0.645428557
84,84,1242245.863067806,4847549.620255713,0.513000011
85,85,1242265.384867172,4847549.826964491,0.513000011
86,86,1241796.361583085,4847512.316719783,-0.553955526
87,87,1242390.396505414,4847537.375846364,0.513000011
88,88,1241950.339464257,4847486.062615103,-0.443236833
89,89,1242314.864704016,4847502.875162203,0.513000011
90,90,1242403.446647936,4847507.436468858,0.513000011
91,91,1241413.386796064,4847439.598974314,-9999.0
92,92,1242243.699173117,4847491.490373791,0.513000011
93,93,1242261.426220253,4847494.147035757,0.513000011
94,94,1241972.957879491,4847461.930542954,-0.607928586
95,95,1242340.257498689,4847465.632578868,0.513000011
96,96,1242448.281158021,4847451.244688657,0.513000011
97,97,1242258.790985794,4847437.824786744,0.513295462
98,98,1242053.407406433,4847387.091426286,-0.532872332
99,99,1242391.794265812,4847411.745953256,0.513000011
100,100,1242021.010653546,4847386.271193532,-0.630986012
101,101,1242039.860354805,4847365.720637755,-0.63569784
102,102,1242074.269687391,4847470.029430402,-0.438854093
103,103,1241656.111881106,4847313.946844923,-0.167734697
104,104,1241849.320781134,4847325.36615174,-0.143229169
105,105,1242398.628879617,4847356.235081264,0.513000011
106,106,1242473.720057439,4847374.058416232,0.513000011
107,107,1242509.609167779,4847339.418791062,0.513000011
108,108,1241841.459581281,4847284.992231177,-0.194670099
109,109,1241873.121201986,4847276.496095575,-0.19917647
110,110,1242481.396825229,4847313.14830614,0.513000011
111,111,1241866.454660789,4847260.635795393,-0.220471294
112,112,1242548.202412301,4847298.747619481,0.513000011
113,113,1242395.857471385,4847277.314778952,0.513000011
114,114,1242386.095946723,4847266.724115413,0.513202907
115,115,1242407.385391963,4847257.965416411,0.513000011
116,116,1241993.962477209,4847223.545805359,-0.277478047
117,117,1242028.966585642,4847225.613244547,-0.293568176
118,118,1242387.862415222,4847236.78410128,0.498811598
119,119,1241412.667591713,4847159.138563012,-0.708384068
120,120,1242154.434580929,4847202.977668751,-0.331459336
121,121,1242115.711777803,4847205.531647009,-0.412853134
122,122,1242083.161567896,4847178.739725474,-0.463568346
123,123,1242141.106078109,4847185.650430339,-0.254935277
124,124,1242107.435265247,4847266.161194996,-0.389570991
125,125,1242399.285208043,4847197.461618477,0.4912
126,126,1242421.636976558,4847221.623501446,0.513000011
127,127,1241445.489463406,4847131.035531876,-0.708485714
128,128,1242035.155316404,4847170.897285017,-0.339798558
129,129,1242059.600463581,4847167.333545119,-0.304327016
130,130,1242535.860381036,4847195.238507929,0.513000011
131,131,1242084.003823067,4847152.750983601,-0.386179705
132,132,1242488.495993839,4847225.837831797,0.513000011
133,133,1242058.507935632,4847127.209795271,-0.518905109
134,134,1242070.036794157,4847107.861028279,-0.379927537
135,135,1242023.504748551,4847075.068444049,-0.476714267
136,136,1242434.831188165,4847078.825147076,0.513000011
137,137,1241466.079006806,4847017.081949125,-0.697697817
138,138,1242072.747725704,4847055.136048838,-0.685456898
139,139,1242445.669366459,4847069.943922895,0.513000011
140,140,1242098.312327367,4847039.427150763,-0.04645985
141,141,1242351.786784308,4847060.175122616,-0.296591414
142,142,1242409.400185346,4847047.774657155,-0.526729919
143,143,1242389.289139504,4847036.573314424,-0.563547434
144,144,1242055.242055494,4847008.439864082,-0.579234603
145,145,1242410.577834676,4847027.814645217,-0.527737243
146,146,1242462.033056366,4847035.857686402,0.513000011
147,147,1242421.516561709,4847018.445283705,-0.537549306
148,148,1242522.483626209,4847014.973453419,0.513000011
149,149,1242484.793384636,4847002.148746772,0.513000011
150,150,1242450.882593091,4846990.133554895,-0.568926483
151,151,1241996.668335801,4846943.290626376,-0.365685712
152,152,1242631.578386023,4846890.629140939,1.154449276
153,153,1241990.532733462,4846812.73542292,-0.353171425
154,154,1241647.444229095,4846762.615608884,-0.183551017
155,155,1241637.244323056,4846748.453494748,-0.232288733
156,156,1241898.503175284,4846727.381532049,-0.242416668
157,157,1242419.906153,4846758.55359376,-0.203755312
158,158,1241419.391160105,4846688.247703096,0.085925533
159,159,1242384.411631633,4846708.550024587,-0.3655875
160,160,1242375.40195475,4846685.237371939,-0.376110287
161,161,1241790.910840562,4846647.403192158,-0.249626792
162,162,1241856.568960597,4846635.701095677,-0.635911213
163,163,1241876.953515536,4846625.75744717,-0.855588233
164,164,1241918.940341964,4846618.22369963,-0.243811599
165,165,1241495.933859416,4846589.057419754,-0.087817866
166,166,1241762.611555147,4846568.924839145,-0.630028558
167,167,1241790.40816308,4846581.834728577,-0.800665409
168,168,1242330.437123317,4846611.515413178,-0.588755957
169,169,1241536.110050468,4846535.500943543,-0.580735304
170,170,1241746.395407393,4846550.440149594,-0.587672665
171,171,1242315.908600646,4846578.827013607,-0.460202361
172,172,1241737.373798793,4846527.373302624,-0.609901397
173,173,1241784.387313431,4846522.641430099,-0.618931157
174,174,1242301.306952325,4846535.861966586,-0.44085023
175,175,1242349.739326824,4846533.501356266,-0.303036493
176,176,1241746.871337423,4846487.875245908,-0.585230263
177,177,1241769.065247872,4846483.178392508,-0.567475227
178,178,1241761.087590554,4846449.445620995,-0.815078094
179,179,1241844.472964819,4846413.877814014,-0.276468757
180,180,1242330.893026029,4846442.256041772,-0.392724647
181,181,1242278.862106636,4846414.589205052,-0.444593129
182,182,1241985.756796384,4846372.387269353,-0.181368422
183,183,1241641.486591809,4846340.770286275,-0.112095742
184,184,1241892.877807296,4846356.297347445,-0.299575613
185,185,1242397.109330375,4846376.060700523,-0.279544118
186,186,1242263.838873769,4846288.075955161,-0.721727222
187,187,1241835.684164608,4846152.619569731,-0.852859983
188,188,1242037.436936704,4846144.512409016,-0.976999938
189,189,1241550.482149553,4846006.146834619,-0.145483873
190,190,1242153.298724563,4845991.119099226,-0.950479951
191,191,1241964.215067188,4845969.203350386,-0.638499993
192,192,1241984.868364325,4845971.154044703,-0.513529405
193,193,1241917.060369955,4845947.117141234,-0.456897069
194,194,1242180.348488491,4845943.372815283,-0.959249994
195,195,1241560.730548032,4845885.256877883,-0.171000002
196,196,1242318.584568206,4845947.088579251,-0.859999957
197,197,1242391.604757628,4845915.056235039,-0.364829271
198,198,1242221.269982309,4845887.786908574,-0.841636478
199,199,1241690.801491827,4845885.921807609,-0.271604052
200,200,1242248.330064614,4845847.239254232,-0.796697682
201,201,1242269.068861554,4845847.733581269,-0.646573512
202,202,1242272.733502556,4845821.870059978,-0.738690721
203,203,1242423.783407887,4845806.792943,-0.443705886
204,204,1242365.734837832,4845793.351800314,-0.403704602
205,205,1242066.827595562,4845755.6699678,-0.217739137
206,206,1242058.242342413,4845744.742573943,-0.203737372
207,207,1242278.150900973,4845758.72339401,-0.780585103
208,208,1242279.329459265,4845738.763372271,-0.850784933
209,209,1242298.36802586,4845723.837532216,-0.649678293
210,210,1242095.120255411,4845686.885485284,-0.470656561
211,211,1242087.699930891,4845636.724980441,-0.367514286
212,212,1242292.578041221,4845653.356096956,-0.724842644
213,213,1241635.520552364,4845603.984550232,0.010169053
214,214,1241612.337788974,4845478.63007767,-0.068458336
215,215,1241627.170985655,4845464.28307613,-0.076843374
216,216,1241730.447327122,4845524.999982017,-0.110826932
217,217,1242098.313120359,4845457.084789848,-0.529684371
218,218,1242076.528200267,4845415.738277686,-0.492321164
219,219,1242088.552204062,4845401.650917062,-0.624670344
220,220,1242248.654237258,4845255.65399369,-0.623885715
221,221,1242065.271893781,4845204.76119929,-0.86718605
222,222,1241955.431425175,4845178.441957615,-0.587140017
223,223,1242056.191340489,4845174.180026518,-0.833065687
224,224,1242030.854364186,4845238.131034226,-0.64388722
225,225,1242220.497751984,4845144.029986672,-0.874673937
226,226,1241963.910552907,4845126.938796171,-0.624747193
227,227,1242021.051109037,4845122.231153047,-0.806520853
228,228,1241947.55831067,4845098.398674186,-0.637007144
229,229,1242271.118584024,4845057.271047032,-0.748234044
230,230,1241890.954879625,4845018.486738644,-0.639506099
231,231,1242239.807947984,4845043.164025167,-0.918535712
232,232,1241936.670852325,4844977.419951559,-0.848652147
233,233,1241879.92098925,4844933.620540542,-0.886240004
234,234,1242303.830336334,4844896.722873249,-0.907889667
235,235,1242310.167876219,4844858.693965149,-0.928896106
236,236,1242398.870624587,4844853.917034899,-0.616395037
237,237,1241767.078727096,4844813.308098389,-0.890335477
238,238,1242258.888662838,4844936.506557778,-0.944783697
239,239,1242186.986575382,4844776.306596929,-0.935543857
240,240,1242188.309499364,4844751.549750156,-0.881066668
241,241,1242318.068199646,4844771.159175993,-1.0
242,242,1241661.732010482,4844710.786643868,-0.859053766
243,243,1242340.640884961,4844750.532642637,-0.985846102
244,244,1242361.332946586,4844751.754561462,-0.890551018
245,245,1242120.515315062,4844727.51441038,-0.974333386
246,246,1241646.392383093,4844690.005605988,-0.86763768
247,247,1242157.743061341,4844740.75336687,-0.899236937
248,248,1242182.829185081,4844720.979301013,-0.85640476
249,249,1242124.24370266,4844701.784754155,-0.936283017
250,250,1242344.774772028,4844707.314006402,-9999.0
251,251,1241607.348991322,4844627.064375345,-0.855354164
252,252,1242348.346074985,4844675.987348365,-9999.0
253,253,1242369.03788025,4844677.20925439,-0.976177235
254,254,1241634.567682674,4844634.368698794,-0.852324819
255,255,1242239.518075623,4844654.811178444,-0.819825052
256,256,1241612.459030051,4844607.721541379,-0.843776612
257,257,1241939.597493793,4844626.6870193,-9999.0
258,258,1242390.908277939,4844658.471055084,-0.92469894
259,259,1241686.193174474,4844602.225982019,-0.829035708
260,260,1241922.665738562,4844616.133970092,-0.980571409
261,261,1238993.950138802,4844431.579838484,-0.421428576
262,262,1239032.523246943,4844440.138819731,-0.412664851
263,263,1242245.948891437,4844630.695120109,-0.816315739
264,264,1242134.640427992,4844607.968585682,-0.914729175
265,265,1242162.229244102,4844609.598792705,-0.855985512
266,266,1241636.266239072,4844585.693576532,-0.856253867
267,267,1241946.476573063,4844577.403922562,-9999.0
268,268,1242357.653627884,4844907.462836603,-0.655211989
269,269,1241716.1216713,4844543.365814996,-0.810086956
270,270,1241750.690488002,4844547.27556794,-0.815113307
271,271,1242388.834425838,4844617.161610422,-0.935466789
272,272,1242413.537001544,4844591.087285853,-0.947593249
273,273,1240389.460198801,4844449.508297638,-0.553935261
274,274,1241559.322526231,4844513.855313452,-0.844309524
275,275,1241721.231331323,4844524.022909972,-0.748612913
276,276,1241794.373930839,4844528.50609967,-0.840832105
277,277,1242399.901385075,4844566.675410309,-0.985692336
278,278,1242436.190426536,4844574.136046339,-0.865945382
279,279,1238681.816830796,4844334.84407074,-0.807005737
280,280,1242369.232867685,4844561.737401026,-9999.0
281,281,1242443.334184493,4844546.083230617,-0.887767454
282,282,1238595.347150673,4844307.650092801,-0.647318203
283,283,1238612.086931348,4844308.649092647,-0.720099291
284,284,1238902.09305725,4844326.535617133,-9999.0
285,285,1241774.250608811,4844496.729845539,-0.749749999
286,286,1242033.372100756,4844512.436591311,-0.992000014
287,287,1240353.029169606,4844419.809318749,-0.589578774
288,288,1241843.811826068,4844490.829230904,-0.875527748
289,289,1238875.695019452,4844304.930530197,-0.951468094
290,290,1238896.386189968,4844306.164381662,-0.952098585
291,291,1241786.257142354,4844477.794873223,-0.833811106
292,292,1241869.389706957,4844756.400427663,-0.887090108
293,293,1242223.741328306,4844503.271799278,-9999.0
294,294,1242460.898679393,4844541.606848116,-0.78498555
295,295,1238827.251830725,4844292.104261466,-0.849212779
296,296,1241607.523791054,4844457.205062799,-0.832673913
297,297,1241634.192362174,4844468.211419988,-0.791471009
298,298,1241744.454484623,4844475.76985395,-0.754645639
299,299,1241865.683477823,4844472.092870657,-0.858842125
300,300,1242124.803711496,4844487.79575596,-0.924816075
301,301,1238817.804499438,4844280.658090194,-0.963840027
302,302,1239035.532708953,4844305.649463536,-0.858470832
303,303,1241265.878392963,4844426.374791854,-0.323976761
304,304,1241555.337517892,4844447.954873652,-0.869904265
305,305,1241676.325962074,4844451.339708255,-0.859765934
306,306,1242008.143533738,4844470.885740093,-0.920894758
307,307,1238471.191225745,4844256.57403618,-0.794145549
308,308,1238797.847037403,4844278.078857499,-0.941943171
309,309,1238859.75784505,4844273.548981486,-0.924937502
310,310,1239351.184577338,4844329.186436145,-0.811418381
311,311,1239674.809494567,4844322.64206723,-0.62622144
312,312,1241907.677586992,4844458.784422261,-0.984434778
313,313,1242218.044768999,4844477.128759056,-9999.0
314,314,1238729.309827009,4844255.752576134,-0.923394733
315,315,1239121.038641497,4844279.787933473,-0.833578383
316,316,1239377.628942025,4844294.395486377,-0.753255815
317,317,1242167.955212897,4844460.30104703,-0.928311116
318,318,1238640.546678691,4844240.036650715,-9999.0
319,319,1238681.626232153,4844242.892142084,-0.958090923
320,320,1239388.719956203,4844284.838444284,-0.738172435
321,321,1238696.166891973,4844233.542065501,-0.932784935
322,322,1238720.327277347,4844234.631429829,-0.964250007
323,323,1239399.810936382,4844275.281384811,-0.675291664
324,324,1238670.225859542,4844222.722076971,-0.944082641
325,325,1239414.550895595,4844266.34585553,-0.689232555
326,326,1242468.882875597,4844475.259241395,-0.688213119
327,327,1238631.223897023,4844214.956635268,-0.894195486
328,328,1238713.889731967,4844218.758009185,-0.974614759
329,329,1239037.992864074,4844253.249553729,-0.662972564
330,330,1239073.242375784,4844235.997389943,-0.534507262
331,331,1239724.854700813,4844275.001857641,-0.600693885
332,332,1241922.022492385,4844405.704708374,-0.984200001
333,333,1236649.560544716,4844081.037339123,0.125342857
334,334,1239063.491773877,4844225.400786348,-0.689114286
335,335,1239447.393794958,4844250.356112317,-0.670733009
336,336,1241794.538355526,4844387.765653555,-0.899854184
337,337,1242181.34414773,4844621.448624404,-0.831786862
338,338,1236657.056314941,4844071.471220807,-0.027811594
339,339,1238236.302548508,4844166.226741871,-0.500877573
340,340,1238674.388471569,4844192.532686825,-0.978600009
341,341,1238705.294426139,4844194.226758027,-0.97176467
342,342,1239005.791452379,4844212.532724237,-0.796064497
343,343,1242284.813097377,4844406.731106823,-0.973999947
344,344,1238716.386475983,4844184.670896073,-0.992499992
345,345,1239137.42811495,4844210.363220282,-0.609810533
346,346,1240974.982231284,4844319.202229223,-0.564816323
347,347,1241823.120338563,4844383.123281547,-0.914773148
348,348,1242085.54207555,4844384.739908083,-0.985529395
349,349,1239513.532922601,4844222.892473026,-0.710488906
350,350,1241758.856401588,4844355.994797072,-0.866744437
351,351,1238693.438155301,4844163.270673673,-0.930541176
352,352,1238734.521896231,4844170.729608241,-0.97911607
353,353,1238758.958769606,4844167.17969622,-0.977345683
354,354,1239189.864342959,4844193.072239005,-0.637212766
355,355,1240669.732772614,4844281.451493461,-0.611526302
356,356,1238770.050682999,4844157.623746166,-0.985294132
357,357,1239159.57414345,4844181.049796883,-0.557510934
358,358,1239476.864377222,4844218.177468194,-0.721391674
359,359,1239576.289555047,4844256.118158632,-0.702474212
360,360,1240709.828996846,4844289.948726264,-0.600372967
361,361,1241918.666278208,4844345.41680521,-0.995000005
362,362,1242055.315867744,4844467.954810341,-0.929555078
363,363,1242064.552909258,4844360.156088737,-0.956228065
364,364,1238181.140159873,4844113.237680588,-0.723717396
365,365,1240759.754833405,4844309.39458679,-0.583089897
366,366,1241759.868620522,4844326.088103192,-0.897913993
367,367,1236331.282881677,4843995.714231959,-9999.0
368,368,1241929.990043779,4844325.67188443,-9999.0
369,369,1241950.402336531,4844326.878824862,-9999.0
370,370,1242427.961629102,4844457.109896592,-0.835210728
371,371,1236786.666649993,4844016.647706655,-0.08929818
372,372,1239526.947935432,4844178.452418283,-0.839758932
373,373,1241250.814536533,4844280.264464367,-0.549253614
374,374,1241923.555992718,4844315.07440541,-9999.0
375,375,1242044.76346128,4844332.962582138,-0.964053842
376,376,1242068.390537476,4844323.636880684,-0.934790127
377,377,1236555.274662325,4843985.822658177,-0.91899994
378,378,1239233.648288562,4844149.842132851,-0.60594736
379,379,1241241.356099593,4844264.681559347,-0.536788728
380,380,1241914.230648026,4844303.843012838,-9999.0
381,381,1242439.969466022,4844347.720423128,-0.896561238
382,382,1241672.671801317,4844279.617404602,-0.75319149
383,383,1239250.912807617,4844133.852098088,-0.602687497
384,384,1239552.516268757,4844149.367599679,-0.825092012
385,385,1241994.445971725,4844289.018974624,-0.893829779
386,386,1242066.711784973,4844293.493009576,-0.946943186
387,387,1242408.057236152,4844337.092559425,-0.975404264
388,388,1238704.910043594,4844089.479538986,-9999.0
389,389,1240267.228571025,4844176.845564929,-0.816586957
390,390,1242412.782335147,4844302.913121418,-0.952124972
391,391,1236850.825336899,4843965.574364958,-0.533760303
392,392,1236898.733248621,4843965.777633499,-0.050507243
393,393,1238494.097728288,4844063.652656815,-0.974840009
394,394,1238725.662635286,4844079.494222746,-9999.0
395,395,1239567.643852812,4844125.431808994,-0.827714286
396,396,1240846.543213387,4844206.538248629,-0.661564522
397,397,1241715.5434489,4844258.016507486,-0.869623582
398,398,1238014.99267069,4844026.602101407,-0.48795954
399,399,1238308.170615878,4844040.115072688,-0.90421953
400,400,1238560.748373308,4844058.686279692,-0.804826829
401,401,1240688.68942963,4844182.503168415,-0.660333348
402,402,1242199.850124588,4844271.903292913,-0.980999957
403,403,1236619.239930147,4843924.448331433,-0.643619148
404,404,1236690.177548141,4843923.220168815,-9999.0
405,405,1236731.55808298,4843925.702892949,-9999.0
406,406,1238559.221011132,4844034.722397316,-0.990999967
407,407,1238579.8903734,4844036.308239709,-0.814204282
408,408,1240341.865126275,4844141.420315054,-0.760531909
409,409,1241980.023732382,4844237.94185165,-0.907175819
410,410,1242201.029491663,4844251.943258487,-9999.0
411,411,1242431.591855669,4844265.177294336,-0.920478262
412,412,1236770.088916664,4843917.998513037,-9999.0
413,413,1237018.371759448,4843932.887323541,-0.036669856
414,414,1239590.988687334,4844086.759929436,-0.716812493
415,415,1240360.179933582,4844132.877587275,-0.769304355
416,416,1241970.247868668,4844227.701050172,-0.805088252
417,417,1238806.420731042,4844028.881100327,-0.991250008
418,418,1239243.846943118,4844079.532654762,-0.73672341
419,419,1241733.228541954,4844204.254485971,-0.928604379
420,420,1236674.73216689,4843892.24573081,-0.648159396
421,421,1237943.729685774,4843968.256999054,-0.436043474
422,422,1236540.232201124,4843930.3927356,-0.610660731
423,423,1236696.021134421,4843883.50722371,-0.702722227
424,424,1237933.981344953,4843957.658443361,-0.533542862
425,425,1238813.44051456,4844010.383853684,-0.990199935
426,426,1238854.566506653,4844012.432578261,-0.988600016
427,427,1239624.007683718,4844059.063798179,-0.716085104
428,428,1240175.746289542,4844091.875152223,-0.811606372
429,429,1240213.349379727,4844093.522707021,-0.799385707
430,430,1241878.468575432,4844216.199020318,-0.966050249
431,431,1242463.65586564,4844271.473622772,-0.759068433
432,432,1238801.30994389,4843998.529752654,-0.963762494
433,433,1240006.889538219,4844071.438801603,-0.850319133
434,434,1240116.995411917,4844086.196113613,-0.826333339
435,435,1237897.1870836,4843940.434713057,-0.46903091
436,436,1238603.405014148,4843988.24084176,-0.93960812
437,437,1238835.04283734,4843991.641398813,-0.979227283
438,438,1239702.984248159,4844044.058916135,-0.804549977
439,439,1242097.188148386,4844185.332779185,-9999.0
440,440,1242117.878321131,4844186.555633483,-9999.0
441,441,1242135.600362969,4844187.987688576,-0.975727254
442,442,1237158.799375343,4843882.277042167,0.312790121
443,443,1238595.5999349,4843966.224261797,-0.942450707
444,444,1239153.193994302,4844008.611126033,-0.714608544
445,445,1239684.082584072,4844032.006012531,-0.748287506
446,446,1236558.446407133,4843848.07524466,-0.478465441
447,447,1238240.150776324,4843936.482573695,-9999.0
448,448,1238939.683566354,4843977.850957779,-0.892000013
449,449,1239467.32377903,4844014.526462343,-0.648374343
450,450,1239667.864807356,4844020.360534338,-0.695537643
451,451,1242077.979974977,4844163.763436657,-9999.0
452,452,1238209.232067099,4843924.234932313,-9999.0
453,453,1238609.238630173,4843948.122237429,-0.99999994
454,454,1238788.551968483,4843958.821724947,-0.968962974
455,455,1238566.471027125,4843939.231572789,-9999.0
456,456,1242078.857590095,4844144.189788106,-9999.0
457,457,1237610.52481644,4843868.92888754,-0.098066653
458,458,1238349.560049027,4843913.127996459,-0.952214262
459,459,1239289.881759869,4843975.223090324,-0.681168737
460,460,1239331.710711911,4843970.30101363,-0.681726332
461,461,1239859.925829859,4844003.149196873,-0.911589927
462,462,1240018.000204913,4844011.805592438,-0.736500017
463,463,1242391.842248102,4844207.664487006,-0.977068961
464,464,1237569.785924264,4843855.744470503,-0.636563089
465,465,1238263.225694431,4843897.798750642,-9999.0
466,466,1237797.526820625,4843872.954318151,-0.499665281
467,467,1238594.859668705,4843907.586588452,-0.983999987
468,468,1242384.079696947,4844132.178840045,-9999.0
469,469,1236972.489798402,4843803.361481112,-0.741136505
470,470,1238285.465248728,4843890.551071533,-0.970448278
471,471,1238628.491042257,4843920.870535572,-0.953947365
472,472,1242363.410971493,4844125.1813539,-9999.0
473,473,1237054.836775396,4843794.851615491,-0.845234033
474,474,1238234.702240011,4843866.204308677,-0.984000012
475,475,1238660.942132466,4843895.920371581,-0.967000008
476,476,1239175.36542977,4843922.176555381,-0.694279578
477,477,1242195.773209498,4844100.470848726,-0.971666654
478,478,1237017.204650991,4843785.850926741,-0.808250587
479,479,1237079.082919989,4843793.29237751,-0.831265763
480,480,1237442.500204798,4843816.947977526,-0.858285768
481,481,1242058.194806933,4844218.866662544,-0.952184565
482,482,1242172.976772849,4844113.670899727,-0.787161291
483,483,1237117.39052124,4843777.170240104,-0.836712974
484,484,1241886.914115937,4844063.121446282,-9999.0
485,485,1237171.475242617,4843771.794743554,-9999.0
486,486,1239700.135110029,4843959.032907712,-0.841269847
487,487,1239767.205590649,4843929.497645508,-0.983165056
488,488,1242007.714405621,4844059.864996078,-9999.0
489,489,1242088.348817252,4844064.024277003,-0.828161631
490,490,1237470.562960102,4843778.963900591,-9999.0
491,491,1237573.967554023,4843785.884663312,-9999.0
492,492,1237091.807717174,4843746.98855431,-0.849188409
493,493,1237113.51772563,4843754.299259454,-0.764884396
494,494,1237201.003421482,4843752.974496165,-0.887687766
495,495,1237529.71646392,4843773.572111552,-0.864640038
496,496,1237522.604906762,4843788.851619217,-0.847088288
497,497,1238229.584589191,4843815.27930648,-0.963999963
498,498,1238266.756412433,4843847.048575881,-0.954016211
499,499,1241927.777914146,4844056.114590536,-9999.0
500,500,1241992.13328306,4844039.298666922,-9999.0
501,501,1242008.894483166,4844039.904963487,-9999.0
502,502,1242078.011216948,4844043.788764711,-0.788219509
503,503,1240812.755540644,4843958.263938792,-0.759172037
504,504,1237203.348197509,4843733.641428811,-0.659028591
505,505,1237224.03772151,4843734.881105912,-0.729855067
506,506,1237572.814334127,4843760.883706449,-0.801821257
507,507,1238451.660360421,4843807.580485181,-0.938000034
508,508,1238520.163239095,4843820.468783198,-0.941581155
509,509,1237614.983485425,4843759.932978709,-0.795192952
510,510,1237648.264751176,4843773.092189646,-0.841938758
511,511,1238272.848064468,4843792.622970163,-0.940948752
512,512,1238445.316333919,4843797.916398248,-0.952142877
513,513,1241995.027052668,4844014.915118017,-9999.0
514,514,1242052.277271466,4844015.562257218,-0.770828569
515,515,1237345.90113469,4843722.502054759,-0.852882359
516,516,1238234.956131047,4843780.656472111,-0.981621639
517,517,1238435.567537845,4843787.318678914,-0.974000007
518,518,1238584.665361938,4843804.574899422,-0.911705772
519,519,1239593.556008339,4843866.17475701,-9999.0
520,520,1240452.642759202,4843907.634401775,-0.630122455
521,521,1241920.62416764,4844001.677862159,-9999.0
522,522,1237288.859934723,4843729.124327873,-0.767180684
523,523,1238665.643705687,4843791.918187285,-0.861291024
524,524,1240874.575734359,4843922.457216775,-0.789739132
525,525,1242035.838559076,4843996.228739463,-0.751597117
526,526,1242204.946896851,4844001.418483281,-9999.0
527,527,1238936.213690813,4843802.171124505,-0.965059518
528,528,1240771.267907548,4843917.913356617,-0.764029577
529,529,1241906.019264584,4843974.117046207,-9999.0
530,530,1238268.895056374,4843747.316601282,-0.996000051
531,531,1240488.926918014,4843879.339068917,-0.64788
532,532,1242017.966199376,4843976.719369309,-0.748687901
533,533,1238700.345231144,4843763.649020844,-0.963227275
534,534,1239789.656078065,4843827.965689752,-0.849262775
535,535,1239847.554805414,4843835.85029282,-0.736726332
536,536,1241999.972979446,4843959.056148684,-0.764260875
537,537,1242199.433366278,4843975.853392258,-9999.0
538,538,1237390.104473733,4843696.10902619,-0.635220841
539,539,1238221.15841301,4843724.635352612,-0.981600022
540,540,1238423.651815216,4843898.743514887,-0.924957858
541,541,1238348.89368692,4843732.064320761,-0.995666693
542,542,1238459.236668167,4843738.654222325,-0.988666674
543,543,1238648.888692234,4843749.975884559,-0.812382359
544,544,1239779.777935381,4843817.160563641,-0.868816321
545,545,1239857.660769349,4843821.995721682,-0.707243906
546,546,1240910.419980558,4843884.522648035,-0.814608694
547,547,1238190.893021666,4843712.256983033,-0.964564521
548,548,1238279.731781213,4843727.835158999,-0.958675661
549,549,1238511.404579743,4843731.955667337,-0.792809512
550,550,1238857.776585891,4843877.365348195,-0.884665005
551,551,1239849.463228665,4843811.492819567,-0.721436612
552,552,1236632.880548136,4843609.288915937,-9999.0
553,553,1238181.123815923,4843702.009687488,-0.983200008
554,554,1238294.25167453,4843711.630648882,-0.971494964
555,555,1240732.799420248,4843853.955778237,-0.801188402
556,556,1241980.758825197,4843932.88281252,-0.764079133
557,557,1237618.606200578,4843688.432477742,-0.773704243
558,558,1239843.021869243,4843796.614857501,-0.754457446
559,559,1241887.849536511,4843934.280664973,-9999.0
560,560,1242452.49580184,4843945.735322933,-0.502059527
561,561,1238744.701257675,4843716.218127494,-0.864357134
562,562,1241966.335054438,4843913.577155446,-0.769114279
563,563,1237631.202952111,4843639.07454962,-9999.0
564,564,1238134.487143795,4843669.37778472,-0.959647075
565,565,1239276.318287165,4843737.898791131,-0.58753763
566,566,1237535.251196138,4843623.315234888,-0.820470615
567,567,1238220.929820665,4843688.74242906,-0.973898405
568,568,1238396.793922312,4843674.831797238,-0.829418586
569,569,1239197.275745865,4843722.586801665,-0.705000012
570,570,1241907.402903236,4843883.679888033,-0.977000058
571,571,1241946.288826795,4843967.21214963,-0.984791669
572,572,1236718.631489104,4843564.355272229,-9999.0
573,573,1238435.822788609,4843667.147066178,-0.118014386
574,574,1239236.097787946,4843709.877004017,-0.572505412
575,575,1241908.583376056,4843863.71985578,-9999.0
576,576,1242156.852687444,4843878.397865663,-9999.0
577,577,1238789.056623181,4843668.786944761,-0.767127653
578,578,1239299.056833101,4843698.604984612,-0.595764294
579,579,1240934.369104979,4843799.099711999,-0.840690903
580,580,1238799.81892708,4843658.624526643,-0.726708319
581,581,1239275.422557498,4843691.145938439,-0.603333933
582,582,1241930.603986601,4843844.790193836,-0.737171414
583,583,1242120.253519193,4843856.002822554,-0.852500006
584,584,1236958.487257473,4843541.60042497,-0.728170248
585,585,1237210.992786811,4843554.401909432,-0.383979161
586,586,1237248.593818486,4843556.068051917,-0.488278841
587,587,1237394.467330085,4843565.549758234,-9999.0
588,588,1237494.043048463,4843578.715907792,-0.739789487
589,589,1239031.618445982,4843663.222304791,-0.905565226
590,590,1239325.728149206,4843682.844258702,-0.593657261
591,591,1241800.603166094,4843817.272953591,-0.984115387
592,592,1242097.296166877,4843834.616050364,-0.923620187
593,593,1241836.877936049,4843809.945106888,-9999.0
594,594,1238064.191199058,4843574.102720615,-9999.0
595,595,1238833.411327652,4843621.355472645,-0.725536821
596,596,1242075.979196207,4843816.988409849,-0.935539007
597,597,1240903.702740473,4843741.622186456,-0.856585463
598,598,1241802.547454325,4843790.577129234,-0.972452062
599,599,1241823.063305476,4843788.556842567,-0.977499992
600,600,1242009.414201401,4843799.375867599,-0.679676188
601,601,1242364.573169515,4843820.364713004,-0.716735294
602,602,1241054.440328123,4843733.485937215,-0.809377545
603,603,1241978.971029049,4843787.560858107,-0.694920478
604,604,1236917.714275551,4843476.138927505,-9999.0
605,605,1238897.263561306,4843595.117663733,-0.956047634
606,606,1240717.874171907,4843703.429784388,-0.9225
607,607,1240739.685291855,4843710.214242541,-0.900809837
608,608,1241045.117502953,4843722.253077906,-0.816159408
609,609,1241955.296967777,4843775.943910024,-0.722347828
610,610,1236928.657122889,4843466.779322755,-9999.0
611,611,1236963.138225829,4843468.847052103,-9999.0
612,612,1241038.685698019,4843711.654535545,-0.820187494
613,613,1241983.599435303,4843767.804738896,-0.779242846
614,614,1242038.645477256,4843788.317607225,-0.818414475
615,615,1237766.355187368,4843506.94223833,-9999.0
616,616,1237798.178345843,4843508.84618527,-9999.0
617,617,1239077.948692155,4843970.746030891,-0.790253925
618,618,1239287.805258248,4843597.050222603,-0.631772742
619,619,1239859.851936674,4843636.842892186,-0.832100715
620,620,1240498.050159382,4843669.763960641,-0.709269521
621,621,1240880.640062443,4843692.671372589,-0.874775501
622,622,1240898.360767087,4843694.107134081,-0.870322587
623,623,1241919.110875341,4843789.203874208,-0.77316933
624,624,1241949.751385187,4843755.057996669,-0.770181817
625,625,1239240.083003,4843584.921664236,-0.767826081
626,626,1239350.465773975,4843590.767732943,-0.618652161
627,627,1239658.0703873,4843625.235911301,-0.790823169
628,628,1240829.990444969,4843680.036466843,-0.867736834
629,629,1239309.596350352,4843579.778227266,-0.610456529
630,630,1239406.78094849,4843574.821580861,-0.589275362
631,631,1239627.041703211,4843596.003943836,-0.659771341
632,632,1238966.76893712,4843546.342324893,-0.846347103
633,633,1240621.254968593,4843636.815560463,-0.912999973
634,634,1240962.794216841,4843657.86802461,-0.885510642
635,635,1239283.838726092,4843547.467103427,-0.811985489
636,636,1239452.794859362,4843557.531209484,-0.539927534
637,637,1241256.295849415,4843664.462010243,-0.975731713
638,638,1239925.776116661,4843575.664514912,-0.853411766
639,639,1240954.088849754,4843639.063103057,-0.896083012
640,640,1241294.179277664,4843661.470871194,-0.980603304
641,641,1241960.018410237,4843696.103771762,-9999.0
642,642,1239569.843058413,4843555.338712461,-0.548128742
643,643,1241795.076855804,4843676.736739255,-9999.0
644,644,1241981.041323782,4843713.832482651,-0.958284393
645,645,1242305.041251298,4843706.684625148,-0.731086953
646,646,1239947.651635904,4843556.934912568,-0.815457152
647,647,1240828.61992561,4843613.748373392,-0.874373586
648,648,1242295.789479129,4843696.123170039,-0.765949632
649,649,1239058.645165748,4843493.983924452,-9999.0
650,650,1240686.458934361,4843595.819498309,-0.976099186
651,651,1240727.356671857,4843593.441158361,-0.950812532
652,652,1240748.045069623,4843594.66880621,-0.911304318
653,653,1242334.857874248,4843697.987879181,-0.57940932
654,654,1238969.293168481,4843483.648491362,-0.370746373
655,655,1239101.211741576,4843476.490623316,-9999.0
656,656,1239759.492432246,4843520.703666047,-9999.0
657,657,1240560.066542113,4843563.865899682,-0.99342852
658,658,1241777.953095027,4843636.204954098,-9999.0
659,659,1239122.53830644,4843467.016156919,-9999.0
660,660,1240539.970760526,4843552.65759937,-9999.0
661,661,1241973.80337037,4843656.530995157,-9999.0
662,662,1240991.425215677,4843568.843101495,-0.892255316
663,663,1241302.100968743,4843587.459848103,-0.961437463
664,664,1240582.532301845,4843535.154112427,-9999.0
665,665,1241403.165543586,4843583.816439363,-0.990424228
666,666,1241744.682816707,4843607.174357805,-0.988203952
667,667,1239766.206560689,4843466.018852531,-0.798134588
668,668,1241381.264320271,4843575.23666068,-0.982142429
669,669,1240554.91550007,4843514.079490177,-0.928761589
670,670,1240895.300169228,4843532.067671576,-0.885831611
671,671,1239456.922072039,4843427.779088832,-9999.0
672,672,1239996.8576252,4843459.708157684,-0.80871604
673,673,1241405.184308384,4843550.037499508,-0.98689707
674,674,1241698.433600677,4843560.449240394,-0.987235322
675,675,1241799.194564595,4843557.18563592,-0.797063157
676,676,1239527.221928133,4843411.732432882,-0.986583317
677,677,1240009.985209408,4843439.72791956,-0.805533343
678,678,1240473.877632643,4843483.317408803,-9999.0
679,679,1241423.32774053,4843529.341184422,-0.991188677
680,680,1239785.228084865,4843437.104682595,-0.801815373
681,681,1240479.61396796,4843458.147982155,-0.993999958
682,682,1241704.797022165,4843533.545680491,-0.971484862
683,683,1241741.279340264,4843533.344152877,-9999.0
684,684,1239567.891661925,4843394.123151141,-9999.0
685,685,1239810.994285699,4843408.793855343,-9999.0
686,686,1240541.968198049,4843452.239636559,-9999.0
687,687,1241332.038657271,4843499.482831662,-0.948967745
688,688,1241782.097276951,4843531.264877206,-0.782804979
689,689,1239621.803122659,4843392.324934429,-0.83958737
690,690,1241845.165663524,4843534.281199493,-0.831192211
691,691,1240021.106245501,4843401.05833421,-0.900820511
692,692,1240622.936938828,4843437.400946757,-0.774000002
693,693,1240774.298316157,4843446.149394214,-0.786959589
694,694,1241732.248145357,4843507.883144869,-9999.0
695,695,1239644.305010637,4843369.212818472,-0.955086996
696,696,1239678.455875667,4843370.658662146,-0.884762031
697,697,1239733.644297196,4843373.591081331,-0.908729169
698,698,1241701.295488665,4843499.074789082,-0.949249983
699,699,1240696.351337565,4843420.93923632,-0.773877564
700,700,1241084.267393312,4843444.151677847,-0.800612493
701,701,1241685.17710951,4843489.761992577,-9999.0
702,702,1241875.255188976,4843491.196072265,-9999.0
703,703,1239286.576531164,4843327.290961946,-0.829613863
704,704,1239745.155109058,4843354.597502914,-0.991400027
705,705,1240436.587546827,4843425.299462347,-9999.0
706,706,1241034.541858249,4843431.390499642,-0.761708329
707,707,1241434.784173398,4843455.109184996,-0.992399955
708,708,1241730.886725552,4843477.444712319,-0.88878952
709,709,1239812.066479759,4843370.816629431,-0.795463583
710,710,1240397.412573013,4843383.361514283,-9999.0
711,711,1240470.871118812,4843388.467809739,-9999.0
712,712,1240538.627665793,4843391.950158406,-9999.0
713,713,1241086.983313088,4843424.634612834,-0.784333322
714,714,1241855.899234508,4843469.819041719,-0.676470563
715,715,1239839.140637866,4843345.166680261,-9999.0
716,716,1240667.290643773,4843453.295404154,-0.780626419
717,717,1241729.244321753,4843452.896912214,-9999.0
718,718,1240377.910527393,4843362.172623311,-9999.0
719,719,1240603.078448603,4843376.287497271,-0.821101463
720,720,1239777.148741689,4843331.524781943,-0.990999997
721,721,1240509.854004195,4843360.580719314,-9999.0
722,722,1240629.906762585,4843372.129244175,-0.80172663
723,723,1240875.338417245,4843503.848629222,-0.81974007
724,724,1240361.856556502,4843341.188493893,-9999.0
725,725,1240441.48794973,4843346.505421378,-9999.0
726,726,1240610.064603258,4843356.658847013,-0.819851051
727,727,1241018.339831504,4843383.81449388,-0.696675799
728,728,1241115.242340752,4843392.834678044,-0.784031571
729,729,1241778.753211563,4843464.9971774,-0.883996159
730,730,1241841.021136616,4843428.879073128,-0.718468073
731,731,1240493.319566549,4843339.183757265,-9999.0
732,732,1240692.929247427,4843354.105289174,-0.706942529
733,733,1241052.937863497,4843375.174352733,-0.707584798
734,734,1240093.601600312,4843305.215861773,-0.831372075
735,735,1240362.891174501,4843321.421637805,-9999.0
736,736,1240553.270616222,4843322.511141048,-0.80516788
737,737,1240597.98050808,4843338.647230598,-0.797783446
738,738,1241077.420083019,4843359.798264322,-0.719369467
739,739,1242135.865795604,4843416.270526477,-0.941538471
740,740,1241084.512697425,4843343.42851323,-0.717936849
741,741,1241091.629706434,4843984.405697667,-0.754730381
742,742,1240137.108104463,4843277.958561581,-0.805812474
743,743,1240564.648336085,4843303.358443631,-0.758770851
744,744,1241143.129011419,4843348.136012825,-0.804880645
745,745,1241695.713171751,4843370.20586188,-9999.0
746,746,1241496.17434669,4843348.579729415,-9999.0
747,747,1241796.622113399,4843366.749283278,-9999.0
748,748,1240167.08031081,4843260.250837588,-0.839719434
749,749,1240305.459587543,4843271.161744415,-9999.0
750,750,1240480.116135887,4843278.69313652,-0.902860209
751,751,1240497.026689169,4843279.110577114,-0.832942028
752,752,1240538.552551538,4843281.374335597,-0.754041659
753,753,1241106.693499718,4843320.605591927,-0.733374999
754,754,1241707.257656483,4843355.55369047,-9999.0
755,755,1242296.197343345,4843797.716741486,-0.796521883
756,756,1241170.286791302,4843309.626571018,-0.831199992
757,757,1240201.54301819,4843241.727515658,-0.871083349
758,758,1240241.170873125,4843248.940303884,-0.826327691
759,759,1240439.926933659,4843256.275813002,-0.986699945
760,760,1241632.085063302,4843331.657586982,-0.817943757
761,761,1239460.99427135,4843187.450063632,-0.894230769
762,762,1240140.035831839,4843237.136339323,-0.895489469
763,763,1240161.506041613,4843219.115132715,-0.895869573
764,764,1240251.150667424,4843224.443111842,-9999.0
765,765,1240447.679297902,4843236.119013501,-0.869318838
766,766,1241133.085647857,4843281.229613753,-0.764062524
767,767,1241666.653220063,4843316.341922658,-0.779857698
768,768,1242092.817938019,4843333.606468579,-0.813319168
769,769,1240203.430394132,4843212.322071118,-0.874826101
770,770,1241371.689996465,4843286.234679273,-0.976064951
771,771,1241692.95220716,4843299.937605297,-0.760882332
772,772,1241149.974789868,4843256.847509186,-0.791560281
773,773,1241168.937871344,4843275.747499611,-0.825935657
774,774,1241582.915826584,4843288.416278833,-0.819086958
775,775,1241714.067809602,4843293.923891217,-0.848633816
776,776,1239515.132925431,4843149.882379284,-9999.0
777,777,1239505.340361791,4843140.014125558,-0.937500014
778,778,1240380.363893835,4843203.20147528,-0.922894384
779,779,1241178.0493768,4843239.394344302,-0.82647827
780,780,1239516.278204219,4843130.650097637,-0.949999988
781,781,1241736.689162337,4843262.466261929,-0.805956532
782,782,1240310.316411218,4843158.054332127,-9999.0
783,783,1240332.947006969,4843171.31439446,-0.939690712
784,784,1241378.173632036,4843229.566964874,-0.972026303
785,785,1242068.711606413,4843262.278977825,-0.972821446
786,786,1241164.052689123,4843205.20589489,-0.802247624
787,787,1241200.04255607,4843218.563696215,-0.852379135
788,788,1242100.265299532,4843282.457238002,-0.880792518
789,789,1239791.361821613,4843107.550511983,-9999.0
790,790,1240290.815491008,4843136.865100703,-0.978000015
791,791,1242032.445841263,4843240.489443768,-0.995600021
792,792,1241189.051987966,4843179.956054332,-0.82942307
793,793,1239565.259772891,4843063.459096409,-0.875490194
794,794,1240276.846592671,4843112.371879969,-0.922980215
795,795,1242239.43068238,4843226.273463525,-0.444584447
796,796,1239796.705069993,4843067.42241684,-9999.0
797,797,1240236.415904236,4843104.942087983,-9999.0
798,798,1241201.685020394,4843156.704443784,-0.84733759
799,799,1241324.559368982,4843158.528160029,-0.965050033
800,800,1241355.953320577,4843205.003031086,-0.932427385
801,801,1242291.977322847,4843224.926827424,-0.332453254
802,802,1242376.41259982,4843226.831307138,-0.253498832
803,803,1241560.254089917,4843163.955949471,-0.855116674
804,804,1242039.796624609,4843197.773906764,-0.977259266
805,805,1239566.745375201,4843038.50910984,-0.60073285
806,806,1240239.360284836,4843073.513657246,-0.882676487
807,807,1241239.067230839,4843133.047209507,-0.877562491
808,808,1241249.824180584,4843122.880704612,-0.887172048
809,809,1241537.370666769,4843141.245193035,-9999.0
810,810,1242018.857848955,4843169.196795184,-9999.0
811,811,1239586.797156405,4843021.249393324,-0.764297683
812,812,1240178.335487639,4843050.058135054,-9999.0
813,813,1240199.022126847,4843051.287760365,-0.95633328
814,814,1241223.952518491,4843111.91912789,-0.86521368
815,815,1239610.198411462,4843006.0424853,-9999.0
816,816,1241530.454469078,4843120.264440494,-9999.0
817,817,1242020.189299736,4843149.043565556,-9999.0
818,818,1240162.763159285,4843029.48662098,-9999.0
819,819,1241551.732065094,4843111.509411204,-9999.0
820,820,1241998.649742685,4843149.901828747,-9999.0
821,821,1241657.132768843,4843136.729220001,-0.903753319
822,822,1239542.595952518,4842972.636202283,-0.790933332
823,823,1241205.170873793,4843071.332462896,-0.830978955
824,824,1239215.933636708,4842942.696691287,0.06993617
825,825,1239491.309763101,4842968.916889538,-0.52844839
826,826,1239608.005999089,4842978.742764365,-0.932260088
827,827,1240165.553794894,4843005.60461332,-0.904879594
828,828,1239237.366058759,4842933.756511875,0.019214285
829,829,1240147.417519149,4842988.12858786,-0.980999994
830,830,1241216.23958205,4843045.79676246,-0.84381915
831,831,1241554.686895421,4843061.609329793,-9999.0
832,832,1241965.447908329,4843086.303294191,-9999.0
833,833,1239080.428281257,4842894.152487783,0.146699999
834,834,1239408.067789283,4842914.233708691,-0.450438769
835,835,1239005.239953005,4842888.84174348,0.270153781
836,836,1239450.05577755,4842906.367353525,-0.518421426
837,837,1239090.535431782,4842874.9263174,0.084074074
838,838,1239640.274180451,4842907.679346978,-0.968483879
839,839,1243453.489718566,4843132.757089639,0.346978265
840,840,1238971.863049467,4842858.035967342,0.282916664
841,841,1240130.523453045,4842930.169942015,-0.828310022
842,842,1241249.740519802,4843025.247045792,-0.899649155
843,843,1243447.096393404,4843123.826325148,0.374674422
844,844,1239124.308059843,4842856.908983999,0.038797104
845,845,1239116.113251503,4842846.40493351,-0.00058228
846,846,1241283.007898335,4842975.410254,-0.942818204
847,847,1241980.531062661,4843065.73596991,-0.909961039
848,848,1239005.157891207,4842830.359977703,0.169357898
849,849,1239223.227686867,4842841.86195367,-0.09742958
850,850,1241263.010967526,4842969.015510465,-0.876434345
851,851,1239257.548471852,4842824.991621398,-0.17714286
852,852,1241605.89656311,4842964.876164052,-9999.0
853,853,1240140.436037293,4842892.103962176,-0.589475974
854,854,1241287.90314349,4842935.799400087,-0.912022053
855,855,1239106.689348246,4842795.765711046,0.013363635
856,856,1241957.821391467,4842975.101094997,-0.865979427
857,857,1239369.657839019,4842801.625837257,-0.445645834
858,858,1239211.660540558,4842782.194797889,-0.121808516
859,859,1239342.352119961,4842794.362171869,-0.338152544
860,860,1240170.258814939,4842839.05523394,-0.730782619
861,861,1241290.450978964,4842910.55130613,-0.872043329
862,862,1241921.517030071,4842943.110849362,-9999.0
863,863,1241942.202985419,4842944.334530604,-0.961513503
864,864,1239673.888218499,4842799.511407577,-0.835255807
865,865,1241381.306036023,4842901.499074669,-9999.0
866,866,1241530.110524981,4842974.087231081,-0.814746933
867,867,1239667.962658603,4842788.941155494,-0.7592653
868,868,1240161.704806298,4842825.701598657,-9999.0
869,869,1241336.876179726,4842888.466841934,-0.985249996
870,870,1241433.131940352,4842894.169639822,-9999.0
871,871,1241588.497345649,4842915.122191439,-9999.0
872,872,1241922.697805774,4842923.150807866,-9999.0
873,873,1241950.725237024,4842919.59916574,-0.862506021
874,874,1240186.125856286,4842804.945027568,-0.846776861
875,875,1241313.80610025,4842883.06858101,-0.901822254
876,876,1241376.184620164,4842871.150500298,-9999.0
877,877,1241395.49191034,4842865.989345715,-0.979444457
878,878,1241579.984294268,4842872.822104176,-9999.0
879,879,1241944.803057555,4842894.211495959,-0.861844447
880,880,1241335.883205524,4842856.157706843,-0.940335438
881,881,1241573.425539609,4842862.014462984,-9999.0
882,882,1239488.607691131,4842839.848182534,-0.655084298
883,883,1240268.111394411,4842764.397387902,-0.913677095
884,884,1241357.864145272,4842830.00480768,-0.963531889
885,885,1240279.026487887,4842755.382939672,-0.973414632
886,886,1239341.576498476,4842694.5885445,-0.381846717
887,887,1241931.019622308,4842843.321402345,-0.882799998
888,888,1239176.686854623,4842674.745561882,-0.070717392
889,889,1241555.526579842,4842816.08908482,-9999.0
890,890,1239148.278276988,4842763.958443942,-0.074177209
891,891,1239276.030262834,4842671.205839197,-0.235937105
892,892,1241362.756783995,4842799.662741383,-0.925595116
893,893,1241383.882554961,4842791.10150652,-0.990799999
894,894,1240238.74914351,4842705.416573041,-0.927749985
895,895,1241874.89958761,4842800.143532411,-9999.0
896,896,1239165.666099709,4842619.003502958,-0.176285715
897,897,1239262.171297941,4842838.039219691,-0.181726883
898,898,1241385.995490404,4842751.697431086,-0.938391317
899,899,1239170.806375669,4842599.27901976,-0.185575537
900,900,1240262.063040423,4842668.243527817,-0.943214296
901,901,1241447.670627116,4843160.929389442,-0.953603689
902,902,1241528.340134342,4842749.381437191,-9999.0
903,903,1243567.613622672,4842839.768969975,0.361277514
904,904,1241830.478000324,4842729.959675575,-9999.0
905,905,1239373.14269851,4842571.276556825,-0.490863314
906,906,1241410.647108027,4842700.170836682,-0.958400654
907,907,1243582.042934555,4842825.596698247,0.347515453
908,908,1239486.494016602,4842622.931478339,-0.60878507
909,909,1239941.399483887,4842612.077408505,-9999.0
910,910,1239348.420050327,4842571.150812214,-0.466584145
911,911,1240335.150030789,4842679.824187478,-0.972862281
912,912,1241415.261945945,4842672.577930965,-0.94878992
913,913,1241824.320795413,4842708.404784893,-9999.0
914,914,1239230.921390985,4842532.754396017,-0.22405085
915,915,1239536.95951558,4842550.988971636,-0.599040938
916,916,1243126.15102393,4842764.269368028,0.438456517
917,917,1239347.941281644,4842529.713158897,-0.485706089
918,918,1240385.488734272,4842591.652270196,-9999.0
919,919,1240412.616263014,4842601.476389091,-0.944522378
920,920,1240427.100074391,4842583.90717134,-0.964333382
921,921,1241427.082641837,4842648.240635618,-0.973462996
922,922,1239412.962464191,4842521.315712831,-0.556586802
923,923,1241869.249301372,4842659.397633552,-0.927969726
924,924,1242958.786847884,4842723.970023772,0.359395839
925,925,1243220.227913157,4842782.385466872,0.399786035
926,926,1243097.148183821,4842721.913499977,0.409287803
927,927,1239439.657258162,4842500.123771106,-0.611895311
928,928,1239464.130239411,4842495.843683667,-0.547733337
929,929,1242948.17557366,4842712.067149726,0.353233163
930,930,1243049.514712378,4842708.359521447,0.369688896
931,931,1239241.709149217,4842480.555481686,-0.2500929
932,932,1239454.318079888,4842486.326139714,-0.637081639
933,933,1239570.364420872,4842512.916870208,-0.55912609
934,934,1239996.282093018,4842547.943881151,-9999.0
935,935,1239182.58358476,4842459.764627487,-0.040814285
936,936,1241464.658217232,4842595.586047741,-9999.0
937,937,1239135.416865735,4842446.937005023,0.085255814
938,938,1239234.911401991,4842452.516486804,-0.365458335
939,939,1240035.030678219,4842501.096581661,-9999.0
940,940,1240434.936641224,4842524.868175539,-9999.0
941,941,1240454.290143575,4842534.048813581,-0.96167548
942,942,1241442.186974217,4842607.406140956,-0.976573141
943,943,1239500.775141793,4842498.62381392,-0.657642659
944,944,1239598.062600526,4842454.473942562,-0.509130445
945,945,1240456.807189897,4842506.137003324,-9999.0
946,946,1241815.105192463,4842586.675631283,-9999.0
947,947,1239511.346411846,4842438.888703049,-0.715282833
948,948,1240497.480257617,4842487.935838172,-0.879765443
949,949,1241863.355307297,4842707.673774396,-0.894550561
950,950,1240079.020905378,4842448.354786905,-9999.0
951,951,1240933.08284525,4842576.073038538,-0.642466147
952,952,1241468.796659865,4842525.725922486,-9999.0
953,953,1239159.575602581,4842383.917569769,0.07340187
954,954,1240662.712840621,4842462.127979456,-0.53454166
955,955,1239401.770137565,4842372.673720116,-0.662590886
956,956,1239450.536634268,4842375.579169066,-0.601761903
957,957,1240633.328097318,4842446.514532513,-0.594589467
958,958,1240830.433381847,4842469.594122217,-0.806351846
959,959,1240523.990384639,4842437.155919208,-0.94562273
960,960,1240806.291183505,4842446.767176271,-0.764881722
961,961,1241764.671631705,4842503.570822619,-9999.0
962,962,1241800.687221587,4842531.325759267,-0.895173605
963,963,1239396.567362306,4842352.332864433,-0.619802795
964,964,1239589.918899251,4842358.8427581,-0.713579701
965,965,1240527.756586508,4842409.814578028,-9999.0
966,966,1241438.021010691,4842463.610306501,-9999.0
967,967,1241765.853086683,4842483.610780129,-9999.0
968,968,1239156.033009921,4842322.332098716,0.122783021
969,969,1242735.112031373,4842536.861868926,0.410598457
970,970,1239186.5079178,4842309.766564591,0.062273809
971,971,1239724.026237874,4842370.939440457,-0.610257093
972,972,1240549.777577364,4842390.88995298,-0.989000022
973,973,1242776.640343898,4842522.941311679,0.416510642
974,974,1240550.811956377,4842371.123087483,-9999.0
975,975,1241413.97935438,4842428.837881647,-0.812324987
976,976,1241750.499061296,4842442.257289154,-9999.0
977,977,1240572.240032809,4842362.178399041,-0.972857128
978,978,1239613.625831968,4842325.916067258,-0.78851609
979,979,1241792.705147276,4842470.492231931,-0.934453509
980,980,1239715.627947139,4842281.197043982,-0.587514694
981,981,1240573.867066811,4842332.431523457,-9999.0
982,982,1241402.525359294,4842385.392816782,-9999.0
983,983,1239735.848243948,4842281.934228919,-0.760291772
984,984,1239416.897913855,4842243.374510785,-0.517279418
985,985,1239664.384860926,4842262.555826216,-0.846906246
986,986,1240602.485991473,4842318.906206763,-0.929114944
987,987,1241716.602898989,4842380.545429713,-9999.0
988,988,1239679.338576408,4842249.192519102,-0.825599993
989,989,1240648.980380555,4842306.644336441,-0.932612904
990,990,1241347.999599457,4842348.110537205,-0.9445652
991,991,1241700.067851662,4842359.151820729,-9999.0
992,992,1241328.498527867,4842326.924679395,-9999.0
993,993,1241701.249572861,4842339.191778181,-9999.0
994,994,1241295.208339165,4842304.921443859,-0.965765934
995,995,1239689.38438642,4842205.045729402,-0.8903535
996,996,1240702.952761339,4842249.757769845,-0.899111121
997,997,1241307.52332909,4842285.62120765,-9999.0
998,998,1243654.349335548,4842424.26130782,0.373928578
999,999,1240625.089083752,4842235.706066336,-9999.0
1000,1000,1240673.724327758,4842270.609872548,-0.95171911
1001,1001,1241681.958709716,4842306.146368283,-9999.0
1002,1002,1243730.612166877,4842435.159503804,0.279564333
1003,1003,1240646.365472447,4842226.954300902,-9999.0
1004,1004,1241263.738239097,4842276.797520252,-0.968724996
1005,1005,1241276.73965395,4842263.968539625,-9999.0
1006,1006,1241293.831426393,4842269.787059733,-9999.0
1007,1007,1240626.274387663,4842215.746044532,-9999.0
1008,1008,1240684.398245809,4842218.812695101,-9999.0
1009,1009,1239702.215887145,4842157.27498673,-0.946126176
1010,1010,1241667.511202598,4842272.324860669,-9999.0
1011,1011,1239561.924348665,4842131.829013862,-0.701334946
1012,1012,1239554.509283393,4842307.844865738,-0.769473434
1013,1013,1239734.287782309,4842142.092704915,-0.9496129
1014,1014,1241199.378161435,4842229.134952415,-0.952223092
1015,1015,1241688.891187296,4842258.137916451,-0.98160783
1016,1016,1239690.396257037,4842130.051028821,-0.948222235
1017,1017,1240709.125496438,4842202.138974855,-0.972538046
1018,1018,1240729.434377408,4842194.753269644,-0.932262509
1019,1019,1241189.628064724,4842218.541771132,-0.96344228
1020,1020,1241223.813610679,4842233.276202883,-0.988333354
1021,1021,1241237.738733072,4842221.596236647,-9999.0
1022,1022,1240652.295870804,4842176.845749138,-9999.0
1023,1023,1241651.735509146,4842249.678502494,-9999.0
1024,1024,1241670.561664966,4842236.617289947,-9999.0
1025,1025,1241143.184883714,4842185.012328773,-0.969888886
1026,1026,1244135.239718532,4842360.407400782,0.143321429
1027,1027,1244258.826009026,4842372.23085897,0.268864583
1028,1028,1240733.840299211,4842152.026475619,-0.992499933
1029,1029,1240753.898675066,4842157.638026308,-0.931977936
1030,1030,1243636.732929548,4842331.023264116,0.428248032
1031,1031,1239682.013136369,4842061.361217661,-0.886129403
1032,1032,1243618.504523958,4842304.02210654,0.436052527
1033,1033,1240715.468553619,4842128.842568231,-9999.0
1034,1034,1242744.419451553,4842231.320629863,0.547153854
1035,1035,1244417.520149826,4842328.946053441,0.265145984
1036,1036,1244517.489928093,4842334.819122897,0.285285709
1037,1037,1244442.992672795,4842328.186665752,0.263406899
1038,1038,1240719.679233855,4842090.709915778,-9999.0
1039,1039,1240799.009961782,4842100.655126908,-0.930770475
1040,1040,1242725.813680742,4842214.287190204,0.566336534
1041,1041,1243580.724414265,4842264.698588503,0.465166666
1042,1042,1240299.71296522,4842055.746223995,-9999.0
1043,1043,1240961.727155616,4842094.858362844,-0.94920744
1044,1044,1241609.613256083,4842171.672752555,-9999.0
1045,1045,1243560.922808945,4842248.510324662,0.464088231
1046,1046,1239493.813608103,4841997.571438654,-0.704420272
1047,1047,1240820.554294837,4842077.130709174,-0.942488415
1048,1048,1241581.69353401,4842129.953528852,-9999.0
1049,1049,1242720.519525197,4842189.139710234,0.533687498
1050,1050,1240721.077497548,4842058.889070283,-9999.0
1051,1051,1240742.732451928,4842052.01781304,-9999.0
1052,1052,1240866.982284777,4842059.190839918,-0.967961898
1053,1053,1240894.559782872,4842060.827432346,-0.997000039
1054,1054,1241563.163262864,4842100.669144066,-9999.0
1055,1055,1243542.00309167,4842217.351933583,0.451623189
1056,1056,1240328.410620683,4842013.250607743,-9999.0
1057,1057,1240837.471139391,4842037.995852605,-0.98779999
1058,1058,1240854.227057902,4842038.605640098,-9999.0
1059,1059,1241547.589645462,4842080.101286553,-9999.0
1060,1060,1241564.345530609,4842080.709101858,-9999.0
1061,1061,1241605.711670681,4842083.159151336,-9999.0
1062,1062,1239948.036388993,4841973.95102301,-0.691468096
1063,1063,1240104.289991621,4842015.477301501,-0.793763192
1064,1064,1240398.540305287,4841997.387983752,-9999.0
1065,1065,1240727.406688896,4842016.165609015,-9999.0
1066,1066,1240786.46839541,4842014.553441667,-9999.0
1067,1067,1239461.054074507,4841930.210783569,-0.638390323
1068,1068,1239560.632334574,4842006.018942603,-0.869752179
1069,1069,1240349.751718929,4841978.982966421,-9999.0
1070,1070,1241550.485636962,4842055.717857178,-9999.0
1071,1071,1240749.293181229,4842002.129249162,-9999.0
1072,1072,1240918.645064248,4842002.367860659,-9999.0
1073,1073,1240939.35188688,4842003.192305331,-9999.0
1074,1074,1241511.555591301,4842037.521844631,-9999.0
1075,1075,1241529.271368918,4842038.956014321,-9999.0
1076,1076,1239613.124695466,4841918.366454847,-9999.0
1077,1077,1240312.539499414,4841956.355942191,-9999.0
1078,1078,1241391.976586474,4842020.806261465,-9999.0
1079,1079,1239433.143521034,4841878.735321449,-0.54512568
1080,1080,1241493.237722686,4841996.376442016,-9999.0
1081,1081,1241518.741551284,4842012.271542762,-9999.0
1082,1082,1239491.235371693,4841899.307289224,-0.917281149
1083,1083,1239684.834543434,4841868.733023832,-9999.0
1084,1084,1241502.516872505,4841977.437251574,-9999.0
1085,1085,1239447.57832638,4841844.585328356,-0.66411428
1086,1086,1239437.831681017,4841833.989125149,-0.60525179
1087,1087,1239737.578494166,4841852.044844322,-0.987611108
1088,1088,1241478.847242891,4841955.848334358,-9999.0
1089,1089,1239403.934486901,4841822.305857373,-0.336237114
1090,1090,1239717.344115628,4841845.630289881,-0.978666703
1091,1091,1239628.611058363,4841825.323295676,-0.69323945
1092,1092,1239979.493380673,4841850.650543223,-0.742347387
1093,1093,1240934.507185,4842032.814164204,-0.986999998
1094,1094,1239591.287482289,4841813.084933993,-0.755722618
1095,1095,1239622.184110153,4841814.722993108,-0.648130464
1096,1096,1241452.952388208,4841930.405702493,-9999.0
1097,1097,1239722.870961793,4841810.905512646,-0.981666664
1098,1098,1239741.138397993,4841818.806985673,-0.988304335
1099,1099,1239567.811028287,4841793.71165904,-0.610526915
1100,1100,1239765.260018903,4841802.748769824,-0.982718766
1101,1101,1239518.838854571,4841821.242452078,-0.836798706
1102,1102,1239456.674702268,4841749.98071693,-9999.0
1103,1103,1239504.204482017,4841747.443451609,-0.806691691
1104,1104,1239589.743326121,4841722.854276553,-0.585775372
1105,1105,1239502.267995805,4841707.627820521,-0.819881337
1106,1106,1239538.588997916,4841710.521969202,-0.430695645
1107,1107,1239554.915717833,4841716.514194706,-0.43412672
1108,1108,1239621.063834892,4841719.712078522,-0.652820137
1109,1109,1241390.017212155,4841820.388713202,-9999.0
1110,1110,1240201.55815418,4841739.234826232,-9999.0
1111,1111,1241373.485065097,4841798.994059757,-9999.0
1112,1112,1239637.152940365,4841698.493344854,-0.644066258
1113,1113,1240121.243229061,4841726.057052445,-0.648019435
1114,1114,1239462.520799695,4841700.06329235,-9999.0
1115,1115,1240234.18764451,4841711.715941222,-9999.0
1116,1116,1241374.668069195,4841779.034018571,-9999.0
1117,1117,1244228.949019991,4841947.325173377,-0.541661773
1118,1118,1239629.491609096,4841671.138537277,-0.600867811
1119,1119,1244264.005955751,4841939.371697044,-0.545215677
1120,1120,1239649.689022598,4841664.263097196,-0.821662102
1121,1121,1240195.681789319,4841700.956368022,-9999.0
1122,1122,1240238.619806238,4841691.564186789,-9999.0
1123,1123,1244278.337937316,4841930.929940225,-0.512466649
1124,1124,1244295.61576909,4841931.215399105,-0.490722625
1125,1125,1239518.367917721,4841643.486757023,-0.767944112
1126,1126,1239639.309808669,4841645.683241144,-0.89412965
1127,1127,1239818.402114477,4841656.548981269,-0.966190474
1128,1128,1239593.393084215,4841648.694897214,-0.517758181
1129,1129,1240170.6853387,4841672.29948838,-0.855624998
1130,1130,1239530.195307367,4841619.15282906,-0.783428579
1131,1131,1239819.868560711,4841636.605535495,-0.948888876
1132,1132,1241619.451076482,4842073.111860244,-0.933708747
1133,1133,1239630.157644614,4841625.107352331,-0.762070799
1134,1134,1240228.219738608,4841654.688625263,-9999.0
1135,1135,1240486.970887933,4841663.089619644,-0.926404229
1136,1136,1241363.228010877,4841713.723486305,-0.974037519
1137,1137,1244112.41211952,4841870.370285176,-0.580160587
1138,1138,1241324.248661404,4841695.924804493,-9999.0
1139,1139,1239461.947938401,4841587.447277276,-0.286718888
1140,1140,1239546.36140108,4841580.054229151,-0.833899996
1141,1141,1241284.068410246,4841673.512647469,-9999.0
1142,1142,1241344.365503722,4841685.040316946,-0.958844924
1143,1143,1244555.091445773,4841871.354203627,-0.440432721
1144,1144,1239554.401033214,4841561.232624147,-0.847555598
1145,1145,1240484.822870981,4841620.866105586,-9999.0
1146,1146,1244097.231754154,4841834.426419972,-0.591230225
1147,1147,1244065.536777543,4841817.540198852,-0.612085349
1148,1148,1240511.527825344,4841627.347291862,-0.968132077
1149,1149,1241310.757827578,4841652.793541702,-0.974020831
1150,1150,1244088.064932748,4841813.858075048,-0.610694546
1151,1151,1239939.165569041,4841553.952401373,-0.720627658
1152,1152,1241248.998803588,4841631.757694576,-9999.0
1153,1153,1241049.668846786,4841609.920546412,-9999.0
1154,1154,1241300.66973194,4841629.226793049,-0.937099264
1155,1155,1244051.616225857,4841786.677568492,-0.66728168
1156,1156,1244079.191709103,4841788.299690331,-0.555884058
1157,1157,1239702.690172151,4841519.257562554,-0.776733323
1158,1158,1241232.467732562,4841610.362598943,-9999.0
1159,1159,1244072.884901407,4841777.914123606,-0.563617656
1160,1160,1244110.801128951,4841780.144375125,-0.66373381
1161,1161,1239582.319569314,4841520.07458592,-0.763407341
1162,1162,1244032.108878184,4841765.500798864,-0.59723529
1163,1163,1244066.578117472,4841767.528549075,-0.654257145
1164,1164,1244087.259661379,4841768.745096651,-0.657792274
1165,1165,1239799.772708429,4841514.16189567,-0.873514503
1166,1166,1241269.26591257,4841604.777192843,-0.956190598
1167,1167,1244060.144072872,4841756.933360381,-0.719723406
1168,1168,1239557.584141445,4841484.574752344,-9999.0
1169,1169,1241213.561623692,4841579.196186858,-9999.0
1170,1170,1244009.154758996,4841744.121158259,-0.646771434
1171,1171,1244074.64609623,4841747.973978992,-0.640414279
1172,1172,1244044.540140965,4841736.77515185,-0.69581522
1173,1173,1240198.337471478,4841569.164313789,-0.967893116
1174,1174,1241236.169433645,4841550.289309755,-0.910720591
1175,1175,1239726.30762444,4841454.996596715,-0.871817211
1176,1176,1241193.419385046,4841537.739115603,-9999.0
1177,1177,1241219.526807349,4841539.287332572,-0.942160978
1178,1178,1243821.924558206,4841693.044063658,-0.684514711
1179,1179,1241209.777987945,4841528.694119429,-0.960387093
1180,1180,1243941.106155019,4841713.024973447,-0.658511965
1181,1181,1241111.331464303,4841503.411932319,-9999.0
1182,1182,1239812.597451842,4841405.414816447,-0.901729122
1183,1183,1239613.40198413,4841383.739477279,-9999.0
1184,1184,1240174.643546567,4841427.159877954,-9999.0
1185,1185,1240942.760515128,4841471.137094599,-9999.0
1186,1186,1241085.532665828,4841471.836144038,-9999.0
1187,1187,1241164.481264733,4841475.932204976,-0.956982464
1188,1188,1241054.623222665,4841459.602611676,-9999.0
1189,1189,1240207.301341854,4841431.178777399,-9999.0
1190,1190,1241144.984072494,4841454.745555791,-0.969321415
1191,1191,1243889.719199474,4841617.660854031,-0.656385721
1192,1192,1239634.000236774,4841359.260184164,-9999.0
1193,1193,1240176.72095244,4841392.229834801,-9999.0
1194,1194,1242707.319457513,4841537.781097876,-9999.0
1195,1195,1243627.144474749,4841591.644978736,-0.820104167
1196,1196,1242619.858295102,4841522.894122199,-9999.0
1197,1197,1242938.366296545,4841541.021291151,-9999.0
1198,1198,1242997.442432021,4841544.892072919,-9999.0
1199,1199,1243032.962065963,4841553.102337104,-9999.0
1200,1200,1243958.060981184,4841605.350443213,-0.572072936
1201,1201,1239767.906955044,4841342.661756401,-9999.0
1202,1202,1240919.11892703,4841411.501276696,-9999.0
1203,1203,1242670.381359648,4841515.185290407,-9999.0
1204,1204,1242906.539200691,4841545.515151181,-9999.0
1205,1205,1243980.341006476,4841587.199502939,-0.483309152
1206,1206,1239660.251636819,4841323.00694593,-9999.0
1207,1207,1242624.484474157,4841501.446471909,-0.921617727
1208,1208,1242933.416394981,4841515.991684263,-9999.0
1209,1209,1240163.254145345,4841336.344673255,-9999.0
1210,1210,1244002.620908701,4841569.04851441,-0.422315791
1211,1211,1242637.849080938,4841478.009739485,-0.69935109
1212,1212,1242993.164198623,4841493.978896394,-0.953199959
1213,1213,1239681.475761612,4841296.614530629,-9999.0
1214,1214,1240818.5317554,4841360.260024011,-9999.0
1215,1215,1240914.617655799,4841365.396444242,-9999.0
1216,1216,1242462.572211093,4841482.518475832,-0.709534717
1217,1217,1242504.30836654,4841455.098231261,-9999.0
1218,1218,1240165.034885451,4841306.404642092,-9999.0
1219,1219,1242515.238433393,4841445.72918813,-9999.0
1220,1220,1242577.183088269,4841461.870867242,-0.614713267
1221,1221,1241947.438236196,4841402.724761695,-0.686031891
1222,1222,1242621.397107017,4841434.47482442,-0.429745463
1223,1223,1243726.565975171,4841497.73831663,-0.815086023
1224,1224,1239718.234006843,4841249.767483762,-9999.0
1225,1225,1240807.259853421,4841314.724574683,-9999.0
1226,1226,1242655.485756856,4841438.178778377,-0.687284665
1227,1227,1243568.602038301,4841478.419694808,-0.738641291
1228,1228,1243764.971369189,4841508.615598455,-0.807987539
1229,1229,1240182.36302502,4841283.571998285,-9999.0
1230,1230,1243720.189627753,4841476.159935479,-0.790021286
1231,1231,1243737.601573883,4841477.974173205,-0.801693874
1232,1232,1243861.963512527,4841485.295888766,-0.619872339
1233,1233,1243889.259411559,4841486.90257064,-0.567446806
1234,1234,1242349.000733063,4841390.83735652,-0.830231704
1235,1235,1242432.346884031,4841391.343164602,-9999.0
1236,1236,1243542.203836236,4841456.835080279,-0.703817215
1237,1237,1241950.30183035,4841378.901854648,-0.68327273
1238,1238,1239918.842664528,4841991.178488798,-0.854452394
1239,1239,1242328.751837437,4841370.611972899,-0.802770428
1240,1240,1242464.067286048,4841372.803344251,-9999.0
1241,1241,1243322.458727534,4841423.268050693,-0.931234205
1242,1242,1243817.584016091,4841463.302272048,-0.714078051
1243,1243,1240192.796524367,4841233.253903093,-9999.0
1244,1244,1241017.177731481,4841276.906021413,-0.94514546
1245,1245,1239751.299175047,4841205.665676587,-0.957666675
1246,1246,1242305.040747173,4841346.833622783,-0.7663398
1247,1247,1240194.923894797,4841208.616002969,-9999.0
1248,1248,1239778.136092194,4841173.211347988,-9999.0
1249,1249,1239888.133950721,4841184.767671586,-0.900959211
1250,1250,1242277.007644938,4841321.484034761,-0.704299986
1251,1251,1242298.016934673,4841323.313054077,-0.957705885
1252,1252,1242468.172812011,4841345.094532274,-9999.0
1253,1253,1242487.257811682,4841333.912121478,-0.974181839
1254,1254,1242446.359722431,4841321.27815479,-9999.0
1255,1255,1243188.134601334,4841569.187040515,-0.847797946
1256,1256,1239779.827224143,4841153.281261038,-0.996000051
1257,1257,1242255.576199615,4841303.617344153,-0.638714282
1258,1258,1242278.516797249,4841302.130231302,-0.971812468
1259,1259,1239793.70561653,4841144.092217982,-9999.0
1260,1260,1240110.505033746,4841167.954213918,-0.635724635
1261,1261,1240183.602489053,4841182.79587826,-9999.0
1262,1262,1242430.762016616,4841301.115442464,-9999.0
1263,1263,1242447.515565094,4841301.720927055,-9999.0
1264,1264,1240780.054319044,4841192.724738318,-9999.0
1265,1265,1242234.26586447,4841283.904366529,-0.637971803
1266,1266,1242370.26110961,4841367.946595768,-0.854368418
1267,1267,1242351.899817278,4841285.650058333,-9999.0
1268,1268,1242283.2776527,4841271.578027402,-9999.0
1269,1269,1242631.541863107,4841292.010258488,-0.987499997
1270,1270,1239831.848977617,4841116.317061299,-9999.0
1271,1271,1239912.081414467,4841131.108590912,-0.876380957
1272,1272,1240743.65476731,4841171.119708959,-9999.0
1273,1273,1241295.921957744,4841205.735509864,-0.715744885
1274,1274,1242699.491672136,4841286.360936959,-0.991624974
1275,1275,1240145.74956521,4841124.98179729,-0.998000026
1276,1276,1240707.056217097,4841159.0874904,-9999.0
1277,1277,1242573.955523775,4841269.132801136,-9999.0
1278,1278,1242523.053750001,4841334.229183235,-0.900075611
1279,1279,1242691.166607273,4841275.652290705,-0.991000056
1280,1280,1242822.116862553,4841283.789154499,-0.795714259
1281,1281,1239924.203518789,4841101.784002953,-0.901888927
1282,1282,1242430.816446559,4841263.154418237,-0.975053788
1283,1283,1240177.639805634,4841119.156457082,-9999.0
1284,1284,1240701.348318141,4841138.718053974,-9999.0
1285,1285,1241272.946775004,4841171.895825347,-0.760108677
1286,1286,1241825.805173008,4841204.6531733,-0.812439022
1287,1287,1239818.867004261,4841099.678873834,-0.966993159
1288,1288,1239918.826943943,4841082.02008762,-9999.0
1289,1289,1241283.749722367,4841174.849696967,-0.761212558
1290,1290,1241273.627705762,4841151.905977227,-0.792542848
1291,1291,1239950.749430255,4841062.572244854,-0.902615368
1292,1292,1240177.463917991,4841081.231996067,-9999.0
1293,1293,1242661.597005187,4841235.460238842,-0.990785697
1294,1294,1240688.730548543,4841097.366578423,-9999.0
1295,1295,1240099.770702833,4841051.552468137,-0.805064519
1296,1296,1240151.798970558,4841055.234377536,-9999.0
1297,1297,1240172.327686599,4841056.657601404,-9999.0
1298,1298,1239858.034185059,4841040.96378648,-0.977071456
1299,1299,1242051.816846076,4841158.526951813,-9999.0
1300,1300,1242072.496671695,4841159.750511858,-9999.0
1301,1301,1242103.036455146,4841161.172638158,-9999.0
1302,1302,1239884.743658456,4841009.296839645,-9999.0
1303,1303,1240112.948247409,4841025.591685078,-0.938527913
1304,1304,1242014.605020755,4841135.910425548,-9999.0
1305,1305,1239895.677594839,4840999.93233803,-9999.0
1306,1306,1239985.289527983,4841005.266017474,-0.928615364
1307,1307,1240153.559442484,4841025.638704048,-9999.0
1308,1308,1242677.730340995,4841154.152356138,-0.988599956
1309,1309,1240017.62394596,4840987.361659494,-0.84748937
1310,1310,1241957.606529607,4841101.703354461,-9999.0
1311,1311,1242868.169435449,4841156.699936171,-0.781322594
1312,1312,1241844.136078446,4841093.721595055,-9999.0
1313,1313,1242658.229664431,4841132.970792618,-0.993800032
1314,1314,1239916.594513393,4840977.808250794,-9999.0
1315,1315,1242035.889639728,4841224.853060694,-0.907550476
1316,1316,1242703.56126048,4841126.715796052,-0.928616454
1317,1317,1242763.114263731,4841229.59982162,-0.876140325
1318,1318,1242879.207561129,4841136.937233891,-0.852042555
1319,1319,1239898.991383311,4840962.563406439,-0.991999954
1320,1320,1240615.866534567,4840993.270725553,-9999.0
1321,1321,1242018.148453619,4841076.03024317,-9999.0
1322,1322,1242907.815024796,4841123.401592114,-0.720247582
1323,1323,1242005.821524289,4841055.270814964,-9999.0
1324,1324,1241999.348709865,4841045.400914677,-9999.0
1325,1325,1240146.754060282,4840961.304411494,-9999.0
1326,1326,1243089.098627838,4841099.047940931,-0.488181379
1327,1327,1240610.902326745,4840957.755002339,-9999.0
1328,1328,1242034.887590641,4841026.945890427,-9999.0
1329,1329,1241066.850997029,4840964.375972863,-0.760018185
1330,1330,1240076.824973174,4840949.286159451,-0.971680279
1331,1331,1240078.429304944,4840890.826307566,-9999.0
1332,1332,1241919.164194448,4841000.066988843,-9999.0
1333,1333,1243083.971945745,4841068.701127161,-0.440179608
1334,1334,1240131.577521028,4840893.421970895,-9999.0
1335,1335,1240888.81498107,4840933.77925551,-0.982145412
1336,1336,1239939.061720668,4840901.96873904,-0.888236509
1337,1337,1240058.937709299,4840869.635851906,-9999.0
1338,1338,1243089.025665859,4841048.304691447,-0.335778948
1339,1339,1243109.254698783,4841050.515287455,-0.338863159
1340,1340,1240982.341049656,4840930.265183354,-0.961173918
1341,1341,1242997.031919051,4841086.421440911,-0.537574003
1342,1342,1240110.217931605,4840832.423462793,-9999.0
1343,1343,1243101.139977183,4841009.82746609,-0.294795911
1344,1344,1240126.703801286,4840834.29719674,-9999.0
1345,1345,1241696.733800848,4840896.761101501,-9999.0
1346,1346,1240588.147680558,4840810.964776319,-9999.0
1347,1347,1240828.400436586,4840839.640807598,-0.964539641
1348,1348,1241670.935361157,4840865.187810272,-9999.0
1349,1349,1241760.543892292,4840870.495270464,-9999.0
1350,1350,1240810.058968855,4840803.913330166,-0.966214244
1351,1351,1241733.418622039,4840863.679150573,-9999.0
1352,1352,1241878.83099263,4840921.890399378,-9999.0
1353,1353,1241830.215502007,4840864.403814134,-9999.0
1354,1354,1239978.42749462,4840813.344335583,-0.934260567
1355,1355,1240095.338300779,4840796.168458109,-9999.0
1356,1356,1240819.278667021,4840788.436454928,-0.907094468
1357,1357,1239993.474405933,4840725.323070176,-9999.0
1358,1358,1240595.631841332,4840751.70265678,-9999.0
1359,1359,1240108.728502988,4840718.332102468,-9999.0
1360,1360,1241753.901829455,4840809.809584084,-0.940791666
1361,1361,1241598.461201353,4840794.803020368,-9999.0
1362,1362,1240887.402621969,4840849.221198066,-0.938960749
1363,1363,1240820.391633841,4840714.389996843,-9999.0
1364,1364,1241602.950929108,4840730.762306737,-9999.0
1365,1365,1240593.132263673,4840700.166148199,-9999.0
1366,1366,1239947.935402015,4840592.999585186,-0.532031896
1367,1367,1240015.643364913,4840611.465855096,-9999.0
1368,1368,1241406.168662477,4840668.821994219,-9999.0
1369,1369,1239949.281781912,4840567.884803273,-0.57959357
1370,1370,1241410.217595942,4840649.899017652,-9999.0
1371,1371,1240591.334141534,4840591.203254939,-9999.0
1372,1372,1239933.891868131,4840547.49215595,-0.560573326
1373,1373,1241470.418642611,4840632.772425086,-9999.0
1374,1374,1241747.053993435,4840660.906309764,-0.948010112
1375,1375,1239701.564329263,4840498.870741567,0.042144928
1376,1376,1239695.073415345,4840477.201300903,-0.089855074
1377,1377,1239709.955772939,4840468.072401793,-0.06755556
1378,1378,1239968.223870517,4840478.44363368,-0.931222267
1379,1379,1241329.663287156,4840554.523908869,-9999.0
1380,1380,1239954.303685672,4840462.230502432,-0.935105308
1381,1381,1241545.955838678,4840710.267351601,-0.967065572
1382,1382,1239953.071620852,4840442.487856869,-9999.0
1383,1383,1240074.183195345,4840456.020508606,-9999.0
1384,1384,1241886.772701701,4840557.873769321,-0.620936171
1385,1385,1239967.74789671,4840428.338424246,-9999.0
1386,1386,1240692.357198871,4840456.405036517,-9999.0
1387,1387,1241299.857345995,4840519.587033103,-9999.0
1388,1388,1240034.415227819,4840412.275760914,-9999.0
1389,1389,1239998.118409551,4840385.279152688,-9999.0
1390,1390,1241173.328615711,4840445.56283864,-9999.0
1391,1391,1240606.197557091,4840361.14871556,-9999.0
1392,1392,1240694.575587198,4840366.986489017,-9999.0
1393,1393,1241204.880620895,4840386.678690223,-9999.0
1394,1394,1241718.959175391,4840407.138187275,-0.934118231
1395,1395,1240008.345593464,4840294.116661699,-9999.0
1396,1396,1240067.09406742,4840335.014819677,-9999.0
1397,1397,1240584.969455607,4840284.772789412,-9999.0
1398,1398,1241292.325241119,4840311.744448086,-0.948862086
1399,1399,1239982.760925442,4840229.23755094,-9999.0
1400,1400,1241144.731771732,4840292.973769479,-9999.0
1401,1401,1239712.569837351,4840197.335898086,-0.913499992
1402,1402,1239777.7915181,4840191.681279538,-9999.0
1403,1403,1240577.628564731,4840239.854671763,-9999.0
1404,1404,1241133.605306524,4840279.533813042,-9999.0
1405,1405,1240925.954400668,4840249.943182775,-9999.0
1406,1406,1243738.019630364,4840416.242185987,0.410478268
1407,1407,1239546.413484468,4840157.312931725,-0.945109121
1408,1408,1240603.653250691,4840239.575641752,-9999.0
1409,1409,1240936.885370605,4840240.576954576,-9999.0
1410,1410,1243728.269024623,4840405.653143018,0.38915329
1411,1411,1239920.715381149,4840170.348342476,-9999.0
1412,1412,1240589.290455607,4840209.712957594,-9999.0
1413,1413,1241128.154214212,4840246.877977366,-9999.0
1414,1414,1241237.292290935,4840248.389353395,-0.952911728
1415,1415,1239366.633431831,4840127.115934054,-0.744546474
1416,1416,1239490.670141594,4840135.92520607,-0.963937495
1417,1417,1240100.508509272,4840171.03492578,-9999.0
1418,1418,1240920.688649683,4840219.787063939,-9999.0
1419,1419,1240959.075955207,4840222.450793137,-0.986074089
1420,1420,1239467.122804408,4840123.822209494,-9999.0
1421,1421,1239714.784699386,4840137.851008397,-9999.0
1422,1422,1240011.503087767,4840155.722279871,-9999.0
1423,1423,1240052.856619788,4840158.183659746,-9999.0
1424,1424,1241121.603953425,4840216.487711638,-9999.0
1425,1425,1239835.619927815,4840240.817394795,-0.919823375
1426,1426,1239314.471386352,4840073.927748299,-9999.0
1427,1427,1239765.759779705,4840101.027989963,-9999.0
1428,1428,1241095.98067992,4840179.711946149,-9999.0
1429,1429,1241185.706649627,4840185.238148112,-0.954290882
1430,1430,1239528.668799701,4840091.917975579,-9999.0
1431,1431,1240864.008648657,4840146.856226221,-9999.0
1432,1432,1239230.104902508,4840038.848942101,-9999.0
1433,1433,1241071.855537495,4840154.572393655,-9999.0
1434,1434,1239220.341092005,4840028.603054868,-9999.0
1435,1435,1239740.858025386,4840063.760370114,-9999.0
1436,1436,1240557.4232995,4840114.617059284,-9999.0
1437,1437,1241060.898678187,4840138.358155691,-9999.0
1438,1438,1239189.942739246,4840016.421874052,-9999.0
1439,1439,1239800.226508176,4840053.388542756,-9999.0
1440,1440,1239931.177392019,4840061.186636444,-9999.0
1441,1441,1239421.345012363,4840042.475657297,-9999.0
1442,1442,1239161.791380422,4839997.792819096,-9999.0
1443,1443,1239246.270585867,4839999.751203241,-9999.0
1444,1444,1239239.973811642,4839989.36005615,-9999.0
1445,1445,1239349.35486702,4840010.907375302,-9999.0
1446,1446,1239064.82060071,4839968.893299124,-9999.0
1447,1447,1239928.376663445,4840016.433256256,-9999.0
1448,1448,1240558.589781218,4840028.01774799,-9999.0
1449,1449,1239017.202951117,4839935.325566846,-9999.0
1450,1450,1239040.230653235,4839917.347841967,-9999.0
1451,1451,1238951.208998709,4839902.370138647,-9999.0
1452,1452,1239030.488299617,4839906.750766454,-9999.0
1453,1453,1239059.196567293,4839912.470526841,-9999.0
1454,1454,1239241.834735345,4839970.503962724,-9999.0
1455,1455,1239760.892762671,4839950.50671694,-9999.0
1456,1456,1239603.248896255,4839931.098500997,-9999.0
1457,1457,1239114.679872483,4839929.471317902,-9999.0
1458,1458,1238863.421528937,4839866.729377857,-9999.0
1459,1459,1238899.00802833,4839877.734254714,-9999.0
1460,1460,1238942.528359201,4839871.655155151,-9999.0
1461,1461,1239753.93814363,4839925.921209691,-9999.0
1462,1462,1242733.723191905,4840086.80186198,0.252391304
1463,1463,1238804.896961987,4839846.387144973,-9999.0
1464,1464,1238974.272421844,4839858.637852644,-9999.0
1465,1465,1238998.280124011,4839893.818313668,-9999.0
1466,1466,1239680.512303257,4839961.602412576,-9999.0
1467,1467,1238772.16803878,4839831.232308638,-9999.0
1468,1468,1239575.062365272,4839885.887898545,-9999.0
1469,1469,1239639.333109862,4839893.03480403,-9999.0
1470,1470,1239657.45678146,4839883.462585565,-9999.0
1471,1471,1238841.385665507,4839830.358782636,-9999.0
1472,1472,1239598.363764606,4839896.94661109,-9999.0
1473,1473,1242723.781726669,4840058.367194117,0.256778349
1474,1474,1239489.971029891,4839854.23824371,-9999.0
1475,1475,1239648.485732647,4839863.686099202,-9999.0
1476,1476,1240555.28181023,4839936.004757348,-9999.0
1477,1477,1238696.499753787,4839805.011288356,-9999.0
1478,1478,1238604.287466902,4839785.217781493,-9999.0
1479,1479,1239560.08016385,4839838.386497812,-9999.0
1480,1480,1240543.712144694,4839895.67636941,-9999.0
1481,1481,1239513.026584838,4839815.550767304,-9999.0
1482,1482,1239533.980466289,4839816.799843648,-9999.0
1483,1483,1239684.880485999,4839835.606264712,-9999.0
1484,1484,1240667.899845957,4839884.669536624,-9999.0
1485,1485,1238466.206527083,4839742.838381597,-9999.0
1486,1486,1238514.298543722,4839745.915592478,-9999.0
1487,1487,1239483.087710687,4839804.135187044,-9999.0
1488,1488,1239524.089533588,4839806.344742518,-9999.0
1489,1489,1240544.438771091,4839867.316854673,-9999.0
1490,1490,1240555.041139811,4839857.344953994,-9999.0
1491,1491,1238271.579000063,4839701.151994566,-9999.0
1492,1492,1239708.378194123,4839787.131231189,-9999.0
1493,1493,1239836.357184757,4839795.139662073,-9999.0
1494,1494,1240566.583424709,4839842.695112069,-9999.0
1495,1495,1240587.569609131,4839839.834627177,-9999.0
1496,1496,1238228.449089867,4839690.542596984,-9999.0
1497,1497,1238100.498511569,4839670.532014527,-9999.0
1498,1498,1238128.044788268,4839672.532653169,-9999.0
1499,1499,1238252.887226625,4839680.002397737,-9999.0
1500,1500,1239457.736886162,4839752.624586813,-9999.0
1501,1501,1239700.304008113,4839756.988537261,-9999.0
1502,1502,1239914.998057291,4839775.89165247,-9999.0
1503,1503,1239990.960318142,4839797.284227474,-9999.0
1504,1504,1240530.288836578,4839805.99932863,-9999.0
1505,1505,1238007.514492882,4839655.803236879,-0.97633337
1506,1506,1240021.76034495,4839755.717712331,-9999.0
1507,1507,1240628.525451098,4839803.64254644,-9999.0
1508,1508,1237954.56652011,4839621.883357563,-9999.0
1509,1509,1239932.483043872,4839740.387003964,-9999.0
1510,1510,1239973.83376168,4839742.849076663,-9999.0
1511,1511,1240012.319479615,4839744.273088244,-9999.0
1512,1512,1240541.964127077,4839786.460659439,-9999.0
1513,1513,1240573.419364253,4839778.51721997,-9999.0
1514,1514,1237922.34465089,4839613.571105615,-9999.0
1515,1515,1240612.050117914,4839777.344403497,-9999.0
1516,1516,1239885.429217024,4839717.554197161,-9999.0
1517,1517,1240664.852325526,4839763.718476841,-9999.0
1518,1518,1239830.584400854,4839693.311468321,-9999.0
1519,1519,1239986.681605562,4839698.655581925,-9999.0
1520,1520,1239949.661006898,4839689.306425364,-9999.0
1521,1521,1240009.485478563,4839675.248592141,-9999.0
1522,1522,1242046.709152128,4839796.342719666,-0.263985393
1523,1523,1242108.734647484,4839800.013982336,-0.207857139
1524,1524,1237982.789602941,4839563.333042587,-9999.0
1525,1525,1240052.480180332,4839672.096149863,-9999.0
1526,1526,1237980.746410338,4839533.511007836,-9999.0
1527,1527,1239907.397312754,4839664.577108765,-9999.0
1528,1528,1240110.123488866,4839660.823611231,-9999.0
1529,1529,1241848.031444327,4839764.548679561,-0.591369561
1530,1530,1240528.692126711,4839678.796302417,-9999.0
1531,1531,1241690.113781676,4839745.178370017,-0.811374098
1532,1532,1240565.085602863,4839701.103000725,-9999.0
1533,1533,1237839.607870811,4839464.964530981,-9999.0
1534,1534,1237830.46601463,4839444.385357997,-9999.0
1535,1535,1240051.951426244,4839576.292593074,-9999.0
1536,1536,1241694.844707138,4839665.338100425,-0.716717391
1537,1537,1237900.345596174,4839492.910959896,-9999.0
1538,1538,1240115.976602056,4839546.948713477,-9999.0
1539,1539,1241607.071735071,4839619.332781717,-0.724227278
1540,1540,1241686.742171953,4839614.626107155,-0.593436166
1541,1541,1240147.19327561,4839502.783941785,-9999.0
1542,1542,1241519.194795852,4839574.265311964,-0.808723385
1543,1543,1237826.274515201,4839391.037578792,-9999.0
1544,1544,1239301.38320799,4839432.154056117,-9999.0
1545,1545,1240108.655735103,4839474.795630017,-9999.0
1546,1546,1240087.697042936,4839458.979155123,-9999.0
1547,1547,1240122.305395519,4839460.836967386,-9999.0
1548,1548,1240470.154402834,4839488.481114963,-9999.0
1549,1549,1241621.026314139,4839550.406313366,-0.600873689
1550,1550,1240453.980095199,4839460.942274446,-9999.0
1551,1551,1240524.026698624,4839477.424089011,-9999.0
1552,1552,1241605.152550709,4839528.881051222,-0.55295746
1553,1553,1237773.241642192,4839295.160931361,-9999.0
1554,1554,1240544.269861207,4839456.823428838,-9999.0
1555,1555,1240754.93130398,4839467.947997377,-9999.0
1556,1556,1241665.550466999,4839527.537902325,-0.431052847
1557,1557,1240485.718056418,4839447.917337066,-9999.0
1558,1558,1240617.59492348,4839451.023352251,-9999.0
1559,1559,1240514.101363722,4839444.602088704,-9999.0
1560,1560,1241553.16021185,4839502.202258391,-0.634974539
1561,1561,1240133.0640614,4839417.935676475,-9999.0
1562,1562,1240439.60512965,4839420.410910616,-9999.0
1563,1563,1240816.500874368,4839432.953192304,-9999.0
1564,1564,1241449.457379722,4839469.777085838,-0.882128573
1565,1565,1241530.109926568,4839484.780760441,-0.659642685
1566,1566,1238930.642581036,4839315.191074888,-0.976499945
1567,1567,1240747.097084104,4839434.911457249,-9999.0
1568,1568,1240829.976799104,4839422.793023948,-9999.0
1569,1569,1241440.141762276,4839458.544469075,-0.928978499
1570,1570,1241487.168357732,4839466.230580891,-0.734671211
1571,1571,1241864.801729385,4839504.4950644,-0.133972302
1572,1572,1237684.219673925,4839230.299306242,-9999.0
1573,1573,1240484.12030531,4839401.488489828,-9999.0
1574,1574,1240730.822569268,4839407.675898537,-9999.0
1575,1575,1240453.549585924,4839387.770962417,-9999.0
1576,1576,1240663.552839426,4839397.96657414,-9999.0
1577,1577,1240713.707493354,4839396.258948813,-9999.0
1578,1578,1240818.27945429,4839403.013114344,-9999.0
1579,1579,1241413.659114502,4839438.195584928,-0.90775
1580,1580,1237659.10775157,4839209.071419399,-9999.0
1581,1581,1241841.1683894,4839459.680761389,-0.126720496
1582,1582,1240463.840000015,4839361.760170605,-9999.0
1583,1583,1238944.421089395,4839260.81725883,-0.711285706
1584,1584,1240750.221325677,4839368.382795184,-9999.0
1585,1585,1240481.629803939,4839347.208201222,-9999.0
1586,1586,1240643.878813672,4839366.102521733,-9999.0
1587,1587,1240743.795890966,4839357.783624664,-9999.0
1588,1588,1240696.276975989,4839345.146822637,-9999.0
1589,1589,1240729.420235268,4839350.539361587,-9999.0
1590,1590,1237602.265306739,4839155.276692972,-9999.0
1591,1591,1238910.903914855,4839249.989719775,-0.861435228
1592,1592,1239098.690743075,4839229.965484697,-9999.0
1593,1593,1240570.176249608,4839318.005953284,-9999.0
1594,1594,1240646.216418621,4839326.536025696,-9999.0
1595,1595,1240683.256931488,4839329.148038398,-9999.0
1596,1596,1237550.904559138,4839127.563606541,-9999.0
1597,1597,1238899.01535478,4839212.833247296,-9999.0
1598,1598,1239054.623195457,4839225.0505547,-0.82618522
1599,1599,1240133.897022068,4839282.195620397,-9999.0
1600,1600,1240438.895680811,4839304.918727903,-9999.0
1601,1601,1239079.081442391,4839208.561656241,-0.88472411
1602,1602,1239090.169664391,4839215.90061176,-0.78683335
1603,1603,1240560.824424548,4839297.034715435,-9999.0
1604,1604,1241391.421026852,4839346.740443299,-0.83379787
1605,1605,1238789.823185036,4839177.062231447,-9999.0
1606,1606,1238932.091039967,4839180.106106291,-0.863399996
1607,1607,1240523.370891318,4839279.895903604,-9999.0
1608,1608,1237502.523834386,4839087.60198295,-9999.0
1609,1609,1238705.627014757,4839156.796450951,-9999.0
1610,1610,1238726.300600589,4839158.031829165,-9999.0
1611,1611,1240393.971289939,4839257.451827496,-9999.0
1612,1612,1240545.772956233,4839277.119952138,-9999.0
1613,1613,1240593.487671548,4839268.728430299,-9999.0
1614,1614,1240666.441710242,4839289.592221132,-9999.0
1615,1615,1238970.674757361,4839170.947056457,-0.759706193
1616,1616,1239108.731378439,4839175.277058121,-0.76473464
1617,1617,1240125.182672314,4839235.864419254,-9999.0
1618,1618,1240568.519711083,4839263.933342136,-9999.0
1619,1619,1238617.234551825,4839131.482316279,-9999.0
1620,1620,1238665.472755101,4839134.365471862,-9999.0
1621,1621,1238686.146271516,4839135.600991645,-9999.0
1622,1622,1238841.687370079,4839157.014272569,-9999.0
1623,1623,1239007.695922104,4839159.529750576,-0.83816889
1624,1624,1240426.087222377,4839247.542484471,-9999.0
1625,1625,1240476.404638139,4839245.774065346,-9999.0
1626,1626,1240556.645564989,4839246.305536191,-9999.0
1627,1627,1240587.073818123,4839252.506040348,-9999.0
1628,1628,1239148.45057527,4839153.195758973,-9999.0
1629,1629,1238638.772622023,4839112.151448011,-9999.0
1630,1630,1238869.134577981,4839128.040703665,-0.965307685
1631,1631,1240516.461288725,4839224.290063934,-9999.0
1632,1632,1238600.063737406,4839098.765738469,-9999.0
1633,1633,1238752.129155198,4839113.126710858,-9999.0
1634,1634,1238849.548827492,4839114.730283678,-9999.0
1635,1635,1239111.685943522,4839136.943031242,-0.893302756
1636,1636,1240474.665192723,4839212.500210927,-9999.0
1637,1637,1237437.165722331,4839025.187729888,-9999.0
1638,1638,1238633.074509646,4839091.779601553,-9999.0
1639,1639,1240411.315105599,4839198.391419902,-9999.0
1640,1640,1240521.573329157,4839204.948103021,-9999.0
1641,1641,1240552.103768768,4839206.378588247,-9999.0
1642,1642,1238850.741142925,4839094.770269769,-9999.0
1643,1643,1240752.563765857,4839207.873550994,-9999.0
1644,1644,1237419.881947499,4838999.111477102,-9999.0
1645,1645,1238630.97311206,4839071.42054936,-9999.0
1646,1646,1238738.510277681,4839081.3423382,-9999.0
1647,1647,1238782.073980547,4839093.425834346,-9999.0
1648,1648,1238861.673958142,4839085.407714965,-0.910777748
1649,1649,1240456.992568079,4839193.826547194,-9999.0
1650,1650,1240591.671272043,4839189.084955242,-9999.0
1651,1651,1237411.696144714,4838988.604657327,-9999.0
1652,1652,1238538.717229496,4839056.678838411,-9999.0
1653,1653,1238573.172685984,4839058.738745543,-9999.0
1654,1654,1238602.259147431,4839069.906317935,-9999.0
1655,1655,1238824.369091474,4839073.163621982,-9999.0
1656,1656,1238851.933461917,4839074.810255654,-9999.0
1657,1657,1239410.38626689,4839114.703413606,-9999.0
1658,1658,1240402.279486235,4839167.423328375,-9999.0
1659,1659,1239424.640626641,4839098.776284761,-9999.0
1660,1660,1237401.329284569,4838970.020296476,-9999.0
1661,1661,1238507.021456652,4839035.045793231,-9999.0
1662,1662,1238845.936628037,4839059.428602559,-0.820329258
1663,1663,1240439.123756278,4839150.125175284,-9999.0
1664,1664,1239436.345078669,4839080.232292446,-9999.0
1665,1665,1240359.111152956,4839139.126087369,-9999.0
1666,1666,1237384.458747669,4838949.672259351,-9999.0
1667,1667,1238437.738278016,4839010.577921894,-9999.0
1668,1668,1240446.00020378,4839129.962300891,-9999.0
1669,1669,1240556.281094481,4839136.115577904,-9999.0
1670,1670,1239108.355154291,4839050.999099206,-9999.0
1671,1671,1239458.208595836,4839061.505156468,-9999.0
1672,1672,1237288.76613146,4838939.778594123,-0.587846315
1673,1673,1237355.912289326,4838925.628035526,-9999.0
1674,1674,1238662.561782446,4839003.401129789,-0.954026294
1675,1675,1239199.910611764,4839035.69558099,-9999.0
1676,1676,1240461.163658842,4839109.901019925,-9999.0
1677,1677,1238900.964598428,4839014.783653056,-9999.0
1678,1678,1239098.342531458,4839020.158890733,-9999.0
1679,1679,1240425.759815139,4839106.376584622,-9999.0
1680,1680,1240447.931838616,4839099.829075131,-9999.0
1681,1681,1237326.901676693,4838903.391261883,-9999.0
1682,1682,1238620.615522223,4838989.273601329,-9999.0
1683,1683,1238991.405782426,4839003.602179485,-0.940249992
1684,1684,1237294.547493669,4838899.433221728,-0.935258042
1685,1685,1239210.262653567,4839016.318597712,-9999.0
1686,1686,1239501.935230874,4839024.050668388,-9999.0
1687,1687,1240545.720016256,4839085.815428163,-9999.0
1688,1688,1237314.165991767,4838882.797557869,-9999.0
1689,1689,1237334.838895448,4838884.03774971,-9999.0
1690,1690,1238765.771383159,4839019.959445957,-0.819931544
1691,1691,1238779.001218712,4838979.104207038,-0.817999981
1692,1692,1239249.004467497,4839012.040925893,-9999.0
1693,1693,1238889.303816609,4838971.800070606,-0.953999986
1694,1694,1239523.46982477,4839004.716883513,-9999.0
1695,1695,1240379.353343611,4839061.464678502,-9999.0
1696,1696,1237294.690616084,4838861.597311608,-9999.0
1697,1697,1238598.042038922,4838954.477302936,-9999.0
1698,1698,1238545.847365749,4838931.322298267,-9999.0
1699,1699,1238639.173432773,4838931.893584745,-9999.0
1700,1700,1240396.214323676,4839036.863277066,-9999.0
1701,1701,1237258.71233088,4838839.827302454,-9999.0
1702,1702,1237279.140304897,4838841.017212902,-9999.0
1703,1703,1238632.835541301,4838922.229388845,-9999.0
1704,1704,1238656.99729886,4838922.94328678,-9999.0
1705,1705,1239254.113496179,4838959.346926167,-9999.0
1706,1706,1238577.588052662,4838914.07615656,-9999.0
1707,1707,1238704.998242564,4838920.399022877,-9999.0
1708,1708,1239199.170216615,4838934.563389776,-9999.0
1709,1709,1240460.037449296,4839010.208991569,-9999.0
1710,1710,1238400.227105038,4838877.745544413,-9999.0
1711,1711,1239110.140694281,4838919.964107974,-0.712984851
1712,1712,1239141.149745757,4838921.815133776,-9999.0
1713,1713,1239131.40912562,4838911.218134153,-9999.0
1714,1714,1239211.826201981,4838915.612537995,-9999.0
1715,1715,1239231.327020537,4838917.181641171,-9999.0
1716,1716,1239250.447445221,4838918.32263529,-9999.0
1717,1717,1238519.107473259,4838865.521351491,-9999.0
1718,1718,1238597.96199333,4838869.33607175,-0.945352989
1719,1719,1238443.363100642,4838850.278411846,-9999.0
1720,1720,1238456.960130565,4838871.256171833,-9999.0
1721,1721,1238616.902494538,4838872.903921803,-0.929714352
1722,1722,1239161.184814179,4838898.973648821,-9999.0
1723,1723,1240360.226103687,4838965.156346048,-9999.0
1724,1724,1240403.987079377,4838966.664043025,-9999.0
1725,1725,1240426.349947134,4838974.355473913,-9999.0
1726,1726,1238584.583951183,4838848.504944271,-9999.0
1727,1727,1239064.883625946,4838867.18436165,-0.80415629
1728,1728,1239657.496283834,4838902.536652714,-9999.0
1729,1729,1238620.854894403,4838839.914491561,-9999.0
1730,1730,1238941.146490907,4838854.787653316,-9999.0
1731,1731,1240546.858284795,4838945.668826764,-9999.0
1732,1732,1239245.236659319,4838857.918384104,-9999.0
1733,1733,1240337.761019251,4838923.602018029,-9999.0
1734,1734,1238452.050485818,4838816.231131736,-9999.0
1735,1735,1240399.943957281,4838939.680222749,-9999.0
1736,1736,1238483.442624684,4838792.379008822,-9999.0
1737,1737,1238508.961506915,4838794.107167789,-9999.0
1738,1738,1238550.306268082,4838796.579332807,-9999.0
1739,1739,1238970.795873302,4838821.503778243,-9999.0
1740,1740,1239160.313735383,4838832.466801331,-9999.0
1741,1741,1239186.772374315,4838859.708093417,-0.980588247
1742,1742,1239012.736596636,4838813.992761274,-0.903624956
1743,1743,1239286.829676803,4838839.325925689,-9999.0
1744,1744,1240364.382006182,4838895.296181376,-9999.0
1745,1745,1238446.008918117,4838778.251031366,-9999.0
1746,1746,1238510.306178808,4838773.954008858,-9999.0
1747,1747,1238552.083574419,4838769.188115599,-9999.0
1748,1748,1238839.471274018,4838881.311613463,-0.747855576
1749,1749,1239330.903609691,4838812.952235587,-9999.0
1750,1750,1240911.724356662,4838912.379039574,-0.705470263
1751,1751,1238536.070897321,4838755.249632804,-9999.0
1752,1752,1238573.516469804,4838757.702183445,-9999.0
1753,1753,1238745.828669363,4838767.271501725,-9999.0
1754,1754,1238898.104855651,4838767.28623451,-9999.0
1755,1755,1238959.29507532,4838781.940468059,-0.99000001
1756,1756,1239729.726522452,4839326.060953536,-0.969826202
1757,1757,1240371.457019891,4838863.537477317,-9999.0
1758,1758,1238767.825435109,4838749.561166014,-9999.0
1759,1759,1238830.717055427,4838753.786110757,-9999.0
1760,1760,1238878.442081876,4838754.654971978,-9999.0
1761,1761,1240355.963869853,4838843.975342218,-9999.0
1762,1762,1240945.078885783,4838879.724139382,-0.615276584
1763,1763,1241155.618418524,4838892.081711202,-0.248989363
1764,1764,1238227.653914965,4838707.553649991,-9999.0
1765,1765,1239391.558749353,4838781.516363565,-0.82739998
1766,1766,1240346.094420851,4838833.170706777,-9999.0
1767,1767,1240999.198475656,4838880.082333636,-0.53246283
1768,1768,1238357.634757192,4838733.485856014,-0.926631626
1769,1769,1238396.593831244,4838707.261127644,-0.850687504
1770,1770,1240326.294164134,4838821.977338813,-9999.0
1771,1771,1240447.059218283,4838829.950231366,-9999.0
1772,1772,1240754.418103157,4838848.379575607,-0.903659415
1773,1773,1238205.452926007,4838686.349973832,-9999.0
1774,1774,1238228.848431383,4838687.593645416,-9999.0
1775,1775,1238748.810644443,4838717.371464107,-9999.0
1776,1776,1239415.298714841,4838762.233704046,-0.934000025
1777,1777,1238631.3270907,4838716.087742111,-9999.0
1778,1778,1238797.598319442,4838711.001439925,-0.976666689
1779,1779,1240740.621216963,4838826.987938879,-0.902479151
1780,1780,1240761.293301469,4838828.216411313,-0.759755099
1781,1781,1239440.830848353,4838743.682523198,-9999.0
1782,1782,1238764.547332683,4838699.897234832,-0.990666668
1783,1783,1239460.29435336,4838730.530850242,-9999.0
1784,1784,1240672.331147263,4838807.136849709,-0.984391296
1785,1785,1240692.061213794,4838809.822291474,-0.975604788
1786,1786,1238186.246934594,4838644.596249119,-9999.0
1787,1787,1238654.719412007,4838681.615898807,-9999.0
1788,1788,1238719.473799645,4838688.343212702,-9999.0
1789,1789,1240632.149949141,4838790.494806256,-0.994812503
1790,1790,1238180.329070169,4838634.024144413,-9999.0
1791,1791,1240902.871818409,4838804.7041392,-0.550171621
1792,1792,1237847.781178342,4838604.094610066,-9999.0
1793,1793,1237892.911132203,4838606.798179133,-9999.0
1794,1794,1239490.494660552,4838720.7620788,-9999.0
1795,1795,1239530.820075594,4838711.572716308,-9999.0
1796,1796,1237567.606268313,4838577.489065529,-9999.0
1797,1797,1237824.218849261,4838595.718814023,-9999.0
1798,1798,1238036.821013292,4838605.401248237,-9999.0
1799,1799,1238056.990394195,4838606.608935218,-9999.0
1800,1800,1238260.500785417,4838660.184327617,-9999.0
1801,1801,1240628.30491069,4838766.656261588,-0.968869827
1802,1802,1240683.96365566,4838767.448453771,-0.807557046
1803,1803,1237468.442199768,4838561.324650693,-0.76239023
1804,1804,1237503.382436015,4838569.679953444,-9999.0
1805,1805,1237537.348117302,4838565.456784235,-9999.0
1806,1806,1237768.031838918,4838579.486771123,-9999.0
1807,1807,1238244.684326026,4838608.571874486,-9999.0
1808,1808,1239578.545121596,4838691.844920127,-9999.0
1809,1809,1240727.67656524,4838756.261665971,-0.75854081
1810,1810,1240578.636371273,4838739.590661846,-0.959167688
1811,1811,1237738.350460146,4838557.826374331,-9999.0
1812,1812,1237883.403817306,4838572.174908462,-0.925227316
1813,1813,1238699.06461901,4838650.487576494,-0.81521949
1814,1814,1239611.669348829,4838679.052610802,-0.942291121
1815,1815,1237445.821570216,4838534.928229903,-0.953444468
1816,1816,1237623.724438581,4838541.468165986,-9999.0
1817,1817,1237690.714636291,4838544.955568719,-9999.0
1818,1818,1237911.21255545,4838558.16753476,-9999.0
1819,1819,1239643.913570083,4838666.363259001,-0.926952379
1820,1820,1239671.270889925,4838662.986295344,-9999.0
1821,1821,1240177.189660137,4838699.671166768,-9999.0
1822,1822,1241155.246898428,4840163.852326471,-0.905123823
1823,1823,1237942.71184675,4838549.484213186,-0.981999964
1824,1824,1237957.389805635,4838556.908820204,-0.920163635
1825,1825,1238121.842018587,4838560.614905578,-9999.0
1826,1826,1238177.289334486,4838574.340041528,-9999.0
1827,1827,1239600.345829766,4838649.329532262,-0.932521301
1828,1828,1237765.260661419,4838544.258545568,-9999.0
1829,1829,1237824.042073761,4838554.513518404,-0.890574481
1830,1830,1239701.308066642,4838647.074174808,-9999.0
1831,1831,1240586.881277684,4838707.776492302,-0.859591583
1832,1832,1237403.456489366,4838497.918322922,-9999.0
1833,1833,1238053.219330315,4838561.131965977,-9999.0
1834,1834,1238722.174422769,4838593.635322924,-0.46806898
1835,1835,1240113.277053365,4838671.716798256,-9999.0
1836,1836,1240538.800576171,4838701.116866947,-0.933403643
1837,1837,1239728.979702572,4838631.371784756,-9999.0
1838,1838,1240055.615520003,4838641.274095019,-9999.0
1839,1839,1240735.844507446,4838677.003050787,-0.538727285
1840,1840,1238735.956017156,4838553.188163311,-9999.0
1841,1841,1239654.520082733,4838602.097037288,-0.867469392
1842,1842,1239781.848130579,4838614.491515492,-9999.0
1843,1843,1237322.837106605,4838452.431212273,-9999.0
1844,1844,1238728.495262271,4838536.605931115,-9999.0
1845,1845,1239886.426143153,4838606.28618268,-0.961492581
1846,1846,1240306.746423851,4838631.311446065,-0.925107542
1847,1847,1240331.585106811,4838632.945872114,-0.908755401
1848,1848,1238718.756015438,4838526.00819242,-9999.0
1849,1849,1238739.725663661,4838522.253641301,-9999.0
1850,1850,1239782.117513622,4838549.60924739,-0.770836733
1851,1851,1238804.423453125,4838481.049516583,-0.731628559
1852,1852,1238794.684193556,4838470.451895783,-0.956333329
1853,1853,1237654.769693205,4838392.413167482,-0.083936168
1854,1854,1238671.190957146,4838489.983640009,-9999.0
1855,1855,1238663.710713146,4838391.262332379,-0.96210348
1856,1856,1238719.412982649,4838422.79766379,-9999.0
1857,1857,1238683.512955789,4838363.651009195,-9999.0
1858,1858,1238711.032371387,4838343.276146295,-9999.0
1859,1859,1238663.167268738,4838345.408176082,-9999.0
1860,1860,1238120.14269492,4838262.266010223,-0.221938659
1861,1861,1238700.133345414,4838271.43799715,-0.713070175
1862,1862,1238742.348032791,4838246.979756871,-0.689416664
1863,1863,1238661.034877634,4838111.915375479,-9999.0
1864,1864,1238651.987497062,4838081.327421435,-0.918181847
1865,1865,1238596.108231692,4838032.915684655,-9999.0
1866,1866,1238475.970097682,4837960.628381177,-9999.0
1867,1867,1238466.232337489,4837950.030151483,-9999.0
1868,1868,1238452.419881844,4837931.241574297,-9999.0
1869,1869,1238435.549649605,4837910.896477995,-9999.0
1870,1870,1238453.338125023,4837878.946591424,-9999.0
1871,1871,1238439.545079025,4837818.229189222,-0.976846122
1872,1872,1238335.421637004,4837651.746858343,-9999.0
1873,1873,1238326.580627628,4837626.178351725,-0.987000018
1874,1874,1238485.152824675,4837460.391462217,-0.627074631
1875,1875,1238481.846041278,4837400.099234455,-9999.0
1876,1876,1238451.143190941,4837393.254397147,-9999.0
1877,1877,1238425.057992975,4837251.473137059,-9999.0
1878,1878,1238405.902767118,4837187.480758381,-0.898919989
1879,1879,1238418.745343842,4837125.898507407,-9999.0
1880,1880,1238416.634486096,4837045.646144296,-9999.0
1881,1881,1238405.965285248,4837016.635239299,-0.926243903
1882,1882,1238446.176732205,4836952.264410647,-0.935387477
1883,1883,1238477.984665104,4836915.681982371,-0.69357556
1884,1884,1238433.079352997,4836886.378208888,-9999.0
1885,1885,1238461.808483198,4836857.07798165,-0.954317497
1886,1886,1238294.659306891,4836653.050592072,0.153074864
1887,1887,1238525.902584978,4836612.078637034,-0.077215051
1888,1888,1238521.340872683,4836391.074465371,-0.048895834
1889,1889,1238420.696549436,4836245.371396896,0.280877695
1890,1890,1238447.644563664,4836236.427459436,0.248224487
1891,1891,1238942.993465985,4836226.378429774,-0.299904257
1892,1892,1238509.91486665,4836119.965229507,0.26710417
1893,1893,1239051.08203004,4836152.713056279,-0.090182801
1894,1894,1239061.681735012,4836142.743948378,0.008799999
1895,1895,1239072.281406086,4836132.774815308,0.072451614
1896,1896,1238532.64784673,4836091.278421456,0.275829789
1897,1897,1238543.924965744,4836063.055032424,0.277391264
1898,1898,1239065.870501803,4836096.198947485,-0.062621623
1899,1899,1238602.745142878,4836032.838324347,0.262777174
1900,1900,1239067.049054014,4836052.923734792,-0.061312192
1901,1901,1238580.010281356,4836013.12728579,0.272032832
1902,1902,1238684.499904695,4835884.243219163,0.106421053
1903,1903,1238946.175193301,4835875.634996979,0.103166665
1904,1904,1238959.950064724,4835876.458442387,0.098306123
1905,1905,1238629.95033653,4835846.70702512,0.106446808
1906,1906,1239020.648672354,4835862.139341499,0.054517088
1907,1907,1238810.103767717,4835816.890708855,0.013011659
