OID,FID_,X,Y,BCE_Hokian
0,0,1649167.622324077,6098515.570434569,-0.675000012
1,1,1649131.317491648,6098508.72479545,0.473110138
2,2,1649196.539642279,6098497.608487765,-0.675000012
3,3,1649208.743070254,6098487.579223908,-0.675000012
4,4,1649147.941042446,6098484.839562313,1.387280297
5,5,1649229.118341638,6098477.505318494,-0.675000012
6,6,1649245.40770518,6098467.453582842,-0.675000012
7,7,1649253.525152773,6098457.446507089,-0.675000012
8,8,1649165.564750734,6098460.186201208,1.503732375
9,9,1649188.085901957,6098437.932214361,1.702265827
10,10,1649294.275527521,6098437.298408567,-0.675000012
11,11,1649196.426514344,6098428.226622194,1.882918904
12,12,1649204.873403871,6098418.757424853,2.192610169
13,13,1649213.340300407,6098409.602457492,2.094446791
14,14,1649228.855753277,6098398.027796627,1.891116885
15,15,1649237.274807804,6098388.473746031,2.096642852
16,16,1649245.742280957,6098379.194678595,1.586923056
17,17,1649261.252871045,6098367.791301875,1.221734168
18,18,1649269.960761568,6098348.405553719,0.262299515
19,19,1649285.505402535,6098327.755052488,1.373966675
20,20,1649293.898859145,6098308.129934369,1.436717972
21,21,1649302.210267905,6098294.511957519,1.38918574
22,22,1649310.137333232,6098278.179558488,1.53416217
23,23,1649318.255187098,6098263.935277713,1.566828594
24,24,1649326.046918795,6098247.960503529,1.527435903
25,25,1649334.248506481,6098233.433408618,1.470979848
26,26,1649342.557175036,6098214.166136494,1.539229659
27,27,1649350.351239976,6098198.074783029,1.486473675
28,28,1649358.28812358,6098187.877597484,1.467824967
29,29,1649365.774898447,6098167.937786145,1.349679044
30,30,1649375.653890949,6098138.456198319,1.404702434
31,31,1649388.66997376,6098098.047278323,-9999.0
32,32,1649395.696601412,6098058.166353334,1.152999997
33,33,1649399.480381662,6098018.339722618,1.201214318
34,34,1648270.479405381,6097934.19966008,2.007637672
35,35,1648278.369796752,6097924.516201817,1.721785665
36,36,1648294.326168457,6097914.876653338,1.62419641
37,37,1648319.495751315,6097894.611984955,1.78539618
38,38,1648280.599687867,6097896.6523414,2.584297982
39,39,1648339.586033744,6097875.155350296,1.87579442
40,40,1648357.158355486,6097844.415448148,1.656565277
41,41,1648286.285651673,6097795.323727992,1.78676472
42,42,1648293.933574635,6097785.315980445,1.684145444
43,43,1648318.153382201,6097755.139479401,3.840474984
44,44,1648530.603656944,6097753.999818164,1.539573209
45,45,1648522.378940964,6097744.081191716,1.680125025
46,46,1648559.035682577,6097757.599442432,1.506186498
47,47,1648514.158147043,6097734.8889933,1.880588223
48,48,1648408.242221276,6097731.409134272,0.775113701
49,49,1648490.891903659,6097725.057643718,1.77845122
50,50,1648424.168640993,6097715.446502609,0.279912277
51,51,1648317.877190304,6097596.1355816,3.717320549
52,52,1648325.434580621,6097585.752295397,2.694159488
53,53,1649696.971433311,6097580.145108131,1.196307011
54,54,1648333.928370487,6097572.14017109,3.615735084
55,55,1649558.736052051,6097559.841454354,1.66511764
56,56,1648342.227291779,6097556.417927366,5.802000046
57,57,1649510.945272811,6097556.407647811,0.629661288
58,58,1648350.043955569,6097546.115011318,4.525871904
59,59,1648357.952480155,6097535.880868949,3.061763703
60,60,1648365.961970326,6097525.749408285,2.510706279
61,61,1648374.070168042,6097515.731871082,2.302984537
62,62,1648382.187715173,6097505.725522737,2.150696994
63,63,1648390.305244186,6097495.71916675,2.208737445
64,64,1648398.422755082,6097485.712803121,1.798724153
65,65,1648406.540247859,6097475.706431852,1.507022239
66,66,1648418.689727609,6097455.715585047,1.823257019
67,67,1649443.344940939,6097450.133908279,-0.675000012
68,68,1648430.839161927,6097435.724716138,1.784212519
69,69,1649432.586917447,6097434.455583591,-0.675000012
70,70,1649296.897821347,6097421.073275817,0.524000009
71,71,1648438.929840687,6097420.737038619,1.743956228
72,72,1649288.672580659,6097411.155350407,0.500249995
73,73,1648462.840633156,6097410.07829539,1.874767852
74,74,1648446.993755138,6097400.76807218,1.858381218
75,75,1649351.145881369,6097344.820089588,-0.675000012
76,76,1649334.026003222,6097330.856448192,-0.675000012
77,77,1648381.124542065,6097324.71481944,1.608479544
78,78,1648332.121329881,6097306.702353802,1.942126582
79,79,1648406.936502797,6097307.068908342,1.5603586
80,80,1649303.146008927,6097303.40994385,-0.675000012
81,81,1648315.704170179,6097297.588425608,1.90984909
82,82,1649283.857273205,6097291.67167089,-0.675000012
83,83,1648436.68652069,6097292.169351946,1.669896753
84,84,1648797.720679757,6097284.305941107,1.013239308
85,85,1648250.231656155,6097278.012987995,1.927346972
86,86,1648369.134700907,6097277.23061492,1.889468447
87,87,1649249.963386397,6097267.280790256,-0.675000012
88,88,1648103.466682958,6097255.435683295,1.616905402
89,89,1648168.418007007,6097258.524305194,1.775407385
90,90,1648094.828385802,6097248.222668434,1.621912496
91,91,1649165.365287366,6097247.994480334,-0.675000012
92,92,1648086.600851814,6097238.308448174,1.626963387
93,93,1648323.384518904,6097237.248105352,1.744497078
94,94,1648078.377087841,6097228.389419793,1.603500001
95,95,1648070.153341825,6097218.470383966,1.657923034
96,96,1649092.425010801,6097220.743167487,-0.675000012
97,97,1648062.44926807,6097198.317698504,1.651275341
98,98,1649042.35583054,6097193.314130812,-0.638536012
99,99,1647898.410545288,6097189.494954624,1.15584732
100,100,1647936.21609225,6097192.075088286,1.407264733
101,101,1648085.637677734,6097196.811474018,1.56108878
102,102,1648247.315299459,6097241.794319521,1.759950586
103,103,1649021.875080727,6097183.462587676,-0.66094873
104,104,1647764.789682043,6097182.036330567,0.803839573
105,105,1649005.479630464,6097173.588764337,-0.648741188
106,106,1647783.749507991,6097170.381388412,0.59010526
107,107,1647841.114243957,6097170.599633557,0.805763645
108,108,1648069.629975232,6097173.640389113,1.520054057
109,109,1648980.85953282,6097153.79676546,-0.350256261
110,110,1647982.500449976,6097164.943717544,1.765792071
111,111,1648020.76210004,6097149.719890617,1.782660403
112,112,1648815.418037674,6097157.183712288,0.240683696
113,113,1648968.54955044,6097143.900717158,-0.220011119
114,114,1648036.879959518,6097139.149135702,1.626285715
115,115,1647992.433459857,6097119.836113064,1.502081082
116,116,1648772.293298198,6097115.074749636,0.672025001
117,117,1648764.068814696,6097105.156417802,0.142874989
118,118,1648913.873048789,6097096.441185189,0.134644513
119,119,1648881.028889585,6097066.73049107,0.206255102
120,120,1648845.026128555,6097043.865466472,0.07811748
121,121,1648812.661225667,6097025.190928633,-0.017400006
122,122,1647738.047881954,6097019.847755049,-9999.0
123,123,1648789.440249706,6097008.857210887,0.048330767
124,124,1648755.306195848,6096995.612311468,-0.0922
125,125,1647756.237910816,6096998.204314874,2.611635795
126,126,1647766.572872169,6096980.974101456,1.094747158
127,127,1647782.861039112,6096970.92503729,1.165324995
128,128,1648718.431490569,6096975.885799131,-0.033128471
129,129,1647790.978730202,6096960.919214302,0.921450008
130,130,1648666.520562542,6096956.973122905,-0.302506182
131,131,1648632.314095365,6096946.665967996,-0.524392867
132,132,1647799.046287893,6096940.954103864,0.021200002
133,133,1648592.879248527,6096937.444149323,-0.649036822
134,134,1648557.844828874,6096927.141572743,-0.644764718
135,135,1647823.635596653,6096911.421835504,0.978842124
136,136,1648229.729769018,6096909.542731249,0.048649071
137,137,1648182.734356246,6096879.133358092,0.475675008
138,138,1648460.523042532,6096876.919466507,0.643604147
139,139,1648407.315146284,6096899.933476727,-0.522928665
140,140,1647822.807686938,6096831.437995669,-0.119982154
141,141,1647782.830359019,6096790.568590587,1.490559086
142,142,1647569.379078842,6096772.796107426,1.371400036
143,143,1647766.404597269,6096770.327481735,2.298175126
144,144,1647749.453318325,6096751.3329133,1.476445786
145,145,1647578.866126631,6096750.576033293,1.281625303
146,146,1647593.679706083,6096732.816623051,1.166524959
147,147,1648183.146242587,6096756.158409871,-0.391357822
148,148,1648141.032253703,6096719.95018741,-0.640725012
149,149,1647552.723551711,6096713.106862352,1.192250001
150,150,1647609.91504465,6096712.805302575,1.083699984
151,151,1647707.959373824,6096712.285295908,1.315429419
152,152,1648132.808865085,6096710.031275691,-0.509850012
153,153,1648124.585580992,6096700.112249203,-0.247729238
154,154,1647544.448358186,6096693.224789168,1.166444472
155,155,1647642.490701721,6096692.707695239,4.090542878
156,156,1648100.021734824,6096690.28047766,-0.669975012
157,157,1648071.372998118,6096680.47020455,-0.675000012
158,158,1647642.983812401,6096673.299771699,0.597794645
159,159,1647675.070050514,6096673.336284112,0.153620692
160,160,1647527.950550787,6096663.423181761,1.182983342
161,161,1648058.437447754,6096666.377409739,-0.453842117
162,162,1647511.50530562,6096643.584106559,1.10897774
163,163,1648016.37365839,6096650.372362052,-0.440421581
164,164,1647503.282709984,6096633.664557784,1.029437485
165,165,1647968.927840838,6096621.238298316,-0.388725012
166,166,1647576.708961005,6096613.351993704,0.613149995
167,167,1647568.486323844,6096603.432497989,0.570199997
168,168,1647560.263802755,6096593.51287279,0.552080003
169,169,1647510.616153858,6096578.262788047,1.456380533
170,170,1646563.360669102,6096569.55032993,1.839593172
171,171,1646600.410987263,6096576.708190536,1.106703879
172,172,1646546.965383021,6096558.945640376,1.903991674
173,173,1646628.499530737,6096558.728996665,1.17005355
174,174,1647494.526595416,6096554.21225059,1.527841417
175,175,1646644.788160488,6096548.681985591,1.178287321
176,176,1647519.098367341,6096533.952861639,0.324124998
177,177,1646661.876478945,6096536.309015399,1.487630702
178,178,1647494.333408733,6096518.504277639,0.482785527
179,179,1646464.956935541,6096499.591370356,1.450604126
180,180,1646497.339959293,6096499.801912792,1.3267037
181,181,1646695.998393457,6096505.295246405,1.573760921
182,182,1647478.034675951,6096493.591120875,-0.397836374
183,183,1646448.565632705,6096489.712939353,1.477363653
184,184,1646480.959514284,6096490.756489606,1.37810967
185,185,1646442.373613824,6096483.475645388,-0.114750003
186,186,1646724.856343764,6096479.541510397,1.783250804
187,187,1646763.526787026,6096467.949674062,1.803576021
188,188,1646815.84032177,6096447.759222473,1.138315757
189,189,1646832.130666046,6096438.120488035,1.207035719
190,190,1646929.176193563,6096415.665470887,0.18435416
191,191,1646866.506122801,6096418.82506169,0.253502146
192,192,1647003.023996494,6096360.691189604,0.63404847
193,193,1647104.063558821,6096316.348150038,2.481904811
194,194,1647390.596713759,6096311.54226847,1.620799947
195,195,1647130.255317495,6096307.427545893,1.607118163
196,196,1646660.780957705,6096300.143619549,0.010179786
197,197,1647082.016483311,6096309.940848354,0.022190505
198,198,1647101.344140098,6096296.830851089,-0.405333944
199,199,1647154.794998673,6096303.262640406,1.357524734
200,200,1647256.258363523,6096296.189657236,1.69796726
201,201,1646668.175079457,6096289.37542105,1.022975748
202,202,1647215.33670426,6096286.680843733,1.196000025
203,203,1647280.643089677,6096276.376019238,1.47973688
204,204,1647172.975622175,6096262.7282608,1.065117331
205,205,1647415.960077857,6096276.08438827,-0.609406174
206,206,1647427.656762279,6096235.548745601,-0.675000012
207,207,1647427.447283732,6096195.698472342,0.414555559
208,208,1646626.713395534,6096180.672922106,1.363660369
209,209,1647221.620443039,6096184.918008839,0.03452078
210,210,1646642.831093788,6096170.104640799,1.34020108
211,211,1646675.509945441,6096169.935640217,1.660545479
212,212,1646700.019084583,6096169.8088121,0.918785721
213,213,1646653.360321031,6096159.883050866,0.960831567
214,214,1646876.28487179,6096164.610749904,1.811503453
215,215,1647296.356018734,6096156.739570094,-0.400963646
216,216,1646619.381583391,6096160.391463879,1.33640216
217,217,1646701.393392365,6096151.050442248,1.405819319
218,218,1646896.330912831,6096154.434902353,1.765668888
219,219,1647484.373386943,6096145.584744704,-0.44122501
220,220,1646642.869809138,6096146.165649139,1.110723416
221,221,1646915.683081368,6096146.556226207,1.852456498
222,222,1647185.862696938,6096139.316828508,1.676136404
223,223,1647235.482258469,6096137.325013847,3.114012254
224,224,1646933.760275726,6096135.735640109,1.773134905
225,225,1647002.088751571,6096163.292643416,1.424792563
226,226,1647255.673120985,6096132.382936339,2.474789515
227,227,1647387.573168557,6096151.9683637,0.213634553
228,228,1647425.926542322,6096127.163466507,1.030099892
229,229,1646953.388118485,6096125.163716257,1.801492196
230,230,1647108.41117119,6096117.667185338,1.514482382
231,231,1647271.992386843,6096123.010292748,1.610244753
232,232,1647460.620710503,6096117.129557813,-9999.0
233,233,1647011.831688427,6096111.735179518,1.689296401
234,234,1647341.168789926,6096112.418489854,1.571689729
235,235,1647467.829107752,6096105.826055065,4.948777028
236,236,1647533.129225707,6096095.513773202,-0.273026679
237,237,1647924.680498743,6096013.535293702,0.975473684
238,238,1647476.302467482,6096025.431004179,1.535518532
239,239,1647940.913784743,6095993.523334839,0.866759255
240,240,1647471.397106835,6095987.087489088,1.589800723
241,241,1647957.146998251,6095973.51134541,0.876409018
242,242,1647483.5952102,6095966.471244178,1.540802463
243,243,1647491.556922882,6095956.265140871,1.469269691
244,244,1647979.919664765,6095949.251448818,0.840741458
245,245,1647499.655520934,6095936.303170547,1.466425034
246,246,1647997.951344969,6095933.647234211,0.846212472
247,247,1648014.18432304,6095913.635137883,0.749010476
248,248,1647589.318282074,6095905.923446802,-0.675000012
249,249,1647492.548781537,6095901.453374141,3.467049127
250,250,1648030.417228616,6095893.623010992,0.827593032
251,251,1647499.538702345,6095886.686246111,2.655269192
252,252,1647506.870247947,6095876.469496081,1.649500019
253,253,1648046.650061699,6095873.610853527,0.736500004
254,254,1648062.882822289,6095853.598665497,0.848534689
255,255,1647514.712355561,6095834.854063619,3.392201341
256,256,1648095.181678547,6095813.779400641,0.621651316
257,257,1647531.771932429,6095806.791073993,1.504410276
258,258,1647547.84062827,6095786.587990252,1.568650034
259,259,1647637.703836977,6095786.113783083,-0.675000012
260,260,1647645.7678838,6095766.145603056,-0.675000012
261,261,1647548.695670465,6095747.004337994,2.846886176
262,262,1647670.012902774,6095716.203168889,-0.675000012
263,263,1647575.95600719,6095706.826562069,3.208539186
264,264,1647630.395247039,6095667.47489381,2.887187703
265,265,1647705.954454719,6095663.874175065,-0.675001102
266,266,1647662.201995976,6095647.805978882,1.149728813
267,267,1647677.897074739,6095636.637186051,0.993454535
268,268,1647686.378848541,6095627.181967779,1.114212699
269,269,1647722.933658659,6095635.038480663,-0.675001441
270,270,1647693.993920951,6095616.447921256,3.648540566
271,271,1647718.001990946,6095611.86166525,0.223933406
272,272,1647693.888571906,6095596.522763531,5.96816651
273,273,1647686.791617705,6095576.088342281,5.50283573
274,274,1648200.10634956,6095574.110641626,0.600892858
275,275,1647678.89627641,6095556.114419026,5.527555572
276,276,1647372.702194976,6095530.016838265,1.844545493
277,277,1647448.397073496,6095518.841024698,1.449288492
278,278,1647415.668182195,6095509.05027101,1.305692292
279,279,1647352.503479584,6095498.692764155,1.769319615
280,280,1647374.599978364,6095498.781059613,1.636859639
281,281,1647456.291098528,6095498.351645789,1.446892866
282,282,1647492.641207462,6095516.392691174,1.678511222
283,283,1647521.525435274,6095443.540493837,1.000634918
284,284,1647541.867496654,6095428.30371297,1.30432171
285,285,1647373.645702689,6095442.531870917,1.552060879
286,286,1647386.911625287,6095400.516399113,1.993934313
287,287,1647643.934745146,6095387.362403874,1.343318313
288,288,1647418.916853484,6095379.607338028,2.210549322
289,289,1647553.637648969,6095368.321824555,0.934392843
290,290,1647651.665596346,6095367.804478413,0.117596497
291,291,1647686.825371063,6095402.986902229,1.388118797
292,292,1647439.965679125,6095359.834562495,1.571948261
293,293,1647663.601698126,6095356.993714638,0.553663642
294,294,1647566.38370571,6095348.705098432,1.150612624
295,295,1647609.588860509,6095384.155009678,1.10386556
296,296,1647398.331434546,6095319.120681667,1.796524982
297,297,1647830.531659039,6095286.950532099,0.481764703
298,298,1647436.906488025,6095254.295727048,1.739241325
299,299,1647482.984557963,6095212.714053141,1.929461882
300,300,1647510.858665277,6095197.521711944,2.152137127
301,301,1647528.247153838,6095168.994144025,1.566575003
302,302,1648304.009387525,6095144.7427264,1.213096508
303,303,1648360.985666937,6095074.901581112,1.074224958
304,304,1647543.317193878,6095092.629538496,1.652280732
305,305,1647569.087611745,6095064.736325429,1.453424803
306,306,1647548.24469606,6095049.442308632,1.625329011
307,307,1648376.99420677,6095044.722776489,1.258491207
308,308,1647567.812506906,6095039.268345895,1.47718182
309,309,1647560.186906742,6095029.345699753,1.829224938
310,310,1647568.031512886,6094999.620051889,1.669206911
311,311,1647564.922284184,6094955.854550176,2.251032618
312,312,1647902.742689725,6094927.904047434,-0.694999993
313,313,1647591.719160328,6094927.324604353,1.888135128
314,314,1647616.924533277,6094915.158947774,2.054315084
315,315,1647641.084371872,6094879.475737114,1.58833768
316,316,1648419.730829811,6094858.723996925,1.435142606
317,317,1648438.667197258,6094835.778791905,1.527738761
318,318,1647645.448277749,6094840.361911759,1.962923742
319,319,1647665.302888582,6094819.605879393,2.052157393
320,320,1647673.626637372,6094799.888128853,2.103623914
321,321,1647640.63638899,6094925.955520729,1.548758726
322,322,1648454.36136438,6094805.305469166,1.566459444
323,323,1648465.626603549,6094785.416323885,1.45159999
324,324,1647729.889438583,6094783.791364459,1.333534727
325,325,1648473.74152922,6094775.409825103,1.465375017
326,326,1647685.888247864,6094780.05116656,2.513936308
327,327,1647746.528918508,6094769.530838906,1.349054512
328,328,1647705.892746638,6094764.746102097,2.212937093
329,329,1647958.96926818,6094748.273442424,-0.694999993
330,330,1647719.992204212,6094747.366019496,2.66465496
331,331,1647738.315944217,6094729.518519513,1.310078886
332,332,1648494.069242861,6094745.491427859,1.591075953
333,333,1647762.601999741,6094719.631367596,1.310508707
334,334,1647746.378866488,6094709.550090062,1.353024952
335,335,1648514.247564071,6094712.67749939,1.605021719
336,336,1647785.293667643,6094677.988229766,1.369574311
337,337,1648530.873036076,6094655.547925661,1.629078444
338,338,1647792.144156442,6094649.683215363,1.461859291
339,339,1647825.370775701,6094626.678353541,1.472722208
340,340,1647876.377918162,6094609.436424106,1.232824554
341,341,1647849.770026452,6094606.623167254,1.534933328
342,342,1647884.826184711,6094599.02005711,1.218250017
343,343,1647860.101974092,6094589.392755556,1.269550009
344,344,1647884.448142814,6094559.374878005,1.175555556
345,345,1647884.289431899,6094529.487090992,1.243320006
346,346,1648571.017229213,6094525.814246888,1.250326927
347,347,1648578.536199341,6094515.81085565,1.428533306
348,348,1647892.093796037,6094514.501327303,1.214714271
349,349,1647886.269037479,6094479.662187997,1.230593733
350,350,1648610.940594766,6094465.821775384,1.396912518
351,351,1647891.920851558,6094459.910736562,1.22579309
352,352,1648623.139155708,6094455.793111741,1.420825005
353,353,1648635.337689471,6094445.764436703,1.585124968
354,354,1647867.725644921,6094439.692120429,1.31267066
355,355,1648649.350684726,6094432.975778803,1.660022027
356,356,1647940.947120002,6094399.872938428,1.17549091
357,357,1648662.883649037,6094403.771677578,1.47536037
358,358,1647873.238411295,6094387.277316,1.309857075
359,359,1648679.8861303,6094375.783795035,1.056312493
360,360,1647889.341707746,6094367.304041873,1.305734189
361,361,1648700.144973617,6094345.78572131,0.898300012
362,362,1648708.263160531,6094336.505437133,0.306909101
363,363,1648724.5454688,6094326.454571314,0.147797629
364,364,1647930.55265945,6094334.430577097,1.273262249
365,365,1647940.173777292,6094369.629311853,1.22902615
366,366,1648062.70909861,6094319.521677399,1.15614546
367,367,1648740.657409607,6094315.882452024,0.812598576
368,368,1647959.850543188,6094313.527631235,1.254142829
369,369,1648773.610751965,6094305.741363559,1.269785698
370,370,1647980.493404334,6094299.829464408,1.186528312
371,371,1648765.051598772,6094295.416127989,1.086210538
372,372,1648803.790784944,6094292.660673364,1.018880454
373,373,1648814.120554724,6094275.429137318,1.145275033
374,374,1648822.238561096,6094266.14874761,1.118122466
375,375,1648838.516682147,6094255.371232823,-0.060466667
376,376,1647939.987844574,6094250.956969259,1.426407423
377,377,1648858.882696031,6094245.297995104,1.228250028
378,378,1648876.979051602,6094232.486845265,1.306788431
379,379,1648887.308611707,6094215.255220501,1.312549986
380,380,1647931.394868004,6094226.747432424,1.404310894
381,381,1647972.277481438,6094210.411555206,1.333607088
382,382,1647953.962414862,6094198.164158825,1.32076959
383,383,1648900.332850367,6094195.161637854,1.320932427
384,384,1648911.596323672,6094175.271898631,1.123108417
385,385,1647989.515998952,6094182.538624755,1.387005916
386,386,1648004.850486849,6094160.219445629,1.537560707
387,387,1648919.656142886,6094155.30237078,0.925475007
388,388,1647988.834056214,6094146.248822918,1.760176878
389,389,1648931.799871531,6094135.310668837,1.307037491
390,390,1648002.423244281,6094127.595023716,1.898300923
391,391,1649066.528474722,6094114.565375795,1.209609191
392,392,1649116.125769198,6094123.623048351,1.666842031
393,393,1648021.114358443,6094116.954620673,1.86676513
394,394,1648949.482550118,6094112.115527161,1.278618611
395,395,1648037.467747886,6094106.275930644,1.814338111
396,396,1648960.17503783,6094096.031484094,1.277612234
397,397,1649025.517891856,6094095.676413605,1.08644444
398,398,1649042.01604784,6094094.655908936,1.059214292
399,399,1648050.759912791,6094090.674417553,1.697242637
400,400,1649164.328103416,6094086.968389316,1.47350144
401,401,1649155.922394553,6094074.109793141,1.608280678
402,402,1649177.975554814,6094071.008255399,1.390753401
403,403,1649246.260727136,6094024.006583868,1.542425928
404,404,1649253.944913985,6094013.797382097,1.604839325
405,405,1648096.66294042,6094101.63672391,1.405008471
406,406,1648114.2133796,6093990.267423783,1.307029708
407,407,1648132.261613784,6093967.500758901,1.217127257
408,408,1648166.777951939,6093959.917332629,1.165645891
409,409,1648143.063467166,6093946.970554505,1.176641791
410,410,1648151.332200923,6093930.972495873,1.220476937
411,411,1649220.014594325,6093925.079668608,1.588983327
412,412,1648158.957774407,6093920.4963291,2.239815759
413,413,1649168.311515124,6093906.971628819,1.716736236
414,414,1649204.173716258,6093904.681469256,1.804775016
415,415,1648167.207042554,6093906.234368225,1.450390033
416,416,1648174.939171878,6093890.314234323,1.37561245
417,417,1648183.000343511,6093870.345371324,1.429156277
418,418,1649144.172039558,6093949.138579682,1.693589578
419,419,1649097.718568169,6093854.72084263,1.812910714
420,420,1648222.923266734,6093810.354553155,-0.814999998
421,421,1649113.732153922,6093795.582625321,1.988950004
422,422,1649060.988239812,6093715.982498851,1.629679236
423,423,1648230.966876315,6093675.812422605,-0.815209564
424,424,1649053.600124383,6093758.556472871,1.670723827
425,425,1648973.902749311,6093646.695376834,1.494228074
426,426,1648948.796865689,6093597.685818849,1.573000005
427,427,1648148.658023372,6093541.850229977,1.323660653
428,428,1648164.635615909,6093521.946521549,1.206456653
429,429,1648181.261725224,6093487.670899854,1.160731054
430,430,1648197.204992278,6093471.75363515,1.142530291
431,431,1648213.4329863,6093451.741055017,1.125459202
432,432,1648220.977624517,6093421.960049225,1.098596195
433,433,1648229.456366149,6093381.96600354,1.052254315
434,434,1648237.090513599,6093347.004036543,1.004466675
435,435,1647632.601122155,6093305.589987238,2.043343393
436,436,1648245.044388673,6093307.109863312,1.078319305
437,437,1648833.877223526,6093288.99457534,1.305439947
438,438,1647779.511603974,6093284.418709927,1.849270241
439,439,1647791.862395825,6093274.996705885,1.727764754
440,440,1648246.257096725,6093272.738038952,1.154669686
441,441,1647648.82893505,6093278.688105484,1.857512668
442,442,1647814.600472369,6093262.700964976,1.452803019
443,443,1647570.189424273,6093264.465561309,4.7476073
444,444,1647672.818045609,6093259.772493758,1.916877201
445,445,1648849.995497371,6093249.055584276,1.452192268
446,446,1647619.368664936,6093240.173598358,4.803790406
447,447,1648259.153675223,6093242.170406699,0.18803751
448,448,1647697.463663078,6093215.580955522,2.019578946
449,449,1647654.577783604,6093212.919771175,2.914014919
450,450,1647930.971799714,6093226.529188396,1.717897167
451,451,1647670.902202701,6093193.008885237,2.301269476
452,452,1647964.886801395,6093185.857525926,1.620823545
453,453,1648260.474967269,6093186.904879423,0.758151171
454,454,1648877.321526306,6093209.685638716,1.639102894
455,455,1648225.850748462,6093175.062062813,1.495426679
456,456,1647681.51193234,6093171.887363597,2.610434626
457,457,1648904.413391576,6093164.034429659,1.568656454
458,458,1647689.353204324,6093155.860838562,2.628858491
459,459,1648155.410861545,6093149.936734662,1.339222188
460,460,1648269.598806655,6093152.553406641,-0.636941208
461,461,1647696.66551274,6093145.640605487,2.120443938
462,462,1648146.717491515,6093142.731808018,1.361530834
463,463,1648195.28067636,6093143.19252041,1.261642878
464,464,1648914.168992998,6093144.096954067,1.541649984
465,465,1647972.310227197,6093141.004357011,1.365990732
466,466,1648130.004786901,6093123.411206807,1.354224946
467,467,1648243.820961086,6093127.216613228,1.132120554
468,468,1647991.117170576,6093114.915356636,1.26138459
469,469,1648268.843307744,6093122.668584969,-0.824450029
470,470,1648015.564971262,6093104.822248334,1.250961517
471,471,1648244.069285799,6093103.079888981,1.111596501
472,472,1648035.927225597,6093094.371399704,1.237666654
473,473,1648249.57065817,6093082.517021469,0.581915758
474,474,1648930.462930099,6093084.231009024,1.565213623
475,475,1648938.237219936,6093064.262969725,1.534124961
476,476,1648243.915714726,6093043.098964746,-0.142806911
477,477,1648236.237748037,6093023.214164506,0.21324169
478,478,1648097.606343105,6093048.387907784,1.17579414
479,479,1651126.436771143,6092957.46779761,-0.605000019
480,480,1648901.349662102,6092960.433065818,1.524281786
481,481,1651134.547093376,6092947.458826725,-0.605015727
482,482,1647665.152366924,6092955.6149483,4.701343333
483,483,1648929.281930179,6092949.942345487,1.522214247
484,484,1651021.438201209,6092937.730415581,3.839743281
485,485,1648913.229192506,6092940.066562421,1.559017506
486,486,1651117.934079464,6092927.831466909,-0.592071448
487,487,1648904.671139677,6092929.74145064,1.571799974
488,488,1647647.387096062,6092843.791172549,4.633849608
489,489,1647662.962289664,6092827.075736987,1.704588647
490,490,1648866.191457835,6092828.66945743,1.506360462
491,491,1648896.024308437,6092810.437649851,1.682975039
492,492,1647677.045648214,6092814.519475694,1.700452285
493,493,1648804.788516743,6092801.874100977,1.417107152
494,494,1647695.476746389,6092797.022583167,1.38366669
495,495,1648789.749456421,6092791.087784713,1.377800027
496,496,1648851.012545029,6092790.418711586,1.551657629
497,497,1648781.360271057,6092780.965960613,1.378407436
498,498,1647708.240831963,6092777.114747508,2.068609937
499,499,1651004.265448143,6092739.059311682,3.565039921
500,500,1647725.60241862,6092754.184245285,2.680168662
501,501,1648732.147011447,6092741.789173533,1.337399947
502,502,1648586.564305351,6092733.140942451,1.068312867
503,503,1651010.152061454,6092719.015687982,3.517479954
504,504,1647741.830120193,6092734.172490234,4.278637514
505,505,1648658.834978715,6092718.963935413,1.233415384
506,506,1647759.678366629,6092706.939388269,4.690705966
507,507,1648683.277200628,6092708.644779618,1.292757526
508,508,1648535.826029227,6092683.071144682,1.095844855
509,509,1648519.439246184,6092673.196470067,1.109999943
510,510,1650965.941496292,6092629.170680163,3.444943038
511,511,1647711.083004497,6092637.193764778,3.41309093
512,512,1650953.378987082,6092619.310263894,2.873089262
513,513,1650675.299520012,6092611.312324842,1.847275001
514,514,1650707.680646259,6092610.02616028,5.034742063
515,515,1650945.696104038,6092609.075769659,3.342834203
516,516,1650626.64971499,6092601.172393845,1.807323522
517,517,1651148.986569538,6092613.61751114,0.366559421
518,518,1650618.77973837,6092590.922719093,1.950864434
519,519,1647719.294296713,6092616.818143979,0.951698727
520,520,1647735.307054617,6092599.912429332,1.049108083
521,521,1650611.699867318,6092581.089411848,2.306853669
522,522,1650753.144481161,6092581.565887273,3.524435493
523,523,1647776.47569318,6092588.326139241,1.203299433
524,524,1650773.668810826,6092570.906790125,2.420399983
525,525,1647792.431712925,6092577.49276297,1.124564857
526,526,1650670.207206801,6092583.981446367,1.688125675
527,527,1650618.642697889,6092556.627295209,2.65197379
528,528,1650949.837549233,6092557.654388839,4.076596358
529,529,1647809.297242003,6092558.040620735,1.148031229
530,530,1650790.959093352,6092552.900934058,2.880926991
531,531,1651148.562395617,6092538.897835913,-0.640413731
532,532,1655820.384522858,6092511.169504731,1.035830188
533,533,1655827.893820525,6092501.159928729,1.531774995
534,534,1647824.846676803,6092537.384627474,1.281846141
535,535,1650646.42242599,6092532.455913281,4.561250707
536,536,1651140.282865776,6092519.018880154,-0.587342677
537,537,1655672.669083819,6092492.157202463,1.667574975
538,538,1655648.310905575,6092482.080740851,1.457727225
539,539,1655701.007048937,6092493.682536993,1.514531147
540,540,1655721.440111026,6092482.097021084,1.563964309
541,541,1655776.51095946,6092502.693414344,1.729730042
542,542,1647833.323204911,6092524.134255439,1.274991931
543,543,1650675.207048366,6092507.142503424,4.643497751
544,544,1650819.784412923,6092518.400344255,2.796261692
545,545,1655640.198478013,6092472.131405982,1.659359992
546,546,1647841.79510669,6092508.442736112,1.276076908
547,547,1650695.780987085,6092492.117949268,4.826736122
548,548,1655811.14782567,6092461.61574662,1.784614044
549,549,1647850.045958497,6092498.665077031,1.273565199
550,550,1647858.317858153,6092488.917726887,1.210500035
551,551,1650718.184790384,6092480.363787045,2.275007236
552,552,1650845.327905241,6092479.149718286,2.626544407
553,553,1655625.068821729,6092441.821914645,1.615263161
554,554,1647873.403718628,6092477.207376398,1.181341796
555,555,1650870.40046076,6092451.532185956,0.761547167
556,556,1655616.573025009,6092422.02329317,1.6232391
557,557,1647889.717584854,6092457.302047603,1.301443028
558,558,1650749.710991601,6092453.353067721,3.310783226
559,559,1650886.676972101,6092441.477323244,0.63048108
560,560,1655692.872346011,6092439.840305154,1.584471273
561,561,1647911.889452266,6092435.021017655,1.279414512
562,562,1647930.482423538,6092417.555438765,1.317633753
563,563,1647946.897458387,6092408.179308174,1.274313393
564,564,1648069.009858616,6092406.407416532,-0.88499999
565,565,1655810.530776791,6092361.988976011,1.457600024
566,566,1647963.381753084,6092398.735630109,1.271039958
567,567,1650780.615207929,6092406.599550895,4.085601961
568,568,1655688.30879573,6092352.782092586,1.556576294
569,569,1647979.364128418,6092387.365431082,1.470152759
570,570,1650812.954958285,6092377.540284725,1.385993714
571,571,1650829.110758336,6092370.608556991,1.203135512
572,572,1655612.633395263,6092351.060818953,1.701076113
573,573,1655680.507612088,6092342.662923115,1.462222232
574,574,1647987.927816779,6092377.81236252,1.848133332
575,575,1650837.515618799,6092362.047303108,2.590022273
576,576,1655630.990274002,6092339.643370813,2.173641766
577,577,1648003.493546029,6092371.886518021,1.38813334
578,578,1650854.006288776,6092352.191468023,4.755791552
579,579,1655663.99713245,6092324.204850069,1.475967742
580,580,1648019.746478104,6092356.855549114,1.158725004
581,581,1650869.996975738,6092341.520560943,2.968513556
582,582,1655672.484070254,6092313.03691639,1.522428559
583,583,1655693.653573484,6092325.689562629,1.545284303
584,584,1648027.859648488,6092346.849397426,1.203399996
585,585,1650959.550604,6092330.746286366,-0.694999993
586,586,1655704.744065384,6092308.209979533,1.636732155
587,587,1655906.556759072,6092372.798735265,1.677237323
588,588,1650878.463106152,6092328.19256408,2.0373272
589,589,1648035.919690316,6092326.880608817,1.209459992
590,590,1650886.350790172,6092306.878067334,2.182978999
591,591,1655656.159682547,6092262.291833649,2.226333338
592,592,1656173.4788534,6092259.898679351,-0.286423533
593,593,1656212.956669184,6092263.33435366,0.708795201
594,594,1651144.997112744,6092333.653793259,1.680464962
595,595,1648492.758357652,6092269.002885049,1.03549608
596,596,1650897.157053904,6092265.53199709,2.283056301
597,597,1650910.306860708,6092241.678890446,1.153630127
598,598,1655615.111206388,6092212.326269628,1.533911141
599,599,1648500.993499246,6092249.667404752,1.204237527
600,600,1656258.79281154,6092198.925634758,-0.118020412
601,601,1650925.670552165,6092221.345344177,1.664702647
602,602,1656130.24916536,6092202.880301937,0.001317784
603,603,1656234.150548985,6092189.833689312,-0.379429145
604,604,1655597.491112345,6092183.504450121,1.538506831
605,605,1656119.901716115,6092180.527963244,-0.639641556
606,606,1656217.896173291,6092179.916971473,-0.455299982
607,607,1648517.091070483,6092220.76643863,1.130503376
608,608,1655589.929608804,6092173.462739704,1.57063937
609,609,1656111.673483092,6092170.616132248,-0.538950004
610,610,1648068.398720976,6092291.837625574,-0.88499999
611,611,1648533.416734752,6092204.659666014,1.286129389
612,612,1650956.985854895,6092239.601304013,-0.705000011
613,613,1648545.614135907,6092194.978048936,1.300916599
614,614,1648565.973891434,6092184.558393672,1.30494996
615,615,1650885.157901043,6092172.485861272,2.150771904
616,616,1655582.317140261,6092143.490456376,1.435489771
617,617,1648574.090220159,6092175.278181012,1.200456132
618,618,1650836.104894652,6092162.79978663,3.206962293
619,619,1656078.760800827,6092130.968648827,0.561124992
620,620,1648590.364801047,6092164.501043322,1.13621621
621,621,1650811.546244717,6092152.248882797,0.959377785
622,622,1650857.777253254,6092165.593495822,2.910702225
623,623,1650705.334791006,6092143.610719219,1.592452823
624,624,1650835.822060439,6092142.353302716,0.585578934
625,625,1656062.304442809,6092111.144830991,0.667649996
626,626,1648598.25486221,6092144.328321604,1.167074091
627,627,1650684.959211089,6092132.978578083,1.707071294
628,628,1650786.769274924,6092132.666961496,0.973034499
629,629,1650860.264139269,6092132.252399998,0.432035728
630,630,1655556.0687347,6092104.153774476,1.535870128
631,631,1650672.796873964,6092122.933694315,1.881268261
632,632,1651011.946596176,6092133.62081675,-0.704999983
633,633,1655531.878425625,6092083.706426703,1.476237319
634,634,1650730.274974574,6092124.312907766,1.64235864
635,635,1650809.088084545,6092107.21133821,1.207598414
636,636,1650932.317651673,6092113.6272487,0.905124005
637,637,1655523.342714522,6092074.294737659,1.534873217
638,638,1648042.917309554,6092107.659117093,-0.885087489
639,639,1650991.069468907,6092096.913953866,1.627914926
640,640,1655515.373327278,6092064.26885046,1.570911749
641,641,1650692.023807176,6092085.699384858,1.933952618
642,642,1650781.366892239,6092087.799519992,2.410784198
643,643,1650899.467828365,6092088.396599025,2.470273564
644,644,1650999.003453862,6092081.485773143,1.409468355
645,645,1651011.85569524,6092075.72533933,1.185202824
646,646,1655483.454294815,6092024.5397232,2.622219937
647,647,1656061.746565111,6092021.4808199,-0.070500011
648,648,1656045.35242456,6092011.619736148,-0.813059376
649,649,1647813.950790051,6092049.099686032,2.261024968
650,650,1647993.602592793,6092048.144513683,-0.47006172
651,651,1656028.958495752,6092001.758522817,-0.88499999
652,652,1647748.570068714,6092039.483501373,1.900144606
653,653,1656004.398540148,6091991.948236924,-0.88499999
654,654,1651243.557187368,6092010.320640087,-0.704999983
655,655,1651007.97779014,6092014.649652373,2.158455724
656,656,1647723.913812315,6092009.725401069,1.683324994
657,657,1648818.152010773,6092003.862800854,1.515709432
658,658,1647834.70378429,6092017.766764671,0.528088166
659,659,1648622.427792041,6091991.636285258,1.408569466
660,660,1648744.55450731,6091985.061955046,1.49870827
661,661,1647718.630663643,6091986.906435805,1.095876098
662,662,1647748.291223967,6091981.198896786,0.880821449
663,663,1647827.498471251,6091979.512705103,1.169192796
664,664,1648768.82811329,6091974.445519827,1.501428536
665,665,1655473.97690003,6091934.797693955,1.375571419
666,666,1647890.244143173,6091977.161146628,1.309749443
667,667,1647992.035044454,6091998.583021538,0.457352188
668,668,1647960.570903682,6091965.478726654,0.921146661
669,669,1651015.854178072,6091953.667446568,2.745240245
670,670,1647993.482862949,6091949.931506871,1.044929795
671,671,1651504.776226156,6091928.969539533,1.327198303
672,672,1648009.57422486,6091945.793083319,1.108277313
673,673,1651553.185350448,6091919.09177046,1.114472701
674,674,1648041.923797204,6091918.387944028,1.129449967
675,675,1651447.849474314,6091898.829299224,1.779068924
676,676,1651464.167746953,6091907.017228578,1.639831088
677,677,1648049.967542982,6091898.40032398,1.057749999
678,678,1648050.748424623,6091878.826019249,1.122370908
679,679,1655521.651355271,6091840.508709088,0.268223683
680,680,1648078.039305467,6091901.929520024,-0.88499999
681,681,1648057.920827721,6091858.506224963,1.159837848
682,682,1651332.418087204,6091840.443998274,-0.704999983
683,683,1648859.544244294,6091927.267187733,1.617486217
684,684,1651356.858720541,6091830.341749526,-0.704999983
685,685,1651577.336062471,6091829.082372395,0.756774999
686,686,1650948.895215307,6091822.180580319,1.737053355
687,687,1651585.444846766,6091819.072961715,0.659488895
688,688,1655986.659350608,6091792.59286158,1.590810837
689,689,1650940.503570836,6091812.522768262,2.328864897
690,690,1651404.990712944,6091794.528249163,-0.704999983
691,691,1648065.71457993,6091788.724204027,1.087999989
692,692,1651430.01005635,6091770.146550287,-0.704999983
693,693,1651593.32955695,6091769.939351505,1.114566045
694,694,1655432.53801302,6091745.642503771,4.222725578
695,695,1650947.950336075,6091753.16410391,1.362044696
696,696,1650964.435271196,6091784.401957536,1.369915071
697,697,1651446.227775357,6091750.127893273,-0.704999983
698,698,1651609.542801358,6091749.194047023,0.947733325
699,699,1656019.653238245,6091722.850571122,1.5167451
700,700,1651625.760133368,6091729.175155201,0.337642865
701,701,1655424.705109912,6091696.730446397,3.675616768
702,702,1651650.143113619,6091709.109420475,1.031250001
703,703,1655430.281111941,6091686.643879284,3.435372556
704,704,1648100.665822905,6091774.765679973,-0.713926947
705,705,1650989.882878518,6091703.99535916,0.817583338
706,706,1651658.255872641,6091699.826383705,1.067981105
707,707,1650966.985964045,6091696.346607965,1.029419855
708,708,1651102.926885149,6091692.304164146,1.200424996
709,709,1651674.530152215,6091689.770061317,0.965730768
710,710,1648081.636117019,6091708.990835452,1.072371391
711,711,1651111.036062584,6091682.295182997,1.161037481
712,712,1651698.965921525,6091678.940408692,0.896974987
713,713,1648746.242910719,6091693.408735473,1.535335001
714,714,1650940.394812445,6091697.169072525,1.293533757
715,715,1651707.078603121,6091669.657326657,1.065814817
716,716,1651723.348603626,6091658.874470925,0.930925005
717,717,1648762.347524392,6091668.192837552,1.465811257
718,718,1651735.53990403,6091648.841474758,0.941811762
719,719,1651751.815999728,6091639.132017362,0.950802264
720,720,1648097.659544563,6091654.054260663,1.166925014
721,721,1648778.120296319,6091648.735077011,1.501992264
722,722,1651772.175071949,6091629.431497772,1.178894721
723,723,1651616.966519916,6091619.63266424,0.918025
724,724,1651110.668662981,6091617.537909728,1.343615372
725,725,1655407.234629212,6091586.195243018,-9999.0
726,726,1648105.816351296,6091619.313379004,1.207128208
727,727,1651616.85235323,6091599.70736865,0.926124997
728,728,1651785.245859688,6091605.342774892,0.952153836
729,729,1651608.629623349,6091589.791476557,1.000025006
730,730,1648113.744571946,6091599.223426694,1.129575008
731,731,1651128.173643756,6091594.124638973,1.354452604
732,732,1651852.9940591,6091587.522737435,-0.704999983
733,733,1651151.275685605,6091577.46805331,1.384893317
734,734,1651934.640119818,6091569.251517361,-0.644866877
735,735,1655021.737638823,6091549.665548997,0.503238874
736,736,1655070.731314795,6091549.366172533,0.754298383
737,737,1655381.25956952,6091547.174712693,1.448453296
738,738,1648129.922881393,6091579.160009834,0.155525006
739,739,1648154.664821943,6091601.479035674,-0.827228367
740,740,1651616.624028589,6091559.856650009,1.241749981
741,741,1651885.070009518,6091565.518774278,-0.704999983
742,742,1655087.006060278,6091540.03008873,0.409846154
743,743,1655373.205218191,6091537.186052983,1.475661948
744,744,1648138.035212297,6091569.153738613,1.133135714
745,745,1651165.247198545,6091559.681499171,1.376506891
746,746,1651910.527896365,6091548.204787108,-0.704999983
747,747,1651959.521203685,6091547.922254742,-0.704999983
748,748,1651973.881560235,6091557.522517962,-0.131231318
749,749,1651999.753756357,6091547.690192003,0.43754546
750,750,1655103.105676497,6091529.446413452,1.136556659
751,751,1655405.232782513,6091527.593208202,0.518888897
752,752,1648146.14752506,6091559.147459747,1.175524963
753,753,1651183.734816256,6091542.400710759,1.388100013
754,754,1655007.537904369,6091532.27759694,1.289561532
755,755,1655119.542116506,6091519.178480889,1.168920017
756,756,1655364.982469864,6091517.286792998,1.368586663
757,757,1651706.278177769,6091530.179885154,-0.563541651
758,758,1651943.07523679,6091528.091121392,-0.704999983
759,759,1652033.064874079,6091527.776187278,-0.401107136
760,760,1655405.276507534,6091507.462460048,-0.88499999
761,761,1648431.861446061,6091542.671516915,0.89507842
762,762,1648816.138334658,6091589.681582993,1.81864645
763,763,1655041.612182115,6091509.997746756,1.514782267
764,764,1651199.924386469,6091517.401258335,1.375712113
765,765,1655078.703273754,6091496.514686894,1.482621891
766,766,1648194.927784123,6091519.03474179,-0.821425032
767,767,1651208.004979191,6091502.410851284,1.448700012
768,768,1651231.089741777,6091502.80843614,1.317973208
769,769,1655141.908996729,6091496.683753673,0.934619919
770,770,1652073.662312973,6091487.689597821,-0.646370354
771,771,1655160.069473699,6091469.841588171,1.300584897
772,772,1655340.5764801,6091467.156707741,1.369147543
773,773,1651216.085544528,6091487.420441743,1.372087513
774,774,1651269.564293864,6091482.715258036,1.391549157
775,775,1655111.107325926,6091475.412873928,1.480260276
776,776,1655176.339534438,6091459.778886299,1.394377337
777,777,1655332.476259698,6091456.682657713,1.4120714
778,778,1651232.359914858,6091477.364916183,1.391587532
779,779,1655135.548133155,6091449.469060392,1.781650418
780,780,1655323.708943642,6091447.473901769,1.40166662
781,781,1656254.614694699,6091441.685234041,1.196424233
782,782,1651251.972613347,6091465.376344284,1.41112424
783,783,1655143.941228641,6091439.87342262,1.875125634
784,784,1648211.018865692,6091474.115459808,-0.786174163
785,785,1651273.227601046,6091457.898191528,1.638829942
786,786,1655152.431820852,6091430.378162734,2.135031614
787,787,1655919.087514908,6091423.483614868,1.393414006
788,788,1651286.796684886,6091442.690629316,1.872495957
789,789,1651681.377131335,6091459.855545623,-0.168129837
790,790,1652470.453980226,6091453.35079937,1.144187232
791,791,1652489.587179741,6091425.293410986,1.174364692
792,792,1655166.173600186,6091417.433541799,1.8451875
793,793,1655976.090370693,6091403.924746401,1.559461563
794,794,1648845.905477998,6091469.409843188,1.80203883
795,795,1651336.553297697,6091443.505936816,1.410824337
796,796,1655184.140181072,6091399.23325704,1.806758326
797,797,1651791.877506881,6091437.568547131,1.144145739
798,798,1652432.31289613,6091405.700949663,1.55779999
799,799,1656077.253021604,6091383.098868073,1.461569338
800,800,1656110.501651522,6091381.429131048,1.53044704
801,801,1656180.265469937,6091383.832184544,1.486301874
802,802,1652424.089461976,6091395.785804378,1.471137138
803,803,1652505.772948789,6091400.291563834,1.557591682
804,804,1655192.618059515,6091385.526507486,1.897517372
805,805,1651312.212601135,6091409.984413323,2.3482242
806,806,1652513.85127931,6091385.29995693,1.562000035
807,807,1655200.781414793,6091369.761578057,1.886859849
808,808,1648226.976423737,6091404.289577776,0.535624997
809,809,1651383.313173917,6091382.43727796,1.323781782
810,810,1651417.858384569,6091382.528789011,1.174920468
811,811,1652521.962862542,6091376.016124355,1.574301884
812,812,1655208.562479446,6091359.4243478,2.095626629
813,813,1648249.418007337,6091401.678496886,-0.884988226
814,814,1651342.007249564,6091382.410159311,4.007758472
815,815,1656384.068576504,6091340.299633595,1.551178562
816,816,1648235.00833848,6091379.339379532,0.556725018
817,817,1651364.959820851,6091365.814969656,2.687852625
818,818,1652391.546567249,6091363.618667152,0.592215812
819,819,1655217.024920555,6091345.82798642,1.915804372
820,820,1651472.937947906,6091359.140316566,1.539510226
821,821,1651492.942205667,6091350.617528186,2.668833067
822,822,1652350.310962938,6091346.399843378,1.123449968
823,823,1652382.806294432,6091346.415251679,1.06178946
824,824,1655224.622109114,6091329.330234003,1.994279067
825,825,1648243.067012775,6091359.370362753,0.030566681
826,826,1651501.55729071,6091342.663901584,3.407430572
827,827,1656424.619617946,6091311.632486272,1.574107153
828,828,1651517.597141813,6091337.417873112,2.968835128
829,829,1652285.338220792,6091333.619458843,1.08204215
830,830,1648251.125650509,6091339.401337794,-0.324675033
831,831,1651533.600247667,6091321.220282886,1.479853707
832,832,1651574.872095858,6091337.623343098,-0.704999983
833,833,1655233.075295073,6091305.504410732,1.911756024
834,834,1651549.873968894,6091311.164173811,1.239779519
835,835,1651590.700805467,6091310.930418287,-0.704999983
836,836,1652276.759735427,6091307.179293903,1.034339268
837,837,1655240.627830078,6091289.294693856,1.560225001
838,838,1648259.184388619,6091319.432212775,-0.541126576
839,839,1648985.903043093,6091316.236024382,2.650294173
840,840,1651557.982303922,6091301.154775166,1.286520271
841,841,1652268.199284152,6091296.857326378,1.07871426
842,842,1651574.255961928,6091291.09862102,-0.705004168
843,843,1652219.318181688,6091287.382148372,1.477224988
844,844,1652461.769045752,6091301.12464529,0.384645763
845,845,1655248.068481887,6091269.314570446,1.401875049
846,846,1656301.995810143,6091262.788652084,-0.723734473
847,847,1655242.068469611,6091259.191461969,1.472423093
848,848,1648888.259705711,6091285.674603402,1.779388765
849,849,1656342.767845798,6091254.344875351,-0.560053581
850,850,1648266.969689218,6091279.743179642,0.666002485
851,851,1651631.242033761,6091260.883178978,0.324485732
852,852,1656383.839266184,6091242.555020303,-0.47295062
853,853,1656407.958414218,6091232.236449855,-0.120375005
854,854,1651638.754846247,6091250.877116743,0.766814809
855,855,1652267.559598138,6091251.664276068,1.168071446
856,856,1656424.257894107,6091227.152827618,-0.103591778
857,857,1656456.856791036,6091216.985466639,-0.543841788
858,858,1648267.002584445,6091254.631358007,1.051168739
859,859,1648281.252463941,6091280.215035844,-0.837216087
860,860,1648939.699948189,6091278.957585784,1.950656075
861,861,1651655.562411332,6091230.128288363,-0.640607826
862,862,1656481.259065513,6091201.88784597,-0.786887486
863,863,1648838.494834144,6091237.332917394,1.166035096
864,864,1651663.674722224,6091220.845236343,-0.704999983
865,865,1651712.670563903,6091221.290546978,-0.704999983
866,866,1652267.386167878,6091221.77626249,1.064442481
867,867,1656497.527203382,6091191.822729846,-0.850734581
868,868,1651671.78284897,6091210.835731551,-0.704999983
869,869,1648919.81487268,6091206.480651705,1.343036329
870,870,1652414.882461626,6091160.049238051,1.52431667
871,871,1652389.979039398,6091146.909036364,1.385657147
872,872,1652362.102203172,6091140.798014099,1.283121209
873,873,1655141.90548895,6091120.24444765,1.252905983
874,874,1655950.311339061,6091116.129268811,1.593511129
875,875,1655974.452500212,6091115.383799506,1.35744346
876,876,1651671.382783686,6091141.09706037,0.269929036
877,877,1652030.59434657,6091129.066205361,1.182337342
878,878,1652099.996532571,6091128.318009502,1.146963656
879,879,1655990.870468752,6091111.844100562,1.709333321
880,880,1648274.607214151,6091149.979807494,1.229463214
881,881,1651679.433666375,6091121.124870228,0.103310618
882,882,1655889.484918656,6091122.185260227,1.703468282
883,883,1656015.323933174,6091102.67532797,1.318651492
884,884,1656051.96984455,6091094.989710015,1.359729509
885,885,1648347.986973701,6091129.660226461,-0.88499999
886,886,1651691.624273181,6091111.09191863,0.191384076
887,887,1648274.447027471,6091120.091855201,1.209411103
888,888,1651720.116589603,6091095.983862975,0.412643749
889,889,1648282.505370635,6091100.122792022,1.174677785
890,890,1651752.665568097,6091083.230256348,0.997324987
891,891,1651777.186845079,6091080.711472822,3.249442005
892,892,1652062.303191654,6091101.449094852,1.149739317
893,893,1652291.539229023,6091128.129464887,1.125368066
894,894,1655875.806594357,6091036.087321864,1.59538593
895,895,1648902.724907964,6091066.683576067,1.215912292
896,896,1655101.419699954,6091030.123728963,1.619448966
897,897,1648916.645110669,6091075.976280054,1.245531594
898,898,1655916.508676483,6091015.908563723,1.24908929
899,899,1648935.418589286,6091041.802961364,1.233376463
900,900,1648943.502471719,6091026.814612386,1.240711111
901,901,1655076.485962806,6090990.496186397,1.420574213
902,902,1656010.822163273,6090986.218147472,1.642705698
903,903,1656066.674330895,6090983.386826042,1.608352019
904,904,1648951.586326762,6091011.826260928,1.230479288
905,905,1656079.503845029,6090965.48839108,1.664035725
906,906,1651783.578353953,6090994.49663501,1.649709436
907,907,1656096.533531066,6090955.214932662,1.650796272
908,908,1651793.600899363,6090971.708593326,2.349416103
909,909,1655051.579509506,6090950.906725924,1.268466699
910,910,1656104.041186497,6090945.205083516,1.686675017
911,911,1654854.728737726,6090943.664039983,1.588905694
912,912,1655124.171339906,6090941.292500498,0.694175006
913,913,1656112.148720414,6090935.917963549,1.542274468
914,914,1651807.121204696,6090958.812966779,3.44393677
915,915,1654927.968173268,6090931.623290514,1.343823496
916,916,1648461.387884849,6090959.680959268,-0.88499999
917,917,1651825.522394863,6090946.367931935,1.565628121
918,918,1654748.457407811,6090923.658064562,1.621655524
919,919,1651841.81652527,6090936.433299735,2.343499979
920,920,1654785.455226679,6090927.911761364,1.61416704
921,921,1655018.194582434,6090911.379691531,1.411671519
922,922,1656120.118502031,6090904.526093191,1.360696431
923,923,1651858.108684425,6090926.514822802,2.248181469
924,924,1654650.356002437,6090904.327745393,1.653349967
925,925,1651874.401908919,6090916.590451084,1.853991991
926,926,1654568.585046268,6090884.897436244,2.147305867
927,927,1655066.650428599,6090881.865968251,0.793449998
928,928,1648976.108042078,6090907.081977068,1.168035099
929,929,1651896.371708432,6090897.956794897,1.378134539
930,930,1648518.221017402,6090899.597251102,-0.88499999
931,931,1651907.570322766,6090882.680046601,1.327159527
932,932,1654511.309414706,6090865.318165626,1.961075
933,933,1655058.394064402,6090866.971847193,0.750156628
934,934,1648983.400721881,6090886.912097939,1.196836331
935,935,1651922.965392732,6090870.663509662,1.384575015
936,936,1648289.548784102,6090890.863365098,1.352816094
937,937,1648533.022865011,6090881.836047205,-0.641402972
938,938,1648999.790770709,6090867.101358672,1.182649995
939,939,1651931.833227135,6090851.150345561,3.315507912
940,940,1648297.580165109,6090865.912948332,1.319552925
941,941,1651939.111032635,6090840.667081219,3.146044919
942,942,1654249.789826894,6090827.045014656,1.482474998
943,943,1649016.012190576,6090847.087186251,1.243258357
944,944,1655009.099847898,6090817.45772773,0.835528669
945,945,1649024.126827547,6090837.806531702,1.146423106
946,946,1649040.4023882,6090827.75497092,1.207096155
947,947,1651946.508220031,6090810.735397401,5.120261445
948,948,1655988.680160666,6090824.193172596,1.666129283
949,949,1648305.558064933,6090830.99987899,1.268192295
950,950,1648335.559976498,6090838.682858769,1.083270197
951,951,1648388.4570743,6090821.32485791,0.927865035
952,952,1648411.481755098,6090820.67249588,0.976071419
953,953,1648596.045857697,6090833.705293815,-0.795580918
954,954,1649056.673955854,6090816.976937015,1.207160746
955,955,1654086.255897646,6090788.902863009,1.846603792
956,956,1655915.361648835,6090777.210307731,1.4643954
957,957,1647611.437122137,6090814.770229768,1.567494388
958,958,1647627.933224806,6090814.478688771,1.476464261
959,959,1647901.791165093,6090811.692018987,1.355893345
960,960,1648313.61606718,6090811.030768704,1.101775016
961,961,1649064.788523723,6090807.69624467,1.147546683
962,962,1654273.979029222,6090806.987457301,1.58899619
963,963,1655903.344708896,6090766.452644199,1.59517266
964,964,1647011.26729586,6090807.960124978,1.729893758
965,965,1647595.0547329,6090804.89389331,1.446650009
966,966,1647758.355805982,6090804.755874772,1.108324797
967,967,1648535.286359661,6090808.21426603,1.701586566
968,968,1648644.23982908,6090799.288007053,-0.884683547
969,969,1649081.060026153,6090796.918165676,1.168625011
970,970,1652183.77052085,6090789.437762468,-0.71342544
971,971,1646998.799509196,6090797.857962956,1.098178581
972,972,1647031.461037653,6090798.096093769,1.315928585
973,973,1647068.275260364,6090806.162198898,1.248302217
974,974,1647578.672379833,6090795.017527287,1.376375027
975,975,1647774.462468567,6090794.185372167,0.70627193
976,976,1647937.759529752,6090793.3176559,-0.135535097
977,977,1648566.804974503,6090795.748049877,1.327128339
978,978,1649089.170623014,6090786.910963684,1.162346461
979,979,1649366.77979873,6090786.120043375,1.330612219
980,980,1649383.105537377,6090785.304074277,1.857900034
981,981,1651954.443239326,6090770.837596448,4.266509407
982,982,1652339.383050171,6090768.60872327,1.311364198
983,983,1653988.093427541,6090758.87622733,2.065774964
984,984,1655878.696860359,6090747.924821009,1.64164394
985,985,1647562.290062935,6090785.141131693,1.286949937
986,986,1648321.647305856,6090786.080333228,1.072049992
987,987,1648583.304199494,6090780.373216128,1.327304301
988,988,1648666.333122412,6090779.776250905,-0.774961529
989,989,1649097.281138021,6090776.903841469,1.145399992
990,990,1653972.226882911,6090748.297954532,1.723061503
991,991,1654008.445893129,6090748.791148114,1.786529422
992,992,1647031.691870162,6090778.169052286,0.672910712
993,993,1647072.181140142,6090777.957517422,0.288927276
994,994,1647545.907782208,6090775.26470653,1.259274969
995,995,1648437.713196996,6090816.208137712,0.492157251
996,996,1648599.319429572,6090769.845987238,1.350623358
997,997,1648680.820102442,6090769.201488461,-0.884849992
998,998,1649105.395627643,6090767.623111139,1.067754718
999,999,1649336.246381174,6090775.406349534,1.235137903
1000,1000,1649391.736408913,6090770.879855018,1.866807813
1001,1001,1653963.809853904,6090738.661872379,2.038649976
1002,1002,1653995.970179685,6090738.698589038,1.958418396
1003,1003,1654097.234686105,6090770.758439162,1.779247865
1004,1004,1647530.384193554,6090764.633072824,1.345477558
1005,1005,1647981.958798327,6090774.257175534,0.007229847
1006,1006,1648607.904601936,6090761.059342002,1.357709107
1007,1007,1648693.013711211,6090759.172579093,-0.884387491
1008,1008,1649121.670971471,6090757.57140009,0.851283004
1009,1009,1653955.426860717,6090728.96278205,2.008545475
1010,1010,1654561.237413743,6090829.096455946,1.74894801
1011,1011,1655849.67157786,6090717.839400361,1.583660726
1012,1012,1648338.373325872,6090759.783681107,0.212975695
1013,1013,1648623.746197066,6090756.469241887,1.358057976
1014,1014,1649137.946279207,6090747.519659091,0.751854541
1015,1015,1649209.64265966,6090746.9352603,0.899611091
1016,1016,1649243.918692481,6090746.418688092,1.030089286
1017,1017,1649257.274062408,6090760.322218061,1.745878154
1018,1018,1649346.57640505,6090746.232983293,1.207372722
1019,1019,1649390.885525827,6090745.613888225,1.419413766
1020,1020,1653947.088352775,6090719.196968604,2.067265811
1021,1021,1655841.276226053,6090707.724054003,1.613475014
1022,1022,1647118.239520123,6090771.484471319,1.167800464
1023,1023,1648313.075605598,6090741.497400912,-0.22028265
1024,1024,1648648.109641836,6090739.633238423,1.267710839
1025,1025,1649162.38636558,6090737.423321189,0.948728387
1026,1026,1655833.049602877,6090697.811974086,1.539112493
1027,1027,1647141.539984192,6090737.538731326,1.676969694
1028,1028,1647513.957924742,6090734.104255194,1.916477778
1029,1029,1647665.618265317,6090783.31215569,1.782181683
1030,1030,1647729.836328088,6090735.020606997,1.314361013
1031,1031,1648141.727696564,6090732.247721572,-0.394364887
1032,1032,1648251.952500996,6090731.657831974,-0.362455283
1033,1033,1648272.368396328,6090732.274891322,-0.364130966
1034,1034,1648288.399269369,6090738.103383156,-0.139376666
1035,1035,1649211.150520232,6090726.671887198,1.020392863
1036,1036,1649330.137615016,6090726.397122576,1.180504498
1037,1037,1649349.952219288,6090725.912363071,1.210315755
1038,1038,1649366.281831712,6090725.822866634,1.25203569
1039,1039,1652518.066382708,6090707.790409615,0.68915
1040,1040,1653923.267123241,6090698.237910161,1.604439969
1041,1041,1655813.463739335,6090688.875135093,1.568691152
1042,1042,1646952.121985246,6090791.509656456,1.499271696
1043,1043,1647455.779636196,6090715.962509804,-0.290879527
1044,1044,1648157.950748656,6090712.235108477,1.353399974
1045,1045,1649313.698896925,6090706.561232053,1.199099094
1046,1046,1649346.358050317,6090706.382340278,1.248038963
1047,1047,1652381.006663286,6090704.132655985,1.166805683
1048,1048,1652448.547332657,6090687.92248467,0.971680672
1049,1049,1652541.925499078,6090692.139157244,0.78665488
1050,1050,1653906.385304207,6090679.104652327,1.69575002
1051,1051,1647162.001471076,6090720.184250074,1.464461724
1052,1052,1647765.466974181,6090708.776301574,1.430398232
1053,1053,1648066.099948473,6090727.872423566,0.602063205
1054,1054,1648680.610936484,6090699.649867521,1.253325342
1055,1055,1651962.090770905,6090681.126399794,1.295591834
1056,1056,1653897.985173778,6090669.435300611,1.574952688
1057,1057,1655824.62767787,6090658.024164405,1.665137503
1058,1058,1647004.409327365,6090705.63480648,1.554212024
1059,1059,1647039.105525455,6090698.426982353,1.409818164
1060,1060,1647414.970114217,6090696.096491597,-0.279607594
1061,1061,1652393.613800641,6090673.080719052,1.146560029
1062,1062,1652471.058768364,6090673.841687443,1.015417578
1063,1063,1652542.162100049,6090668.00210096,0.852701767
1064,1064,1653889.624259967,6090659.701942697,1.920390816
1065,1065,1648688.500379675,6090679.493937069,1.403397596
1066,1066,1652638.778884373,6090697.357297767,0.996058129
1067,1067,1647021.117184479,6090685.957462729,1.545994743
1068,1068,1647390.411087677,6090676.188198702,0.330469633
1069,1069,1651970.083086428,6090651.191253347,1.238999995
1070,1070,1652738.166547672,6090646.726057575,1.26277497
1071,1071,1653881.893726582,6090639.612955585,2.313781245
1072,1072,1653897.397994407,6090640.06721877,1.636686329
1073,1073,1648091.845205084,6090667.187585551,1.203223031
1074,1074,1647104.550041872,6090658.233232295,1.476002545
1075,1075,1647259.520520069,6090654.496049328,0.081222215
1076,1076,1647334.104779081,6090656.524626381,-0.393929534
1077,1077,1648696.591619746,6090654.685258862,1.488589603
1078,1078,1649284.19760507,6090646.568764911,1.124806952
1079,1079,1652382.412320529,6090635.750581523,1.162058837
1080,1080,1652399.212728455,6090628.778577946,1.163687513
1081,1081,1652548.54499542,6090641.181241599,0.900510362
1082,1082,1647092.543988079,6090647.4639375,1.435857164
1083,1083,1648100.451401488,6090647.783300055,1.299807892
1084,1084,1649267.451219364,6090678.557181622,1.146698863
1085,1085,1652558.200956197,6090618.093405975,0.959781819
1086,1086,1652748.924685188,6090625.583953517,1.319851246
1087,1087,1653873.459737884,6090609.786794573,1.657085691
1088,1088,1647041.50900728,6090657.61491995,1.773010157
1089,1089,1652583.152558419,6090622.610945765,1.039839797
1090,1090,1652717.982566914,6090606.327282216,1.352685733
1091,1091,1653896.8072808,6090604.428210587,1.684335235
1092,1092,1653929.818452625,6090600.020937261,1.785499955
1093,1093,1647055.354586401,6090628.522413345,3.940705011
1094,1094,1648108.483072375,6090622.833047925,1.276266658
1095,1095,1652394.790211993,6090599.119575376,1.143551742
1096,1096,1653865.755396151,6090589.42415397,1.657879309
1097,1097,1653880.770408293,6090590.351479352,1.725994717
1098,1098,1648116.274574528,6090612.530953861,1.263602783
1099,1099,1648835.114668499,6090613.940408343,-0.884999992
1100,1100,1648847.280568574,6090598.929999702,-0.88499999
1101,1101,1652427.499353734,6090578.798855278,1.172377782
1102,1102,1652662.872854653,6090578.859187623,1.345449468
1103,1103,1647063.271562577,6090603.448666415,1.631778452
1104,1104,1648124.976404015,6090592.573208144,1.13634187
1105,1105,1648716.191727186,6090610.974607085,1.15285579
1106,1106,1648859.473628286,6090588.900896198,-0.88499999
1107,1107,1651977.787835819,6090571.442703729,1.242327315
1108,1108,1653849.358580509,6090559.585184798,1.626377333
1109,1109,1648750.802051115,6090597.220240381,1.246644589
1110,1110,1648753.278799188,6090579.513625432,1.425320013
1111,1111,1648810.427535611,6090578.477590443,1.024363661
1112,1112,1652541.169873154,6090562.624292069,1.111891884
1113,1113,1652609.713595035,6090563.064760672,1.292202877
1114,1114,1647773.466128571,6090574.801826051,1.274422218
1115,1115,1648769.581157752,6090574.44388097,1.40228822
1116,1116,1647798.911077138,6090587.910639104,1.257498845
1117,1117,1647806.071856451,6090564.665860853,1.289299934
1118,1118,1648794.021166847,6090564.348539495,1.340599984
1119,1119,1648810.323476039,6090559.278715225,1.231924993
1120,1120,1648883.805445188,6090558.879979691,-0.88499999
1121,1121,1652508.747789067,6090538.677716884,1.225793109
1122,1122,1653840.806898777,6090530.286427352,2.020366669
1123,1123,1647047.111683888,6090557.894355903,0.37484375
1124,1124,1647822.374693482,6090559.597836338,1.326527294
1125,1125,1648826.625767294,6090554.208866607,1.149543209
1126,1126,1648895.998310074,6090548.850838915,-0.88499999
1127,1127,1651985.722481672,6090531.544856981,1.140363657
1128,1128,1647863.144945315,6090549.41830183,1.364125045
1129,1129,1647985.421530562,6090543.990423939,1.323629589
1130,1130,1648859.203269488,6090539.08774174,0.996649981
1131,1131,1648912.273476062,6090538.799524815,-0.88499999
1132,1132,1653847.634913434,6090510.845288357,1.523749984
1133,1133,1654713.255210239,6090505.423220269,0.878271419
1134,1134,1646956.793155208,6090539.245513718,1.225571279
1135,1135,1647936.573599076,6090539.064795968,1.486377921
1136,1136,1648875.478462269,6090529.036470682,0.938481343
1137,1137,1648924.466245633,6090528.770376572,-0.88499999
1138,1138,1653877.725544564,6090535.141793163,1.610407874
1139,1139,1654705.029938726,6090495.510233131,1.037358098
1140,1140,1647969.179022561,6090528.92823639,1.470368781
1141,1141,1647993.646317028,6090523.816399873,1.344324955
1142,1142,1648883.589004946,6090519.029493406,0.940172132
1143,1143,1649308.149129839,6090516.7146583,0.882700001
1144,1144,1652353.387413076,6090499.730177271,1.180232735
1145,1145,1646924.030875771,6090519.490446985,1.290643218
1146,1146,1648012.679369236,6090520.393964397,1.307541599
1147,1147,1648899.864134494,6090508.978177296,0.902800016
1148,1148,1653816.592576325,6090480.439789155,2.291595728
1149,1149,1648075.565206784,6090532.177375237,1.212423371
1150,1150,1648062.93915522,6090503.520955562,1.438869286
1151,1151,1648907.974631885,6090498.971177274,0.90650056
1152,1152,1648948.824782141,6090503.730627274,-0.88499999
1153,1153,1652337.166566295,6090489.657078795,1.220415915
1154,1154,1648083.32403742,6090498.430669256,1.649562466
1155,1155,1648916.085111128,6090488.964169603,0.925353894
1156,1156,1648956.908155584,6090488.742185243,-0.88499999
1157,1157,1646875.095807011,6090489.561303796,1.519842162
1158,1158,1648932.360150303,6090478.912793332,0.892523586
1159,1159,1648965.018582789,6090478.735118598,-0.88499999
1160,1160,1646866.671310047,6090479.937470635,1.511574972
1161,1161,1648981.29352836,6090468.683652157,-0.88499999
1162,1162,1646850.446666881,6090469.843347759,1.53042134
1163,1163,1654647.45415786,6090426.118354011,0.66544442
1164,1164,1646874.565777932,6090460.174857672,1.708803611
1165,1165,1648997.514220813,6090448.669582807,-0.88499999
1166,1166,1653799.023759691,6090420.78323587,1.756241966
1167,1167,1646826.068069648,6090449.753915926,1.584625666
1168,1168,1649005.624546244,6090438.662508578,-0.885025017
1169,1169,1652371.835532713,6090446.410831113,1.137459334
1170,1170,1646819.089436248,6090439.982830579,1.605815044
1171,1171,1653791.014275424,6090400.853278503,1.994616701
1172,1172,1649025.927416989,6090418.626058141,-0.825973471
1173,1173,1655618.56679616,6090370.561694363,1.295931023
1174,1174,1649046.230227047,6090398.589556192,-0.821750008
1175,1175,1646810.181558201,6090399.836932475,1.57684612
1176,1176,1653774.998643329,6090360.967695642,1.875104154
1177,1177,1655591.557792979,6090358.488662105,1.147147128
1178,1178,1652385.234550823,6090360.062679216,1.312339244
1179,1179,1647330.07226239,6090547.206231602,1.479534881
1180,1180,1651895.477324653,6090353.457631477,1.076146182
1181,1181,1654589.758581401,6090336.800682416,0.814675017
1182,1182,1649074.643094978,6090368.545879591,-0.652361436
1183,1183,1653757.476781703,6090330.986513053,1.909419348
1184,1184,1655539.152111642,6090339.296877455,1.026876872
1185,1185,1646803.452447027,6090367.270727825,1.660455852
1186,1186,1649090.863479425,6090348.531527352,-0.31848053
1187,1187,1651828.259669471,6090333.725807974,1.229417319
1188,1188,1653748.879703917,6090321.683388324,2.033272698
1189,1189,1655504.656152424,6090311.28171334,-0.88499999
1190,1190,1649045.904574271,6090338.813671459,1.109299974
1191,1191,1651805.657047177,6090323.154628849,2.89265584
1192,1192,1652333.897223984,6090366.013822936,1.315233601
1193,1193,1649054.014754162,6090328.806533962,1.031749994
1194,1194,1651797.408370694,6090313.27253537,4.459568324
1195,1195,1651837.926013192,6090313.414921324,1.177785718
1196,1196,1653724.210281743,6090301.936456458,1.977337644
1197,1197,1653889.832495492,6090305.445479035,1.624927089
1198,1198,1649070.28935013,6090318.754901231,1.032350013
1199,1199,1652319.142163847,6090300.464420863,0.133135828
1200,1200,1652344.064548305,6090300.5239589,1.380107111
1201,1201,1653707.694708964,6090292.289621342,2.143215004
1202,1202,1651780.917307697,6090293.500399625,2.908820104
1203,1203,1651854.140186495,6090293.395540217,1.126581795
1204,1204,1652366.946013624,6090294.679688408,1.087823204
1205,1205,1654548.573895728,6090277.271752271,0.941494266
1206,1206,1649086.509601182,6090298.74057309,1.046364608
1207,1207,1649134.467001623,6090307.128405559,-0.19410651
1208,1208,1652348.658417051,6090279.702036422,1.260389413
1209,1209,1652409.426205523,6090279.286938277,1.031814797
1210,1210,1649151.770617865,6090288.421536196,-0.071799997
1211,1211,1651682.738864632,6090274.250601133,0.944949986
1212,1212,1651699.071876289,6090274.883310316,0.930652289
1213,1213,1652417.868006548,6090271.371597578,1.309588425
1214,1214,1654540.31891934,6090262.377142007,0.803799977
1215,1215,1649102.729779645,6090278.726214356,1.088455638
1216,1216,1649163.962809887,6090278.392057891,-0.193087507
1217,1217,1651835.905359937,6090269.456888366,1.117434148
1218,1218,1652442.428180954,6090260.880710322,1.220873763
1219,1219,1649110.839841653,6090268.719023515,1.118749717
1220,1220,1650131.388818982,6090263.095109798,1.379138699
1221,1221,1650156.048297947,6090262.753475824,1.42115478
1222,1222,1652458.325465188,6090249.945402851,1.153102594
1223,1223,1654532.0337506,6090242.501282051,0.252460531
1224,1224,1655454.578538821,6090231.159102502,0.281538461
1225,1225,1649118.949885513,6090258.711825027,1.146412471
1226,1226,1651729.195421872,6090246.650053045,0.857640348
1227,1227,1655442.27504558,6090221.998244257,0.232396888
1228,1228,1649135.224282538,6090248.660071734,1.103862487
1229,1229,1649198.325003518,6090255.528216296,-0.7501101
1230,1230,1650082.439135808,6090243.21732975,1.26757139
1231,1231,1651617.195063911,6090234.774521544,1.023449983
1232,1232,1651774.777410525,6090238.150797092,1.038744765
1233,1233,1652205.030931585,6090231.385438723,-0.764999986
1234,1234,1653584.820822035,6090223.270558034,2.073474979
1235,1235,1649143.334281108,6090238.652850494,1.108558373
1236,1236,1649212.731418553,6090238.273784957,-0.658256247
1237,1237,1650241.535433138,6090241.934344238,1.542060938
1238,1238,1653576.647785443,6090213.29497439,2.109976192
1239,1239,1649151.444261528,6090228.645621607,1.079873502
1240,1240,1650025.221110472,6090223.541006675,1.007270266
1241,1241,1650041.525315049,6090223.538730402,1.088205187
1242,1242,1651550.844713735,6090215.228748219,0.991212449
1243,1243,1652295.803055667,6090239.199352963,0.194228202
1244,1244,1653568.514903177,6090203.272733254,2.146259752
1245,1245,1649167.718568173,6090218.593808153,1.071312581
1246,1246,1649233.03335645,6090218.236882295,-0.695137496
1247,1247,1649778.517561771,6090224.154317986,0.651064159
1248,1248,1649812.701901742,6090215.048837448,0.179350002
1249,1249,1651412.920784233,6090206.046720183,1.083367863
1250,1250,1652190.642136797,6090214.033690647,-0.424177356
1251,1251,1652482.445794623,6090199.883912807,1.24947776
1252,1252,1653560.41696965,6090193.212619456,2.10273241
1253,1253,1649747.00471782,6090211.906055948,0.428743785
1254,1254,1649828.989252782,6090207.486472332,-0.123193745
1255,1255,1650000.426585749,6090204.045401003,0.958226049
1256,1256,1651436.679299055,6090203.744485375,1.034551841
1257,1257,1651461.677757515,6090196.016956696,0.956701744
1258,1258,1651559.649926425,6090195.456493554,1.042285681
1259,1259,1653552.844142515,6090183.068772636,1.940491537
1260,1260,1649183.938420286,6090198.579297231,1.143841664
1261,1261,1649249.253077215,6090198.222239785,-0.556387491
1262,1262,1652490.709511613,6090180.16099513,1.305265032
1263,1263,1649257.362893008,6090188.214927307,-0.48653749
1264,1264,1649887.692084662,6090186.879786148,0.459282317
1265,1265,1651412.577906152,6090176.371425794,1.144945487
1266,1266,1649200.158199803,6090178.564755709,1.120275711
1267,1267,1649265.47274615,6090178.207536732,-0.435099995
1268,1268,1651438.484027069,6090166.789092773,1.132812105
1269,1269,1649216.377906727,6090158.550183593,1.116400017
1270,1270,1649898.12390401,6090159.779495539,0.794562497
1271,1271,1651412.40725141,6090146.483380654,1.246280683
1272,1272,1651508.130058788,6090157.933083421,1.005067966
1273,1273,1652158.285200624,6090148.631363699,-0.541596064
1274,1274,1652523.383808087,6090140.514529918,1.463714295
1275,1275,1652545.414373277,6090147.210777158,1.468063645
1276,1276,1651308.085793976,6090149.357027388,1.505668143
1277,1277,1651432.927476814,6090136.198762854,1.286537471
1278,1278,1652147.303236501,6090132.089734628,-0.545937489
1279,1279,1652531.791239756,6090131.118938855,1.498148181
1280,1280,1649232.597541054,6090138.535580883,1.134351015
1281,1281,1651412.459813855,6090126.352663534,1.32849999
1282,1282,1652547.596247961,6090120.85205012,1.499468716
1283,1283,1651309.462251455,6090121.465447149,1.176065652
1284,1284,1651404.238653821,6090116.43659451,1.075375014
1285,1285,1652131.208871363,6090115.579114554,0.331139093
1286,1286,1649248.817102785,6090118.520947574,1.080884518
1287,1287,1649314.158489103,6090123.144684794,-0.362312477
1288,1288,1654412.716529695,6090088.795531112,0.661500002
1289,1289,1649322.240854745,6090108.156039462,-0.122799996
1290,1290,1651387.796398313,6090096.604362804,-0.587475006
1291,1291,1649265.03659192,6090098.506283672,1.112662157
1292,1292,1652179.642771742,6090077.105784369,-0.764999986
1293,1293,1649281.256008457,6090078.491589173,1.126675686
1294,1294,1651256.947800405,6090057.490175955,1.258643844
1295,1295,1651362.305647925,6090072.989254077,0.335344012
1296,1296,1652089.634446266,6090042.756345073,-0.715924989
1297,1297,1649289.283883057,6090053.540227773,1.250898078
1298,1298,1653518.414586145,6090024.283499082,2.230589795
1299,1299,1651297.425918704,6090027.583103504,1.003750008
1300,1300,1653510.089933352,6090014.500736875,2.17227028
1301,1301,1654369.098876807,6090022.703494845,0.677419138
1302,1302,1649297.353948622,6090033.607608283,1.398905666
1303,1303,1651278.832726735,6090033.209519087,1.144384615
1304,1304,1649305.428869499,6090018.590552487,1.262627945
1305,1305,1651754.672590614,6090004.83594065,-0.805000007
1306,1306,1654359.047113048,6089989.489195953,0.629840008
1307,1307,1651296.902240205,6090001.906696969,1.203491068
1308,1308,1651338.299607751,6090007.219773476,-0.722841663
1309,1309,1649314.008012437,6090005.47047155,1.67044396
1310,1310,1651257.54199539,6090015.00800347,1.414397495
1311,1311,1651272.81593933,6089977.703929873,1.303687513
1312,1312,1651305.306263993,6089977.723169185,1.408404548
1313,1313,1651909.619553176,6089974.05504418,1.176250003
1314,1314,1653583.271321471,6089964.250265308,2.234906222
1315,1315,1651721.620615874,6089965.37826765,1.238964903
1316,1316,1650113.99185008,6089964.302462487,0.979129271
1317,1317,1651280.894972085,6089962.713411442,1.194956258
1318,1318,1651795.563253937,6089971.421667578,-0.675919565
1319,1319,1653591.346531234,6089949.257629363,2.574837936
1320,1320,1655260.716508372,6090126.834689482,1.22442803
1321,1321,1650121.446708516,6089954.952755374,1.027312492
1322,1322,1651815.559835856,6089944.707733574,-0.305102094
1323,1323,1651865.906876167,6089944.821004886,-0.805000007
1324,1324,1652080.87849401,6089943.196234317,-0.774999976
1325,1325,1653599.421713707,6089934.264980119,2.348199973
1326,1326,1650137.443980018,6089944.465191934,1.09308891
1327,1327,1651288.945601373,6089942.741540351,1.140716545
1328,1328,1651313.494750615,6089952.564714432,-0.435790247
1329,1329,1651835.912820027,6089934.627468768,-0.383297608
1330,1330,1651917.553946122,6089934.15714722,-0.805000007
1331,1331,1649435.610387848,6089938.163818287,0.289974999
1332,1332,1650156.413855563,6089931.883855321,1.162750016
1333,1333,1651297.024574873,6089927.751000606,0.908949992
1334,1334,1651852.183622226,6089924.570910084,0.110078865
1335,1335,1651974.64491196,6089923.864748523,-0.774999976
1336,1336,1653607.497442324,6089919.273716191,2.401498301
1337,1337,1651329.624343212,6089917.60199913,-0.824999988
1338,1338,1651901.1109358,6089914.325838496,-0.720303072
1339,1339,1653689.194631267,6090188.141272737,1.754518967
1340,1340,1651305.103520977,6089912.760458375,0.804355038
1341,1341,1651443.698312409,6089907.192441061,1.384607158
1342,1342,1651958.20242446,6089904.034191089,-0.804225008
1343,1343,1652007.020283486,6089903.956137232,-0.490607117
1344,1344,1653615.923614929,6089900.29611366,2.880549789
1345,1345,1651974.75818527,6089896.486175101,0.978221616
1346,1346,1653623.682713041,6089884.378691547,3.217812586
1347,1347,1654015.49367322,6089881.963137867,1.036724963
1348,1348,1655183.127607697,6089875.086601458,1.543293108
1349,1349,1651321.289725862,6089887.760684757,-0.566737493
1350,1350,1651451.748530619,6089887.220418105,1.361821468
1351,1351,1651989.936346788,6089894.979370068,1.398629648
1352,1352,1653631.722169899,6089874.294315001,3.001477656
1353,1353,1653696.868589424,6089874.110333149,1.50892978
1354,1354,1654029.973039581,6089871.379642046,1.084922212
1355,1355,1649369.503866425,6089893.125628738,1.220454543
1356,1356,1653639.828622651,6089864.285110286,2.605453682
1357,1357,1653998.986236323,6089852.172975115,0.958074985
1358,1358,1649341.6900215,6089897.958178569,1.506835097
1359,1359,1653664.137426758,6089853.132222481,1.788102135
1360,1360,1654309.160539486,6089840.344252843,0.578612498
1361,1361,1649359.427865545,6089856.127827204,1.455477488
1362,1362,1649369.751313452,6089838.895472724,1.479274997
1363,1363,1649402.24101736,6089838.921573553,1.201892834
1364,1364,1649377.884957475,6089828.917865752,1.450424978
1365,1365,1653700.300825797,6089822.252011025,2.018917514
1366,1366,1655109.71821084,6089804.497369051,1.580657312
1367,1367,1649386.157963743,6089819.130728591,1.385105751
1368,1368,1654300.726119494,6089795.561302999,0.466912509
1369,1369,1649402.298031004,6089813.88427859,1.302578622
1370,1370,1651767.806114419,6089796.861840614,1.394484849
1371,1371,1653735.866065437,6089823.192770219,1.60399066
1372,1372,1649418.545112666,6089803.760284658,1.193333348
1373,1373,1651655.278619293,6089786.424848199,1.407053613
1374,1374,1653717.834792427,6089784.580184022,2.626750813
1375,1375,1649434.817167108,6089793.705061531,1.18932503
1376,1376,1651663.551680053,6089776.210042214,1.415813479
1377,1377,1655162.247621008,6089756.033740807,1.695754511
1378,1378,1649451.063008261,6089778.67137704,1.393095009
1379,1379,1651671.658469497,6089766.200501161,1.401074994
1380,1380,1653790.638763278,6089754.370109213,1.524172737
1381,1381,1649459.172225747,6089768.663855911,1.238605015
1382,1382,1651679.783600949,6089756.213633837,1.454132167
1383,1383,1653927.312498927,6089745.392630544,1.330620641
1384,1384,1649467.281425082,6089758.656327132,1.23222501
1385,1385,1651696.064538821,6089751.115869265,1.432225019
1386,1386,1653769.850599583,6089745.837350647,1.99389129
1387,1387,1654267.679694621,6089731.000625389,0.630625004
1388,1388,1649483.554527601,6089748.603922727,1.100687332
1389,1389,1651732.827065681,6089839.843368158,1.38136641
1390,1390,1653826.839865769,6089730.703611065,1.57372866
1391,1391,1653965.553658801,6089722.853630969,1.295688865
1392,1392,1649491.66368164,6089738.596371192,1.099225035
1393,1393,1649515.090930063,6089781.327729637,0.240714702
1394,1394,1651312.217201721,6089728.40428599,2.767825003
1395,1395,1651646.771729217,6089726.695550184,1.357254279
1396,1396,1653973.657875936,6089712.841986331,1.290624967
1397,1397,1654259.395651857,6089711.124419031,0.728321004
1398,1398,1651662.592470507,6089715.635186171,1.353545501
1399,1399,1649499.718040913,6089718.626135512,1.177374995
1400,1400,1651320.267499724,6089708.432327534,2.358690712
1401,1401,1651670.839346332,6089705.817204452,1.34968574
1402,1402,1653981.702338057,6089692.867629076,1.30527496
1403,1403,1654251.141662236,6089696.229560993,0.730609873
1404,1404,1649540.510102109,6089713.420274078,0.008733329
1405,1405,1654243.482984635,6089681.331101981,0.741483147
1406,1406,1649507.799756531,6089703.637232781,1.095529342
1407,1407,1653989.746763547,6089672.893263614,1.478375
1408,1408,1651328.289401595,6089683.4790687,0.914074278
1409,1409,1654250.67720211,6089666.343149287,0.32391071
1410,1410,1649515.826649697,6089678.685639581,0.947813758
1411,1411,1650005.658219493,6089675.97821465,0.75421773
1412,1412,1649993.884283835,6089699.250842651,0.580822359
1413,1413,1649997.439030426,6089666.060876535,1.059337073
1414,1414,1650013.766733805,6089665.970184714,0.837099984
1415,1415,1651360.80287844,6089658.386047505,-0.824999988
1416,1416,1651480.455352562,6089674.331125597,1.40031083
1417,1417,1650030.066755049,6089660.898125689,0.833674993
1418,1418,1654769.588333974,6089628.910994316,1.064558543
1419,1419,1649952.427222095,6089646.384673153,0.410894114
1420,1420,1650054.475209382,6089645.817963911,1.045622227
1421,1421,1651361.284438408,6089638.457329007,-0.824999988
1422,1422,1651474.81667547,6089638.013219656,1.445758624
1423,1423,1650062.583642255,6089635.809888661,2.252812183
1424,1424,1651304.076475205,6089628.129333081,0.895661972
1425,1425,1650078.855872874,6089625.756396715,1.158749988
1426,1426,1650086.964260448,6089615.748298707,1.680388688
1427,1427,1654000.184402207,6089611.75987848,1.667476325
1428,1428,1649911.387337802,6089606.7602573,0.257482354
1429,1429,1651718.876717976,6089585.129544777,1.288439946
1430,1430,1649939.683656581,6089586.881860577,0.777007781
1431,1431,1650121.340948975,6089598.916817886,1.037213042
1432,1432,1651732.256006757,6089572.115217598,1.286999941
1433,1433,1654018.027881557,6089572.673744918,1.675099255
1434,1434,1650168.380255643,6089575.442996816,1.298999996
1435,1435,1654029.848755837,6089553.095898675,1.629775013
1436,1436,1649515.05759758,6089569.30141346,0.689719285
1437,1437,1649531.385115804,6089569.211594591,0.341428575
1438,1438,1650176.488498488,6089565.434815829,1.505022183
1439,1439,1650184.59672318,6089555.426627191,1.534445813
1440,1440,1650200.744183055,6089552.388731812,1.467376025
1441,1441,1651246.731175018,6089537.718183623,1.242238079
1442,1442,1654070.322004505,6089523.168017988,1.50138599
1443,1443,1649483.68445711,6089538.586414089,1.037961522
1444,1444,1649899.158384903,6089571.215190854,0.638720002
1445,1445,1651213.319357254,6089525.827576119,1.431375019
1446,1446,1651229.463148038,6089526.121703178,1.319666624
1447,1447,1654047.580348573,6089523.933326618,1.643731363
1448,1448,1649475.815836607,6089518.978730245,0.937749986
1449,1449,1651337.701988512,6089509.072654487,1.284858529
1450,1450,1651327.238564632,6089499.169308178,1.278024949
1451,1451,1654068.038630993,6089490.33798808,1.613741632
1452,1452,1651201.062800048,6089505.333410605,1.773804047
1453,1453,1651278.197477129,6089499.941321869,1.235343483
1454,1454,1654082.434582985,6089473.07559745,1.53861177
1455,1455,1655224.198920511,6089815.798656086,0.418471041
1456,1456,1651249.569845301,6089479.685783134,1.597707444
1457,1457,1651822.226120563,6089493.54772874,1.352244953
1458,1458,1654098.642279932,6089453.052074187,1.594497076
1459,1459,1651269.893978126,6089464.625534433,1.378249998
1460,1460,1651286.164583601,6089454.569839338,1.39997496
1461,1461,1651316.083689887,6089500.199511035,1.239305323
1462,1462,1654115.623829207,6089433.440538536,1.56285109
1463,1463,1651302.435152974,6089444.514114273,1.343060597
1464,1464,1651343.801486294,6089444.845825852,1.237660705
1465,1465,1651866.237238331,6089426.338841837,1.357054593
1466,1466,1654128.33577085,6089413.413658582,1.546924537
1467,1467,1651316.408101922,6089426.739739583,1.312917414
1468,1468,1654135.079376202,6089403.017680616,1.524800017
1469,1469,1651367.322392387,6089399.514832691,1.167464292
1470,1470,1655399.36918843,6089374.052050701,1.588684214
1471,1471,1649465.310704353,6089399.999903587,1.004960404
1472,1472,1651340.974165758,6089397.008272396,1.548728785
1473,1473,1654141.848354475,6089370.212116162,1.812121563
1474,1474,1655408.196364909,6089355.214833979,1.497600022
1475,1475,1651367.346520234,6089374.402835798,1.12894585
1476,1476,1649473.364802175,6089380.029685923,0.989978232
1477,1477,1651391.752008129,6089359.319008373,1.10864998
1478,1478,1654151.480450468,6089349.187791238,1.565463778
1479,1479,1654159.23762433,6089333.227303297,1.54541026
1480,1480,1651407.96539277,6089339.300393998,1.229024994
1481,1481,1651881.990347498,6089326.617793099,1.350918393
1482,1482,1649473.091032125,6089330.216269786,1.029925013
1483,1483,1649511.27222194,6089441.840972824,0.203428683
1484,1484,1651416.01515308,6089319.328381225,1.127611391
1485,1485,1651432.483922607,6089347.815319932,-0.855000019
1486,1486,1654171.601026943,6089314.439433702,1.72200482
1487,1487,1649956.767325482,6089325.054198907,0.694658831
1488,1488,1650015.911308464,6089317.253561518,1.110262472
1489,1489,1651889.472507501,6089311.63012801,1.370888872
1490,1490,1654184.395512062,6089294.238818873,1.490139997
1491,1491,1649481.172428783,6089315.227378956,0.944899997
1492,1492,1649975.038407499,6089307.517503896,0.707382861
1493,1493,1650032.182996467,6089307.200180584,1.212375003
1494,1494,1654192.356759435,6089284.080962804,1.276169375
1495,1495,1654200.330517613,6089273.93166709,1.138119022
1496,1496,1650056.065402319,6089291.800076354,1.275021062
1497,1497,1651904.593569955,6089285.347838773,1.417313554
1498,1498,1650080.997872794,6089277.039746391,1.316404086
1499,1499,1654215.859629481,6089253.134303904,0.874030422
1500,1500,1650097.269426028,6089266.986208398,1.31602493
1501,1501,1654247.814767327,6089242.929777514,-0.88499999
1502,1502,1655064.534295032,6089228.212039064,1.637017808
1503,1503,1649480.816463191,6089250.469937377,1.049564114
1504,1504,1649529.852202632,6089260.163157669,-0.124075003
1505,1505,1650101.071717393,6089246.834736665,1.279684207
1506,1506,1650114.432587932,6089254.160178269,1.338320271
1507,1507,1651407.749695763,6089245.453738639,1.736398922
1508,1508,1654224.285984398,6089228.980504151,0.776581569
1509,1509,1651415.503004394,6089229.664127645,1.37587778
1510,1510,1650105.642162962,6089227.668147791,1.218630924
1511,1511,1650125.623776428,6089227.70284525,1.31366034
1512,1512,1651423.014307302,6089219.658198556,1.143499988
1513,1513,1649488.842998956,6089225.518353184,1.022222218
1514,1514,1651488.860309827,6089209.318717685,-0.855000944
1515,1515,1650141.667095199,6089206.756709679,1.317227279
1516,1516,1651496.966720529,6089199.309378974,-0.855000019
1517,1517,1650158.107006204,6089196.906439849,1.311482109
1518,1518,1651505.073253213,6089189.2998523,-0.855000019
1519,1519,1651921.721454247,6089191.887812303,1.388775823
1520,1520,1651933.596057317,6089176.874762426,1.432541166
1521,1521,1650172.109554535,6089184.115201809,1.324561857
1522,1522,1651513.122606987,6089169.327808698,-0.855002317
1523,1523,1649545.712943044,6089175.390577436,-0.287812504
1524,1524,1650182.434713052,6089167.608319258,1.306169771
1525,1525,1654696.797798829,6089140.58198516,0.543249992
1526,1526,1649496.650355838,6089160.716016975,1.005149982
1527,1527,1650198.701904271,6089156.828147371,1.301024954
1528,1528,1654688.573843777,6089130.668869399,0.468209299
1529,1529,1651406.827456432,6089140.046487901,1.23097498
1530,1530,1654680.349976515,6089120.75565973,0.469449992
1531,1531,1650212.704332362,6089144.03684409,1.270619442
1532,1532,1650227.106998815,6089126.780690114,1.222674992
1533,1533,1651439.362992543,6089119.208098983,1.141283051
1534,1534,1653063.87883933,6089110.503972796,1.230952995
1535,1535,1655048.65805707,6089125.863393397,1.702458721
1536,1536,1650247.459795887,6089116.704098338,1.217177757
1537,1537,1651390.330037923,6089110.251626489,1.36712499
1538,1538,1650263.730875054,6089106.650246233,1.153147099
1539,1539,1651422.760323507,6089100.307708928,1.196280668
1540,1540,1652904.575828089,6089091.515856693,1.199609741
1541,1541,1652924.988501331,6089092.122330791,1.177490192
1542,1542,1653210.701884977,6089089.711368641,1.281249946
1543,1543,1649496.321652613,6089100.939905502,1.135549976
1544,1544,1650284.083585966,6089096.573572242,1.099300004
1545,1545,1651553.483193735,6089089.392587476,0.883019053
1546,1546,1651389.993150459,6089080.568802478,1.268241342
1547,1547,1653337.115934837,6089069.037048507,1.23964999
1548,1548,1654173.842544951,6089063.410716352,1.42130555
1549,1549,1649504.375399918,6089080.96964752,1.070670912
1550,1550,1650311.711469988,6089076.071677524,0.883216028
1551,1551,1650460.691892836,6089071.585906754,0.897517839
1552,1552,1650475.588169828,6089065.817005796,0.815821426
1553,1553,1650671.678023896,6089065.237387628,1.234702857
1554,1554,1651404.434129261,6089067.16987886,1.278229395
1555,1555,1651985.007917747,6089111.265561335,1.426222418
1556,1556,1653349.07665192,6089049.244366884,1.195087694
1557,1557,1654201.841347852,6089050.819566426,0.395023813
1558,1558,1655020.590803433,6089055.443275716,1.717425771
1559,1559,1650492.021097579,6089054.831044155,0.734720013
1560,1560,1650508.351878612,6089055.465759964,0.762652872
1561,1561,1650524.682462699,6089056.100704697,0.762450533
1562,1562,1650541.004991367,6089055.282598499,0.744449984
1563,1563,1650692.544960583,6089054.219612742,1.206434671
1564,1564,1651602.23484262,6089049.261065777,-0.67794999
1565,1565,1653427.166600985,6089039.194329143,1.143781791
1566,1566,1654132.862523905,6089034.397298508,1.409099963
1567,1567,1650426.662932101,6089045.960702397,0.482589044
1568,1568,1650716.92117027,6089043.665232032,1.268209208
1569,1569,1652712.911837009,6089031.290546679,1.035479977
1570,1570,1652785.860805974,6089033.161011558,1.0494762
1571,1571,1653602.021153947,6089027.815464477,1.191017851
1572,1572,1654198.1091356,6089024.0415519,0.203500006
1573,1573,1650741.412457291,6089034.018240724,1.176972068
1574,1574,1651618.447217417,6089029.242012417,-0.330155547
1575,1575,1652031.826936522,6089033.33229689,1.202962749
1576,1576,1652720.496000976,6089023.581058925,0.989999994
1577,1577,1653389.716003198,6089019.11421898,1.044052609
1578,1578,1650761.249734081,6089024.88064626,1.178452834
1579,1579,1651325.071212613,6089020.246419729,1.435450713
1580,1580,1651463.121392323,6089020.372845453,1.26779957
1581,1581,1651626.553331603,6089019.232537874,-0.145177771
1582,1582,1652042.882305317,6089017.55879081,1.140127308
1583,1583,1652736.593752383,6089013.001554245,0.996785728
1584,1584,1654100.029591399,6089004.705474221,1.313599935
1585,1585,1654173.499356661,6089004.263499839,0.61524445
1586,1586,1650777.520086123,6089014.825861376,1.105019613
1587,1587,1651316.780952753,6089010.422233367,1.189969228
1588,1588,1652058.364440894,6089004.730228125,1.103476212
1589,1589,1653512.807576438,6089028.182616037,1.13880288
1590,1590,1653895.930844329,6089003.192659915,1.322203883
1591,1591,1654165.276107495,6088994.349855053,0.583025007
1592,1592,1650798.385575313,6089003.807025989,1.09851179
1593,1593,1652069.861864026,6088995.694390564,1.066365949
1594,1594,1652639.232146,6088992.67972917,1.48742856
1595,1595,1653916.667416982,6088986.460100691,1.288518119
1596,1596,1654075.41999773,6088984.927207275,1.395576434
1597,1597,1654157.648005255,6088984.432814291,0.5842202
1598,1598,1649512.100291757,6089001.223246076,1.079275011
1599,1599,1650822.303400972,6088994.267622272,1.040767248
1600,1600,1652090.215330363,6088983.502820612,1.03458819
1601,1601,1653960.908214881,6088975.855698246,1.285892802
1602,1602,1653994.370850184,6088983.415746765,1.296631334
1603,1603,1650850.650291945,6088984.001814146,1.001076576
1604,1604,1651281.596510412,6088980.789834647,0.973913963
1605,1605,1652100.423938674,6088974.925199057,0.946548388
1606,1606,1652740.608163165,6088972.921466113,0.389399994
1607,1607,1653877.024783945,6088968.746073814,1.267429111
1608,1608,1654006.845307742,6088965.412776406,1.364983034
1609,1609,1654148.769616714,6088964.560078037,0.537075001
1610,1610,1655133.614211759,6088993.270264355,1.509837291
1611,1611,1651186.650109473,6088974.208198107,1.011292085
1612,1612,1651677.516254705,6088971.875073451,-0.575615375
1613,1613,1654136.46484925,6088954.670923238,0.589435291
1614,1614,1650924.006735552,6088963.66104889,0.968000013
1615,1615,1651038.419649441,6088955.160726936,-9999.0
1616,1616,1652120.18433769,6088957.82288541,0.813212656
1617,1617,1652605.798001604,6088953.784346397,1.131774974
1618,1618,1652695.593562949,6088953.259072975,0.470795187
1619,1619,1654124.160131089,6088944.781806147,0.633924975
1620,1620,1655152.562552626,6088938.743337313,1.615526283
1621,1621,1655332.153988522,6088937.641073619,1.571245557
1622,1622,1651279.214529824,6088951.129979383,0.669144725
1623,1623,1651307.783624271,6088950.587718297,0.631809526
1624,1624,1651332.273272879,6088950.448082484,0.655484252
1625,1625,1652597.58079442,6088944.595793784,1.10085189
1626,1626,1650895.487072625,6088943.344992398,0.67771516
1627,1627,1650924.056144719,6088942.803949237,0.727791669
1628,1628,1651013.622486926,6088942.654402847,0.711591842
1629,1629,1651055.592630277,6088942.785094419,0.671469234
1630,1630,1651140.385223428,6088942.303829781,0.630942856
1631,1631,1651177.115523896,6088941.368618941,0.635163638
1632,1632,1651238.343709588,6088941.746681691,0.496823594
1633,1633,1652142.460640187,6088938.432228224,0.800223415
1634,1634,1652556.712788308,6088934.119388555,1.10139997
1635,1635,1652646.497617099,6088933.620281848,0.557355549
1636,1636,1653924.470603887,6088952.370448872,1.268974898
1637,1637,1655160.603684898,6088918.767863959,1.6748421
1638,1638,1655176.930142109,6088918.667791229,1.645103401
1639,1639,1649511.771468389,6088941.447119896,1.216075003
1640,1640,1651030.141034245,6088935.703712704,0.664934714
1641,1641,1653987.654496477,6088941.253467654,1.397871688
1642,1642,1652160.767349164,6088919.176095268,0.732292316
1643,1643,1652515.769927098,6088914.457896734,1.035374988
1644,1644,1654106.114407056,6088919.124387467,0.599254964
1645,1645,1651740.209393212,6088908.986438515,-0.88499999
1646,1646,1649519.825031145,6088921.476841412,1.152945422
1647,1647,1652389.12441462,6088895.269860183,1.136887471
1648,1648,1652478.050452551,6088903.325147464,1.034048103
1649,1649,1652515.487450242,6088894.737771433,0.832145439
1650,1650,1652590.831359902,6088905.766809531,0.579312621
1651,1651,1654066.658349199,6088885.348964212,0.687962518
1652,1652,1652188.902592033,6088886.674347289,0.338813562
1653,1653,1652548.248291959,6088884.37903518,0.51993334
1654,1654,1652344.111059404,6088875.60567247,1.232675008
1655,1655,1652470.638005143,6088874.521911478,0.705001284
1656,1656,1652495.127483214,6088874.379109195,0.623500011
1657,1657,1653933.114722635,6088890.76037428,1.256289131
1658,1658,1654050.212226096,6088865.521704111,0.607298707
1659,1659,1651772.632730274,6088868.948070397,-0.773349991
1660,1660,1652265.206276128,6088856.495107062,0.337182393
1661,1661,1652441.952871447,6088855.110026061,0.469374999
1662,1662,1653877.556120028,6088857.777523079,1.141791394
1663,1663,1651788.844439699,6088848.928649782,-0.73132499
1664,1664,1652376.589728139,6088845.527541103,0.500004745
1665,1665,1654017.380260819,6088835.829473141,0.783124374
1666,1666,1649609.263033951,6088856.224825516,-0.321325004
1667,1667,1653886.54409366,6088826.855118915,1.032192973
1668,1668,1654009.157318178,6088825.91580935,0.670892202
1669,1669,1649528.049806436,6088846.186997903,1.157508898
1670,1670,1651796.892992466,6088828.956143606,0.041400003
1671,1671,1653992.711452146,6088806.08837311,0.5988
1672,1672,1651813.104377164,6088808.936929158,-0.318024993
1673,1673,1651821.210106885,6088798.927227167,-0.542525022
1674,1674,1649527.124269475,6088818.203725317,1.330241326
1675,1675,1649615.920739777,6088815.174358264,-0.082987802
1676,1676,1649551.79208725,6088796.763506461,1.550243326
1677,1677,1653963.961378728,6088776.371548857,0.651030187
1678,1678,1649576.198946219,6088781.684605127,0.981624124
1679,1679,1649584.307103996,6088771.676945081,1.272166171
1680,1680,1649591.765126644,6088751.709864484,3.166035287
1681,1681,1649599.991679593,6088715.134618553,0.103150001
1682,1682,1653909.022733259,6088720.332144329,0.663094613
1683,1683,1649577.321845637,6088690.742019149,0.626641725
1684,1684,1653859.927498332,6088673.897399684,0.653897702
1685,1685,1653836.718361177,6088657.57670987,0.654650009
1686,1686,1649580.92439006,6088651.736437958,0.082429753
1687,1687,1651812.665621834,6088660.575484469,0.555782412
1688,1688,1649510.127285676,6088642.566409607,1.154275024
1689,1689,1653799.806308345,6088627.908217272,0.682351662
1690,1690,1649485.528968432,6088622.775711576,1.347288876
1691,1691,1649575.320936557,6088622.281495737,0.156333333
1692,1692,1649477.256523852,6088602.895206971,1.586874989
1693,1693,1653721.96092712,6088578.557791965,0.789750033
1694,1694,1649559.206328,6088552.62919896,0.161636365
1695,1695,1649550.338487245,6088532.752153426,0.332625003
1696,1696,1649451.689745351,6088458.572305602,0.883607151
1697,1697,1649541.682098988,6088443.13278178,0.036350005
1698,1698,1649451.83719229,6088433.664007106,1.023575012
1699,1699,1649459.945164446,6088423.656451991,1.028175005
1700,1700,1649468.025735647,6088408.667544067,1.068674983
1701,1701,1649476.106279532,6088393.678622854,1.091500039
1702,1702,1649590.329134204,6088383.086839652,-0.131749999
1703,1703,1649484.18679604,6088378.68969916,1.112991136
1704,1704,1649492.268273257,6088363.701958742,1.143799932
1705,1705,1649500.484443718,6088353.831334249,1.323428608
1706,1706,1649606.489711327,6088353.108709423,-0.189901584
1707,1707,1649516.645640606,6088343.640655018,1.214249983
1708,1708,1649614.597412808,6088343.101133644,-0.206658535
1709,1709,1649532.943516205,6088338.569462965,1.054981221
1710,1710,1649622.70518977,6088333.093357418,-0.242875004
1711,1711,1649541.023887403,6088323.580480031,1.180674975
1712,1712,1649630.812950291,6088323.085673282,-0.253525004
1713,1713,1649557.321713417,6088318.509243131,0.987732776
1714,1714,1649573.564637179,6088303.475273201,0.971548191
1715,1715,1649581.675266033,6088293.471141843,0.955727838
1716,1716,1649589.94009948,6088283.667474382,0.994066655
1717,1717,1649606.050321683,6088273.407248004,0.817749995
1718,1718,1649620.052174187,6088260.616845119,0.71063054
1719,1719,1649638.535788831,6088243.339101812,0.624688886
1720,1720,1649658.729401098,6088267.48666168,-0.306832638
1721,1721,1649671.07611051,6088223.23349056,-0.286349987
1722,1722,1649662.858507918,6088213.315887949,0.484492855
1723,1723,1649670.911050524,6088193.345434611,0.405275002
1724,1724,1649687.236135947,6088193.255324057,-0.485890002
1725,1725,1649670.746067466,6088163.457333478,0.601925009
1726,1726,1649681.599519865,6088137.221351559,0.478072504
1727,1727,1649703.203517883,6088128.407618073,-0.282661446
1728,1728,1649678.578529367,6088103.636065975,0.687599999
1729,1729,1649686.658440555,6088088.646947466,0.431418751
1730,1730,1649700.90149648,6088081.096088336,-0.199225002
1731,1731,1654620.759094927,6088045.450569738,0.697141683
1732,1732,1649694.628278673,6088053.732411232,0.012674993
1733,1733,1649694.518286741,6088033.806962415,-0.18855556
1734,1734,1654767.869491304,6088004.937446771,1.529412807
1735,1735,1654785.412791228,6087998.268052673,1.733999985
1736,1736,1654713.97413267,6087965.036713176,1.344456093
1737,1737,1655148.36715187,6088252.728508274,1.684071078
1738,1738,1649669.756145986,6087984.128698902,0.65611671
1739,1739,1652791.732801302,6087946.773801737,-0.394283012
1740,1740,1652836.623531123,6087946.16323976,-0.272829822
1741,1741,1649653.266563848,6087954.330690329,0.545887495
1742,1742,1653163.057542363,6087934.277367975,-0.068541666
1743,1743,1653318.137286099,6087932.633155663,-0.155456136
1744,1744,1654656.59554721,6087925.533031261,1.207476179
1745,1745,1649645.3713752,6087944.161660037,0.631403834
1746,1746,1652849.181163487,6087926.743925408,0.55166059
1747,1747,1653025.898236386,6087933.441198071,0.143628738
1748,1748,1653096.035226001,6087937.859046613,-0.005669908
1749,1749,1653213.47321823,6087928.188727799,-0.019765065
1750,1750,1653265.027489969,6087923.711106688,0.049340623
1751,1751,1653391.543317713,6087922.96122242,-0.072955557
1752,1752,1652926.317854187,6087915.884208574,0.71216999
1753,1753,1652797.132646056,6087910.443581512,0.774903922
1754,1754,1652942.657973537,6087913.015395068,0.78655714
1755,1755,1652975.14540125,6087905.497724503,0.844572961
1756,1756,1653029.420429449,6087906.134284762,0.830509927
1757,1757,1649668.445715913,6087925.610732158,-0.089327866
1758,1758,1652771.627969472,6087896.729390065,0.891571411
1759,1759,1653073.198153744,6087901.038389561,0.868934273
1760,1760,1653162.862583167,6087891.336679051,0.919746036
1761,1761,1653187.26219188,6087884.335900156,0.967514771
1762,1762,1653203.699730908,6087881.340612064,0.967444433
1763,1763,1653228.129229177,6087871.300539767,0.983536614
1764,1764,1649653.421978006,6087874.625712567,-0.007962963
1765,1765,1652754.308402897,6087857.183010743,1.584964949
1766,1766,1653252.558696713,6087861.260439994,1.024160204
1767,1767,1653023.544903001,6087835.674220757,1.394396527
1768,1768,1653129.947107278,6087834.861506827,1.432717378
1769,1769,1653146.013850811,6087834.06287979,1.411014893
1770,1770,1653295.448011417,6087837.3918357,1.30369246
1771,1771,1654509.070182822,6087826.796967995,0.935454551
1772,1772,1653039.981084758,6087826.136423705,1.397499962
1773,1773,1653285.068721587,6087823.647359213,1.742229711
1774,1774,1654445.13573368,6087820.310212648,0.548865977
1775,1775,1649653.202065045,6087834.774819626,-0.09763636
1776,1776,1654533.436104696,6087806.723111935,1.248515295
1777,1777,1654508.828749056,6087786.946022612,1.235982468
1778,1778,1649660.659131093,6087814.807540238,-0.198284646
1779,1779,1653439.629451513,6087773.229693012,0.582124999
1780,1780,1649635.786395292,6087775.297311754,0.437665432
1781,1781,1649652.872186892,6087774.998570194,0.005999999
1782,1782,1649635.676469116,6087755.371899201,0.2685161
1783,1783,1654475.285265181,6087701.69093091,1.785774815
1784,1784,1649635.934724749,6087720.29553228,0.050000002
1785,1785,1654491.900946744,6087687.417535606,1.499454591
1786,1786,1651345.522002351,6087695.756684665,0.004758826
1787,1787,1654513.773910944,6087677.520823744,1.666553723
1788,1788,1649636.108206951,6087695.387049531,-0.00894737
1789,1789,1650253.054729285,6087691.584457976,0.599017879
1790,1790,1651284.193227601,6087676.180563436,-0.004350004
1791,1791,1650215.076662929,6087672.452584217,0.092259267
1792,1792,1651267.816475431,6087667.037330389,0.07122449
1793,1793,1651610.497598777,6087696.424124531,0.340290359
1794,1794,1651651.424596731,6087663.39023001,0.890148152
1795,1795,1654453.85108859,6087657.465147881,1.325169465
1796,1796,1651247.35045945,6087656.464417186,0.131358028
1797,1797,1651386.536251582,6087656.251037167,1.229330367
1798,1798,1651667.695657728,6087654.060225437,0.9047
1799,1799,1654210.605642783,6087639.677594839,0.668872737
1800,1800,1649635.348109025,6087665.502337992,-0.069764954
1801,1801,1651353.831212772,6087646.474735378,1.22719306
1802,1802,1651683.991128665,6087648.985104919,0.877287503
1803,1803,1651214.588852016,6087636.724842189,0.168466665
1804,1804,1651275.637821426,6087636.581480659,0.998508757
1805,1805,1651329.288271273,6087636.651751829,1.244722892
1806,1806,1651488.045180238,6087640.145586749,1.242249978
1807,1807,1651708.419986317,6087638.88168408,0.72153725
1808,1808,1651744.223757796,6087658.321106785,-0.038418241
1809,1809,1649635.183159563,6087635.614175688,-0.109575004
1810,1810,1651512.445702603,6087625.061337438,1.263577796
1811,1811,1651741.010811491,6087628.731258977,0.682975002
1812,1812,1654370.456108793,6087631.578144339,1.206978444
1813,1813,1651520.550665491,6087615.051880255,1.230777789
1814,1814,1651781.763577641,6087618.533740593,0.593729027
1815,1815,1651798.058923009,6087613.458406334,0.597166652
1816,1816,1651830.706957141,6087613.270370441,0.460559994
1817,1817,1651291.791470126,6087606.600273192,1.346174703
1818,1818,1651879.310452987,6087606.349178798,0.032167993
1819,1819,1654303.571214442,6087588.925229045,1.29885447
1820,1820,1651120.499159644,6087597.407863051,-0.048133335
1821,1821,1651275.745463861,6087596.728698742,1.336090859
1822,1822,1651904.050248274,6087592.921211076,0.184199993
1823,1823,1651930.825660379,6087596.641339175,-0.657638329
1824,1824,1654156.595018744,6087579.848083135,0.730321412
1825,1825,1651267.03855616,6087587.061264784,1.36049994
1826,1826,1651948.883543575,6087582.699562912,-0.482030403
1827,1827,1654095.486224738,6087570.048268694,0.379576475
1828,1828,1654261.46021843,6087569.953636873,1.399952351
1829,1829,1651083.657066188,6087577.691000585,-0.004918181
1830,1830,1651512.160481608,6087575.247736471,1.393099982
1831,1831,1651920.25906729,6087572.901790206,0.555100003
1832,1832,1651965.149918228,6087572.642603076,-0.345803127
1833,1833,1652973.153911572,6087566.763748358,0.774599993
1834,1834,1654238.261076576,6087559.225577912,1.247065034
1835,1835,1651223.703444399,6087569.382782494,1.282602584
1836,1836,1654213.715084763,6087549.410428183,1.221630503
1837,1837,1651205.929232451,6087557.096936611,1.258326107
1838,1838,1651944.629938343,6087552.834997796,0.747799991
1839,1839,1651038.596693094,6087548.0576867,0.225121951
1840,1840,1651193.441996049,6087547.267712201,1.270509394
1841,1841,1651952.734360225,6087542.825143989,0.829074999
1842,1842,1651997.733010385,6087549.582310232,-0.024027817
1843,1843,1654034.627183471,6087530.561547952,0.344784312
1844,1844,1651022.216308378,6087538.187562735,0.342875001
1845,1845,1651176.830985792,6087537.924809746,1.266066663
1846,1846,1651495.608433616,6087535.490306227,1.477560007
1847,1847,1651960.838763944,6087532.815282522,0.865324976
1848,1848,1651153.939620496,6087529.345725531,1.273161116
1849,1849,1651487.389481255,6087525.574300642,1.460725015
1850,1850,1651979.864097423,6087529.384358527,0.732141666
1851,1851,1654042.074210876,6087510.590739894,0.624724992
1852,1852,1654125.539472508,6087529.639736284,0.917249515
1853,1853,1652050.504788135,6087512.370830776,0.048755564
1854,1854,1654058.338223147,6087500.529927684,0.775133147
1855,1855,1650972.031475613,6087511.341537611,0.312097226
1856,1856,1654074.606329851,6087497.524612622,0.911491822
1857,1857,1651112.648840061,6087510.243994894,1.285077384
1858,1858,1651074.285435804,6087488.786668845,1.306210953
1859,1859,1650907.611011635,6087479.05847217,0.249650001
1860,1860,1651062.361516828,6087478.628006652,1.35064579
1861,1861,1654014.941207064,6087467.866533305,0.782766988
1862,1862,1651045.901534345,6087468.83235422,1.383653831
1863,1863,1651013.436200056,6087458.737361589,1.305071443
1864,1864,1654033.523317725,6087445.881966034,1.063733328
1865,1865,1650854.389743363,6087449.47038288,0.341670731
1866,1866,1650980.675844364,6087438.996994122,1.305526296
1867,1867,1652180.575501207,6087421.949669038,-0.88499999
1868,1868,1652188.679560793,6087411.939575405,-0.802724991
1869,1869,1653829.208046379,6087402.272840383,0.085281293
1870,1870,1652196.783566635,6087401.929516029,-0.371849992
1871,1871,1652208.968393959,6087391.895853072,-0.190918743
1872,1872,1650914.633980361,6087390.206416433,1.337841904
1873,1873,1652221.153278015,6087381.86206788,-0.118549993
1874,1874,1653780.180962944,6087375.033870731,0.674666663
1875,1875,1649615.954231543,6087502.047255651,0.0716412
1876,1876,1653808.868484753,6087362.70778947,0.795010407
1877,1877,1653868.011720611,6087363.057411374,0.923154486
1878,1878,1652245.551945996,6087366.775750986,-0.478457212
1879,1879,1653600.379810377,6087353.823593345,-0.88499999
1880,1880,1653942.544783885,6087361.862597186,1.214405137
1881,1881,1652220.979777278,6087351.973883627,0.811692411
1882,1882,1652274.031442711,6087351.665587251,-0.88031249
1883,1883,1653837.123945586,6087347.739692591,0.990620928
1884,1884,1653867.380555845,6087340.321247231,1.097030146
1885,1885,1649611.037187061,6087357.332828423,0.085568182
1886,1886,1652212.731264544,6087337.077169297,0.956006233
1887,1887,1649624.777296941,6087336.781173529,-0.189599996
1888,1888,1652228.99694535,6087327.019682058,0.946970838
1889,1889,1652245.233659322,6087311.980797628,0.966768743
1890,1890,1652261.499258757,6087301.923250304,0.954422235
1891,1891,1652269.603100556,6087291.913100666,0.96025749
1892,1892,1653538.230702674,6087293.126558947,-0.670904402
1893,1893,1649621.07173508,6087296.949549051,-0.327274996
1894,1894,1652285.868636712,6087281.855508251,0.960883337
1895,1895,1653533.497166588,6087274.984230283,0.257451612
1896,1896,1652302.134136752,6087271.797885851,0.940024987
1897,1897,1652318.399600673,6087261.740233474,0.94629268
1898,1898,1649616.853507821,6087272.065280852,-0.239825002
1899,1899,1652334.665028478,6087251.68255112,0.948778582
1900,1900,1652375.642025399,6087251.648379752,0.834999985
1901,1901,1652354.406872526,6087292.918029024,-0.35612013
1902,1902,1649593.244920732,6087256.98200021,0.565559326
1903,1903,1652342.768743458,6087241.672333365,0.979862497
1904,1904,1652440.664698648,6087247.1579803,-0.634449818
1905,1905,1653490.638989143,6087253.840418497,-0.351796889
1906,1906,1652359.03414113,6087231.614560921,0.989382162
1907,1907,1649605.775905692,6087236.852601738,0.00130894
1908,1908,1650596.002794563,6087221.777643958,0.318500002
1909,1909,1652383.403078873,6087211.546592842,1.018530118
1910,1910,1652391.506703194,6087201.536329543,1.068101097
1911,1911,1650579.567476274,6087201.944001179,0.299885061
1912,1912,1652407.771941155,6087191.478511901,1.103428526
1913,1913,1652562.842999569,6087190.57365976,-0.407799992
1914,1914,1653425.272590276,6087207.669983083,-0.178519165
1915,1915,1652448.572871552,6087183.061510303,1.052966336
1916,1916,1649608.169941946,6087177.464477843,-0.221329114
1917,1917,1649591.846694384,6087177.554520784,0.288372881
1918,1918,1652440.186148118,6087151.437321659,1.218999986
1919,1919,1650560.138568471,6087162.646634964,0.476834721
1920,1920,1652456.480290608,6087146.360782715,1.233655547
1921,1921,1649613.604344173,6087158.036082541,-0.341757372
1922,1922,1650546.585144196,6087142.35116763,0.497858816
1923,1923,1652472.747028587,6087136.307037503,1.294112448
1924,1924,1649599.816013788,6087142.640014514,0.066350002
1925,1925,1652497.171960353,6087126.197248369,1.325264246
1926,1926,1652733.828453966,6087119.831372346,-0.878974991
1927,1927,1649607.895273831,6087127.650865425,-0.149175002
1928,1928,1652521.59850994,6087116.091584842,1.408652665
1929,1929,1653313.236652451,6087105.726438391,0.054912281
1930,1930,1652546.025005543,6087105.985854206,1.511129437
1931,1931,1653305.020346891,6087096.53843617,0.085189871
1932,1932,1652570.451447162,6087095.88005645,1.494215914
1933,1933,1652611.171775096,6087080.697364144,1.518024971
1934,1934,1653271.406849439,6087083.165648256,0.211616212
1935,1935,1652627.436552772,6087070.639142147,1.546170431
1936,1936,1652758.07949773,6087079.836757969,0.40441926
1937,1937,1652635.5397788,6087060.628652302,1.386399937
1938,1938,1652643.673532902,6087050.658822704,1.35129993
1939,1939,1652660.073067913,6087046.236600825,1.304959362
1940,1940,1652682.035885414,6087029.785400117,1.26255402
1941,1941,1653080.10727227,6087018.163851309,0.134587503
1942,1942,1650498.466125901,6087043.404651578,0.521884626
1943,1943,1652700.853387681,6087018.466422295,1.230491061
1944,1944,1653026.998908921,6087008.514017668,0.330240346
1945,1945,1652717.10252773,6087008.052640308,1.212269561
1946,1946,1653185.374927762,6087024.064769113,0.558711293
1947,1947,1649651.177773318,6087047.707789951,-0.87722986
1948,1948,1652733.355064309,6086996.254700334,1.183913658
1949,1949,1652757.495038752,6086980.209549688,1.131766629
1950,1950,1653198.156591615,6086981.521165397,0.992002526
1951,1951,1652765.598038288,6086970.198938706,1.319024413
1952,1952,1653181.831271169,6086967.747559512,0.979820608
1953,1953,1653169.530223728,6086957.857190976,1.000211781
1954,1954,1652773.554885369,6086935.281478309,0.067122045
1955,1955,1652781.632857017,6086921.015928754,-0.704802143
1956,1956,1639413.027889053,6086959.119238129,1.790470189
1957,1957,1649590.494939136,6086908.409120065,0.419237259
1958,1958,1652781.287031362,6086890.606559495,-0.666964915
1959,1959,1649573.876242649,6086878.762985471,0.508399993
1960,1960,1652740.669773263,6086860.5296278,1.521289142
1961,1961,1653072.229633077,6086925.101785793,1.085865169
1962,1962,1649565.785430753,6086868.699723002,0.596040272
1963,1963,1649560.825261953,6086859.446680134,0.732571448
1964,1964,1652732.192981477,6086840.874793165,1.67432497
1965,1965,1653066.439728761,6086831.467431556,1.223690792
1966,1966,1652880.017780055,6086817.378099609,1.094266985
1967,1967,1639657.328066326,6086870.386098679,1.247570344
1968,1968,1653112.312904061,6086804.852460114,1.275525471
1969,1969,1649581.735563223,6086823.923061026,-0.196606248
1970,1970,1653123.624275239,6086788.734686102,1.305404986
1971,1971,1639628.401816001,6086855.358041041,0.50434452
1972,1972,1653140.980443649,6086767.404721899,1.330550534
1973,1973,1649566.750654318,6086788.984213985,0.167295259
1974,1974,1640791.788598028,6086803.310074443,0.950233332
1975,1975,1640812.999291403,6086814.910225996,0.983696436
1976,1976,1652715.28642255,6086741.343077979,1.558774991
1977,1977,1649483.639994739,6086749.396855798,0.94077143
1978,1978,1649532.356405094,6086749.472416904,0.099064931
1979,1979,1652764.029165521,6086731.29849367,1.35450872
1980,1980,1639734.173056038,6086826.644550009,1.468683437
1981,1981,1640522.368514646,6086784.616703764,1.164312492
1982,1982,1640566.181416662,6086789.977388886,-0.333445698
1983,1983,1640595.818879712,6086784.285476327,0.738499986
1984,1984,1640816.003550811,6086783.493265987,0.937785723
1985,1985,1641093.649203048,6086782.024679014,0.9782531
1986,1986,1649477.064585826,6086739.090287962,0.839157872
1987,1987,1652747.122014577,6086729.542559388,1.414676452
1988,1988,1639795.982077739,6086777.897210898,1.303099991
1989,1989,1649516.272867776,6086732.957036988,0.145431034
1990,1990,1652723.301643371,6086716.388391049,1.718149992
1991,1991,1652780.234670633,6086711.27723947,1.39024562
1992,1992,1640531.36071879,6086764.650287673,-0.692854893
1993,1993,1640616.72753418,6086767.111792134,1.156957892
1994,1994,1640750.790491109,6086763.658903612,0.2033125
1995,1995,1640795.676730823,6086763.4554033,0.178329192
1996,1996,1652731.37523004,6086701.39643135,1.525274968
1997,1997,1652763.853822997,6086701.410270236,1.412824589
1998,1998,1653147.596004749,6086698.94649012,1.415317029
1999,1999,1653161.574339839,6086704.465738079,1.60203127
2000,2000,1652739.477999786,6086691.38583716,1.4637111
2001,2001,1653041.275583933,6086689.815371212,1.175724693
2002,2002,1640449.056993958,6086744.648834662,0.696297286
2003,2003,1640505.700291071,6086745.044608371,0.773253446
2004,2004,1640522.188968275,6086744.766018018,-0.938418446
2005,2005,1640944.951036467,6086787.943307489,1.011594817
2006,2006,1649482.948867229,6086700.133618883,0.361857143
2007,2007,1649497.655107657,6086716.698549335,0.326538876
2008,2008,1652747.580751363,6086681.375235314,1.431870609
2009,2009,1652800.308751045,6086686.355480341,1.326204497
2010,2010,1653137.080509942,6086681.832667851,1.352563941
2011,2011,1639599.772810441,6086739.116113842,1.460931003
2012,2012,1639852.936690511,6086738.519899315,-0.381381797
2013,2013,1639869.258899621,6086738.447552626,-0.492727269
2014,2014,1652755.683484772,6086671.364625804,1.405000004
2015,2015,1639634.490175176,6086747.306713712,1.465576213
2016,2016,1639905.596096439,6086730.110686629,-0.018465798
2017,2017,1640873.026408337,6086723.252719047,1.310799997
2018,2018,1649482.839240119,6086680.208176355,0.23832143
2019,2019,1652771.947354595,6086661.306125895,1.355675042
2020,2020,1639583.551301201,6086724.038918343,1.449209031
2021,2021,1639599.851546507,6086718.985730387,1.518124986
2022,2022,1639616.129832014,6086708.951181475,1.439924999
2023,2023,1639934.092221556,6086712.901958072,0.241603054
2024,2024,1640400.216119332,6086703.580495373,1.204327228
2025,2025,1650519.362461114,6086655.041687681,1.165740004
2026,2026,1653121.904169723,6086652.566024025,1.409283807
2027,2027,1639632.408081391,6086698.916602633,1.433361402
2028,2028,1650535.628731758,6086644.98725981,1.178557712
2029,2029,1652813.07933979,6086635.634815498,1.277419602
2030,2030,1652828.733708281,6086631.287807725,1.295736777
2031,2031,1640423.820467424,6086685.635757175,1.042603415
2032,2032,1640636.008062166,6086684.679545273,1.357456132
2033,2033,1650551.894966276,6086634.932801967,1.252923094
2034,2034,1653105.724334617,6086619.489091252,1.422092526
2035,2035,1649466.409227342,6086630.279123113,-0.015855423
2036,2036,1650568.161164672,6086624.87831415,1.254241822
2037,2037,1653097.930903673,6086609.36769361,1.345362049
2038,2038,1639640.459370424,6086673.973967967,1.464223428
2039,2039,1640353.858356284,6086671.066322953,1.285634887
2040,2040,1653070.192976389,6086652.788387236,1.137729068
2041,2041,1640562.423709929,6086655.12308914,1.323892864
2042,2042,1652804.211762082,6086596.356696031,1.364200035
2043,2043,1639525.927033163,6086649.366576167,0.459068965
2044,2044,1639632.188570901,6086649.103260273,1.443549992
2045,2045,1640199.665677184,6086643.461356826,1.00123637
2046,2046,1640219.915248808,6086643.96266585,1.254541645
2047,2047,1650601.18280172,6086594.015194352,1.2721111
2048,2048,1652812.226598982,6086571.401914683,1.417575034
2049,2049,1639534.168728792,6086629.608946618,0.958975004
2050,2050,1640154.405043768,6086626.861114823,1.206631128
2051,2051,1640195.378348687,6086626.882400355,1.004886384
2052,2052,1640510.328054799,6086628.032416679,-0.055736098
2053,2053,1640097.23363884,6086617.153184638,-0.15732501
2054,2054,1640186.836271138,6086616.549069507,1.151036367
2055,2055,1640602.801816337,6086656.679014003,1.384515666
2056,2056,1639525.920155694,6086609.719479637,1.356225008
2057,2057,1640000.961146094,6086645.074437586,0.502497679
2058,2058,1640066.839290596,6086613.414217395,-0.04394852
2059,2059,1640121.672132308,6086607.081460649,-0.389850003
2060,2060,1640219.211899735,6086607.425079647,1.105447544
2061,2061,1640369.344325808,6086636.766377988,1.104059274
2062,2062,1652820.241389856,6086546.447130157,1.445367093
2063,2063,1639607.506654158,6086605.282739245,1.387283932
2064,2064,1640089.534668145,6086610.918988611,-0.61194445
2065,2065,1640638.784511011,6086615.338327354,1.344653714
2066,2066,1642700.155826723,6086584.972997318,0.909510215
2067,2067,1640031.646129449,6086587.761209311,1.328425284
2068,2068,1640113.444490809,6086592.173859373,0.281873846
2069,2069,1640178.710026189,6086586.901081771,-0.712025006
2070,2070,1640272.674388796,6086590.563293647,1.052548141
2071,2071,1649450.799100746,6086574.323060427,-0.074337935
2072,2072,1652828.256134785,6086521.492331631,1.46472972
2073,2073,1639403.540906354,6086580.163598013,1.132178567
2074,2074,1640139.578377804,6086582.135674989,0.58228737
2075,2075,1640194.99068483,6086577.591919699,-0.377333324
2076,2076,1640211.309358857,6086576.792511957,-0.417224991
2077,2077,1640227.589966061,6086567.483290273,-0.292981814
2078,2078,1640472.41527467,6086565.658393329,1.449952337
2079,2079,1653113.774474624,6086499.884436315,1.235924998
2080,2080,1639513.460937056,6086813.722193626,1.336093481
2081,2081,1640031.69172907,6086560.405276721,1.270372364
2082,2082,1643188.965857003,6086559.972900813,1.638856151
2083,2083,1652836.270833687,6086496.537529924,1.432769247
2084,2084,1653121.876638027,6086489.873487543,1.2576607
2085,2085,1639966.442648217,6086548.895189931,1.439215381
2086,2086,1640494.588125403,6086552.845537263,1.244865413
2087,2087,1640700.998218703,6086544.496735276,1.179392853
2088,2088,1642806.949278893,6086534.923610547,1.007204074
2089,2089,1643234.589784483,6086545.914509838,1.108845646
2090,2090,1653129.978783258,6086479.862531113,1.274089272
2091,2091,1640015.499795831,6086540.364696172,1.322024313
2092,2092,1640513.085398134,6086535.586646163,1.390950008
2093,2093,1640570.045436116,6086535.53418811,1.027142833
2094,2094,1642814.467724785,6086524.92490977,0.969022199
2095,2095,1652844.285486676,6086471.582714224,1.401750015
2096,2096,1653138.08091032,6086469.851567025,1.264580321
2097,2097,1640529.362351163,6086525.55042975,1.337712464
2098,2098,1642822.58122136,6086514.923367593,0.963196635
2099,2099,1649435.024749747,6086488.47860313,-0.144793745
2100,2100,1640403.505654418,6086559.637703411,0.004146169
2101,2101,1640537.478360556,6086515.550972733,1.421959237
2102,2102,1642708.304603591,6086510.485331275,0.435723685
2103,2103,1653113.314119616,6086450.276003203,1.154678592
2104,2104,1639788.770226036,6086689.717836626,1.119918167
2105,2105,1640170.026607065,6086507.441213197,1.108624983
2106,2106,1640545.594351798,6086505.551508083,1.806555538
2107,2107,1642836.779728326,6086497.420628043,0.98959375
2108,2108,1649433.42898484,6086461.089047504,-0.204576928
2109,2109,1652852.300093638,6086446.627895341,1.393137507
2110,2110,1640104.861453904,6086497.564862879,0.912337511
2111,2111,1640333.199875463,6086496.748012667,1.166431152
2112,2112,1640349.521653057,6086496.674797042,1.064651622
2113,2113,1649415.613893407,6086456.214644026,0.465019585
2114,2114,1652860.37321462,6086431.635808503,1.391525008
2115,2115,1640202.581122916,6086487.369997278,0.953071421
2116,2116,1642846.705800724,6086474.752491347,1.052035674
2117,2117,1649433.319458683,6086441.163598496,-0.421963633
2118,2118,1640096.559139918,6086483.732037014,1.274907037
2119,2119,1640170.056310115,6086476.621687095,1.890636342
2120,2120,1640554.825552628,6086476.888348596,1.171192443
2121,2121,1652868.446308193,6086416.643719179,1.396357841
2122,2122,1640178.175915023,6086467.349002375,1.957875001
2123,2123,1643058.961885972,6086454.017203921,1.141687512
2124,2124,1649424.453963842,6086421.286276075,-0.24746666
2125,2125,1652876.519374425,6086401.65161655,1.403322236
2126,2126,1640568.071739074,6086463.241503786,1.110261257
2127,2127,1652884.621707054,6086391.640882105,1.414200035
2128,2128,1653154.526863259,6086390.049609174,1.25652938
2129,2129,1640586.129073716,6086445.591393907,1.084774965
2130,2130,1643050.702150571,6086433.404449919,1.140092567
2131,2131,1649424.939520589,6086401.357554232,-0.534346944
2132,2132,1640594.244946924,6086435.59188326,1.136060308
2133,2133,1642683.471581756,6086425.856048899,1.316782216
2134,2134,1652892.665424729,6086371.667393013,1.4037625
2135,2135,1640610.521628385,6086425.555516035,1.194718848
2136,2136,1640737.77773847,6086640.677482666,0.900051884
2137,2137,1640626.158207086,6086405.559128577,1.011235326
2138,2138,1640683.901461128,6086410.279528906,-9999.0
2139,2139,1642666.956422893,6086396.108115507,1.030083093
2140,2140,1642838.16719865,6086395.498491156,0.413196445
2141,2141,1653072.197261837,6086340.924701194,1.325736853
2142,2142,1653125.505461108,6086340.986146597,1.265128405
2143,2143,1642855.104511354,6086389.709873368,0.932218306
2144,2144,1643013.689484794,6086489.915926782,1.11190891
2145,2145,1642658.70108773,6086376.221455314,1.108992676
2146,2146,1652916.796357883,6086311.74687651,1.39771249
2147,2147,1653079.846990087,6086310.990264065,1.278241334
2148,2148,1642653.290132273,6086356.365769275,1.153966713
2149,2149,1649367.164321115,6086321.555345878,0.797886905
2150,2150,1649399.45134849,6086326.774907283,-0.483835233
2151,2151,1642644.447504417,6086334.260095811,1.081799946
2152,2152,1649350.559425795,6086301.870222643,0.957081075
2153,2153,1640765.76593559,6086335.187175118,0.835880002
2154,2154,1649391.09904903,6086291.95020136,-0.328437503
2155,2155,1652932.912785054,6086276.781201564,1.419037532
2156,2156,1642846.281049982,6086315.347878647,1.021894728
2157,2157,1652940.985613822,6086261.789035222,1.421525028
2158,2158,1640781.95188395,6086305.22513386,0.879191491
2159,2159,1642859.652474273,6086354.392156178,0.704276791
2160,2160,1649325.648798737,6086262.420349327,0.938999999
2161,2161,1649366.28634763,6086262.401672809,0.265017856
2162,2162,1652949.029084279,6086241.815489041,1.409175041
2163,2163,1653164.56966191,6086291.809517993,1.256057668
2164,2164,1640789.472360585,6086295.228141764,0.881647634
2165,2165,1650678.137118041,6086253.168337881,0.930645152
2166,2166,1653203.578688571,6086236.71528101,1.296534947
2167,2167,1652957.101853609,6086226.823312181,1.395300011
2168,2168,1652946.690035959,6086308.991291889,1.398673717
2169,2169,1649309.163396503,6086232.621680368,0.930175015
2170,2170,1649366.315853972,6086237.289626288,0.015699998
2171,2171,1652965.174595629,6086211.831122016,1.370575018
2172,2172,1653005.383285404,6086211.594202735,1.434921587
2173,2173,1653224.108610437,6086217.515129606,1.327346288
2174,2174,1640799.762637781,6086268.042976101,0.860813868
2175,2175,1650679.767023486,6086218.590014977,0.979137649
2176,2176,1653234.420375765,6086200.278129574,1.328329363
2177,2177,1640813.776918714,6086255.992784424,0.880901961
2178,2178,1653022.016196485,6086191.774273748,1.450018185
2179,2179,1653242.522147804,6086190.26701309,1.36106668
2180,2180,1640830.0497783,6086245.229585221,0.915124989
2181,2181,1649292.678101841,6086202.822981051,1.041670804
2182,2182,1653250.623892101,6086180.255904165,1.391700035
2183,2183,1640553.687830775,6086247.902859584,1.325581551
2184,2184,1640675.884202594,6086263.731791139,0.711100005
2185,2185,1640838.168452677,6086235.956274266,0.939843118
2186,2186,1653258.725545333,6086170.244814659,1.397700006
2187,2187,1640576.984196611,6086226.455313561,0.921724993
2188,2188,1640854.441228593,6086225.192963802,0.949666658
2189,2189,1649339.677292562,6086201.395728638,0.528601881
2190,2190,1653063.012208548,6086166.504704624,0.576433566
2191,2191,1649276.192914754,6086173.024251372,1.148475033
2192,2192,1650639.110464461,6086180.39699886,0.559124999
2193,2193,1653030.108068918,6086151.669847869,1.035422957
2194,2194,1640585.068535023,6086206.508479486,0.922853334
2195,2195,1642586.144363601,6086196.367762032,0.810731713
2196,2196,1642778.362253916,6086215.960828894,0.864161563
2197,2197,1642763.722969287,6086186.222950827,0.949034498
2198,2198,1649333.263154435,6086162.748142334,0.374925006
2199,2199,1650646.908557956,6086145.686704917,0.659468924
2200,2200,1653070.627794339,6086131.708922328,1.432964925
2201,2201,1642577.534331558,6086176.614544361,0.682679996
2202,2202,1642786.643435655,6086179.536836418,0.177841746
2203,2203,1649251.438052082,6086123.344735821,1.145340938
2204,2204,1653258.312507402,6086100.505647008,1.333189138
2205,2205,1640590.796542783,6086156.658436186,0.995000005
2206,2206,1640705.588314018,6086168.166256329,1.086187501
2207,2207,1642696.649332206,6086147.763478606,1.053794492
2208,2208,1642757.270897552,6086153.387679369,0.93052873
2209,2209,1642784.533709092,6086147.05712686,0.829887383
2210,2210,1653233.605427337,6086090.893165839,1.266824522
2211,2211,1641159.664688726,6086139.628982091,-9999.0
2212,2212,1653054.178686564,6086081.786173043,-0.487044269
2213,2213,1653266.355125396,6086080.531802276,1.297734101
2214,2214,1641226.212007694,6086145.964994343,0.089868421
2215,2215,1642747.119492265,6086126.933029576,1.012126971
2216,2216,1650680.239894666,6086097.891302253,1.084297767
2217,2217,1653274.456732557,6086070.520703373,1.297578027
2218,2218,1641049.841927924,6086124.674235636,0.84245
2219,2219,1641204.895870481,6086124.691403084,-0.303327274
2220,2220,1653282.558321546,6086060.509596808,1.310268231
2221,2221,1642676.56582639,6086115.94975343,1.047159493
2222,2222,1653086.126246521,6086056.122311136,1.426973016
2223,2223,1653290.659892362,6086050.49848258,1.283459417
2224,2224,1642763.298500873,6086096.967349337,1.123060216
2225,2225,1649210.307765235,6086063.791758058,1.176300001
2226,2226,1653062.192341525,6086056.831152546,-0.134805638
2227,2227,1653298.761445007,6086040.487360693,1.272146627
2228,2228,1642403.537866665,6086094.945423199,0.611040812
2229,2229,1653306.863012975,6086030.476185681,1.254662309
2230,2230,1642347.183241569,6086078.806498768,0.919524992
2231,2231,1649193.877603548,6086043.955606099,1.189949991
2232,2232,1653070.14715032,6086021.913343203,0.457415267
2233,2233,1653314.964495776,6086020.46509394,1.264392387
2234,2234,1642608.106504249,6086067.815308838,0.16605053
2235,2235,1649185.662549711,6086034.037518937,1.241374974
2236,2236,1653102.564475317,6086011.963176464,1.050181842
2237,2237,1653323.065993902,6086010.453949072,1.320200014
2238,2238,1649177.447513877,6086024.119424319,1.325999982
2239,2239,1653331.163804379,6086000.438400478,1.288104175
2240,2240,1642426.080192512,6086055.323168617,0.475549553
2241,2241,1649169.232496047,6086014.201322248,1.438362496
2242,2242,1653078.160703956,6085996.958294329,1.522374994
2243,2243,1653339.134175506,6085990.277321384,1.282189852
2244,2244,1642444.921448838,6086038.494020316,0.690301373
2245,2245,1642570.131833161,6086047.797345087,0.250752458
2246,2246,1649161.017496222,6086004.283212722,1.449115002
2247,2247,1649289.936033613,6086010.154719433,0.32438926
2248,2248,1653346.948169435,6085979.967804138,1.248808222
2249,2249,1640894.383611176,6086035.716418691,0.740674982
2250,2250,1649152.802514402,6085994.365095738,1.482087465
2251,2251,1653086.174211672,6085972.003231457,1.527571221
2252,2252,1653355.219549681,6085970.078704388,1.302047623
2253,2253,1641065.708048996,6086024.972869766,-0.820260873
2254,2254,1649144.587550583,6085984.446971298,1.392761861
2255,2255,1649275.182937555,6085988.71379348,0.547599997
2256,2256,1653363.518125973,6085960.329657161,1.486662769
2257,2257,1640706.6024481,6086016.642854283,1.01560002
2258,2258,1640760.07572503,6086016.981132789,0.931729733
2259,2259,1640796.201041084,6086016.441102304,1.028910718
2260,2260,1641122.822482565,6086014.793083639,2.274566977
2261,2261,1642542.539541299,6086008.348265627,-0.237625467
2262,2262,1649136.37260477,6085974.528839399,1.287589703
2263,2263,1653371.674601022,6085950.386919,1.277699968
2264,2264,1640722.9008003,6086011.587614022,1.000687518
2265,2265,1640776.606715083,6086010.674792051,0.959368938
2266,2266,1641130.900638564,6086004.749109412,1.389233357
2267,2267,1642322.82152038,6086004.213355037,1.108362705
2268,2268,1653118.473628075,6085942.127494472,1.450303582
2269,2269,1653379.775971936,6085940.375720512,1.271999963
2270,2270,1640739.284104559,6086003.973059921,0.993677439
2271,2271,1653387.877324676,6085930.364514364,1.26699996
2272,2272,1640759.733871167,6085996.583786413,0.992242246
2273,2273,1641138.969924422,6085984.78640556,1.807618016
2274,2274,1642330.66861766,6085984.855552193,2.825793056
2275,2275,1642550.201280994,6085982.632855489,0.835535897
2276,2276,1653395.982973217,6085921.079750963,1.274450945
2277,2277,1640777.197324755,6085985.102687502,1.0314725
2278,2278,1649172.926871002,6085949.164068044,1.173621017
2279,2279,1653412.244770807,6085911.020057665,1.248612217
2280,2280,1640796.415906292,6085973.099270175,1.02435154
2281,2281,1649095.298145765,6085924.938068095,1.120203562
2282,2282,1653433.0135817,6085900.787604944,1.151607164
2283,2283,1640865.380988555,6086043.195173418,0.801134109
2284,2284,1653542.689486545,6085889.591533968,1.187312533
2285,2285,1640834.277484691,6085956.521647597,0.930722741
2286,2286,1649078.868488193,6085905.101707381,1.101924996
2287,2287,1649250.832678288,6085904.161269394,0.455346944
2288,2288,1640887.237110764,6085943.838657779,0.955108104
2289,2289,1649070.653686413,6085895.18351584,1.285424997
2290,2290,1641335.255437834,6085931.809732731,0.982061391
2291,2291,1642354.332141705,6085924.34767592,1.184788986
2292,2292,1649062.438902638,6085885.265316845,1.172386371
2293,2293,1641307.455452133,6085939.60669076,0.914063604
2294,2294,1649054.224136868,6085875.347110391,1.188774988
2295,2295,1653123.388308401,6085902.462089978,1.522615369
2296,2296,1642640.312675764,6086025.083090259,0.848285057
2297,2297,1649046.009389103,6085865.428896484,1.478200012
2298,2298,1649086.645123931,6085865.411464225,1.103070165
2299,2299,1641293.913508134,6085899.391478169,0.88319445
2300,2300,1642361.970510591,6085879.478576927,1.2013621
2301,2301,1642615.536261613,6085878.280351395,1.059799947
2302,2302,1643913.045651272,6085872.019319274,1.366737504
2303,2303,1649053.8948389,6085845.664143301,1.559711866
2304,2304,1641294.109945248,6085874.483300348,0.654358481
2305,2305,1643896.693695357,6085862.112985638,1.321224946
2306,2306,1643880.345771271,6085852.199352414,1.273607565
2307,2307,1649054.120833604,6085825.736854549,1.210241396
2308,2308,1649225.374521327,6085834.559527838,0.337746563
2309,2309,1641242.3849708,6085896.170015006,0.605474659
2310,2310,1642365.327662666,6085852.219305796,1.124352883
2311,2311,1642623.554922739,6085848.353584792,1.012066685
2312,2312,1643863.92742852,6085843.114443725,1.239819992
2313,2313,1653126.419772729,6085792.925249228,0.0926
2314,2314,1642372.083742025,6085839.817138889,1.074037022
2315,2315,1642631.66800447,6085838.352201018,1.001600017
2316,2316,1643831.237559921,6085833.310923192,1.225089295
2317,2317,1649111.074834405,6085843.986935538,1.110750167
2318,2318,1653134.018789756,6085782.421661966,1.381249998
2319,2319,1641107.36041074,6085834.426380095,1.024707294
2320,2320,1642611.218368712,6085828.139201288,0.742357136
2321,2321,1649052.945465389,6085801.232998368,1.343079679
2322,2322,1649135.22638185,6085795.404906829,1.104381802
2323,2323,1649225.156328167,6085794.708534244,0.400875012
2324,2324,1653297.00081876,6085771.698239507,1.473245594
2325,2325,1643698.32605287,6085819.594230397,1.24491935
2326,2326,1643774.018339078,6085813.663802085,1.170407421
2327,2327,1643790.501751701,6085812.652753906,1.181095247
2328,2328,1649086.403433459,6085790.485752983,1.301025185
2329,2329,1643737.67549671,6085803.731783556,1.148395453
2330,2330,1643961.652937675,6085802.058929916,1.585500015
2331,2331,1649118.963099498,6085775.363389716,1.20169996
2332,2332,1642498.711427659,6085816.046514965,1.082701046
2333,2333,1643676.108073574,6085799.983177747,1.196509526
2334,2334,1643692.290797018,6085788.427521913,1.194262487
2335,2335,1643830.468149433,6085787.187432509,1.15744147
2336,2336,1641081.75369977,6085785.111539703,1.020195236
2337,2337,1642362.096179583,6085779.84878221,1.040609477
2338,2338,1643724.692863982,6085773.529913028,1.094600001
2339,2339,1642774.141667687,6085767.935078796,0.984744491
2340,2340,1649118.579156925,6085735.717685158,1.133032592
2341,2341,1641072.871164598,6085765.702630345,1.015623364
2342,2342,1642353.842023826,6085759.961883018,0.976312505
2343,2343,1642786.199776913,6085757.788577584,0.892518992
2344,2344,1643737.433176178,6085753.918271502,1.080618167
2345,2345,1641194.876669175,6085755.58812733,0.614228791
2346,2346,1642503.13262772,6085753.575401076,1.069391707
2347,2347,1642521.032654526,6085739.246904723,1.064512443
2348,2348,1643916.296228085,6085807.059933739,1.259371645
2349,2349,1653433.587102074,6085812.098825119,1.038397992
2350,2350,1643712.684635295,6085745.337841606,0.974888749
2351,2351,1653133.205005967,6085673.03662504,0.683142846
2352,2352,1642321.01349563,6085720.264802656,0.918298561
2353,2353,1643724.568516849,6085713.548569721,0.865471269
2354,2354,1643868.623589589,6085719.991490283,1.095814964
2355,2355,1641068.20729288,6085730.915119523,1.016811573
2356,2356,1641218.548007992,6085785.896778122,0.582860425
2357,2357,1643740.840461317,6085703.506481746,0.78945206
2358,2358,1642305.198416136,6085699.847522059,0.837042254
2359,2359,1642589.830133773,6085709.758756189,1.046668099
2360,2360,1642769.729795514,6085698.215604353,0.854393949
2361,2361,1653157.675218257,6085642.798336414,1.348374993
2362,2362,1641080.990544535,6085702.966712625,1.394300061
2363,2363,1643748.90370278,6085683.541370869,0.933783344
2364,2364,1653202.928656567,6085633.148082054,1.412846873
2365,2365,1641097.120631355,6085686.603557372,2.079278087
2366,2366,1642606.431689445,6085679.065094169,1.06065512
2367,2367,1642718.15971062,6085767.350722026,0.703246445
2368,2368,1653173.877841076,6085622.776307304,1.399025005
2369,2369,1641113.21637722,6085676.244987149,0.989605247
2370,2370,1642288.765171546,6085670.134077178,0.817966253
2371,2371,1642777.747773423,6085668.288685865,0.933324982
2372,2372,1642650.505406641,6085687.098008353,1.097769114
2373,2373,1642785.860519343,6085658.287157131,0.929724998
2374,2374,1643031.180805325,6085655.823801541,1.201033897
2375,2375,1641121.145412315,6085656.092345502,0.994343746
2376,2376,1642793.973247109,6085648.285620759,0.958624988
2377,2377,1643748.70978901,6085643.690554162,1.096687528
2378,2378,1641218.318328448,6085653.996620513,0.555208326
2379,2379,1642802.085956716,6085638.284076747,0.98240001
2380,2380,1643781.135496604,6085633.774087932,0.918615654
2381,2381,1641080.211505257,6085627.117237964,1.064999984
2382,2382,1642819.952830792,6085620.265724271,1.019458537
2383,2383,1642916.232671552,6085617.814075012,1.066324939
2384,2384,1642932.719267385,6085617.531042894,1.043642823
2385,2385,1643758.405875495,6085622.990581911,1.097306608
2386,2386,1643780.989951869,6085603.885972897,0.671250004
2387,2387,1641316.756366854,6085604.654552029,0.80447951
2388,2388,1642255.225596253,6085600.951565142,0.604405059
2389,2389,1643087.499553167,6085597.069046573,1.562422227
2390,2390,1641128.865676714,6085596.48394915,1.007781838
2391,2391,1642247.065030108,6085590.97107347,0.842650681
2392,2392,1643764.787590893,6085593.79760717,0.587849998
2393,2393,1650692.66847039,6085547.4410705,1.266199967
2394,2394,1653189.785682017,6085552.940465596,1.450774981
2395,2395,1641079.859685746,6085586.745103616,1.074614042
2396,2396,1642239.893183548,6085580.543259552,0.995090824
2397,2397,1653205.958587537,6085527.936973634,1.464500005
2398,2398,1641112.096462749,6085580.844431961,1.031249966
2399,2399,1642140.792037005,6085572.394054377,0.982280713
2400,2400,1642164.371099694,6085570.772636303,0.984258634
2401,2401,1643772.542201721,6085568.852492243,0.484218186
2402,2402,1653214.030263646,6085512.944532256,1.494600017
2403,2403,1642120.341796129,6085561.800507586,1.006072294
2404,2404,1643764.593600943,6085553.946777605,0.212804877
2405,2405,1649013.199371586,6085526.06790153,1.761608171
2406,2406,1653230.321004004,6085507.866539357,1.288715253
2407,2407,1641054.083726083,6085609.47770947,1.244276473
2408,2408,1642173.090865896,6085551.294988722,0.923298238
2409,2409,1653246.582223349,6085497.807132878,1.321686398
2410,2410,1653328.153714452,6085492.34208225,1.407364416
2411,2411,1641128.826992224,6085551.446759877,1.017015634
2412,2412,1641332.638630216,6085545.734921451,0.908896553
2413,2413,1643030.748622365,6085607.517259904,1.104533277
2414,2414,1650680.113809259,6085515.597006239,1.102367414
2415,2415,1653271.078012541,6085488.886279441,1.297980211
2416,2416,1641316.553666274,6085560.548949116,0.690337
2417,2417,1653295.489900872,6085482.598246202,1.24020806
2418,2418,1641142.813580261,6085533.688233851,0.93793509
2419,2419,1642042.765007669,6085522.118854536,1.265076897
2420,2420,1642230.315351128,6085521.432843722,-0.519550016
2421,2421,1641161.284688639,6085511.446608196,0.839257848
2422,2422,1641340.781819826,6085505.641545467,0.896849998
2423,2423,1643740.176220732,6085493.964120628,-0.009083771
2424,2424,1645577.661319744,6085483.909965346,1.742150044
2425,2425,1650683.836655944,6085458.027619523,1.156939694
2426,2426,1641348.895995772,6085495.641324506,0.930400007
2427,2427,1643733.626847755,6085483.41319206,-0.098666645
2428,2428,1649011.168222454,6085462.116180085,1.335093209
2429,2429,1641169.330633265,6085486.502508278,0.784328755
2430,2430,1641977.168696153,6085482.766825172,1.008425021
2431,2431,1642527.967581711,6085480.178015443,-0.400837443
2432,2432,1642629.967388835,6085479.695011362,-0.31876666
2433,2433,1643726.830642453,6085470.947268228,-0.122799996
2434,2434,1645619.609330829,6085502.237884033,1.68236684
2435,2435,1646131.974006382,6085459.435766599,0.884499981
2436,2436,1646285.247661891,6085458.389127566,1.247047623
2437,2437,1641259.04476301,6085476.128209422,-0.269937483
2438,2438,1641495.964546503,6085470.124113331,-9999.0
2439,2439,1642560.561987555,6085470.407884325,0.129366074
2440,2440,1645560.90334392,6085454.298324825,1.661930231
2441,2441,1649019.192443988,6085437.16484594,1.243819997
2442,2442,1641177.3993481,6085466.539749507,0.767827169
2443,2443,1641201.354929885,6085470.84389626,0.729041668
2444,2444,1641479.325787891,6085465.141516604,1.036449966
2445,2445,1641851.338776585,6085460.279085407,0.942970591
2446,2446,1641919.955912336,6085463.107954308,1.01173334
2447,2447,1642421.793795449,6085460.753817779,-0.275454562
2448,2448,1646294.296601383,6085441.646605332,1.11343374
2449,2449,1641822.014689723,6085453.560615957,0.937506497
2450,2450,1645628.91316311,6085444.567429954,1.533572901
2451,2451,1641446.586208471,6085445.376949886,0.951357133
2452,2452,1641801.543792978,6085443.733490547,0.973952932
2453,2453,1645714.24157487,6085424.68892713,1.046750023
2454,2454,1646076.701930703,6085418.483787891,1.241000056
2455,2455,1649027.216619544,6085412.213508634,1.257412525
2456,2456,1649059.663137848,6085407.259301453,1.176392877
2457,2457,1650705.916383235,6085421.618492822,1.2507477
2458,2458,1641267.044624406,6085441.221373398,-0.030799999
2459,2459,1642516.882238682,6085437.565654163,0.870434529
2460,2460,1642548.379246416,6085431.234578276,3.717516143
2461,2461,1642752.130378479,6085429.300151417,-9999.0
2462,2462,1645722.350867775,6085414.684711594,0.963899995
2463,2463,1649035.29509049,6085397.224895149,1.160975049
2464,2464,1641534.478017549,6085440.49460018,1.071830767
2465,2465,1642564.491001749,6085425.387558277,1.765694581
2466,2466,1645535.211147086,6085404.836347332,0.834261543
2467,2467,1645730.773488438,6085401.356838024,0.87010109
2468,2468,1641275.067421903,6085411.295738687,-9999.0
2469,2469,1641590.238143648,6085408.597967571,0.98078769
2470,2470,1641731.999270185,6085404.204940266,0.980825014
2471,2471,1642578.568520131,6085408.3192507,1.034759155
2472,2472,1642917.452177805,6085401.373907182,0.929070088
2473,2473,1645558.996659895,6085384.898644519,0.32730769
2474,2474,1645746.682334151,6085385.39846677,0.74512479
2475,2475,1649043.319183525,6085372.273541122,1.179849977
2476,2476,1650736.119850483,6085371.131432148,1.231382094
2477,2477,1642597.148636193,6085390.520583672,1.091878364
2478,2478,1645762.444102978,6085374.537465362,0.678465128
2479,2479,1646195.733262233,6085377.394217496,-0.357924354
2480,2480,1649051.397590519,6085357.284911601,1.057407395
2481,2481,1650748.664532772,6085347.863865962,1.254200007
2482,2482,1641128.074958754,6085387.062312241,0.957624982
2483,2483,1642235.084471812,6085400.764288603,0.481603024
2484,2484,1642443.882998341,6085399.700623608,0.912141415
2485,2485,1642605.655850139,6085381.208340582,1.267632765
2486,2486,1643859.44229799,6085374.137857528,1.087571377
2487,2487,1645778.912316208,6085363.450251031,0.696062479
2488,2488,1646203.532164688,6085362.409662507,-0.692839493
2489,2489,1641111.847677229,6085377.759716844,0.965372545
2490,2490,1642096.863481125,6085454.035153263,0.569403107
2491,2491,1642176.574137592,6085372.24123918,-9999.0
2492,2492,1642233.693311189,6085371.973274895,0.916437508
2493,2493,1642338.634489577,6085372.510923264,0.925178005
2494,2494,1642436.849300214,6085372.775322678,1.299636374
2495,2495,1642613.883580359,6085370.968004295,1.059050863
2496,2496,1645509.889484394,6085355.984922958,0.509999997
2497,2497,1645799.091255937,6085353.2854787,0.705232317
2498,2498,1649059.47597012,6085342.2962796,0.989644422
2499,2499,1650757.076602706,6085334.524451768,1.260586764
2500,2500,1642101.752241853,6085373.321842085,0.368257974
2501,2501,1642156.12784155,6085362.374157374,-9999.0
2502,2502,1642257.184682297,6085369.716161651,0.887041856
2503,2503,1642641.640284649,6085360.084583631,0.989952682
2504,2504,1645819.622202697,6085344.08919024,0.732562094
2505,2505,1649067.55432239,6085327.307634306,1.017288898
2506,2506,1641992.822468774,6085357.08264282,0.630200008
2507,2507,1642286.770014609,6085358.484587433,0.916098751
2508,2508,1642306.998215134,6085352.36271594,0.951805551
2509,2509,1645485.51821169,6085335.951751978,0.787986663
2510,2510,1645836.187547467,6085335.127661504,0.77300001
2511,2511,1646030.914563363,6085333.795675277,1.37803997
2512,2512,1649075.659841004,6085317.300353429,1.056549975
2513,2513,1641935.718118073,6085343.479404787,0.674146605
2514,2514,1642129.164347006,6085350.329310567,-0.518599992
2515,2515,1642629.791057335,6085346.330141988,1.281623963
2516,2516,1642655.436441177,6085344.078448419,1.006835002
2517,2517,1645509.734542572,6085325.370198958,0.013777767
2518,2518,1646349.238320158,6085321.443583427,0.921709662
2519,2519,1650772.607299145,6085297.608629819,1.367296305
2520,2520,1641907.11221925,6085333.649935144,0.738212511
2521,2521,1642117.077398824,6085334.52077339,-9999.0
2522,2522,1645876.715270764,6085314.472824153,0.794035721
2523,2523,1649124.53757105,6085302.088822415,0.832606751
2524,2524,1641817.305955773,6085323.758203389,0.956508607
2525,2525,1641845.867010527,6085323.972183357,0.944275002
2526,2526,1642091.903750888,6085331.547892778,-0.567116267
2527,2527,1642637.902922558,6085326.482096798,1.233909054
2528,2528,1642931.173267173,6085328.817745705,0.188471906
2529,2529,1649116.296027792,6085287.189314221,0.822024993
2530,2530,1642082.309984914,6085315.89082158,-9999.0
2531,2531,1642645.525376838,6085310.298298254,1.084795396
2532,2532,1643657.303258616,6085305.394866237,-0.020388771
2533,2533,1645460.627828565,6085296.456298611,0.567624987
2534,2534,1641662.176766177,6085304.5526245,0.788353982
2535,2535,1641747.856514135,6085304.501980976,0.808278762
2536,2536,1641792.24137501,6085313.86842739,0.860071601
2537,2537,1642669.214497159,6085308.488350394,1.047070133
2538,2538,1649059.068199029,6085267.575732609,0.906512001
2539,2539,1641424.031540758,6085299.222723613,0.56601793
2540,2540,1642064.854796814,6085306.557890126,-9999.0
2541,2541,1643632.678684368,6085275.62558776,2.193609533
2542,2542,1643877.577095277,6085274.06061883,1.076702153
2543,2543,1649066.953100244,6085247.810944195,0.586418805
2544,2544,1641168.967516183,6085277.28318445,0.952808518
2545,2545,1645892.896130933,6085254.408030272,0.493975001
2546,2546,1641074.499561132,6085267.452049157,0.556000006
2547,2547,1641086.204766687,6085272.112827196,0.536482152
2548,2548,1642011.998893796,6085280.727940845,-9999.0
2549,2549,1642832.970263153,6085269.508452708,-0.194737059
2550,2550,1649026.211456758,6085227.902837734,0.912388263
2551,2551,1641086.471635694,6085247.976211707,0.021499997
2552,2552,1641298.738416057,6085240.075376076,0.224187498
2553,2553,1641429.287541301,6085234.233262498,-9999.0
2554,2554,1641626.637264896,6085240.065366147,-9999.0
2555,2555,1645415.295679496,6085207.018696296,0.008962501
2556,2556,1646404.868188106,6085200.466413198,0.756624999
2557,2557,1641378.836960147,6085277.047352541,0.800378316
2558,2558,1642663.764871438,6085222.79440473,1.126046441
2559,2559,1643085.276018352,6085206.856420101,0.740964621
2560,2560,1643411.978973412,6085196.990560808,1.167975026
2561,2561,1643542.538257474,6085197.085569388,0.769531255
2562,2562,1643559.020558248,6085196.074934051,0.973298233
2563,2563,1645378.476166258,6085187.278692461,-0.169955549
2564,2564,1648952.447621827,6085168.526579313,0.848137935
2565,2565,1648985.086781943,6085168.34865364,-0.501287517
2566,2566,1650755.589517142,6085158.730802211,1.328350833
2567,2567,1641029.555858113,6085197.871687044,0.545824336
2568,2568,1643126.340472214,6085188.402513541,0.88041249
2569,2569,1643348.124134165,6085184.66740203,1.134250037
2570,2570,1643876.866965356,6085184.566196724,1.069854487
2571,2571,1646435.366600879,6085167.230356273,0.839999974
2572,2572,1648936.073911657,6085158.652638168,0.672075003
2573,2573,1642678.005786263,6085187.197951743,1.20470746
2574,2574,1643040.154018466,6085179.51748646,0.880093755
2575,2575,1643098.164095506,6085179.155228328,0.876145443
2576,2576,1643332.141471457,6085173.849233912,1.100062519
2577,2577,1643389.080783251,6085190.67146313,1.214667148
2578,2578,1643432.821245364,6085181.232915345,1.062264788
2579,2579,1646443.913818371,6085157.682541102,0.884000003
2580,2580,1648911.91790613,6085148.11277633,0.888423432
2581,2581,1648952.335202949,6085147.874527886,-0.288619986
2582,2582,1641110.595084677,6085205.126981661,0.665303076
2583,2583,1642686.347085741,6085171.319196776,1.220575714
2584,2584,1642990.154115502,6085172.302234883,0.988465858
2585,2585,1643315.906367056,6085163.881474864,1.079000044
2586,2586,1643517.744491961,6085166.794653755,0.739862094
2587,2587,1648935.965360541,6085138.727199038,-0.205650003
2588,2588,1641004.676870405,6085168.442133763,0.110712492
2589,2589,1641110.586423163,6085168.162716145,0.937321424
2590,2590,1643022.736271496,6085166.560182018,0.917353694
2591,2591,1643044.43374904,6085159.110597963,0.909857121
2592,2592,1643145.513824222,6085167.842222827,0.867314685
2593,2593,1643305.966412536,6085156.448439781,1.053967699
2594,2594,1648919.587778194,6085128.126759046,-0.322274509
2595,2595,1641074.034224987,6085168.125489719,1.00508703
2596,2596,1641094.221500067,6085158.274637021,1.003175464
2597,2597,1643171.027574046,6085148.336259387,0.948924999
2598,2598,1644986.559333286,6085139.433568452,0.343600003
2599,2599,1648903.218060453,6085118.979353489,-0.470824996
2600,2600,1642701.89241886,6085145.756727525,0.978943397
2601,2601,1643187.299087096,6085138.295160937,0.971912474
2602,2602,1643910.025866223,6085134.793853376,1.000679256
2603,2603,1644905.081596782,6085129.105838041,-0.020242424
2604,2604,1645006.933578257,6085134.350100011,-0.229631248
2605,2605,1648886.844432669,6085109.105394922,-0.094613346
2606,2606,1650679.488667662,6085138.067674801,1.069879305
2607,2607,1640988.221211318,6085138.628467504,0.453091665
2608,2608,1644880.383741413,6085120.038437978,0.268325002
2609,2609,1646483.066940367,6085119.957561911,1.522680514
2610,2610,1643918.088199514,6085114.828565274,1.028857123
2611,2611,1644912.97261275,6085109.912784023,-0.124624999
2612,2612,1642709.93854313,6085115.891805921,0.928318466
2613,2613,1643925.604205486,6085104.828891212,1.033749993
2614,2614,1646503.694766271,6085098.617265834,1.117444475
2615,2615,1640963.606025703,6085108.851958402,0.699074995
2616,2616,1642889.304462626,6085104.851635627,-0.691762505
2617,2617,1644814.957309073,6085090.475960511,0.473116882
2618,2618,1644868.669805597,6085099.41263584,0.318409499
2619,2619,1650620.556516922,6085059.310199666,1.026284381
2620,2620,1640909.110027942,6085095.011084795,0.991678621
2621,2621,1642717.880831728,6085090.723510871,0.870099995
2622,2622,1650591.777336478,6085050.060496379,1.024896542
2623,2623,1650608.094375231,6085049.560004114,1.030963607
2624,2624,1644782.354387162,6085070.533206432,0.690106666
2625,2625,1640894.358494872,6085079.486585878,1.088644452
2626,2626,1642897.345312495,6085079.905928059,-0.426529152
2627,2627,1650612.467178797,6085034.57979653,1.054999948
2628,2628,1642724.319853378,6085067.956612223,0.860228829
2629,2629,1643949.671284437,6085054.692174069,1.09153566
2630,2630,1644010.881551221,6085054.454054352,1.097386296
2631,2631,1644031.439287215,6085055.222796008,1.115166659
2632,2632,1650591.609118039,6085020.172239045,1.086209427
2633,2633,1644080.348102836,6085045.020132449,1.099819803
2634,2634,1642734.38611304,6085046.909111463,0.871342864
2635,2635,1642742.225344617,6085030.993488922,0.901714269
2636,2636,1644087.909096728,6085019.871344721,1.051306083
2637,2637,1646560.710525579,6085001.899057311,1.310274953
2638,2638,1648602.507516474,6084989.863441425,0.222829268
2639,2639,1640980.962140605,6085080.666337882,1.017103035
2640,2640,1640922.423789749,6085011.176750314,1.475041715
2641,2641,1644104.582495276,6084995.086480048,1.053958304
2642,2642,1644805.472310269,6085042.456568812,0.105630492
2643,2643,1646573.842338319,6084988.223693446,1.334876354
2644,2644,1642755.369997109,6085007.356943949,1.003863135
2645,2645,1642823.789360507,6084995.571703642,0.990163951
2646,2646,1644692.0176088,6084981.495511908,1.728041068
2647,2647,1646584.863851587,6084971.689995969,1.350039427
2648,2648,1642937.667477413,6084980.083986209,-0.872000009
2649,2649,1644137.191638038,6084973.597117463,1.024761873
2650,2650,1646592.666630275,6084961.37397268,1.399637625
2651,2651,1642766.713464083,6084976.808709448,1.032201415
2652,2652,1642945.755569459,6084965.101000261,-0.150818175
2653,2653,1644145.012663847,6084954.105400709,1.020875016
2654,2654,1642774.467675183,6084956.206161288,1.022450982
2655,2655,1642953.843740612,6084950.117857644,-9999.0
2656,2656,1644746.183269013,6084961.945416781,0.172002103
2657,2657,1646605.074677393,6084940.84191939,1.348936909
2658,2658,1644660.185637156,6084931.157003996,0.662181803
2659,2659,1646617.345800858,6084921.815635621,1.307148128
2660,2660,1642782.422909583,6084935.991078566,1.042309905
2661,2661,1644700.850278528,6084931.430931139,0.331061226
2662,2662,1644679.431630597,6084911.817316694,0.272588236
2663,2663,1646630.927974003,6084904.364301417,1.260836374
2664,2664,1648603.849395586,6084927.786312696,-0.213301614
2665,2665,1643459.325981989,6084898.077761468,1.041981782
2666,2666,1644658.958662774,6084896.974615381,0.358549998
2667,2667,1646655.328588641,6084884.026335278,1.233921492
2668,2668,1646674.248177468,6084871.760714422,1.242625007
2669,2669,1644658.834913258,6084872.067811233,0.244499999
2670,2670,1643002.419453073,6084870.182109975,-9999.0
2671,2671,1648999.613941915,6084839.489335805,0.887668571
2672,2672,1649068.969568283,6084839.110773417,-0.467961146
2673,2673,1642783.981490021,6084861.291739393,1.14895004
2674,2674,1649015.878702332,6084829.437390307,2.198620676
2675,2675,1643010.483603016,6084850.217669779,0.396499999
2676,2676,1649032.22160045,6084828.366976871,0.234758236
2677,2677,1649119.669828502,6084826.103394152,-0.405315128
2678,2678,1642792.456585549,6084844.791521025,1.11276042
2679,2679,1643026.754628167,6084840.176750828,-9999.0
2680,2680,1649073.222498023,6084817.788255999,1.810320449
2681,2681,1643034.866473795,6084830.175049864,-9999.0
2682,2682,1644185.88790999,6084814.62745537,0.505839997
2683,2683,1649117.339123476,6084799.470270499,1.085470589
2684,2684,1642838.470484199,6084886.721524524,1.014525729
2685,2685,1649175.985233268,6084791.973403992,-0.454749977
2686,2686,1650418.505973255,6084776.277825617,0.961021892
2687,2687,1646715.499912605,6084824.873638126,1.231281497
2688,2688,1648966.363419579,6084769.744122933,0.186770272
2689,2689,1649141.772397482,6084779.354193094,1.904334315
2690,2690,1649219.537601728,6084768.546338974,-0.59373333
2691,2691,1643067.313038463,6084790.167875602,-9999.0
2692,2692,1644634.084480337,6084817.39446868,0.242190376
2693,2693,1649231.722120633,6084758.51658849,-0.61184968
2694,2694,1644608.861162411,6084777.100232148,0.356106192
2695,2695,1649183.142014961,6084749.400073272,0.439387378
2696,2696,1643078.112628659,6084773.511178176,0.167590914
2697,2697,1648428.035572963,6084738.840875881,0.220999998
2698,2698,1649829.08526887,6084735.298623567,1.11014442
2699,2699,1646768.234192796,6084758.536937061,1.296377664
2700,2700,1648450.646748693,6084736.95869522,0.031790931
2701,2701,1649159.38808999,6084745.137908485,1.854307441
2702,2702,1649195.009676439,6084729.032824761,0.547684205
2703,2703,1649258.382224961,6084734.576282571,-0.48397801
2704,2704,1644595.155409953,6084740.115217639,0.132227905
2705,2705,1649179.052370583,6084716.954764087,0.837661124
2706,2706,1649292.644444831,6084708.367307724,-0.739166686
2707,2707,1648931.480442511,6084721.040325755,0.416464149
2708,2708,1648937.658547216,6084700.344276446,0.896209093
2709,2709,1649186.51829938,6084698.985837067,1.10844445
2710,2710,1642585.793743926,6084722.443870264,1.067897144
2711,2711,1642616.705210198,6084733.244384328,1.093690754
2712,2712,1642655.395904606,6084721.726828841,1.11328824
2713,2713,1643128.173584401,6084720.13535771,0.321181825
2714,2714,1646789.04225196,6084716.361720478,1.294359941
2715,2715,1648394.842948182,6084693.524730024,0.797381827
2716,2716,1648418.252454364,6084713.235106904,0.421538929
2717,2717,1649202.809703138,6084693.915145813,0.989649997
2718,2718,1649635.538567898,6084691.535809447,1.196342565
2719,2719,1642675.118837232,6084712.539432533,1.112965176
2720,2720,1644560.081832367,6084703.187497193,-0.140349994
2721,2721,1649307.770889065,6084687.044791563,-0.488301144
2722,2722,1649805.468884907,6084700.242770886,1.1690642
2723,2723,1643146.258546144,6084707.335551366,-9999.0
2724,2724,1644513.453316468,6084690.069434768,0.573333343
2725,2725,1644543.710263011,6084692.579214977,-0.113963631
2726,2726,1646809.577500568,6084679.091196788,1.453937516
2727,2727,1648394.901909514,6084673.393995282,0.559787498
2728,2728,1649224.938474047,6084676.099185727,0.882244131
2729,2729,1649708.550632574,6084666.224654431,1.207352003
2730,2730,1649745.265617185,6084665.674504959,1.20319998
2731,2731,1649765.665818918,6084665.908594531,1.199124986
2732,2732,1643156.587615793,6084690.11027793,0.007962969
2733,2733,1649235.256016406,6084658.866791747,0.878425008
2734,2734,1649327.275861559,6084661.112274531,-0.126462485
2735,2735,1642669.157878411,6084688.331709463,1.012327461
2736,2736,1643201.415875049,6084679.931780987,-9999.0
2737,2737,1644530.483332183,6084676.212779071,-0.155931029
2738,2738,1649243.367112316,6084648.867103755,0.93864999
2739,2739,1649349.431615943,6084648.27740607,-9999.0
2740,2740,1642718.104544266,6084681.555118294,1.024758233
2741,2741,1643050.589940385,6084670.89704969,0.73358622
2742,2742,1649251.572569875,6084638.986270496,0.966873567
2743,2743,1649357.53621782,6084638.269852146,-9999.0
2744,2744,1642503.720330709,6084663.313926084,1.065349965
2745,2745,1649365.640779854,6084628.262289275,-9999.0
2746,2746,1642496.183614834,6084652.847405809,1.083152756
2747,2747,1642904.762232323,6084652.197111936,0.922883449
2748,2748,1643133.220856603,6084651.1036101,1.134894211
2749,2749,1649268.225256262,6084619.601513903,0.96036922
2750,2750,1649373.745323716,6084618.254718752,-9999.0
2751,2751,1643082.749031254,6084640.854119126,0.960892853
2752,2752,1648353.783901317,6084613.837037433,-0.49251614
2753,2753,1649308.916325575,6084613.10709572,0.753859653
2754,2754,1649381.849808212,6084608.247127838,-9999.0
2755,2755,1644510.830044054,6084643.653780005,-0.420892495
2756,2756,1649284.520326288,6084599.475810463,1.00027276
2757,2757,1642479.96664097,6084622.501813726,1.466040027
2758,2758,1646868.528376055,6084601.574810613,1.170157905
2759,2759,1649325.125491665,6084593.092049965,0.842107136
2760,2760,1649392.166953513,6084591.014659867,0.15977773
2761,2761,1642682.804993145,6084612.873553382,0.784071423
2762,2762,1646884.963249455,6084591.730402947,1.014799976
2763,2763,1649406.163208542,6084578.224510845,-9999.0
2764,2764,1642463.024921052,6084603.212281295,1.482249711
2765,2765,1642756.19038559,6084602.561799821,0.865017554
2766,2766,1643011.026884536,6084609.780648004,1.262810085
2767,2767,1643343.818556689,6084599.542633406,-9999.0
2768,2768,1644089.016774629,6084602.394604769,0.155147733
2769,2769,1646893.070485276,6084581.725098034,0.940049973
2770,2770,1648860.967032456,6084588.445668814,0.308358907
2771,2771,1649309.074041655,6084577.185567572,1.016155477
2772,2772,1642454.419689916,6084593.8250859,2.125918815
2773,2773,1642535.84512392,6084593.644404017,0.920620682
2774,2774,1642568.481843248,6084593.489882695,0.895543866
2775,2775,1643218.710366774,6084614.687967565,0.953461901
2776,2776,1646901.17770293,6084571.719785472,0.882950015
2777,2777,1648370.378744343,6084580.502983023,-0.402911771
2778,2778,1649324.680210475,6084565.800741873,0.98342759
2779,2779,1649372.72146926,6084566.794451382,0.790835286
2780,2780,1649389.569046649,6084558.593930442,0.736956153
2781,2781,1649414.212968607,6084558.254125766,0.047666686
2782,2782,1643075.919442978,6084593.021793036,2.297348271
2783,2783,1643302.950517909,6084584.795343688,0.867143752
2784,2784,1646909.288694043,6084562.44091427,0.855672717
2785,2785,1648394.25824002,6084553.84104145,-9999.0
2786,2786,1649349.050918432,6084548.851821884,1.00794807
2787,2787,1649422.31732842,6084548.246365161,0.050000057
2788,2788,1642552.069144676,6084573.64173027,0.975178544
2789,2789,1642907.159064723,6084571.74918449,0.053925001
2790,2790,1643152.622075203,6084578.261023264,1.344828288
2791,2791,1643172.262846821,6084572.831214914,1.034249973
2792,2792,1643335.515174672,6084569.693956532,1.693800009
2793,2793,1648377.912937913,6084548.947563777,0.265563742
2794,2794,1649357.170982085,6084538.86320613,1.287415546
2795,2795,1649430.421802443,6084538.238768067,-0.602000028
2796,2796,1643372.231468682,6084569.516883566,0.305066229
2797,2797,1648834.746584291,6084531.53231962,0.378461547
2798,2798,1649438.526172351,6084528.23118577,-9999.0
2799,2799,1650310.621169644,6084524.502505007,1.250902426
2800,2800,1642433.331999533,6084573.391334921,1.107255309
2801,2801,1642474.629303317,6084553.877821566,1.071289769
2802,2802,1642703.685201247,6084553.184789279,0.479084887
2803,2803,1643392.364814438,6084549.289439125,0.544978257
2804,2804,1648385.938037739,6084523.996771061,0.465749629
2805,2805,1649373.197903231,6084518.627349405,0.994524991
2806,2806,1650288.023578634,6084514.442536118,1.227503188
2807,2807,1642516.334233058,6084550.589574404,1.065301029
2808,2808,1643343.975129482,6084546.726160361,2.015051478
2809,2809,1643414.675029544,6084549.493723614,-9999.0
2810,2810,1646939.878012609,6084534.240251123,0.774489158
2811,2811,1650209.888737051,6084504.60938114,1.128163648
2812,2812,1642536.072001515,6084540.613950682,1.082257543
2813,2813,1642800.957795615,6084595.678969497,0.767576489
2814,2814,1643441.391767269,6084529.330904166,-9999.0
2815,2815,1648821.477964489,6084508.910806634,0.107790695
2816,2816,1649453.651987845,6084506.908387245,-0.259333322
2817,2817,1650184.463655988,6084494.872643375,1.12207807
2818,2818,1650249.811322816,6084493.946549444,1.200079288
2819,2819,1643352.849487362,6084530.887819653,2.367303561
2820,2820,1649381.391059699,6084499.211613493,1.149437679
2821,2821,1650170.388737801,6084484.32330336,1.128580816
2822,2822,1642560.47483238,6084521.285331735,1.213775692
2823,2823,1646967.649484285,6084502.126358723,0.713543856
2824,2824,1648393.882674482,6084484.101806292,-9999.0
2825,2825,1649389.318579594,6084478.71272197,0.979725003
2826,2826,1649438.085883694,6084478.622743899,0.811824546
2827,2827,1649941.585065544,6084489.593192509,1.098343983
2828,2828,1649397.515646344,6084468.821091382,0.938506307
2829,2829,1649479.047831433,6084478.1929317,-0.498466694
2830,2830,1649993.187198832,6084465.580695085,1.232920006
2831,2831,1643368.058315488,6084506.843202895,0.979999959
2832,2832,1643445.709034673,6084490.038852758,0.946795455
2833,2833,1649503.415486523,6084458.132637384,-9999.0
2834,2834,1643392.464472124,6084481.110852892,2.105076914
2835,2835,1643480.984153145,6084498.674151919,0.360786961
2836,2836,1644412.082163575,6084474.771793999,-0.489949992
2837,2837,1649414.064493048,6084449.263519123,0.982400009
2838,2838,1649443.420550893,6084455.206807824,0.881744384
2839,2839,1649515.599235993,6084448.102476618,-0.894674994
2840,2840,1650008.630666419,6084445.372585841,1.126833267
2841,2841,1648797.439114964,6084465.840471541,0.332130704
2842,2842,1649422.391559902,6084439.592090043,1.105076942
2843,2843,1649527.783045089,6084438.072271842,-0.920209325
2844,2844,1644395.665557137,6084454.926968262,-0.305450001
2845,2845,1647008.836509081,6084444.388376531,0.642459329
2846,2846,1649430.740398597,6084430.012301403,0.964452832
2847,2847,1649544.04637123,6084428.019478991,-0.496433992
2848,2848,1644109.882905891,6084446.575522568,0.638535718
2849,2849,1649446.095819299,6084418.612517693,0.964187507
2850,2850,1649584.786787797,6084417.831885301,0.904024982
2851,2851,1643428.41552816,6084456.903991,2.23026021
2852,2852,1643501.689577652,6084440.037610643,0.830353968
2853,2853,1647022.809851517,6084426.620552131,0.680387487
2854,2854,1649911.094908722,6084406.062534745,1.167975011
2855,2855,1643465.411340961,6084434.566825106,0.943100591
2856,2856,1643561.787456264,6084438.338691429,0.727097645
2857,2857,1644110.119757124,6084426.648431512,0.114142838
2858,2858,1649462.528844882,6084398.883519621,0.950891902
2859,2859,1649919.202682691,6084396.780910729,1.177811328
2860,2860,1650375.915440085,6084393.219293152,1.238565205
2861,2861,1643484.408939677,6084426.17246003,0.841017243
2862,2862,1643522.452274099,6084419.346333259,0.926466676
2863,2863,1643604.042670534,6084418.950817137,-9999.0
2864,2864,1644030.560250976,6084418.426456281,0.798982441
2865,2865,1648368.922710166,6084394.568887564,-9999.0
2866,2866,1643538.746201395,6084414.28593491,0.875087511
2867,2867,1643555.040110715,6084409.225501399,0.868762494
2868,2868,1643571.358171565,6084409.146369355,0.863525014
2869,2869,1643616.232862486,6084408.928593026,-9999.0
2870,2870,1644081.838492123,6084421.514427233,0.60695783
2871,2871,1649479.14174693,6084379.446750152,0.872550712
2872,2872,1643587.627875428,6084399.104550521,0.805225014
2873,2873,1643628.422944188,6084398.906463974,-9999.0
2874,2874,1644379.361016354,6084400.211166706,-0.192306317
2875,2875,1647030.734281842,6084381.745254149,0.614449991
2876,2876,1649580.645623827,6084387.496684404,0.115975875
2877,2877,1650355.972288178,6084364.309042772,1.185772733
2878,2878,1643603.897561603,6084389.062669318,0.701925013
2879,2879,1643644.692711897,6084388.864447404,-9999.0
2880,2880,1644077.116249202,6084386.027717517,-0.708925927
2881,2881,1650389.947646791,6084368.235262503,1.22851877
2882,2882,1643987.322076754,6084377.231045579,-9999.0
2883,2883,1644068.911978885,6084376.831384993,-0.692355595
2884,2884,1644372.097205199,6084376.072557497,-0.098674845
2885,2885,1648360.602851689,6084364.72438099,-9999.0
2886,2886,1649519.585512652,6084370.970642434,0.861583588
2887,2887,1643658.696702114,6084376.083323624,-9999.0
2888,2888,1649545.265324166,6084346.147957474,0.98063314
2889,2889,1643987.224491988,6084357.305678906,-9999.0
2890,2890,1644060.679719146,6084361.927270265,-0.386366008
2891,2891,1647047.012127947,6084342.012581244,0.691508786
2892,2892,1649568.184361718,6084334.240216526,0.951338023
2893,2893,1643644.499042836,6084349.013750774,0.875216003
2894,2894,1644052.447544668,6084347.023295452,0.302629631
2895,2895,1647039.227522216,6084331.885996457,0.491785713
2896,2896,1649610.680996102,6084331.334093029,0.697686199
2897,2897,1647054.303471426,6084321.844056869,0.598823525
2898,2898,1649654.484879279,6084314.795140354,0.528962569
2899,2899,1643652.561223584,6084329.048676319,0.87819474
2900,2900,1643684.466344246,6084343.774009686,-9999.0
2901,2901,1648705.197691639,6084306.793903262,0.645023872
2902,2902,1649674.1364311,6084303.900396253,0.577498447
2903,2903,1636984.682285781,6084345.260184044,1.075272717
2904,2904,1643709.625419307,6084318.808215824,-9999.0
2905,2905,1649690.166320587,6084292.7115822,-0.24531618
2906,2906,1643660.623367753,6084309.083593691,0.84950327
2907,2907,1643717.735991679,6084308.805905335,-9999.0
2908,2908,1649698.242648873,6084277.722324997,0.563111074
2909,2909,1647069.03315223,6084294.368547198,0.656882141
2910,2910,1648684.478807632,6084280.780755185,0.546856803
2911,2911,1649714.533010409,6084272.650691557,-0.162439599
2912,2912,1643668.685475346,6084289.118502897,0.899586856
2913,2913,1643733.956812245,6084288.801080002,-9999.0
2914,2914,1648669.937743766,6084263.219860887,0.287482142
2915,2915,1637818.714665794,6084306.404747378,0.921148152
2916,2916,1643742.067327795,6084278.798596798,-9999.0
2917,2917,1644361.36060684,6084310.234926266,-0.009169697
2918,2918,1648287.672843402,6084254.694782343,-0.55091488
2919,2919,1649728.500792947,6084254.878591617,0.601045223
2920,2920,1650447.776008245,6084283.403532885,1.070795453
2921,2921,1637788.118558516,6084292.277951663,0.901833311
2922,2922,1637802.354995862,6084296.510707994,0.896958829
2923,2923,1643676.747546361,6084269.15340393,0.884943735
2924,2924,1649739.312098414,6084239.106813336,1.952115186
2925,2925,1637778.551069767,6084283.93015972,0.879454569
2926,2926,1637818.461295169,6084285.957927194,0.843999996
2927,2927,1643754.208613089,6084258.813489104,-9999.0
2928,2928,1647090.625739147,6084254.352613009,0.508456902
2929,2929,1648294.634588898,6084235.559663262,-9999.0
2930,2930,1649755.343389258,6084227.958125687,1.842261366
2931,2931,1636922.674695464,6084279.850072389,0.688195841
2932,2932,1637770.392327674,6084275.051895973,0.841803278
2933,2933,1647119.533793921,6084232.039442016,0.487428575
2934,2934,1649763.859919212,6084218.786124164,2.071478177
2935,2935,1649811.970554207,6084217.51858863,-0.303944437
2936,2936,1649999.791584551,6084216.271211351,1.132649986
2937,2937,1636952.88331547,6084314.657797931,0.917254985
2938,2938,1647127.806688546,6084221.828723482,0.435525003
2939,2939,1649779.583443501,6084207.712086099,1.059774803
2940,2940,1643684.761150275,6084239.225579122,0.893149998
2941,2941,1647136.079564088,6084211.617995038,0.386321436
2942,2942,1649951.224594831,6084236.893266471,1.143122752
2943,2943,1636937.327502724,6084254.548508717,0.394641505
2944,2944,1648090.205394768,6084196.642950876,0.264615381
2945,2945,1649804.379404237,6084192.579903024,2.413578436
2946,2946,1649859.406140191,6084193.080813572,-0.102064391
2947,2947,1649909.711430179,6084187.087074175,0.926931017
2948,2948,1647396.928081937,6084188.356218414,0.327700005
2949,2949,1649828.473134202,6084177.792472799,1.077657146
2950,2950,1649876.591886164,6084177.103568586,0.18137928
2951,2951,1637720.482968585,6084226.372334884,1.001555579
2952,2952,1643692.726259112,6084199.335005406,0.910949978
2953,2953,1647181.663579563,6084188.135526579,0.65300745
2954,2954,1647315.251283273,6084180.99150969,0.394800004
2955,2955,1649844.692292641,6084173.333037456,0.881139231
2956,2956,1649911.069746105,6084167.682025998,0.008513538
2957,2957,1650407.192595285,6084169.387446213,0.792136072
2958,2958,1647273.202691971,6084177.919404789,0.480015193
2959,2959,1649860.973192041,6084164.000078278,0.879973782
2960,2960,1650118.193187484,6084156.413749623,1.060990896
2961,2961,1650367.367737859,6084158.41269383,0.963628196
2962,2962,1636936.616918907,6084214.132437726,0.753861612
2963,2963,1648604.241999272,6084154.186184003,0.519524992
2964,2964,1649885.210062263,6084153.943596297,0.968984377
2965,2965,1649942.291655695,6084146.849470221,0.34289475
2966,2966,1650015.555061512,6084146.646319279,1.016879307
2967,2967,1650090.453644176,6084146.757769487,1.159270927
2968,2968,1650309.478501763,6084152.213283171,0.902238285
2969,2969,1637018.994749077,6084204.398145658,1.011169474
2970,2970,1643692.580938597,6084169.446828001,0.878823524
2971,2971,1649958.679581908,6084143.155686154,0.298728376
2972,2972,1649974.871622315,6084136.705273183,-0.534647732
2973,2973,1650036.493706868,6084136.942890537,0.912929546
2974,2974,1650253.574825992,6084135.883954483,0.830549368
2975,2975,1650316.906725938,6084137.342600003,0.966046516
2976,2976,1636928.307647831,6084189.826980862,0.506307696
2977,2977,1637665.216953155,6084185.99647389,1.088647103
2978,2978,1637916.113748121,6084185.713387253,0.910454089
2979,2979,1647967.74646492,6084137.680281818,0.660249992
2980,2980,1649991.314270729,6084132.904618102,0.301500013
2981,2981,1650154.451117274,6084132.293689415,0.638271615
2982,2982,1637026.766730037,6084179.458971431,0.978149986
2983,2983,1637788.775095375,6084207.301511099,1.010643109
2984,2984,1637801.849033424,6084176.231909082,1.059199944
2985,2985,1643700.047932784,6084149.484594235,0.898599997
2986,2986,1650015.718624683,6084122.239741245,0.240769239
2987,2987,1650187.143861728,6084116.992301187,1.127271444
2988,2988,1637899.545711571,6084166.061844668,0.2244375
2989,2989,1644377.337174469,6084191.336935917,0.213765087
2990,2990,1647977.509733977,6084119.777721744,-0.12379114
2991,2991,1648562.840719887,6084132.329221689,0.069069819
2992,2992,1637897.166525815,6084247.001495739,0.955344472
2993,2993,1648524.675720502,6084112.013863563,0.429214912
2994,2994,1637124.568950978,6084154.148299168,1.356834092
2995,2995,1647549.166375306,6084163.260809589,0.501414595
2996,2996,1644362.024386587,6084143.128005452,0.708295928
2997,2997,1637024.278908477,6084119.69203955,1.032653084
2998,2998,1643708.53510678,6084094.647027162,0.928703916
2999,2999,1636938.426023822,6084111.156500086,0.873428589
3000,3000,1637657.283717322,6084121.130728628,1.159325317
3001,3001,1637914.007252064,6084120.900501076,0.469934983
3002,3002,1644295.890657715,6084076.826257238,-0.049849998
3003,3003,1637944.290837766,6084095.928569603,0.966879166
3004,3004,1637960.136093054,6084085.31825073,0.990353271
3005,3005,1637664.379091426,6084083.425231003,1.203687467
3006,3006,1637910.339767443,6084088.591209841,0.990169375
3007,3007,1643708.545712224,6084049.970654137,0.964774765
3008,3008,1644246.742008847,6084037.216692979,0.179074999
3009,3009,1637670.858135532,6084062.275295758,1.189574981
3010,3010,1643715.783894004,6084029.852498805,0.963745438
3011,3011,1648491.826923849,6083985.825037835,-0.314456314
3012,3012,1637129.095727192,6084111.28611347,0.9109832
3013,3013,1637915.471648334,6084033.53576177,0.918064498
3014,3014,1637172.964989966,6084019.449537307,0.026645003
3015,3015,1637206.596324525,6084018.445290287,0.674332202
3016,3016,1637907.111353886,6083985.767384867,1.100291431
3017,3017,1638131.631881034,6084024.367558866,0.996126992
3018,3018,1637091.3002494,6083960.214120656,1.166745457
3019,3019,1643923.938099658,6083929.207742324,0.532287495
3020,3020,1648231.67814739,6083907.117467689,-0.110019586
3021,3021,1648302.019323862,6083906.53509813,-9999.0
3022,3022,1636962.53769598,6083951.152837548,1.220488882
3023,3023,1637295.054772366,6083949.203554126,1.172000003
3024,3024,1637825.52892939,6083947.190448842,1.179614036
3025,3025,1637915.125876485,6083951.589961449,1.186299998
3026,3026,1643909.410044856,6083919.315777592,0.765391749
3027,3027,1648521.258783604,6083896.321994046,0.537553569
3028,3028,1637817.755164794,6083937.055975687,1.168600011
3029,3029,1643886.960814499,6083909.666805674,1.490385974
3030,3030,1643944.466972142,6083910.739567067,0.653962258
3031,3031,1648537.522169892,6083886.271109764,0.66940351
3032,3032,1637638.581510955,6083926.836837078,1.39423207
3033,3033,1637914.425887434,6083926.68571507,1.214000025
3034,3034,1643961.32122032,6083900.254611384,0.889377049
3035,3035,1643952.173371195,6083942.077964649,-0.403429469
3036,3036,1648300.836459649,6083884.882510029,0.707002643
3037,3037,1637630.711924903,6083916.637122735,1.190500001
3038,3038,1643969.630133542,6083890.585678292,0.766196079
3039,3039,1648471.975810854,6083866.176692831,0.787649136
3040,3040,1636984.8657674,6083910.634193562,1.258175009
3041,3041,1643993.042350734,6083879.054770773,-0.537382513
3042,3042,1648338.866340035,6083877.881480893,0.437233779
3043,3043,1648598.272205087,6083868.482293233,0.899779124
3044,3044,1637669.972931589,6083898.02955355,1.188175427
3045,3045,1637694.614914784,6083897.721888719,1.186599985
3046,3046,1643829.22794031,6083869.892348714,0.714409988
3047,3047,1648382.290494443,6083846.529558032,0.487102557
3048,3048,1648577.435988578,6083853.127401886,0.379987041
3049,3049,1648398.55387374,6083836.479013198,0.634720931
3050,3050,1648566.265241263,6083834.909228708,0.455696416
3051,3051,1648610.703030743,6083840.315311768,0.95359999
3052,3052,1637719.006798052,6083877.693783943,1.205437511
3053,3053,1637916.532098468,6083886.74629782,1.22522576
3054,3054,1636990.851153009,6083940.307509325,1.13800532
3055,3055,1637850.815976059,6083901.662317298,1.201086567
3056,3056,1643755.99056147,6083845.341863125,-0.828324776
3057,3057,1643969.466119802,6083838.328667294,0.480920001
3058,3058,1644001.005651313,6083839.163891035,-0.637487503
3059,3059,1637734.714206717,6083862.115969883,1.219517864
3060,3060,1637751.390591517,6083857.83634524,1.202160705
3061,3061,1648467.740293622,6083806.216934122,0.779274995
3062,3062,1636992.163556106,6083869.971162623,1.219604099
3063,3063,1637034.137787109,6083856.203026493,1.070499996
3064,3064,1637106.996639726,6083850.353453365,1.11230002
3065,3065,1637539.395137981,6083848.557345918,1.027874981
3066,3066,1643739.836408236,6083820.513134932,0.512959994
3067,3067,1644000.908032724,6083819.238483598,-0.664750006
3068,3068,1648429.090254334,6083826.898726261,0.713921711
3069,3069,1648618.645950101,6083800.420135666,0.981612489
3070,3070,1637049.679860572,6083840.831423003,1.042984028
3071,3071,1637090.112383051,6083844.874183916,1.092279234
3072,3072,1637172.22011075,6083839.394529794,1.149851821
3073,3073,1637531.195060922,6083838.628726671,1.079625017
3074,3074,1637788.194271702,6083848.196838969,1.181877594
3075,3075,1648447.508410196,6083792.48683666,0.993485312
3076,3076,1648483.976693398,6083791.184768775,0.843012492
3077,3077,1648626.723589371,6083785.431845103,0.990899995
3078,3078,1634834.269840459,6083839.307556292,1.331656468
3079,3079,1637006.792442944,6083838.055838188,1.114059911
3080,3080,1637180.50680992,6083829.91951602,1.159785748
3081,3081,1637230.271629676,6083847.280143603,1.187814898
3082,3082,1637734.948125415,6083828.0167807,1.242586202
3083,3083,1637017.362289608,6083821.116564952,1.161486469
3084,3084,1637090.389871753,6083820.737729966,1.017399989
3085,3085,1648468.185865179,6083776.746964364,1.143630353
3086,3086,1648769.389225255,6083764.73251038,1.261058837
3087,3087,1634814.396528271,6083824.495460677,1.758167731
3088,3088,1637025.482973952,6083811.124258883,1.102554033
3089,3089,1637057.715044923,6083810.909682331,0.982228056
3090,3090,1638045.64413554,6083948.683219121,1.028305491
3091,3091,1648488.031092138,6083756.514064007,1.05658665
3092,3092,1648708.161871708,6083755.081785302,1.090850036
3093,3093,1637066.165308452,6083800.503324688,0.935836376
3094,3094,1637628.129785528,6083831.641444801,1.178191247
3095,3095,1637998.899201428,6083803.505241144,1.126865314
3096,3096,1648496.580089438,6083747.398260725,0.993035734
3097,3097,1634797.921742419,6083799.81564684,1.746762525
3098,3098,1637236.577792635,6083798.352275518,1.218733724
3099,3099,1637506.600269411,6083789.542941566,0.604025156
3100,3100,1638025.000803514,6083787.31864329,1.150403698
3101,3101,1648512.418531814,6083736.485420525,0.910432408
3102,3102,1634789.724768619,6083789.884549927,1.833079165
3103,3103,1637129.016797922,6083810.32352288,1.074960978
3104,3104,1637945.076712956,6083783.926934892,0.343046431
3105,3105,1648520.969178395,6083727.409619294,0.973074069
3106,3106,1648569.459366893,6083726.167588177,0.729789477
3107,3107,1634781.527812853,6083779.953445528,1.963218162
3108,3108,1637506.596751996,6083769.195632375,0.539050683
3109,3109,1638179.495913377,6083766.157190173,0.447533046
3110,3110,1643706.648418718,6083741.17524224,0.465473692
3111,3111,1643967.717746854,6083739.901499629,0.610718817
3112,3112,1643992.481257832,6083764.483431277,-0.007314849
3113,3113,1648536.729344041,6083721.464061125,0.998767728
3114,3114,1637047.51863423,6083778.071530745,1.190840903
3115,3115,1637592.480008263,6083759.250038652,1.21765455
3116,3116,1637653.071418208,6083758.62012499,1.220403506
3117,3117,1638109.940871886,6083756.69392315,0.822123151
3118,3118,1648553.037028461,6083711.824755001,1.034060806
3119,3119,1634761.054774191,6083760.106993935,2.187116645
3120,3120,1637147.210588856,6083750.76290627,1.027690894
3121,3121,1638273.066119585,6083746.037658264,1.194660676
3122,3122,1638219.144615004,6083785.400710407,0.654347274
3123,3123,1643703.069006843,6083721.64291996,0.293846849
3124,3124,1643952.829427938,6083719.809789719,0.729571415
3125,3125,1634748.778700324,6083750.191643075,2.037156245
3126,3126,1648587.588292814,6083694.329110922,1.135175868
3127,3127,1648740.53102401,6083690.472368895,1.026575753
3128,3128,1634740.581825776,6083740.260501356,1.73918826
3129,3129,1637595.02067076,6083734.915967329,0.559321435
3130,3130,1638306.160968097,6083729.287329632,0.481772466
3131,3131,1643943.809719585,6083699.390467735,0.786124991
3132,3132,1634872.959411455,6083741.767761733,1.933465117
3133,3133,1643936.554759921,6083688.970811793,0.819227267
3134,3134,1643983.981460047,6083694.784093733,0.035012503
3135,3135,1643706.57244016,6083691.156448647,-0.284645148
3136,3136,1648730.242500897,6083719.269936934,1.103428203
3137,3137,1634761.697577574,6083718.949417815,1.844889115
3138,3138,1637473.459582349,6083688.700117881,0.999428583
3139,3139,1638321.949102687,6083690.82910529,0.969425017
3140,3140,1643973.411041303,6083659.965470558,0.130653061
3141,3141,1637388.340968563,6083827.872181699,0.819712513
3142,3142,1643899.603180445,6083657.153085141,0.989383881
3143,3143,1636976.391703541,6083670.584543653,0.914610155
3144,3144,1637317.383754515,6083692.469519563,0.5964904
3145,3145,1638305.000663231,6083670.408051225,0.217608056
3146,3146,1643910.45455419,6083640.143173174,1.278105234
3147,3147,1637840.461077432,6083657.999759876,1.126533326
3148,3148,1637860.855345985,6083657.566826095,1.10924107
3149,3149,1635651.904362412,6083655.288471166,2.80389095
3150,3150,1637302.567365173,6083650.286207886,0.863666641
3151,3151,1637522.079639305,6083649.576471534,1.01843858
3152,3152,1637883.957969367,6083654.495500329,1.142276317
3153,3153,1643691.28976062,6083646.343871974,0.196218591
3154,3154,1635637.647109798,6083647.807972186,3.098195926
3155,3155,1637897.168008699,6083648.332044219,1.15730001
3156,3156,1635609.050811749,6083637.232042241,2.604512456
3157,3157,1638069.204772599,6083638.798120428,1.504500038
3158,3158,1639621.214808115,6083620.382463664,1.195729728
3159,3159,1634683.050374498,6083630.891535144,1.71869999
3160,3160,1635596.77395435,6083627.317842264,2.545499995
3161,3161,1634668.968687227,6083623.275300979,1.60526587
3162,3162,1635588.576243484,6083617.387465997,2.68371358
3163,3163,1639612.548317455,6083599.433953774,1.423199978
3164,3164,1643951.511553294,6083597.121926667,0.27666138
3165,3165,1635580.381427501,6083608.183528175,2.651632635
3166,3166,1638318.746997776,6083599.46438865,0.771985538
3167,3167,1639760.236382007,6083590.288782544,1.264895067
3168,3168,1634666.452043867,6083601.271389385,1.562527292
3169,3169,1634682.768479198,6083601.208418077,1.645982146
3170,3170,1635424.880562863,6083593.789955767,2.658465147
3171,3171,1637256.392080198,6083591.365393744,0.166094876
3172,3172,1639777.749160555,6083580.238340694,1.204598317
3173,3173,1643643.538543678,6083561.357573661,0.80023999
3174,3174,1643656.826551785,6083562.084021287,0.490210517
3175,3175,1643950.690017955,6083560.446980414,0.168637499
3176,3176,1635384.672770888,6083586.85421227,2.043386364
3177,3177,1635633.757883214,6083587.900340583,2.933495095
3178,3178,1637032.555722885,6083581.687341189,0.990112205
3179,3179,1639673.086143475,6083607.699462379,1.616713529
3180,3180,1639797.93232139,6083570.041670725,1.143222299
3181,3181,1635368.319472842,6083578.334787495,1.918909983
3182,3182,1635612.726501358,6083577.644678097,2.72741232
3183,3183,1637068.314104154,6083579.756922605,1.060398023
3184,3184,1637081.394004263,6083571.532070068,1.155388869
3185,3185,1637175.189353884,6083571.111168203,0.203720847
3186,3186,1639823.123526881,6083559.763146077,1.127054589
3187,3187,1637113.99072888,6083561.442249026,0.982743578
3188,3188,1637130.27803492,6083561.334015834,1.171075
3189,3189,1637195.543629195,6083561.064052341,0.712488898
3190,3190,1643673.212569444,6083541.874072345,-9999.0
3191,3191,1643949.948981568,6083530.561561905,0.172775859
3192,3192,1634878.41100742,6083560.599678966,2.042966926
3193,3193,1635367.90199018,6083558.686084078,1.39872882
3194,3194,1635394.365505853,6083571.325743127,1.971806844
3195,3195,1637211.818764183,6083551.033783878,-0.212697088
3196,3196,1637439.722090448,6083554.500844902,1.090232163
3197,3197,1634645.196263597,6083548.134822239,1.968000069
3198,3198,1637219.935681593,6083541.037286557,0.282024994
3199,3199,1637135.875052979,6083627.04162172,0.864040822
3200,3200,1638338.095525327,6083548.477625459,0.740272677
3201,3201,1639610.306156224,6083535.798041221,1.258299978
3202,3202,1639841.011072175,6083541.410496615,1.107243291
3203,3203,1643640.495087798,6083517.051480781,0.761537565
3204,3204,1638353.880662476,6083526.30517484,0.844049995
3205,3205,1638565.993265822,6083525.397164435,1.080424975
3206,3206,1639724.288382652,6083520.554715644,1.124586167
3207,3207,1639863.147107709,6083520.461820041,1.06969738
3208,3208,1634636.617513151,6083528.993166633,1.945607802
3209,3209,1638468.055591581,6083516.580605676,0.839148134
3210,3210,1638574.108668282,6083515.399430686,1.138649954
3211,3211,1639883.496654347,6083510.029146042,1.033705853
3212,3212,1637227.990657425,6083516.096728226,0.960101604
3213,3213,1638484.159710806,6083506.026601136,0.773035719
3214,3214,1643652.774813997,6083494.21310304,0.310601567
3215,3215,1637244.078565557,6083501.2900503,0.557379334
3216,3216,1634621.018701186,6083497.345795456,1.778000057
3217,3217,1634731.499165838,6083501.187439282,1.949755527
3218,3218,1638373.297042784,6083496.811704254,0.763639962
3219,3219,1643942.141910365,6083480.784999364,0.116134999
3220,3220,1635232.568605556,6083485.255494452,0.909999982
3221,3221,1637411.07827834,6083480.756499158,1.302246648
3222,3222,1638578.098641263,6083484.872712463,1.071579893
3223,3223,1638519.110667337,6083469.317018342,0.943150549
3224,3224,1638369.899171965,6083456.496537493,-0.249312492
3225,3225,1638426.837787473,6083456.048861447,0.791344817
3226,3226,1638541.053131131,6083455.968246793,0.978640375
3227,3227,1638571.130042314,6083455.23163679,1.023068982
3228,3228,1635236.619713894,6083463.783005503,0.894992763
3229,3229,1638215.104293866,6083451.806011583,1.100915551
3230,3230,1638402.17306864,6083449.717779095,1.057994709
3231,3231,1638473.154340264,6083485.969492451,0.855687427
3232,3232,1638494.603147787,6083453.458252915,0.940591594
3233,3233,1638549.334925303,6083445.765503914,0.980168767
3234,3234,1643654.988730867,6083444.932898158,-0.078240563
3235,3235,1643934.286357544,6083421.045416908,0.336981141
3236,3236,1638524.839249652,6083440.889133529,0.959987413
3237,3237,1639620.405718855,6083442.970946676,1.279666652
3238,3238,1634546.935914673,6083437.921451042,1.692999999
3239,3239,1635236.902152492,6083439.646635092,0.906551698
3240,3240,1637178.524804274,6083431.821437174,0.879413788
3241,3241,1638222.925976016,6083427.234368498,1.093100032
3242,3242,1638239.239055377,6083426.438487418,1.071851863
3243,3243,1638426.711696902,6083426.569356013,0.916511886
3244,3244,1638541.118869089,6083432.278197777,0.972405992
3245,3245,1643639.36728674,6083414.613036603,0.636763308
3246,3246,1637194.799721376,6083421.791195842,0.965894721
3247,3247,1643933.569643144,6083396.141629726,0.318255811
3248,3248,1645834.379856337,6083380.937131607,-0.413600042
3249,3249,1645850.699779927,6083381.580325342,-0.793766647
3250,3250,1637105.186233871,6083411.994569036,0.728299988
3251,3251,1637162.126219197,6083411.963532972,0.880482751
3252,3252,1638230.999269647,6083407.274235378,1.083912532
3253,3253,1638453.316202048,6083418.206922619,0.962337934
3254,3254,1645826.174634723,6083371.742450976,0.153825
3255,3255,1645842.494540772,6083372.385658208,-0.161298259
3256,3256,1637088.828977651,6083402.099237322,0.653249998
3257,3257,1637181.017835898,6083405.99909577,0.939734623
3258,3258,1643599.191458737,6083372.572543306,0.894837857
3259,3259,1634534.919290771,6083406.776959235,1.624196422
3260,3260,1637039.839577292,6083392.338474998,1.005814631
3261,3261,1637056.15566741,6083392.271190302,0.678725006
3262,3262,1637103.802316315,6083391.341580623,0.594278789
3263,3263,1638475.655976716,6083386.303983278,0.902749988
3264,3264,1639886.8327841,6083380.353756281,1.108140324
3265,3265,1643590.8499029,6083362.827277592,0.874835447
3266,3266,1643645.5368625,6083371.513506775,0.203737551
3267,3267,1635220.390715045,6083389.897130507,1.111642857
3268,3268,1638422.616346349,6083395.335323223,1.014254282
3269,3269,1645792.625854521,6083356.102034824,0.123189844
3270,3270,1634599.91257364,6083385.94846918,1.865121766
3271,3271,1635236.667698378,6083379.870452779,0.997909123
3272,3272,1637130.130513136,6083380.416994767,0.813296299
3273,3273,1639968.491095446,6083359.86068723,1.060222165
3274,3274,1634671.845333035,6083382.103923377,1.315597637
3275,3275,1634685.661163538,6083361.304203157,1.226636373
3276,3276,1635163.334028089,6083360.027769453,1.433295839
3277,3277,1635220.273541361,6083360.009038008,1.225185147
3278,3278,1639644.541330171,6083434.089428757,1.266568939
3279,3279,1643550.227709995,6083322.679572342,0.867228557
3280,3280,1638474.901285691,6083357.319817695,0.800668844
3281,3281,1643631.356896849,6083322.892089759,0.070038168
3282,3282,1634955.423819079,6083453.955408175,1.838913598
3283,3283,1635187.563487956,6083340.211514682,1.410381805
3284,3284,1639656.089634527,6083328.606198029,1.442472907
3285,3285,1643533.481622287,6083303.291680117,0.774979567
3286,3286,1634529.354315279,6083352.067976867,1.193185318
3287,3287,1635024.570314832,6083340.644141522,1.386326852
3288,3288,1635138.743118429,6083330.235436754,1.501637469
3289,3289,1635371.224022009,6083331.43928985,1.389203605
3290,3290,1637698.634652808,6083620.917926039,0.930495171
3291,3291,1634543.172724,6083322.582360282,1.514275004
3292,3292,1634567.480099346,6083322.69317809,1.08346428
3293,3293,1635114.230253157,6083320.368432703,1.67115
3294,3294,1636868.605554207,6083330.109329457,0.559663497
3295,3295,1636900.658977445,6083313.412556951,0.837333321
3296,3296,1637169.870389947,6083311.89409481,0.947017535
3297,3297,1639672.317657625,6083308.608723896,1.344477368
3298,3298,1645743.81930698,6083306.387311072,0.173389547
3299,3299,1634773.797375348,6083398.288758192,1.281833855
3300,3300,1635038.197684238,6083317.47972251,1.246185861
3301,3301,1635100.800298559,6083314.605452907,1.675333381
3302,3302,1634551.273212605,6083307.60694768,1.390110713
3303,3303,1634583.358434127,6083306.915941095,1.081256598
3304,3304,1635057.046738563,6083300.666063498,1.218850008
3305,3305,1635089.203504023,6083299.679149346,1.20310344
3306,3306,1635132.377133702,6083304.860908615,1.493259858
3307,3307,1636822.925560014,6083348.814694613,0.739953227
3308,3308,1636900.577132985,6083293.48714522,0.842107154
3309,3309,1638510.787194773,6083311.066990696,0.835978613
3310,3310,1640180.077238031,6083279.417815702,1.077618183
3311,3311,1640196.58184862,6083284.121128185,1.11484019
3312,3312,1645743.984887091,6083252.605222189,0.561525008
3313,3313,1634563.452642274,6083292.615828387,1.181937266
3314,3314,1635065.168634596,6083291.397972845,1.186052642
3315,3315,1635150.394334036,6083289.757932759,1.553363606
3316,3316,1636883.860510706,6083287.802493636,0.68587202
3317,3317,1639698.916923535,6083271.435030841,1.476025354
3318,3318,1639888.064537813,6083361.927402155,1.1053199
3319,3319,1639707.028334178,6083261.43322175,1.368506305
3320,3320,1639796.56456251,6083261.199104022,1.229357138
3321,3321,1634575.612858918,6083272.643348365,0.630924995
3322,3322,1635163.518649857,6083271.826123174,1.685378339
3323,3323,1636799.068325204,6083292.11128766,1.00708866
3324,3324,1638559.858762424,6083265.335741988,0.866817875
3325,3325,1639715.139808662,6083251.431504089,1.297797416
3326,3326,1639737.36123068,6083258.506680409,1.271587112
3327,3327,1640210.522056316,6083256.401254744,1.117502267
3328,3328,1643524.921827219,6083244.828780979,-0.706566134
3329,3329,1636811.466443793,6083254.610394917,0.773846159
3330,3330,1636843.642619688,6083253.869331705,0.727857172
3331,3331,1638581.111631101,6083246.371165937,0.897199984
3332,3332,1642366.391959551,6083229.317083848,0.775375
3333,3333,1642382.874176159,6083229.035018278,0.743275862
3334,3334,1642447.971356543,6083228.931980368,0.492300005
3335,3335,1643549.293600684,6083223.66051208,-0.624360445
3336,3336,1636819.732437682,6083244.827442565,0.845898295
3337,3337,1639731.362951374,6083231.428345785,1.302316399
3338,3338,1640220.810434652,6083229.216613953,1.11974995
3339,3339,1645712.289373814,6083214.247153653,0.388624336
3340,3340,1636828.009851629,6083235.074619478,1.30862982
3341,3341,1636875.857897732,6083233.811401448,0.902321439
3342,3342,1639739.474620734,6083221.426906528,1.296325768
3343,3343,1640228.923741828,6083219.21736288,1.130939327
3344,3344,1642330.784581894,6083208.817434074,0.806652344
3345,3345,1642500.785446974,6083211.39031252,0.337673966
3346,3346,1642529.2900913,6083208.825772829,0.417500004
3347,3347,1636843.540258096,6083229.650159149,0.948986209
3348,3348,1638368.877957846,6083217.39144876,0.62361539
3349,3349,1639747.586356195,6083211.425561467,1.305488563
3350,3350,1642394.42199982,6083206.962384949,0.403380955
3351,3351,1643508.723990824,6083199.839040394,-0.14065808
3352,3352,1645710.998064325,6083183.032067378,0.265575003
3353,3353,1634942.693560922,6083221.613105408,1.014517852
3354,3354,1635359.718004807,6083392.053862687,1.190562261
3355,3355,1636860.061865936,6083215.090212177,0.971803301
3356,3356,1637019.252598887,6083325.332374792,0.820695077
3357,3357,1639755.807283917,6083201.573781593,1.323558374
3358,3358,1643516.506388387,6083184.010860818,0.753409103
3359,3359,1643575.839453072,6083186.430012177,-0.537928277
3360,3360,1634930.712052931,6083210.82769542,1.007857136
3361,3361,1635293.106857767,6083209.871778768,1.047249979
3362,3362,1636876.11984571,6083210.64113507,0.961257581
3363,3363,1639764.376919565,6083192.501471576,1.363920984
3364,3364,1643524.578374706,6083173.965481969,0.820611762
3365,3365,1643589.841686414,6083173.648864623,-0.606264265
3366,3366,1634550.870881498,6083202.99863213,1.134017897
3367,3367,1635338.533865032,6083200.51517043,1.158396394
3368,3368,1636900.455838141,6083200.364746789,0.984492533
3369,3369,1640245.655881058,6083179.290725345,1.200249972
3370,3370,1645694.530179624,6083153.226819722,0.224088895
3371,3371,1634893.630219058,6083191.915266739,0.761250007
3372,3372,1635186.978148068,6083190.77102992,1.089061271
3373,3373,1635203.457497429,6083189.775692148,1.060750919
3374,3374,1638360.613704558,6083192.519516918,0.736342862
3375,3375,1638393.181330481,6083177.436029062,0.883962493
3376,3376,1642383.979359026,6083173.821317178,0.210630393
3377,3377,1643884.023485709,6083152.290794243,0.08833962
3378,3378,1640178.433242948,6083170.553896278,0.920447407
3379,3379,1642170.227276217,6083150.536448204,0.998700003
3380,3380,1642201.887570743,6083176.145455195,0.996192419
3381,3381,1642366.016185595,6083149.615107779,0.182237498
3382,3382,1645710.781356279,6083140.443897087,0.640873679
3383,3383,1634518.124616151,6083173.235985148,1.248550031
3384,3384,1638626.200265005,6083200.921436052,0.918229193
3385,3385,1643573.332472369,6083133.877233432,0.782706242
3386,3386,1642178.314976101,6083135.55405128,1.006778947
3387,3387,1638352.28569474,6083152.703491483,0.800916669
3388,3388,1642186.402648669,6083120.571641074,1.138005782
3389,3389,1643565.529384388,6083119.962558577,0.897841718
3390,3390,1645963.48601728,6083102.039636743,-0.294766648
3391,3391,1634841.415959331,6083178.621534585,0.935321018
3392,3392,1635332.522144974,6083142.185345925,2.206215252
3393,3393,1642194.513691921,6083110.570592706,1.010577768
3394,3394,1643590.065598546,6083116.844484963,0.761098935
3395,3395,1635186.910504946,6083130.789859168,1.086350036
3396,3396,1642309.038497657,6083118.372197988,0.25139246
3397,3397,1643573.489906612,6083099.802604872,1.013811203
3398,3398,1640122.170524869,6083100.344041335,1.087892892
3399,3399,1642201.983071272,6083090.609595701,0.806851861
3400,3400,1642226.885009861,6083090.696891331,0.272949153
3401,3401,1643581.488419251,6083084.297394687,1.233465717
3402,3402,1639967.127932866,6083091.072270971,0.900266656
3403,3403,1643589.433380339,6083074.110089171,1.262089795
3404,3404,1643621.985848217,6083073.136779704,0.739471753
3405,3405,1639831.598368366,6083171.301840818,1.306745603
3406,3406,1634697.704585986,6083077.37495724,0.103239379
3407,3407,1638176.919972612,6083059.383481379,1.177862394
3408,3408,1638678.555768646,6083092.824361155,0.967763308
3409,3409,1642259.211906295,6083067.853971574,0.236035798
3410,3410,1643621.795920413,6083034.012174229,0.785874987
3411,3411,1635316.994535874,6083060.743699637,1.132383909
3412,3412,1634555.107780019,6083055.893322648,0.935649462
3413,3413,1634679.851706938,6083063.475593394,0.157633173
3414,3414,1643629.857455732,6083014.047884535,0.756525006
3415,3415,1634579.199332586,6083053.822579733,0.497887324
3416,3416,1634664.297650711,6083042.951790204,0.951309112
3417,3417,1639824.653866656,6083022.340804932,0.862018177
3418,3418,1643645.952075914,6083054.635751456,0.136778825
3419,3419,1634564.207776506,6083103.672444384,1.067282174
3420,3420,1634633.65031202,6083037.518258985,1.022857104
3421,3421,1634706.517171433,6083033.763172448,1.007981961
3422,3422,1635285.755577441,6083115.513853481,0.830663473
3423,3423,1635325.034732108,6083030.823514628,1.125409031
3424,3424,1638319.08371226,6083019.072520902,1.004058837
3425,3425,1638673.941249607,6083016.825283517,0.939862502
3426,3426,1638703.019211037,6083028.435855611,0.992064279
3427,3427,1643637.966620446,6082994.136870914,0.789493672
3428,3428,1634648.410755055,6083034.908842742,0.94944001
3429,3429,1635333.322599105,6083021.350203601,1.191453724
3430,3430,1642199.891864572,6082998.20263656,1.102731127
3431,3431,1642230.349070774,6083013.565281016,0.726518233
3432,3432,1643646.027250504,6082984.079502198,0.663024995
3433,3433,1634680.951708436,6083024.171318764,0.913445249
3434,3434,1634697.533940391,6083016.255043872,-0.504142861
3435,3435,1634764.862664556,6083013.077892955,0.965617013
3436,3436,1638706.486257296,6082996.759302045,1.223270587
3437,3437,1642210.220759666,6082980.978386397,1.291258334
3438,3438,1643675.747747715,6082982.439904171,0.172049808
3439,3439,1634713.537653632,6083013.367644875,0.831394961
3440,3440,1634801.581002545,6083003.302720916,0.428687931
3441,3441,1634830.169958232,6083009.139578157,-0.037658359
3442,3442,1638359.575131182,6082988.488859593,0.988771923
3443,3443,1638466.612875707,6082999.232069969,0.077086254
3444,3444,1642238.725907028,6082970.881435416,0.233662499
3445,3445,1643654.422834085,6082970.274127894,0.630739119
3446,3446,1634746.033816983,6082999.899048513,0.20562468
3447,3447,1634843.575651904,6082992.852553595,0.996071459
3448,3448,1642250.915601742,6082960.861153195,-0.375400007
3449,3449,1643670.371248758,6082954.092698631,0.706582263
3450,3450,1634778.567683567,6082990.199028759,-0.23265332
3451,3451,1637502.934842632,6082972.180423194,1.294553495
3452,3452,1638042.808997842,6082970.438822643,1.109262146
3453,3453,1638433.075562153,6082968.044459444,-9999.0
3454,3454,1639774.975469038,6082957.243715021,-9999.0
3455,3455,1642226.419100718,6082955.99486653,0.82943528
3456,3456,1643686.621963404,6082944.030412412,0.540174993
3457,3457,1634811.182283882,6082973.044692263,0.920129844
3458,3458,1634843.498361683,6082972.927150133,0.969785702
3459,3459,1634859.813658284,6082972.863848483,0.929111623
3460,3460,1635346.857445306,6082977.54572193,0.111335939
3461,3461,1638702.069292563,6082957.131035514,1.031785684
3462,3462,1642234.506526398,6082941.012406754,0.380888891
3463,3463,1639786.994554005,6082942.428129269,0.776860612
3464,3464,1643735.467561634,6082923.140164544,-0.298559997
3465,3465,1634880.726695209,6082953.23315879,0.899944427
3466,3466,1638457.420570839,6082938.051618886,-9999.0
3467,3467,1635292.051630937,6082941.28744444,0.850258621
3468,3468,1635367.075530261,6082950.318386774,1.02100914
3469,3469,1635316.651820471,6082931.023583611,0.504675023
3470,3470,1639901.068998742,6082912.033362466,1.011666649
3471,3471,1643751.04603992,6082893.901948969,-0.414938786
3472,3472,1645627.302705586,6082928.813720411,0.383392866
3473,3473,1634875.935546977,6082922.987005267,0.937128092
3474,3474,1639746.19632326,6082902.552751016,1.311275008
3475,3475,1639998.418402436,6082901.860363583,1.010630789
3476,3476,1643733.286162905,6082893.988441035,0.362835939
3477,3477,1634859.74817855,6082912.882672624,0.984399992
3478,3478,1635332.891527731,6082911.76045913,1.018685171
3479,3479,1635348.115870189,6082927.308074801,0.965955034
3480,3480,1637257.487204394,6082903.257317744,1.119563664
3481,3481,1637953.434941654,6083046.98800436,1.230980271
3482,3482,1635022.266392418,6082902.28763324,1.382057669
3483,3483,1635291.512019637,6082919.095177311,0.96828433
3484,3484,1637592.335623319,6082892.103614056,1.468218218
3485,3485,1639982.512271985,6082881.782443103,1.014964938
3486,3486,1634867.889505588,6082892.99538385,1.00405066
3487,3487,1635300.202505795,6082896.750550528,0.966285721
3488,3488,1635395.183148901,6082908.826388475,0.206406393
3489,3489,1634897.094646768,6082894.545067046,0.92293277
3490,3490,1637432.301334407,6082929.638323936,1.195349754
3491,3491,1637764.340134649,6082892.467546097,1.243175255
3492,3492,1639941.757733746,6082851.870670791,0.915218736
3493,3493,1634884.027503467,6082862.974146942,0.995450022
3494,3494,1637673.161880712,6082875.175253624,1.357046185
3495,3495,1637731.010728676,6082850.739828065,1.123678535
3496,3496,1639933.555864613,6082841.944214879,0.88864443
3497,3497,1645937.591766565,6082824.331746816,-0.223881777
3498,3498,1635038.982070375,6082852.408166318,-0.707300002
3499,3499,1637224.936885099,6082880.645460207,1.125682059
3500,3500,1638734.18440186,6082837.43774212,1.07369639
3501,3501,1634910.113232782,6082859.458795957,0.947549354
3502,3502,1638742.631808773,6082827.029768896,1.149290934
3503,3503,1639892.511331446,6082821.99643268,1.049589289
3504,3504,1639987.81494485,6082973.386998713,0.880705344
3505,3505,1645907.091547469,6082793.956289476,0.752129022
3506,3506,1635047.656684484,6082832.448609226,-0.632549014
3507,3507,1645918.184578018,6082783.843720257,0.703947444
3508,3508,1638676.750159733,6082915.153663367,0.984609147
3509,3509,1643725.547547222,6082800.388822288,0.987847048
3510,3510,1635153.199766438,6082812.314771582,1.114596432
3511,3511,1637698.2162905,6082811.752425645,1.200858309
3512,3512,1639648.480301499,6082792.735680943,1.299636386
3513,3513,1639875.706974045,6082796.80050985,0.935276781
3514,3514,1643734.743509085,6082774.425495961,0.882131249
3515,3515,1635063.260236406,6082802.499142764,-0.710222224
3516,3516,1635465.237068516,6082803.667725896,0.921574347
3517,3517,1637278.451150171,6082794.159111189,1.04413621
3518,3518,1637681.817653944,6082791.895444377,1.237549996
3519,3519,1639640.986602849,6082782.376596145,1.310283013
3520,3520,1645529.348576222,6082754.818647953,-0.147673467
3521,3521,1645937.245363951,6082753.487182977,0.73341584
3522,3522,1634891.914145745,6082793.20353261,0.999200012
3523,3523,1637257.752577616,6082783.497271982,1.033035057
3524,3524,1645521.144227528,6082745.62369185,-0.204099998
3525,3525,1646173.746674791,6082742.292460264,-0.468974998
3526,3526,1634904.010579366,6082808.399313083,0.98704694
3527,3527,1635479.213815242,6082780.940038805,1.051600013
3528,3528,1637236.772454232,6082779.920987067,1.043829418
3529,3529,1637278.368453431,6082774.233680668,1.02593576
3530,3530,1637673.597469277,6082776.985590279,1.320795152
3531,3531,1639631.553058022,6082763.374798609,1.459801434
3532,3532,1643766.633244876,6082744.381269967,-0.75897741
3533,3533,1646181.85309602,6082732.287671683,-0.323300003
3534,3534,1645512.885734995,6082725.739523394,-0.101937506
3535,3535,1645945.928449419,6082730.275228237,1.129905909
3536,3536,1637203.585296544,6082794.944630645,1.073316117
3537,3537,1637665.335533683,6082752.113005731,1.410016629
3538,3538,1645953.391348357,6082713.552745874,1.625794911
3539,3539,1637657.136296409,6082742.184492298,1.349849938
3540,3540,1645496.303528017,6082706.101825487,-0.16318518
3541,3541,1635479.076079899,6082746.07056463,0.920062507
3542,3542,1637208.268368622,6082734.296599363,1.070297614
3543,3543,1645922.68391997,6082700.002825164,0.51677382
3544,3544,1646234.671664647,6082692.164044664,-0.591709864
3545,3545,1634891.681936876,6082733.427301449,0.95314999
3546,3546,1634987.288744978,6082739.522164384,0.564505046
3547,3547,1635056.8445853,6082735.816491101,1.08515068
3548,3548,1637779.41437859,6082721.745215837,0.032928572
3549,3549,1645496.368942931,6082685.971032321,0.329875
3550,3550,1646250.935359739,6082682.117239643,-0.714287657
3551,3551,1635030.319414132,6082722.924806593,0.595207995
3552,3552,1635084.028606849,6082848.39530444,1.233351184
3553,3553,1635120.051063679,6082722.57440249,1.156400017
3554,3554,1639843.037526556,6082703.069576764,1.103216341
3555,3555,1645488.755740735,6082676.046695061,0.213959999
3556,3556,1645953.136470652,6082673.682813182,-0.468450002
3557,3557,1648179.960121605,6082662.218086489,0.643571419
3558,3558,1634905.082782207,6082733.395955476,0.962915073
3559,3559,1634973.346750983,6082713.388291127,0.4031607
3560,3560,1635111.686605317,6082712.439928005,1.15785967
3561,3561,1635140.816006943,6082768.55487248,1.137599832
3562,3562,1635487.095758611,6082711.168857154,1.049249987
3563,3563,1637570.609835599,6082742.277809508,1.44800156
3564,3564,1639590.27935606,6082694.020005595,1.076899987
3565,3565,1647201.177016653,6082657.247709731,-0.014224999
3566,3566,1645934.475230044,6082667.474381912,0.183555982
3567,3567,1634890.999917765,6082697.99240735,0.931207205
3568,3568,1635108.127892977,6082693.312952528,1.155779835
3569,3569,1635152.397289996,6082692.763603581,1.186392852
3570,3570,1635181.544459845,6082693.025680996,1.14706309
3571,3571,1645952.817308188,6082643.999700692,-0.488160033
3572,3572,1645969.132187873,6082643.916214604,0.281309526
3573,3573,1646223.481352949,6082643.139463313,0.614842417
3574,3574,1635494.60814449,6082685.664464857,0.810754948
3575,3575,1639586.067382448,6082663.802737132,1.077376112
3576,3576,1645929.10827221,6082639.012181886,0.462166897
3577,3577,1646112.42850437,6082654.824691067,0.963518151
3578,3578,1639475.903375187,6082655.398210833,1.100571468
3579,3579,1645936.566766337,6082623.95246629,0.656958649
3580,3580,1645977.187628975,6082623.948938203,0.71109998
3581,3581,1645998.208720365,6082622.97213391,0.858668137
3582,3582,1646160.895870708,6082622.802303041,0.913197069
3583,3583,1646209.840406046,6082622.550639291,0.740494145
3584,3584,1646246.548808442,6082622.361716428,0.595798493
3585,3585,1646303.947875474,6082635.163164023,-0.494340837
3586,3586,1643746.461674622,6082650.880467096,-0.133763327
3587,3587,1645944.673224243,6082613.947980363,0.195112499
3588,3588,1646262.837996043,6082617.296317626,0.581279167
3589,3589,1645966.332838868,6082605.932395604,0.502102395
3590,3590,1646279.101498339,6082607.249504774,0.564399998
3591,3591,1646295.364964477,6082597.202661949,0.515514077
3592,3592,1646311.602708882,6082582.174404595,0.509654321
3593,3593,1634874.775053739,6082624.105856095,0.711323282
3594,3594,1635062.560181691,6082623.170422806,0.781533323
3595,3595,1637713.715341449,6082629.592314286,0.039740895
3596,3596,1639622.347134927,6082604.416617902,0.964132666
3597,3597,1643750.18502481,6082595.016636822,-0.453107509
3598,3598,1646319.708715605,6082572.16957495,0.568783323
3599,3599,1639280.06415678,6082595.49530122,1.47334225
3600,3600,1639470.795128092,6082637.17517103,1.114811309
3601,3601,1646335.99777239,6082567.10404174,0.5470125
3602,3602,1635095.108814003,6082602.391119549,0.697263481
3603,3603,1637093.654502031,6082595.085942358,1.169500005
3604,3604,1637668.708520277,6082604.367182077,0.78195841
3605,3605,1639300.211067818,6082585.701796677,1.108199998
3606,3606,1643750.634241844,6082565.125481212,-0.585904097
3607,3607,1646352.261102861,6082557.057093907,0.516325
3608,3608,1637705.411908143,6082582.575594959,0.318698795
3609,3609,1639136.970741681,6082571.511993032,-9999.0
3610,3610,1639729.366350426,6082583.614328576,0.620514925
3611,3611,1639760.889764543,6082573.915590134,0.87470009
3612,3612,1639801.319078272,6082574.036698375,1.047575716
3613,3613,1646368.498679698,6082542.028731078,0.559444439
3614,3614,1647257.676495865,6082542.37547013,-0.0227625
3615,3615,1634874.259598054,6082588.465993564,0.658159293
3616,3616,1637719.540555395,6082586.22007273,-0.163091911
3617,3617,1640450.262042698,6082559.240113463,1.101616571
3618,3618,1640503.329683003,6082558.26223738,1.238125026
3619,3619,1640581.463412728,6082562.420396443,1.373046739
3620,3620,1646384.787655322,6082536.963108323,0.529603566
3621,3621,1639228.70240883,6082576.076620227,1.428866353
3622,3622,1639711.857726918,6082554.206671746,0.714666673
3623,3623,1646401.025141629,6082521.934685319,0.61109999
3624,3624,1646395.575857193,6082561.842369838,-0.336818929
3625,3625,1634923.486610715,6082564.139430077,0.959410736
3626,3626,1634969.189394335,6082619.999058962,0.774553503
3627,3627,1635160.214160392,6082563.011498273,0.369274962
3628,3628,1637045.108458008,6082554.733683269,1.234270265
3629,3629,1637713.610185911,6082552.448102897,-0.177877197
3630,3630,1640372.778130523,6082541.018448127,2.178905055
3631,3631,1641881.821765061,6082534.182610664,-9999.0
3632,3632,1643749.893896495,6082535.240010863,-0.521970335
3633,3633,1646409.130994242,6082511.929772498,0.593318754
3634,3634,1646458.075017145,6082511.676609607,-9999.0
3635,3635,1635388.575844021,6082551.4252848,1.795569323
3636,3636,1637037.119671986,6082544.819986329,1.400433952
3637,3637,1640397.316373013,6082531.223843407,0.74894547
3638,3638,1646425.394143781,6082501.882689558,0.58213124
3639,3639,1647273.781341815,6082502.438724593,-0.133275002
3640,3640,1634825.724586278,6082544.344369507,0.784924981
3641,3641,1639051.582978596,6082528.237926662,0.627666673
3642,3642,1639345.309364251,6082530.186147439,0.605837828
3643,3643,1640388.94607451,6082521.094236268,0.662825003
3644,3644,1646441.657257159,6082491.835576649,0.548774987
3645,3645,1646471.723332553,6082498.457399876,-0.575866647
3646,3646,1635136.695660914,6082541.530593934,0.578824866
3647,3647,1639336.613608404,6082515.802004175,0.550975001
3648,3648,1639742.126832303,6082524.573898848,0.599877193
3649,3649,1645438.092311117,6082487.210073448,0.117719297
3650,3650,1646449.763037225,6082481.83062597,0.5809
3651,3651,1646490.381209219,6082481.416095512,-9999.0
3652,3652,1637020.785646785,6082514.971737406,1.22752544
3653,3653,1638871.606421795,6082507.863590944,0.689374997
3654,3654,1639214.044717679,6082506.579398762,0.499052632
3655,3655,1639698.405698736,6082520.471454925,0.562005873
3656,3656,1640372.538739025,6082500.515515662,0.440892862
3657,3657,1637386.986365051,6082514.166508167,-0.011643055
3658,3658,1639666.894929481,6082494.423498418,0.548978427
3659,3659,1646465.974542829,6082461.820701667,0.634974993
3660,3660,1634776.593468221,6082505.454408677,0.869545447
3661,3661,1640828.477653688,6082477.596314012,1.143473625
3662,3662,1643734.711646267,6082491.865885184,-0.258395337
3663,3663,1646482.237538485,6082451.773513471,0.566987498
3664,3664,1647265.33564705,6082447.68641602,-0.025749997
3665,3665,1635347.284648812,6082492.821090538,4.287076771
3666,3666,1637004.464543392,6082485.098536493,1.209854847
3667,3667,1637362.390243586,6082484.380199988,0.327609193
3668,3668,1640837.073571039,6082469.513255845,1.144936113
3669,3669,1638708.289479899,6082468.717429789,0.959874979
3670,3670,1638822.487407742,6082467.498053045,0.538964264
3671,3671,1638842.883596503,6082468.136324189,0.467010714
3672,3672,1640853.35551779,6082458.743815797,1.136888875
3673,3673,1646524.155098328,6082451.135547563,-0.119116259
3674,3674,1647265.825669557,6082427.75768054,-0.084000003
3675,3675,1646506.554579017,6082421.758524328,0.664674163
3676,3676,1646551.419378376,6082421.526006107,-0.51179998
3677,3677,1648251.68484764,6082416.966133925,1.067288246
3678,3678,1634956.489248705,6082464.17812354,0.564867917
3679,3679,1636987.224976128,6082455.819861429,1.226480227
3680,3680,1638811.525534532,6082447.942851,0.50773276
3681,3681,1640865.183505728,6082443.421080144,1.008747399
3682,3682,1646514.660222842,6082411.753512648,0.690574991
3683,3683,1648256.358152674,6082407.231551012,1.054999948
3684,3684,1634714.530814752,6082451.583461968,0.932000005
3685,3685,1639719.664793449,6082437.149932743,0.294242432
3686,3686,1646530.923073587,6082401.706234059,0.649325004
3687,3687,1646571.540885363,6082401.291378389,-9999.0
3688,3688,1640290.611775184,6082421.906562612,0.218999998
3689,3689,1647265.021075917,6082387.909754064,-0.126299997
3690,3690,1636963.243500978,6082425.385452322,1.373560593
3691,3691,1637305.04138869,6082424.841239469,0.18885
3692,3692,1638671.367503109,6082419.061927017,0.938105884
3693,3693,1640853.246217372,6082409.606220787,0.893017534
3694,3694,1646547.134252335,6082381.696157541,0.686124978
3695,3695,1646587.946158096,6082386.465863453,-0.932666659
3696,3696,1648175.087338407,6082376.922104363,0.506988306
3697,3697,1636955.35156762,6082415.186777826,1.333921577
3698,3698,1637296.842859118,6082414.912443642,0.261024999
3699,3699,1641552.645323067,6082398.980449634,-9999.0
3700,3700,1646555.239814445,6082371.691107808,0.68963333
3701,3701,1635298.151742422,6082413.206846977,2.534903998
3702,3702,1646563.34535838,6082361.686050424,0.714999978
3703,3703,1638756.888845578,6082388.80453458,0.683374988
3704,3704,1640217.193326378,6082382.164089697,0.996805218
3705,3705,1641506.447300239,6082375.896181766,4.536000005
3706,3706,1646579.608064212,6082351.638681442,0.617999988
3707,3707,1634710.162107075,6082393.742751714,1.066698234
3708,3708,1634948.021914468,6082384.508185732,-0.104999997
3709,3709,1638756.802857511,6082368.879078484,0.579099984
3710,3710,1640241.400796933,6082362.349588478,0.035549999
3711,3711,1641513.319374079,6082356.560313932,-9999.0
3712,3712,1646619.027476461,6082350.824125474,0.103892609
3713,3713,1646603.924505394,6082321.623418078,0.715699984
3714,3714,1635265.476373267,6082363.341506211,1.557644445
3715,3715,1638748.562892883,6082349.715268567,0.516259252
3716,3716,1640159.740352262,6082342.789253507,0.602924995
3717,3717,1640208.683049278,6082342.570253387,0.265012048
3718,3718,1646612.029949435,6082311.618314991,0.753524987
3719,3719,1634720.213659119,6082356.236146828,1.028722234
3720,3720,1646628.292510355,6082301.570855615,0.664974972
3721,3721,1646661.79341968,6082309.463967166,0.020983072
3722,3722,1635232.936295155,6082343.339174666,0.927017557
3723,3723,1637239.412228926,6082335.447610972,0.095268293
3724,3724,1640118.876729053,6082323.032100344,0.528074997
3725,3725,1640180.043995435,6082322.772565183,0.047149999
3726,3726,1641464.787347659,6082316.932680127,-0.601777868
3727,3727,1646685.340771246,6082291.311283645,-9999.0
3728,3728,1634955.409741448,6082339.646557278,0.907697506
3729,3729,1646644.503289532,6082281.560596282,0.707377781
3730,3730,1646693.446097685,6082281.306105403,-9999.0
3731,3731,1640118.776749855,6082303.120596727,0.266475003
3732,3732,1640147.32652843,6082302.99301528,0.031043477
3733,3733,1641399.438771143,6082297.308006397,-0.579000115
3734,3734,1646705.629870842,6082271.279688367,-9999.0
3735,3735,1646660.713996003,6082261.550306344,0.139476891
3736,3736,1635118.097731923,6082307.463848978,0.996585648
3737,3737,1640106.452149199,6082283.249739503,0.182435297
3738,3738,1641366.718639552,6082277.532888509,-0.135892425
3739,3739,1646676.976412006,6082251.502756572,0.685068493
3740,3740,1638528.307403288,6082284.79826863,1.044999957
3741,3741,1640061.543863857,6082273.487291697,0.667309521
3742,3742,1646729.03874454,6082250.10659927,-0.730285693
3743,3743,1635006.936693962,6082306.712492647,0.864000001
3744,3744,1635074.395115743,6082285.898654661,0.542293547
3745,3745,1641011.425193959,6082254.422898635,0.079000004
3746,3746,1641096.912507757,6082256.212581275,0.195593977
3747,3747,1641301.379262479,6082257.896156907,0.101774884
3748,3748,1646701.29225382,6082221.487218978,0.776773318
3749,3749,1646752.971040514,6082224.539155331,-0.727999985
3750,3750,1640065.464451421,6082245.650524219,0.187933962
3751,3751,1641108.694870961,6082241.633621371,-0.32200538
3752,3752,1641228.167683703,6082236.262806044,-0.210333449
3753,3753,1646709.397498072,6082211.482024481,0.804254366
3754,3754,1636929.074247114,6082247.063087606,1.091799948
3755,3755,1646725.659769158,6082201.434384312,0.745449989
3756,3756,1648184.906644698,6082348.543647057,0.728566569
3757,3757,1635025.655064975,6082247.994716977,1.052287197
3758,3758,1636924.933631661,6082241.971700304,1.095000029
3759,3759,1640050.44295657,6082223.31882791,0.16260177
3760,3760,1648042.101900804,6082191.720822533,0.115965666
3761,3761,1648054.727394419,6082184.996029438,0.393676472
3762,3762,1634734.301856255,6082299.415338428,1.209342138
3763,3763,1646741.870148751,6082181.423942153,0.857549999
3764,3764,1635057.326546293,6082238.691794585,1.008313893
3765,3765,1646749.975311283,6082171.418709598,0.937425017
3766,3766,1646790.903950369,6082186.231403537,-9999.0
3767,3767,1648023.459921001,6082170.722939259,0.119858656
3768,3768,1646758.080455638,6082161.41346939,1.013849995
3769,3769,1646819.258187882,6082161.094660395,-9999.0
3770,3770,1648030.554494355,6082154.721966194,0.470941176
3771,3771,1634988.108821878,6082205.020554647,0.994491245
3772,3772,1635273.382439843,6082534.048578567,0.892402377
3773,3773,1637132.793469704,6082196.408573893,-0.066262517
3774,3774,1638539.79387824,6082402.455816281,0.788574255
3775,3775,1638633.674719533,6082190.076842478,0.692475006
3776,3776,1639726.541796405,6082185.513263445,0.289642858
3777,3777,1640028.989750268,6082194.655186313,0.345263154
3778,3778,1646774.342581802,6082151.365738825,0.802350008
3779,3779,1648022.269278874,6082144.900275431,0.49898734
3780,3780,1634999.294716996,6082210.779365468,1.006030019
3781,3781,1648013.854792387,6082135.263200667,0.57594595
3782,3782,1639734.610535064,6082165.551730578,0.001754384
3783,3783,1635190.551367192,6082191.301056097,1.106360303
3784,3784,1640014.352676126,6082161.355222001,0.112148835
3785,3785,1646798.657824233,6082121.349926988,1.077625016
3786,3786,1646853.730371234,6082123.553373974,0.080000021
3787,3787,1635182.530028977,6082164.409436349,-9999.0
3788,3788,1635207.595592818,6082164.311158652,0.726013699
3789,3789,1646806.762868688,6082111.344641076,1.182924994
3790,3790,1646872.01867896,6082111.004106584,-9999.0
3791,3791,1635215.713420359,6082154.316431002,0.89988311
3792,3792,1638641.638518448,6082145.209774387,0.465562498
3793,3793,1646823.024849933,6082101.296820113,0.854249991
3794,3794,1635223.831275474,6082144.321816394,0.975371316
3795,3795,1638625.426793606,6082130.130824448,0.591071423
3796,3796,1642573.158418945,6082101.797919145,-0.439857256
3797,3797,1642622.723518731,6082107.529125156,-9999.0
3798,3798,1646839.234829932,6082081.286195121,0.902072474
3799,3799,1636839.200939992,6082117.334755344,1.096449266
3800,3800,1639997.287243308,6082124.035727335,0.106139411
3801,3801,1642589.42844876,6082092.484263078,0.049941919
3802,3802,1642646.526924286,6082092.213115457,-9999.0
3803,3803,1646899.017705743,6082074.332016436,-9999.0
3804,3804,1636831.445117513,6082107.618021819,1.107746217
3805,3805,1639980.318728255,6082093.522887483,0.246533334
3806,3806,1642613.851898354,6082082.405421702,-0.323646225
3807,3807,1642658.714931611,6082082.192187131,-9999.0
3808,3808,1646855.44473722,6082061.27553953,0.863228463
3809,3809,1646912.543257053,6082060.977278715,-9999.0
3810,3810,1636825.668928279,6082095.968715487,1.118363576
3811,3811,1642630.118493716,6082072.365101862,0.298624975
3812,3812,1635199.165357391,6082094.604195357,-0.32133334
3813,3813,1635248.356528724,6082110.559850704,0.908229822
3814,3814,1635508.145997335,6082099.132791095,0.990181215
3815,3815,1639979.086408012,6082074.595845252,-0.168675012
3816,3816,1642646.408576414,6082067.306290017,0.275150889
3817,3817,1646871.654571794,6082041.264853338,0.786866675
3818,3818,1646923.332364515,6082044.315855413,0.090800022
3819,3819,1635207.283067184,6082084.609491542,-0.467733331
3820,3820,1635256.224101833,6082084.417520576,0.902158332
3821,3821,1635284.79262978,6082089.286748607,0.961743753
3822,3822,1635305.165167469,6082084.22523996,0.924016655
3823,3823,1635468.387228211,6082083.471517291,1.121168816
3824,3824,1635533.390350169,6082083.529378003,1.00670175
3825,3825,1638622.99133955,6082091.213914828,0.559181815
3826,3826,1642703.435754423,6082052.090814004,-9999.0
3827,3827,1646887.864333658,6082021.254136539,0.812049981
3828,3828,1635318.566255654,6082071.391397048,0.894346996
3829,3829,1635337.71699353,6082064.897917588,0.851849043
3830,3830,1635443.920448432,6082063.480706965,0.843378378
3831,3831,1642711.497945829,6082032.126378052,-9999.0
3832,3832,1635223.479587475,6082054.657270981,-0.390999998
3833,3833,1635358.068339281,6082054.475489998,0.759539827
3834,3834,1638584.863332889,6082041.181690685,0.836793655
3835,3835,1642695.136690699,6082022.241459348,-0.169621686
3836,3836,1646895.917157964,6082001.285991113,0.970099992
3837,3837,1635391.084755337,6082044.616057843,0.665081091
3838,3838,1638611.781913281,6082041.335562313,0.453745623
3839,3839,1642703.246250081,6082012.23978279,0.120390442
3840,3840,1635231.55823265,6082034.699828988,-0.381153842
3841,3841,1642288.54784526,6082003.334614195,-0.222311373
3842,3842,1642434.9212934,6082068.813513487,0.210774709
3843,3843,1642719.51250154,6082002.199485832,0.068719435
3844,3844,1642735.778679496,6081992.1591964,0.229249967
3845,3845,1646970.8102694,6081988.739159318,0.095454565
3846,3846,1635597.782670819,6082046.773905431,1.101429783
3847,3847,1637017.815731664,6082007.588165985,-0.211924993
3848,3848,1638600.23293327,6082000.925563156,0.953158326
3849,3849,1642233.651791076,6081984.57275275,-0.452629034
3850,3850,1635639.279488361,6082003.202430857,1.094299133
3851,3851,1637009.617792077,6081997.659191336,-0.033874993
3852,3852,1642213.053895394,6081974.70575512,-0.484708352
3853,3853,1642751.997453101,6081972.156035719,0.673749995
3854,3854,1637001.419990339,6081987.730091162,0.235023529
3855,3855,1642189.13145799,6081964.85521202,-0.503850028
3856,3856,1642205.445127583,6081964.778413158,-0.358133334
3857,3857,1642831.276948312,6081961.815253096,-9999.0
3858,3858,1646936.440561059,6081946.342302867,1.060548176
3859,3859,1635263.989798038,6081984.758164301,-9999.0
3860,3860,1635663.670672224,6081983.17983848,1.156625029
3861,3861,1642779.165098225,6081976.026441124,-0.057342718
3862,3862,1642800.843286222,6081951.997388405,0.619224991
3863,3863,1642849.783998105,6081951.763935195,-9999.0
3864,3864,1646944.508620666,6081931.308706803,1.173507876
3865,3865,1635272.107445715,6081974.763363897,-9999.0
3866,3866,1635671.790736148,6081973.911166968,1.109764698
3867,3867,1642181.188576304,6081949.948068692,-0.196565219
3868,3868,1642817.109374349,6081941.956811304,0.759237486
3869,3869,1646952.598642995,6081921.28562215,1.153086444
3870,3870,1647025.001009246,6081929.58186571,-0.542399974
3871,3871,1635688.064634532,6081963.88362615,1.084169795
3872,3872,1642833.399159501,6081936.897532336,0.021964829
3873,3873,1635704.33560828,6081953.129607638,1.06349998
3874,3874,1642849.64136151,6081921.87571786,-0.19115798
3875,3875,1646968.807828463,6081901.274538781,0.988862493
3876,3876,1635288.303389652,6081944.811242015,-9999.0
3877,3877,1635716.532453664,6081943.465237295,1.040459421
3878,3878,1635801.966923978,6081939.810530658,1.075000052
3879,3879,1642130.763027001,6081930.566407323,-0.270677766
3880,3880,1642857.75056709,6081911.874035675,0.006474885
3881,3881,1647050.323457876,6081890.884611148,-0.752529399
3882,3882,1635736.886112654,6081933.800824116,1.048584862
3883,3883,1642874.01660289,6081901.833334501,-0.104687548
3884,3884,1646977.664066874,6081882.160484514,1.21724576
3885,3885,1647852.797840356,6082022.461085069,0.335763415
3886,3886,1635304.538468898,6081924.821599107,-9999.0
3887,3887,1635752.99051123,6081923.251694455,1.040333294
3888,3888,1642066.453085838,6081895.689633399,-0.365571546
3889,3889,1642082.459737296,6081902.671878113,-0.210317189
3890,3890,1636960.308059664,6081908.196229635,-0.247475006
3891,3891,1642882.239800881,6081882.07408448,0.767766235
3892,3892,1642906.479931902,6081891.041404802,-0.443332397
3893,3893,1635851.124296319,6081902.526030923,1.223581826
3894,3894,1638602.951483365,6081892.823104708,0.54135999
3895,3895,1642890.543051426,6081872.329690652,0.653857141
3896,3896,1645459.386731322,6081859.432152063,0.170438596
3897,3897,1647082.741622732,6081850.862406692,-0.903999977
3898,3898,1642049.833174174,6081866.083220478,0.051381567
3899,3899,1642906.453088798,6081861.826450462,0.437066665
3900,3900,1647009.278756499,6081841.284449862,1.180000005
3901,3901,1635827.731817738,6081907.251925119,1.167070659
3902,3902,1642922.718933747,6081851.785640444,0.172175001
3903,3903,1642944.971791168,6081858.892200437,-0.712872456
3904,3904,1647090.793803759,6081830.89413953,-0.765186461
3905,3905,1635345.128733462,6081875.574156259,0.835250005
3906,3906,1642049.906182914,6081845.952620201,0.467099974
3907,3907,1642955.297918054,6081841.667038554,-0.670698709
3908,3908,1645475.548807719,6081829.461237775,0.267508774
3909,3909,1647018.020122005,6081822.028808629,1.695847437
3910,3910,1635369.556688278,6081864.788470398,-9999.0
3911,3911,1642967.485304525,6081831.64569279,-0.547234679
3912,3912,1645483.987519404,6081819.046830158,0.259500009
3913,3913,1635377.674061504,6081854.793645623,-9999.0
3914,3914,1642947.045976765,6081821.780384352,0.369600005
3915,3915,1647033.540176893,6081801.305191966,1.189844443
3916,3916,1642955.154937537,6081811.778767864,0.532250009
3917,3917,1647041.644666677,6081791.299683603,1.035649991
3918,3918,1638623.723604616,6081920.970047965,0.269789821
3919,3919,1642971.444412516,6081806.719336691,0.261737139
3920,3920,1634754.306112621,6081850.034051382,1.381374015
3921,3921,1634827.957317962,6081859.49668927,1.357141067
3922,3922,1635507.535131886,6081828.806458291,1.031088474
3923,3923,1636748.300306924,6081818.940942805,1.101527755
3924,3924,1642995.842922352,6081791.657989797,0.130250002
3925,3925,1643011.989794149,6081791.785044328,-0.114178551
3926,3926,1647049.696934297,6081771.331387755,1.166875009
3927,3927,1635410.143476765,6081814.814152882,-0.699000001
3928,3928,1635614.653149551,6081814.005458274,1.025399976
3929,3929,1636740.672799233,6081808.573091599,1.23258616
3930,3930,1643493.346087906,6081778.572372313,-9999.0
3931,3931,1645505.395640273,6081775.855930552,0.411291681
3932,3932,1634752.212992146,6081807.515038888,1.153583363
3933,3933,1643025.525156149,6081774.408078771,0.049951085
3934,3934,1647147.472244652,6081750.89235221,-0.907103436
3935,3935,1645515.928352739,6081749.552427947,0.305321632
3936,3936,1647074.010212536,6081741.314793225,1.054825012
3937,3937,1634757.519027899,6081792.457087356,1.155102521
3938,3938,1638560.809716099,6081768.381753782,0.117230766
3939,3939,1643419.798901617,6081750.492468493,-0.745964336
3940,3940,1643533.987875776,6081749.213103997,-0.151700001
3941,3941,1647155.550427211,6081735.905365352,-0.865064957
3942,3942,1643044.543845679,6081741.609790408,0.206666669
3943,3943,1643374.88593589,6081740.020079263,-0.711625005
3944,3944,1647082.062361488,6081721.346465658,0.730417738
3945,3945,1647709.955497646,6081718.236318732,0.26482143
3946,3946,1638285.134457652,6081753.201651832,-0.40030775
3947,3947,1638566.535993404,6081751.99738926,-0.312222335
3948,3948,1643018.018039027,6081739.199308705,0.708678731
3949,3949,1643550.423420216,6081729.602750978,0.318028167
3950,3950,1645532.256190467,6081719.3762416,0.312999998
3951,3951,1647090.166723861,6081711.340911001,1.042741679
3952,3952,1647163.57619936,6081710.955554482,-0.773164557
3953,3953,1647718.225419566,6081708.024954047,0.369125004
3954,3954,1636853.616757952,6081749.228421544,-0.150399996
3955,3955,1643028.537990391,6081722.22866438,0.940028189
3956,3956,1643590.938995638,6081719.047799432,0.849074963
3957,3957,1643619.085020792,6081729.427491651,-9999.0
3958,3958,1643043.805813633,6081711.724363718,0.532654544
3959,3959,1643607.203767044,6081709.005825476,0.507353565
3960,3960,1645540.311725712,6081699.409330945,0.401250003
3961,3961,1647098.218808837,6081691.3725674,1.04532498
3962,3962,1647743.033145882,6081691.501405306,0.680396381
3963,3963,1643615.311941889,6081699.003446165,0.596925001
3964,3964,1647106.323125685,6081681.366997246,1.019099998
3965,3965,1634773.414905466,6081727.841205702,1.25842855
3966,3966,1636714.666740398,6081720.11328884,0.852947354
3967,3967,1638509.269111731,6081712.391499992,0.089787496
3968,3968,1643671.764658807,6081688.766047148,-9999.0
3969,3969,1634760.483910962,6081719.22221049,1.50242854
3970,3970,1647114.375146685,6081661.39863761,1.160999984
3971,3971,1634794.325187782,6081708.210659917,1.370027264
3972,3972,1635408.56677797,6081733.984413959,0.229082498
3973,3973,1635550.561572697,6081759.753173287,1.039758183
3974,3974,1636804.47328001,6081699.615477366,0.147333332
3975,3975,1643073.628645701,6081689.591111105,0.442752291
3976,3976,1643646.756121677,6081691.371520508,0.218018463
3977,3977,1650139.807224857,6081643.345725855,1.519945091
3978,3978,1634816.015669724,6081696.714024203,1.368671236
3979,3979,1636658.576168837,6081688.681265948,1.036142854
3980,3980,1636714.184714283,6081694.436156462,0.76975221
3981,3981,1636784.041184973,6081689.736341036,0.395550008
3982,3982,1643688.527146285,6081658.795418169,0.280533331
3983,3983,1643704.8401306,6081658.716115925,-0.362858687
3984,3984,1647122.427131054,6081641.430269793,1.445325586
3985,3985,1634768.364092533,6081702.7673691,1.748346832
3986,3986,1636650.103428092,6081679.321037279,3.100081296
3987,3987,1636681.877839194,6081680.395722796,0.837464293
3988,3988,1636698.190814235,6081680.32906296,0.752964304
3989,3989,1636771.765654038,6081679.823694524,0.390750001
3990,3990,1643059.110412569,6081669.279714281,0.614414867
3991,3991,1643104.085326279,6081654.475557286,0.225608462
3992,3992,1649928.607896009,6081614.121468597,1.625499982
3993,3993,1649962.496606149,6081625.76751761,1.4963504
3994,3994,1634846.630232566,6081677.743005536,1.182551717
3995,3995,1634862.943176387,6081677.679680042,1.169275868
3996,3996,1635393.875213794,6081675.398056509,0.01074194
3997,3997,1636706.6394454,6081669.922997521,0.644690906
3998,3998,1643084.848752498,6081641.786591907,0.608399998
3999,3999,1643125.631294714,6081641.590671015,0.119624998
4000,4000,1647130.505226896,6081626.44328777,1.30629888
4001,4001,1634789.659992866,6081667.070280608,1.610998772
4002,4002,1636681.796435558,6081660.470264525,0.727654765
4003,4003,1643092.957440238,6081631.784688266,0.72575001
4004,4004,1647203.835445094,6081611.113416883,-0.494675001
4005,4005,1650051.182768281,6081619.973227417,1.543028614
4006,4006,1634807.704691584,6081656.894763983,1.59885455
4007,4007,1635409.514766474,6081655.410601256,0.12806667
4008,4008,1636733.141975738,6081657.305832758,0.402551976
4009,4009,1643109.222595565,6081621.743618863,0.558224991
4010,4010,1643321.287732555,6081619.996454822,0.037307694
4011,4011,1645564.160201037,6081609.82539109,0.300223214
4012,4012,1647138.55714266,6081606.474903747,1.342112416
4013,4013,1647211.939593691,6081601.107718557,-0.635299975
4014,4014,1635523.662835376,6081644.270492886,0.923283032
4015,4015,1636649.089226645,6081640.678037007,0.775298251
4016,4016,1643712.754135537,6081608.862591079,0.232249997
4017,4017,1647146.635179179,6081591.487900408,1.141173353
4018,4018,1634777.970406777,6081665.319115685,1.685506904
4019,4019,1634862.954919073,6081637.623831928,1.731962468
4020,4020,1636608.839521276,6081630.25640429,1.273753332
4021,4021,1636717.800746357,6081632.601160757,0.339326505
4022,4022,1643141.752797709,6081601.66139018,0.345500005
4023,4023,1645564.225318563,6081589.694680164,0.462284403
4024,4024,1647154.739350276,6081581.482283568,1.008828946
4025,4025,1647219.991283348,6081581.139288302,-0.599700008
4026,4026,1635672.452137899,6081637.50854398,0.377496712
4027,4027,1636601.435366293,6081619.832013991,3.220139514
4028,4028,1636653.682386879,6081621.109696689,0.724036344
4029,4029,1643729.067094133,6081608.783177434,-0.04518
4030,4030,1647805.950414345,6081631.102894781,1.1151215
4031,4031,1650219.479496805,6081583.849473393,1.462593416
4032,4032,1635441.983371999,6081615.430920398,0.134124998
4033,4033,1643737.077979189,6081578.855133799,0.178124998
4034,4034,1647162.791170059,6081561.513875498,1.460990459
4035,4035,1647228.04298365,6081561.170768612,-0.538399998
4036,4036,1647798.995780177,6081558.149434799,1.021137492
4037,4037,1647815.308722001,6081558.062574266,1.026299976
4038,4038,1635800.82600861,6081604.044413626,0.918379772
4039,4039,1643705.712429349,6081575.396059969,0.759271022
4040,4040,1649911.969026839,6081537.038897869,1.619042563
4041,4041,1634988.085002977,6081622.403888875,0.848137635
4042,4042,1635095.687311794,6081597.446158285,0.713853221
4043,4043,1643223.173593349,6081571.380825843,0.110041667
4044,4044,1643720.66811781,6081559.008945698,0.542549998
4045,4045,1643744.971074599,6081559.094996359,0.262678576
4046,4046,1647170.842953209,6081541.545459239,1.925712518
4047,4047,1634885.1189798,6081612.689148678,1.322749555
4048,4048,1635009.778873102,6081597.379634281,1.108302585
4049,4049,1635042.382090574,6081587.689335542,1.060101404
4050,4050,1635826.550876313,6081597.185469536,0.772277106
4051,4051,1643133.380951273,6081556.86815403,0.970888882
4052,4052,1643284.334399574,6081568.492703265,0.261914559
4053,4053,1643728.776072252,6081549.006400378,0.554999996
4054,4054,1635058.950010074,6081580.313637115,1.047482721
4055,4055,1635515.233434598,6081575.290064865,-9999.0
4056,4056,1643141.465571424,6081541.884820322,0.936177793
4057,4057,1643254.677886372,6081550.05763145,0.214380665
4058,4058,1643736.883875528,6081539.003945867,0.668749999
4059,4059,1643753.148133622,6081528.961828292,0.493874996
4060,4060,1643777.613812994,6081528.116099828,-0.045442309
4061,4061,1645568.874845731,6081544.033345506,0.574352198
4062,4062,1647178.868523816,6081516.595645314,1.913968762
4063,4063,1649699.353738567,6081497.712199521,-0.985000014
4064,4064,1636671.761330548,6081574.808272921,0.293925414
4065,4065,1643760.661243966,6081518.962208826,0.455294868
4066,4066,1647186.946409611,6081501.608602162,1.872537477
4067,4067,1649943.816521727,6081486.695909239,1.571925002
4068,4068,1635169.169719035,6081559.668906565,0.422065348
4069,4069,1635352.156129729,6081546.249400433,1.055974902
4070,4070,1643239.219167025,6081515.974773711,0.587967481
4071,4071,1647734.454228074,6081528.164883932,0.832103172
4072,4072,1649618.239665069,6081474.553296254,-0.985000014
4073,4073,1649959.762341747,6081479.966297552,1.716284474
4074,4074,1650000.687564993,6081476.212166256,1.633677949
4075,4075,1650014.351860986,6081483.031099052,1.59551396
4076,4076,1635116.048355898,6081548.999773167,0.841119995
4077,4077,1635254.240740372,6081536.671528135,1.083070176
4078,4078,1635343.624408455,6081535.911476506,1.052005002
4079,4079,1643173.975442858,6081501.970638543,1.015012642
4080,4080,1643203.21310396,6081510.800809246,0.708045307
4081,4081,1643769.315242178,6081498.99402089,0.504049999
4082,4082,1635137.727068141,6081539.668341095,0.933079382
4083,4083,1635221.562407281,6081528.678855084,-0.085326907
4084,4084,1635282.061963437,6081526.605841521,0.993267194
4085,4085,1636624.298708791,6081521.019974973,0.205450001
4086,4086,1642044.882180775,6081509.978032456,0.265785717
4087,4087,1643182.197248804,6081492.112793198,1.091961042
4088,4088,1643792.062742268,6081498.861011407,0.009701437
4089,4089,1647194.971897671,6081476.658771518,1.7411125
4090,4090,1647219.248677115,6081471.75391183,0.861563641
4091,4091,1635237.834529235,6081527.21908942,0.805369364
4092,4092,1635323.752969716,6081516.848753755,0.951187101
4093,4093,1635816.781243092,6081514.314821824,0.385187497
4094,4094,1643190.456677963,6081482.310133628,1.165742821
4095,4095,1643231.495355257,6081482.194212519,0.85715315
4096,4096,1635262.465920356,6081517.093473157,0.999459572
4097,4097,1635824.897800176,6081504.319581256,0.450399989
4098,4098,1642040.023516768,6081477.368891479,0.429599997
4099,4099,1643205.786537685,6081471.834568838,1.109727279
4100,4100,1643785.482241287,6081469.026182,0.648111111
4101,4101,1647203.023529635,6081456.69032234,1.661368751
4102,4102,1647268.274612389,6081456.346890768,-0.449999993
4103,4103,1650127.466387342,6081447.648050979,1.62253813
4104,4104,1650146.854183891,6081435.748828324,1.634581778
4105,4105,1635287.388780158,6081497.998289811,-0.475923071
4106,4106,1643801.746341928,6081458.983845453,0.2755
4107,4107,1650139.240955936,6081426.554712401,1.623187904
4108,4108,1635302.937961947,6081486.620187406,1.032480537
4109,4109,1636601.764127533,6081498.711630393,0.199400294
4110,4110,1649537.866927386,6081416.007907853,-0.985000014
4111,4111,1635319.088289375,6081476.435069305,0.842725004
4112,4112,1643214.707160196,6081447.542697936,1.017445175
4113,4113,1647211.048930469,6081431.740476572,1.407570866
4114,4114,1635335.361663684,6081466.408156306,0.766150003
4115,4115,1635873.67652278,6081464.273219145,0.235863642
4116,4116,1635972.139389191,6081468.033168529,0.838983329
4117,4117,1636007.689663978,6081468.006687147,0.861396374
4118,4118,1642085.853782044,6081459.794956199,0.707343255
4119,4119,1643222.502121158,6081431.902135149,0.909688892
4120,4120,1635881.793047998,6081454.277852445,0.22511539
4121,4121,1636575.076497585,6081451.480465466,0.076342109
4122,4122,1643230.610463317,6081421.900100808,0.956074994
4123,4123,1649518.646139996,6081391.614475104,-0.985000014
4124,4124,1635995.960823334,6081448.839482748,0.885016434
4125,4125,1636047.55364978,6081448.562344209,0.891213533
4126,4126,1643255.312484414,6081424.297742161,1.003084103
4127,4127,1649510.358143901,6081378.86369644,-0.985000014
4128,4128,1642096.624628949,6081407.567158072,0.695859632
4129,4129,1647218.943289168,6081381.883644398,1.189025031
4130,4130,1650261.559839902,6081370.347156227,1.481082598
4131,4131,1635367.829809914,6081426.428786695,0.946874996
4132,4132,1636022.65172773,6081432.07670527,0.853859911
4133,4133,1636080.997465297,6081428.249625158,0.903493744
4134,4134,1642047.803182765,6081396.90218006,0.633265309
4135,4135,1642076.35354112,6081397.494885486,0.623295584
4136,4136,1643243.341199088,6081400.294254334,1.039300834
4137,4137,1649502.655448301,6081359.618859136,-0.984999996
4138,4138,1650138.847446714,6081356.088480873,1.552087481
4139,4139,1650269.348397688,6081355.358875707,1.472525021
4140,4140,1636528.232962449,6081435.537367868,0.248133748
4141,4141,1636113.542332315,6081408.192991161,0.959756374
4142,4142,1635946.803882125,6081394.240466191,-9999.0
4143,4143,1636138.474997571,6081393.471164756,0.994658554
4144,4144,1650277.171205189,6081325.630038372,1.613087698
4145,4145,1635954.920192778,6081384.245086948,-0.391000003
4146,4146,1636154.747322565,6081383.442757018,1.02113749
4147,4147,1636354.574570982,6081382.635812609,0.997093026
4148,4148,1636485.134867548,6081390.615746059,0.212084434
4149,4149,1643833.860975489,6081354.21555832,0.668374995
4150,4150,1647226.148220385,6081348.860481347,1.210185987
4151,4151,1636060.910875433,6081373.857068229,0.90415714
4152,4152,1636166.941508923,6081373.430750606,1.038074964
4153,4153,1645522.129639748,6081330.869221654,0.171674997
4154,4154,1636183.213766642,6081363.40228487,1.062074958
4155,4155,1636321.869099965,6081362.842398801,1.033974972
4156,4156,1643859.338997287,6081344.820021668,0.377622745
4157,4157,1647243.531149103,6081318.538477405,1.078192319
4158,4158,1647292.06139497,6081326.701948618,-0.144368748
4159,4159,1635371.058801996,6081369.72090471,1.035999998
4160,4160,1635979.268992591,6081354.258981878,-0.58166666
4161,4161,1643841.84695368,6081319.306051878,0.676100016
4162,4162,1635378.596631132,6081348.174702441,1.072999938
4163,4163,1636217.397443014,6081345.331237466,1.097730027
4164,4164,1643857.515983797,6081309.266498533,0.586036344
4165,4165,1647253.487095746,6081292.301030379,0.954562487
4166,4166,1635384.45487134,6081337.10057276,1.077588237
4167,4167,1635987.365309014,6081339.282151172,-0.351941758
4168,4168,1636248.176217904,6081333.455870941,1.07425
4169,4169,1636423.700328345,6081332.541111624,0.293503186
4170,4170,1643849.905837545,6081299.340666417,0.748499994
4171,4171,1647724.104755449,6081279.581740092,0.638274994
4172,4172,1647258.553202277,6081272.081528755,0.893576921
4173,4173,1647732.207928145,6081269.575696723,0.687699988
4174,4174,1635392.025144966,6081316.894538113,1.100589738
4175,4175,1635995.441585243,6081319.324020684,-0.197798847
4176,4176,1641802.611384996,6081289.907237148,-0.291037721
4177,4177,1649436.80141095,6081250.387770669,0.805425012
4178,4178,1636386.876396525,6081302.801774839,0.466825
4179,4179,1649428.590350494,6081240.46987926,0.83227162
4180,4180,1636011.673961999,6081299.333131423,-0.213575004
4181,4181,1636366.445683931,6081292.921666245,0.471403921
4182,4182,1641896.312745605,6081269.165197415,0.368444444
4183,4183,1641920.779645884,6081268.70391227,-0.380093795
4184,4184,1643852.303768686,6081260.205281669,0.939793096
4185,4185,1635399.310108371,6081286.824353397,1.170000019
4186,4186,1636019.77015734,6081284.356281258,-0.137224997
4187,4187,1636354.171140765,6081283.008485504,0.428950002
4188,4188,1641941.123481693,6081258.645857225,-0.456545928
4189,4189,1643870.640465769,6081253.235381271,0.872238944
4190,4190,1649436.470716324,6081220.704554654,-0.021890901
4191,4191,1636027.291575752,6081274.363199131,-0.070529406
4192,4192,1645570.474426766,6081231.093651185,0.96616471
4193,4193,1649412.113448201,6081210.67127221,0.793474995
4194,4194,1636019.690152121,6081264.43088771,0.030449996
4195,4195,1643859.215024157,6081236.228382014,1.111214296
4196,4196,1643878.11168122,6081229.461797376,0.903871788
4197,4197,1647756.953285821,6081209.6656526,0.739708316
4198,4198,1649436.527118862,6081200.573728662,-0.98026668
4199,4199,1649574.587138573,6081199.812434513,1.621722228
4200,4200,1636313.700743992,6081260.030440922,0.47531242
4201,4201,1647204.285784059,6081200.934804842,1.185999995
4202,4202,1650298.753714059,6081192.288098215,1.479202106
4203,4203,1643866.383066473,6081215.894245498,1.201237032
4204,4204,1643886.692409883,6081212.395822588,0.878124997
4205,4205,1650309.125004147,6081175.799920371,1.419162494
4206,4206,1636003.258156508,6081234.607980142,-0.374174992
4207,4207,1643873.897153296,6081199.604596951,1.049974999
4208,4208,1640994.456343487,6081203.240882079,-0.367271191
4209,4209,1641061.288109369,6081203.668412067,-0.509312582
4210,4210,1641223.108239443,6081202.193860439,0.295108334
4211,4211,1641372.084270339,6081209.717915594,0.739050587
4212,4212,1641402.542239646,6081201.368072399,0.923311099
4213,4213,1641400.452046063,6081215.761877202,0.055157465
4214,4214,1647217.676702381,6081172.870286409,1.175607092
4215,4215,1650317.76418867,6081155.825258818,1.456775473
4216,4216,1641165.803608162,6081192.698060574,0.103413799
4217,4217,1641267.920939114,6081192.024785121,0.464462502
4218,4218,1641410.652372892,6081191.367695396,1.031374979
4219,4219,1641590.08952347,6081191.264611061,0.354035093
4220,4220,1642113.718501829,6081210.107457879,1.13042235
4221,4221,1640953.866498729,6081183.500040929,-0.406000112
4222,4222,1640972.471937967,6081189.503812131,-0.022909851
4223,4223,1641043.583199957,6081183.090499946,0.42838095
4224,4224,1641125.143943536,6081182.71708286,0.295275006
4225,4225,1641187.915684206,6081187.342285857,0.587175299
4226,4226,1641426.918580501,6081181.329647959,1.337500012
4227,4227,1643882.246603898,6081175.402115426,0.996809502
4228,4228,1647198.143587984,6081164.68160185,1.259327652
4229,4229,1650325.213900883,6081135.857258496,1.427112509
4230,4230,1640961.977045278,6081173.500262216,0.00308218
4231,4231,1641149.566443325,6081172.642360385,0.728620707
4232,4232,1641443.184667209,6081171.291687692,1.155974995
4233,4233,1641475.977124015,6081171.34456077,0.995344852
4234,4234,1635950.044076844,6081185.006952303,0.410375005
4235,4235,1640936.417291734,6081166.41254367,-0.312055395
4236,4236,1641165.855723288,6081167.58619889,0.797950005
4237,4237,1641492.24320234,6081161.306422967,0.838596474
4238,4238,1649402.869207229,6081121.054146916,-0.985070189
4239,4239,1635913.299170907,6081174.464672809,0.360603771
4240,4240,1641628.000132147,6081178.225591368,0.542822127
4241,4241,1647223.685895002,6081136.936843906,1.182919079
4242,4242,1650336.053306017,6081116.00000883,1.450585872
4243,4243,1636068.226550539,6081164.607033444,-0.374125003
4244,4244,1640890.054904142,6081148.834747003,-0.240388001
4245,4245,1641467.866315174,6081153.758871234,1.57535399
4246,4246,1641598.011364323,6081140.686680912,0.899225021
4247,4247,1647241.996665831,6081112.759621719,1.40454997
4248,4248,1636100.810593544,6081154.513164856,-0.303094591
4249,4249,1641614.300344602,6081135.62970267,0.888662497
4250,4250,1641634.667320422,6081130.55377513,0.954857143
4251,4251,1643987.6826097,6081119.33236147,-0.206749994
4252,4252,1647250.100288704,6081102.753906067,1.593700025
4253,4253,1640830.852413516,6081131.047199721,-0.062247553
4254,4254,1641655.011159505,6081120.496427194,0.980958907
4255,4255,1647258.203893394,6081092.748182762,1.391950004
4256,4256,1647290.661878866,6081092.781574738,0.651578932
4257,4257,1649370.620330679,6081081.379171366,1.163674994
4258,4258,1640809.552904088,6081116.013780807,0.152254272
4259,4259,1641671.574469236,6081111.251636656,0.986290328
4260,4260,1641752.670729105,6081110.284084335,1.180392836
4261,4261,1643898.533949254,6081112.315634646,0.958770826
4262,4262,1647266.307479903,6081082.742451808,1.019024996
4263,4263,1649355.174709692,6081070.198854925,1.080260847
4264,4264,1640695.311021912,6081111.53682644,-0.381700399
4265,4265,1640749.602921335,6081104.726052062,0.081249932
4266,4266,1641687.733887341,6081107.638223392,0.914328105
4267,4267,1642078.864438919,6081098.798042272,0.879403512
4268,4268,1647274.411048228,6081072.736713203,0.831999993
4269,4269,1649370.344620435,6081061.658784566,-0.91873216
4270,4270,1639933.959165564,6081098.428312825,-9999.0
4271,4271,1640602.746648896,6081094.702048707,0.033499979
4272,4272,1640655.763847878,6081095.188554215,-0.320602777
4273,4273,1640782.20427621,6081099.596527241,0.34395
4274,4274,1641703.865108328,6081095.4483812,1.132880512
4275,4275,1641769.337748104,6081093.494557673,1.139524193
4276,4276,1641816.843620432,6081092.072004196,1.18728888
4277,4277,1642059.84619222,6081149.86091937,0.585056365
4278,4278,1650345.747800533,6081100.474915931,1.399000049
4279,4279,1636182.169837101,6081104.371120189,-0.405024995
4280,4280,1636541.072639033,6081112.880356587,-0.260566687
4281,4281,1639836.04313915,6081088.900570517,-9999.0
4282,4282,1639893.134958,6081088.647057158,-9999.0
4283,4283,1640594.548896054,6081085.502629759,0.791548775
4284,4284,1641720.09725089,6081085.323768486,0.931462501
4285,4285,1641890.092120589,6081158.722737923,1.501033516
4286,4286,1649354.085157857,6081040.891106034,0.37311626
4287,4287,1650362.148020403,6081035.411237702,1.408538397
4288,4288,1636190.28595606,6081094.375333231,-0.320925014
4289,4289,1639792.382823324,6081079.48819454,-9999.0
4290,4290,1640630.069546541,6081081.783710713,0.552945449
4291,4291,1641728.183771944,6081070.341715073,0.940974996
4292,4292,1641826.055450952,6081069.886239296,1.17042501
4293,4293,1643913.391083409,6081059.918120622,1.044470591
4294,4294,1651617.758837387,6081019.504279937,1.240254583
4295,4295,1639774.785091576,6081069.246151157,-9999.0
4296,4296,1639950.138106939,6081068.467658375,0.708936674
4297,4297,1639983.418485164,6081073.235352155,-9999.0
4298,4298,1641744.472553817,6081065.284498269,0.987249998
4299,4299,1649835.183552133,6081019.033569081,1.422375043
4300,4300,1651653.972811239,6081008.752294307,1.385275
4301,4301,1651663.53829198,6081020.685431801,1.194223309
4302,4302,1635763.298196832,6081079.430113196,0.017638741
4303,4303,1639754.351034505,6081059.373885834,-9999.0
4304,4304,1639966.464866952,6081058.519543524,0.917669736
4305,4305,1639999.032751878,6081059.013350585,-9999.0
4306,4306,1640260.02306346,6081057.846739837,-9999.0
4307,4307,1641752.559015826,6081050.302421908,1.032033729
4308,4308,1644044.383823026,6081039.350208765,-0.374599993
4309,4309,1649851.467890997,6081013.961597125,1.436595512
4310,4310,1651719.192194981,6081003.395204926,1.03177918
4311,4311,1639975.125433326,6081051.632891583,0.419076811
4312,4312,1641768.847748013,6081045.245160266,1.055293726
4313,4313,1643921.829274739,6081030.192122654,1.102660716
4314,4314,1644052.490857445,6081029.347511133,-0.352533331
4315,4315,1647274.096252409,6081012.959961379,0.738450003
4316,4316,1649873.092602129,6081000.955087208,1.453051913
4317,4317,1651743.60278647,6080993.291382338,0.980248138
4318,4318,1635951.836023924,6081056.351303551,0.954192653
4319,4319,1636247.216313338,6081054.294322059,-0.244037512
4320,4320,1639992.636122766,6081041.263599082,0.22699992
4321,4321,1640040.974577762,6081038.174090493,-9999.0
4322,4322,1641785.090088034,6081030.225100774,1.060574949
4323,4323,1641833.859402735,6081030.202277008,1.116736876
4324,4324,1649745.329520048,6080994.624164833,1.385424998
4325,4325,1651551.701648752,6080980.459300263,1.251375293
4326,4326,1651759.828613018,6080978.253110929,0.996153976
4327,4327,1635911.436212882,6081046.585796892,0.968993997
4328,4328,1639729.772961392,6081034.575329983,-0.205812547
4329,4329,1640007.679827793,6081029.355460061,0.139793087
4330,4330,1640113.079174575,6081027.889231059,0.120120825
4331,4331,1640284.353526688,6081027.122256629,0.031349996
4332,4332,1640316.810871863,6081027.180860288,-0.399369667
4333,4333,1641875.438629934,6081045.228926528,1.240155155
4334,4334,1643858.743641808,6081022.278319862,1.179755131
4335,4335,1643921.731783292,6081010.266574839,1.438824557
4336,4336,1649326.571024281,6080981.586992616,-0.390929212
4337,4337,1650022.549519334,6080978.138978528,1.272777797
4338,4338,1651531.147057931,6080969.927319787,1.159161992
4339,4339,1651776.083116936,6080968.196221922,0.512438971
4340,4340,1635426.626400191,6081041.30194908,1.014899993
4341,4341,1635997.316857786,6081044.091277055,0.975554819
4342,4342,1636304.227228639,6081034.138043199,-0.623225006
4343,4343,1640023.356053808,6081018.372373751,0.192253165
4344,4344,1640175.176337615,6081039.308233875,0.039939617
4345,4345,1640157.89217327,6081017.725903952,0.436943746
4346,4346,1640300.620643622,6081017.086285475,0.245175003
4347,4347,1640373.857519835,6081016.961513611,-0.269315787
4348,4348,1641891.024288892,6081009.80541714,1.139825034
4349,4349,1650030.649958774,6080968.130716966,1.263225026
4350,4350,1651514.606434708,6080960.30172619,1.248038446
4351,4351,1635733.10827613,6081026.671121485,0.835017526
4352,4352,1635765.731823071,6081026.54120093,0.769600007
4353,4353,1635844.148678978,6081032.957354855,0.900615964
4354,4354,1636035.042542508,6081025.25984796,0.979966684
4355,4355,1639721.338663032,6081009.500963061,0.06367857
4356,4356,1640341.352170718,6081006.21371995,0.024396225
4357,4357,1635847.148477697,6081016.816049529,0.938005331
4358,4358,1636051.331758971,6081015.254336846,1.034544303
4359,4359,1640357.307368574,6081000.22767333,0.19861947
4360,4360,1641817.528194061,6080990.222133122,1.132977819
4361,4361,1643832.036797608,6080980.61163349,1.124649946
4362,4362,1649932.67072506,6081002.025206772,1.399041497
4363,4363,1650038.694844357,6080948.159638263,1.239912498
4364,4364,1651262.213836537,6080943.395670122,-0.265534475
4365,4365,1651792.251361812,6080943.195075221,0.441986009
4366,4366,1635442.442012552,6081021.380258122,0.991800022
4367,4367,1635687.546095114,6081028.98559946,0.639433697
4368,4368,1636067.860664648,6081005.801124807,0.976579736
4369,4369,1636312.282286104,6081009.19831342,0.07888751
4370,4370,1640382.045384325,6080986.831405954,0.357900002
4371,4371,1651188.625849125,6080931.712655631,0.570899988
4372,4372,1636084.33469731,6080996.241853383,1.005220339
4373,4373,1636320.377705893,6080994.221173965,0.022749994
4374,4374,1640398.312257623,6080976.795343252,0.585275
4375,4375,1641817.435372167,6080970.296605836,1.152977307
4376,4376,1647291.261650855,6081023.080461838,0.115250674
4377,4377,1650046.767465761,6080933.169959001,1.229618738
4378,4378,1651468.41170274,6080935.114380993,-0.211825354
4379,4379,1635465.143772098,6081001.028292474,0.984333326
4380,4380,1635615.157719174,6081005.224401381,0.646487154
4381,4381,1636332.571210713,6080984.208841026,-0.230417653
4382,4382,1639714.052952054,6080979.746557787,0.075066666
4383,4383,1640414.579157728,6080966.759162906,0.724870593
4384,4384,1647258.884252408,6080932.877362514,1.751075501
4385,4385,1651147.732671756,6080912.019458504,0.850600012
4386,4386,1651446.464027517,6080914.353431508,-0.632333308
4387,4387,1651816.517935653,6080908.183995394,0.168625471
4388,4388,1635489.056686793,6080990.240550809,0.930044062
4389,4389,1635517.777188524,6080981.612626377,0.88243357
4390,4390,1635618.942975008,6080977.640487098,0.779934224
4391,4391,1636344.764668243,6080974.196636223,-0.338574998
4392,4392,1640422.690162573,6080956.759682975,0.963274992
4393,4393,1642076.112708921,6080956.374575844,-0.312621209
4394,4394,1643836.274221607,6080950.282685612,1.123376862
4395,4395,1650054.812282665,6080913.198864072,1.239098432
4396,4396,1635537.466473312,6080980.919786219,0.837606067
4397,4397,1640486.701029662,6081027.696956143,0.202843489
4398,4398,1641825.47520448,6080945.351701016,1.180266663
4399,4399,1645455.012286682,6080928.341176224,0.395322582
4400,4400,1647249.378690984,6080913.153245078,2.217293318
4401,4401,1650062.884844692,6080898.209163474,1.244206208
4402,4402,1651147.619074024,6080892.09392509,-0.113125022
4403,4403,1651824.558818701,6080888.211269781,0.629438205
4404,4404,1651840.276035133,6080888.120359518,-0.535359998
4405,4405,1645523.890594468,6080912.168634714,1.035095255
4406,4406,1650070.985165665,6080888.200863034,1.240499997
4407,4407,1651832.657307026,6080878.201204432,0.140840008
4408,4408,1636360.955241893,6080944.242278751,-0.1895125
4409,4409,1643864.31965288,6080910.712854768,1.192750053
4410,4410,1644255.800449307,6080908.79112876,-0.457049992
4411,4411,1645506.150772667,6080906.123881694,0.917737043
4412,4412,1647281.675077419,6080903.326309941,-0.578089158
4413,4413,1651074.484060626,6080872.049439611,0.925267349
4414,4414,1636185.046309798,6080935.201146617,1.133921879
4415,4415,1641833.491776097,6080915.425402618,1.185866657
4416,4416,1645487.11502262,6080892.468908534,0.713678547
4417,4417,1651840.698124104,6080858.228460419,0.123553813
4418,4418,1636157.485663994,6080935.530533721,1.016084519
4419,4419,1645429.547286936,6080883.001721601,0.118431374
4420,4420,1650079.002095508,6080863.248341221,1.258949993
4421,4421,1636173.667524738,6080924.730218067,1.058049379
4422,4422,1636373.108260118,6080924.267297553,-0.242551582
4423,4423,1650087.07457073,6080848.258616816,1.264974982
4424,4424,1636197.915504706,6080911.077271616,1.667770622
4425,4425,1641841.560696146,6080885.628742941,1.18450747
4426,4426,1651017.297208666,6080832.374261484,0.894180993
4427,4427,1651061.642137101,6080832.804464717,-0.615096979
4428,4428,1636214.241614193,6080895.477018111,1.296722194
4429,4429,1641849.594426287,6080870.516924467,1.168736855
4430,4430,1643983.84016117,6080862.37555546,1.104278383
4431,4431,1645410.322283318,6080856.660558157,0.032721893
4432,4432,1647729.763929227,6080841.380741243,1.04228946
4433,4433,1650095.147018526,6080833.268889938,1.272969958
4434,4434,1651359.273440199,6080821.143420049,0.097625
4435,4435,1651857.310664069,6080824.544054839,0.344363027
4436,4436,1651873.087020796,6080817.462402847,-0.885653816
4437,4437,1636230.22121574,6080884.994011702,0.934600011
4438,4438,1643869.222274143,6080866.329076344,1.333909633
4439,4439,1644402.309969183,6080848.289586076,-0.367674995
4440,4440,1647232.206619543,6080834.049535879,0.752572714
4441,4441,1651032.979276452,6080812.314689661,-0.612686298
4442,4442,1651342.904780993,6080811.273915473,0.096899997
4443,4443,1636238.411766498,6080875.092077947,0.914545446
4444,4444,1636425.918801419,6080874.238669095,-0.359675005
4445,4445,1641857.659819163,6080850.556373139,1.165200004
4446,4446,1643888.446213333,6080840.853828115,1.261288883
4447,4447,1650103.191634047,6080813.297746504,1.301356232
4448,4448,1651865.495302906,6080804.96570688,0.653482934
4449,4449,1636254.607711515,6080864.969367601,0.911074993
4450,4450,1636446.267718312,6080864.193174005,-0.291624995
4451,4451,1644010.758540642,6080835.273459584,1.114129664
4452,4452,1649656.578604254,6081008.385181341,1.391113807
4453,4453,1650111.264022464,6080798.307998288,1.300097929
4454,4454,1651873.134021483,6080788.516620784,0.681985185
4455,4455,1641865.72014497,6080830.589798719,1.15080002
4456,4456,1644026.996800483,6080820.249300511,1.165099946
4457,4457,1650119.3641976,6080788.299651113,1.263225
4458,4458,1650378.620326209,6080848.206584713,1.532548714
4459,4459,1650401.226871828,6080786.379073353,1.540800047
4460,4460,1651880.422030646,6080778.293867406,0.232703709
4461,4461,1645380.545139814,6080808.526793872,0.140745455
4462,4462,1647232.189410008,6080798.97437569,-0.244418196
4463,4463,1647726.017857609,6080791.961469109,1.082857144
4464,4464,1649271.161937874,6080792.995593322,-9999.0
4465,4465,1650959.694156691,6080773.11290428,0.829835802
4466,4466,1650127.408717078,6080768.328483598,1.232268285
4467,4467,1651889.057342168,6080758.317641301,-0.595962495
4468,4468,1642110.252635776,6080799.556996277,-0.160150004
4469,4469,1644049.101487454,6080797.464610865,1.066980467
4470,4470,1636452.991822505,6080820.192182442,0.00837794
4471,4471,1644067.634842416,6080785.269249002,1.06217791
4472,4472,1644443.338272843,6080778.345461004,0.158363637
4473,4473,1645348.029978898,6080773.820484201,-0.081399995
4474,4474,1650143.608958055,6080748.311750567,1.223675014
4475,4475,1644092.017625841,6080770.140595864,1.050670846
4476,4476,1644225.551458434,6080784.200575271,0.93097062
4477,4477,1649262.732751033,6080743.226139736,-9999.0
4478,4478,1650169.448571,6080750.491963979,-0.984970313
4479,4479,1652059.867427007,6080727.142118573,1.05149057
4480,4480,1650151.653386136,6080728.340559143,0.521525013
4481,4481,1644300.301079681,6080749.743997247,1.098891837
4482,4482,1644393.661375974,6080748.702217518,0.686324999
4483,4483,1647166.602831232,6080734.55947243,-9999.0
4484,4484,1650893.769418027,6080714.200319021,1.006966547
4485,4485,1651905.135648049,6080708.471596906,-0.66901281
4486,4486,1636327.646520222,6080775.007942774,0.984900026
4487,4487,1644316.133002748,6080739.122297555,1.134512448
4488,4488,1650885.557203078,6080704.283740066,0.978032764
4489,4489,1647117.563937156,6080714.890884419,1.028465422
4490,4490,1647150.182914334,6080713.993123468,-9999.0
4491,4491,1649230.413853934,6080703.199752197,1.146277251
4492,4492,1650161.363862334,6080703.337194818,1.089426475
4493,4493,1650877.345006153,6080694.367153656,1.10015309
4494,4494,1644140.97801552,6080726.030305651,1.057780933
4495,4495,1644303.835043008,6080719.302385413,1.373582239
4496,4496,1644344.861963737,6080724.25624359,1.133305196
4497,4497,1652101.23982758,6080677.383258868,1.169428569
4498,4498,1636506.949781601,6080744.391609001,-0.143224991
4499,4499,1644156.974484553,6080714.999133203,1.076569507
4500,4500,1644320.207753908,6080714.699573718,1.188874161
4501,4501,1644373.075158298,6080708.951831482,0.967137497
4502,4502,1644401.820287477,6080714.425964865,0.780166654
4503,4503,1647133.604551263,6080695.08479965,0.624947358
4504,4504,1649237.680746522,6080688.566672238,0.58803872
4505,4505,1649254.248952618,6080683.49421178,-9999.0
4506,4506,1650885.221697925,6080674.600500809,0.440067408
4507,4507,1652116.898720342,6080667.329190886,1.099125011
4508,4508,1644336.665431561,6080699.71654213,1.242264721
4509,4509,1652133.152285705,6080657.271607133,1.043299992
4510,4510,1644356.76319152,6080694.182133919,1.162943394
4511,4511,1644381.132256331,6080688.986026199,1.0265875
4512,4512,1650885.274867,6080654.469487818,-0.579500008
4513,4513,1651945.347622483,6080648.601621628,-0.88499999
4514,4514,1652157.382846743,6080646.950865669,1.073036376
4515,4515,1644189.776237387,6080734.929931729,1.069325495
4516,4516,1644393.316456006,6080678.962750825,1.171275
4517,4517,1645282.456933495,6080685.662413574,0.410868763
4518,4518,1651929.71380552,6080644.683804078,-0.268603167
4519,4519,1636547.565495157,6080704.374789133,-0.319761353
4520,4520,1639778.323200128,6080721.328757667,0.426372264
4521,4521,1639793.499806897,6080691.297705625,0.723022589
4522,4522,1642126.003007212,6080679.927233654,-0.157197319
4523,4523,1644409.603090714,6080673.900674369,0.955078791
4524,4524,1644605.313762141,6080667.948483221,-0.392162496
4525,4525,1645241.453088186,6080664.76475722,-0.045244446
4526,4526,1647092.783216676,6080655.242508999,0.619549999
4527,4527,1650828.072203074,6080634.86747859,1.107750023
4528,4528,1651937.399106487,6080628.695482003,-0.243215257
4529,4529,1652179.273072212,6080628.701950068,0.606070951
4530,4530,1636384.413224774,6080695.074950932,0.93739401
4531,4531,1644437.838876687,6080663.0150252,0.921653769
4532,4532,1644458.41353955,6080648.751473362,0.957333346
4533,4533,1645229.192766888,6080652.794027862,0.039166666
4534,4534,1647115.80116375,6080652.521621931,0.441524746
4535,4535,1649239.716878347,6080636.249141507,-9999.0
4536,4536,1651945.829364428,6080615.336648726,-0.318027259
4537,4537,1652215.173275923,6080609.344134377,0.405336429
4538,4538,1636393.071301647,6080675.691328698,0.921259255
4539,4539,1644474.675401341,6080638.707883724,0.983474988
4540,4540,1650178.351655598,6080661.799920789,-0.730706061
4541,4541,1651031.793925199,6080603.821916247,-0.823319996
4542,4542,1651961.585578942,6080598.548595252,-0.805738629
4543,4543,1652246.796444743,6080596.513965548,0.616594592
4544,4544,1642133.971559664,6080640.037873379,-0.598475037
4545,4545,1645176.007430459,6080625.2422735,-0.125824997
4546,4546,1649237.500402802,6080603.881236288,-9999.0
4547,4547,1652263.403390756,6080586.567687958,0.321368425
4548,4548,1636408.718201656,6080655.12459344,0.912699988
4549,4549,1641817.368778636,6080630.528832147,1.244409076
4550,4550,1642142.080368554,6080630.036815091,-0.058764433
4551,4551,1650836.426664905,6080592.788230229,-0.107923396
4552,4552,1651025.765632231,6080583.930033998,0.567145826
4553,4553,1651978.363192625,6080579.439255915,-0.884999972
4554,4554,1652287.400662225,6080576.519446397,0.295358487
4555,4555,1649587.232724329,6080581.708594618,1.450750034
4556,4556,1651015.312737831,6080574.026313691,0.544174981
4557,4557,1652303.578048256,6080566.207365449,0.181458332
4558,4558,1636417.25174162,6080635.635902867,0.941171438
4559,4559,1639779.597479452,6080621.295398365,0.378852176
4560,4560,1644507.100212045,6080598.695048305,0.978974991
4561,4561,1649592.599966589,6080569.057011957,1.450571401
4562,4562,1650352.775413379,6080677.91096406,1.61193781
4563,4563,1650994.867179031,6080564.179137775,-0.747178585
4564,4564,1641799.771090129,6080601.280366007,1.288797074
4565,4565,1647101.115376478,6080575.49421445,-9999.0
4566,4566,1639809.578281678,6080601.037668984,0.621890918
4567,4567,1639825.721184831,6080600.761737951,0.777725006
4568,4568,1641791.455834134,6080591.505583386,1.371027359
4569,4569,1645118.667842168,6080575.715552976,0.002337501
4570,4570,1644523.287797988,6080573.707195577,1.018087495
4571,4571,1645167.384756571,6080565.711819836,0.7488303
4572,4572,1644531.369283156,6080558.722434842,1.041150012
4573,4573,1645151.023549793,6080555.831100008,0.745750011
4574,4574,1647083.531600904,6080550.111233963,-0.057418168
4575,4575,1650175.006765865,6080528.947468557,-0.940883334
4576,4576,1652059.224103952,6080518.658867125,-0.884999994
4577,4577,1639790.274473602,6080582.360469566,0.504679615
4578,4578,1645110.305182732,6080555.622633677,0.329218345
4579,4579,1650460.630978693,6080513.265707594,1.860375039
4580,4580,1636441.308072723,6080575.528278498,0.986891879
4581,4581,1644547.581368229,6080538.716047672,1.004357168
4582,4582,1645118.633694472,6080535.659260039,0.629515158
4583,4583,1650183.050886241,6080508.976288843,-0.983638893
4584,4584,1642157.923568588,6080530.332504021,0.3556898
4585,4585,1647083.89596347,6080515.805944582,-0.414842113
4586,4586,1650191.095021336,6080489.005018712,-0.984360019
4587,4587,1649212.350646785,6080479.480297784,-9999.0
4588,4588,1639829.423157028,6080516.060182234,0.937547053
4589,4589,1642122.365286431,6080503.879581793,1.036630191
4590,4590,1650631.328795556,6080457.369473956,1.55370369
4591,4591,1650704.724182038,6080456.228654461,1.588925014
4592,4592,1650733.268562236,6080456.067136553,-0.885093739
4593,4593,1650647.583572309,6080447.314624264,1.693624995
4594,4594,1650688.36139748,6080446.352245064,1.5053
4595,4595,1641668.363204964,6080482.803727182,1.244974984
4596,4596,1642116.746093331,6080480.915183299,1.011771943
4597,4597,1645061.028737519,6080466.411666382,0.202750001
4598,4598,1647034.661214434,6080456.271148718,0.769400018
4599,4599,1647067.297527577,6080461.096267018,-0.054335629
4600,4600,1649184.940047211,6080444.756546314,1.019000053
4601,4601,1650663.838312889,6080437.259744575,1.554054527
4602,4602,1639846.502592094,6080490.979823322,1.12227957
4603,4603,1641717.083229815,6080472.818739693,1.213018164
4604,4604,1647026.441864731,6080446.365835636,0.943840922
4605,4605,1648176.145128374,6080437.126044011,1.140499979
4606,4606,1650223.382702973,6080429.045501451,-0.969440008
4607,4607,1639137.551008476,6080490.192705486,0.341894027
4608,4608,1639209.84285326,6080474.535538018,0.217927926
4609,4609,1639857.771376968,6080471.827493032,1.533526703
4610,4610,1641629.072125162,6080461.586668303,1.339636342
4611,4611,1644550.309387439,6080448.94018425,1.145894734
4612,4612,1647018.234219027,6080436.445764038,1.203499976
4613,4613,1647066.572303064,6080436.192340491,-0.151114295
4614,4614,1648168.152245555,6080430.347985556,1.137925047
4615,4615,1648200.159754413,6080430.365025057,1.232697796
4616,4616,1650456.062845514,6080477.256013262,1.604194225
4617,4617,1650675.95502705,6080416.538532089,-0.665245151
4618,4618,1639148.200755797,6080463.534595894,0.655964915
4619,4619,1639255.525467071,6080464.525322851,0.648322973
4620,4620,1639874.037943144,6080461.79228195,1.455444413
4621,4621,1649592.809121277,6080417.917583358,1.468941649
4622,4622,1650239.582103624,6080409.028575938,-0.985000028
4623,4623,1650659.587898785,6080406.667678447,-0.325718907
4624,4624,1639164.471195216,6080454.227222307,0.757377774
4625,4625,1639890.134903094,6080451.235646967,1.208403481
4626,4626,1641733.255113048,6080442.854598402,1.205763602
4627,4627,1642165.657806571,6080440.629238762,0.978100023
4628,4628,1644550.003953182,6080429.03334559,0.984400019
4629,4629,1648110.957287002,6080410.728568612,1.160075934
4630,4630,1648135.427477295,6080411.323844588,1.092052675
4631,4631,1639339.768568255,6080443.497573635,0.339276324
4632,4632,1639690.45013011,6080441.953457272,-0.123392979
4633,4633,1639931.628559403,6080440.883853128,1.203080001
4634,4634,1641813.58197262,6080433.218256103,1.191281419
4635,4635,1652368.276225372,6080377.444417022,-0.761185706
4636,4636,1639197.629294505,6080451.157673373,0.689999998
4637,4637,1641742.7857255,6080423.41293156,1.189656423
4638,4638,1641794.955631176,6080421.772340898,1.198017686
4639,4639,1644555.118658359,6080414.140751704,1.063312497
4640,4640,1652392.677871995,6080367.313202161,-0.498463425
4641,4641,1639214.960204403,6080424.532813163,1.287523809
4642,4642,1641764.602355954,6080411.882540519,1.186085352
4643,4643,1641871.923824229,6080412.115447856,1.54265002
4644,4644,1641896.386561729,6080411.274817758,1.16216351
4645,4645,1641957.985403672,6080412.294046851,0.991718182
4646,4646,1642117.919707337,6080436.827435146,1.112452516
4647,4647,1642173.676179698,6080411.429051028,1.113544496
4648,4648,1645060.678580797,6080396.672178955,0.677719444
4649,4649,1647052.300300484,6080409.379892932,0.434066082
4650,4650,1652416.860216557,6080356.729306449,-0.498150007
4651,4651,1636407.788690853,6080425.981465091,0.956374989
4652,4652,1639943.675939875,6080421.275716069,1.174588677
4653,4653,1641670.159671795,6080438.521411154,1.252345682
4654,4654,1641904.498812743,6080402.000424026,1.647381784
4655,4655,1642558.802246722,6080401.609747019,1.040848452
4656,4656,1647025.219491857,6080394.758377066,1.436303948
4657,4657,1647556.392991212,6080566.27042666,1.102622237
4658,4658,1650818.333024767,6080355.22809031,-0.886447196
4659,4659,1636554.848687274,6080420.402243743,0.542652895
4660,4660,1641723.062324899,6080404.491424694,1.337778327
4661,4661,1641920.763012661,6080391.961481036,1.323237509
4662,4662,1642144.046470413,6080414.035823858,1.089326748
4663,4663,1644573.205832961,6080389.950003818,0.892011924
4664,4664,1652465.672293451,6080336.512495944,-0.276146657
4665,4665,1639007.342224143,6080434.760756833,0.662018864
4666,4666,1639958.46213284,6080393.717112686,1.138454202
4667,4667,1642181.855879152,6080380.9794787,1.189859637
4668,4668,1644602.224841691,6080402.296254697,0.357456747
4669,4669,1648053.549211489,6080351.257578545,1.643733316
4670,4670,1649186.89821092,6080361.688721322,-9999.0
4671,4671,1639381.140715983,6080399.33298229,0.130695928
4672,4672,1641928.848555148,6080376.979227937,1.564203669
4673,4673,1641993.901713615,6080371.897897494,0.979684049
4674,4674,1642018.367735744,6080371.783386635,1.043290877
4675,4675,1645060.478499431,6080356.821020789,0.680356197
4676,4676,1650296.223490088,6080329.006431501,-0.983100013
4677,4677,1652514.488037951,6080316.30079906,-0.125588879
4678,4678,1638405.678779749,6080377.802760654,-0.116225057
4679,4679,1638421.173551449,6080384.446268366,-0.096532212
4680,4680,1638880.325898921,6080396.623099827,0.744872242
4681,4681,1639265.257606736,6080401.921329075,1.10324201
4682,4682,1639971.500231736,6080370.965645513,1.122533271
4683,4683,1648061.431729079,6080331.493505361,1.266456121
4684,4684,1648086.546061823,6080367.704762278,1.301198511
4685,4685,1649170.560901077,6080325.485420673,-0.075411764
4686,4686,1636350.612854365,6080376.263424647,1.027183881
4687,4687,1638397.48092939,6080367.874844608,0.072799959
4688,4688,1638413.79151668,6080367.805014611,0.667499968
4689,4689,1638575.785455577,6080376.509871738,0.087146821
4690,4690,1638793.220111961,6080381.840147275,0.715042389
4691,4691,1639261.968094106,6080369.122476564,1.194439182
4692,4692,1641936.910793732,6080357.015577535,1.063890608
4693,4693,1642586.451680629,6080355.518228363,0.998005387
4694,4694,1647011.64335492,6080325.323865553,0.853212111
4695,4695,1647784.26653374,6080323.5325515,1.228425947
4696,4696,1650728.345992337,6080306.64787747,-9999.0
4697,4697,1652563.303678846,6080296.088677329,-0.031362495
4698,4698,1638476.110174922,6080367.690926683,0.591400859
4699,4699,1639290.873582501,6080354.625765966,1.06579281
4700,4700,1639987.722099199,6080350.967460181,1.124590054
4701,4701,1642567.525291662,6080365.275548251,0.980513714
4702,4702,1644554.941525558,6080326.49245392,0.08222222
4703,4703,1647457.996081811,6080314.574218451,1.092525037
4704,4704,1647751.698183473,6080312.968871667,1.313692313
4705,4705,1647814.478674843,6080325.739181568,1.315415298
4706,4706,1647841.296996875,6080312.539160625,1.233649996
4707,4707,1649170.617882779,6080305.354529198,-9999.0
4708,4708,1650304.513906857,6080305.437928006,-0.450030635
4709,4709,1638388.645644176,6080347.986816346,-0.392211569
4710,4710,1638510.464226024,6080351.044498226,0.938620445
4711,4711,1638597.200201389,6080347.092285632,1.002781541
4712,4712,1638703.218886631,6080346.635563413,1.283125473
4713,4713,1642533.622322231,6080328.365011572,0.836695645
4714,4714,1644506.847990132,6080316.221543438,0.729461689
4715,4715,1647466.098727716,6080304.568285884,1.11259999
4716,4716,1647853.478734603,6080302.858146771,1.139884949
4717,4717,1650320.338971745,6080292.956728102,-0.368630636
4718,4718,1652603.963842357,6080275.923970822,0.087850007
4719,4719,1639457.539806587,6080333.388040289,0.249000043
4720,4720,1641973.575587996,6080352.646374636,0.881741112
4721,4721,1642597.326861817,6080319.034834673,0.96445002
4722,4722,1644497.829412066,6080309.061930508,0.904846368
4723,4723,1644530.634983377,6080314.39952776,0.114106071
4724,4724,1644595.375933917,6080309.328870223,-0.419249992
4725,4725,1647873.645908155,6080292.644802069,1.129810329
4726,4726,1648012.452538646,6080291.698973448,1.293577764
4727,4727,1639465.651339813,6080323.389443655,-9999.0
4728,4728,1640008.519177712,6080331.320239682,1.126369304
4729,4729,1641993.954596558,6080311.711058944,0.729157887
4730,4730,1650573.169613835,6080267.67111168,-0.88499999
4731,4731,1650589.48024051,6080267.579278107,-0.88499999
4732,4732,1652636.468302366,6080255.807155227,0.746966682
4733,4733,1641951.76620445,6080322.29114172,1.167382411
4734,4734,1642515.893738113,6080299.243713788,0.797600005
4735,4735,1642547.777319631,6080303.757820989,0.810157899
4736,4736,1642572.600171202,6080299.430477479,0.921929789
4737,4737,1644605.69702932,6080292.101764324,-0.326130435
4738,4738,1649154.683674067,6080265.589394857,-0.218666708
4739,4739,1639230.424152086,6080303.327658477,1.054015881
4740,4740,1640026.057423971,6080308.194529729,1.155857171
4741,4741,1641969.229267328,6080292.105053633,1.485108316
4742,4742,1642507.884546874,6080289.105833385,1.076605257
4743,4743,1644472.901767423,6080280.774070732,0.192814816
4744,4744,1647451.387887104,6080276.248759234,1.056551012
4745,4745,1650548.591335857,6080247.883469035,-0.792835611
4746,4746,1652677.128029444,6080235.642233439,0.432999995
4747,4747,1639222.829090523,6080292.786893702,1.037571447
4748,4748,1642499.783063069,6080278.981156616,1.513999987
4749,4749,1644443.413050304,6080267.010379585,0.398571432
4750,4750,1644456.704493202,6080269.96049633,0.195925923
4751,4751,1644627.823783212,6080274.296886093,-0.723712505
4752,4752,1640042.279054979,6080288.196242933,1.243473211
4753,4753,1641985.446586708,6080272.103214272,1.152933327
4754,4754,1642491.434245545,6080269.253228522,2.517076872
4755,4755,1642483.104856433,6080259.498532297,2.210254352
4756,4756,1642584.099681155,6080259.556469229,1.022132864
4757,4757,1644635.879893552,6080254.330718914,-0.82879999
4758,4758,1647613.664418732,6080233.748408401,1.444129046
4759,4759,1652770.277782453,6080205.870310112,-0.744545445
4760,4760,1639206.449120373,6080263.615808789,1.062942811
4761,4761,1639498.009296689,6080263.469349819,-9999.0
4762,4762,1640052.586610725,6080265.993033279,1.206416665
4763,4763,1642474.798025287,6080249.710037443,0.945887439
4764,4764,1642573.124800488,6080249.40865837,1.016760259
4765,4765,1652707.055373808,6080208.637233155,0.393094715
4766,4766,1652742.13637662,6080195.407699891,0.681683334
4767,4767,1640060.678373987,6080251.738933412,1.188886802
4768,4768,1642466.518135648,6080239.884499243,0.558726393
4769,4769,1642579.845869173,6080239.958256843,1.037672368
4770,4770,1644512.248028336,6080236.623800788,0.906262727
4771,4771,1647465.624570007,6080214.902933907,0.959789273
4772,4772,1652758.41765749,6080190.330413023,0.485254443
4773,4773,1639506.076860673,6080243.507953498,-9999.0
4774,4774,1642458.270877203,6080230.01654811,1.009448623
4775,4775,1644562.309419044,6080219.825890697,0.964183997
4776,4776,1649094.350916745,6080201.906433878,1.103942548
4777,4777,1652782.79559789,6080175.242291654,0.484374998
4778,4778,1642017.834362275,6080222.136668022,1.315009768
4779,4779,1642450.060263331,6080220.10260336,1.822771033
4780,4780,1644586.725596537,6080209.74159205,0.88369998
4781,4781,1652799.047512926,6080165.183508375,0.588174997
4782,4782,1652920.954522598,6080161.733516139,-0.88499999
4783,4783,1639514.144265559,6080223.54640426,-9999.0
4784,4784,1642025.942912836,6080212.135706122,0.343575015
4785,4785,1642441.85794078,6080210.178396475,0.879818755
4786,4786,1642564.185907238,6080209.599048623,1.067349978
4787,4787,1644602.986513095,6080199.697754169,0.841216648
4788,4788,1647000.484446396,6080187.676229878,1.050018137
4789,4789,1648208.186253345,6080181.05564518,0.92090911
4790,4790,1652815.299391788,6080155.124695098,0.488949995
4791,4791,1652936.350400684,6080151.802961247,-0.88499999
4792,4792,1639201.229032195,6080221.323748185,1.120898282
4793,4793,1639881.249656913,6080211.755444656,1.180843749
4794,4794,1642433.655636268,6080200.254182113,0.362849999
4795,4795,1644611.092195579,6080189.694429061,0.801542924
4796,4796,1644660.023433502,6080189.45097821,-0.88499999
4797,4797,1647624.44041222,6080174.209148853,0.164682351
4798,4798,1652831.551234473,6080145.065851815,0.770088877
4799,4799,1652864.006143588,6080145.079053644,-0.311789466
4800,4800,1652945.234014378,6080142.753341711,-0.88499999
4801,4801,1652847.803040982,6080135.006978527,0.738649999
4802,4802,1636365.084509953,6080258.139446609,1.034000024
4803,4803,1639179.651148056,6080195.124259123,1.122824939
4804,4804,1642188.906370919,6080181.482040673,0.963052609
4805,4805,1644294.345437439,6080170.441921119,0.97494115
4806,4806,1647595.79142742,6080154.435131012,0.021999998
4807,4807,1652855.899591424,6080124.996111063,0.980899994
4808,4808,1652888.529402514,6080124.529623588,-0.077162159
4809,4809,1652968.575068218,6080121.759723582,-0.88499999
4810,4810,1639216.735758183,6080185.579847995,1.131459469
4811,4811,1639399.796660897,6080184.197506054,0.982571685
4812,4812,1639758.623254505,6080182.614956335,0.297924998
4813,4813,1648231.843094134,6080141.076143147,0.972749984
4814,4814,1649586.138965833,6080148.718428995,1.424538425
4815,4815,1652872.151334551,6080114.937192645,0.954725004
4816,4816,1652901.650178583,6080110.731841994,-0.035999993
4817,4817,1652982.956616252,6080109.984806496,-0.88499999
4818,4818,1639188.287734573,6080180.709670935,1.170964892
4819,4819,1639750.424034223,6080172.688292514,0.556343017
4820,4820,1642071.324225754,6080173.717724094,1.087483751
4821,4821,1642400.846598597,6080160.557249929,0.884699987
4822,4822,1652880.247839589,6080104.926302388,1.200525
4823,4823,1652909.910638977,6080101.940930216,0.052375001
4824,4824,1639171.471710119,6080170.057059082,1.133624223
4825,4825,1639269.227094003,6080164.843885571,1.107174979
4826,4826,1639302.015753961,6080164.904667748,1.050122769
4827,4827,1639538.346439612,6080163.662196071,-9999.0
4828,4828,1642380.879076293,6080150.735762433,1.100995433
4829,4829,1644310.738967622,6080152.573765605,0.940076923
4830,4830,1644383.802072426,6080141.739183641,0.857330303
4831,4831,1648256.205418811,6080121.745452446,0.960528284
4832,4832,1653001.041224932,6080090.49709393,-0.88499999
4833,4833,1639277.338620487,6080154.845433536,1.095774978
4834,4834,1639888.972802588,6080152.147663085,0.959849982
4835,4835,1642359.954027691,6080138.958903514,1.085925893
4836,4836,1644333.586535878,6080136.409928313,0.912465114
4837,4837,1644672.009196464,6080148.064052421,-0.796670851
4838,4838,1647013.784058329,6080120.938943252,1.158100057
4839,4839,1647122.581014904,6080117.080044732,-0.007857128
4840,4840,1648272.458261183,6080110.968467511,0.971311106
4841,4841,1652902.387325294,6080092.08237733,0.902887395
4842,4842,1652937.050675117,6080084.869360942,-0.40033333
4843,4843,1639164.890455105,6080155.758835797,1.171117597
4844,4844,1639289.695115694,6080144.928291508,1.031939737
4845,4845,1639334.54894168,6080144.836222124,1.023614044
4846,4846,1642335.520310831,6080127.255120483,0.530923075
4847,4847,1644358.067337616,6080126.859070732,0.865229733
4848,4848,1644627.105333871,6080129.836600835,0.848004132
4849,4849,1652920.847595325,6080074.797417107,1.194699976
4850,4850,1652945.479159637,6080074.447804977,-0.28557142
4851,4851,1639309.871825359,6080134.777077228,1.020700017
4852,4852,1639555.119679106,6080133.699298928,-9999.0
4853,4853,1642025.356733285,6080122.675812352,0.55685715
4854,4854,1642043.137180201,6080140.530322807,0.890576273
4855,4855,1644635.161372706,6080109.870453689,0.877856242
4856,4856,1647016.293436374,6080097.91568647,1.232327299
4857,4857,1648296.820417033,6080091.637663892,0.948916655
4858,4858,1652928.944009556,6080064.786481269,1.160399995
4859,4859,1636522.671822465,6080136.114363674,0.66272134
4860,4860,1639317.983279281,6080124.778587385,1.041366679
4861,4861,1640011.16640436,6080121.714804654,1.057290624
4862,4862,1642546.808525492,6080110.051414107,0.995232158
4863,4863,1644643.266936644,6080099.867097036,0.837254652
4864,4864,1648313.07706746,6080081.587058255,0.967555538
4865,4865,1652937.04040559,6080054.775537766,1.312725005
4866,4866,1636566.216677227,6080157.188763314,-0.36380808
4867,4867,1639334.271634028,6080119.725734092,0.970174998
4868,4868,1639562.614202765,6080118.721888265,-9999.0
4869,4869,1640088.595321993,6080111.40628446,1.043705845
4870,4870,1647016.189043816,6080077.990077167,1.232839305
4871,4871,1648329.333681711,6080071.536422634,0.965660363
4872,4872,1652953.291931356,6080044.716468819,1.030425018
4873,4873,1636508.474114739,6080116.722117433,1.53410169
4874,4874,1639358.695394382,6080109.661333243,1.008224989
4875,4875,1639879.346459279,6080258.441499207,1.034035657
4876,4876,1644659.478009975,6080079.86036078,0.748955553
4877,4877,1648345.465424479,6080061.335973469,0.948769228
4878,4878,1636430.363666518,6080134.13578689,-0.109909852
4879,4879,1638485.833511871,6080098.190797898,-0.193866724
4880,4880,1640009.127360993,6080097.884686377,1.041715359
4881,4881,1640108.893986984,6080091.389652745,1.065899956
4882,4882,1642024.812865259,6080087.035999783,0.785495487
4883,4883,1642392.338476919,6080085.874935194,0.755616662
4884,4884,1642506.319787943,6080080.558590656,0.910877174
4885,4885,1648361.846801672,6080051.435061428,0.939403526
4886,4886,1648404.882850631,6080047.688309936,0.825523794
4887,4887,1652985.96332466,6080024.801568558,-0.766981811
4888,4888,1636586.742537068,6080106.898501772,-0.441527656
4889,4889,1639419.329653966,6080116.502547338,1.114382203
4890,4890,1639570.65952593,6080093.779106657,-9999.0
4891,4891,1644667.533930132,6080059.894189141,0.788111101
4892,4892,1645115.897192908,6080057.855602032,0.565785701
4893,4893,1652977.580928653,6080014.683546942,0.603039686
4894,4894,1638502.283836063,6080078.465163606,-0.114117691
4895,4895,1639489.021066179,6080074.212806506,1.173012483
4896,4896,1642025.076801277,6080062.899145229,0.890526307
4897,4897,1647005.29560913,6080053.795172954,1.283148405
4898,4898,1648427.570856242,6080030.427941837,0.659372551
4899,4899,1636604.357189479,6080079.23004427,-0.698992791
4900,4900,1642155.510967111,6080052.324375794,1.083400041
4901,4901,1642424.793965753,6080050.851047665,0.45915
4902,4902,1644726.802712419,6080052.347068484,-0.877397179
4903,4903,1644912.136498243,6080048.710322811,0.109433334
4904,4904,1647016.094232735,6080027.970860744,1.13957499
4905,4905,1652985.023756743,6079994.713225473,1.008914904
4906,4906,1639505.243449072,6080054.215489117,1.138999972
4907,4907,1641963.83468649,6080038.251213174,-9999.0
4908,4908,1642432.901909643,6080040.84970988,0.609837492
4909,4909,1644748.935809606,6080029.599353258,-0.88499999
4910,4910,1644903.881721705,6080028.825538356,0.336700002
4911,4911,1648440.15667294,6080016.662249371,0.602891434
4912,4912,1644699.955749219,6080019.880593503,0.855150005
4913,4913,1648451.25747684,6080001.10947429,0.619749984
4914,4914,1636602.164771865,6080046.817603497,0.403090919
4915,4915,1640018.921645338,6080032.013505503,0.985382509
4916,4916,1642449.750418936,6080028.809009605,1.532556317
4917,4917,1642554.609808759,6080024.7613285,0.905893812
4918,4918,1640139.085861834,6080048.857865635,1.05440802
4919,4919,1642077.066250558,6080067.545787974,1.023126853
4920,4920,1642465.404221379,6080015.788457031,2.087421657
4921,4921,1644708.011523369,6079999.914382325,0.811525032
4922,4922,1638551.288629953,6080015.93281556,-0.215785772
4923,4923,1642587.655171788,6079999.53813415,0.974603777
4924,4924,1644781.357126792,6079989.585504648,-0.88499999
4925,4925,1636611.778086264,6080029.353712174,0.412428577
4926,4926,1639522.489156476,6080004.790444639,1.444865401
4927,4927,1641929.705111434,6079990.350550645,1.156040856
4928,4928,1642086.509085312,6079993.246464407,1.043576536
4929,4929,1642479.359895258,6079996.903396215,1.533154752
4930,4930,1636635.50482685,6080032.666009159,-0.240830239
4931,4931,1638564.826461616,6079997.142702511,-0.571857199
4932,4932,1640100.293723238,6079991.798406494,1.001775001
4933,4933,1640169.101574719,6079999.12894473,1.040119777
4934,4934,1642098.431008345,6079982.442701195,1.047586162
4935,4935,1642597.983216742,6079983.039774417,0.978483739
4936,4936,1647244.069169347,6079957.031928528,0.163625001
4937,4937,1636686.967032814,6079995.858646961,-0.501000002
4938,4938,1639529.332176336,6079989.772087994,1.050769585
4939,4939,1640053.646631787,6079992.244425334,1.009530111
4940,4940,1640181.802163463,6079982.197301799,1.038918339
4941,4941,1644789.412674025,6079969.619294922,-0.439584971
4942,4942,1647023.255921382,6079966.144072405,1.103969697
4943,4943,1636653.630604619,6079990.696363273,-0.085666664
4944,4944,1641918.790605517,6079963.52871722,1.936037464
4945,4945,1645172.43111029,6079947.977675036,0.726790099
4946,4946,1647048.270537375,6079943.116045834,1.316479971
4947,4947,1647252.145522553,6079942.044698627,0.209299996
4948,4948,1636675.637571328,6079978.670319312,-0.234500011
4949,4949,1640075.528978151,6079962.224448394,0.989000021
4950,4950,1653006.581959748,6079939.107117215,0.206863198
4951,4951,1642106.23272415,6079942.758419784,1.088549986
4952,4952,1647062.236610843,6079925.347962291,1.386944183
4953,4953,1648507.702497002,6079910.221414903,0.96786205
4954,4954,1636717.293040738,6079960.666855597,-0.412666664
4955,4955,1645193.700007927,6079927.740091121,0.714809171
4956,4956,1647080.707574936,6079908.07513334,1.204712522
4957,4957,1640181.598162389,6079936.638384861,1.048648456
4958,4958,1642220.28078657,6079927.419808621,1.335464967
4959,4959,1642613.701398482,6079942.432275386,0.953110743
4960,4960,1642627.460413914,6079920.371545765,0.992698084
4961,4961,1645250.329914786,6079906.863825218,0.756051037
4962,4962,1636760.385595142,6079941.226634194,-9999.0
4963,4963,1647317.096500404,6079886.905606173,0.212974998
4964,4964,1642603.04659339,6079906.06512467,0.893218163
4965,4965,1642636.115307454,6079900.404412049,1.055950015
4966,4966,1647325.19896127,6079876.899727066,0.257874996
4967,4967,1648536.53256699,6079875.988810536,1.044495029
4968,4968,1648980.652264578,6079868.016367802,1.200687541
4969,4969,1639635.085984592,6079909.180053804,-9999.0
4970,4970,1640161.489628746,6079921.233737659,1.031198577
4971,4971,1642627.74485238,6079890.276849866,0.941017547
4972,4972,1644854.204415976,6079879.628323991,-0.370649997
4973,4973,1645323.573474314,6079876.605027951,0.696252242
4974,4974,1647113.118204339,6079868.052697645,1.839237517
4975,4975,1648548.116713438,6079860.098995547,1.013842089
4976,4976,1642277.215961926,6080141.6879879,0.956226744
4977,4977,1642644.175533652,6079880.44009354,0.922425002
4978,4978,1644699.236161384,6079875.420083893,0.310043749
4979,4979,1644882.696798951,6079869.522810127,-0.24705229
4980,4980,1645271.668533008,6079882.789758041,0.307727666
4981,4981,1647121.220816222,6079858.047069589,1.783712523
4982,4982,1648555.922324743,6079849.79549817,1.074743258
4983,4983,1644707.316619472,6079860.435262748,0.738337494
4984,4984,1647129.323409918,6079848.041433883,1.73891561
4985,4985,1647194.396531181,6079847.903745227,1.018428556
4986,4986,1649043.765417586,6079846.889606402,0.089521473
4987,4987,1642532.254140741,6079878.624410314,1.597672916
4988,4988,1642570.919037451,6079867.82498455,0.664930287
4989,4989,1647137.425985425,6079838.035790523,1.550767433
4990,4990,1647373.918147965,6079836.790367641,0.178875
4991,4991,1648564.538290231,6079831.152078214,1.001416655
4992,4992,1648955.970008097,6079828.298595852,1.266699952
4993,4993,1641972.740265783,6079946.36575834,1.308601002
4994,4994,1644715.397050144,6079845.450439148,0.429679011
4995,4995,1644813.064588605,6079840.186011071,0.843357129
4996,4996,1644838.997206907,6079840.585096695,0.859178034
4997,4997,1647153.70961204,6079832.968697528,1.218628561
4998,4998,1647194.29173442,6079827.978126497,1.036054512
4999,4999,1640225.300854041,6079879.221575373,1.053729469
5000,5000,1642546.175023456,6079851.016253382,3.664001325
5001,5001,1642647.191683921,6079847.769227435,0.858164621
5002,5002,1642660.299329875,6079841.237884447,0.99852
5003,5003,1644723.477453467,6079830.465602248,0.604764049
5004,5004,1644755.930723849,6079830.508113674,0.784821424
5005,5005,1644919.21987051,6079844.45130716,-0.354167798
5006,5006,1647161.785965466,6079817.981624071,1.342221406
5007,5007,1648587.323594253,6079808.217757974,1.049294128
5008,5008,1648939.742998436,6079808.250563462,1.188057798
5009,5009,1642570.755029751,6079836.930893873,5.059486953
5010,5010,1644878.370208859,6079819.729224136,0.83567499
5011,5011,1647169.888477396,6079807.975950295,1.608178575
5012,5012,1642587.269653701,6079821.609063673,4.654469682
5013,5013,1644737.44518042,6079817.738225102,0.707939959
5014,5014,1644886.475236479,6079809.725638235,0.848133349
5015,5015,1647186.172031703,6079802.908797412,1.040599997
5016,5016,1644902.735091961,6079799.681240804,0.838028646
5017,5017,1647210.558016531,6079787.835897872,-0.325247181
5018,5018,1647455.20373397,6079786.545409992,0.152325003
5019,5019,1636862.032769728,6079826.351940881,-0.774875006
5020,5020,1648604.985108684,6079770.427946509,0.963774994
5021,5021,1642601.553955273,6079804.422457929,1.182197183
5022,5022,1642632.295951841,6079810.692514021,0.772841053
5023,5023,1642643.915683245,6079790.569919491,1.023518167
5024,5024,1644927.099866291,6079779.633189646,0.752799983
5025,5025,1647483.64035274,6079766.468738382,0.219654323
5026,5026,1644970.562330209,6079777.90475497,-0.809741016
5027,5027,1645228.638511054,6079782.019358896,0.644827513
5028,5028,1647226.710423318,6079757.861641337,0.898037518
5029,5029,1642611.399084285,6079776.775998758,0.993694444
5030,5030,1647250.985010314,6079752.985768933,0.907936586
5031,5031,1639480.252431143,6079778.585095355,1.091311084
5032,5032,1648645.543335438,6079730.355715057,1.052444402
5033,5033,1639487.669175865,6079765.375791593,1.073299991
5034,5034,1642619.350031807,6079756.548976936,0.837597315
5035,5035,1644935.080074539,6079744.722565835,0.874599991
5036,5036,1647214.395369936,6079742.926663685,-9999.0
5037,5037,1647252.232760528,6079728.302060989,0.974943904
5038,5038,1647303.562697605,6079728.232413789,1.026584782
5039,5039,1648653.648072066,6079721.075137084,1.06213722
5040,5040,1649534.712140364,6079718.850178232,1.632627243
5041,5041,1640037.159277322,6079837.835455645,1.249849348
5042,5042,1640320.742993747,6079814.519149162,1.202551188
5043,5043,1642659.299028917,6079745.300013952,0.980920349
5044,5044,1647267.274646808,6079717.795703385,0.990775011
5045,5045,1648669.903653088,6079711.023868089,1.063613288
5046,5046,1648771.834719254,6079709.743929704,1.284837501
5047,5047,1639497.333965572,6079746.539150174,1.07727903
5048,5048,1639675.155596329,6079749.595493156,-9999.0
5049,5049,1642667.933080032,6079731.608469071,1.048444406
5050,5050,1644943.110119093,6079719.774725794,0.905049989
5051,5051,1644984.190332824,6079734.960291913,-0.88499999
5052,5052,1645024.654289915,6079718.639334181,0.235944443
5053,5053,1645228.602551315,6079733.284824718,0.591146271
5054,5054,1647283.531734367,6079707.746962239,1.032633326
5055,5055,1647323.78475328,6079711.94874067,1.059053997
5056,5056,1647340.449068419,6079707.651172308,1.092054575
5057,5057,1639577.23261124,6079735.083485442,0.966749976
5058,5058,1639948.362410379,6079786.616825985,1.006335644
5059,5059,1640392.72941041,6079736.430996171,1.464987453
5060,5060,1645040.917441683,6079709.321193147,0.112325005
5061,5061,1647299.815044685,6079702.679599823,1.064324979
5062,5062,1639683.22228602,6079729.63383597,-9999.0
5063,5063,1640278.540554041,6079731.962818014,1.138248112
5064,5064,1647307.891034337,6079687.692388208,1.338899989
5065,5065,1636885.492897906,6079726.626368732,-0.797283676
5066,5066,1640400.794445333,6079716.468732639,1.409309631
5067,5067,1649473.700579009,6079679.576645153,1.643084778
5068,5068,1639523.701502864,6079744.048941511,1.030162912
5069,5069,1639588.085556164,6079698.002046346,1.032051525
5070,5070,1640410.216687684,6079695.336560722,1.466178024
5071,5071,1644951.040296979,6079674.901284208,0.839390624
5072,5072,1639568.858198605,6079685.305592564,1.015324986
5073,5073,1639603.717404209,6079685.151796478,1.028996581
5074,5074,1640389.686318398,6079684.917415,1.31734387
5075,5075,1647369.271848521,6079648.096725175,1.234556402
5076,5076,1647389.062073918,6079647.616018422,1.212596494
5077,5077,1649452.198312663,6079636.509027215,1.522545475
5078,5078,1647576.568069316,6079636.660664567,1.160965547
5079,5079,1647869.78362834,6079639.310811695,1.054499961
5080,5080,1648395.786438124,6079636.733782817,-9999.0
5081,5081,1645236.3304353,6079648.559725333,0.674742614
5082,5082,1647344.158084201,6079645.649524172,1.631358774
5083,5083,1647972.615529546,6079624.965049084,1.106891835
5084,5084,1648416.617128467,6079621.999632075,-9999.0
5085,5085,1649424.155591346,6079617.086966906,1.426349985
5086,5086,1636893.996439964,6079666.813843225,-0.834400058
5087,5087,1639597.811991952,6079665.182680519,1.05342515
5088,5088,1642642.126263378,6079680.135932482,1.648678746
5089,5089,1642651.105955366,6079642.704672014,1.592654562
5090,5090,1644963.402987365,6079639.549443141,0.617269231
5091,5091,1647388.948563335,6079628.761007508,1.330642817
5092,5092,1647413.616601825,6079624.467486461,1.18599999
5093,5093,1647550.398492392,6079617.538040427,1.183929104
5094,5094,1647900.168820819,6079624.370440544,1.103576039
5095,5095,1647996.877017003,6079619.701320497,1.181281836
5096,5096,1648041.011014728,6079625.986112418,1.114975985
5097,5097,1639637.997076762,6079645.148565441,0.989395891
5098,5098,1639997.10042154,6079687.152481826,1.00512527
5099,5099,1644983.384521315,6079619.942412094,0.767475001
5100,5100,1645039.968415967,6079648.910625309,-0.507003847
5101,5101,1647489.204864889,6079612.026518917,1.186674324
5102,5102,1647671.120679492,6079622.12395086,1.177096297
5103,5103,1647715.205569489,6079605.830854864,1.201073187
5104,5104,1648249.822957729,6079609.685350904,1.086329063
5105,5105,1648323.173895818,6079607.023607077,1.046631651
5106,5106,1648441.066325098,6079607.713001401,-9999.0
5107,5107,1649321.681457483,6079597.144048695,1.238136
5108,5108,1649362.17590486,6079607.018739599,1.237665922
5109,5109,1644999.643922823,6079609.897831748,0.802250007
5110,5110,1645056.726644934,6079609.611368519,-0.275174989
5111,5111,1647949.736198958,6079603.317099655,1.465731094
5112,5112,1648071.737490954,6079601.982488227,1.144717231
5113,5113,1648212.872388552,6079596.625774253,1.117403046
5114,5114,1648273.426801272,6079598.171520065,1.086025658
5115,5115,1648408.301125825,6079592.155217094,0.963399991
5116,5116,1649305.148945516,6079587.0674695,1.209964899
5117,5117,1649378.70955719,6079586.867269547,1.865824984
5118,5118,1636897.128749077,6079641.893618905,-9999.0
5119,5119,1639666.450303001,6079625.09689029,0.881022204
5120,5120,1645068.908614554,6079599.587132479,-0.355137492
5121,5121,1647455.064073557,6079599.857201459,1.251190892
5122,5122,1647597.438308978,6079596.259988594,1.263473551
5123,5123,1647760.003360544,6079595.629426122,1.24616845
5124,5124,1647861.790321689,6079585.335602814,1.215342093
5125,5125,1648098.396217954,6079588.840289265,1.175442416
5126,5126,1648167.004808738,6079584.492816634,1.146132954
5127,5127,1648245.149851172,6079582.344369932,1.467018164
5128,5128,1648893.45098168,6079579.561537636,0.445169442
5129,5129,1649288.787072673,6079577.602882255,1.236252686
5130,5130,1640051.914486028,6079613.421565735,0.987098916
5131,5131,1640379.440481197,6079615.042319998,1.217524767
5132,5132,1647793.833044386,6079577.581383358,1.590803969
5133,5133,1648114.65216195,6079578.790028246,1.421440636
5134,5134,1648253.556908055,6079575.654265437,3.591081046
5135,5135,1648422.290862444,6079579.36638556,0.980590079
5136,5136,1636901.94630943,6079616.966432018,-9999.0
5137,5137,1639674.516840409,6079605.135289616,0.798029619
5138,5138,1640000.440034147,6079608.669705657,0.977782883
5139,5139,1645023.95796786,6079579.886703464,0.815641672
5140,5140,1647812.849566178,6079565.458691287,2.145824985
5141,5141,1647841.887836661,6079569.942954419,1.256999969
5142,5142,1648132.890683291,6079568.295539234,1.368746978
5143,5143,1648448.91318986,6079562.046685489,1.811481278
5144,5144,1639696.361050422,6079647.221283617,0.698932115
5145,5145,1648473.323356695,6079551.951733068,1.693243248
5146,5146,1649256.338721075,6079547.891694286,1.303999973
5147,5147,1636893.709685195,6079597.074520817,-0.720051301
5148,5148,1639682.583433458,6079585.17360427,0.707380958
5149,5149,1640405.766642983,6079588.735729379,1.214490476
5150,5150,1645032.012610946,6079559.92017732,0.855199994
5151,5151,1648517.622638549,6079546.407710903,-9999.0
5152,5152,1639943.380037647,6079592.526241849,0.989922757
5153,5153,1640416.4532009,6079571.935021647,1.234311106
5154,5154,1645040.117228904,6079549.916444755,0.826026107
5155,5155,1645162.436668606,6079549.301414941,-0.174356319
5156,5156,1648487.312938113,6079539.16279882,0.806851146
5157,5157,1636901.782332418,6079577.115464621,-0.701425026
5158,5158,1639694.77008868,6079567.263315491,0.470225348
5159,5159,1639903.263726711,6079564.269024007,0.922909106
5160,5160,1645093.072313342,6079539.687240324,-0.4442125
5161,5161,1639706.914924748,6079555.177085121,-0.178214318
5162,5162,1648546.526612494,6079516.685037859,-9999.0
5163,5163,1636909.854943088,6079557.156400274,-0.719525008
5164,5164,1645048.146797622,6079524.968504268,0.789220619
5165,5165,1648507.995783459,6079513.559595925,1.034065892
5166,5166,1649191.002160427,6079528.012018314,1.02924995
5167,5167,1645056.226350489,6079509.983352241,0.667699986
5168,5168,1648554.546416423,6079491.733881065,-9999.0
5169,5169,1640269.446823363,6079522.781115166,1.083755549
5170,5170,1645211.113298043,6079499.241106858,-0.620424993
5171,5171,1648534.313607568,6079490.66227341,0.489644083
5172,5172,1639706.14393222,6079515.328660402,0.429263121
5173,5173,1645064.305875949,6079494.99819776,0.827603774
5174,5174,1648562.593241349,6079471.764022321,-0.631566674
5175,5175,1636926.000128005,6079517.238159057,-0.622473747
5176,5176,1639902.403278803,6079504.495015623,0.980383565
5177,5177,1640220.430174698,6079503.075020928,1.051528702
5178,5178,1640257.844508607,6079506.35794079,1.080072072
5179,5179,1640282.019174926,6079503.379243759,1.099807359
5180,5180,1645072.385374057,6079480.013029975,0.834390384
5181,5181,1639934.810753872,6079494.592175718,1.017448261
5182,5182,1639951.119806772,6079494.519570641,1.027285693
5183,5183,1640212.82558772,6079493.146127891,1.050479951
5184,5184,1648546.499676889,6079458.005053938,1.017174507
5185,5185,1640277.256168262,6079483.098465123,1.081996588
5186,5186,1645088.594354939,6079460.005479551,0.860070457
5187,5187,1648554.920206713,6079442.632450148,0.5417258
5188,5188,1648578.767507107,6079446.7687043,-0.310168233
5189,5189,1645096.698818103,6079450.001692868,0.835450001
5190,5190,1648586.841156992,6079431.780273895,-0.122424995
5191,5191,1635573.143727753,6079480.922182294,1.126000008
5192,5192,1636942.145093482,6079477.319973292,-0.597245957
5193,5193,1645104.803263081,6079439.997898537,0.868724993
5194,5194,1648570.767077593,6079422.239959072,2.353991501
5195,5195,1648594.941783551,6079421.773221887,0.060362515
5196,5196,1638711.032112728,6079459.899380582,-0.441000059
5197,5197,1639722.889183567,6079493.217233853,0.869354787
5198,5198,1639896.664803552,6079461.495260533,0.990023139
5199,5199,1645121.062201867,6079429.953090898,0.859481227
5200,5200,1645275.998035126,6079429.172391551,-0.88499999
5201,5201,1648611.196836817,6079411.722147145,-0.070945216
5202,5202,1649059.529795205,6079409.486232945,1.151906948
5203,5203,1645129.166601455,6079419.94927381,0.830668879
5204,5204,1639730.849224797,6079435.515528103,-9999.0
5205,5205,1640119.94271814,6079437.687341558,1.053657332
5206,5206,1640190.220492718,6079433.872760049,0.988410262
5207,5207,1645137.47826063,6079410.232429462,0.794135118
5208,5208,1636958.289900766,6079437.401755297,-9999.0
5209,5209,1639707.026454377,6079443.974915609,0.907725233
5210,5210,1640158.450073615,6079432.043401427,1.013216063
5211,5211,1645153.529831047,6079399.900581249,0.780155544
5212,5212,1635548.695868958,6079432.411694534,1.082099952
5213,5213,1635645.606881647,6079468.441171336,1.015417131
5214,5214,1635718.77390264,6079432.459188025,0.991975004
5215,5215,1639883.449103136,6079424.875497811,0.996314425
5216,5216,1645161.63416706,6079389.896733758,0.77431154
5217,5217,1648500.895234285,6079372.46668826,0.987484366
5218,5218,1635706.503977524,6079422.892125992,0.986516677
5219,5219,1635726.888668564,6079422.463962288,0.991362514
5220,5220,1635792.126998361,6079422.930406112,1.060596129
5221,5221,1636966.362217396,6079417.442668669,-0.651000053
5222,5222,1639893.211160718,6079404.906151768,1.001240031
5223,5223,1645169.738484887,6079379.89287862,0.799150016
5224,5224,1648725.089736068,6079361.2887023,-0.700099984
5225,5225,1635741.856898308,6079411.708472561,0.992938285
5226,5226,1635808.393195964,6079412.176121002,1.000566657
5227,5227,1645185.997242482,6079369.847950607,0.783050004
5228,5228,1648433.536005955,6079349.728293684,-0.15607412
5229,5229,1648447.787365421,6079353.553874364,0.318853419
5230,5230,1648545.470998935,6079352.503700154,1.147517849
5231,5231,1648561.779946741,6079352.415440266,1.084499979
5232,5232,1635531.684500337,6079402.708564227,1.011000005
5233,5233,1635767.414963753,6079402.580976403,1.009964286
5234,5234,1635816.510744326,6079402.907263537,1.052713308
5235,5235,1636974.434512498,6079397.483592127,-0.633900049
5236,5236,1640420.107710849,6079383.202437714,1.565409111
5237,5237,1645194.101514918,6079359.844072711,0.830300017
5238,5238,1648472.36137058,6079342.935871799,1.046456109
5239,5239,1635524.041896947,6079392.372116803,0.997672744
5240,5240,1635832.610463524,6079392.357914696,1.002672198
5241,5241,1639884.923846986,6079375.054072875,0.9912414
5242,5242,1640317.699341895,6079372.393249633,1.336981081
5243,5243,1645332.676830475,6079349.181742362,-0.88499999
5244,5244,1648463.816421515,6079332.610275422,1.060827533
5245,5245,1638694.336401206,6079370.304913756,-0.369466688
5246,5246,1640325.812245965,6079363.120274964,1.521187505
5247,5247,1645210.310005229,6079339.836293972,0.927658337
5248,5248,1648480.073704429,6079322.967970733,1.09278946
5249,5249,1648463.710994666,6079313.093258303,0.988758652
5250,5250,1648519.752065132,6079321.152869367,1.15933832
5251,5251,1648651.26306174,6079312.078179902,0.92585454
5252,5252,1645226.518422798,6079319.828484634,0.981133325
5253,5253,1635499.036357344,6079352.882966359,0.993219317
5254,5254,1636992.41558287,6079349.494712168,-9999.0
5255,5255,1645430.328307532,6079308.83570581,0.761183295
5256,5256,1645479.258419162,6079309.31427716,-0.383803565
5257,5257,1645495.567230488,6079309.231590286,0.657747694
5258,5258,1645512.038549297,6079308.217254959,0.904678592
5259,5259,1635491.483827959,6079342.547231037,0.99669766
5260,5260,1639736.922875137,6079364.585520663,-9999.0
5261,5261,1645248.616337392,6079297.040723705,1.008673465
5262,5262,1645446.536227118,6079288.8273635,0.223666673
5263,5263,1645511.605085642,6079288.701966435,1.003068965
5264,5264,1639705.812623967,6079306.107722227,0.621624952
5265,5265,1640208.211282055,6079383.705519941,0.90697284
5266,5266,1645258.935039703,6079279.812774169,1.092212483
5267,5267,1648732.536863817,6079261.821486471,1.075379333
5268,5268,1635474.124232638,6079313.3850989,1.004428592
5269,5269,1636036.316803482,6079311.634339984,0.384911363
5270,5270,1636045.451981709,6079347.456803923,0.604254846
5271,5271,1637047.454128341,6079307.515776224,-9999.0
5272,5272,1645275.193516264,6079269.767680227,0.819124994
5273,5273,1635466.414817675,6079303.054561862,0.998370982
5274,5274,1637030.50961892,6079297.622974823,-0.252000056
5275,5275,1645578.913545297,6079278.365901168,0.659446847
5276,5276,1636239.814937555,6079293.853673956,0.312277722
5277,5277,1640162.156347383,6079274.391865151,0.91875001
5278,5278,1645291.401661187,6079249.759748885,0.769234583
5279,5279,1637039.17626785,6079277.661328579,-0.346212529
5280,5280,1648799.035394484,6079232.93439691,1.147810147
5281,5281,1635449.283587865,6079273.85418547,1.009773354
5282,5282,1636302.488770901,6079269.922423161,-9999.0
5283,5283,1645298.860814946,6079229.795964836,0.653036358
5284,5284,1645511.301847342,6079228.925115044,1.070818186
5285,5285,1648777.308394577,6079216.539813165,1.146513853
5286,5286,1635441.457263101,6079263.565006213,1.03910606
5287,5287,1639697.393771298,6079246.367135833,1.864649972
5288,5288,1648316.50705527,6079204.088648823,0.585039988
5289,5289,1635433.573527767,6079253.278553476,1.089299955
5290,5290,1636330.122559084,6079254.344643997,-9999.0
5291,5291,1645348.305948154,6079214.601554843,-0.88499999
5292,5292,1648300.148655355,6079194.940095946,1.198019614
5293,5293,1639939.213282498,6079224.964693603,0.939659073
5294,5294,1648813.647137468,6079181.675558676,1.139827623
5295,5295,1648259.265921826,6079174.507403053,0.252760228
5296,5296,1648764.833173643,6079171.773580963,1.185787508
5297,5297,1639697.239478324,6079211.497411225,0.84585525
5298,5298,1640031.375919084,6079205.235508256,1.008036369
5299,5299,1640047.684447544,6079205.162722994,0.996929835
5300,5300,1648772.933322205,6079161.76642516,1.232549976
5301,5301,1648720.32207032,6079156.711347912,1.197999954
5302,5302,1635400.037286777,6079204.349635905,0.99106669
5303,5303,1637079.635987761,6079202.239856848,-9999.0
5304,5304,1639697.129268364,6079186.590459323,0.711546042
5305,5305,1648781.006366311,6079146.777850053,1.359212488
5306,5306,1635391.992365353,6079194.249898901,0.977249987
5307,5307,1637071.423055906,6079187.861699707,-0.115152993
5308,5308,1639719.174115522,6079242.575120334,0.306333274
5309,5309,1648210.125912786,6079134.919153152,-0.368181821
5310,5310,1648817.001764164,6079145.751586123,1.177463362
5311,5311,1648789.052292183,6079126.807849818,1.414903747
5312,5312,1636399.048351508,6079171.269562306,-0.107293608
5313,5313,1639705.195326372,6079166.628821176,0.664318935
5314,5314,1645616.967780974,6079128.553464081,0.795837492
5315,5315,1639919.80351089,6079154.643964539,1.015525507
5316,5316,1635367.033408377,6079154.891032583,1.096824989
5317,5317,1639696.908846563,6079136.776558174,1.036999991
5318,5318,1645298.851754715,6079110.239225125,-0.830262491
5319,5319,1645625.046021218,6079113.567783391,0.802075023
5320,5320,1640052.714570686,6079174.880515179,0.955235981
5321,5321,1645249.825894829,6079090.560550096,1.054024991
5322,5322,1645633.073556505,6079088.619277719,0.777475002
5323,5323,1645641.177076194,6079078.614984287,0.806749988
5324,5324,1648527.599216791,6079063.669965717,1.385719308
5325,5325,1649009.230144477,6079067.488419218,0.729395844
5326,5326,1639680.42418129,6079096.997583603,0.538882368
5327,5327,1640026.976143743,6079095.457973965,1.037866233
5328,5328,1640096.855479593,6079100.695022207,0.41651052
5329,5329,1645241.571204014,6079070.676056399,1.056116267
5330,5330,1645285.390200836,6079082.957697566,-0.557265186
5331,5331,1648163.1096958,6079055.533491533,1.138222145
5332,5332,1648461.638554672,6079061.791946506,1.235937735
5333,5333,1648676.183548887,6079159.761671353,1.212645909
5334,5334,1635334.874271847,6079104.484485012,0.852444453
5335,5335,1639770.09802754,6079091.618785309,-9999.0
5336,5336,1640051.007672884,6079089.255439697,1.007160921
5337,5337,1645649.255229656,6079063.629279825,0.724551065
5338,5338,1648409.024191181,6079057.439714937,1.156546104
5339,5339,1648495.040780067,6079043.715444867,1.365146146
5340,5340,1648822.496577817,6079084.570270052,1.297548152
5341,5341,1649033.221554891,6079041.516518221,1.155036358
5342,5342,1635326.977548704,6079094.279119159,0.858842126
5343,5343,1645233.316549015,6079050.791554885,1.057724993
5344,5344,1648388.814212427,6079034.12163411,1.096553545
5345,5345,1648531.308744206,6079042.832398628,1.444254199
5346,5346,1649049.475474257,6079031.464533592,1.245017593
5347,5347,1635319.164390491,6079084.0543631,0.88457142
5348,5348,1640102.337040411,6079073.104624853,0.896745455
5349,5349,1645225.112155287,6079040.869855853,1.055449994
5350,5350,1645265.882952291,6079040.664225855,-0.88499999
5351,5351,1648167.235323046,6079025.596759683,1.510952345
5352,5352,1648800.538139331,6079059.355537159,1.375815542
5353,5353,1649069.804370948,6079021.010773045,0.975714285
5354,5354,1640128.724997951,6079055.15137323,0.104750014
5355,5355,1645660.804286624,6079036.338110561,0.745169946
5356,5356,1648813.831097637,6079012.558111882,1.544016146
5357,5357,1649090.137373496,6079011.315857111,1.252008798
5358,5358,1645216.857563087,6079020.985338942,1.072949971
5359,5359,1649106.218856388,6079000.333910197,1.203454531
5360,5360,1645252.297067412,6079019.157922187,-0.871298923
5361,5361,1639843.197751363,6079026.535223275,-9999.0
5362,5362,1645678.394767216,6079008.586903919,0.714472787
5363,5363,1648176.956096371,6078985.858440696,1.419272718
5364,5364,1648233.619104482,6078985.55047147,1.178857154
5365,5365,1649128.170481592,6078987.281481014,1.214777272
5366,5366,1637046.343182381,6079038.521233652,-0.545758676
5367,5367,1640258.844014692,6079014.512296354,-0.88499999
5368,5368,1645200.398684982,6078991.179092562,1.018750003
5369,5369,1645689.649286296,6078989.427077587,0.81785185
5370,5370,1648192.961022034,6078975.601551067,1.436499955
5371,5371,1648852.653943282,6078984.114215644,1.467949955
5372,5372,1649138.84011813,6078970.470209333,0.968119652
5373,5373,1635277.609025204,6079024.88474439,1.158866672
5374,5374,1645705.903058363,6078978.654734133,0.817199989
5375,5375,1648201.061618265,6078965.594913593,1.571875042
5376,5376,1648282.436685006,6078965.361625399,1.288892791
5377,5377,1635269.745631494,6079014.669286055,1.275773599
5378,5378,1636989.255648346,6079008.651883372,-0.227263151
5379,5379,1639723.206402163,6078999.562187971,1.042801686
5380,5380,1640465.247721084,6079010.291685229,1.133165688
5381,5381,1645192.1441914,6078971.294552434,1.090049963
5382,5382,1645230.455080377,6078981.753614829,-0.867510431
5383,5383,1645718.083445124,6078968.629591492,0.834017869
5384,5384,1648830.624418203,6078981.181525811,1.394228336
5385,5385,1649139.325542544,6078950.54128386,0.850377346
5386,5386,1639940.869484544,6078986.249026588,-9999.0
5387,5387,1645730.263804621,6078958.604437448,0.941099983
5388,5388,1648209.135425839,6078950.60685703,1.655056242
5389,5389,1640213.985999871,6078975.065860217,0.271962503
5390,5390,1640246.603782651,6078975.266611184,0.788982613
5391,5391,1640320.352310471,6078989.571976259,-0.291542209
5392,5392,1640558.80351905,6078980.439295777,1.096495866
5393,5393,1645738.367096883,6078948.600052017,0.777550001
5394,5394,1645746.470370955,6078938.595658937,0.641600005
5395,5395,1648861.328310858,6078922.170395284,1.375125021
5396,5396,1639970.819563766,6078967.741375906,-0.297904388
5397,5397,1640599.700966109,6078950.714544122,1.082224997
5398,5398,1645754.57362684,6078928.591258205,0.81599998
5399,5399,1648248.846863173,6078933.986211503,1.312947553
5400,5400,1640607.835370494,6078941.460937841,1.079412707
5401,5401,1645762.676864535,6078918.586849822,0.900075
5402,5402,1648282.114950409,6078905.584651557,0.76427139
5403,5403,1639443.297851996,6078938.588285968,1.449615361
5404,5404,1640616.06609005,6078931.602390518,1.065956468
5405,5405,1645183.522815744,6078911.763914742,0.230473687
5406,5406,1645200.47302088,6078919.257960688,-0.881747247
5407,5407,1645770.780084043,6078908.582433787,0.956624994
5408,5408,1648990.403930784,6078902.110958781,1.571184915
5409,5409,1649179.177812632,6078891.270570216,1.330666703
5410,5410,1645778.88328536,6078898.578010101,0.941650009
5411,5411,1648282.007704593,6078885.658992428,-0.593000012
5412,5412,1649016.065415098,6078886.455278923,1.68328664
5413,5413,1649199.504338578,6078880.469495397,1.53939027
5414,5414,1639557.15464549,6078918.412734166,0.932714288
5415,5415,1640630.043827169,6078909.833506696,1.050599957
5416,5416,1648230.824803488,6078906.549680309,1.508263227
5417,5417,1649040.473114378,6078876.358746797,1.784117334
5418,5418,1648257.604494176,6078865.659747981,1.210399996
5419,5419,1649056.699480665,6078861.325323243,1.811700039
5420,5420,1649072.980294584,6078856.254709691,1.668991873
5421,5421,1649216.626665511,6078863.203807665,1.593154063
5422,5422,1649236.037507662,6078851.106125009,1.526647042
5423,5423,1640193.032802439,6078885.697222423,1.011578932
5424,5424,1645183.913997661,6078869.526022966,-0.88499999
5425,5425,1648265.651311818,6078845.690218546,1.226475003
5426,5426,1649081.052555815,6078841.26584399,1.601725
5427,5427,1635219.835747189,6078896.434247557,-0.45846778
5428,5428,1639489.105361669,6078921.010374239,1.141409882
5429,5429,1640208.938055278,6078879.87257747,1.042306535
5430,5430,1645170.662319203,6078854.934735616,-0.88499999
5431,5431,1649013.1431473,6078924.136117523,1.394876891
5432,5432,1635204.483775514,6078880.060821263,0.09853846
5433,5433,1638806.726443077,6078861.504051031,-0.022255028
5434,5434,1649103.13962311,6078818.468461091,1.339334902
5435,5435,1635219.123805942,6078866.548353375,0.218505586
5436,5436,1648369.797199728,6078804.487471412,1.30083007
5437,5437,1649121.604401273,6078801.191337151,1.312499966
5438,5438,1635235.392534335,6078856.521492971,0.040493503
5439,5439,1648376.398535047,6078792.494438341,1.37615379
5440,5440,1635267.969061502,6078846.43048504,-0.432099998
5441,5441,1649137.830495276,6078786.15776765,1.491274977
5442,5442,1639410.114468279,6078819.95232152,1.13803842
5443,5443,1640658.254191716,6078813.655406519,0.990472743
5444,5444,1645150.304899913,6078792.374387269,-0.88499999
5445,5445,1648380.581536483,6078774.315367381,1.386921083
5446,5446,1649145.902583489,6078771.168840175,1.474499959
5447,5447,1635259.736762388,6078826.537132879,0.346825
5448,5448,1640665.768383377,6078803.658351187,0.993499992
5449,5449,1645166.854296346,6078807.031373807,-0.88499999
5450,5450,1635287.71197474,6078824.957576526,-0.359542449
5451,5451,1640324.560874817,6078795.968657217,1.046163462
5452,5452,1640673.877113036,6078793.658592026,0.988924968
5453,5453,1648209.982498134,6078752.712170576,1.386266653
5454,5454,1649344.209057793,6078797.492345161,1.476776927
5455,5455,1639304.128540235,6078789.513511408,1.27442462
5456,5456,1640681.985824514,6078783.658825222,0.969692867
5457,5457,1645810.618846007,6078758.728607481,0.739090909
5458,5458,1648200.286438929,6078744.976546898,1.627107148
5459,5459,1649167.304413461,6078750.764180587,1.290736428
5460,5460,1649235.431997858,6078740.788443659,1.538336579
5461,5461,1649280.278583592,6078740.542194656,1.418464979
5462,5462,1635284.080848958,6078796.552650395,0.365575006
5463,5463,1635316.696339669,6078796.424173933,-0.701150023
5464,5464,1640323.003775146,6078775.52104812,1.056821385
5465,5465,1640694.171456474,6078773.640554258,0.943462505
5466,5466,1648178.881699244,6078732.13896698,1.691999912
5467,5467,1649194.642595353,6078737.405566211,1.377608996
5468,5468,1635292.195508139,6078786.557807639,0.378475003
5469,5469,1639263.417450245,6078769.724282264,1.381351328
5470,5470,1640717.209679363,6078762.997624053,0.930089564
5471,5471,1648170.267620472,6078722.775491836,1.389499962
5472,5472,1635300.310149148,6078776.562957251,0.380988727
5473,5473,1635333.283332033,6078780.999310009,-0.705029459
5474,5474,1640257.849643558,6078755.683399004,0.961374996
5475,5475,1640368.980813853,6078799.37011311,-0.025815696
5476,5476,1645144.823451768,6078741.266435593,-0.88499999
5477,5477,1635349.194003408,6078766.407387505,-9999.0
5478,5478,1640173.284369515,6078779.436279811,1.03527583
5479,5479,1640276.860401297,6078752.277062062,0.958891658
5480,5480,1640290.42032388,6078745.574171689,1.032188231
5481,5481,1640543.023347916,6078744.640323636,0.970603436
5482,5482,1640733.423890081,6078751.653525624,0.909754359
5483,5483,1635317.165647495,6078764.535692431,0.192832781
5484,5484,1635357.308596344,6078756.412560717,-9999.0
5485,5485,1640314.837092649,6078735.501475696,1.658940666
5486,5486,1635332.827396431,6078751.527632256,0.268235296
5487,5487,1639265.221364575,6078744.990903571,1.267797941
5488,5488,1639287.388118821,6078725.115943262,1.179567901
5489,5489,1640322.901360199,6078715.539245889,0.881449996
5490,5490,1640350.645620289,6078726.055647736,-0.259990389
5491,5491,1645133.14002312,6078697.03975931,-0.884999991
5492,5492,1635367.763627337,6078736.860478614,0.031244859
5493,5493,1639295.476473266,6078710.136046693,1.172333336
5494,5494,1640331.010386452,6078705.539798045,0.74534212
5495,5495,1640343.196436059,6078695.521904407,-0.815143536
5496,5496,1635357.112127415,6078706.59879091,0.465549997
5497,5497,1639470.651839437,6078679.477975962,1.134314654
5498,5498,1645128.651269937,6078667.459668535,-0.49821386
5499,5499,1639499.124268115,6078664.408188267,1.284018749
5500,5500,1639948.069433943,6078802.813098186,0.906729534
5501,5501,1640806.557075059,6078679.321170917,0.404553414
5502,5502,1639539.827234348,6078649.284383758,1.062974942
5503,5503,1639744.265661939,6078648.380860272,0.80635714
5504,5504,1640599.81564716,6078644.549177697,0.741799992
5505,5505,1640860.735956833,6078643.364375548,-0.103824993
5506,5506,1639556.112776511,6078644.231092332,1.091324964
5507,5507,1639751.780720147,6078638.384575922,0.827875003
5508,5508,1640337.566375747,6078652.3743791,-0.835000046
5509,5509,1640881.76368865,6078635.388980648,0.723136207
5510,5510,1645116.254635522,6078621.318474755,1.014581358
5511,5511,1639572.354346978,6078629.214978251,1.038024974
5512,5512,1640902.235878015,6078622.072560286,1.000911119
5513,5513,1648288.884967778,6078586.319709793,1.326428602
5514,5514,1639580.464121079,6078619.216214308,1.046162951
5515,5515,1640325.186379113,6078619.219869193,-0.834999979
5516,5516,1640589.249383404,6078621.174870729,0.841284252
5517,5517,1645100.545627322,6078593.1590545,1.093200015
5518,5518,1639596.749586437,6078614.162848199,1.033812468
5519,5519,1639615.73827455,6078605.776514471,1.113566636
5520,5520,1640306.056539209,6078596.058912474,-0.834999979
5521,5521,1640362.921356234,6078586.044665702,0.961956549
5522,5522,1640930.755977408,6078597.228442256,1.08463357
5523,5523,1645108.574119151,6078568.211014146,1.096567254
5524,5524,1645434.698059315,6078561.583439084,1.075625046
5525,5525,1639672.112347078,6078605.407959184,1.00030187
5526,5526,1645116.652678233,6078553.22577676,1.096825011
5527,5527,1638707.800549461,6078573.209719875,-0.449090966
5528,5528,1640411.246393035,6078634.296635886,0.907660083
5529,5529,1638699.603869803,6078563.281983016,-0.690500066
5530,5530,1639294.821786976,6078560.694254686,2.22207499
5531,5531,1640289.570123445,6078556.28114888,-0.834999979
5532,5532,1640346.645799793,6078556.024591448,0.78839999
5533,5533,1645142.650693599,6078572.324183233,-0.866804182
5534,5534,1645124.681087509,6078528.277719699,0.993999985
5535,5535,1648279.812729775,6078507.188903195,1.425000034
5536,5536,1639345.873089704,6078656.811097116,1.184859181
5537,5537,1645132.759582596,6078513.292466286,0.991250024
5538,5538,1635362.537530274,6078622.578190621,0.123500731
5539,5539,1640217.729453759,6078524.191324786,1.129590956
5540,5540,1645580.620188723,6078512.613623285,1.118095785
5541,5541,1645597.505424113,6078508.204628986,1.115010496
5542,5542,1639293.203013601,6078529.134690188,1.372444823
5543,5543,1640209.121601192,6078514.837949806,1.151972961
5544,5544,1640424.8408726,6078531.299170851,1.132233705
5545,5545,1640276.925066825,6078518.922128572,-0.782308907
5546,5546,1645140.787909316,6078488.344392527,0.972662497
5547,5547,1635348.2319947,6078522.319708283,-0.033150001
5548,5548,1645148.866340408,6078473.35912309,0.992633335
5549,5549,1645634.442879825,6078476.997112456,1.127335987
5550,5550,1645540.190649017,6078461.417684076,1.146675028
5551,5551,1640229.560641459,6078491.702120705,1.103007287
5552,5552,1640648.004522491,6078482.432205137,0.98205088
5553,5553,1640675.013401287,6078484.846812273,0.986971443
5554,5554,1645179.389815713,6078480.586670741,-0.88499999
5555,5555,1638642.142005755,6078473.862780831,-9999.0
5556,5556,1645156.894584572,6078448.411032627,0.936997923
5557,5557,1640220.246989784,6078457.542865138,1.023236351
5558,5558,1641029.294236687,6078505.561718933,0.792808034
5559,5559,1645164.972951668,6078433.425747169,0.938687492
5560,5560,1645597.110458857,6078430.512788699,1.157678587
5561,5561,1640199.343797073,6078437.130067319,2.883387351
5562,5562,1641139.982951018,6078436.575183312,1.026768058
5563,5563,1641171.147086796,6078430.849716404,1.00077422
5564,5564,1645173.02620234,6078413.459046936,0.946374985
5565,5565,1640403.093254176,6078416.288428711,0.993316678
5566,5566,1641194.538096744,6078412.376274494,1.017225885
5567,5567,1645181.079416374,6078393.492338516,0.948270269
5568,5568,1645238.154525944,6078393.2044368,-0.88499999
5569,5569,1635217.402642148,6078428.186574295,0.400850003
5570,5570,1640924.708763413,6078404.164970576,-0.35887071
5571,5571,1648199.668562168,6078489.783660224,1.321408862
5572,5572,1635192.906630022,6078418.315248315,0.618674981
5573,5573,1635233.690116367,6078423.141146312,0.108341666
5574,5574,1640908.519201617,6078393.345034433,0.854301861
5575,5575,1640951.943015361,6078408.014546647,0.727773031
5576,5576,1640435.572746895,6078386.253114233,0.995860489
5577,5577,1640831.727465905,6078392.729339162,0.985437949
5578,5578,1640920.708944252,6078384.399908369,0.644876106
5579,5579,1641004.554408821,6078397.261725697,1.000564063
5580,5580,1645189.107495424,6078368.544214649,0.386021706
5581,5581,1645262.464461459,6078363.192648554,-0.88499999
5582,5582,1648012.487747582,6078348.208258333,1.365193513
5583,5583,1640810.589507732,6078374.591541605,1.16890238
5584,5584,1645197.185734524,6078353.558897142,0.233253132
5585,5585,1648224.06391951,6078337.791969028,-9999.0
5586,5586,1640871.695410158,6078364.350370754,0.909924996
5587,5587,1640965.460738842,6078363.922589351,-0.202061039
5588,5588,1645205.289053776,6078343.554984719,0.990765633
5589,5589,1645266.958855957,6078343.033131444,-0.88499999
5590,5590,1645444.32985265,6078343.908519644,1.139623647
5591,5591,1635135.68872712,6078378.6719946,0.865657154
5592,5592,1640735.034829668,6078400.470889125,1.06265427
5593,5593,1640842.728304143,6078367.400730362,1.032710816
5594,5594,1641298.421194614,6078352.147786428,0.986542356
5595,5595,1645478.969720427,6078336.019391546,1.149271956
5596,5596,1635207.89139667,6078389.653501198,0.257486787
5597,5597,1640859.397069015,6078349.461904163,1.125887506
5598,5598,1635151.734732845,6078358.908029095,0.62684712
5599,5599,1635168.041648897,6078358.84410235,0.532399983
5600,5600,1640149.97640205,6078337.721259546,0.532425006
5601,5601,1640646.888387084,6078340.986656293,0.973853189
5602,5602,1640875.658649437,6078339.424801547,0.999487489
5603,5603,1641062.99970914,6078333.791844666,0.951392845
5604,5604,1641303.877640927,6078346.193378983,0.995000005
5605,5605,1645227.384566855,6078320.767219505,0.974288932
5606,5606,1640443.890345082,6078410.639616761,1.016700631
5607,5607,1641046.110966985,6078332.014060977,0.967131367
5608,5608,1641082.916636455,6078326.860996524,0.985428503
5609,5609,1645245.85563807,6078303.498129194,0.949332051
5610,5610,1640133.535703923,6078307.905860446,1.034268885
5611,5611,1640598.450574087,6078306.017599145,0.913727252
5612,5612,1645262.062058444,6078283.490205278,0.998027044
5613,5613,1645312.320607805,6078299.456807761,-0.88499999
5614,5614,1640125.337681783,6078297.979547025,2.148937507
5615,5615,1640910.193788238,6078324.783709188,1.009614795
5616,5616,1640983.825707303,6078329.972196173,0.730322893
5617,5617,1641262.74291546,6078292.81874467,0.917587496
5618,5618,1645270.165241345,6078273.486231843,0.989226648
5619,5619,1647985.270211709,6078259.370477539,-0.450000019
5620,5620,1648205.247932309,6078258.395143823,0.853145454
5621,5621,1640546.064304394,6078298.079915018,0.821609985
5622,5622,1640615.216285518,6078399.833056529,0.969404208
5623,5623,1645286.421859187,6078263.441084192,0.887238085
5624,5624,1635171.024333059,6078316.476191415,0.126976922
5625,5625,1640117.095113728,6078278.090430843,1.43209997
5626,5626,1640948.739748169,6078284.42485716,0.988359639
5627,5627,1647977.010145618,6078239.488423001,-0.443106677
5628,5628,1640985.147791646,6078270.844572395,0.823662157
5629,5629,1645302.628115994,6078243.433084161,0.94705
5630,5630,1635156.382316235,6078282.432790829,0.227739884
5631,5631,1641013.880621545,6078254.108216932,0.815399999
5632,5632,1645310.738125792,6078233.4375208,0.946424995
5633,5633,1640124.853113983,6078253.148236493,0.744258618
5634,5634,1640585.773931859,6078273.988446868,0.863183243
5635,5635,1641021.988459488,6078244.108126936,0.835449983
5636,5636,1645326.98771712,6078223.38384971,0.905849989
5637,5637,1648001.478848731,6078209.672446335,1.396964231
5638,5638,1640628.796526215,6078247.646216332,0.961464367
5639,5639,1645363.146218087,6078237.980798671,-0.88499999
5640,5640,1641038.204080826,6078224.10792402,0.929925014
5641,5641,1641070.985746925,6078224.162179466,0.954456147
5642,5642,1645343.19381036,6078203.37577356,0.886625002
5643,5643,1645392.114258341,6078203.128233112,-0.88499999
5644,5644,1647985.895632206,6078204.101070116,0.257061564
5645,5645,1640646.796700438,6078215.927391387,0.940849996
5646,5646,1641046.31186422,6078214.107811099,0.959900014
5647,5647,1645400.217170578,6078193.124211216,-0.88499999
5648,5648,1641054.419629432,6078204.107690536,1.014547611
5649,5649,1641078.87971702,6078203.995687104,0.96925
5650,5650,1638556.463223492,6078208.826672298,-0.400600038
5651,5651,1648026.013947732,6078192.910402959,-0.394000001
5652,5652,1640665.335848691,6078199.034913736,0.933099621
5653,5653,1641070.657917603,6078189.088829879,0.968362494
5654,5654,1645408.244528712,6078168.175744797,-0.88499999
5655,5655,1645767.561760026,6078161.367845603,1.30272962
5656,5656,1648188.834375282,6078253.421398791,-0.44599998
5657,5657,1641078.742815962,6078174.107282996,1.019024996
5658,5658,1641192.902087114,6078176.320891901,0.824878188
5659,5659,1645278.262842987,6078151.625024143,0.916125007
5660,5660,1641086.850508437,6078164.107131865,0.953775004
5661,5661,1645269.569022051,6078143.888896869,0.908857974
5662,5662,1645780.958406318,6078148.586158306,1.322879182
5663,5663,1640683.238296009,6078160.965632302,0.916120831
5664,5664,1645542.274469679,6078137.915107692,1.119022945
5665,5665,1645791.274729944,6078131.357543493,1.325399953
5666,5666,1640695.400463841,6078145.965944622,0.901174977
5667,5667,1645422.449712146,6078138.14534604,-0.88499999
5668,5668,1645807.483340274,6078112.075069167,1.325083291
5669,5669,1640703.463335379,6078126.003342848,0.893755542
5670,5670,1645106.244168126,6078104.939879796,1.207879983
5671,5671,1645444.101714746,6078110.872455726,-0.88499999
5672,5672,1645823.735362953,6078101.302480687,1.309142825
5673,5673,1641094.798399534,6078119.237168012,1.212250003
5674,5674,1645102.006333292,6078098.676054453,1.217500061
5675,5675,1645831.841470896,6078092.024444734,1.298061162
5676,5676,1641102.883192763,6078104.255596871,0.921674996
5677,5677,1645848.093428166,6078081.25181113,1.276949954
5678,5678,1645860.272420001,6078071.226448127,1.25819997
5679,5679,1645492.777959295,6078068.411929183,-0.88499999
5680,5680,1645872.451384563,6078061.201073723,1.246022206
5681,5681,1638495.756153503,6078085.986241671,-0.218017124
5682,5682,1640042.824646573,6078079.162436591,1.674675027
5683,5683,1645656.339049127,6078052.340726612,1.30936522
5684,5684,1645115.981014174,6078059.055036637,1.317533286
5685,5685,1645550.232225892,6078044.323874974,-0.88499999
5686,5686,1645635.90503849,6078042.481744778,-0.682210516
5687,5687,1645886.442240268,6078048.416180494,1.216655967
5688,5688,1645720.859141427,6078042.210374015,1.266846363
5689,5689,1645171.069172839,6078024.908984025,1.031074975
5690,5690,1645155.510261764,6078058.902486769,1.10400124
5691,5691,1645615.420548026,6078022.659789278,-0.88499999
5692,5692,1645758.10260831,6078021.932549806,1.272508335
5693,5693,1640026.340299156,6078039.384038469,1.410224998
5694,5694,1645224.014961472,6078014.679048947,0.875037493
5695,5695,1645909.300752661,6078021.73675343,1.151583259
5696,5696,1645516.994696404,6078017.857690379,1.111000061
5697,5697,1635020.368897834,6078040.608317177,1.143852686
5698,5698,1645162.651175222,6078015.015870962,1.091425563
5699,5699,1645539.459871851,6078007.288719747,1.018444445
5700,5700,1635012.008832539,6078030.473715344,0.87017949
5701,5701,1635055.707888142,6078052.643646532,0.864892852
5702,5702,1640129.481410821,6078009.437316133,1.183547818
5703,5703,1640694.767561213,6078006.486675438,0.670727172
5704,5704,1645211.795976781,6077985.07759839,0.925714297
5705,5705,1645250.158108408,6077992.551745322,0.834497268
5706,5706,1645934.697138565,6077987.967412051,1.074179223
5707,5707,1635077.361536055,6078020.051082067,0.213928571
5708,5708,1640727.929511823,6077996.37317335,0.902775501
5709,5709,1635052.530337135,6078010.593881127,0.378666679
5710,5710,1645228.243784128,6077970.41687726,0.934871795
5711,5711,1645951.259949413,6077968.379565119,0.977246639
5712,5712,1635001.007242763,6078008.053861313,0.981863372
5713,5713,1640702.190637043,6077976.563889634,0.652313733
5714,5714,1645790.35912355,6077952.026578577,-0.687524997
5715,5715,1635110.497097189,6078205.318213048,1.118640136
5716,5716,1634987.393880254,6077990.718070961,0.525175
5717,5717,1645798.46135915,6077942.022031261,-0.815533339
5718,5718,1645967.464194505,6077948.370335849,1.125949513
5719,5719,1635079.492130467,6077991.150986089,0.194068181
5720,5720,1639960.759508047,6077959.972531554,1.636012492
5721,5721,1641177.115304436,6078212.036804401,0.668623838
5722,5722,1641240.801576238,6077954.177197359,0.856124989
5723,5723,1645977.754384839,6077926.160082708,1.084587467
5724,5724,1639936.211377356,6077940.155892596,1.717350012
5725,5725,1640710.77991224,6077941.654502374,0.60682395
5726,5726,1641142.895374186,6077939.682396931,-0.183834054
5727,5727,1635061.916847071,6077951.308236888,0.346543211
5728,5728,1639928.013904888,6077930.22939823,1.657675004
5729,5729,1639919.81645047,6077920.302896385,1.644224994
5730,5730,1641170.937472876,6077963.982277255,0.869716823
5731,5731,1635105.148518746,6077947.695731021,0.099039667
5732,5732,1640628.275856914,6077941.127248397,-0.814999998
5733,5733,1641257.032057963,6077910.445877382,-0.051092587
5734,5734,1640645.351956725,6077897.117304506,-0.814999998
5735,5735,1641165.222154309,6077912.219779245,-0.186796904
5736,5736,1635087.799479901,6077911.143865058,0.711078547
5737,5737,1639936.533188417,6077881.319176638,1.495949143
5738,5738,1640143.880839891,6077882.240270462,1.256687477
5739,5739,1641197.452313298,6077881.88507988,1.13584619
5740,5740,1639952.362128696,6077876.377046963,1.438467623
5741,5741,1640104.04601006,6077934.691586792,1.29001428
5742,5742,1641289.141288578,6077864.491919846,0.954892863
5743,5743,1640377.212014822,6077861.787325938,1.043263156
5744,5744,1640759.145600806,6077856.544896474,0.850436362
5745,5745,1641213.666826888,6077861.884587525,1.165887377
5746,5746,1641248.104186189,6077864.414355024,1.0405018
5747,5747,1640394.148145866,6077852.169279483,1.053000026
5748,5748,1640408.835584709,6077847.847139889,1.063588228
5749,5749,1640775.574517114,6077846.711517264,0.903664703
5750,5750,1641264.922952826,6077844.268721119,1.019672731
5751,5751,1640417.435418515,6077840.814740711,1.006513526
5752,5752,1640473.923013075,6077849.361000397,0.87467351
5753,5753,1641229.881318837,6077841.884016518,1.178219189
5754,5754,1641264.498740413,6077824.753275607,1.008000007
5755,5755,1635000.220917667,6077934.172838292,0.146862281
5756,5756,1640446.927567076,6077827.832256019,0.872465746
5757,5757,1640791.744626852,6077816.748941092,0.942587562
5758,5758,1640467.460039107,6077811.059572018,0.292047621
5759,5759,1640799.810281109,6077797.512692284,0.915289483
5760,5760,1640476.222087413,6077801.698908957,1.11700002
5761,5761,1640816.02704142,6077786.70123808,0.917544275
5762,5762,1640485.050012068,6077780.339200335,1.088923051
5763,5763,1640828.117009481,6077766.609335206,0.930800235
5764,5764,1640492.162339315,6077756.897736251,0.980389619
5765,5765,1640498.593919635,6077738.708431429,0.854061538
5766,5766,1640516.987680308,6077788.024231406,1.015535524
5767,5767,1640846.176826209,6077734.031568573,0.920072395
5768,5768,1638557.226908303,6077727.209785538,0.263222997
5769,5769,1640505.939598171,6077718.414752715,0.531675
5770,5770,1640691.429353666,6077733.93187004,-0.691054735
5771,5771,1640856.51475905,6077716.823936596,0.916511115
5772,5772,1640513.835937625,6077698.657048934,1.063422436
5773,5773,1640872.729770513,6077696.824011871,0.900799984
5774,5774,1645797.113075711,6077678.00709494,-0.88499999
5775,5775,1640880.837248966,6077686.824038042,0.889099991
5776,5776,1640709.581395215,6077677.640031523,-0.61692803
5777,5777,1640888.944698056,6077676.824043042,0.883675
5778,5778,1645922.12246817,6077687.272034341,1.073486972
5779,5779,1640897.032344825,6077666.800259141,0.890775007
5780,5780,1646093.925912124,6077626.932884928,-9999.0
5781,5781,1641351.104617384,6077804.311980711,0.728015398
5782,5782,1640906.78297961,6077643.467880369,0.894732489
5783,5783,1645788.756586743,6077638.197566909,-0.88499999
5784,5784,1640529.82651131,6077628.843716753,1.052298226
5785,5785,1646009.597434835,6077599.464231289,1.131742845
5786,5786,1646220.513841816,6077601.315737923,1.33514905
5787,5787,1646899.304643919,6077615.958275408,0.521541044
5788,5788,1645993.367866961,6077589.382416279,1.215137942
5789,5789,1646236.768187654,6077591.268834625,1.270999964
5790,5790,1646989.446317656,6077592.519434748,0.961125776
5791,5791,1640927.173186806,6077614.121347174,0.916394557
5792,5792,1645984.949502867,6077581.162415002,1.168690036
5793,5793,1640756.447181528,6077599.798710813,-0.22446157
5794,5794,1640937.498117743,6077596.898388653,0.917977782
5795,5795,1645976.473643495,6077571.728043131,0.996590164
5796,5796,1646278.640786526,6077572.517494841,1.303182701
5797,5797,1646742.475529605,6077568.720650841,0.761428569
5798,5798,1646888.892171611,6077567.956188831,1.13286714
5799,5799,1646961.839343306,6077567.370106909,0.989284865
5800,5800,1638597.43394767,6077597.518043841,0.409464294
5801,5801,1640945.605457497,6077586.898300186,0.934875004
5802,5802,1645820.986412903,6077563.30942377,0.59901876
5803,5803,1645968.030510893,6077562.167039532,0.956028564
5804,5804,1638605.876476304,6077587.110077267,0.423321432
5805,5805,1645959.665954896,6077552.474222231,1.067523793
5806,5806,1646669.562506596,6077546.21824517,3.971549913
5807,5807,1646709.588387305,6077548.034947467,-0.707066655
5808,5808,1645821.050623188,6077543.178694228,1.160404224
5809,5809,1647134.698665536,6077534.540362556,-0.110492037
5810,5810,1638613.610818567,6077567.559444601,0.596666656
5811,5811,1646645.163331166,6077527.671513741,2.774704108
5812,5812,1646701.33554985,6077528.878220048,-0.675159883
5813,5813,1647156.34355096,6077525.062544266,0.969757779
5814,5814,1640627.299404566,6077548.69850502,1.006703698
5815,5815,1645943.074397438,6077522.832464193,0.845574979
5816,5816,1646636.660256004,6077518.375767315,2.638707707
5817,5817,1646790.960533501,6077517.721408354,0.802561392
5818,5818,1638621.677756328,6077547.59873364,0.59066666
5819,5819,1645934.87057203,6077512.911397886,0.898799998
5820,5820,1646343.653269859,6077534.167861341,1.26245194
5821,5821,1646628.18168755,6077508.893131969,2.560717418
5822,5822,1646660.301715358,6077509.369983217,0.521607148
5823,5823,1646774.440642472,6077508.775287421,0.813964282
5824,5824,1647116.857468552,6077506.982481709,0.868818721
5825,5825,1640847.49958306,6077527.567643466,-0.702311108
5826,5826,1645836.820172135,6077503.654398253,1.242943353
5827,5827,1645926.666764664,6077502.99032411,1.004624993
5828,5828,1645978.036289196,6077507.008072331,1.154010514
5829,5829,1640965.482438911,6077550.626901741,0.89503001
5830,5830,1645918.462975345,6077493.069242863,1.0815333
5831,5831,1646660.364155717,6077489.239116035,0.312999996
5832,5832,1647145.47975111,6077491.683019859,0.869384853
5833,5833,1638629.701734891,6077517.675214984,0.458241376
5834,5834,1647181.922451496,6077476.750980036,1.057821382
5835,5835,1640904.432448124,6077497.419004137,0.093908043
5836,5836,1641014.494165572,6077496.916185949,0.512702337
5837,5837,1645959.292876229,6077473.138173575,1.179581651
5838,5838,1646595.03851375,6077469.652609923,2.956428115
5839,5839,1647108.661430662,6077466.96875111,0.95155834
5840,5840,1641026.677644613,6077486.897432398,0.735659595
5841,5841,1645902.004446883,6077463.264220713,0.974200002
5842,5842,1646717.303715797,6077464.034846613,0.748900002
5843,5843,1647124.914559686,6077456.920223189,0.973191684
5844,5844,1641034.950989489,6077476.692261271,0.466237785
5845,5845,1645784.695277986,6077503.551460047,-0.330771159
5846,5846,1645893.800720637,6077453.343116955,0.939200003
5847,5847,1646382.797980368,6077451.031156642,1.162206909
5848,5848,1646578.629514901,6077449.811647644,2.284093019
5849,5849,1647149.320380476,6077446.828797362,0.996625009
5850,5850,1645877.444299381,6077443.463724583,1.221136368
5851,5851,1647157.420709131,6077436.823077379,0.985145978
5852,5852,1641014.311794396,6077457.06508948,-0.804775009
5853,5853,1645681.192879555,6077440.759785483,-0.377811036
5854,5854,1645771.408173749,6077434.042558124,-0.88499999
5855,5855,1645869.240618318,6077433.542598519,1.29141248
5856,5856,1646504.985504727,6077430.472021716,0.992763641
5857,5857,1646630.18937132,6077460.101733546,0.444182117
5858,5858,1646699.036064383,6077429.792657675,0.326381159
5859,5859,1647173.67372955,6077426.774459491,0.930300008
5860,5860,1645763.204619892,6077424.121336173,-0.643462492
5861,5861,1645861.0369553,6077423.621464982,0.472524999
5862,5862,1646426.653338402,6077457.533955764,1.098451992
5863,5863,1646724.701776552,6077423.576282109,0.470796455
5864,5864,1647182.217492278,6077418.462919814,0.886867928
5865,5865,1641036.805556391,6077442.665429955,-0.795047831
5866,5866,1645844.680624598,6077413.742013318,1.242862502
5867,5867,1646659.94938247,6077409.536382113,-0.036128893
5868,5868,1647198.257929477,6077414.375509434,0.792183317
5869,5869,1647224.363641877,6077476.925118505,0.140826921
5870,5870,1645828.324330171,6077403.862532031,1.104500689
5871,5871,1646443.851517951,6077400.695250344,1.12246248
5872,5872,1646553.912760253,6077400.124373505,0.516700005
5873,5873,1646651.744854912,6077399.61596304,0.523300007
5874,5874,1647214.543335323,6077405.237556194,0.761019222
5875,5875,1641050.839231896,6077422.027207559,-0.795000017
5876,5876,1645661.143730807,6077394.752387892,2.835512484
5877,5877,1645811.968072019,6077393.983021123,0.92647497
5878,5878,1646533.479286779,6077390.267423631,0.693958924
5879,5879,1647230.946417684,6077395.7897653,0.79026531
5880,5880,1647313.824473383,6077387.77407963,0.052369318
5881,5881,1640828.525378995,6077431.468677366,0.973441326
5882,5882,1647254.938288623,6077376.530920215,1.017076936
5883,5883,1647327.572457397,6077375.133722329,-0.15315854
5884,5884,1640834.723747039,6077400.176255529,1.017658759
5885,5885,1645771.146053891,6077382.696245807,-0.88499999
5886,5886,1645795.560962956,6077374.140642615,0.12138637
5887,5887,1647335.867362183,6077365.419254142,-0.12479412
5888,5888,1640846.867396084,6077388.814815369,1.041453692
5889,5889,1641075.137426946,6077387.045496705,-0.795000017
5890,5890,1645918.484344793,6077412.766383464,1.107334251
5891,5891,1647342.793465971,6077355.299473817,-0.218864338
5892,5892,1635067.660435832,6077403.523322875,0.46733333
5893,5893,1638637.474440468,6077390.655819506,0.323726318
5894,5894,1641083.244461278,6077377.045214761,-0.795000017
5895,5895,1646604.547586905,6077369.045607224,0.55217444
5896,5896,1646724.338341973,6077353.836381106,0.839044229
5897,5897,1647352.413346262,6077339.864741145,-0.146333324
5898,5898,1635075.274805719,6077393.391039562,0.328955224
5899,5899,1641091.351358469,6077367.045040308,-0.795000017
5900,5900,1646317.922948935,6077387.373261063,1.128518208
5901,5901,1635091.10525798,6077382.704988186,0.343816459
5902,5902,1645875.117877371,6077334.750701101,1.12610048
5903,5903,1635099.655653314,6077373.515527904,0.132875
5904,5904,1635131.524472716,6077362.694022824,-0.373087718
5905,5905,1647278.434068579,6077306.665187455,1.066132021
5906,5906,1646357.630233795,6077281.584165664,0.770700007
5907,5907,1641107.374727919,6077326.813266202,-0.795000017
5908,5908,1645585.898233805,6077356.234798153,1.187284594
5909,5909,1645612.319379388,6077268.985609852,1.044999987
5910,5910,1646333.069550446,6077261.784907067,0.477849994
5911,5911,1646907.03180227,6077444.519279819,0.839967392
5912,5912,1635123.307286515,6077302.748101294,0.3943
5913,5913,1640457.330192189,6077277.075452341,1.080624938
5914,5914,1641156.087983667,6077275.419290871,0.927260846
5915,5915,1645777.029137805,6077268.026998498,3.396522418
5916,5916,1647423.301601016,6077244.112872809,1.512133312
5917,5917,1640448.383875228,6077267.794142045,1.122999995
5918,5918,1645790.823153562,6077244.644554519,1.749639336
5919,5919,1640677.398530517,6077287.104917862,0.975005902
5920,5920,1641172.438108975,6077256.720564724,0.904058469
5921,5921,1647441.260727094,6077219.031981943,-9999.0
5922,5922,1638595.215770928,6077330.882839981,0.292436493
5923,5923,1640438.559147051,6077240.493994209,1.125804858
5924,5924,1640715.620677778,6077245.345442175,0.903246165
5925,5925,1641188.587565525,6077237.07966107,0.909240968
5926,5926,1646308.35461545,6077212.097017753,-0.84079999
5927,5927,1635163.276800068,6077252.772884239,-0.298588251
5928,5928,1638512.411906731,6077243.709988769,0.559070864
5929,5929,1640772.765599423,6077229.017326071,0.937709668
5930,5930,1645221.243536509,6077206.8411047,1.297500014
5931,5931,1645264.61579491,6077204.213127184,1.114294119
5932,5932,1645357.726499917,6077202.895953724,1.355571406
5933,5933,1645811.556024074,6077278.008340498,-0.130251299
5934,5934,1647301.674201494,6077211.46829183,1.620288484
5935,5935,1635180.137197962,6077242.74362967,-0.706424991
5936,5936,1641196.588938,6077221.887278299,0.970235026
5937,5937,1645187.255227519,6077192.916426002,-9999.0
5938,5938,1645240.109841865,6077197.829218004,1.337263584
5939,5939,1645427.754735034,6077217.141047385,1.121724102
5940,5940,1645415.984610593,6077197.316227527,1.189146799
5941,5941,1635171.956125477,6077232.825261099,0.528332136
5942,5942,1638490.01016691,6077224.163423581,0.422162487
5943,5943,1640422.119428389,6077210.679084608,1.148650032
5944,5944,1645297.126893158,6077187.578233309,1.222142848
5945,5945,1647310.981764158,6077181.954428207,1.368399998
5946,5946,1635188.211409466,6077222.786039686,-0.494700007
5947,5947,1640413.922064506,6077200.753024777,1.178975002
5948,5948,1640797.428895635,6077211.030982855,0.986728243
5949,5949,1641204.709380222,6077197.153473901,0.935416686
5950,5950,1645272.263576377,6077181.950392609,1.283482116
5951,5951,1646276.492827763,6077208.379390952,-0.497998378
5952,5952,1647319.055377366,6077166.967126351,1.309950007
5953,5953,1646092.761191673,6077187.33186157,0.086693334
5954,5954,1646198.039071611,6077162.850620997,-0.872543741
5955,5955,1646342.307368134,6077180.003380824,0.949223636
5956,5956,1646361.088295809,6077162.008952847,1.151718728
5957,5957,1646389.621911424,6077161.861369929,1.09459997
5958,5958,1647327.155259633,6077156.96124426,1.370225012
5959,5959,1640389.374964148,6077180.937613434,1.339199947
5960,5960,1640824.657752697,6077193.364026412,1.003000036
5961,5961,1641098.704785245,6077192.658511521,-0.795000017
5962,5962,1641215.033284088,6077179.930175087,0.940704231
5963,5963,1645174.689169349,6077158.306733376,0.635098205
5964,5964,1646223.482715993,6077167.083130867,-0.737993346
5965,5965,1646405.901050358,6077156.795568516,1.240665605
5966,5966,1640627.518785165,6077179.460410845,0.981605356
5967,5967,1646153.097960674,6077143.15588713,0.433838817
5968,5968,1646422.1543776,6077146.74831218,1.025162512
5969,5969,1640364.827972406,6077161.122135255,1.371025032
5970,5970,1641099.139319008,6077157.785943451,-0.795000017
5971,5971,1641231.24651199,6077159.929570046,0.951047899
5972,5972,1645190.893625632,6077138.298884879,0.57570176
5973,5973,1645508.893095404,6077194.392994813,1.0986916
5974,5974,1646079.50863411,6077133.775635484,1.017368417
5975,5975,1646438.558125852,6077137.72161155,1.002510882
5976,5976,1640340.350627194,6077151.238748907,1.459582287
5977,5977,1645223.787464105,6077128.16992576,1.228601179
5978,5978,1646161.147807879,6077123.188227545,0.993774989
5979,5979,1646454.839493634,6077128.843723491,1.006031265
5980,5980,1635134.986419107,6077163.217184793,0.392606253
5981,5981,1640332.132475223,6077141.3386019,1.477149995
5982,5982,1640629.229568244,6077140.666619258,1.0417636
5983,5983,1641247.45966714,6077139.928934428,0.935439747
5984,5984,1646479.226978724,6077118.028918937,1.018711907
5985,5985,1646620.244250643,6077125.103372292,0.742997427
5986,5986,1640617.417241319,6077130.092277585,1.087602355
5987,5987,1640898.091513911,6077133.101617428,1.006666621
5988,5988,1645240.321065927,6077112.415394925,1.041999981
5989,5989,1646503.613366812,6077107.223484244,0.899685153
5990,5990,1635193.371300936,6077159.6217786,0.808004413
5991,5991,1641263.672749538,6077119.92826824,0.91936888
5992,5992,1646042.253157788,6077119.265792302,1.082242197
5993,5993,1646218.011190148,6077123.274962004,1.115846889
5994,5994,1646527.983075895,6077098.408304842,0.839215993
5995,5995,1646584.641617464,6077105.940787258,0.761443758
5996,5996,1647332.70028802,6077115.854420114,1.515838439
5997,5997,1641277.671923424,6077107.877053869,0.90747168
5998,5998,1645216.627186778,6077108.548940338,0.142856707
5999,5999,1645810.415412805,6077090.116400742,1.375468255
6000,6000,1646560.45606446,6077091.001640885,0.80014071
6001,6001,1638456.047821825,6077109.849160394,0.477837829
6002,6002,1645865.231133846,6077091.067612065,1.095965804
6003,6003,1646580.248120253,6077085.994758777,-9999.0
6004,6004,1645830.719989102,6077075.067969356,0.148746569
6005,6005,1645883.493317015,6077065.039244138,1.021999983
6006,6006,1646005.778855881,6077064.412547969,1.097499954
6007,6007,1634922.791789046,6077104.268758333,0.264075002
6008,6008,1640324.013799566,6077086.583187078,1.894376025
6009,6009,1645851.024506676,6077060.019492403,0.502256251
6010,6010,1640568.502060967,6077102.221352637,1.11524829
6011,6011,1641301.942085387,6077067.186684052,0.841287483
6012,6012,1645867.252776339,6077044.99182071,0.533725002
6013,6013,1646044.565052241,6077058.547651382,1.081134089
6014,6014,1640967.747086015,6077058.875016964,0.937189877
6015,6015,1641310.051855759,6077057.912758235,0.856641492
6016,6016,1645434.961603158,6077037.434335833,1.246636354
6017,6017,1645875.354145329,6077034.987263997,0.098074074
6018,6018,1646030.080406279,6077033.989843778,1.049724092
6019,6019,1645451.215772337,6077027.388846741,1.181445729
6020,6020,1645883.455496121,6077024.982699632,-0.08437779
6021,6021,1645924.051019388,6077024.979156177,0.960833329
6022,6022,1646165.831425417,6077038.95143274,1.058861266
6023,6023,1646201.230360359,6077023.554983611,0.988908062
6024,6024,1640453.957773051,6077041.173215458,1.402699974
6025,6025,1645500.079192749,6077017.17788332,1.130701791
6026,6026,1645899.709152264,6077014.93639197,0.544050001
6027,6027,1641032.900908668,6077028.774332749,0.771109089
6028,6028,1641122.408051775,6077028.159835066,-0.795000017
6029,6029,1640981.533319125,6077038.65455949,0.926971005
6030,6030,1641016.382618894,6077018.682569407,0.891783981
6031,6031,1641048.823635357,6077018.329772235,0.819448536
6032,6032,1641068.346758351,6077037.606576279,0.791048402
6033,6033,1645907.759439318,6076994.968960619,0.396449987
6034,6034,1645923.897910965,6076995.090623694,0.890344813
6035,6035,1640399.327712078,6077092.730828883,1.552257137
6036,6036,1641130.469007439,6077008.196684849,-0.795000017
6037,6037,1645429.584066181,6076998.50431557,0.898930065
6038,6038,1646203.20925542,6077006.666026223,0.986228458
6039,6039,1645944.019510275,6076980.146644835,0.864460832
6040,6040,1641008.635933745,6076989.242991558,0.96985506
6041,6041,1645907.606383674,6076965.080427072,-0.096149985
6042,6042,1641268.920064637,6076977.671419927,0.945666671
6043,6043,1641362.192468339,6076984.115892283,0.600887507
6044,6044,1641441.64660045,6076975.656346906,0.921870944
6045,6045,1647393.954172581,6077142.576591295,1.63468066
6046,6046,1641016.177901286,6076973.850864058,1.034720736
6047,6047,1641386.635470973,6077001.964229221,0.77397169
6048,6048,1641327.923429464,6076963.470132024,0.877116986
6049,6049,1645915.656606164,6076945.112993737,0.73868333
6050,6050,1641390.471304824,6076947.221997147,0.980690892
6051,6051,1641207.595062752,6076938.101280419,-0.795000017
6052,6052,1641421.233356782,6076942.947553827,0.974151539
6053,6053,1641048.703686606,6076919.108679148,1.076781784
6054,6054,1645422.622719913,6076898.389700316,1.051723776
6055,6055,1641268.553085052,6076897.968912466,-0.407917895
6056,6056,1645907.147210636,6076875.414818462,0.318424984
6057,6057,1645923.285467085,6076875.536480491,0.950350888
6058,6058,1641374.485401953,6076887.517588631,0.356588236
6059,6059,1637956.595657052,6076895.593435279,-0.349750769
6060,6060,1645923.183391521,6076855.610787895,0.761228064
6061,6061,1637885.276423533,6076883.016400668,-0.598781331
6062,6062,1638130.369599322,6076882.86923857,-0.388040492
6063,6063,1645898.841981367,6076845.568023437,0.199578109
6064,6064,1637856.703193652,6076873.521295439,-0.599660713
6065,6065,1645116.744936344,6076836.776167248,0.441862067
6066,6066,1645172.72706889,6076843.707305284,1.228107007
6067,6067,1638097.406705546,6076864.484538879,0.238200001
6068,6068,1638125.672787193,6076862.336889122,0.228331171
6069,6069,1645091.85020621,6076826.315373479,1.280999954
6070,6070,1638324.204465251,6076963.866007314,0.37562079
6071,6071,1645070.112578271,6076815.615899081,1.229999979
6072,6072,1645108.099524508,6076819.896882968,1.268438559
6073,6073,1645124.069437282,6076819.81650876,1.092509059
6074,6074,1645228.79906767,6076842.41083088,1.130547369
6075,6075,1645904.607781077,6076821.737742808,0.884056443
6076,6076,1645054.015515,6076805.568130272,1.198666652
6077,6077,1645156.627807007,6076809.689463501,0.681228063
6078,6078,1637811.123608541,6076851.454867977,-0.485373416
6079,6079,1645045.10279557,6076796.854939193,1.172800001
6080,6080,1637770.894591389,6076823.72113645,-0.640384647
6081,6081,1641522.59465929,6076883.655657791,0.949916666
6082,6082,1641610.41623615,6076806.584006838,0.961348827
6083,6083,1645914.814628727,6076780.726025376,0.76945105
6084,6084,1637751.803043886,6076807.1966413,-0.427697679
6085,6085,1645100.446882205,6076787.422012351,1.162139113
6086,6086,1645942.831236737,6076786.174369878,0.787633273
6087,6087,1634543.112703948,6076806.458635752,0.654493157
6088,6088,1634599.641049302,6076811.614864659,0.09225
6089,6089,1641096.895003211,6076849.971021264,1.069731773
6090,6090,1641626.219463116,6076786.618618303,0.893637962
6091,6091,1645058.551856817,6076760.367501502,1.094127271
6092,6092,1641145.951026254,6076777.954985917,1.076874991
6093,6093,1641186.4329168,6076768.100687785,0.991215682
6094,6094,1645026.009589612,6076740.400507997,1.120224965
6095,6095,1637683.981317151,6076778.221278423,-0.489491115
6096,6096,1641259.546829068,6076748.76918389,0.894771911
6097,6097,1641650.959697031,6076752.810737981,0.913554786
6098,6098,1645017.807489985,6076730.478608315,1.144441504
6099,6099,1645938.468763939,6076730.221725153,0.365873875
6100,6100,1641176.788172607,6076759.490577026,0.995285734
6101,6101,1641667.268835614,6076736.715902972,0.815100009
6102,6102,1645331.287787472,6076724.225366372,1.344896568
6103,6103,1637599.366500024,6076744.738469531,-0.233050019
6104,6104,1637615.360625698,6076751.728396808,0.013969321
6105,6105,1641215.291374812,6076734.259302569,0.964498988
6106,6106,1641675.374549972,6076726.715180498,0.800767841
6107,6107,1645172.354887301,6076714.701814673,0.819870299
6108,6108,1645919.930241107,6076723.455701391,0.647735537
6109,6109,1637591.172824715,6076734.809799809,-0.117875033
6110,6110,1637607.476710508,6076734.74146604,0.267933335
6111,6111,1641235.315665842,6076719.046769965,0.936
6112,6112,1641687.557661794,6076717.042391018,0.796176475
6113,6113,1645001.353328935,6076700.671942896,1.424350031
6114,6114,1645942.021389604,6076698.667721677,0.673983192
6115,6115,1646000.526045699,6076705.934661707,0.785995103
6116,6116,1641243.7497199,6076709.564641006,0.913261551
6117,6117,1644993.151292403,6076690.750020694,1.545475031
6118,6118,1645205.103836904,6076689.683649852,1.269772507
6119,6119,1645963.241988342,6076685.828297136,0.676249994
6120,6120,1634549.3210387,6076735.969981821,0.348495411
6121,6121,1637590.92283051,6076715.08935274,0.223274861
6122,6122,1641259.486434918,6076698.753210889,0.873774623
6123,6123,1641712.047913817,6076701.101734561,0.799951916
6124,6124,1644984.949273915,6076680.828091021,1.557775015
6125,6125,1645979.494934643,6076675.781832631,0.781088873
6126,6126,1646012.128568296,6076680.595940659,0.849141684
6127,6127,1634534.436714141,6076717.516410603,0.746521134
6128,6128,1645987.595837869,6076665.777164344,0.880082286
6129,6129,1646020.207595152,6076666.336272212,0.891000008
6130,6130,1641544.711310494,6076677.506350535,0.135160962
6131,6131,1644976.697284278,6076660.943309776,1.394899999
6132,6132,1645136.490664948,6076670.69332524,0.940542876
6133,6133,1641552.817192282,6076667.505859171,-0.040641461
6134,6134,1644968.877448196,6076650.702152531,1.855487206
6135,6135,1641382.174159278,6076658.332264803,0.024187349
6136,6136,1641569.074812236,6076657.467330006,-0.466417722
6137,6137,1645188.548670207,6076639.951630025,0.95106666
6138,6138,1641585.332571962,6076647.429006917,-0.625
6139,6139,1644960.98157487,6076630.676021189,1.669206371
6140,6140,1645180.346478125,6076630.029876704,1.14617499
6141,6141,1645352.420498123,6076670.616927111,1.102621527
6142,6142,1645375.889150423,6076608.389461119,1.233206488
6143,6143,1646020.283110209,6076626.765217742,1.664929246
6144,6144,1641291.966244092,6076623.794997959,0.620129033
6145,6145,1641642.257336427,6076617.275628781,0.926799995
6146,6146,1645163.891949834,6076600.223501639,1.560400008
6147,6147,1645302.256366516,6076589.357853466,1.743737847
6148,6148,1641292.388829082,6076594.30498204,0.649152538
6149,6149,1644990.166939218,6076605.645558579,1.333922197
6150,6150,1644992.175074894,6076572.172398712,1.604200023
6151,6151,1645359.33317255,6076558.657742748,1.374629612
6152,6152,1645372.888148185,6076552.675473928,1.36230923
6153,6153,1641619.971035531,6076586.209264067,0.254630377
6154,6154,1641291.792390539,6076547.786820082,0.238295082
6155,6155,1641680.764296631,6076541.70962265,-0.547966794
6156,6156,1641702.979600051,6076527.325928332,-0.389712499
6157,6157,1645295.013685336,6076517.787895809,1.751154188
6158,6158,1645332.666177529,6076548.083753429,1.787461099
6159,6159,1641719.236915511,6076517.28723014,-0.3520125
6160,6160,1641291.219772115,6076509.306138281,-0.144708329
6161,6161,1641298.731287847,6076499.308491805,0.260545453
6162,6162,1641747.698731333,6076502.210126869,-0.039985363
6163,6163,1645334.31187697,6076480.010299127,2.08622222
6164,6164,1645334.211097216,6076460.084601252,2.324179387
6165,6165,1641768.928301998,6076471.81440056,1.506715389
6166,6166,1634418.976184702,6076468.589001024,0.435624987
6167,6167,1645146.5844442,6076401.048685423,2.263650647
6168,6168,1645154.660915212,6076386.063350739,2.238725013
6169,6169,1645162.73735888,6076371.078002744,2.213900061
6170,6170,1645170.813775094,6076356.092652296,2.254699999
6171,6171,1645260.290416812,6076350.865214564,1.603964278
6172,6172,1634418.59355063,6076368.96111118,0.429825006
6173,6173,1641279.373276802,6076355.630184159,0.412623053
6174,6174,1642154.350459631,6076336.120838895,1.73226334
6175,6175,1641291.140770169,6076331.11573605,0.448192302
6176,6176,1634377.758907772,6076349.191938273,0.451225002
6177,6177,1641306.808292258,6076325.617717222,0.48474667
6178,6178,1645190.433460824,6076321.999034615,2.273003391
6179,6179,1641323.338757833,6076311.809379814,0.375306129
6180,6180,1641339.521563357,6076300.28817122,0.418835688
6181,6181,1641347.407476762,6076289.998759105,0.38348053
6182,6182,1641697.625069229,6076288.442045284,1.35784209
6183,6183,1634247.180635505,6076309.840056564,0.878316653
6184,6184,1642046.038632107,6076284.66470228,2.101360686
6185,6185,1641355.377119618,6076269.948394665,0.418730765
6186,6186,1634215.14887768,6076289.341068119,0.861799995
6187,6187,1634318.228911293,6076292.392423811,0.182292235
6188,6188,1634207.359187015,6076279.074955633,0.865559983
6189,6189,1634300.051612223,6076279.748864016,0.284162501
6190,6190,1634199.694525919,6076268.770207769,0.805250002
6191,6191,1634263.328688188,6076269.200096513,0.314874875
6192,6192,1641363.778933827,6076245.904601054,0.80982625
6193,6193,1641630.861692534,6076299.892579141,1.493834906
6194,6194,1641371.726146117,6076225.687642558,0.593837253
6195,6195,1641379.584304143,6076210.099718416,0.624407091
6196,6196,1641387.807197834,6076200.248933244,0.621506511
6197,6197,1641550.788558215,6076200.790982387,1.39578058
6198,6198,1634127.65772173,6076186.33073472,0.075000007
6199,6199,1634209.776067073,6076172.103032881,0.495454206
6200,6200,1641916.044023402,6076353.617567559,1.518199507
6201,6201,1634270.349828946,6076086.608497824,0.370869164
6202,6202,1634254.418338476,6076070.701700299,0.649380951
6203,6203,1634311.477936259,6076070.483426866,0.228705883
6204,6204,1634270.682982819,6076060.676571414,0.755600008
6205,6205,1634319.59393728,6076061.215866687,0.299895833
6206,6206,1634286.966648926,6076055.632816487,0.539712504
6207,6207,1634303.21216284,6076040.626223823,0.569400002
6208,6208,1634319.476702013,6076030.601009354,0.514822224
6209,6209,1634328.048547572,6076021.975022285,0.522163925
6210,6210,1634344.145451973,6076010.978863362,0.437432437
6211,6211,1634352.61300641,6076001.609084921,0.386935485
6212,6212,1634361.105114211,6075992.591142201,0.364
6213,6213,1634376.612472675,6075980.930370712,0.259108108
6214,6214,1634364.669941417,6076025.293302666,-0.039763452
6215,6215,1634385.075788558,6075971.537207149,0.179623186
6216,6216,1634418.911233354,6075958.402862682,-0.100926197
6217,6217,1634445.003524414,6075933.739540826,-0.282936169
6218,6218,1634460.100037026,6075906.147825874,-0.203168311
6219,6219,1634473.815508645,6075890.527188607,-0.259871803
6220,6220,1634449.774341955,6075887.097918858,0.080184616
6221,6221,1634458.084489491,6075871.343729534,0.26733333
6222,6222,1634465.880674562,6075861.04020303,0.338374997
6223,6223,1634473.776558732,6075850.809407493,0.469999994
6224,6224,1634482.278680543,6075837.654424344,0.292661419
6225,6225,1634498.842601177,6075847.778406492,-0.146481752
6226,6226,1634490.774391791,6075821.636387282,0.240474578
6227,6227,1637692.959818714,6075778.139774526,0.170250001
6228,6228,1634522.760928366,6075777.46765457,1.512414384
6229,6229,1637701.027117844,6075758.179842401,0.322964283
6230,6230,1634531.157563307,6075761.588099062,4.085548288
6231,6231,1637709.094380383,6075738.219902121,0.394719303
6232,6232,1634554.742979056,6075730.844258807,0.556224999
6233,6233,1637717.16160633,6075718.259953684,0.523857134
6234,6234,1634553.569507879,6075775.888680163,-0.196853093
6235,6235,1634562.814110743,6075710.881345052,0.094399992
6236,6236,1637725.186928259,6075688.337045577,0.64357142
6237,6237,1634578.89700548,6075660.9744688,-0.553049992
6238,6238,1637741.997821096,6075628.284065865,0.392978727
6239,6239,1634569.597264228,6075436.843764458,-0.41709908
6240,6240,1634454.907981822,6075213.118893961,0.312625002
6241,6241,1634437.935893799,6075193.258219483,0.191272727
6242,6242,1634422.075950797,6075153.467318539,-0.009049997
6243,6243,1634408.502477202,6075125.312805278,-0.116011545
6244,6244,1634388.48243303,6074969.28148021,0.220036695
6245,6245,1634388.389617617,6074914.68984222,-0.052909093
6246,6246,1634404.537212093,6074874.77597547,-0.096929823
6247,6247,1634396.747717332,6074845.06770185,0.309012346
6248,6248,1634420.722940457,6074844.824897101,0.033157896
6249,6249,1634176.001519284,6074745.927873174,0.199125
6250,6250,1634257.465074206,6074735.653743213,0.1116
6251,6251,1634213.926129252,6074737.248189623,0.229174797
6252,6252,1636792.124402467,6074715.638739834,-9999.0
6253,6253,1636751.332562811,6074705.843301089,-9999.0
6254,6254,1636722.766203459,6074695.997491947,-9999.0
6255,6255,1636702.329818306,6074681.13681115,-0.355703759
6256,6256,1634061.634028926,6074676.622709131,0.498724997
6257,6257,1636639.542236851,6074607.07466919,-0.333221276
6258,6258,1636620.482320856,6074596.786344143,-0.218828777
6259,6259,1636547.050464528,6074577.160111099,-0.824000061
6260,6260,1636526.329413869,6074568.732453119,-0.688540263
6261,6261,1636483.818072308,6074561.816288173,-9999.0
6262,6262,1633954.927393807,6074477.768495642,0.967512501
6263,6263,1633938.589805526,6074467.867445244,1.449246916
6264,6264,1633958.096719173,6074453.84536206,1.021876671
6265,6265,1633946.588684598,6074427.985262538,1.832925891
6266,6266,1633979.021821689,6074428.066603275,0.523684196
6267,6267,1633954.700791914,6074417.991546399,1.789599966
6268,6268,1633962.812881043,6074407.997822629,1.27787083
6269,6269,1634002.749991671,6074338.169082402,0.552415094
6270,6270,1634027.580430576,6074338.215534398,0.264266666
6271,6271,1634043.728546951,6074298.302287921,0.307754386
6272,6272,1634039.559416969,6074272.934280422,-9999.0
6273,6273,1636863.723205029,6074225.817660741,0.516939395
6274,6274,1634076.136822862,6074218.512673185,0.371127278
6275,6275,1636885.670232388,6074212.98930222,0.502408592
6276,6276,1636914.648207927,6074191.376630677,0.460994817
6277,6277,1636667.628663681,6074168.184343504,0.054300001
6278,6278,1636683.927978544,6074168.117598796,0.159224997
6279,6279,1636944.550743583,6074167.25065374,0.433636365
6280,6280,1636952.991873864,6074156.844179937,0.424357143
6281,6281,1634124.580814527,6074128.624058594,0.291228068
6282,6282,1634173.212333112,6074058.69780072,0.257953443
6283,6283,1634166.802513409,6074029.103822558,0.463478257
6284,6284,1634188.998648153,6074022.995260319,0.291801806
6285,6285,1634184.299758036,6073978.947319347,0.479636355
6286,6286,1634197.508248777,6073938.973054552,0.504026302
6287,6287,1637236.571477283,6073837.261737295,0.693703686
6288,6288,1637244.845678777,6073827.059990108,0.669874981
6289,6289,1637255.231947679,6073810.586880236,0.619735447
6290,6290,1637244.745958244,6073797.201363001,0.604624981
6291,6291,1637284.790812665,6073777.078663073,1.453555508
6292,6292,1637301.810176808,6073767.249088202,0.439653789
6293,6293,1637293.451464261,6073757.116484295,1.132599941
6294,6294,1637314.915132026,6073755.595254846,0.605454548
6295,6295,1637325.405691894,6073745.299940761,0.690303033
6296,6296,1637309.666918763,6073737.122969198,0.597777724
6297,6297,1634172.124141073,6073729.719326232,0.768499994
6298,6298,1637325.882405562,6073717.129349642,1.493090852
6299,6299,1637360.341583456,6073718.529781258,0.716258729
6300,6300,1637391.201091999,6073706.689508435,0.955321403
6301,6301,1637340.545443884,6073696.877367754,1.669022487
6302,6302,1637358.313223188,6073677.141927701,1.369925029
6303,6303,1634114.737864771,6073640.271293083,0.975212514
6304,6304,1637387.598126306,6073646.940016086,0.972983486
6305,6305,1634135.452993996,6073636.717663523,0.843909044
6306,6306,1637480.00812637,6073586.761941415,0.926851837
6307,6307,1634148.041477107,6073577.255363748,0.743842165
6308,6308,1634175.085046182,6073549.793805975,0.723284843
6309,6309,1634135.285857528,6073551.082904574,0.860182666
6310,6310,1637541.777277987,6073527.100415282,1.013235843
6311,6311,1634163.533955328,6073532.084886842,0.795706645
6312,6312,1634188.076460043,6073522.252057596,0.76752176
6313,6313,1637378.000884247,6073522.440198247,1.387000084
6314,6314,1637398.67870848,6073494.119542366,1.697879699
6315,6315,1637407.359764674,6073478.453763342,1.33510344
6316,6316,1634237.385219183,6073472.144710047,0.954324305
6317,6317,1634260.91380619,6073450.692940524,0.970509664
6318,6318,1634285.535464024,6073431.323258853,1.080999991
6319,6319,1634301.657849871,6073420.957765939,1.19250001
6320,6320,1634327.658598209,6073411.167450177,1.175994449
6321,6321,1634350.395603239,6073400.701677773,0.824816905
6322,6322,1634366.781181949,6073391.159208852,0.709278691
6323,6323,1634383.116063851,6073381.754806757,0.66909432
6324,6324,1634399.484644005,6073372.342429927,0.587609765
6325,6325,1634432.171060695,6073352.130215427,0.70971429
6326,6326,1637307.840322718,6073338.813741094,-9999.0
6327,6327,1637576.752493717,6073337.280728914,1.028298259
6328,6328,1634448.265538796,6073341.369321603,0.680344825
6329,6329,1634464.348649827,6073330.735743335,0.625205872
6330,6330,1637584.817761366,6073317.320812591,1.010912277
6331,6331,1634488.990621422,6073311.797403157,0.976936189
6332,6332,1634505.116436322,6073301.765023836,0.907647035
6333,6333,1637617.458776984,6073288.225429724,1.007687533
6334,6334,1634521.423215518,6073291.982007467,0.894999982
6335,6335,1634537.000367488,6073286.113238744,0.839240508
6336,6336,1634561.761185097,6073270.330294753,0.955901245
6337,6337,1634578.082841182,6073260.455246056,1.056859174
6338,6338,1634650.950990643,6073259.823075434,0.408392854
6339,6339,1634594.399645152,6073250.607633919,1.095895519
6340,6340,1637579.752142999,6073241.977831349,0.887333353
6341,6341,1634610.705738566,6073240.792065515,0.971587317
6342,6342,1634675.320262347,6073239.802735385,0.380989801
6343,6343,1637588.451290395,6073232.570636458,0.925999999
6344,6344,1634626.997261565,6073231.009312274,0.822058835
6345,6345,1637602.708631009,6073220.810841958,0.951523795
6346,6346,1634643.290188396,6073221.230121855,0.748947374
6347,6347,1634699.689444475,6073219.782341087,0.365373426
6348,6348,1637611.84647063,6073211.720619809,0.931333333
6349,6349,1634659.588400041,6073211.449599206,0.724038483
6350,6350,1637626.429819549,6073200.187431446,0.907882326
6351,6351,1634675.893249418,6073201.667093384,0.666808494
6352,6352,1637635.544523279,6073191.10757504,0.95933332
6353,6353,1634692.206906679,6073191.881846604,0.66531916
6354,6354,1637650.432171587,6073179.437854363,1.004057695
6355,6355,1634716.227972533,6073180.037488845,0.6428
6356,6356,1637659.242521798,6073170.494523622,1.010069011
6357,6357,1634732.549829204,6073170.156806639,0.684027787
6358,6358,1637674.55388305,6073158.711514262,1.009798957
6359,6359,1634748.867738323,6073160.30290859,0.686410241
6360,6360,1634837.986117839,6073159.467311665,0.113090906
6361,6361,1634765.17625895,6073150.480319947,0.686925388
6362,6362,1634854.244786307,6073149.441034751,0.192321416
6363,6363,1637331.633844727,6073141.987011571,-0.076246212
6364,6364,1637698.315130827,6073137.713352882,0.887049994
6365,6365,1634781.489974488,6073140.60790056,0.858515626
6366,6366,1634821.611169463,6073139.605015613,0.643508768
6367,6367,1634862.521026969,6073139.241495099,0.287777777
6368,6368,1637705.827722579,6073127.718679047,0.875309099
6369,6369,1638595.77420229,6073123.524229963,1.449795227
6370,6370,1638623.15290227,6073123.808459057,1.260649998
6371,6371,1638651.673428607,6073123.685382831,1.370699988
6372,6372,1638668.137102378,6073123.409971892,1.429754364
6373,6373,1638693.011216007,6073123.506828906,1.346056603
6374,6374,1634797.735747789,6073130.506642681,1.205312517
6375,6375,1634878.779692473,6073129.215081938,0.310875
6376,6376,1638578.473164082,6073113.786096019,1.211729712
6377,6377,1637323.182849206,6073109.600229093,-0.198069019
6378,6378,1638570.117795847,6073104.089397682,1.280925021
6379,6379,1638635.12377021,6073104.035031457,1.278339275
6380,6380,1638561.90875826,6073094.183302311,1.421852487
6381,6381,1637314.95110414,6073089.708476275,-0.274000056
6382,6382,1637701.864957133,6073090.916618036,0.833333323
6383,6383,1638553.717162285,6073084.255530514,1.924043645
6384,6384,1638146.240491468,6073076.037874212,3.880000041
6385,6385,1638162.540937248,6073076.694880035,2.329776044
6386,6386,1637298.903252551,6073069.440641304,-0.392975663
6387,6387,1638138.049377496,6073066.109725871,3.49547368
6388,6388,1638183.296576189,6073066.497394636,1.147881802
6389,6389,1638129.858281596,6073056.181570036,4.145523697
6390,6390,1638292.622566939,6073045.728172629,1.075742704
6391,6391,1638516.876634723,6073044.56189568,3.647079135
6392,6392,1638366.087056462,6073035.972763948,0.895923087
6393,6393,1638666.237372701,6073034.859874093,1.223243981
6394,6394,1638113.433731463,6073026.362372032,4.42308076
6395,6395,1638334.634441686,6073028.20526695,0.911381611
6396,6396,1638391.081311126,6073025.176100473,0.993941682
6397,6397,1638496.419335336,6073024.72378405,1.696833308
6398,6398,1638574.403810886,6073030.182778238,0.99585142
6399,6399,1638721.786095466,6073027.021027905,1.237603172
6400,6400,1638734.666553642,6073072.374342833,1.406501051
6401,6401,1637265.233603016,6073040.388386991,-0.224520622
6402,6402,1638220.296687658,6073034.112035212,0.90728853
6403,6403,1638398.759274367,6073014.97580487,0.754333987
6404,6404,1638651.221816775,6073019.07529521,1.153268761
6405,6405,1638251.896581105,6073010.827288257,0.967637486
6406,6406,1638349.65863832,6073005.427526405,0.994800006
6407,6407,1638422.828159624,6073004.909493075,1.172674884
6408,6408,1638561.522558227,6073004.517511384,0.81392942
6409,6409,1638700.070511675,6073008.901222009,1.115014255
6410,6410,1638374.14998093,6073000.751745072,0.982883817
6411,6411,1638756.971069574,6072996.566932459,1.415064873
6412,6412,1637703.675155091,6072993.008699478,1.09920001
6413,6413,1638383.908167457,6072988.884465211,0.982166693
6414,6414,1638394.170204903,6072980.186948391,-9999.0
6415,6415,1638407.024741542,6072975.473763474,0.928447356
6416,6416,1638418.562286027,6072960.139440442,-9999.0
6417,6417,1637184.179899143,6072955.547322647,-0.153027262
6418,6418,1637705.500387614,6072948.589682823,1.082517844
6419,6419,1638096.797314531,6072946.728820079,1.067674994
6420,6420,1638431.360271043,6072953.962245663,0.988824768
6421,6421,1638441.725499412,6072938.975750227,1.035857115
6422,6422,1638072.26690886,6072926.907080762,1.213674976
6423,6423,1638458.686238617,6072933.676650896,0.82433897
6424,6424,1637730.580503223,6072918.390577741,1.081274483
6425,6425,1638480.260296955,6072934.524193989,0.95159194
6426,6426,1638047.73661191,6072907.085274554,1.158124986
6427,6427,1637155.133389162,6072923.240002819,-0.1880281
6428,6428,1637738.071872851,6072903.414445123,1.053512487
6429,6429,1637746.157378613,6072888.43579381,1.010400021
6430,6430,1637118.474087508,6072871.338506022,-0.335454543
6431,6431,1637982.379377012,6072867.510618712,1.281946629
6432,6432,1637758.793227989,6072868.827818906,1.008874152
6433,6433,1637966.040159045,6072857.616880586,1.42888744
6434,6434,1637770.437813192,6072849.207691668,1.005291689
6435,6435,1637786.689625987,6072838.449596493,0.844950005
6436,6436,1637664.42087953,6072829.001796971,1.029404744
6437,6437,1637794.799087779,6072829.178792426,0.969846521
6438,6438,1637915.682409318,6072827.665394213,1.036000615
6439,6439,1637874.510946544,6072827.041330892,1.023698607
6440,6440,1637843.436227432,6072808.525086406,0.873024232
6441,6441,1638038.998527675,6072807.696265742,1.006859647
6442,6442,1637914.762869871,6072791.008484792,1.02446807
6443,6443,1637991.452930686,6072796.365061302,0.995255087
6444,6444,1637848.546086198,6072782.620768196,1.087700563
6445,6445,1637823.524400754,6072767.887885569,1.02193749
6446,6446,1637052.83259699,6072762.017062553,-0.329051735
6447,6447,1637036.856517625,6072757.532026806,-0.516341449
6448,6448,1636998.580343288,6072738.78984759,-0.41737426
6449,6449,1637732.901171608,6072661.641427798,0.985783793
6450,6450,1636888.142783051,6072304.193178488,-0.252743618
6451,6451,1636822.191440519,6072117.904324614,-0.329340207
6452,6452,1636792.086524058,6072062.154673149,-0.155384637
6453,6453,1633603.501864232,6071888.718300194,-9999.0
6454,6454,1633603.42704766,6071868.792576886,-9999.0
6455,6455,1636641.460357527,6071757.239343605,0.274933329
6456,6456,1636671.646536933,6071843.723457582,0.297824362
6457,6457,1633699.081702791,6071410.350966529,-9999.0
6458,6458,1633728.281949467,6071397.709865959,-9999.0
6459,6459,1636358.389332492,6071270.204755981,-9999.0
6460,6460,1636052.31419038,6071131.960451979,-9999.0
6461,6461,1635978.952126533,6071122.292729707,-9999.0
6462,6462,1635799.521466161,6071073.197272707,-9999.0
6463,6463,1635791.334777402,6071063.266984415,-9999.0
6464,6464,1635742.334421804,6071033.57387037,-9999.0
6465,6465,1635652.56084773,6070994.079685448,-9999.0
6466,6466,1635489.467559212,6070954.875948736,-9999.0
6467,6467,1635427.774159349,6070915.269467183,-9999.0
6468,6468,1635398.944289966,6070875.53031141,-0.340333391
6469,6469,1635372.199951443,6070819.344414309,-0.042153889
6470,6470,1635381.612602165,6070725.977279349,2.958982148
6471,6471,1635374.537560398,6070686.563143965,3.309977298
6472,6472,1635333.204381936,6070581.880565017,-0.161653592
6473,6473,1635332.83052731,6070487.232884295,0.271140004
6474,6474,1635184.315893197,6070009.592314133,-0.273400056
6475,6475,1635176.072125041,6069984.717075462,-0.207410313
6476,6476,1635167.789206309,6069949.878755456,-0.223521756
6477,6477,1635186.312849201,6069645.829824225,0.283986428
6478,6478,1635182.229113129,6069521.615208567,-0.290122802
6479,6479,1635165.986985256,6069491.585609963,-0.489166727
6480,6480,1635157.763256503,6069471.691823194,-9999.0
6481,6481,1635149.578812565,6069461.76078873,-9999.0
6482,6482,1633478.231153985,6068960.286449544,-0.089877584
6483,6483,1632476.006431657,6068893.682878721,-9999.0
6484,6484,1632574.134568269,6068893.657579211,-9999.0
6485,6485,1632874.891881934,6068890.875385613,1.367333342
6486,6486,1632899.327439196,6068890.783661041,1.128714267
6487,6487,1632915.617088488,6068890.722460723,1.544750039
6488,6488,1632972.728073043,6068891.768261416,1.35278669
6489,6489,1632451.880433598,6068882.154891173,-9999.0
6490,6490,1632785.269642464,6068882.922807212,2.087450004
6491,6491,1632402.912493353,6068860.699229124,1.691727237
6492,6492,1632451.259792318,6068864.215315632,-0.172074122
6493,6493,1632379.643137656,6068848.359354218,1.290090919
6494,6494,1632394.340293982,6068844.291346734,-0.212561408
6495,6495,1633311.995212365,6067738.956330078,0.769807863
6496,6496,1633360.047307723,6067726.645498669,0.443021278
6497,6497,1633448.72599789,6067635.491347954,-0.230629678
6498,6498,1633465.060619024,6067625.688173235,-0.000231905
6499,6499,1633481.379657535,6067615.943602809,0.130888891
6500,6500,1633506.216143614,6067596.446388754,-9999.0
6501,6501,1634979.263943147,6067569.445296211,-0.347000053
6502,6502,1633936.805770527,6067554.265160389,-0.331555613
6503,6503,1633911.740475556,6067543.670918616,0.866063651
6504,6504,1634962.859627328,6067539.620442541,-0.164396276
6505,6505,1633893.427489945,6067536.962967429,0.567224264
6506,6506,1633928.580908248,6067532.917454355,0.897224457
6507,6507,1634036.349913089,6067535.122515291,-0.267000049
6508,6508,1634954.679972762,6067530.41567605,-0.194333391
6509,6509,1634978.941641693,6067529.798745949,1.64133933
6510,6510,1633961.101501703,6067522.857841407,0.501244893
6511,6511,1634156.516357906,6067513.034245051,0.375844387
6512,6512,1634254.212984018,6067502.512318101,-9999.0
6513,6513,1633586.625816236,6067495.398514063,0.128082146
6514,6514,1634184.577971007,6067497.584777744,-0.352000058
6515,6515,1634921.854847524,6067494.541682763,-0.065961841
6516,6516,1633807.714651797,6067494.225016385,-0.228981611
6517,6517,1633611.072680285,6067475.708013634,-0.198222268
6518,6518,1633798.060045177,6067474.360088107,0.368249997
6519,6519,1634238.096648066,6067473.533297203,0.720115904
6520,6520,1634254.095670709,6067471.89716069,0.552775488
6521,6521,1633627.417022471,6067466.329556814,-0.145652221
6522,6522,1633773.589021806,6067463.763060406,0.502399997
6523,6523,1634262.481650391,6067463.379570209,0.957478257
6524,6524,1634881.115354524,6067460.961526696,-0.178823569
6525,6525,1633643.769050411,6067456.989837775,0.299777783
6526,6526,1633659.542053156,6067454.230283795,0.28074508
6527,6527,1634771.137300506,6067451.047467269,-9999.0
6528,6528,1634799.638371677,6067450.589482993,-9999.0
6529,6529,1633676.046939232,6067446.919504872,0.789624988
6530,6530,1634297.492591568,6067450.54808907,0.596623499
6531,6531,1634750.572237576,6067441.021950783,0.006777745
6532,6532,1634848.294379973,6067440.641406869,-0.233600052
6533,6533,1634779.201912956,6067430.743156009,0.215386814
6534,6534,1634343.255735344,6067431.317575336,0.409869524
6535,6535,1634705.870295555,6067420.718162385,0.128859975
6536,6536,1634489.86425236,6067412.142716575,-0.123148992
6537,6537,1634671.304043242,6067418.830937276,-0.397900049
6538,6538,1634693.620535261,6067411.876142557,0.174339584
6539,6539,1634644.5519363,6067401.581272547,-0.200489855
6540,6540,1634555.294455257,6067393.679267836,0.046313681
6541,6541,1634587.672409169,6067390.907516787,-0.043319172
6542,6542,1634672.838741748,6067391.28364594,1.134775673
6543,6543,1634603.939752605,6067384.063609676,0.566878046
