OID,FID_,X,Y,BCE_Rangau
0,0,1626346.04960929,6140312.522956053,-9999.0
1,1,1626692.529654152,6140266.122347381,-0.343035132
2,2,1626434.47652166,6140188.724616922,0.328280361
3,3,1626415.554412933,6140155.35227566,-9999.0
4,4,1627017.249174485,6139769.49371367,-9999.0
5,5,1627067.176547724,6139755.176763576,-9999.0
6,6,1627093.033064046,6139764.323989604,-9999.0
7,7,1627124.242721599,6139735.084019902,-9999.0
8,8,1627049.806050807,6139729.419954823,-9999.0
9,9,1627111.58181071,6139680.434734952,-9999.0
10,10,1627206.153334032,6139675.069433287,-9999.0
11,11,1627136.947582505,6139665.689092168,-9999.0
12,12,1627197.885367977,6139655.170159801,-9999.0
13,13,1627226.783741347,6139654.879955752,-9999.0
14,14,1626975.236073835,6139130.669394137,-9999.0
15,15,1626984.856691051,6139119.670036694,-9999.0
16,16,1626946.65509993,6139119.046396167,-9999.0
17,17,1626925.52319739,6139097.903360339,-9999.0
18,18,1626909.677257981,6139087.988035539,-9999.0
19,19,1626941.910377496,6139087.893209682,-9999.0
20,20,1626925.46458427,6139077.979671782,-9999.0
21,21,1627030.700444729,6139105.501542353,-9999.0
22,22,1627033.254605646,6139048.471449965,-9999.0
23,23,1627245.793437509,6139041.067746461,-9999.0
24,24,1627301.472927229,6139029.940202288,-9999.0
25,25,1625734.486823553,6138862.448034809,-9999.0
26,26,1625766.813056419,6138787.0715625,-9999.0
27,27,1625852.489513114,6138625.915084087,-9999.0
28,28,1627353.212908985,6138576.947713313,-9999.0
29,29,1627333.863782099,6138459.333391751,-9999.0
30,30,1627309.21100637,6138449.445059633,-9999.0
31,31,1627352.110672,6138457.539502157,-9999.0
32,32,1625716.670949284,6138364.401999975,-9999.0
33,33,1627374.793490836,6138366.612329552,-9999.0
34,34,1627395.542453938,6138300.134034774,-9999.0
35,35,1627415.466586348,6138244.703210369,-9999.0
36,36,1625742.520911326,6138240.666351584,-9999.0
37,37,1627363.328947908,6138223.224798499,-9999.0
38,38,1627402.840583565,6138224.387464025,-9999.0
39,39,1625686.021555155,6138209.170231496,-9999.0
40,40,1627436.317781162,6138199.147175454,-9999.0
41,41,1625688.039164593,6138185.543901472,-9999.0
42,42,1627439.727161676,6138180.082139484,-9999.0
43,43,1627456.419508803,6138146.742071377,-9999.0
44,44,1627480.632817964,6138080.135610915,-9999.0
45,45,1625650.967888983,6138075.486225959,-9999.0
46,46,1625920.985770068,6138055.00565738,-9999.0
47,47,1627431.131459897,6138050.602612779,-9999.0
48,48,1625650.298281384,6138050.583282585,-9999.0
49,49,1625706.994441869,6138091.350624276,-9999.0
50,50,1627496.760046989,6138040.443663714,-9999.0
51,51,1627496.700169019,6138020.519947381,-9999.0
52,52,1625691.013219993,6137995.88272065,-9999.0
53,53,1625879.611068034,6137935.579587061,-9999.0
54,54,1626175.041929183,6137924.777193817,-9999.0
55,55,1625633.01259387,6137936.531433488,-9999.0
56,56,1625879.708353489,6137910.470182824,-9999.0
57,57,1627570.373228366,6137900.550540191,-9999.0
58,58,1627580.805216021,6137890.557141632,-9999.0
59,59,1625633.255398971,6137886.463477761,-9999.0
60,60,1626186.016996377,6137891.169646426,-9999.0
61,61,1625863.027691144,6137875.854876465,-9999.0
62,62,1626093.719276864,6137904.358256537,-9999.0
63,63,1627750.721921132,6137830.999615528,-9999.0
64,64,1625769.923104575,6137840.607034765,-9999.0
65,65,1625865.378784494,6137844.467426197,-9999.0
66,66,1627808.124114888,6137815.154369685,-0.509712911
67,67,1625846.591846996,6137808.700420925,-9999.0
68,68,1626028.007641027,6137813.518388525,-9999.0
69,69,1626035.122708727,6137785.709321972,-9999.0
70,70,1627951.581097415,6137759.926429714,-9999.0
71,71,1626067.498460432,6137759.938870796,-9999.0
72,72,1627967.964758174,6137749.914401127,-9999.0
73,73,1626326.957231771,6137745.40255333,-9999.0
74,74,1625593.052886284,6137745.618894477,-9999.0
75,75,1627705.679240345,6137721.407088209,-9999.0
76,76,1627725.598562183,6137720.97057561,-9999.0
77,77,1627746.653921222,6137701.358993334,-9999.0
78,78,1627773.664873659,6137682.912559051,-9999.0
79,79,1625573.074712812,6137660.053038388,-9999.0
80,80,1627774.598730384,6137641.126291092,-9999.0
81,81,1625784.20640493,6137606.47760306,-9999.0
82,82,1627843.704122381,6137595.933104607,-9999.0
83,83,1625657.038701972,6137587.538767772,-9999.0
84,84,1626129.43607374,6137606.609888986,-9999.0
85,85,1628339.701023298,6137568.224772033,-9999.0
86,86,1625792.224892665,6137572.319471367,-9999.0
87,87,1626260.786196908,6137566.277790343,-9999.0
88,88,1626235.23961768,6137556.473462421,-9999.0
89,89,1626219.73122051,6137545.22642743,-9999.0
90,90,1625189.483714018,6137487.661172913,-9999.0
91,91,1625828.734660413,6137491.643764552,-9999.0
92,92,1627733.080757845,6137481.860931183,-9999.0
93,93,1627749.373492476,6137441.963684696,-9999.0
94,94,1628377.727711453,6137444.504557953,-9999.0
95,95,1628516.134268457,6137421.546770266,-9999.0
96,96,1625541.08425244,6137442.869984807,-9999.0
97,97,1625812.463641475,6137407.786610935,-9999.0
98,98,1625533.588653793,6137403.384043783,-9999.0
99,99,1625852.623313869,6137410.363115359,-9999.0
100,100,1626362.421467053,6137375.430256502,-9999.0
101,101,1627804.447684881,6137359.741947992,-9999.0
102,102,1628623.266309716,6137344.427919555,-9999.0
103,103,1627831.077489745,6137322.17193128,-9999.0
104,104,1625598.537901058,6137363.749717913,-9999.0
105,105,1628680.526006472,6137274.584700581,-9999.0
106,106,1625619.777547684,6137283.291694361,-9999.0
107,107,1625525.020544237,6137273.902754652,-9999.0
108,108,1625583.714510229,6137269.843593748,-9999.0
109,109,1628596.911506817,6137283.03517571,-9999.0
110,110,1625857.607401968,6137198.834470314,-9999.0
111,111,1625869.458639956,6137188.258553083,-9999.0
112,112,1625778.990972782,6137178.756328207,-9999.0
113,113,1628256.872994629,6137135.796666186,-9999.0
114,114,1625508.204490877,6137129.501503255,-9999.0
115,115,1628278.292191189,6137111.975125863,-9999.0
116,116,1625869.832960142,6137108.561929299,-9999.0
117,117,1626839.975496169,6137085.782109034,-9999.0
118,118,1628768.019356924,6137081.546053919,-9999.0
119,119,1625869.692077704,6137058.752595625,-9999.0
120,120,1627990.299579243,6137002.698880162,-9999.0
121,121,1625909.787403506,6136999.071712494,-9999.0
122,122,1626081.725313243,6136992.828626898,-9999.0
123,123,1625405.222275846,6136985.33996039,-9999.0
124,124,1625253.195831777,6136971.022369673,-9999.0
125,125,1625469.288612517,6136996.721521213,-9999.0
126,126,1625387.538146805,6136967.629759206,-9999.0
127,127,1627034.541858016,6136940.300697712,-9999.0
128,128,1626830.622371668,6136939.072221616,-9999.0
129,129,1627018.964136307,6136925.016267514,-9999.0
130,130,1627542.524298189,6136884.718995955,-9999.0
131,131,1628864.070708998,6136880.643647323,-9999.0
132,132,1627522.576814016,6136875.193246405,-9999.0
133,133,1628839.86280912,6136858.147056853,-9999.0
134,134,1626812.17779665,6136871.357921014,-9999.0
135,135,1628348.248637177,6136833.905985037,-9999.0
136,136,1628019.653599001,6136826.139821057,-9999.0
137,137,1628154.183022749,6136783.612958428,-9999.0
138,138,1628461.28569754,6136772.324242749,-9999.0
139,139,1626196.352695864,6136768.721911999,-9999.0
140,140,1628157.626581083,6136763.302244123,-9999.0
141,141,1626796.794985761,6136776.847400724,-9999.0
142,142,1626794.672517657,6136715.734005496,-9999.0
143,143,1625359.13237309,6136701.756727307,-9999.0
144,144,1626795.170046757,6136687.699940201,-9999.0
145,145,1628173.238710211,6136691.667064588,-9999.0
146,146,1626590.129700902,6136668.898207814,-9999.0
147,147,1628866.84641281,6136661.931787702,-9999.0
148,148,1625055.396602005,6136662.337555814,-9999.0
149,149,1625012.577294076,6136655.003093253,-9999.0
150,150,1625168.78206842,6136801.812428503,-9999.0
151,151,1626330.088745065,6136658.854399242,-9999.0
152,152,1626628.327887098,6136664.521218547,-9999.0
153,153,1626188.725759667,6136651.053569394,-9999.0
154,154,1626618.33141898,6136637.621802209,-9999.0
155,155,1625317.908845475,6136632.137313231,-9999.0
156,156,1626770.552510451,6136630.532915776,-9999.0
157,157,1628378.393991559,6136627.35975459,-9999.0
158,158,1625658.259846135,6136626.311503679,-9999.0
159,159,1626204.899249667,6136619.472393747,-9999.0
160,160,1626758.191722256,6136612.889204625,-9999.0
161,161,1628140.891441263,6136603.75786309,-9999.0
162,162,1628473.39866353,6136639.022876672,-9999.0
163,163,1626327.332173416,6136599.19634071,-9999.0
164,164,1628153.169805112,6136593.758093552,-9999.0
165,165,1628255.577308715,6136593.64654872,-9999.0
166,166,1628926.143869907,6136598.73939906,-9999.0
167,167,1625108.246387974,6136593.328056617,-9999.0
168,168,1625240.43962214,6136592.879834393,-9999.0
169,169,1626642.455502511,6136604.752898199,-9999.0
170,170,1628345.781697496,6136573.443434944,-9999.0
171,171,1628370.399684132,6136573.367094106,-9999.0
172,172,1628399.718855228,6136573.65225424,-9999.0
173,173,1628497.42281351,6136578.0568974,-9999.0
174,174,1628174.116762623,6136571.659328369,-9999.0
175,175,1628386.749828656,6136553.392397479,-9999.0
176,176,1628514.125667508,6136557.77280628,-9999.0
177,177,1628198.149285529,6136543.80962677,-9999.0
178,178,1628538.666980179,6136533.139901306,-9999.0
179,179,1625091.585544248,6136556.799788394,-9999.0
180,180,1625260.191450322,6136532.677440636,-9999.0
181,181,1626761.879240356,6136528.406029478,-9999.0
182,182,1628616.422415249,6136522.382027704,-9999.0
183,183,1626342.661325235,6136546.151101281,-9999.0
184,184,1628350.297576216,6136514.033728803,-9999.0
185,185,1628194.479661458,6136517.451124545,-9999.0
186,186,1628369.755276216,6136487.918854035,-9999.0
187,187,1628119.969573214,6136484.283908324,-9999.0
188,188,1628212.49713137,6136480.082526686,-9999.0
189,189,1628542.048485118,6136477.420729614,-9999.0
190,190,1628555.197478316,6136457.716760051,-9999.0
191,191,1625020.197307267,6136460.107068408,-9999.0
192,192,1628443.850823379,6136443.633182319,-9999.0
193,193,1628231.008089755,6136461.477841979,-9999.0
194,194,1624929.172703043,6136546.945536157,-0.350320344
195,195,1624842.77560288,6136423.903464084,-9999.0
196,196,1628410.568217349,6136418.058279762,-9999.0
197,197,1628466.140575944,6136484.294960335,-9999.0
198,198,1628123.86664063,6136404.570694036,-9999.0
199,199,1628292.516940147,6136404.6309047,-9999.0
200,200,1628472.27751463,6136408.781547128,-9999.0
201,201,1628569.62890963,6136412.833682934,-9999.0
202,202,1628533.960073919,6136393.54253755,-9999.0
203,203,1628431.95433813,6136384.274455192,-9999.0
204,204,1628542.470106378,6136383.145398443,-9999.0
205,205,1628484.63196769,6136363.81038171,-9999.0
206,206,1626392.311446221,6136367.147491799,-9999.0
207,207,1627338.671511232,6136363.617983866,-9999.0
208,208,1628246.113467384,6136385.800600695,-9999.0
209,209,1628296.185180061,6136369.952742246,-9999.0
210,210,1628017.369720272,6136830.866172529,-9999.0
211,211,1624818.979003871,6136364.446351466,-0.29690716
212,212,1625144.760399151,6136333.756579818,-9999.0
213,213,1626743.58194244,6136393.430731944,-9999.0
214,214,1628476.30206663,6136323.988393667,-9999.0
215,215,1624832.914362874,6136324.64684662,-9999.0
216,216,1624867.947080437,6136330.339912403,-9999.0
217,217,1628588.884718522,6136330.896904424,-9999.0
218,218,1626383.159660118,6136298.52813217,-9999.0
219,219,1626529.808963821,6136290.663146921,-9999.0
220,220,1626640.253207898,6136284.728584027,-9999.0
221,221,1628493.619291788,6136298.676239379,-9999.0
222,222,1628492.52736278,6136264.16594615,-9999.0
223,223,1624702.456865244,6136270.911702685,-9999.0
224,224,1626500.608236254,6136265.634732484,-9999.0
225,225,1628361.388063257,6136259.388347519,-9999.0
226,226,1628324.846577298,6136245.139109313,-9999.0
227,227,1628365.844177556,6136235.050034625,-9999.0
228,228,1629062.158550644,6136240.755512271,-9999.0
229,229,1625087.382182994,6136233.886075559,-9999.0
230,230,1628434.963414803,6136224.497199931,-9999.0
231,231,1628482.215398734,6136235.090211227,-9999.0
232,232,1626537.167469619,6136231.685094752,-9999.0
233,233,1628516.622999401,6136218.488482571,-9999.0
234,234,1628613.940621612,6136243.258345161,-9999.0
235,235,1629058.563725669,6136212.574678862,-9999.0
236,236,1624804.233364699,6136242.673548847,-9999.0
237,237,1625095.197735188,6136214.349320536,-9999.0
238,238,1628656.360756874,6136173.996084956,-9999.0
239,239,1624700.92467022,6136199.138126445,-9999.0
240,240,1624738.741933221,6136175.849050468,-9999.0
241,241,1624840.714163823,6136175.196421008,-9999.0
242,242,1624857.125402397,6136175.151821009,-9999.0
243,243,1625045.854652109,6136174.636803848,-9999.0
244,244,1628664.870443752,6136163.598826342,-9999.0
245,245,1624684.961682272,6136170.432966653,-9999.0
246,246,1624738.688027403,6136155.925297009,-9999.0
247,247,1624987.965842801,6136149.116895607,-9999.0
248,248,1628005.758639242,6136216.845549922,-9999.0
249,249,1624704.281595383,6136146.879262135,-9999.0
250,250,1627987.631708971,6136131.034251286,-9999.0
251,251,1628410.373395029,6136124.953787037,-9999.0
252,252,1628499.088889557,6136172.358843842,-9999.0
253,253,1628500.205211221,6136094.788259545,-9999.0
254,254,1628696.772734437,6136098.381012305,-9999.0
255,255,1628508.714999409,6136084.391145707,-9999.0
256,256,1626587.636547277,6136083.858968683,-9999.0
257,257,1628300.654683376,6136191.302050212,-9999.0
258,258,1628444.148022764,6136065.607057801,-9999.0
259,259,1626579.987380397,6136060.724179651,-9999.0
260,260,1628680.571444567,6136044.414321773,-9999.0
261,261,1624651.635762932,6136046.202799275,-9999.0
262,262,1624668.046768083,6136046.158537357,-9999.0
263,263,1624692.831001206,6136045.887339409,-9999.0
264,264,1628590.27954596,6136034.735118152,-9999.0
265,265,1627999.303327462,6136056.827530889,-9999.0
266,266,1628696.857422548,6136004.515260157,-9999.0
267,267,1624958.812260956,6136052.939822439,-9999.0
268,268,1624913.753576227,6135991.017753894,-9999.0
269,269,1627957.905883313,6135981.126343123,-9999.0
270,270,1628721.348707716,6135964.59039348,-9999.0
271,271,1624913.994691837,6135965.796036649,-9999.0
272,272,1627982.980106709,6135951.732805151,-9999.0
273,273,1624594.110401425,6135951.514890486,-9999.0
274,274,1624584.054022348,6135932.379892855,-9999.0
275,275,1627153.930432122,6135909.608040071,-9999.0
276,276,1624831.723923489,6135886.324218495,-9999.0
277,277,1624856.864316488,6135936.252200994,-9999.0
278,278,1625345.101745594,6135865.367700416,-9999.0
279,279,1624616.444248285,6135863.36628431,-9999.0
280,280,1625356.924195561,6135844.830536539,-9999.0
281,281,1624907.715826205,6136176.250505562,-9999.0
282,282,1624795.406862232,6135839.982626269,-9999.0
283,283,1624795.181656413,6135807.103921254,-9999.0
284,284,1627613.071426013,6135788.689080684,-9999.0
285,285,1624598.332302258,6135813.839024188,-9999.0
286,286,1624774.016459163,6135786.861223136,-9999.0
287,287,1628040.739612058,6135777.699605557,-9999.0
288,288,1627924.987504593,6135770.350347746,-9999.0
289,289,1624757.551964401,6135766.981912781,-9999.0
290,290,1625106.873211583,6135766.40543266,-9999.0
291,291,1626436.095796649,6135752.696469996,-9999.0
292,292,1624737.582904412,6135747.488221342,-9999.0
293,293,1625085.707411414,6135746.163451581,-9999.0
294,294,1626472.560195653,6135742.048513019,-9999.0
295,295,1624905.165098374,6135736.695108763,-9999.0
296,296,1624691.862021127,6135743.680043145,-9999.0
297,297,1624577.083624378,6135722.435755435,-9999.0
298,298,1627924.628925901,6135708.046870543,-9999.0
299,299,1628244.968928776,6135707.062778178,-9999.0
300,300,1625266.280176269,6135705.614046389,-9999.0
301,301,1624564.250026885,6135704.462475773,-9999.0
302,302,1624827.705219642,6135697.434133518,-9999.0
303,303,1626529.625989642,6135700.937611948,-9999.0
304,304,1624675.284337508,6135687.508680897,-9999.0
305,305,1626502.160838081,6135720.060101394,-9999.0
306,306,1624593.973082165,6135677.561532751,-9999.0
307,307,1625028.415278293,6135676.178169169,-9999.0
308,308,1627309.088966006,6135660.096412057,-9999.0
309,309,1624626.641096209,6135682.220654162,-9999.0
310,310,1628452.697113721,6135878.489366495,-9999.0
311,311,1624310.083073976,6135598.625280427,-9999.0
312,312,1624362.561890333,6135604.344393292,-9999.0
313,313,1624465.830199706,6135606.915527671,0.153499955
314,314,1627308.8806556,6135590.363160543,-9999.0
315,315,1628675.469706616,6135591.385016344,-9999.0
316,316,1624256.723532262,6135588.805023868,-9999.0
317,317,1624294.860917039,6135585.887339542,-9999.0
318,318,1624338.580203939,6135578.829784905,-9999.0
319,319,1624359.690861903,6135579.149721191,-9999.0
320,320,1624950.456814978,6135577.556432178,-9999.0
321,321,1624950.402436893,6135557.632659712,-9999.0
322,322,1626410.904450946,6135553.529823756,-9999.0
323,323,1624182.933355487,6135548.731370085,-9999.0
324,324,1624929.237464394,6135537.390314748,-9999.0
325,325,1624043.23399206,6135529.597354413,-9999.0
326,326,1624071.924485619,6135519.211211164,-9999.0
327,327,1624252.331711359,6135534.673628706,-9999.0
328,328,1626430.873657732,6135513.771762009,-9999.0
329,329,1628033.314475796,6135512.547452931,-9999.0
330,330,1628643.165240442,6135570.985810412,-9999.0
331,331,1624013.521960605,6135515.86448726,1.973604137
332,332,1624102.674559002,6135512.007323997,-9999.0
333,333,1624051.360393593,6135499.690063988,-9999.0
334,334,1623938.037856319,6135479.721633757,-9999.0
335,335,1623883.053580606,6135460.283546132,-9999.0
336,336,1628719.904591986,6135451.34788721,-9999.0
337,337,1627301.314774303,6135500.980854539,-9999.0
338,338,1626373.177655914,6135423.552605124,-9999.0
339,339,1623821.414388598,6135421.324534989,-9999.0
340,340,1624182.262013914,6135419.853351379,-9999.0
341,341,1626355.146868963,6135430.577997862,-9999.0
342,342,1629357.903305711,6135394.088549064,-9999.0
343,343,1624092.290639436,6135399.758413617,-9999.0
344,344,1626058.578762764,6135397.889572794,-9999.0
345,345,1627365.690142598,6135380.991602045,-9999.0
346,346,1623780.189849017,6135407.22452172,-9999.0
347,347,1624091.90267623,6135380.244121091,-9999.0
348,348,1624411.867269257,6135369.433277037,-9999.0
349,349,1625995.579881759,6135364.862369006,-9999.0
350,350,1628760.631787139,6135356.580838256,-9999.0
351,351,1624461.069975709,6135359.339786205,-9999.0
352,352,1627464.059390998,6135350.810623239,-9999.0
353,353,1624091.455737784,6135354.566995892,-9999.0
354,354,1624165.66778868,6135350.163541798,-9999.0
355,355,1624375.49005902,6135349.982600971,-9999.0
356,356,1624014.449350379,6135340.97627005,-9999.0
357,357,1624075.387922597,6135340.439808895,-9999.0
358,358,1624465.71703684,6135339.779596166,-9999.0
359,359,1624141.00400614,6135345.213136022,-9999.0
360,360,1624170.315475803,6135330.603505095,-9999.0
361,361,1624354.326846287,6135329.738928409,-9999.0
362,362,1627553.856553134,6135324.861999939,-9999.0
363,363,1624017.901509258,6135320.667123819,-9999.0
364,364,1626561.405486296,6135313.630149628,-9999.0
365,365,1624080.009554593,6135310.917931535,-9999.0
366,366,1624132.74308648,6135310.402697392,-9999.0
367,367,1624354.273763006,6135309.815152284,-9999.0
368,368,1624337.469501613,6135304.105515467,-9999.0
369,369,1624313.196568408,6135290.000585533,-9999.0
370,370,1627553.736438596,6135285.014405354,-9999.0
371,371,1623992.624083038,6135288.994363928,-9999.0
372,372,1627130.050449675,6135276.185163798,-9999.0
373,373,1628211.438491696,6135275.158896477,-9999.0
374,374,1624034.180240524,6135270.814555083,-9999.0
375,375,1624083.40906236,6135270.684983151,-9999.0
376,376,1624296.733965549,6135270.120441016,-9999.0
377,377,1624017.744458064,6135260.895798964,-9999.0
378,378,1624403.369826779,6135259.874413941,-9999.0
379,379,1623705.928011675,6135304.367495554,-9999.0
380,380,1624276.766970196,6135250.625739968,-9999.0
381,381,1623959.898746138,6135233.381292673,-9999.0
382,382,1624258.457537633,6135226.683928553,-9999.0
383,383,1623991.35830447,6135216.485415581,-9999.0
384,384,1624239.141834807,6135210.501589559,-9999.0
385,385,1624017.712754269,6135205.619133401,-9999.0
386,386,1624234.687388959,6135191.0499606,-9999.0
387,387,1624219.185459468,6135179.799530465,-9999.0
388,388,1624197.986220121,6135160.800837132,-9999.0
389,389,1624219.095905319,6135161.121093023,-9999.0
390,390,1624739.496836784,6135159.35122353,-9999.0
391,391,1627238.42917851,6135152.622171234,-9999.0
392,392,1623697.615291155,6135141.983594537,-9999.0
393,393,1623869.745981415,6135141.739999018,-9999.0
394,394,1624181.524099164,6135140.920483924,-9999.0
395,395,1623647.091964174,6135175.753456182,-9999.0
396,396,1623899.008198044,6135122.115784863,-9999.0
397,397,1623943.555055134,6135154.898539361,-9999.0
398,398,1624009.147160312,6135111.489018844,-9999.0
399,399,1624181.076913408,6135115.243352681,-9999.0
400,400,1624156.804723262,6135101.138007531,-9999.0
401,401,1623906.462700204,6135096.18125554,-9999.0
402,402,1623992.685540479,6135091.60832678,-9999.0
403,403,1624140.34279853,6135081.257579461,-9999.0
404,404,1625838.335120155,6135080.822823912,-9999.0
405,405,1624030.151959728,6135071.962148409,-9999.0
406,406,1624329.022868397,6135070.795342572,-9999.0
407,407,1624120.37654769,6135061.762535368,-9999.0
408,408,1624140.290177256,6135061.33379728,-9999.0
409,409,1627164.334288966,6135059.356612815,-9999.0
410,410,1623889.698063419,6135042.528770889,-9999.0
411,411,1624140.237555744,6135041.410014508,-9999.0
412,412,1627660.012161463,6135031.436044198,-9999.0
413,413,1624099.162032813,6135021.594487066,-9999.0
414,414,1624121.026813409,6135034.333847068,-9999.0
415,415,1626081.00560143,6135021.360516782,-9999.0
416,416,1623885.978295936,6135022.178600082,-9999.0
417,417,1624123.723187242,6135001.605771766,-9999.0
418,418,1624340.545632994,6135024.109049776,-9999.0
419,419,1627184.946116592,6134979.409703343,-9999.0
420,420,1628322.43548686,6134964.33494782,-9999.0
421,421,1624353.34476675,6134961.148974737,-9999.0
422,422,1624080.119849965,6134974.01215503,-9999.0
423,423,1624123.591720659,6134951.796309573,-9999.0
424,424,1624369.700697642,6134941.181450408,-9999.0
425,425,1627204.957990806,6134933.558083354,-9999.0
426,426,1624369.647573911,6134921.257662696,-9999.0
427,427,1627213.103185738,6134913.609852222,-9999.0
428,428,1628389.851016196,6134909.654201589,-9999.0
429,429,1624123.460252592,6134901.986843693,-9999.0
430,430,1628324.153252287,6134889.934031289,-9999.0
431,431,1628361.211721348,6134899.795621651,-9999.0
432,432,1627150.882633114,6134883.53276018,-9999.0
433,433,1627273.553301875,6134877.413107492,-9999.0
434,434,1624138.07104901,6134876.887690819,-9999.0
435,435,1625756.066563339,6134867.645935235,-9999.0
436,436,1625944.944372006,6134869.644360218,-9999.0
437,437,1625624.90718177,6134847.886361834,-9999.0
438,438,1625706.782672588,6134847.45213637,-9999.0
439,439,1625928.485308902,6134852.011144483,-9999.0
440,440,1624126.18204854,6134848.479503251,-9999.0
441,441,1625912.034068773,6134837.114836044,-9999.0
442,442,1624185.40717121,6134832.465546246,-9999.0
443,443,1627175.3183249,6134823.688184052,-9999.0
444,444,1628574.770099217,6134819.796043143,-9999.0
445,445,1624167.11973816,6134851.739391353,-9999.0
446,446,1625903.605499618,6134817.419065744,-9999.0
447,447,1624116.467217406,6134802.915857953,-9999.0
448,448,1624351.992230667,6134851.465568942,-9999.0
449,449,1627170.956768655,6134798.899937822,-9999.0
450,450,1623754.283736164,6134783.00168131,-9999.0
451,451,1624238.005843872,6134782.140212247,-9999.0
452,452,1628369.504919865,6134770.62548442,-9999.0
453,453,1624246.519203966,6134771.747068088,-9999.0
454,454,1628323.751904036,6134760.429221797,-9999.0
455,455,1625903.60376366,6134757.442888263,-9999.0
456,456,1628382.626077689,6134750.814764555,-9999.0
457,457,1625813.49542989,6134747.531561926,-9999.0
458,458,1626611.431625779,6134751.547027321,-9999.0
459,459,1623589.757093347,6134743.579987509,-9999.0
460,460,1623864.303915824,6134743.736284692,-9999.0
461,461,1623885.113987835,6134743.221442476,-9999.0
462,462,1623910.255408752,6134747.614581361,-9999.0
463,463,1628656.533204029,6134729.8819665,-9999.0
464,464,1623852.269605101,6134732.936662937,-9999.0
465,465,1624008.152759397,6134732.937088658,-9999.0
466,466,1624234.369478012,6134732.716190528,-9999.0
467,467,1628401.19965325,6134733.170497283,-9999.0
468,468,1628591.722322367,6134722.812885405,-9999.0
469,469,1623868.653294296,6134723.340521141,-9999.0
470,470,1624335.568657428,6134737.660126177,-9999.0
471,471,1628516.997213747,6134710.394413407,-9999.0
472,472,1628565.455368369,6134714.951684022,-9999.0
473,473,1623844.014369613,6134713.442874452,-9999.0
474,474,1623999.89611742,6134713.034845811,-9999.0
475,475,1624024.14085074,6134717.178713019,-9999.0
476,476,1624246.361712743,6134712.384283812,-9999.0
477,477,1625837.828126677,6134707.819177086,-9999.0
478,478,1628578.235650451,6134699.456349887,-9999.0
479,479,1623876.805552441,6134703.395298976,-9999.0
480,480,1625788.405344106,6134697.792490711,-9999.0
481,481,1629634.13676663,6134689.08570431,-9999.0
482,482,1623827.553819017,6134693.561878977,-9999.0
483,483,1624016.252365504,6134693.067948429,-9999.0
484,484,1628586.378922654,6134679.915462185,-9999.0
485,485,1624319.226453516,6134690.413467758,-9999.0
486,486,1629669.155200631,6134672.48446359,-9999.0
487,487,1623832.217265544,6134670.173799795,-9999.0
488,488,1623860.292930012,6134663.590569711,-9999.0
489,489,1628709.012998308,6134649.645012893,-9999.0
490,490,1623770.020186469,6134653.863848857,-9999.0
491,491,1623786.428683469,6134653.821155963,-9999.0
492,492,1623548.479815636,6134644.475423823,-9999.0
493,493,1628684.674152896,6134629.797417725,-9999.0
494,494,1623750.055655929,6134634.367992655,-9999.0
495,495,1623769.968364977,6134633.940056247,-9999.0
496,496,1623786.376826204,6134633.897363258,-9999.0
497,497,1623819.193748905,6134633.811888887,-9999.0
498,498,1626288.668147358,6134627.041853302,-9999.0
499,499,1628676.100856384,6134619.453714512,-9999.0
500,500,1627293.869886247,6134628.871718255,-9999.0
501,501,1628721.024542131,6134614.844000934,-9999.0
502,502,1623769.916543253,6134614.016263049,-9999.0
503,503,1623786.324968705,6134613.973569958,-9999.0
504,504,1623917.566303339,6134603.669067352,-9999.0
505,505,1628708.990551811,6134588.940699756,-9999.0
506,506,1624298.480662162,6134618.707041311,-9999.0
507,507,1627191.015810409,6134584.553627945,-9999.0
508,508,1623720.587837864,6134574.29657798,-9999.0
509,509,1623818.606121827,6134573.837333701,-9999.0
510,510,1627190.926888758,6134554.667903113,-9999.0
511,511,1627272.136789331,6134562.938361305,-9999.0
512,512,1627297.581192521,6134554.349941645,-9999.0
513,513,1623613.830575637,6134534.725203068,-9999.0
514,514,1623680.414173173,6134572.148780398,-9999.0
515,515,1623958.816423095,6134756.468718781,-9999.0
516,516,1623859.902788338,6134514.162108917,-9999.0
517,517,1628577.277387833,6134500.627743216,-9999.0
518,518,1623662.978035015,6134504.712180412,-9999.0
519,519,1627257.835943033,6134507.425126984,-9999.0
520,520,1623831.734260628,6134494.687844566,-9999.0
521,521,1623589.947213242,6134504.221538479,-9999.0
522,522,1627248.118500567,6134474.801573496,-9999.0
523,523,1623557.770897822,6134473.985809209,-9999.0
524,524,1623769.552721963,6134474.14110066,-9999.0
525,525,1624475.052023316,6134452.763455169,-9999.0
526,526,1629757.827921032,6134440.265674602,-9999.0
527,527,1622952.872827223,6134447.21205741,-9999.0
528,528,1623505.310510102,6134436.053345879,-9999.0
529,529,1623538.318487051,6134449.604127707,-9999.0
530,530,1623787.695307005,6134444.169093022,-9999.0
531,531,1623483.731330722,6134416.047082989,-9999.0
532,532,1628670.858464034,6134410.476051529,-9999.0
533,533,1623785.484451377,6134410.071634512,-9999.0
534,534,1623383.757761538,6134395.849330666,-9999.0
535,535,1623474.338420718,6134395.61709171,-9999.0
536,536,1628708.304329352,6134370.506576295,-9999.0
537,537,1623539.245732518,6134386.920302665,-9999.0
538,538,1623572.735208872,6134375.439863929,-9999.0
539,539,1623564.167976818,6134365.091397975,-9999.0
540,540,1629798.031934021,6134351.84482508,-9999.0
541,541,1623478.124902341,6134365.306383969,-9999.0
542,542,1623729.836069129,6134357.149197196,-9999.0
543,543,1628174.783298563,6134342.485404451,-9999.0
544,544,1622842.168306015,6134347.409374054,-9999.0
545,545,1623711.788068813,6134344.785602097,-9999.0
546,546,1628722.347051848,6134347.741842456,-9999.0
547,547,1628791.916789603,6134327.21422419,-9999.0
548,548,1629815.877933223,6134320.848302326,-9999.0
549,549,1625926.805553574,6134319.254066212,-9999.0
550,550,1623694.263911913,6134449.974628733,-9999.0
551,551,1623716.223156608,6134310.541174863,-9999.0
552,552,1626837.721905929,6134296.291532097,-9999.0
553,553,1627104.211980646,6134305.6712676,-9999.0
554,554,1623620.277944705,6134294.682556165,-9999.0
555,555,1623646.02741124,6134295.146169054,-9999.0
556,556,1628313.511576604,6134290.39327136,-9999.0
557,557,1628615.189845921,6134297.163688049,-9999.0
558,558,1623699.508785514,6134290.230932463,-9999.0
559,559,1623728.378352333,6134285.379324354,-9999.0
560,560,1628260.539672432,6134277.571287287,-9999.0
561,561,1628773.455205347,6134270.885807049,-9999.0
562,562,1628801.672163681,6134288.578331683,-9999.0
563,563,1623715.878751288,6134275.594109801,-9999.0
564,564,1625225.41107521,6134276.183995553,-9999.0
565,565,1625496.126437609,6134270.451659081,-9999.0
566,566,1623670.52050422,6134279.480420014,-9999.0
567,567,1623595.225236986,6134297.188501967,-9999.0
568,568,1623646.261841254,6134255.706286361,-9999.0
569,569,1624088.935466241,6134254.550020522,-9999.0
570,570,1628797.972812146,6134240.922519092,-9999.0
571,571,1625816.42488262,6134240.246848127,-9999.0
572,572,1623641.399117673,6134239.758580127,-9999.0
573,573,1623613.87465383,6134225.699837888,-9999.0
574,574,1626621.733915832,6134210.219601675,-9999.0
575,575,1628318.216825411,6134229.291077246,-9999.0
576,576,1627276.598246959,6134196.156754545,-9999.0
577,577,1625803.562199424,6134194.873763791,-9999.0
578,578,1626604.342443818,6134190.363555404,-9999.0
579,579,1627062.86766905,6134196.211808501,-9999.0
580,580,1628723.583791695,6134185.592145471,-9999.0
581,581,1623738.121161552,6134225.832167714,-9999.0
582,582,1623649.73911978,6134189.665867156,-9999.0
583,583,1623975.346071694,6134175.683183236,-9999.0
584,584,1623629.259959905,6134156.130577876,-9999.0
585,585,1627178.003828357,6134146.640528684,-9999.0
586,586,1626564.093161606,6134141.77756472,-9999.0
587,587,1628136.922128215,6134133.860314741,-9999.0
588,588,1628215.157282791,6134133.158585336,-9999.0
589,589,1625845.676725121,6134120.774315459,-9999.0
590,590,1626697.394471538,6134117.386650405,-9999.0
591,591,1627197.826418835,6134116.319371115,-9999.0
592,592,1628823.650481173,6134111.865510201,-9999.0
593,593,1628882.565979741,6134116.785215368,-9999.0
594,594,1628937.02906402,6134110.976952485,-9999.0
595,595,1628978.048007467,6134110.846956046,-9999.0
596,596,1621911.439519465,6134113.385955913,-0.183419668
597,597,1621989.249180075,6134117.336041428,-0.274589036
598,598,1623850.632576841,6134105.745564796,-9999.0
599,599,1627296.21108272,6134095.693383946,-9999.0
600,600,1628957.913832534,6134096.193130733,-9999.0
601,601,1628998.324784849,6134095.943362577,-9999.0
602,602,1623664.662681839,6134134.773298062,-9999.0
603,603,1628908.8192971,6134081.556351937,-9999.0
604,604,1626494.204415559,6134112.192007331,-9999.0
605,605,1626480.986292376,6134078.37269818,-9999.0
606,606,1628948.127339916,6134075.011066919,-9999.0
607,607,1628965.793562974,6134062.940986031,-9999.0
608,608,1623801.306237363,6134066.026298178,-9999.0
609,609,1626196.793627339,6134059.472237132,-9999.0
610,610,1626464.959326689,6134061.81581474,-9999.0
611,611,1628887.617360826,6134051.361176554,-9999.0
612,612,1628981.697451142,6134050.278478124,-9999.0
613,613,1621980.05672699,6134060.62702918,-9999.0
614,614,1627148.396524188,6134046.732346921,-9999.0
615,615,1621751.412802079,6134049.892584577,-9999.0
616,616,1623849.81189376,6134057.851112362,-9999.0
617,617,1621744.983552424,6134039.400997866,-9999.0
618,618,1621988.212487978,6134040.683490695,-9999.0
619,619,1622053.842006355,6134040.525317242,-9999.0
620,620,1624079.785877827,6134039.618285338,-9999.0
621,621,1628961.356246733,6134021.241679435,-9999.0
622,622,1626427.349662324,6134046.885470462,-9999.0
623,623,1626430.666649241,6134023.727421636,-9999.0
624,624,1628859.376470936,6134011.978500792,-9999.0
625,625,1628922.601140186,6134023.117194201,-9999.0
626,626,1621979.960869325,6134020.779428698,-9999.0
627,627,1627181.092866546,6134006.787121687,-9999.0
628,628,1621787.431363929,6134017.65145852,-9999.0
629,629,1621884.632178164,6134016.214290015,-9999.0
630,630,1621917.867514184,6134032.647054086,-9999.0
631,631,1625179.366919575,6134002.56073356,-9999.0
632,632,1625942.308390125,6134000.426370958,-9999.0
633,633,1625971.619163337,6134000.719268428,-9999.0
634,634,1626041.088943577,6134000.145369798,-9999.0
635,635,1626409.917772807,6133999.086723841,-9999.0
636,636,1627238.488964872,6133996.654190209,-9999.0
637,637,1627287.711023273,6133996.507318784,-9999.0
638,638,1628969.099332725,6133995.53865665,-9999.0
639,639,1621758.462924616,6134015.887703806,-9999.0
640,640,1625950.819086986,6133990.031612216,-9999.0
641,641,1626032.519244404,6133989.799199137,-9999.0
642,642,1627189.132641469,6133991.615893922,-9999.0
643,643,1628938.530973318,6133976.141990987,-9999.0
644,644,1629927.659459459,6133972.145974358,-9999.0
645,645,1626041.003765739,6133970.259630496,-9999.0
646,646,1621949.751731922,6133986.73387421,-9999.0
647,647,1623842.038897372,6133956.338391448,-9999.0
648,648,1627248.341815044,6133951.009389567,-9999.0
649,649,1628493.661717008,6133942.083693208,-9999.0
650,650,1626366.089849384,6133948.237512951,-9999.0
651,651,1628844.164651737,6133942.721799158,-9999.0
652,652,1628923.986233287,6133936.786627905,-9999.0
653,653,1624055.616035876,6133935.446022451,-9999.0
654,654,1621792.586890574,6133928.078471493,-0.069915956
655,655,1623633.367042783,6133927.37077814,-9999.0
656,656,1626350.307127688,6133966.544735132,-9999.0
657,657,1629010.230563059,6133911.504368111,-9999.0
658,658,1628988.376178951,6133903.72750889,-9999.0
659,659,1621817.207032826,6133899.051769459,-0.704999983
660,660,1621992.936602306,6133932.757216285,-9999.0
661,661,1626327.904970948,6133890.831259582,-9999.0
662,662,1621702.167668185,6133885.10472566,-0.556395344
663,663,1621724.598726966,6133893.649558106,-0.695016955
664,664,1629948.67286547,6133887.061250106,-0.319450007
665,665,1621945.53574197,6133902.475852711,-0.281936544
666,666,1626294.83051403,6133859.018378591,-9999.0
667,667,1628320.942136143,6133853.894859073,-9999.0
668,668,1628916.294589686,6133869.907232939,-9999.0
669,669,1629001.835924453,6133851.35026885,-9999.0
670,670,1629162.404614595,6133851.623930487,-9999.0
671,671,1629141.265907082,6133841.353183331,-9999.0
672,672,1625851.617000342,6133841.291529476,-9999.0
673,673,1626286.586068524,6133844.827125395,-9999.0
674,674,1621921.120502656,6133859.066753079,-0.683458095
675,675,1623456.161755436,6133837.7935124,-9999.0
676,676,1626272.16195953,6133823.375526536,-9999.0
677,677,1629042.362510392,6133815.989622702,-9999.0
678,678,1621938.464103652,6133821.639975615,-9999.0
679,679,1623956.497801217,6133806.609348095,-9999.0
680,680,1626253.676490381,6133861.176228384,-9999.0
681,681,1622045.037400231,6133791.497561083,-9999.0
682,682,1623505.254694613,6133787.857473566,-9999.0
683,683,1623677.527562618,6133787.412633634,-9999.0
684,684,1623936.534701398,6133787.113882514,-9999.0
685,685,1629966.764836688,6133774.527740328,-0.385277528
686,686,1622053.552303812,6133781.106453054,-9999.0
687,687,1621972.351207629,6133784.763809922,-9999.0
688,688,1623488.79653185,6133767.975853283,-9999.0
689,689,1626204.322141216,6133765.367452682,-9999.0
690,690,1623813.44155045,6133756.304374329,-9999.0
691,691,1627623.96790001,6133750.702836324,-9999.0
692,692,1622012.180034716,6133779.547763449,-9999.0
693,693,1623559.109143651,6133747.001780013,-9999.0
694,694,1626224.953503657,6133755.008946346,-9999.0
695,695,1626327.300224387,6133739.38087853,-9999.0
696,696,1629007.727944199,6133736.857430713,-9999.0
697,697,1627615.227791666,6133731.325712724,-9999.0
698,698,1621911.889806956,6133753.777907208,-9999.0
699,699,1626204.361211441,6133720.334041927,-9999.0
700,700,1625596.888940626,6133692.578840363,-9999.0
701,701,1628348.00854931,6133683.927992643,-9999.0
702,702,1623392.751622532,6133682.637502279,-9999.0
703,703,1625773.803610018,6133672.533625999,-9999.0
704,704,1624948.344320635,6133658.732523737,-9999.0
705,705,1625708.120525744,6133652.794701216,-9999.0
706,706,1625818.576302686,6133642.145048263,-9999.0
707,707,1625658.844411547,6133633.009239899,-9999.0
708,708,1625810.007188393,6133631.798666805,-9999.0
709,709,1628524.949549554,6133628.341283706,-9999.0
710,710,1623370.087515132,6133629.188804932,-9999.0
711,711,1625289.666495688,6133624.076667646,-9999.0
712,712,1627651.537503112,6133637.619816341,-9999.0
713,713,1623348.587516384,6133623.113210096,-9999.0
714,714,1623382.10464036,6133618.411318143,-9999.0
715,715,1625670.495557436,6133612.676350484,-9999.0
716,716,1624842.073527436,6133594.838307335,-9999.0
717,717,1624934.646639153,6133601.050723752,-9999.0
718,718,1627666.963044082,6133600.418015438,-9999.0
719,719,1624817.268879968,6133585.148032731,-9999.0
720,720,1624854.690186787,6133577.505264813,-9999.0
721,721,1624916.380690686,6133573.563916718,-9999.0
722,722,1627639.479530395,6133557.121414465,-9999.0
723,723,1630053.571582304,6133555.860250554,-0.295402329
724,724,1629312.485624445,6133512.058420972,-9999.0
725,725,1629361.673125034,6133501.938427572,-9999.0
726,726,1624893.007560084,6133523.640162668,-9999.0
727,727,1630072.082490217,6133502.715412185,-0.281108739
728,728,1623809.246017158,6133463.55667246,-9999.0
729,729,1624773.277221628,6133435.230228166,-9999.0
730,730,1628730.792920405,6133458.005262206,-9999.0
731,731,1628791.876195069,6133444.206993341,-9999.0
732,732,1623741.855037484,6133432.822032695,-9999.0
733,733,1624794.452952204,6133447.168645887,-9999.0
734,734,1627720.722467726,6133407.444984922,-9999.0
735,735,1628635.541423352,6133404.418824647,-9999.0
736,736,1621921.077049963,6133413.241202783,-9999.0
737,737,1624784.134921491,6133404.989853278,-9999.0
738,738,1625235.141568663,6133404.687418208,-9999.0
739,739,1628893.710136382,6133383.886138366,-9999.0
740,740,1627733.534413854,6133377.896206973,-9999.0
741,741,1628923.352666033,6133391.042116574,-9999.0
742,742,1624763.520098794,6133365.577205066,-9999.0
743,743,1624836.031392875,6133383.992618912,-9999.0
744,744,1625423.335289405,6133368.525196972,-9999.0
745,745,1623783.057473838,6133358.773404618,-9999.0
746,746,1624751.189406433,6133355.997239414,-9999.0
747,747,1625218.779207017,6133359.699322371,-9999.0
748,748,1628782.78217354,6133368.809852585,-9999.0
749,749,1625333.413419008,6133344.643439631,-9999.0
750,750,1625961.088494329,6133332.714862991,-9999.0
751,751,1628929.599375442,6133322.699625283,-9999.0
752,752,1625989.805057877,6133319.138290196,-9999.0
753,753,1626037.492982295,6133321.50184793,-9999.0
754,754,1629401.682436294,6133306.776615714,-9999.0
755,755,1625275.486496867,6133299.201500403,-9999.0
756,756,1627699.681933632,6133293.049351116,-9999.0
757,757,1624726.213172214,6133306.555721335,-9999.0
758,758,1625436.383345383,6133284.961473247,-9999.0
759,759,1625502.861550801,6133287.466051091,-9999.0
760,760,1624726.364419396,6133276.368534816,-9999.0
761,761,1630041.390867055,6133264.847034911,-9999.0
762,762,1623799.830497612,6133274.347041794,-9999.0
763,763,1630138.071905514,6133282.881582966,-0.235209497
764,764,1630041.690680902,6133240.714355448,-9999.0
765,765,1627728.411548553,6133238.067303087,-9999.0
766,766,1629073.839392733,6133223.717769116,-9999.0
767,767,1630045.429100503,6133221.238450482,-9999.0
768,768,1623828.202191099,6133247.36793158,-9999.0
769,769,1629106.587877363,6133203.689404389,-9999.0
770,770,1629114.759100017,6133193.701326956,-9999.0
771,771,1627720.240115357,6133193.058702881,-9999.0
772,772,1630144.834857279,6133211.769332146,-0.27620759
773,773,1627695.724575087,6133168.432315066,-9999.0
774,774,1629598.104196254,6133166.673714766,-9999.0
775,775,1624663.228072921,6133185.220964122,-9999.0
776,776,1627687.322600458,6133158.291465726,-9999.0
777,777,1625305.053213307,6133176.40453239,-9999.0
778,778,1627724.641900723,6133137.589437054,-9999.0
779,779,1624648.059429911,6133137.112259574,-9999.0
780,780,1625249.11559225,6133143.745071156,-9999.0
781,781,1625718.369226398,6133134.365701004,-9999.0
782,782,1625168.747935117,6133125.934681529,-9999.0
783,783,1625341.008493175,6133125.458403665,-9999.0
784,784,1625272.111584586,6133120.860147834,-9999.0
785,785,1625303.896424788,6133120.684056097,-9999.0
786,786,1629350.749818396,6133065.695997071,-9999.0
787,787,1625152.150145584,6133056.24640748,-9999.0
788,788,1623208.214456685,6133046.776970313,-9999.0
789,789,1629339.427882114,6133018.954824774,-9999.0
790,790,1627649.46033048,6132999.678562217,-9999.0
791,791,1629630.899674779,6132992.800744072,-9999.0
792,792,1629799.488640073,6132992.832738081,-9999.0
793,793,1629319.145757681,6132978.86372056,-9999.0
794,794,1629647.240581399,6132972.823627332,-9999.0
795,795,1630188.175123245,6132973.250649039,-0.343000054
796,796,1629331.401932655,6132963.881301675,-9999.0
797,797,1629409.160599368,6132963.835563518,-9999.0
798,798,1630122.800930016,6132961.509874339,-9999.0
799,799,1623232.462596129,6132971.673043555,-9999.0
800,800,1625082.008349619,6132971.866058538,-9999.0
801,801,1629306.777667924,6132958.979326729,-9999.0
802,802,1629671.784169242,6132952.819836452,-9999.0
803,803,1630201.920086007,6132954.361588164,-0.082882397
804,804,1623209.362359569,6132972.423488081,-9999.0
805,805,1629351.844807952,6132943.891547442,-9999.0
806,806,1624594.035390569,6132937.813687254,-9999.0
807,807,1625299.469802747,6132936.29552584,-9999.0
808,808,1629381.947752878,6132926.916822771,-9999.0
809,809,1629650.866353426,6132931.52818943,-9999.0
810,810,1629690.313764527,6132912.911431477,-9999.0
811,811,1623215.930518731,6132921.905158693,-9999.0
812,812,1625484.482964135,6132936.096717969,-9999.0
813,813,1629376.324875016,6132903.964672313,-9999.0
814,814,1629392.730289778,6132903.911892647,-9999.0
815,815,1629336.841968783,6132914.008815256,-9999.0
816,816,1629523.773850623,6132893.731493684,-9999.0
817,817,1623232.285221397,6132901.939603681,-9999.0
818,818,1625469.526709548,6132898.520509437,-9999.0
819,819,1629269.628165559,6132885.111153443,-9999.0
820,820,1629294.236235047,6132885.03226003,-9999.0
821,821,1630151.846870387,6132882.093789705,-9999.0
822,822,1622165.864394938,6132874.295401005,-9999.0
823,823,1625006.607759872,6132871.44103647,-9999.0
824,824,1629445.871245196,6132848.949478135,-9999.0
825,825,1625405.855691104,6132846.342186278,-9999.0
826,826,1625445.233959736,6132863.455392006,-9999.0
827,827,1629290.448272533,6132841.220494555,-9999.0
828,828,1622256.021640919,6132844.598818035,-9999.0
829,829,1627874.819016688,6132829.17863174,-9999.0
830,830,1627534.209552428,6132825.334574353,-9999.0
831,831,1627854.879976603,6132819.653602615,-9999.0
832,832,1629474.46802952,6132813.990077596,-9999.0
833,833,1629408.125107047,6132843.657023098,-9999.0
834,834,1629449.844087313,6132809.088482051,-9999.0
835,835,1629581.251948995,6132808.405786089,-9999.0
836,836,1630245.776196441,6132865.172642125,-0.222333382
837,837,1623248.436990859,6132802.278646979,-9999.0
838,838,1629470.2863551,6132789.098455985,-9999.0
839,839,1627874.53235139,6132774.184044004,-9999.0
840,840,1624683.808627883,6132768.626140714,-9999.0
841,841,1625385.322936473,6132776.460947425,-9999.0
842,842,1629491.832778969,6132763.008104204,-9999.0
843,843,1625249.939210192,6132761.893223532,-9999.0
844,844,1628817.870334029,6132746.555439309,-9999.0
845,845,1629507.055596932,6132744.878546067,-9999.0
846,846,1630291.323524315,6132748.007018521,-0.230391348
847,847,1629533.563676822,6132741.490554763,-9999.0
848,848,1630212.240444983,6132722.125179754,-9999.0
849,849,1628829.012486662,6132728.7163955,-9999.0
850,850,1629675.575161007,6132713.05358148,-9999.0
851,851,1624967.258595897,6132718.421823949,-9999.0
852,852,1628817.744600387,6132706.7076745,-9999.0
853,853,1624978.910084152,6132698.089791148,-9999.0
854,854,1625069.303222811,6132696.909798114,-9999.0
855,855,1625253.522277423,6132702.419355746,-9999.0
856,856,1629665.411777002,6132687.297797192,-9999.0
857,857,1622395.435144044,6132694.419735978,-9999.0
858,858,1628930.13896441,6132672.678809403,-9999.0
859,859,1630187.433880419,6132662.026273563,-9999.0
860,860,1621955.076130145,6132675.437274279,-0.095954547
861,861,1624373.29289099,6132660.408308124,-9999.0
862,862,1628814.38730972,6133713.325420266,-9999.0
863,863,1623194.568039949,6132658.07056425,-9999.0
864,864,1624338.588053827,6132644.254249793,-9999.0
865,865,1625233.203809831,6132642.395409501,-9999.0
866,866,1629776.525073421,6132635.810969559,-9999.0
867,867,1622350.373722427,6132640.030763213,-9999.0
868,868,1623181.967405652,6132617.377419719,-9999.0
869,869,1630277.430139278,6132591.993955152,-9999.0
870,870,1630295.885232666,6132600.673868174,-9999.0
871,871,1624310.712609452,6132590.687086878,-9999.0
872,872,1625241.087177149,6132587.786889549,-9999.0
873,873,1630325.114608261,6132644.026545338,-0.22052117
874,874,1622391.32748983,6132585.632770146,-9999.0
875,875,1624010.701141535,6132581.142620868,-9999.0
876,876,1624281.379971695,6132580.426957334,-9999.0
877,877,1622279.924712017,6132555.643117947,-9999.0
878,878,1630391.12432799,6132532.636916133,-0.239961083
879,879,1622298.948544967,6132540.460435634,-9999.0
880,880,1630416.448122304,6132512.37179551,-0.258428614
881,881,1626471.580615407,6132514.16034985,-9999.0
882,882,1624183.101989376,6132510.545141241,-9999.0
883,883,1625015.942816782,6132515.220333998,-9999.0
884,884,1626438.040207312,6132508.911680551,-9999.0
885,885,1624912.746590755,6132499.030428708,-9999.0
886,886,1624988.37179549,6132493.633441354,-9999.0
887,887,1625031.326494369,6132479.242641792,-9999.0
888,888,1625257.370333229,6132482.936481485,-9999.0
889,889,1625351.683031426,6132477.694147362,-9999.0
890,890,1629702.840033669,6132464.782741114,-9999.0
891,891,1625019.293745183,6132468.444529652,-9999.0
892,892,1625339.951355349,6132467.764699284,-9999.0
893,893,1625351.197572451,6132457.191005342,-9999.0
894,894,1624875.528759753,6132454.406625142,-9999.0
895,895,1630408.139692455,6132432.575305437,-9999.0
896,896,1622000.960292119,6132451.514338382,-9999.0
897,897,1624272.806890203,6132440.981750868,-9999.0
898,898,1629932.374250538,6132424.185061621,-9999.0
899,899,1630358.859716096,6132412.815142257,-9999.0
900,900,1622000.300876744,6132426.610968792,-9999.0
901,901,1624859.81234145,6132419.854800124,-9999.0
902,902,1621992.674060178,6132416.667359023,-9999.0
903,903,1623345.874803744,6132413.512479952,-9999.0
904,904,1624080.546358361,6132402.018917603,-9999.0
905,905,1624884.364793131,6132399.86391553,-9999.0
906,906,1625003.357148325,6132403.418951772,-9999.0
907,907,1630383.001957095,6132387.056273952,-0.529000044
908,908,1630442.959756969,6132432.983863518,-0.283133378
909,909,1624051.944226779,6132397.101947797,-9999.0
910,910,1624994.468741275,6132388.816449125,-9999.0
911,911,1623912.086140232,6132381.752823129,-9999.0
912,912,1630305.232007348,6132462.299748701,-9999.0
913,913,1626713.375188824,6132364.81068265,-9999.0
914,914,1623337.704448664,6132379.16110258,-9999.0
915,915,1625177.715855589,6132365.107278682,-9999.0
916,916,1628373.861497763,6132349.259807946,-9999.0
917,917,1629645.212188386,6132347.958019789,-9999.0
918,918,1630334.021261024,6132343.163249173,-9999.0
919,919,1630381.478244081,6132348.850324345,-0.537181854
920,920,1621885.877928044,6132347.190060482,-9999.0
921,921,1626725.329611863,6132334.513462498,-9999.0
922,922,1629657.458083777,6132330.238204164,-9999.0
923,923,1629710.588593411,6132325.288768036,-9999.0
924,924,1623936.563275861,6132332.287298812,-9999.0
925,925,1625106.487075617,6132332.21180945,-9999.0
926,926,1626716.760672432,6132324.167912785,-9999.0
927,927,1622030.535000951,6132393.939247271,-9999.0
928,928,1623875.319096282,6132321.616546962,-9999.0
929,929,1623927.997520425,6132321.939150608,-9999.0
930,930,1624834.934673743,6132320.302421308,-9999.0
931,931,1630478.537560373,6132328.758402796,-0.32700004
932,932,1622046.177997909,6132317.498980943,-9999.0
933,933,1626778.515215176,6132328.969173359,-9999.0
934,934,1629583.509248434,6132290.629839695,-9999.0
935,935,1629630.478710223,6132308.465409499,-9999.0
936,936,1629741.424743775,6132301.277196567,-9999.0
937,937,1624838.356700666,6132290.030923522,-9999.0
938,938,1624858.690307505,6132295.060364897,-9999.0
939,939,1621850.652924696,6132308.088856743,-9999.0
940,940,1624042.723856511,6132282.198405758,-9999.0
941,941,1621856.573511378,6132276.945898646,-9999.0
942,942,1626692.636656991,6132288.337525193,-9999.0
943,943,1629751.372345677,6132255.421587813,-9999.0
944,944,1630423.397157455,6132261.316117678,-0.529000044
945,945,1621929.328867288,6132294.226605468,-9999.0
946,946,1623928.084154155,6132276.009747713,-9999.0
947,947,1629611.538393561,6132250.121658082,-9999.0
948,948,1621828.08071383,6132257.874854418,-9999.0
949,949,1624813.642027401,6132250.250082186,-9999.0
950,950,1621910.245408607,6132247.511796562,-9999.0
951,951,1622997.451036038,6132245.418884601,-9999.0
952,952,1623099.378345218,6132244.376850706,-9999.0
953,953,1623928.126176017,6132242.651410264,-9999.0
954,954,1624439.197985815,6132247.569549377,-9999.0
955,955,1625143.172362325,6132239.916870292,-9999.0
956,956,1626757.510011631,6132234.798964429,-9999.0
957,957,1630398.104661519,6132276.152171487,-0.530302368
958,958,1621836.235157737,6132237.931391907,-9999.0
959,959,1623047.626787881,6132244.711286468,-9999.0
960,960,1621796.889092525,6132245.528056389,-9999.0
961,961,1623099.328978461,6132224.861585514,-9999.0
962,962,1625138.140301929,6132219.852670225,-9999.0
963,963,1630491.339174429,6132225.248032302,-0.417599098
964,964,1621819.414331586,6132222.255209399,-9999.0
965,965,1628578.556935192,6132213.347378577,-0.219047663
966,966,1621872.653746866,6132216.895269658,-9999.0
967,967,1623086.676305202,6132205.430076028,-9999.0
968,968,1626647.263326982,6132195.649412176,-9999.0
969,969,1629652.720374168,6132186.00807366,-9999.0
970,970,1622217.235237656,6132197.624885612,-9999.0
971,971,1623074.646233636,6132194.629411696,-9999.0
972,972,1623263.020566029,6132222.373884518,-9999.0
973,973,1624702.580241343,6132195.863926439,-9999.0
974,974,1625018.5306501,6132189.918963067,-9999.0
975,975,1626805.691111542,6132200.230517597,-9999.0
976,976,1622131.387981585,6132187.002291027,-9999.0
977,977,1624780.644404652,6132180.605628425,-9999.0
978,978,1628766.834823131,6132168.917787892,-9999.0
979,979,1621795.153030999,6132191.875052662,-9999.0
980,980,1621860.865989903,6132177.896257017,-9999.0
981,981,1623054.689549365,6132175.540595518,-9999.0
982,982,1623090.632467502,6132179.281190122,-9999.0
983,983,1624789.154695272,6132170.211921796,-9999.0
984,984,1625059.486182574,6132169.882635707,-9999.0
985,985,1630446.34466614,6132182.300143462,-0.532533098
986,986,1621778.81018794,6132163.149361604,-9999.0
987,987,1621825.212548384,6132171.004503114,-9999.0
988,988,1622147.720536427,6132157.485328179,-9999.0
989,989,1622206.796697254,6132172.368054126,-9999.0
990,990,1625233.587642683,6132150.323901004,-9999.0
991,991,1621816.150482158,6132147.452461858,-9999.0
992,992,1625215.240991679,6132139.159221986,-9999.0
993,993,1622144.168858926,6132137.946133914,-9999.0
994,994,1625009.797291106,6132134.378405621,-9999.0
995,995,1623041.66315207,6132125.387336295,-9999.0
996,996,1624243.760011013,6132116.781443539,-9999.0
997,997,1624358.693193457,6132118.516932751,-9999.0
998,998,1624386.760630811,6132111.932015536,-9999.0
999,999,1624706.080000517,6132119.182339644,-9999.0
1000,1000,1625231.899942777,6132109.635759999,-9999.0
1001,1001,1626691.514723336,6132105.485754858,-9999.0
1002,1002,1623800.891649914,6132103.892086388,-9999.0
1003,1003,1624665.781781329,6132105.997253342,-9999.0
1004,1004,1625219.867436379,6132098.837902666,-9999.0
1005,1005,1622110.36755631,6132098.264407928,-9999.0
1006,1006,1626687.635692891,6132168.859839675,-9999.0
1007,1007,1621784.024607327,6132103.318095572,-0.795000017
1008,1008,1622138.789752007,6132095.881780505,-9999.0
1009,1009,1625244.38163097,6132080.091384184,-9999.0
1010,1010,1630439.72013761,6132063.873690601,-9999.0
1011,1011,1628623.395221682,6132073.213665162,-9999.0
1012,1012,1628651.661086577,6132059.2887751,-9999.0
1013,1013,1624599.877635378,6132061.550304582,-9999.0
1014,1014,1624829.531533775,6132060.928701248,-9999.0
1015,1015,1621766.687742771,6132059.15788829,-0.795000017
1016,1016,1623328.528658887,6132044.962965962,-9999.0
1017,1017,1628660.106915554,6132029.784722428,-9999.0
1018,1018,1623804.149863,6132031.117190154,-9999.0
1019,1019,1624606.095026575,6132034.885141399,-9999.0
1020,1020,1623792.026041508,6132013.676703332,-9999.0
1021,1021,1621628.72833631,6132013.664211212,-0.764411307
1022,1022,1621829.280214862,6132013.016964299,-0.795000017
1023,1023,1621881.903592889,6132012.631317497,-0.249666716
1024,1024,1623779.697280662,6132003.746819803,-9999.0
1025,1025,1624161.514249393,6132003.324917451,-9999.0
1026,1026,1622029.608186303,6132011.045838255,-9999.0
1027,1027,1623213.57537754,6131995.4459472,-9999.0
1028,1028,1628734.197973951,6131979.537312298,-9999.0
1029,1029,1621673.203516726,6132174.279322831,-0.283442883
1030,1030,1622050.481100062,6131998.375393551,-9999.0
1031,1031,1622101.773254658,6131988.315694891,-9999.0
1032,1032,1622664.336832465,6131976.493201507,-9999.0
1033,1033,1623947.417323454,6131978.711532471,-9999.0
1034,1034,1625129.356118019,6131977.117977651,-9999.0
1035,1035,1628631.355639491,6131990.161974567,-9999.0
1036,1036,1628651.686177447,6131960.076803068,-9999.0
1037,1037,1621863.133863031,6131988.283646969,-0.260711548
1038,1038,1623203.687998368,6131966.253096169,-9999.0
1039,1039,1624306.976466246,6131978.054900622,-9999.0
1040,1040,1625190.141432184,6131960.320829804,-9999.0
1041,1041,1628708.731438323,6131949.935568068,-9999.0
1042,1042,1623222.011256537,6131955.167904255,-9999.0
1043,1043,1623172.071231966,6131949.948962017,-9999.0
1044,1044,1628643.265026427,6131943.815986229,-9999.0
1045,1045,1623988.321869239,6131938.756137188,-9999.0
1046,1046,1628330.004298771,6131928.093461821,-9999.0
1047,1047,1623894.147219415,6131923.956296713,-9999.0
1048,1048,1623943.358005327,6131923.827381842,-9999.0
1049,1049,1630532.614265656,6132032.344094632,-0.477463123
1050,1050,1625280.223726229,6131910.261774427,-9999.0
1051,1051,1625313.030895127,6131910.170879988,-9999.0
1052,1052,1625292.236334347,6131899.481717546,-9999.0
1053,1053,1628159.023435359,6131891.875152393,-9999.0
1054,1054,1621744.836654569,6131903.64957937,-0.769065022
1055,1055,1624763.089117093,6131895.962518282,-9999.0
1056,1056,1628297.382750827,6131893.111571993,-9999.0
1057,1057,1623947.952088237,6131884.343476761,-9999.0
1058,1058,1621613.061544121,6131907.244394502,-0.769065022
1059,1059,1622674.915878828,6131918.973371548,-9999.0
1060,1060,1624054.548754111,6131874.10125711,-9999.0
1061,1061,1625321.122178641,6131870.300370833,-9999.0
1062,1062,1628276.386586572,6131866.894593501,-9999.0
1063,1063,1621704.293595734,6131869.448207742,-0.769065022
1064,1064,1621712.471644208,6131859.466775632,-0.769065022
1065,1065,1622737.520299927,6131857.175903184,-9999.0
1066,1066,1621671.75634766,6131870.482964369,-0.768698424
1067,1067,1622666.557616147,6131853.661996814,-9999.0
1068,1068,1623771.093406371,6131849.358156078,-9999.0
1069,1069,1625212.412815178,6131850.325214199,-9999.0
1070,1070,1624427.024239455,6131832.888138642,-9999.0
1071,1071,1628249.194785458,6131821.658059152,-9999.0
1072,1072,1623472.949502975,6131828.494915482,-9999.0
1073,1073,1623943.096766364,6131824.208003893,-9999.0
1074,1074,1624435.534601453,6131822.494756659,-9999.0
1075,1075,1624591.212844905,6131827.262083799,-9999.0
1076,1076,1624826.795684115,6131821.643522569,-9999.0
1077,1077,1622153.586441132,6131875.741912303,-9999.0
1078,1078,1622776.244609167,6131820.140199157,-0.295666715
1079,1079,1628240.962297416,6131811.721594286,-9999.0
1080,1080,1625127.694273221,6131807.436651886,-9999.0
1081,1081,1629741.947701775,6131776.864771939,-9999.0
1082,1082,1621627.241033519,6131784.604593086,-0.745000005
1083,1083,1621881.089097772,6131776.584326296,0.378999995
1084,1084,1622507.243663894,6131777.846205242,-9999.0
1085,1085,1623508.445680972,6131775.323170817,-9999.0
1086,1086,1628225.118331036,6131775.723055847,-0.41476475
1087,1087,1628628.069374992,6131847.479628137,-9999.0
1088,1088,1629754.448181689,6131757.684682408,-9999.0
1089,1089,1622204.188713533,6131768.421967844,-9999.0
1090,1090,1625136.878711883,6131761.6034432,-9999.0
1091,1091,1625227.09695019,6131761.354607935,-9999.0
1092,1092,1621868.065906032,6131759.475537213,-0.745000005
1093,1093,1623145.024508854,6131763.721340828,-9999.0
1094,1094,1628166.764232717,6131742.420568627,-9999.0
1095,1095,1628546.706396798,6131784.598549621,-9999.0
1096,1096,1620846.422055395,6131754.872339635,-0.202359203
1097,1097,1620985.535632466,6131754.340086903,-0.242727772
1098,1098,1622158.46112406,6131775.531676877,-9999.0
1099,1099,1623385.511875437,6131745.548568297,-9999.0
1100,1100,1623888.137645022,6131754.172021055,-9999.0
1101,1101,1624454.169798238,6131756.212045512,-9999.0
1102,1102,1624767.750078221,6131742.688237993,-9999.0
1103,1103,1625271.734597322,6131745.70766063,-9999.0
1104,1104,1628606.119585538,6131731.468665496,-9999.0
1105,1105,1621554.736250414,6131746.76149017,-0.745000005
1106,1106,1622462.400932982,6131769.108203962,-9999.0
1107,1107,1625123.896247349,6131731.376953815,-9999.0
1108,1108,1625239.05547427,6131731.059330852,-9999.0
1109,1109,1628478.725775858,6131726.938523956,-9999.0
1110,1110,1621716.640616177,6131744.466199905,-0.745000005
1111,1111,1621769.574961787,6131729.824939376,-0.745000005
1112,1112,1623399.443093985,6131725.793162378,-9999.0
1113,1113,1625227.023453171,6131720.261479637,-9999.0
1114,1114,1625316.435498947,6131725.967849202,-9999.0
1115,1115,1628133.499365231,6131716.844591714,-9999.0
1116,1116,1629741.569231699,6131712.316865277,-9999.0
1117,1117,1629885.54665641,6131706.200905386,-9999.0
1118,1118,1629906.761114302,6131713.149992615,-9999.0
1119,1119,1621578.941381966,6131726.805890858,-0.745000005
1120,1120,1621604.440691458,6131741.06785839,-0.745000005
1121,1121,1621634.236540465,6131725.165645082,-0.745000005
1122,1122,1623868.994909468,6131714.819948655,-9999.0
1123,1123,1625206.193943815,6131711.226075301,-9999.0
1124,1124,1627207.050561478,6131705.074167807,-9999.0
1125,1125,1628502.541812394,6131705.737889381,-9999.0
1126,1126,1621052.307887445,6131717.676276077,-0.476061055
1127,1127,1622327.068294273,6131708.758928,-9999.0
1128,1128,1623573.891785466,6131710.4013856,-9999.0
1129,1129,1624356.792154379,6131708.654391753,-9999.0
1130,1130,1625140.525051455,6131691.074503256,-9999.0
1131,1131,1625193.426713106,6131695.684305715,-9999.0
1132,1132,1628609.466444845,6131681.271742927,-9999.0
1133,1133,1620979.547721656,6131710.282967881,-0.564741122
1134,1134,1621170.762388355,6131690.429798955,-0.705001509
1135,1135,1622220.030175087,6131693.303653775,-9999.0
1136,1136,1622720.695386995,6131687.863830848,-9999.0
1137,1137,1624718.378417116,6131683.049946393,-9999.0
1138,1138,1625273.836220348,6131687.048497821,-9999.0
1139,1139,1628129.472038247,6131677.885995983,-9999.0
1140,1140,1620772.355304641,6131688.806861768,-0.150919847
1141,1141,1622184.451851595,6131686.541332109,-9999.0
1142,1142,1624360.985196837,6131673.67239217,-9999.0
1143,1143,1625345.174352473,6131670.993227672,-9999.0
1144,1144,1630143.101160612,6131656.412938489,-9999.0
1145,1145,1620876.76840807,6131672.872702,-0.649878405
1146,1146,1621055.729091201,6131671.931526463,-0.349543855
1147,1147,1622732.209815952,6131670.4754308,-0.319923119
1148,1148,1624492.364686028,6131668.13557649,-9999.0
1149,1149,1625357.186566646,6131660.213079284,-9999.0
1150,1150,1628188.054964232,6131669.867097563,-0.296447957
1151,1151,1629815.004992282,6131647.528231659,-9999.0
1152,1152,1629905.668091569,6131650.44537048,-9999.0
1153,1153,1622400.986213861,6131690.358125255,-9999.0
1154,1154,1623811.595414995,6131654.993486489,-9999.0
1155,1155,1628068.038086337,6131643.104133262,-9999.0
1156,1156,1628576.169361447,6131645.735413989,-9999.0
1157,1157,1629786.433348296,6131637.106517779,-9999.0
1158,1158,1620829.048804506,6131655.848462271,-0.59232212
1159,1159,1624360.537570971,6131647.99513556,-9999.0
1160,1160,1624470.381838603,6131648.821780043,-9999.0
1161,1161,1624513.168036001,6131647.847645245,-9999.0
1162,1162,1625337.055443775,6131640.197379129,-9999.0
1163,1163,1629802.80511036,6131627.439628707,-9999.0
1164,1164,1629882.027889261,6131627.915173219,-9999.0
1165,1165,1622093.775368724,6131659.518238639,-9999.0
1166,1166,1624390.690332602,6131633.540720213,-9999.0
1167,1167,1620986.094242233,6131638.466597905,-0.29437984
1168,1168,1621039.234145909,6131632.121610073,-0.704999983
1169,1169,1621231.886974267,6131636.174366058,-0.622329984
1170,1170,1621747.518827006,6131654.463500093,-0.743844286
1171,1171,1623792.347852705,6131633.061584702,-9999.0
1172,1172,1624328.046167645,6131623.950158998,-9999.0
1173,1173,1624455.767589325,6131623.985088364,-9999.0
1174,1174,1624554.322557216,6131628.934141617,-9999.0
1175,1175,1625281.965394555,6131629.604316996,-9999.0
1176,1176,1627023.102086069,6131615.162757486,-9999.0
1177,1177,1628059.927542469,6131618.019624098,-9999.0
1178,1178,1628166.825719462,6131622.043770883,-9999.0
1179,1179,1620720.525489869,6131621.987283609,-0.63521382
1180,1180,1620776.930495641,6131622.556039281,-0.087738161
1181,1181,1620957.19605439,6131622.348312784,-0.704999983
1182,1182,1621886.071346652,6131707.142457952,-0.426967069
1183,1183,1622290.684570466,6131630.032132371,-9999.0
1184,1184,1624360.824616669,6131613.492142112,-9999.0
1185,1185,1628158.899354629,6131602.77183982,-9999.0
1186,1186,1628479.267140812,6131643.608234365,-9999.0
1187,1187,1628532.754738149,6131604.881496765,-9999.0
1188,1188,1627276.190008098,6131598.055736577,-9999.0
1189,1189,1627319.041165759,6131601.891076652,-9999.0
1190,1190,1629955.711220386,6131587.825428063,-9999.0
1191,1191,1620752.840585089,6131608.236970594,-0.314227713
1192,1192,1623117.961244079,6131613.959647297,-9999.0
1193,1193,1623647.241821442,6131595.852918635,-9999.0
1194,1194,1623688.249330004,6131595.746609105,-9999.0
1195,1195,1624331.895284212,6131599.138635254,-9999.0
1196,1196,1624459.190585767,6131593.713706862,-9999.0
1197,1197,1626542.709604064,6131587.893932439,-9999.0
1198,1198,1628075.689671083,6131587.515914579,-9999.0
1199,1199,1628576.348209733,6131581.754922005,-9999.0
1200,1200,1620949.862249003,6131593.874426908,-0.704999983
1201,1201,1620999.681624552,6131595.090022088,-0.704999983
1202,1202,1623146.924999804,6131587.173123579,-9999.0
1203,1203,1624439.299637678,6131590.314966015,-9999.0
1204,1204,1628511.503401773,6131580.169227776,-9999.0
1205,1205,1621023.051851259,6131581.94035878,-0.704999983
1206,1206,1623110.173357125,6131582.080929956,-9999.0
1207,1207,1623656.865441528,6131576.434168142,-9999.0
1208,1208,1623749.876426317,6131575.458179479,-9999.0
1209,1209,1624020.955426519,6131575.329423225,-9999.0
1210,1210,1625192.116168622,6131574.864367866,-9999.0
1211,1211,1626607.560377252,6131571.988685381,-9999.0
1212,1212,1627268.745172855,6131566.206305559,-9999.0
1213,1213,1627309.752641514,6131566.083728244,-9999.0
1214,1214,1628075.994565805,6131563.383273441,-9999.0
1215,1215,1624360.324919193,6131568.299591694,-9999.0
1216,1216,1624414.641854351,6131570.45691093,-9999.0
1217,1217,1625227.573441997,6131578.503148468,-9999.0
1218,1218,1626989.096631903,6131561.783885307,-9999.0
1219,1219,1621416.011413982,6131562.608740814,-0.625168735
1220,1220,1621686.58132893,6131581.005571214,-0.720063473
1221,1221,1623697.82114541,6131556.40393168,-9999.0
1222,1222,1623737.522396234,6131555.566294134,-9999.0
1223,1223,1626554.493292101,6131557.346066043,-9999.0
1224,1224,1626657.076800201,6131547.303967855,-9999.0
1225,1225,1630011.482724681,6131537.301707407,-9999.0
1226,1226,1621017.990817761,6131560.78641797,-0.704999983
1227,1227,1621781.053281463,6131859.204255506,-0.764945156
1228,1228,1623729.295037033,6131545.625673288,-9999.0
1229,1229,1624368.841091085,6131544.145245214,-9999.0
1230,1230,1625274.930936725,6131546.766451794,-9999.0
1231,1231,1627017.814958917,6131550.231001154,-9999.0
1232,1232,1628009.924711967,6131537.90767585,-9999.0
1233,1233,1628080.601237056,6131533.859123088,-9999.0
1234,1234,1628112.639376554,6131538.469147196,-9999.0
1235,1235,1621104.806629287,6131542.108193479,-0.704999983
1236,1236,1623130.02737495,6131541.613515001,-9999.0
1237,1237,1623721.067695691,6131535.685044978,-9999.0
1238,1238,1624404.268425421,6131539.486306795,-9999.0
1239,1239,1625358.087287387,6131539.943145914,-9999.0
1240,1240,1626870.257675953,6131527.163530258,-9999.0
1241,1241,1626994.801995197,6131525.683806106,-9999.0
1242,1242,1627280.330525578,6131525.947356666,-9999.0
1243,1243,1623650.98954162,6131531.193923989,-9999.0
1244,1244,1625311.586303629,6131525.863662631,-9999.0
1245,1245,1626494.958139691,6131535.2816557,-9999.0
1246,1246,1620740.343642104,6131540.596252806,-0.333885517
1247,1247,1621500.457060137,6131528.190810968,-0.704999983
1248,1248,1621588.656534547,6131526.033784783,-0.581680472
1249,1249,1623081.439810646,6131543.672212908,-9999.0
1250,1250,1626515.033212867,6131511.572810639,-9999.0
1251,1251,1626910.839526709,6131511.327517186,-9999.0
1252,1252,1629969.979200774,6131501.797380074,-9999.0
1253,1253,1621130.7802378,6131515.502278447,-0.704999983
1254,1254,1621745.488580866,6131534.09557987,-0.712385092
1255,1255,1622654.637779135,6131508.711994205,-9999.0
1256,1256,1622731.165482188,6131565.686766208,-0.226756411
1257,1257,1623699.830766258,6131516.871327214,-9999.0
1258,1258,1628129.901680592,6131500.611827869,-9999.0
1259,1259,1628567.8661341,6131492.122968883,-9999.0
1260,1260,1620657.140470617,6131508.220638579,-0.432779537
1261,1261,1623113.523587335,6131501.807296154,-9999.0
1262,1262,1623712.93146902,6131496.062441564,-9999.0
1263,1263,1626776.465195762,6131494.100975924,-9999.0
1264,1264,1627277.468027353,6131498.904880379,-9999.0
1265,1265,1621714.281965925,6131496.401088282,-0.704999983
1266,1266,1621834.639717811,6131500.543856505,-0.477887025
1267,1267,1622101.29810745,6131496.470253129,-9999.0
1268,1268,1622126.869819798,6131530.183799855,-0.261584728
1269,1269,1623031.484309494,6131492.052631624,-9999.0
1270,1270,1624119.275303214,6131738.699507763,-9999.0
1271,1271,1625377.597231011,6131495.177468656,-9999.0
1272,1272,1626549.889167665,6131482.498266013,-9999.0
1273,1273,1627018.660493087,6131492.750123432,-9999.0
1274,1274,1623089.573798295,6131477.736306915,-9999.0
1275,1275,1623691.741750079,6131479.242609854,-9999.0
1276,1276,1623811.127726093,6131475.678531031,-9999.0
1277,1277,1626853.85458661,6131469.972229126,-9999.0
1278,1278,1627002.778118727,6131467.530480395,-9999.0
1279,1279,1621162.717456526,6131477.900822935,-0.704999983
1280,1280,1621774.151855755,6131494.592806494,-0.705989358
1281,1281,1622703.37855609,6131472.950489302,-9999.0
1282,1282,1625369.197744066,6131461.724007944,-9999.0
1283,1283,1626507.653620193,6131469.600754503,-9999.0
1284,1284,1626582.648683484,6131473.902115984,-9999.0
1285,1285,1626763.434310815,6131457.743051785,-9999.0
1286,1286,1620697.706035425,6131469.999307842,-0.45313203
1287,1287,1623802.55986438,6131462.415620584,-9999.0
1288,1288,1626771.941676944,6131447.347469261,-9999.0
1289,1289,1627001.245266514,6131447.080733064,-9999.0
1290,1290,1629912.738508545,6131438.005075992,-9999.0
1291,1291,1621760.540776805,6131451.11498737,-0.704999983
1292,1292,1623782.774991013,6131446.446870132,-9999.0
1293,1293,1625258.252382245,6131447.192375007,-9999.0
1294,1294,1625291.869423227,6131448.524532923,-9999.0
1295,1295,1627037.951509088,6131442.094840161,-9999.0
1296,1296,1629412.421438628,6131429.668663104,-9999.0
1297,1297,1629793.257677584,6131536.358047897,-9999.0
1298,1298,1629921.242297221,6131427.606536138,-9999.0
1299,1299,1623594.117783539,6131436.974395229,-9999.0
1300,1300,1626509.104341011,6131428.599008786,-9999.0
1301,1301,1626960.179500941,6131427.278020243,-9999.0
1302,1302,1628015.622704682,6131435.079977657,-9999.0
1303,1303,1629761.54568352,6131418.951259595,-9999.0
1304,1304,1629883.70420786,6131417.391247809,-9999.0
1305,1305,1621756.560317414,6131430.996184889,-0.704999983
1306,1306,1621785.264964428,6131430.927804331,-0.374924983
1307,1307,1622680.335709055,6131444.743630373,-9999.0
1308,1308,1622715.911494336,6131449.018932612,-0.233074455
1309,1309,1623008.034868984,6131434.797820661,-9999.0
1310,1310,1623761.622051019,6131426.201763076,-9999.0
1311,1311,1627114.404041243,6131421.110585708,-9999.0
1312,1312,1629404.922766293,6131409.564387079,-9999.0
1313,1313,1622632.232128841,6131418.905253399,-9999.0
1314,1314,1622990.238497742,6131418.010680174,-9999.0
1315,1315,1623640.052768693,6131442.875689724,-9999.0
1316,1316,1626659.935340228,6131444.346277987,-9999.0
1317,1317,1626893.088477446,6131446.469612143,-9999.0
1318,1318,1627370.188153193,6131406.133869131,-9999.0
1319,1319,1629785.189389527,6131399.034321926,-9999.0
1320,1320,1621204.218193899,6131421.201884042,-0.704999983
1321,1321,1622703.302030539,6131414.268260602,-9999.0
1322,1322,1623745.167527831,6131406.320554495,-9999.0
1323,1323,1623974.80482787,6131405.720359887,-9999.0
1324,1324,1627304.547554414,6131396.368390337,-9999.0
1325,1325,1629818.092184286,6131393.589159351,-9999.0
1326,1326,1629851.664426347,6131388.770804786,-9999.0
1327,1327,1620602.286372494,6131420.516961173,-0.61500001
1328,1328,1620638.511976504,6131411.31383468,-0.606968263
1329,1329,1623415.369793717,6131402.035755504,-9999.0
1330,1330,1626541.42708509,6131392.864542287,-9999.0
1331,1331,1626578.529195518,6131393.633784431,-9999.0
1332,1332,1626680.849766187,6131392.458119731,-9999.0
1333,1333,1629871.535955971,6131378.367562042,-9999.0
1334,1334,1621494.453322363,6131392.349579208,-0.704999983
1335,1335,1623725.210074353,6131386.824587856,-9999.0
1336,1336,1625213.320871086,6131382.983373553,-9999.0
1337,1337,1626464.450203771,6131379.294553638,-9999.0
1338,1338,1626517.343088876,6131383.541611971,-9999.0
1339,1339,1627084.354125818,6131388.554973319,-9999.0
1340,1340,1627943.76529904,6131380.20601891,-9999.0
1341,1341,1628075.250023649,6131427.628356501,-9999.0
1342,1342,1629781.288718798,6131368.700352254,-9999.0
1343,1343,1629898.991666996,6131385.215006168,-9999.0
1344,1344,1621714.28365635,6131395.694948221,-0.704999983
1345,1345,1626553.761183229,6131371.740412498,-9999.0
1346,1346,1626708.96381262,6131375.898053409,-9999.0
1347,1347,1623725.15829371,6131366.900698849,-9999.0
1348,1348,1623757.193512748,6131371.52599231,-9999.0
1349,1349,1623839.585465816,6131380.965158149,-9999.0
1350,1350,1627378.907065888,6131375.323786698,-9999.0
1351,1351,1621254.199823788,6131375.401230071,-0.704999983
1352,1352,1621281.293367312,6131371.042921974,-0.704999983
1353,1353,1621384.399604938,6131488.790879168,-0.701638216
1354,1354,1621572.832778674,6131375.864144402,-0.704999983
1355,1355,1621645.474652627,6131367.960322288,-0.704999983
1356,1356,1625102.015888369,6131355.670781101,-9999.0
1357,1357,1626770.947589136,6131352.346189155,-9999.0
1358,1358,1626794.08209588,6131417.13443103,-9999.0
1359,1359,1629781.191220962,6131338.814457211,-9999.0
1360,1360,1621482.995482915,6131363.919217284,-0.704999983
1361,1361,1626610.070264791,6131348.087506743,-9999.0
1362,1362,1626659.582429967,6131348.987918925,-9999.0
1363,1363,1626734.977121738,6131338.658133368,-9999.0
1364,1364,1625234.11455944,6131332.968239202,-9999.0
1365,1365,1627010.960260523,6131351.144832181,-9999.0
1366,1366,1627303.972469071,6131330.843396027,-9999.0
1367,1367,1622642.762824916,6131334.518731482,-9999.0
1368,1368,1622734.61671729,6131342.189970538,-0.10937249
1369,1369,1622952.941571402,6131351.946585201,-0.483000044
1370,1370,1623678.66939391,6131350.926772096,-9999.0
1371,1371,1625114.740612744,6131323.482966171,-9999.0
1372,1372,1626566.195004232,6131318.850632926,-9999.0
1373,1373,1627374.617778884,6131316.838342432,-9999.0
1374,1374,1629843.567964757,6131325.936419384,-9999.0
1375,1375,1623515.299289817,6131317.257475547,-9999.0
1376,1376,1626434.94587708,6131309.269611561,-9999.0
1377,1377,1626517.294841254,6131309.030772382,-9999.0
1378,1378,1627082.845354949,6131307.370419167,-9999.0
1379,1379,1623601.984312906,6131307.44792029,-9999.0
1380,1380,1623646.493499317,6131306.95656671,-9999.0
1381,1381,1623740.635466031,6131311.796993831,-9999.0
1382,1382,1625299.641919652,6131302.900789669,-9999.0
1383,1383,1626504.795246065,6131298.900733485,-9999.0
1384,1384,1628015.495330406,6131312.173439878,-0.481349359
1385,1385,1621423.654425996,6131310.519929012,-0.704999983
1386,1386,1621535.348183442,6131310.788288448,-0.704999983
1387,1387,1624309.642301311,6131298.933249303,-9999.0
1388,1388,1626533.303067534,6131289.060179796,-9999.0
1389,1389,1626649.594312912,6131289.251624849,-9999.0
1390,1390,1626809.831017887,6131311.138848191,-9999.0
1391,1391,1623626.536473262,6131287.460383742,-9999.0
1392,1392,1626462.543220646,6131294.560553128,-9999.0
1393,1393,1626500.756161984,6131281.471205949,-9999.0
1394,1394,1626578.181154366,6131308.633703152,-9999.0
1395,1395,1627133.796565345,6131282.104636482,-9999.0
1396,1396,1623181.82465826,6131284.534028674,-9999.0
1397,1397,1626702.011301177,6131275.154192117,-9999.0
1398,1398,1627895.82936872,6131288.962546264,-9999.0
1399,1399,1623318.34204193,6131267.952661447,-9999.0
1400,1400,1623605.384247289,6131267.214913671,-9999.0
1401,1401,1624356.39237479,6131265.618160211,-9999.0
1402,1402,1624376.2977215,6131265.188860336,-9999.0
1403,1403,1627097.912762065,6131258.219175763,-9999.0
1404,1404,1627995.352997601,6131275.306983284,-9999.0
1405,1405,1623408.161455678,6131261.968357054,-9999.0
1406,1406,1624318.862725815,6131255.380032273,-9999.0
1407,1407,1624388.740561343,6131254.989304805,-9999.0
1408,1408,1626619.934077821,6131248.090719592,-9999.0
1409,1409,1626746.418579511,6131248.590083143,-9999.0
1410,1410,1627878.185155151,6131245.203847827,-9999.0
1411,1411,1628498.93136101,6131420.26664916,-9999.0
1412,1412,1622774.438507409,6131247.51764871,-0.112043471
1413,1413,1622965.820303756,6131253.699047568,-9999.0
1414,1414,1624187.617147696,6131245.766717606,-9999.0
1415,1415,1624216.918978489,6131246.065197052,-9999.0
1416,1416,1624236.824286637,6131245.636201099,-9999.0
1417,1417,1624400.416392647,6131244.996084664,-9999.0
1418,1418,1624421.532031966,6131249.920629123,-9999.0
1419,1419,1624458.9862131,6131250.389468835,-9999.0
1420,1420,1625037.038100071,6131243.852658674,-9999.0
1421,1421,1626664.377426832,6131238.868054274,-9999.0
1422,1422,1627439.988379373,6131236.945695846,-9999.0
1423,1423,1623320.891029856,6131242.133126265,-9999.0
1424,1424,1624392.787920731,6131235.054454093,-9999.0
1425,1425,1626574.135268253,6131229.169167509,-9999.0
1426,1426,1626955.657048757,6131227.497621452,-9999.0
1427,1427,1627009.068257801,6131236.063846091,-9999.0
1428,1428,1622894.080198141,6131242.70225706,-0.435554426
1429,1429,1623486.065084826,6131228.135115106,-9999.0
1430,1430,1623671.058227068,6131226.992492945,-9999.0
1431,1431,1624384.391394622,6131224.910567332,-9999.0
1432,1432,1626501.769518761,6131219.947707934,-9999.0
1433,1433,1626644.919701364,6131251.37608955,-9999.0
1434,1434,1627136.084219179,6131227.311661041,-9999.0
1435,1435,1627509.039494047,6131216.029001061,-9999.0
1436,1436,1623474.035812379,6131217.334965562,-9999.0
1437,1437,1623654.630071585,6131217.073072284,-9999.0
1438,1438,1622648.007878897,6131259.702779001,-9999.0
1439,1439,1622798.749222438,6131216.303346775,-0.255975271
1440,1440,1623646.403104397,6131207.132373827,-9999.0
1441,1441,1623728.414629746,6131206.919559499,-9999.0
1442,1442,1624314.458225193,6131223.4311945,-9999.0
1443,1443,1627241.332467604,6131220.394628728,-9999.0
1444,1444,1627444.030232123,6131200.965428043,-9999.0
1445,1445,1627958.635596213,6131209.528008102,-9999.0
1446,1446,1628462.174919557,6131226.25332138,-9999.0
1447,1447,1629202.258524189,6131190.469011993,-9999.0
1448,1448,1625042.200332176,6131213.591002312,-9999.0
1449,1449,1625077.751442828,6131219.196948157,-9999.0
1450,1450,1626725.942438336,6131198.865472491,-9999.0
1451,1451,1627902.813188543,6131196.396195397,-9999.0
1452,1452,1629387.183068121,6131180.493955246,-9999.0
1453,1453,1624335.415597213,6131185.601783267,-9999.0
1454,1454,1625118.88554704,6131183.85564536,-9999.0
1455,1455,1627070.653585632,6131237.518783864,-9999.0
1456,1456,1627927.94596216,6131175.113067144,-9999.0
1457,1457,1629378.949846637,6131170.558387853,-9999.0
1458,1458,1623463.083526047,6131180.989777751,-9999.0
1459,1459,1624326.850448485,6131175.253994972,-9999.0
1460,1460,1624398.16381308,6131184.984864362,-9999.0
1461,1461,1625130.897378534,6131173.075789966,-9999.0
1462,1462,1625528.914652472,6131172.75610018,-9999.0
1463,1463,1626813.440747405,6131194.592334066,-9999.0
1464,1464,1628458.049772311,6131168.552301815,-9999.0
1465,1465,1628481.323242401,6131164.021641708,-9999.0
1466,1466,1629237.800242734,6131168.05732147,-9999.0
1467,1467,1625397.234617542,6131178.301246371,-9999.0
1468,1468,1625450.37842184,6131162.637206219,-9999.0
1469,1469,1627189.016659413,6131157.624123336,-9999.0
1470,1470,1627403.224654096,6131163.303891681,-9999.0
1471,1471,1627453.153433345,6131169.544890458,-9999.0
1472,1472,1629160.169512915,6131157.811757446,-9999.0
1473,1473,1622749.982784042,6131170.876979798,-9999.0
1474,1474,1623439.469319645,6131158.728327988,-9999.0
1475,1475,1629359.689816399,6131148.638138791,-9999.0
1476,1476,1622710.224129217,6131154.923966424,-9999.0
1477,1477,1624388.877813224,6131145.987184264,-9999.0
1478,1478,1625130.479851233,6131143.599455686,-9999.0
1479,1479,1625438.618927168,6131143.122092307,-9999.0
1480,1480,1625463.222238724,6131143.053493832,-9999.0
1481,1481,1627501.467129679,6131159.549077597,-9999.0
1482,1482,1625079.502691539,6131154.717364694,-9999.0
1483,1483,1625105.849144121,6131133.70520508,-9999.0
1484,1484,1625159.753951756,6131133.93295461,-9999.0
1485,1485,1626642.40561616,6131139.45632424,-9999.0
1486,1486,1627500.568201567,6131126.396075998,-9999.0
1487,1487,1622711.105892316,6131130.015536271,-9999.0
1488,1488,1623502.677744497,6131127.807447579,-9999.0
1489,1489,1624154.804455383,6131155.911356887,-9999.0
1490,1490,1626155.72836603,6131120.590917891,-9999.0
1491,1491,1626558.92200036,6131166.883305094,-9999.0
1492,1492,1626594.916735497,6131119.902362736,-9999.0
1493,1493,1629330.975200429,6131159.194168523,-9999.0
1494,1494,1624357.901623196,6131140.093258827,-9999.0
1495,1495,1624449.877941704,6131116.085485451,-9999.0
1496,1496,1625122.377829781,6131118.51238481,-9999.0
1497,1497,1626148.098072619,6131110.650739694,-9999.0
1498,1498,1627148.199262235,6131107.935374388,-9999.0
1499,1499,1629317.217252425,6131101.022375574,-9999.0
1500,1500,1629423.620988747,6131124.699257826,-9999.0
1501,1501,1626155.838876163,6131100.462225104,-9999.0
1502,1502,1626409.369930722,6131104.348423956,-9999.0
1503,1503,1626466.665921081,6131161.749089969,-9999.0
1504,1504,1626528.481603694,6131104.880219621,-9999.0
1505,1505,1626794.428741058,6131098.815426891,-9999.0
1506,1506,1627139.630974527,6131097.590206727,-9999.0
1507,1507,1629152.467330577,6131110.096001776,-9999.0
1508,1508,1622719.425058922,6131109.866528888,-9999.0
1509,1509,1624322.974290526,6131101.18314343,-9999.0
1510,1510,1624392.247593352,6131095.791905532,-9999.0
1511,1511,1624548.235297929,6131095.169436966,-9999.0
1512,1512,1626230.555713754,6131115.221375416,-9999.0
1513,1513,1626621.629648921,6131104.161133023,0.453166626
1514,1514,1626819.943336891,6131093.758392621,-9999.0
1515,1515,1627377.43341758,6131087.326618884,-9999.0
1516,1516,1627627.073311005,6131090.382277678,-9999.0
1517,1517,1629300.359314142,6131085.249299738,-9999.0
1518,1518,1622653.167799563,6131090.107178745,-9999.0
1519,1519,1624560.510077849,6131085.174391584,-9999.0
1520,1520,1626376.642469767,6131097.244927896,-9999.0
1521,1521,1624434.673251142,6131076.284589123,-9999.0
1522,1522,1626286.634726297,6131070.608980703,-9999.0
1523,1523,1626779.419967931,6131078.972695504,-9999.0
1524,1524,1627119.638493613,6131068.548252469,-9999.0
1525,1525,1627574.19684567,6131069.781430001,-9999.0
1526,1526,1627664.59293585,6131071.313502922,-9999.0
1527,1527,1627882.939184586,6131104.944025072,-9999.0
1528,1528,1622725.816181709,6131080.365204534,-9999.0
1529,1529,1624351.498955624,6131066.014639956,-9999.0
1530,1530,1626491.631898664,6131060.054285595,-9999.0
1531,1531,1626566.701101236,6131069.222865969,-9999.0
1532,1532,1627279.150888164,6131066.622547095,-9999.0
1533,1533,1627408.259122677,6131083.063142733,-9999.0
1534,1534,1628439.620192117,6131058.907342189,-9999.0
1535,1535,1622647.58891652,6131106.613688844,-9999.0
1536,1536,1623305.333554709,6131063.868417358,-9999.0
1537,1537,1624342.933899278,6131055.666865426,-9999.0
1538,1538,1624418.217874953,6131056.404578927,-9999.0
1539,1539,1625042.647821587,6131058.255607255,-9999.0
1540,1540,1625085.767299714,6131060.574205504,-9999.0
1541,1541,1627028.760790551,6131067.218145724,-9999.0
1542,1542,1624231.24225665,6131141.737448936,-9999.0
1543,1543,1624310.10437706,6131046.200935547,-9999.0
1544,1544,1626461.401884412,6131042.398699327,-9999.0
1545,1545,1629103.814289463,6131046.913923565,-9999.0
1546,1546,1629271.720115159,6131031.6382021,-9999.0
1547,1547,1622912.404879113,6131040.230559867,-9999.0
1548,1548,1626642.93903169,6131035.412865335,-9999.0
1549,1549,1629346.971302587,6131021.964701218,-9999.0
1550,1550,1630337.820449716,6131018.195017186,-9999.0
1551,1551,1624542.557802056,6131031.926499036,-9999.0
1552,1552,1626496.214495009,6131020.568984446,-9999.0
1553,1553,1629192.258106916,6131036.62688094,-9999.0
1554,1554,1627687.840118658,6131034.008580307,-9999.0
1555,1555,1627838.914107786,6131023.950814908,-9999.0
1556,1556,1629241.954997508,6131047.374518021,-9999.0
1557,1557,1624289.029676681,6131020.751525492,-9999.0
1558,1558,1624552.52469439,6131006.080151248,-9999.0
1559,1559,1624588.830320621,6131005.197654795,-9999.0
1560,1560,1626269.664972129,6131005.131154556,-9999.0
1561,1561,1626335.658948091,6131023.304669267,-9999.0
1562,1562,1627450.365486895,6131022.348071963,-9999.0
1563,1563,1627541.351718589,6130996.970801795,-9999.0
1564,1564,1624400.182349142,6130996.150472399,-9999.0
1565,1565,1624572.402651036,6130995.688467757,-9999.0
1566,1566,1625088.514686798,6131009.266743825,-9999.0
1567,1567,1625371.697983362,6130993.962192736,-9999.0
1568,1568,1629041.932947436,6130982.561865444,-9999.0
1569,1569,1622862.6833434,6131013.453237006,-9999.0
1570,1570,1626507.802524417,6130980.310999763,-9999.0
1571,1571,1626565.391353166,6130984.92029154,-9999.0
1572,1572,1626612.326488145,6131002.474027057,-9999.0
1573,1573,1629145.302199729,6130979.18075435,-9999.0
1574,1574,1621528.127506676,6130980.021171086,-9999.0
1575,1575,1621636.513862116,6130981.965454283,-9999.0
1576,1576,1624719.966101073,6130975.365970848,-9999.0
1577,1577,1626491.004816247,6130974.60532489,-9999.0
1578,1578,1627024.50818566,6130976.529815188,-9999.0
1579,1579,1628472.845520906,6131063.724581817,-9999.0
1580,1580,1624540.248254672,6130971.234731182,-9999.0
1581,1581,1626247.541901665,6130963.574243542,-9999.0
1582,1582,1626499.878898219,6130960.001321735,-9999.0
1583,1583,1629115.82985262,6130957.216952316,-9999.0
1584,1584,1624503.185122742,6130956.40261323,-9999.0
1585,1585,1624523.089790731,6130955.972989333,-9999.0
1586,1586,1626126.201236598,6130956.609908078,-9999.0
1587,1587,1627051.623930971,6130956.926740118,-9999.0
1588,1588,1627140.195495918,6130966.506892493,-9999.0
1589,1589,1627746.040463781,6130956.109386692,-9999.0
1590,1590,1624531.599215767,6130945.579499177,-9999.0
1591,1591,1624609.812269073,6130952.287566185,-9999.0
1592,1592,1629020.97326477,6130933.278669601,-9999.0
1593,1593,1629043.490555661,6130942.256251499,-9999.0
1594,1594,1629099.181007471,6130932.569188989,-9999.0
1595,1595,1623989.976950234,6130937.465696318,-9999.0
1596,1596,1626148.89861126,6130936.264108197,-9999.0
1597,1597,1628466.281393611,6130931.376063308,-9999.0
1598,1598,1629222.499505191,6130922.213136346,-9999.0
1599,1599,1621829.181176186,6130932.723062569,0.049055595
1600,1600,1624514.440814093,6130930.317740498,-9999.0
1601,1601,1625328.079922167,6130941.022519711,-9999.0
1602,1602,1629214.097856869,6130912.073660362,-9999.0
1603,1603,1625167.374761481,6130921.999920558,-9999.0
1604,1604,1626310.778402218,6130911.146763114,-9999.0
1605,1605,1627126.950439299,6130913.534298813,-9999.0
1606,1606,1623763.952226678,6130940.306641334,-9999.0
1607,1607,1626548.838676867,6130934.854773512,-9999.0
1608,1608,1629000.810715931,6130892.829694143,-9999.0
1609,1609,1625061.735169055,6130929.217453668,-9999.0
1610,1610,1625162.597697447,6130894.460229386,-9999.0
1611,1611,1625204.259878646,6130898.601518175,-9999.0
1612,1612,1628425.86798872,6130921.74966348,-9999.0
1613,1613,1622764.451154884,6130889.925352219,-9999.0
1614,1614,1622785.657588843,6130896.890862779,-9999.0
1615,1615,1622972.938674342,6130890.272069066,-9999.0
1616,1616,1624631.306575573,6130896.813784515,-9999.0
1617,1617,1624723.524640029,6130886.15856973,-9999.0
1618,1618,1625188.695424927,6130883.313909566,-9999.0
1619,1619,1625285.583287082,6130884.158318228,-9999.0
1620,1620,1622690.581672808,6130881.392531154,-9999.0
1621,1621,1624711.494336744,6130875.360040092,-9999.0
1622,1622,1626668.949813512,6130880.929829047,-9999.0
1623,1623,1621908.423147984,6130876.362092674,0.037500039
1624,1624,1623083.427284779,6130875.154055712,-9999.0
1625,1625,1623289.218742002,6130869.922670787,-9999.0
1626,1626,1624522.175728952,6130887.925437664,-9999.0
1627,1627,1624675.162303334,6130866.281072676,-9999.0
1628,1628,1625167.213414385,6130864.937575437,-9999.0
1629,1629,1627128.030294668,6130863.496814889,-9999.0
1630,1630,1630389.986743071,6130860.955025025,-9999.0
1631,1631,1622593.069897176,6130871.788509897,-9999.0
1632,1632,1623248.189129237,6130860.065254367,-9999.0
1633,1633,1625144.996899481,6130882.301666924,-9999.0
1634,1634,1622647.971568234,6130862.397234098,-9999.0
1635,1635,1622685.809384819,6130851.142194933,-9999.0
1636,1636,1624648.433678713,6130850.126083996,-9999.0
1637,1637,1624711.414529034,6130845.882770557,-9999.0
1638,1638,1626314.845397062,6130841.196437703,-9999.0
1639,1639,1623792.894321615,6130837.952768977,-9999.0
1640,1640,1625031.219714329,6130835.049284062,-9999.0
1641,1641,1626224.140972693,6130832.160239835,-9999.0
1642,1642,1624590.979727512,6130828.464798947,-9999.0
1643,1643,1627123.737803631,6130826.857363583,-9999.0
1644,1644,1621935.529559627,6130822.885865749,-9999.0
1645,1645,1622593.261409537,6130826.966123701,-9999.0
1646,1646,1623883.387584773,6130817.792379037,-9999.0
1647,1647,1628432.570285975,6130832.406700072,-9999.0
1648,1648,1629123.538112859,6130802.78027916,-9999.0
1649,1649,1629492.407443362,6130801.800107339,-9999.0
1650,1650,1623153.809918816,6130825.962166362,-9999.0
1651,1651,1624608.977738498,6130811.08814139,-9999.0
1652,1652,1626506.753618875,6130884.918922305,-0.207512864
1653,1653,1626634.321455689,6130804.972917821,-9999.0
1654,1654,1627080.906223522,6130799.107444809,-9999.0
1655,1655,1621308.12365171,6130805.176250622,-0.78491838
1656,1656,1630170.507894526,6130785.984815363,-9999.0
1657,1657,1621271.206833776,6130799.553327961,-0.785000026
1658,1658,1623153.10499233,6130790.19667606,-9999.0
1659,1659,1623804.894436569,6130793.604752005,-9999.0
1660,1660,1625076.785074639,6130785.490214949,-9999.0
1661,1661,1621889.148788338,6130805.367989214,-9999.0
1662,1662,1622531.721858909,6130782.054059378,-9999.0
1663,1663,1624727.963628712,6130776.103746752,-9999.0
1664,1664,1626495.723015632,6130787.315350819,-9999.0
1665,1665,1628442.146787005,6130765.080818319,-9999.0
1666,1666,1630145.386192746,6130764.702008039,-9999.0
1667,1667,1630172.943829888,6130759.727387488,-9999.0
1668,1668,1621154.498001951,6130785.745612328,-0.785000026
1669,1669,1623157.752420538,6130770.637021168,-9999.0
1670,1670,1623915.72499232,6130768.306191135,-9999.0
1671,1671,1624715.933463809,6130765.305217016,-9999.0
1672,1672,1624787.631463429,6130770.052877761,-9999.0
1673,1673,1629452.716570897,6130752.648095028,-9999.0
1674,1674,1623284.385732726,6130779.929757965,-9999.0
1675,1675,1623797.385625938,6130759.029657906,-9999.0
1676,1676,1624158.524672266,6130784.4085758,-9999.0
1677,1677,1629607.025027547,6130741.656557732,-9999.0
1678,1678,1621176.699587669,6130759.784516153,-0.779626289
1679,1679,1621976.795503227,6130753.633022627,-9999.0
1680,1680,1622014.624220802,6130752.053388601,-9999.0
1681,1681,1622601.944997005,6130752.398159408,-9999.0
1682,1682,1624686.17489134,6130750.53837704,-9999.0
1683,1683,1625088.379038399,6130745.234053113,-9999.0
1684,1684,1626474.305175023,6130741.319149702,-9999.0
1685,1685,1626495.4479387,6130747.767822627,-9999.0
1686,1686,1626523.846023827,6130741.175312982,-9999.0
1687,1687,1626594.946866212,6130752.433226974,-9999.0
1688,1688,1629310.626568753,6130731.712346097,-9999.0
1689,1689,1630144.741587314,6130730.310495486,-9999.0
1690,1690,1623213.930268345,6130766.621974738,-9999.0
1691,1691,1624178.070134962,6130737.728915313,-9999.0
1692,1692,1628455.574135281,6130731.151263171,-9999.0
1693,1693,1621018.670076743,6130741.47326464,-0.311597949
1694,1694,1622749.194918516,6130758.238277187,-9999.0
1695,1695,1623816.877539871,6130748.327945153,-9999.0
1696,1696,1625063.72209102,6130725.377731192,-9999.0
1697,1697,1629754.176040302,6130715.499402377,-9999.0
1698,1698,1622537.874686063,6130722.002551123,-9999.0
1699,1699,1622603.660386503,6130726.616551051,-9999.0
1700,1700,1629516.687729711,6130702.100847044,-9999.0
1701,1701,1630136.442145937,6130700.451650299,-9999.0
1702,1702,1630422.092290979,6130818.112881687,-0.29404839
1703,1703,1620995.922739438,6130729.341116996,-0.694838849
1704,1704,1621035.245011393,6130717.913744166,0.339024735
1705,1705,1621144.198837435,6130730.466280674,-0.024299481
1706,1706,1624212.31645887,6130706.639748989,-9999.0
1707,1707,1624586.762038037,6130764.568073592,-9999.0
1708,1708,1628996.507590953,6130694.182414813,-9999.0
1709,1709,1629016.045867783,6130697.951763386,-9999.0
1710,1710,1629478.501563318,6130710.667484372,-9999.0
1711,1711,1629737.709635213,6130695.628908726,-9999.0
1712,1712,1623837.463397127,6130703.861549972,-9999.0
1713,1713,1624452.388865179,6130697.610465446,-9999.0
1714,1714,1620977.497525794,6130696.124493314,-0.222190781
1715,1715,1621147.95283339,6130695.238690169,-0.694999999
1716,1716,1622736.090866371,6130692.155080918,-9999.0
1717,1717,1623852.08571973,6130849.949597079,-9999.0
1718,1718,1623954.495819293,6130710.662239559,-9999.0
1719,1719,1624694.581599745,6130686.535858932,-9999.0
1720,1720,1626397.748703145,6130690.269752633,-9999.0
1721,1721,1626503.368150325,6130706.424677227,-9999.0
1722,1722,1628586.409215109,6130675.551978368,-9999.0
1723,1723,1622145.674174141,6130681.250044021,-9999.0
1724,1724,1628598.416315627,6130664.76752388,-9999.0
1725,1725,1630370.906542503,6130659.980126849,-9999.0
1726,1726,1626322.543441862,6130666.838450025,-9999.0
1727,1727,1626371.394707263,6130667.00550435,-9999.0
1728,1728,1629472.783128161,6130665.229529468,-9999.0
1729,1729,1622554.939352648,6130672.061560396,-9999.0
1730,1730,1622621.197004113,6130671.502246218,-9999.0
1731,1731,1622664.305495027,6130738.718288161,-9999.0
1732,1732,1628472.797229247,6130661.420833675,-9999.0
1733,1733,1629598.501188993,6130642.063415403,-9999.0
1734,1734,1620994.603192729,6130661.661288477,-0.694999993
1735,1735,1621876.470167005,6130661.199764744,-9999.0
1736,1736,1621981.033259385,6130672.486938214,-9999.0
1737,1737,1623833.611891989,6130663.715456024,-9999.0
1738,1738,1624522.42768072,6130646.947615365,-9999.0
1739,1739,1629737.880237894,6130631.648250955,-9999.0
1740,1740,1621156.467849929,6130645.989416585,-0.694999993
1741,1741,1621701.380417401,6130644.129518534,-9999.0
1742,1742,1621740.963241105,6130655.415378639,-9999.0
1743,1743,1623546.692022542,6130639.350856369,-9999.0
1744,1744,1625751.346826531,6130644.746459275,-9999.0
1745,1745,1621039.351737505,6130657.303946625,-0.694999993
1746,1746,1621103.602850601,6130664.680746523,-0.694999993
1747,1747,1624546.808425623,6130627.16231982,-9999.0
1748,1748,1625715.228029466,6130629.02973418,-9999.0
1749,1749,1626467.640268438,6130630.243541911,-9999.0
1750,1750,1628474.915461103,6130615.751938396,-9999.0
1751,1751,1622062.160329434,6130623.340502021,-9999.0
1752,1752,1625760.474626692,6130613.855304052,-9999.0
1753,1753,1621229.78584946,6130620.333692214,-0.342062497
1754,1754,1621265.192797967,6130636.92855192,-0.353386938
1755,1755,1621327.586684711,6130632.557505811,-0.502042916
1756,1756,1622212.615829441,6130628.052431397,-9999.0
1757,1757,1622250.750320223,6130612.920652649,-9999.0
1758,1758,1626313.724574585,6130618.104567017,-9999.0
1759,1759,1628466.220845013,6130595.650660849,-9999.0
1760,1760,1629512.364014343,6130602.500526362,-9999.0
1761,1761,1621126.644285872,6130605.630029096,-0.694999993
1762,1762,1621217.281537293,6130605.215466986,-0.264812983
1763,1763,1622701.771622529,6130606.828898467,-9999.0
1764,1764,1624436.553672264,6130602.040748619,-9999.0
1765,1765,1624481.493374526,6130616.288057069,-9999.0
1766,1766,1625953.730474689,6130593.759857023,-9999.0
1767,1767,1626301.995185362,6130592.386653248,-9999.0
1768,1768,1630414.532017915,6130612.17601684,-0.356144264
1769,1769,1621050.786244974,6130601.813651687,-0.685402871
1770,1770,1621657.534776496,6130599.027896176,-9999.0
1771,1771,1621898.088125443,6130598.830700071,-9999.0
1772,1772,1622655.836808143,6130623.262717441,-9999.0
1773,1773,1623827.247369882,6130613.642688465,-9999.0
1774,1774,1624472.757496481,6130845.729594549,-9999.0
1775,1775,1626289.963380319,6130581.590186211,-9999.0
1776,1776,1628966.827821962,6130574.355615682,-9999.0
1777,1777,1629792.44099801,6130574.763941227,-9999.0
1778,1778,1630072.111715932,6130577.246077229,-9999.0
1779,1779,1621180.034298747,6130586.24705671,-0.281008921
1780,1780,1621558.654244744,6130589.183701909,-9999.0
1781,1781,1621623.184468528,6130594.372152173,-9999.0
1782,1782,1622114.054639042,6130596.675489567,-9999.0
1783,1783,1622299.046481953,6130586.779914436,0.636691335
1784,1784,1622751.479626336,6130640.01628537,-9999.0
1785,1785,1624559.609671373,6130576.448641645,-9999.0
1786,1786,1628533.638134631,6130566.288389538,-9999.0
1787,1787,1628659.871406103,6130565.738816986,-9999.0
1788,1788,1630328.261763686,6130559.038529563,-9999.0
1789,1789,1621098.584453115,6130587.252482873,-0.694999993
1790,1790,1621168.008616244,6130575.443875994,-0.596403502
1791,1791,1621988.067055212,6130573.913565,-9999.0
1792,1792,1622275.254898403,6130573.012824202,-9999.0
1793,1793,1623814.307329281,6130580.104985982,-9999.0
1794,1794,1625715.667260337,6130569.377856366,-9999.0
1795,1795,1628675.380763997,6130554.56708379,-9999.0
1796,1796,1629016.159006594,6130571.966574053,-9999.0
1797,1797,1622144.021508315,6130563.370185441,-9999.0
1798,1798,1622335.376141918,6130566.224624539,0.6618097
1799,1799,1622615.566372889,6130567.194868772,-9999.0
1800,1800,1623198.224456614,6130561.331867776,-9999.0
1801,1801,1626022.724364847,6130553.339046005,-9999.0
1802,1802,1628548.503145064,6130545.78756131,-9999.0
1803,1803,1629324.490517887,6130580.271264936,-9999.0
1804,1804,1621930.81874042,6130568.866023639,-9999.0
1805,1805,1623168.531211912,6130555.276700829,-9999.0
1806,1806,1626039.095929767,6130542.921705167,-9999.0
1807,1807,1628590.790303981,6130544.02239469,-9999.0
1808,1808,1628733.183826038,6130545.003689616,-9999.0
1809,1809,1629073.555705064,6130558.868854017,-9999.0
1810,1810,1621197.239656209,6130546.274784771,-0.694999993
1811,1811,1621553.558962843,6130555.902542118,-9999.0
1812,1812,1622151.574422985,6130543.427832985,-9999.0
1813,1813,1622201.209331403,6130543.511522437,-9999.0
1814,1814,1622644.039030607,6130542.423523914,-9999.0
1815,1815,1624989.029748014,6130540.511492446,-9999.0
1816,1816,1628700.749104674,6130525.762069868,-9999.0
1817,1817,1629376.332610259,6130527.443902764,-9999.0
1818,1818,1629659.354941068,6130521.536108092,-9999.0
1819,1819,1630082.283479953,6130520.936613524,-9999.0
1820,1820,1630313.751535659,6130530.601503613,-9999.0
1821,1821,1621116.959068781,6130548.614829674,-0.694999993
1822,1822,1621998.110944562,6130538.679421095,-9999.0
1823,1823,1622109.383358033,6130540.128809377,-9999.0
1824,1824,1622471.9724096,6130533.410536656,-9999.0
1825,1825,1624557.37230511,6130529.694400573,-9999.0
1826,1826,1624611.777141412,6130531.574630674,-9999.0
1827,1827,1624952.705369395,6130554.340442303,-9999.0
1828,1828,1628990.874086933,6130518.714429158,-9999.0
1829,1829,1629036.526229038,6130519.138417797,-9999.0
1830,1830,1629795.078411409,6130516.69344256,-9999.0
1831,1831,1630070.245915413,6130510.145106786,-9999.0
1832,1832,1621527.540861267,6130534.619753597,-9999.0
1833,1833,1621890.090999894,6130523.670177435,-9999.0
1834,1834,1622030.894464844,6130522.923595348,-9999.0
1835,1835,1622373.539704484,6130522.962349773,-9999.0
1836,1836,1622420.824921054,6130527.534301583,0.186058778
1837,1837,1623477.717856314,6130542.843240368,-9999.0
1838,1838,1626317.829059649,6130512.236026571,-9999.0
1839,1839,1629068.944028415,6130509.381210482,-9999.0
1840,1840,1630175.183378068,6130512.550037866,-9999.0
1841,1841,1621099.099084292,6130519.137549363,-0.665940734
1842,1842,1621157.630693928,6130529.311597135,-0.694999993
1843,1843,1621196.005660876,6130521.868888175,-0.694999993
1844,1844,1623138.443134309,6130517.192850581,-9999.0
1845,1845,1624530.085840604,6130507.662911157,-9999.0
1846,1846,1624948.017634706,6130511.827188836,-9999.0
1847,1847,1628414.462329877,6130504.545830352,-9999.0
1848,1848,1629569.912508657,6130493.101049511,-9999.0
1849,1849,1622216.375290863,6130502.68775916,-9999.0
1850,1850,1622402.192658479,6130502.96801947,-9999.0
1851,1851,1622654.771483439,6130504.729632229,-9999.0
1852,1852,1624784.275172786,6130497.01410806,-9999.0
1853,1853,1629048.116801723,6130484.234266608,-9999.0
1854,1854,1629737.729682215,6130482.217505463,-9999.0
1855,1855,1629860.401344462,6130481.816952896,-9999.0
1856,1856,1621877.972831852,6130498.928028361,-9999.0
1857,1857,1623991.083160076,6130487.229081354,-9999.0
1858,1858,1624436.324046081,6130488.366555177,-9999.0
1859,1859,1624931.194373256,6130498.527212691,-9999.0
1860,1860,1628900.907449583,6130474.94386608,-9999.0
1861,1861,1620852.807490307,6130491.125316923,-0.631246568
1862,1862,1623254.655220641,6130486.200699741,-9999.0
1863,1863,1623701.754973912,6130479.965694712,-9999.0
1864,1864,1623722.853818475,6130480.28704141,-9999.0
1865,1865,1628818.870767633,6130465.241220008,-9999.0
1866,1866,1628876.208772542,6130503.800224711,-9999.0
1867,1867,1630139.919182213,6130460.769623321,-9999.0
1868,1868,1621036.749892053,6130481.312703031,-0.623527993
1869,1869,1622225.640157197,6130473.309374577,-9999.0
1870,1870,1622294.507967019,6130498.94064941,-9999.0
1871,1871,1622471.65576671,6130473.115511439,-9999.0
1872,1872,1623685.328120605,6130470.046317859,-9999.0
1873,1873,1624956.607911885,6130477.698257892,-9999.0
1874,1874,1629015.866455179,6130469.393754457,-9999.0
1875,1875,1629040.420459236,6130454.372533033,-9999.0
1876,1876,1629851.737754189,6130456.166659608,-9999.0
1877,1877,1621275.946931897,6130478.059391903,-0.694999993
1878,1878,1622201.351805026,6130463.815079635,-9999.0
1879,1879,1624559.251279249,6130458.150477523,-9999.0
1880,1880,1624706.896663514,6130456.506698334,-9999.0
1881,1881,1626280.764919218,6130475.018287575,-9999.0
1882,1882,1628513.428125886,6130453.460872992,-9999.0
1883,1883,1629032.188262927,6130444.436648886,-9999.0
1884,1884,1620889.04519285,6130472.031352203,-0.372347465
1885,1885,1621071.059673719,6130463.523817811,-0.694999993
1886,1886,1621239.314949753,6130464.301386531,-0.694999993
1887,1887,1621290.739288755,6130456.022928043,-0.694999993
1888,1888,1624493.620671387,6130448.364828787,-9999.0
1889,1889,1626364.592767772,6130543.302167655,-0.397666708
1890,1890,1620983.36653734,6130446.568658504,-0.481847052
1891,1891,1624129.0413257,6133916.977604846,-0.446910166
1892,1892,1624505.63225697,6130437.5857832,-9999.0
1893,1893,1628474.991422437,6130435.659538271,-9999.0
1894,1894,1628557.894398493,6130435.730166962,-9999.0
1895,1895,1628651.111609467,6130485.415089225,-0.177078475
1896,1896,1628759.274936346,6130436.629437489,-9999.0
1897,1897,1628913.2990859,6130438.307378531,-9999.0
1898,1898,1629680.131551864,6130422.632508376,-9999.0
1899,1899,1629843.804810611,6130422.098730365,-9999.0
1900,1900,1623769.691929241,6130441.806896649,-9999.0
1901,1901,1623982.469348112,6130440.460589047,-9999.0
1902,1902,1624595.475280553,6130427.790654836,-9999.0
1903,1903,1624935.622625003,6130431.952367198,-9999.0
1904,1904,1626293.948165199,6130429.375340175,-9999.0
1905,1905,1629089.496471374,6130414.367925015,-9999.0
1906,1906,1629671.561005691,6130412.28969326,-9999.0
1907,1907,1622837.050390599,6130422.774542872,-9999.0
1908,1908,1624152.624277596,6130419.011412839,-9999.0
1909,1909,1624435.576092072,6130439.385585839,-9999.0
1910,1910,1622517.208514116,6130413.607305133,-9999.0
1911,1911,1623176.926262895,6130416.356215902,-9999.0
1912,1912,1628455.138146807,6130409.20352782,-9999.0
1913,1913,1628896.738137086,6130400.037205043,-9999.0
1914,1914,1620988.242620338,6130407.447014771,-0.694999993
1915,1915,1621344.523320088,6130406.463428495,-0.694999993
1916,1916,1621495.702386327,6130426.313877622,-0.775967771
1917,1917,1623726.484558237,6130399.796630744,-9999.0
1918,1918,1628604.588200292,6130394.744264447,-9999.0
1919,1919,1624093.892299618,6130424.474095007,-9999.0
1920,1920,1625741.351314259,6130391.790079497,-9999.0
1921,1921,1629105.805912298,6130411.014813331,-9999.0
1922,1922,1621762.279253468,6130389.953366845,-9999.0
1923,1923,1622832.588239301,6130382.15286741,-9999.0
1924,1924,1628636.551067206,6130375.63476855,-9999.0
1925,1925,1629562.853618596,6130365.95008001,-9999.0
1926,1926,1622860.756602293,6130377.61370415,-9999.0
1927,1927,1623523.547101664,6130389.224720106,-9999.0
1928,1928,1626391.368457976,6130362.069189142,-0.436636408
1929,1929,1629050.257286702,6130373.735880991,-9999.0
1930,1930,1622053.16612239,6130364.554252493,-9999.0
1931,1931,1624624.58634428,6130358.354078737,-9999.0
1932,1932,1628849.502819045,6130350.007291914,-9999.0
1933,1933,1629309.231578998,6130418.925681129,-9999.0
1934,1934,1629540.129071595,6130343.390098018,-9999.0
1935,1935,1630074.2902424,6130355.582098232,-9999.0
1936,1936,1625769.707091186,6130363.423953123,-9999.0
1937,1937,1626352.885184398,6130393.696899527,-0.317070824
1938,1938,1628794.028138533,6130335.608365313,0.158785688
1939,1939,1628876.0321062,6130335.349252198,-9999.0
1940,1940,1629075.896733503,6130352.337682701,-9999.0
1941,1941,1629658.093582267,6130506.561333434,-9999.0
1942,1942,1621485.257630143,6130352.878551104,-0.694999993
1943,1943,1623461.863853172,6130352.420172637,-9999.0
1944,1944,1624562.432135913,6130338.221344945,-9999.0
1945,1945,1628810.413182161,6130330.575687876,-9999.0
1946,1946,1628950.175842882,6130390.462423813,-9999.0
1947,1947,1629662.498284979,6130329.515954313,-9999.0
1948,1948,1621327.358192415,6130356.456451138,-0.694999993
1949,1949,1624623.736274451,6130333.178885201,-9999.0
1950,1950,1628851.367924716,6130315.503109857,-9999.0
1951,1951,1623488.131753664,6130321.12561498,-9999.0
1952,1952,1623578.335666289,6130320.892996516,-9999.0
1953,1953,1624206.260550273,6130319.625160297,-9999.0
1954,1954,1624537.409694876,6130322.572188815,-9999.0
1955,1955,1624562.378509128,6130318.297419875,-9999.0
1956,1956,1624701.7834967,6130317.512535786,-9999.0
1957,1957,1624914.993933744,6130317.341513411,-9999.0
1958,1958,1625769.353817532,6130313.856620352,-9999.0
1959,1959,1628463.983175943,6130313.159393722,-9999.0
1960,1960,1628796.220243711,6130312.927349322,-9999.0
1961,1961,1628843.136059203,6130305.567055265,-9999.0
1962,1962,1628984.886305808,6130327.685265457,-9999.0
1963,1963,1629925.417605177,6130302.286426513,-9999.0
1964,1964,1621347.864652088,6130323.172856948,-0.694999993
1965,1965,1623148.099167711,6130320.106376598,-9999.0
1966,1966,1624154.487232276,6130330.315915789,-9999.0
1967,1967,1624972.369187331,6130307.222647109,-9999.0
1968,1968,1625795.210979712,6130317.928540288,-9999.0
1969,1969,1628736.499794293,6130295.941407616,-9999.0
1970,1970,1629334.95876105,6130294.241523677,-9999.0
1971,1971,1629556.368561723,6130293.527096075,-9999.0
1972,1972,1629660.601013129,6130292.808764113,-9999.0
1973,1973,1626395.269066888,6130293.051564887,-9999.0
1974,1974,1628744.836390838,6130285.748767124,-9999.0
1975,1975,1628916.876255025,6130285.409532875,-9999.0
1976,1976,1629654.90805812,6130283.041024043,-9999.0
1977,1977,1621315.137732843,6130297.097656392,-0.694999993
1978,1978,1623668.462068048,6130290.773605837,-9999.0
1979,1979,1624040.355000116,6130296.073133721,-9999.0
1980,1980,1624193.283176355,6130289.39731107,-9999.0
1981,1981,1625775.947348922,6130285.064165321,-9999.0
1982,1982,1625817.130706803,6130289.724473187,-9999.0
1983,1983,1626407.540756397,6130283.054011665,-9999.0
1984,1984,1626438.759486926,6130318.942278093,-0.061679932
1985,1985,1628381.751271193,6130280.088760581,-9999.0
1986,1986,1629864.562639427,6130278.81922649,-9999.0
1987,1987,1629997.918821286,6130295.210744092,-9999.0
1988,1988,1624563.744842796,6130278.975800804,-9999.0
1989,1989,1625784.454722946,6130274.669485263,-9999.0
1990,1990,1626054.73029416,6130274.310407923,-9999.0
1991,1991,1628360.389587998,6130266.75101079,-9999.0
1992,1992,1628795.403614389,6130283.774384688,-9999.0
1993,1993,1629592.695465518,6130270.320915562,-9999.0
1994,1994,1621286.388421527,6130276.512731762,-0.694999993
1995,1995,1621538.600624634,6130669.552709473,-0.752235443
1996,1996,1623617.791360938,6130298.803669867,-9999.0
1997,1997,1623756.462093543,6130313.426316563,-9999.0
1998,1998,1628713.275969999,6130255.85600255,-9999.0
1999,1999,1629162.791325551,6130254.740725865,-9999.0
2000,2000,1629302.029358621,6130254.49899107,-9999.0
2001,2001,1621200.263825598,6130267.47915657,-0.554454538
2002,2002,1621298.6656922,6130266.522001536,-0.694999993
2003,2003,1622194.751077524,6130264.386551663,-9999.0
2004,2004,1623476.510702586,6130273.882849078,-9999.0
2005,2005,1623563.254152051,6130261.689990639,-9999.0
2006,2006,1623586.380476151,6130260.691448144,-9999.0
2007,2007,1629462.501391732,6130244.396386463,-9999.0
2008,2008,1629520.830829707,6130264.706066426,-9999.0
2009,2009,1622184.872886852,6130254.448559428,-9999.0
2010,2010,1622426.612026782,6130254.438130713,-9999.0
2011,2011,1626382.8389439,6130248.258235322,-9999.0
2012,2012,1626469.617360326,6130246.067007634,-9999.0
2013,2013,1626542.445514099,6130247.327251706,0.148208912
2014,2014,1628699.410174537,6130236.285727785,0.141181775
2015,2015,1628878.564814655,6130248.165632425,-9999.0
2016,2016,1629146.327036703,6130234.869165597,-9999.0
2017,2017,1629945.842002446,6130245.903068968,-9999.0
2018,2018,1624197.885603415,6130238.705859954,-9999.0
2019,2019,1624199.423746911,6130265.233949562,-9999.0
2020,2020,1628721.325696255,6130228.498841792,-9999.0
2021,2021,1627964.94773685,6132952.220236277,-0.50549132
2022,2022,1621077.190343817,6130237.878230238,-0.694999993
2023,2023,1623926.25675261,6130248.256297642,-9999.0
2024,2024,1626321.694930022,6130224.110184542,-9999.0
2025,2025,1626519.390985999,6130225.015390405,-9999.0
2026,2026,1626570.887911772,6130227.547406095,0.191499975
2027,2027,1629125.762674194,6130215.010660303,-9999.0
2028,2028,1629215.981815341,6130219.703300958,-9999.0
2029,2029,1620864.617723577,6130227.424084571,-0.694999993
2030,2030,1620915.730456872,6130243.584286924,-0.694999993
2031,2031,1621116.89555295,6130236.661496801,-0.694999993
2032,2032,1622856.962681064,6130226.227071889,-9999.0
2033,2033,1623697.579712797,6130221.340008792,-9999.0
2034,2034,1624140.98255698,6130238.773880028,-9999.0
2035,2035,1628670.621088324,6130205.494777339,-9999.0
2036,2036,1629380.415016085,6130210.946589285,-9999.0
2037,2037,1629528.938163957,6130212.054694518,-9999.0
2038,2038,1621368.125804719,6130239.64785999,-0.694999993
2039,2039,1622190.124061767,6130214.587724948,-9999.0
2040,2040,1622889.887645981,6130217.319806573,-9999.0
2041,2041,1623545.587841165,6130211.395255867,-9999.0
2042,2042,1623619.053818416,6130211.205399161,-9999.0
2043,2043,1623721.087342924,6130227.23879174,-9999.0
2044,2044,1624176.67137047,6130209.745076925,-9999.0
2045,2045,1624225.872923714,6130209.614589014,-9999.0
2046,2046,1626601.856377078,6130208.881113938,0.136199956
2047,2047,1629240.550778789,6130209.662535612,-9999.0
2048,2048,1620962.31624177,6130207.528792171,-0.694999993
2049,2049,1621101.720361011,6130207.207477476,-0.694999993
2050,2050,1622840.172175896,6130203.021822575,-9999.0
2051,2051,1623484.321504766,6130201.967273608,-9999.0
2052,2052,1623537.024496236,6130201.046721131,-9999.0
2053,2053,1624185.1804824,6130199.351896585,-9999.0
2054,2054,1626595.887184364,6130192.848534291,-9999.0
2055,2055,1620798.483324957,6130196.457036143,-0.694999993
2056,2056,1621372.305039828,6130196.615757502,-0.694999993
2057,2057,1622228.484292766,6130265.494980258,-9999.0
2058,2058,1622262.067002899,6130209.431503179,-9999.0
2059,2059,1622862.176828299,6130198.293234278,-9999.0
2060,2060,1623184.569887488,6130197.172292948,-9999.0
2061,2061,1623995.845305281,6130194.505901364,-9999.0
2062,2062,1626362.165506488,6130188.545705111,-9999.0
2063,2063,1626604.058396892,6130182.862659537,-9999.0
2064,2064,1626636.249114979,6130182.708681345,0.299833311
2065,2065,1628654.120901449,6130176.655532107,-9999.0
2066,2066,1629195.337652346,6130174.940004008,-9999.0
2067,2067,1622618.714339687,6130182.921375924,-9999.0
2068,2068,1622827.82196429,6130183.128680007,-9999.0
2069,2069,1623148.060792295,6130182.90241273,-9999.0
2070,2070,1624151.59344566,6130187.82990572,-9999.0
2071,2071,1628595.633878774,6130169.634227947,0.108664069
2072,2072,1628645.889375719,6130166.719299721,-9999.0
2073,2073,1628681.536893758,6130173.298970335,-9999.0
2074,2074,1621347.657727218,6130176.749438317,-0.694999993
2075,2075,1622302.74056927,6130179.016441687,-9999.0
2076,2076,1622635.091889581,6130173.646757656,-9999.0
2077,2077,1622844.913493884,6130176.572651995,-9999.0
2078,2078,1622899.426458558,6130178.632395161,-9999.0
2079,2079,1624086.875747733,6130184.794092865,-9999.0
2080,2080,1624669.593322235,6130187.376109407,-9999.0
2081,2081,1629187.089602275,6130160.02326846,-9999.0
2082,2082,1622275.563716859,6130165.303974613,-9999.0
2083,2083,1623110.511747552,6130162.697370292,-9999.0
2084,2084,1623479.521282194,6130161.755348551,-9999.0
2085,2085,1623542.543636801,6130170.094089325,-9999.0
2086,2086,1624627.183516044,6130162.937774591,-9999.0
2087,2087,1626365.997309519,6130153.871745483,-9999.0
2088,2088,1626661.642757006,6130157.05396522,0.383842493
2089,2089,1628544.328249272,6130147.337441934,-9999.0
2090,2090,1629392.058695192,6130152.663480862,-9999.0
2091,2091,1629482.423754832,6130169.763039503,-9999.0
2092,2092,1621383.962990149,6130165.034832776,-0.694999993
2093,2093,1622812.566112068,6130160.517978921,-9999.0
2094,2094,1623176.088138175,6130152.56902945,-9999.0
2095,2095,1626018.341818003,6130154.035748549,-9999.0
2096,2096,1629020.570164946,6130242.635463696,-9999.0
2097,2097,1629098.302864732,6130167.263824005,-9999.0
2098,2098,1629235.678175837,6130139.374434283,-9999.0
2099,2099,1620878.674834168,6130181.135852575,-0.694999993
2100,2100,1623217.063805313,6130142.502841186,-9999.0
2101,2101,1626669.514797817,6130132.861306007,-9999.0
2102,2102,1628862.191658688,6130134.994203041,-9999.0
2103,2103,1629117.276296325,6130125.379009169,-9999.0
2104,2104,1629153.875008502,6130144.138702454,-9999.0
2105,2105,1622270.514753753,6130135.276213864,-9999.0
2106,2106,1622299.592947343,6130141.149328823,-9999.0
2107,2107,1622610.392496409,6130133.859916486,-9999.0
2108,2108,1622647.293321241,6130133.768375423,-9999.0
2109,2109,1623719.136811732,6130141.576685218,-9999.0
2110,2110,1623943.352477599,6130131.040167567,-9999.0
2111,2111,1624345.161662716,6130129.977007909,-9999.0
2112,2112,1624369.762226677,6130129.911341703,-9999.0
2113,2113,1626699.810779795,6130126.100418684,0.335371218
2114,2114,1628965.358734801,6130119.634031648,-9999.0
2115,2115,1629137.745010169,6130115.351592567,-9999.0
2116,2116,1621771.366537158,6130133.745906834,-9999.0
2117,2117,1622395.997309492,6130130.518599284,-9999.0
2118,2118,1622684.169381413,6130123.714782276,-9999.0
2119,2119,1622745.151767692,6130131.760596105,-9999.0
2120,2120,1622803.357793314,6130136.519357608,-9999.0
2121,2121,1624110.832402538,6130120.260975889,-9999.0
2122,2122,1628547.131926984,6130107.460629426,-9999.0
2123,2123,1629107.924466072,6130107.145021339,-9999.0
2124,2124,1620781.706730341,6130118.283849296,-0.694999993
2125,2125,1622716.777619747,6130113.875945955,-9999.0
2126,2126,1622823.559891046,6130118.38619384,-9999.0
2127,2127,1622860.861872282,6130123.533094679,-9999.0
2128,2128,1624356.811163213,6130109.645680209,-9999.0
2129,2129,1624939.359602834,6130108.072121055,-9999.0
2130,2130,1626721.548520808,6130106.069416989,0.385408469
2131,2131,1628413.257342819,6130100.068934075,0.34624056
2132,2132,1628990.078102649,6130095.897760958,-9999.0
2133,2133,1629088.480292949,6130095.584605843,-9999.0
2134,2134,1620746.176391076,6130120.025248521,-0.694999993
2135,2135,1621777.88371702,6130110.730504824,-9999.0
2136,2136,1622728.79084087,6130103.099237536,-9999.0
2137,2137,1622971.125342057,6130103.072876904,-9999.0
2138,2138,1623419.097444,6130125.946931817,-9999.0
2139,2139,1624285.430563632,6130105.76939182,-9999.0
2140,2140,1624368.82245867,6130098.866802555,-9999.0
2141,2141,1624479.786986456,6130099.354561818,-9999.0
2142,2142,1626046.19994674,6130099.794580218,-9999.0
2143,2143,1629129.447081052,6130084.763813545,-9999.0
2144,2144,1629241.771298108,6130101.756401055,-9999.0
2145,2145,1620821.418036338,6130135.255253023,-0.694999993
2146,2146,1621231.090983984,6130179.105578726,-0.694999993
2147,2147,1621228.122148877,6130105.166630188,-0.694999993
2148,2148,1622909.661679968,6130118.17046196,-9999.0
2149,2149,1622979.300412109,6130093.09026893,-9999.0
2150,2150,1623703.586459889,6130104.517035717,-9999.0
2151,2151,1624065.480496171,6130095.579379762,-9999.0
2152,2152,1628363.939965815,6130080.858120742,0.331289228
2153,2153,1628518.505387364,6130077.459609973,-9999.0
2154,2154,1628539.00807201,6130078.123533931,-9999.0
2155,2155,1628812.100639392,6130107.195861904,-9999.0
2156,2156,1629219.960665615,6130081.021486551,-9999.0
2157,2157,1620883.766601724,6130088.239479706,-0.694999993
2158,2158,1622769.831291829,6130088.942425451,-9999.0
2159,2159,1622801.557120607,6130092.464383938,-9999.0
2160,2160,1622889.242472993,6130083.558891822,-9999.0
2161,2161,1624203.554076815,6130084.240385825,-9999.0
2162,2162,1626759.543876927,6130073.55340662,-9999.0
2163,2163,1626776.695843875,6130077.441464266,0.124999957
2164,2164,1628481.571287015,6130066.884870174,-9999.0
2165,2165,1628497.973867445,6130067.561681318,-9999.0
2166,2166,1628809.579738994,6130066.583181693,-9999.0
2167,2167,1629190.868939622,6130093.230810634,-9999.0
2168,2168,1622843.960558994,6130078.48705607,-9999.0
2169,2169,1622880.679995656,6130073.2097437,-9999.0
2170,2170,1623462.890322022,6130072.139871659,-9999.0
2171,2171,1623803.418906654,6130078.946131003,-9999.0
2172,2172,1626722.626484326,6130067.952545132,-9999.0
2173,2173,1628989.783986832,6130056.254668662,-9999.0
2174,2174,1629105.160827166,6130072.831741851,-9999.0
2175,2175,1620783.660333356,6130075.940868715,-0.694999993
2176,2176,1621125.998196248,6130067.683192818,-0.694999993
2177,2177,1623029.799324702,6130355.80705386,-9999.0
2178,2178,1624029.009558564,6130060.704606602,-9999.0
2179,2179,1625000.985705069,6130058.469440361,-9999.0
2180,2180,1628312.785094795,6130043.813179426,-9999.0
2181,2181,1628420.010350335,6130047.880682259,-9999.0
2182,2182,1628543.478777184,6130046.830506239,-9999.0
2183,2183,1622606.114942204,6130066.549038306,-9999.0
2184,2184,1624077.864941094,6130069.785867842,-9999.0
2185,2185,1624180.946714121,6130050.717368527,-9999.0
2186,2186,1628303.799361515,6130034.599128247,-9999.0
2187,2187,1628399.47900551,6130037.982532657,-9999.0
2188,2188,1628481.649080173,6130037.930720453,-9999.0
2189,2189,1629109.158664536,6130040.419131707,-9999.0
2190,2190,1620781.547914307,6130048.550160821,-0.694999993
2191,2191,1621879.824649394,6130050.394646317,-9999.0
2192,2192,1622528.001649924,6130044.609806382,-9999.0
2193,2193,1622929.974354731,6130043.404231013,-9999.0
2194,2194,1624208.655222898,6130044.513292429,-9999.0
2195,2195,1624423.055888046,6130044.94080973,-9999.0
2196,2196,1628358.445148317,6130027.42005293,-9999.0
2197,2197,1628802.858909798,6130034.623913616,-9999.0
2198,2198,1629129.857854549,6130025.718024753,-9999.0
2199,2199,1629146.818464736,6130046.408618956,-9999.0
2200,2200,1622286.508765971,6130040.447193108,-9999.0
2201,2201,1622467.073867978,6130035.174172844,-9999.0
2202,2202,1624241.797062324,6130030.255670475,-9999.0
2203,2203,1624979.805951593,6130028.265149471,-9999.0
2204,2204,1626168.82063732,6130024.932644326,-9999.0
2205,2205,1626218.021254938,6130024.791409259,-9999.0
2206,2206,1626549.954722908,6130028.916427409,-9999.0
2207,2207,1629137.426903634,6130015.731775552,-9999.0
2208,2208,1620749.752841383,6130047.172721292,-0.694999993
2209,2209,1621023.773393106,6130039.989225172,-0.694999993
2210,2210,1622650.585137164,6130028.589886047,-9999.0
2211,2211,1623150.600289757,6130031.236129289,-9999.0
2212,2212,1624250.305930995,6130019.862425323,-9999.0
2213,2213,1624299.50755081,6130020.140131077,-9999.0
2214,2214,1624600.965405686,6130020.00037092,-9999.0
2215,2215,1624700.975606039,6130019.062172187,-9999.0
2216,2216,1626775.76664528,6130013.005431521,-9999.0
2217,2217,1628542.550605682,6130012.938996755,-9999.0
2218,2218,1620695.092339918,6130015.5405938,-0.694999993
2219,2219,1620732.28107397,6130019.504226818,-0.694999993
2220,2220,1622048.050234927,6130020.980850487,-9999.0
2221,2221,1622995.098925534,6130042.766179821,-9999.0
2222,2222,1624730.692597586,6130024.572893036,-9999.0
2223,2223,1624750.484348628,6130008.55737523,-9999.0
2224,2224,1626529.734829307,6130003.762026585,-9999.0
2225,2225,1629126.856066213,6129999.338782955,-9999.0
2226,2226,1624286.744207831,6130004.597075976,-9999.0
2227,2227,1624512.65634851,6129999.645939008,-9999.0
2228,2228,1624979.724135935,6129998.379244029,-9999.0
2229,2229,1626792.108334761,6129993.033350053,0.192170689
2230,2230,1628255.05304094,6129984.707414854,-9999.0
2231,2231,1621829.529583032,6130012.60665694,-9999.0
2232,2232,1622955.048616788,6129993.531058171,-9999.0
2233,2233,1623768.947160674,6129998.143092532,-9999.0
2234,2234,1624025.676588424,6130021.636591605,-9999.0
2235,2235,1624028.489592011,6129990.971734503,-9999.0
2236,2236,1624581.821971675,6129994.582617225,-9999.0
2237,2237,1625488.100867162,6129987.011296813,-9999.0
2238,2238,1628940.497856797,6129976.5101635,-9999.0
2239,2239,1620688.570178853,6129992.502361966,-0.694999993
2240,2240,1621907.274759733,6129990.422102586,-9999.0
2241,2241,1622622.752161514,6129984.979417915,-9999.0
2242,2242,1622718.744530004,6130002.901998818,-9999.0
2243,2243,1623491.957515103,6129982.782983978,-9999.0
2244,2244,1623662.601617497,6129990.721834768,-9999.0
2245,2245,1624204.592465068,6129985.629041378,-9999.0
2246,2246,1624274.801274183,6129980.357743437,-9999.0
2247,2247,1624503.77102813,6129985.042923533,-9999.0
2248,2248,1626591.148378978,6129973.697083062,-9999.0
2249,2249,1628244.823142869,6129967.602220814,-9999.0
2250,2250,1628704.219174077,6130121.855923688,-9999.0
2251,2251,1628904.120475214,6129979.604978359,-9999.0
2252,2252,1622327.526016335,6129975.744579501,-9999.0
2253,2253,1623030.452482961,6129973.416995031,-9999.0
2254,2254,1623151.032577068,6129973.316156341,-9999.0
2255,2255,1623442.301700647,6129972.368192273,-9999.0
2256,2256,1623966.764638642,6129976.294786599,-9999.0
2257,2257,1624479.43955299,6129969.84899566,-9999.0
2258,2258,1626496.833236906,6129968.990406224,-9999.0
2259,2259,1623454.743795945,6129962.169890239,-9999.0
2260,2260,1623643.795990089,6129972.848575354,-9999.0
2261,2261,1624255.413852778,6129968.18489363,-9999.0
2262,2262,1626611.590418807,6129953.713371693,-9999.0
2263,2263,1626821.386925516,6129957.250012284,0.513772449
2264,2264,1620765.241965461,6129963.910211556,-0.694999993
2265,2265,1624241.58424657,6129950.151341683,-9999.0
2266,2266,1628379.397891096,6129985.938719344,-9999.0
2267,2267,1628384.73695969,6129947.568560411,-9999.0
2268,2268,1628428.636243726,6129947.278845111,-9999.0
2269,2269,1620728.948913901,6129954.52377058,-0.694999993
2270,2270,1620783.776172227,6129976.784680793,-0.623683002
2271,2271,1622355.55542725,6129945.413717888,-9999.0
2272,2272,1622681.793213432,6129950.453361141,-9999.0
2273,2273,1624582.457196211,6129940.062084519,-9999.0
2274,2274,1626619.133080952,6129933.767250027,-9999.0
2275,2275,1628706.365965312,6129942.06933717,-9999.0
2276,2276,1628803.189375418,6129930.425625103,-9999.0
2277,2277,1629030.54020559,6129926.413712579,-9999.0
2278,2278,1620685.422217414,6129951.592021071,-0.694999993
2279,2279,1621951.080977154,6129939.499829776,-9999.0
2280,2280,1623924.609999388,6129937.744158416,-9999.0
2281,2281,1624088.357548609,6129935.114685538,-9999.0
2282,2282,1626848.386559572,6129921.583126102,0.646538447
2283,2283,1628209.16027489,6129921.598851994,0.205272684
2284,2284,1629181.117556594,6129916.765617626,0.18099995
2285,2285,1621897.856423627,6129937.223794222,-9999.0
2286,2286,1624377.403511209,6129920.688142659,-9999.0
2287,2287,1624570.979453465,6129920.322949714,-9999.0
2288,2288,1626619.674207617,6129913.84155297,-9999.0
2289,2289,1628725.959732242,6129909.735547584,-9999.0
2290,2290,1620773.064321387,6129924.044373981,-0.694999993
2291,2291,1622737.948195559,6129935.073553245,-9999.0
2292,2292,1623560.880332582,6129912.494887663,-9999.0
2293,2293,1624175.879542838,6129910.886117047,-9999.0
2294,2294,1626487.640971654,6129916.63603667,-9999.0
2295,2295,1626563.765350384,6129937.680762121,-9999.0
2296,2296,1628196.239380252,6129899.064219712,-0.625000038
2297,2297,1624553.052308477,6129899.916926613,-9999.0
2298,2298,1624593.045289268,6129914.148624102,-9999.0
2299,2299,1626841.030405236,6129898.249988744,-9999.0
2300,2300,1622029.880610989,6129902.291218179,-9999.0
2301,2301,1624232.858698681,6129895.01849037,-9999.0
2302,2302,1624254.32407041,6129891.130025371,-9999.0
2303,2303,1628243.198647494,6129884.055425272,-9999.0
2304,2304,1628483.451130186,6129896.584808591,-9999.0
2305,2305,1629104.18159919,6129876.368689464,-9999.0
2306,2306,1629365.547301347,6129876.542037294,-0.168692352
2307,2307,1620633.58570464,6129889.493818615,-0.694999993
2308,2308,1621953.947340613,6129886.616732545,-9999.0
2309,2309,1623101.605328693,6129883.783178481,-9999.0
2310,2310,1623711.75287456,6129889.806245541,-9999.0
2311,2311,1624470.999052029,6129880.213277112,-9999.0
2312,2312,1626635.986974769,6129883.907773188,-9999.0
2313,2313,1626791.589757695,6129873.694435224,-9999.0
2314,2314,1628593.580510564,6129871.931098607,-9999.0
2315,2315,1620627.106790398,6129879.246779604,-0.694999993
2316,2316,1624023.902682863,6129876.524168839,-9999.0
2317,2317,1624241.373597812,6129870.864196075,-9999.0
2318,2318,1624552.971887081,6129870.031019418,-9999.0
2319,2319,1624612.79203972,6129869.665546774,-9999.0
2320,2320,1620683.228178648,6129873.917931401,-0.694999993
2321,2321,1621946.330476816,6129878.238441357,-9999.0
2322,2322,1623692.416140894,6129863.80019562,-9999.0
2323,2323,1624602.314333904,6129860.45978668,-9999.0
2324,2324,1628222.590829983,6129849.251917149,-0.625
2325,2325,1628564.716685194,6129857.604731641,-9999.0
2326,2326,1628676.695448786,6129884.565320447,-9999.0
2327,2327,1623068.910165373,6129858.756525563,-9999.0
2328,2328,1625530.676310872,6129870.800759871,-9999.0
2329,2329,1626643.315698271,6129850.516688081,-9999.0
2330,2330,1628442.781690492,6129853.121513432,-9999.0
2331,2331,1629259.853547337,6129836.022449278,-9999.0
2332,2332,1629415.652609743,6129835.521502108,-9999.0
2333,2333,1629524.974365628,6129831.842605035,-9999.0
2334,2334,1620789.305408962,6129854.273306164,-0.694999993
2335,2335,1623545.429613323,6129867.43541738,-9999.0
2336,2336,1624384.619904933,6129845.285840403,-9999.0
2337,2337,1624499.77291908,6129845.064607719,-9999.0
2338,2338,1626504.475059086,6129834.684733013,-9999.0
2339,2339,1626652.241435052,6129834.049995356,-9999.0
2340,2340,1628546.772517596,6129838.899494438,-9999.0
2341,2341,1628707.423552875,6129838.171642752,-9999.0
2342,2342,1629341.821016549,6129825.797142078,-9999.0
2343,2343,1629441.981857381,6129826.549300407,-0.028692352
2344,2344,1623467.38877437,6129857.113677631,-9999.0
2345,2345,1623831.452455135,6129836.872604718,-9999.0
2346,2346,1624618.631626135,6129829.801627702,-9999.0
2347,2347,1628278.243973127,6129867.272685024,-0.625000012
2348,2348,1629099.767054813,6129824.218667332,-9999.0
2349,2349,1629288.505406915,6129820.987396714,-9999.0
2350,2350,1629354.088879499,6129815.795590297,-9999.0
2351,2351,1620625.644289155,6129838.800824909,-0.694999993
2352,2352,1620749.438930466,6129869.373970949,-0.694999993
2353,2353,1624610.236123028,6129819.657933225,-9999.0
2354,2354,1625090.113337913,6129823.53627569,-9999.0
2355,2355,1628735.490517804,6129815.140148308,-9999.0
2356,2356,1629374.556639427,6129805.767631631,-9999.0
2357,2357,1629429.7158474,6129812.802020106,-9999.0
2358,2358,1629461.582254944,6129803.826656819,0.007666623
2359,2359,1629511.456262689,6129808.367808588,-9999.0
2360,2360,1622006.330702851,6129820.930450209,-9999.0
2361,2361,1623054.854189693,6129818.24024025,-9999.0
2362,2362,1624347.813507722,6129810.808544906,-9999.0
2363,2363,1624372.413211229,6129810.742866836,-9999.0
2364,2364,1625077.603668893,6129808.423295964,-9999.0
2365,2365,1626463.387525285,6129804.509214607,-9999.0
2366,2366,1628153.80737165,6129802.886393006,-0.625
2367,2367,1628235.335871428,6129799.402100042,-0.625
2368,2368,1629323.627269289,6129802.977187729,-9999.0
2369,2369,1629382.724482194,6129795.779242156,-9999.0
2370,2370,1629489.395996052,6129795.402788194,0.068323041
2371,2371,1620608.805748994,6129809.853848215,-0.694999993
2372,2372,1623757.394739869,6129802.402953177,-9999.0
2373,2373,1624356.322049099,6129800.415195734,-9999.0
2374,2374,1624405.186169735,6129800.693223114,-9999.0
2375,2375,1624432.8249871,6129832.850427678,-9999.0
2376,2376,1626887.624686193,6129812.8118889,0.274109207
2377,2377,1628748.375701565,6129793.100834471,-9999.0
2378,2378,1629394.992260062,6129785.777634376,-9999.0
2379,2379,1629547.635891982,6129792.134627975,-9999.0
2380,2380,1620736.80143154,6129803.487536723,-0.694999993
2381,2381,1623117.409714032,6129798.292480571,-9999.0
2382,2382,1623792.615365998,6129798.244635434,-9999.0
2383,2383,1628450.881760299,6129786.213295827,-9999.0
2384,2384,1629008.50183884,6129792.521341412,-9999.0
2385,2385,1629360.080692156,6129781.534761747,-9999.0
2386,2386,1620653.523380514,6129825.181905402,-0.674242823
2387,2387,1620695.070032019,6129794.453417175,-0.694999993
2388,2388,1620792.99400042,6129801.657397992,-0.694999993
2389,2389,1628421.486567901,6129772.925697476,-9999.0
2390,2390,1622776.23767597,6129788.577028032,-9999.0
2391,2391,1623437.858569701,6129773.343274506,-9999.0
2392,2392,1625741.866220633,6129771.910476753,-9999.0
2393,2393,1625791.065460359,6129771.771550673,-9999.0
2394,2394,1629091.43816122,6129775.828338616,-9999.0
2395,2395,1629148.56283434,6129761.97108389,-9999.0
2396,2396,1622303.86213536,6130238.935354422,-9999.0
2397,2397,1622798.088192431,6129769.778993243,-9999.0
2398,2398,1623634.473548534,6129767.650826881,-9999.0
2399,2399,1625684.257456858,6129757.334067668,-9999.0
2400,2400,1625717.224481804,6129757.036905389,-9999.0
2401,2401,1626505.512195271,6129791.314451044,-9999.0
2402,2402,1626883.857616057,6129753.67397043,-9999.0
2403,2403,1629480.684048616,6129753.086033132,-9999.0
2404,2404,1620568.411220795,6129758.717804438,-0.584714279
2405,2405,1620592.293591156,6129760.081139634,-0.694999993
2406,2406,1622074.692294866,6129767.051625345,-9999.0
2407,2407,1622806.418347856,6129754.610829798,-9999.0
2408,2408,1622804.546960692,6129828.854921398,-9999.0
2409,2409,1623109.477275868,6129754.256858555,-9999.0
2410,2410,1623908.318567376,6129760.628778401,-9999.0
2411,2411,1624788.139797319,6129754.616314435,-9999.0
2412,2412,1625645.171208479,6129752.120079377,-9999.0
2413,2413,1625708.827814958,6129746.894214256,-9999.0
2414,2414,1626496.349894737,6129744.641185878,-9999.0
2415,2415,1626549.911470686,6129745.270251527,-9999.0
2416,2416,1626591.349237759,6129816.959354051,-9999.0
2417,2417,1628136.972418071,6129750.766937671,-0.625
2418,2418,1624374.589677648,6129752.136501201,-9999.0
2419,2419,1625126.244726702,6129743.171342555,-9999.0
2420,2420,1625852.895770506,6129737.309842726,-9999.0
2421,2421,1626528.785206022,6129734.993472418,-9999.0
2422,2422,1629062.538180728,6129727.274429998,-9999.0
2423,2423,1629345.600550256,6129726.164152623,-9999.0
2424,2424,1620615.28511111,6129741.765271416,-0.694999993
2425,2425,1622748.265928001,6129739.448142231,-9999.0
2426,2426,1622868.630202465,6129743.643338524,-9999.0
2427,2427,1623035.62837399,6129734.519547683,-9999.0
2428,2428,1623867.654975221,6129739.515770012,-9999.0
2429,2429,1629083.857689691,6129716.036419725,-9999.0
2430,2430,1622757.144745552,6129724.847779077,-9999.0
2431,2431,1622809.9354545,6129730.209333823,-9999.0
2432,2432,1625749.743875528,6129717.301267892,-9999.0
2433,2433,1628795.573877252,6129714.469321398,-9999.0
2434,2434,1629053.939024833,6129897.880579931,-9999.0
2435,2435,1620607.262467573,6129731.557542766,-0.694999993
2436,2436,1622969.979604003,6129714.761000031,-9999.0
2437,2437,1623073.572371225,6129724.836184139,-9999.0
2438,2438,1629397.735190667,6129726.602516539,-0.782000065
2439,2439,1622844.650538169,6129709.879315713,-9999.0
2440,2440,1623753.970799973,6129738.06881641,-9999.0
2441,2441,1624536.317328724,6129712.824355783,-9999.0
2442,2442,1625708.68861358,6129697.492935462,-9999.0
2443,2443,1625938.282033858,6129696.434502498,-9999.0
2444,2444,1626565.727343994,6129712.014078896,-9999.0
2445,2445,1628813.425214401,6129694.108554583,-9999.0
2446,2446,1622138.155226284,6129702.95689316,-9999.0
2447,2447,1622969.929443479,6129694.83706592,-9999.0
2448,2448,1625918.353015298,6129687.31385008,-9999.0
2449,2449,1626354.898541653,6130009.166102163,-9999.0
2450,2450,1626493.517348789,6129688.315652828,-9999.0
2451,2451,1628230.28740749,6129737.995531411,-0.625
2452,2452,1629068.749329727,6129685.731506191,-9999.0
2453,2453,1629214.349665754,6129685.990398921,-9999.0
2454,2454,1623428.72392865,6129687.916029155,-9999.0
2455,2455,1624575.006586771,6129691.350743125,-9999.0
2456,2456,1624839.455036052,6129679.976745411,-9999.0
2457,2457,1626364.783174354,6129675.492192731,-9999.0
2458,2458,1626905.044508961,6129728.844760335,0.202108293
2459,2459,1628993.519449973,6129671.279210667,-9999.0
2460,2460,1622937.080193233,6129674.995647859,-9999.0
2461,2461,1623666.491897352,6129677.340330503,-9999.0
2462,2462,1625650.018796835,6129668.475596289,-9999.0
2463,2463,1625708.604401278,6129667.607008447,-9999.0
2464,2464,1626356.385856475,6129665.350092584,-9999.0
2465,2465,1622961.654438817,6129664.97180389,-9999.0
2466,2466,1625717.111267744,6129657.212378757,-9999.0
2467,2467,1626333.232534509,6129656.393688369,-9999.0
2468,2468,1626700.786098996,6129798.255141384,-9999.0
2469,2469,1628836.956794089,6129647.740599016,-9999.0
2470,2470,1628986.135580847,6129659.835766245,-9999.0
2471,2471,1622830.600945823,6129655.134360097,-9999.0
2472,2472,1623005.535204152,6129688.638967043,-9999.0
2473,2473,1623034.050927209,6129660.539555058,-9999.0
2474,2474,1623679.288516865,6129657.952175266,-9999.0
2475,2475,1626387.659436418,6129660.642779507,-9999.0
2476,2476,1626618.888557168,6129683.04539458,-9999.0
2477,2477,1629397.120724121,6129647.277920658,-0.425010453
2478,2478,1622630.11211394,6129646.252292369,-9999.0
2479,2479,1622819.639898698,6129644.796685007,-9999.0
2480,2480,1623428.431431424,6129651.969790081,-9999.0
2481,2481,1623594.802470842,6129647.212917792,-9999.0
2482,2482,1623634.318480861,6129651.339371189,-9999.0
2483,2483,1626007.512196838,6129637.334158571,-9999.0
2484,2484,1626473.784349064,6129654.780781549,-9999.0
2485,2485,1626856.653308517,6129634.209305657,-9999.0
2486,2486,1628131.269417441,6129652.724660071,-0.623546483
2487,2487,1629489.147706368,6129658.298968538,-0.42501479
2488,2488,1623488.968968513,6129676.636863837,-9999.0
2489,2489,1623728.692115519,6129646.825498221,-9999.0
2490,2490,1625995.481989556,6129626.537302292,-9999.0
2491,2491,1626799.058200291,6129624.620897784,-9999.0
2492,2492,1622901.66334645,6129887.53990564,-9999.0
2493,2493,1623040.049077712,6129625.302210529,-9999.0
2494,2494,1623617.532425412,6129623.449417739,-9999.0
2495,2495,1625685.778356794,6129618.705775541,-9999.0
2496,2496,1622937.685710398,6129630.313925977,-9999.0
2497,2497,1623018.55870383,6129619.225852521,-9999.0
2498,2498,1626790.799947733,6129604.721019301,-9999.0
2499,2499,1626848.365605502,6129604.347498302,-9999.0
2500,2500,1622792.248876918,6129612.035511066,-9999.0
2501,2501,1622822.10894617,6129605.5497544,-9999.0
2502,2502,1623573.798591996,6129605.849244306,-9999.0
2503,2503,1623651.141415951,6129619.063089275,-9999.0
2504,2504,1623713.270129461,6129607.908354393,-9999.0
2505,2505,1625798.604788163,6129597.618566889,-9999.0
2506,2506,1626353.5372787,6129599.098610149,-9999.0
2507,2507,1626795.438962459,6129585.159432075,-9999.0
2508,2508,1623596.757682896,6129588.739811422,-9999.0
2509,2509,1628135.031874733,6129570.584144611,-0.574999988
2510,2510,1622292.556928939,6129581.336621247,-9999.0
2511,2511,1622920.061927243,6129579.625702909,-9999.0
2512,2512,1622941.109754453,6129580.141922479,-9999.0
2513,2513,1624986.383573177,6129574.200610608,-9999.0
2514,2514,1628213.394547906,6129623.707940265,-0.319230015
2515,2515,1628857.342561625,6129558.570268485,-9999.0
2516,2516,1629394.302207425,6129571.594898012,-0.36500001
2517,2517,1622756.181198887,6129572.859201328,-9999.0
2518,2518,1623479.183120361,6129581.698036486,-9999.0
2519,2519,1623658.376073832,6129563.57137035,-9999.0
2520,2520,1625798.124984527,6129561.979302072,-9999.0
2521,2521,1626241.27491877,6129556.507829827,-9999.0
2522,2522,1624723.165729577,6129559.28126464,-9999.0
2523,2523,1625015.603919549,6129564.727619887,-9999.0
2524,2524,1625401.377471504,6129549.299072497,-9999.0
2525,2525,1626011.288395814,6129551.411987468,-9999.0
2526,2526,1626762.516936944,6129548.010806821,-9999.0
2527,2527,1628947.98183268,6129586.553950828,-9999.0
2528,2528,1629406.489393521,6129536.688285682,-0.36500001
2529,2529,1622720.169605946,6129550.485723676,-9999.0
2530,2530,1623616.150400649,6129554.749645779,-9999.0
2531,2531,1623642.09271977,6129543.485206508,-9999.0
2532,2532,1623673.266776167,6129549.381700111,-9999.0
2533,2533,1626852.846375391,6129543.392149745,0.197322536
2534,2534,1628855.367015569,6129543.340970106,-9999.0
2535,2535,1628935.939254119,6129529.891101963,-9999.0
2536,2536,1622683.943798871,6129572.971060308,-9999.0
2537,2537,1622690.907810953,6129535.938500496,-9999.0
2538,2538,1623565.247360868,6129560.754715376,-9999.0
2539,2539,1623658.196180523,6129534.760089276,-9999.0
2540,2540,1625798.407598042,6129527.884722763,-9999.0
2541,2541,1625823.006560786,6129527.815129252,-9999.0
2542,2542,1625916.081916148,6129533.822891621,-9999.0
2543,2543,1628139.608051114,6129530.721714765,-0.566007991
2544,2544,1629340.333059627,6129521.036326526,-0.165128958
2545,2545,1629436.97052265,6129559.047802345,-0.365025301
2546,2546,1622320.506420085,6129548.274447562,-9999.0
2547,2547,1622794.198338497,6129552.144651024,-9999.0
2548,2548,1622824.786613083,6129532.11847457,-9999.0
2549,2549,1623519.58802023,6129556.255390778,-9999.0
2550,2550,1623649.184977703,6129523.707196076,-9999.0
2551,2551,1625396.778290153,6129523.826269037,-9999.0
2552,2552,1624880.435962964,6129513.723920906,-9999.0
2553,2553,1628230.412043699,6129517.919781291,-0.011636211
2554,2554,1622568.04885472,6129524.087282183,-9999.0
2555,2555,1622710.992032323,6129511.291515589,-9999.0
2556,2556,1623435.566235054,6129543.988425669,-9999.0
2557,2557,1624912.395929576,6129504.668595671,-9999.0
2558,2558,1626200.444579646,6129588.588494963,-9999.0
2559,2559,1625638.99997329,6129488.86204113,-9999.0
2560,2560,1629435.816565626,6129481.044907059,0.13718081
2561,2561,1622490.698297849,6129502.857794641,-0.134599969
2562,2562,1622682.751971756,6129485.944327844,-0.134599969
2563,2563,1626016.154030454,6129477.832253445,-9999.0
2564,2564,1626356.036585023,6129486.238277636,-9999.0
2565,2565,1628241.91888949,6129470.633076283,-0.545000017
2566,2566,1622912.316821425,6129475.817237236,-0.134626638
2567,2567,1622972.900390644,6129503.539105216,-0.1346235
2568,2568,1623482.449805815,6129474.743714689,-9999.0
2569,2569,1624782.254937185,6129477.892083919,-9999.0
2570,2570,1625322.661783523,6129469.445297306,-9999.0
2571,2571,1625653.277004327,6129470.702437969,-9999.0
2572,2572,1625814.037140471,6129483.882087542,-9999.0
2573,2573,1626176.89377413,6129467.564426742,-9999.0
2574,2574,1628214.691165857,6129478.015818693,-0.545000017
2575,2575,1629310.471674083,6129453.337065169,-0.165000007
2576,2576,1621840.354184455,6129475.089290717,-0.119731002
2577,2577,1621914.913807124,6129470.854864853,-0.119731002
2578,2578,1622750.637034852,6129494.182069222,-0.134785227
2579,2579,1622870.957569924,6129465.958983431,-0.134993108
2580,2580,1623457.055455722,6129469.555624891,-0.134599969
2581,2581,1623583.433866201,6129497.631703834,-0.134599969
2582,2582,1623613.742738369,6129479.139826268,-0.134599969
2583,2583,1624909.152429593,6129460.997815032,-9999.0
2584,2584,1625301.963753379,6129464.625466317,-9999.0
2585,2585,1629300.48996314,6129444.901318133,-0.165000007
2586,2586,1622625.281659226,6129456.609542074,-0.135000005
2587,2587,1622903.434576061,6129461.212668437,-0.135000005
2588,2588,1626572.508476537,6129547.274698301,-9999.0
2589,2589,1628184.471030777,6129440.974308169,-0.545000017
2590,2590,1628290.331924022,6129438.936544462,-0.155695659
2591,2591,1629291.75704185,6129436.778517516,-0.165000007
2592,2592,1621860.026336244,6129455.17057804,-0.119731002
2593,2593,1621935.932811745,6129452.480456627,-0.119731002
2594,2594,1622613.255727623,6129445.808241901,-0.135000005
2595,2595,1624912.600237545,6129440.688130229,-9999.0
2596,2596,1624956.766774727,6129451.728532367,-9999.0
2597,2597,1628018.34507697,6129434.008340334,-0.545000017
2598,2598,1628156.413408039,6129455.22917769,-0.402720314
2599,2599,1629348.739094105,6129427.291210115,-0.165000007
2600,2600,1622379.089116853,6129442.06943824,-0.135000005
2601,2601,1625814.525021863,6129428.21854408,-9999.0
2602,2602,1626027.620961301,6129442.690188679,-9999.0
2603,2603,1625560.310614767,6129418.972279308,-9999.0
2604,2604,1626051.145565473,6129416.645049102,-9999.0
2605,2605,1626085.082185364,6129417.486891439,-9999.0
2606,2606,1628078.113327604,6129424.848704541,-0.545000017
2607,2607,1625438.763013661,6129409.880163385,-9999.0
2608,2608,1625611.194353509,6129416.567858607,-9999.0
2609,2609,1625983.15697891,6129408.191864806,-9999.0
2610,2610,1626579.65803303,6129408.278092437,-9999.0
2611,2611,1628201.786244883,6129411.714830752,-0.545000017
2612,2612,1622604.92047494,6129407.226027467,-0.135000005
2613,2613,1622883.541800108,6129411.36161808,-0.135000005
2614,2614,1625508.551600124,6129405.518226304,-9999.0
2615,2615,1625634.050627614,6129398.841261705,-9999.0
2616,2616,1626124.414008673,6129398.118236052,-9999.0
2617,2617,1626281.981715201,6129396.793343295,-9999.0
2618,2618,1628118.694363568,6129396.298085932,-0.545000017
2619,2619,1628147.747140432,6129402.8509943,-0.024800017
2620,2620,1628335.131371581,6129394.357822652,-0.165000007
2621,2621,1622477.542049255,6129397.202562979,-0.135000005
2622,2622,1622695.090524993,6129397.040122547,-0.135000005
2623,2623,1625542.510982124,6129400.706467661,-9999.0
2624,2624,1628285.589015452,6129401.446104764,0.076445952
2625,2625,1628342.778247759,6129383.593065721,-0.165000007
2626,2626,1622501.411094813,6129391.389286147,-0.135000005
2627,2627,1622557.372261561,6129393.5089644,-0.135000005
2628,2628,1622838.4732827,6129401.669364081,-0.135000005
2629,2629,1626258.96156529,6129385.486612652,-9999.0
2630,2630,1622318.717786055,6129382.134423763,-0.135000005
2631,2631,1622354.331766782,6129377.376948768,-0.135000005
2632,2632,1622462.176641583,6129380.405268028,-0.135000005
2633,2633,1624838.010833443,6129385.297606405,0.236820102
2634,2634,1626843.074046885,6129431.460991119,0.197777733
2635,2635,1628316.001935204,6129359.3546057,0.144135132
2636,2636,1628355.01739112,6129371.219007577,-0.165000007
2637,2637,1629294.462816616,6129373.264556816,-0.165000007
2638,2638,1621899.271336784,6129383.461756236,-0.119731002
2639,2639,1622346.107862775,6129367.435066889,-0.135000005
2640,2640,1622875.794439363,6129380.643777983,-0.135000005
2641,2641,1625224.431898754,6129364.91155363,-9999.0
2642,2642,1625904.85978681,6129358.229584903,-9999.0
2643,2643,1629374.932348011,6129367.109520066,0.016541522
2644,2644,1622337.883976638,6129357.493177541,-0.135000005
2645,2645,1622498.85804211,6129437.030345813,-0.134973219
2646,2646,1625578.392805286,6129358.944417949,-9999.0
2647,2647,1625889.961788692,6129358.32588319,-9999.0
2648,2648,1626043.885324695,6129347.87015611,-9999.0
2649,2649,1626218.954007702,6129353.640368519,-9999.0
2650,2650,1628333.064419605,6129339.183099322,0.248907267
2651,2651,1622771.89564727,6129350.869990418,-0.135000005
2652,2652,1622981.948304694,6129346.511811134,-0.135000005
2653,2653,1625133.864155938,6129351.214006287,-9999.0
2654,2654,1625234.244188887,6129342.92378248,-9999.0
2655,2655,1626257.043495724,6129337.297065256,-9999.0
2656,2656,1626883.847706589,6129337.986848372,-9999.0
2657,2657,1626911.816896037,6129339.788498567,-9999.0
2658,2658,1628358.976303727,6129321.239365696,0.184854538
2659,2659,1629362.00119486,6129324.807006371,0.096008327
2660,2660,1622928.004138027,6129326.347310102,-0.135000005
2661,2661,1625215.821553275,6129320.106110251,-9999.0
2662,2662,1628281.102580702,6129312.272381202,-0.165000007
2663,2663,1621784.323536084,6129318.983817382,-0.119731002
2664,2664,1624791.256330009,6129315.735375051,-9999.0
2665,2665,1625983.131594653,6129317.197126721,-9999.0
2666,2666,1626437.345568513,6129306.890131527,-9999.0
2667,2667,1626800.962982934,6129322.907428226,-9999.0
2668,2668,1626844.038985311,6129311.98424725,-9999.0
2669,2669,1628394.305443393,6129297.839892784,0.046249997
2670,2670,1629304.636789285,6129305.135152911,-0.165000007
2671,2671,1625117.205533748,6129300.65835218,-9999.0
2672,2672,1626617.70460401,6129296.403594794,-9999.0
2673,2673,1622261.665109788,6129299.464899402,-0.135000005
2674,2674,1622662.044967816,6129297.5019417,-0.135000005
2675,2675,1624805.767091664,6129291.34417413,-9999.0
2676,2676,1625236.551406019,6129302.118582822,-9999.0
2677,2677,1626002.354826973,6129298.940002702,-9999.0
2678,2678,1628317.887831263,6129287.061835004,-0.165000007
2679,2679,1628415.735377882,6129279.822998883,0.176970191
2680,2680,1625084.352962498,6129280.824636991,-9999.0
2681,2681,1625248.67671029,6129279.962710098,-9999.0
2682,2682,1625485.639173604,6129290.225821295,-9999.0
2683,2683,1625105.421693559,6129271.180792758,-9999.0
2684,2684,1626039.738827707,6129272.961121195,-9999.0
2685,2685,1626437.230087743,6129267.04219598,-9999.0
2686,2686,1628443.705673269,6129263.234069337,0.277646951
2687,2687,1622616.276527141,6129267.353255925,-0.135000005
2688,2688,1626445.735751167,6129256.646873726,-9999.0
2689,2689,1622258.843714605,6129263.540131926,-0.135000005
2690,2690,1624677.539336594,6129247.779416373,-9999.0
2691,2691,1624768.79546803,6129259.271935913,-9999.0
2692,2692,1626724.591387219,6129266.562963193,-9999.0
2693,2693,1626748.749762193,6129246.209935428,-9999.0
2694,2694,1621386.488738094,6129250.918923429,-0.119731002
2695,2695,1622517.834494158,6129247.672716066,-0.135000005
2696,2696,1625248.231248396,6129240.524315903,-9999.0
2697,2697,1625417.736564416,6129249.047457895,-9999.0
2698,2698,1626068.81013673,6129244.307687335,-9999.0
2699,2699,1628389.339075862,6129233.713725155,-0.165000007
2700,2700,1621406.227937839,6129243.986466037,-0.119731002
2701,2701,1622534.208658551,6129237.670249521,-0.135000005
2702,2702,1624724.669422522,6129245.912292648,-9999.0
2703,2703,1628399.765408424,6129225.124894358,-0.165000007
2704,2704,1624663.251293752,6129229.422756989,-9999.0
2705,2705,1625384.264980261,6129230.103789535,-9999.0
2706,2706,1628519.896098533,6129210.754032274,-0.165000007
2707,2707,1622056.921453329,6129238.807165086,-0.119731002
2708,2708,1622449.921885262,6129223.820959554,-0.135000005
2709,2709,1625244.646425453,6129211.024234143,-9999.0
2710,2710,1626465.583909343,6129212.272372781,-9999.0
2711,2711,1626684.481049353,6129221.230785738,-9999.0
2712,2712,1626795.718162362,6129217.12994868,-9999.0
2713,2713,1623618.194524879,6129211.14428861,-0.135000005
2714,2714,1626404.230552213,6129197.403294239,-9999.0
2715,2715,1626779.366142226,6129192.163648251,-9999.0
2716,2716,1628497.123336621,6129195.833099136,-0.117692205
2717,2717,1623501.787460926,6129190.195301812,-0.135000005
2718,2718,1624642.245740471,6129186.625487211,-9999.0
2719,2719,1624680.146711386,6129186.234769044,-9999.0
2720,2720,1621528.151737896,6129185.587826292,-0.119731002
2721,2721,1628446.039388241,6129191.060643991,-0.165000007
2722,2722,1629373.836753228,6129182.675532261,0.267977471
2723,2723,1622501.238132208,6129167.608799212,-0.135000005
2724,2724,1624666.026496906,6129162.216409029,-9999.0
2725,2725,1622284.226974599,6129183.066279779,-0.135000005
2726,2726,1626598.607902838,6129152.508677839,-9999.0
2727,2727,1622423.037486722,6129181.781720377,-0.135000005
2728,2728,1626069.341215786,6129141.131858319,-9999.0
2729,2729,1628577.773891596,6129147.950328366,-0.054430548
2730,2730,1622493.133778967,6129137.94697617,-0.135000005
2731,2731,1626626.109787999,6129137.797932519,-9999.0
2732,2732,1621924.69664318,6129133.798626735,-0.119731002
2733,2733,1622148.669638027,6129131.844789417,-0.0896536
2734,2734,1624662.185387016,6129127.051533174,-9999.0
2735,2735,1625202.898561381,6129132.999779876,-9999.0
2736,2736,1621233.767234061,6129124.416822979,-0.027325157
2737,2737,1622586.530464982,6129129.710394762,-0.135000005
2738,2738,1624630.842045628,6129112.501210078,-9999.0
2739,2739,1626759.392813846,6129110.838951666,-9999.0
2740,2740,1628560.278573423,6129106.025772084,-0.165000007
2741,2741,1628622.269163814,6129107.178144019,-0.165000007
2742,2742,1621145.617662397,6129110.844891052,-0.119731002
2743,2743,1621927.143482232,6129109.643255435,-0.119731002
2744,2744,1622003.851272628,6129117.462991036,-0.119731002
2745,2745,1622671.023307457,6129116.821878196,-0.135000005
2746,2746,1624604.970370759,6129119.15393284,-9999.0
2747,2747,1625223.428786547,6129105.900844312,-9999.0
2748,2748,1628667.319968509,6129093.531825748,-0.165000007
2749,2749,1622222.292571734,6129098.966972674,-0.135000005
2750,2750,1626052.133020099,6129100.478770816,-9999.0
2751,2751,1626791.350845384,6129090.243496579,-9999.0
2752,2752,1628615.635491711,6129080.193275587,0.305836417
2753,2753,1621431.638910335,6129091.27299782,-0.119731002
2754,2754,1621941.229240884,6129095.165735504,-0.119731002
2755,2755,1621980.028250602,6129098.511114029,-0.119731002
2756,2756,1622484.707870809,6129092.589100949,-0.135000005
2757,2757,1624766.638246292,6129074.670423895,-9999.0
2758,2758,1623505.579087914,6129070.641018133,-0.135000005
2759,2759,1628711.323533751,6129058.68189435,-0.165000007
2760,2760,1622094.869459322,6129070.287997389,0.287713466
2761,2761,1623207.896408016,6129060.859104007,-0.135000005
2762,2762,1626860.42047258,6129052.206642447,-9999.0
2763,2763,1621287.629470482,6129051.18163056,-0.119731002
2764,2764,1624813.121480639,6129042.477117226,-9999.0
2765,2765,1626813.283316651,6129047.013295333,-9999.0
2766,2766,1626590.637103788,6129035.924931952,-9999.0
2767,2767,1621091.742185154,6129035.547297565,-0.119731002
2768,2768,1622771.803645924,6129027.468864343,-0.135000005
2769,2769,1625992.564683886,6129023.374853565,-9999.0
2770,2770,1626310.17234757,6129043.835599316,-9999.0
2771,2771,1626329.918720564,6129018.300841844,-9999.0
2772,2772,1622483.977665486,6129034.021380463,-0.135000005
2773,2773,1624812.612399363,6129018.288342073,-9999.0
2774,2774,1626515.823259962,6129010.866380204,-9999.0
2775,2775,1626807.239586324,6129011.143114729,-9999.0
2776,2776,1626842.521590334,6129011.621448462,-9999.0
2777,2777,1622751.978663052,6129036.70956998,-0.135000005
2778,2778,1623181.377258227,6129006.921704425,-0.135000005
2779,2779,1623502.492125389,6129029.130511697,-0.135000005
2780,2780,1624604.141979172,6129017.933769434,-9999.0
2781,2781,1625241.275510325,6129027.282536118,-9999.0
2782,2782,1629346.848576298,6129052.194483306,-0.164514967
2783,2783,1622082.66413274,6128999.685733172,-0.135000005
2784,2784,1622582.813017664,6128998.461199395,-0.135000005
2785,2785,1624821.185154032,6128992.644896246,-9999.0
2786,2786,1621946.548817449,6129025.530811433,-0.107314817
2787,2787,1622037.666578633,6129001.086068924,-0.090344542
2788,2788,1625091.911593059,6128986.718859979,-9999.0
2789,2789,1626838.151857754,6128976.971351687,-9999.0
2790,2790,1628789.721189519,6128970.816207463,-0.165000007
2791,2791,1621967.995544839,6128979.834245034,-0.119731002
2792,2792,1626280.580017164,6128968.632773824,-9999.0
2793,2793,1626850.158742988,6128966.189164372,-9999.0
2794,2794,1622090.422108981,6128973.988444529,-0.135000005
2795,2795,1622748.32255123,6128975.486816674,-0.135000005
2796,2796,1626190.360719951,6128958.930194365,-9999.0
2797,2797,1628773.375055488,6128950.807263322,-0.165000007
2798,2798,1624668.927378735,6128967.552341295,-9999.0
2799,2799,1625182.568611044,6128957.151968675,-9999.0
2800,2800,1626812.160359671,6128967.668048029,-9999.0
2801,2801,1622664.680879445,6128948.447954678,-0.135000005
2802,2802,1622714.043225381,6128948.120868302,-0.135000005
2803,2803,1626281.152068659,6128943.001168506,-9999.0
2804,2804,1626452.470967648,6128976.10954266,-9999.0
2805,2805,1622688.63274597,6128957.208522368,-0.135000005
2806,2806,1624673.77474078,6128933.272495169,-9999.0
2807,2807,1624842.146300055,6128949.617871382,-9999.0
2808,2808,1625934.89435561,6128926.438243923,-9999.0
2809,2809,1626163.675231696,6128938.730679242,-9999.0
2810,2810,1626902.970549426,6128931.666916916,-9999.0
2811,2811,1621070.08587912,6128937.123464659,-0.119731002
2812,2812,1622438.63897711,6128929.882084943,-0.135000005
2813,2813,1625241.389866284,6128961.930628248,-9999.0
2814,2814,1628748.67771016,6128914.327786128,-0.112259849
2815,2815,1625087.267425583,6128917.30528515,-9999.0
2816,2816,1626174.550126846,6128914.511083023,-9999.0
2817,2817,1626919.647255829,6128905.730016829,0.202764663
2818,2818,1622628.305442905,6128916.318915845,-0.135000005
2819,2819,1624987.338805793,6129139.90531716,-9999.0
2820,2820,1626099.632140337,6128903.625445237,-9999.0
2821,2821,1622426.78399573,6128899.225785155,-0.135000005
2822,2822,1626556.888417696,6128914.578493565,-9999.0
2823,2823,1626809.224827635,6128904.255186511,-9999.0
2824,2824,1626881.447860857,6128892.291024849,-9999.0
2825,2825,1629305.514698565,6128900.764970084,-0.165000007
2826,2826,1622631.90373995,6128888.552806423,-0.135000005
2827,2827,1625075.058130248,6128882.367876941,-9999.0
2828,2828,1625223.590227626,6128887.480039697,-9999.0
2829,2829,1626506.952701751,6128889.928423516,-9999.0
2830,2830,1622004.675395252,6128890.087540879,-0.119731002
2831,2831,1623082.659454151,6128877.665496498,-0.135000005
2832,2832,1624603.36298959,6128879.579313807,-9999.0
2833,2833,1626258.172506836,6129269.252216584,-9999.0
2834,2834,1621033.102026989,6128871.856813692,-0.068248004
2835,2835,1621106.664373857,6128872.489990607,-0.119731002
2836,2836,1624554.918434716,6128874.903776208,-9999.0
2837,2837,1626069.720012796,6128861.835911346,-9999.0
2838,2838,1626104.582189852,6128859.93155508,-9999.0
2839,2839,1628694.196799439,6128848.081659712,-0.165000007
2840,2840,1628766.099746769,6128865.691103633,-0.165000007
2841,2841,1622005.033064263,6128860.781036404,-0.119731002
2842,2842,1626411.589996791,6128849.233219101,-9999.0
2843,2843,1626587.981574565,6128863.352634975,-9999.0
2844,2844,1626687.715154778,6128856.99182267,-9999.0
2845,2845,1626919.411183011,6128862.128463945,-9999.0
2846,2846,1621016.007825482,6128852.679753135,-0.068248004
2847,2847,1623336.753746534,6128847.132795013,-0.135000005
2848,2848,1624572.400619096,6128849.499477834,-9999.0
2849,2849,1629053.390648933,6128839.684498991,-0.165000007
2850,2850,1622243.609157032,6128842.968216401,-0.119731002
2851,2851,1626066.636474968,6128833.985307466,-9999.0
2852,2852,1626649.252701791,6128838.370379096,-9999.0
2853,2853,1626895.302148076,6128837.129825297,-9999.0
2854,2854,1621774.958955766,6128830.866625064,-0.119731002
2855,2855,1621815.613012017,6128836.058566442,-0.119731002
2856,2856,1623336.702770209,6128827.208833109,-0.135000005
2857,2857,1624609.542203245,6128840.846695008,-9999.0
2858,2858,1625017.500695829,6128822.753561228,-9999.0
2859,2859,1626091.205074149,6128823.952990218,-9999.0
2860,2860,1626443.648299487,6128830.14861784,-9999.0
2861,2861,1626979.324011919,6128822.347333042,0.28985629
2862,2862,1627042.553606095,6128817.102293812,0.251684536
2863,2863,1628730.018213634,6128814.213700423,-0.165000007
2864,2864,1622287.204029558,6128819.463010561,-0.119731002
2865,2865,1625947.565139002,6128838.584953978,-9999.0
2866,2866,1622265.207880281,6128814.036311174,-0.119731002
2867,2867,1622635.805490922,6128808.846800635,-0.135000005
2868,2868,1624615.695147005,6128803.922679018,-9999.0
2869,2869,1625826.183888444,6128794.456484937,-9999.0
2870,2870,1626964.845813248,6128786.765398952,-9999.0
2871,2871,1624635.967067701,6128789.028628062,-9999.0
2872,2872,1626027.79711035,6128789.43540801,-9999.0
2873,2873,1626392.007869723,6128782.676329021,-9999.0
2874,2874,1621148.826361772,6128795.816234672,-0.068248004
2875,2875,1621315.642293884,6128789.38852512,-0.119731002
2876,2876,1621787.138488145,6128781.027373657,-0.119731002
2877,2877,1623303.411220223,6128781.691321013,-0.135000005
2878,2878,1625874.136045279,6128790.217850167,-9999.0
2879,2879,1626034.371841897,6128769.68881871,-9999.0
2880,2880,1628633.944422167,6128761.656214427,-0.165000007
2881,2881,1621072.010056039,6128775.948103187,0.174999997
2882,2882,1621108.093304778,6128780.112541537,0.175258498
2883,2883,1621174.162358252,6128779.294645624,-0.068248004
2884,2884,1624836.959577023,6128763.474607873,-9999.0
2885,2885,1622918.377952172,6128758.535241664,-0.135000005
2886,2886,1623389.955484113,6128759.203384692,-0.135000005
2887,2887,1622602.815505929,6128766.938147711,-0.135000005
2888,2888,1625866.470571667,6128741.065084367,-9999.0
2889,2889,1628665.502981678,6128732.349580969,-0.165000007
2890,2890,1622565.772879928,6128739.08175069,-0.135000005
2891,2891,1625184.983428069,6128741.268012031,-9999.0
2892,2892,1625755.326491077,6128730.837257443,-9999.0
2893,2893,1626274.747093883,6128750.354734726,-9999.0
2894,2894,1621031.343193244,6128750.879918035,0.198963161
2895,2895,1621055.97328098,6128729.623789499,0.202454542
2896,2896,1621786.48291664,6128735.630662574,-0.119731002
2897,2897,1624612.83142753,6128727.300059506,-9999.0
2898,2898,1626305.159459868,6128724.958405271,-9999.0
2899,2899,1625765.186562764,6128715.823635794,-9999.0
2900,2900,1625817.768386563,6128727.140582629,-9999.0
2901,2901,1626034.524140104,6128714.580809939,-9999.0
2902,2902,1626263.435897344,6128709.668266783,-9999.0
2903,2903,1628663.206415359,6128710.31690814,0.034804871
2904,2904,1623016.271270103,6128712.686112466,-0.135000005
2905,2905,1626025.637599747,6128699.979242452,-9999.0
2906,2906,1620951.766689221,6128701.829548173,0.174999997
2907,2907,1621835.973816933,6128701.418606534,-0.119731002
2908,2908,1623271.466699024,6128715.615891,-0.135000005
2909,2909,1624566.969497508,6128694.01650246,-9999.0
2910,2910,1624815.604260771,6128879.470062544,-9999.0
2911,2911,1624951.762741853,6128708.165632812,-9999.0
2912,2912,1625972.915045858,6128690.952230522,-9999.0
2913,2913,1621950.734334874,6128691.181097594,-0.119731002
2914,2914,1621539.307435541,6128685.215976781,-0.119731002
2915,2915,1621595.762354198,6128690.152983654,-0.119731002
2916,2916,1625938.38721034,6128677.980437406,-9999.0
2917,2917,1621610.024495863,6128676.525010531,-0.119731002
2918,2918,1622605.458649941,6128687.460862307,-0.133982113
2919,2919,1624595.419080574,6128664.884725008,-9999.0
2920,2920,1625123.816267169,6128662.864124527,-9999.0
2921,2921,1625695.676734388,6128664.422586814,-9999.0
2922,2922,1626009.127308443,6128660.586649883,-9999.0
2923,2923,1621480.568431962,6128671.630741904,-0.119731002
2924,2924,1621520.622128279,6128671.453373402,-0.119731002
2925,2925,1623212.224627972,6128667.271162428,-0.135000005
2926,2926,1625960.853600934,6128662.168878993,-9999.0
2927,2927,1620985.669195788,6128670.91532538,0.174999997
2928,2928,1621026.453086125,6128663.834623475,0.174999997
2929,2929,1621950.26957523,6128655.541665963,-0.119731002
2930,2930,1626269.135674567,6128646.385415507,-9999.0
2931,2931,1629204.827074479,6128632.770710324,0.440999998
2932,2932,1622340.656739014,6128640.800299424,-0.119731002
2933,2933,1623146.254132871,6128646.064564722,-0.135000005
2934,2934,1624680.828849953,6128634.391649915,-9999.0
2935,2935,1625755.808669697,6128664.22246888,-9999.0
2936,2936,1628663.193820544,6128625.404591938,0.476239124
2937,2937,1621801.777863466,6128667.10677446,-0.119731002
2938,2938,1624554.504498002,6128637.025775615,-9999.0
2939,2939,1625938.093013041,6128624.168919058,-9999.0
2940,2940,1625926.995794674,6128610.601532051,-9999.0
2941,2941,1622595.860259684,6128631.826658226,-0.119686609
2942,2942,1625652.208316272,6128606.475392554,-9999.0
2943,2943,1621819.33770744,6128601.838055597,-0.119731002
2944,2944,1622389.788933055,6128599.586396639,-0.119731002
2945,2945,1622702.772937909,6128702.781049741,-0.134702082
2946,2946,1621675.990765766,6128587.032543481,-0.119731002
2947,2947,1624943.006357815,6128615.134022722,-9999.0
2948,2948,1625706.595850588,6128602.10470593,-9999.0
2949,2949,1621811.067433095,6128571.971725372,-0.119731002
2950,2950,1622696.740145007,6128584.549417894,-0.119686109
2951,2951,1624549.654026451,6128574.769024052,-9999.0
2952,2952,1625712.548677587,6128560.868058756,-9999.0
2953,2953,1622612.760343632,6128565.901995831,-0.119731002
2954,2954,1625861.236823328,6128551.424396092,-9999.0
2955,2955,1629203.330484533,6128605.152484744,0.32338889
2956,2956,1625637.336756863,6128552.784292306,-9999.0
2957,2957,1625013.428025892,6128539.614801707,-9999.0
2958,2958,1625631.754652613,6128521.981713451,-9999.0
2959,2959,1625828.357079023,6128521.631351521,-9999.0
2960,2960,1626212.374083519,6128528.141109843,-9999.0
2961,2961,1622438.748704604,6128521.014985712,-0.119731002
2962,2962,1624580.802220721,6128536.739968425,-9999.0
2963,2963,1624745.938107766,6128720.96842355,-9999.0
2964,2964,1624992.030106427,6128504.037361687,-9999.0
2965,2965,1625697.325366302,6128513.117284575,-9999.0
2966,2966,1622696.358709239,6128522.358192435,-0.119731002
2967,2967,1624598.602986549,6128484.250548813,-9999.0
2968,2968,1621819.813274231,6128494.362856313,-0.119731002
2969,2969,1622655.293973794,6128491.478631419,-0.119731002
2970,2970,1624759.708978015,6128467.888904231,-9999.0
2971,2971,1626082.683668754,6128461.135093579,-9999.0
2972,2972,1626074.119047503,6128450.788906776,-9999.0
2973,2973,1625794.180552501,6128453.437538489,-9999.0
2974,2974,1625522.365759572,6128426.032110747,-9999.0
2975,2975,1625770.851888696,6128421.96899292,-9999.0
2976,2976,1622758.250702204,6128420.602833631,-0.119731002
2977,2977,1624934.026397924,6128418.74514512,-9999.0
2978,2978,1624955.490538297,6128492.313513329,-9999.0
2979,2979,1625618.718719646,6128411.855073403,-9999.0
2980,2980,1624861.046928371,6128409.551437953,-9999.0
2981,2981,1625541.247567925,6128407.671813237,-9999.0
2982,2982,1625655.479901871,6128406.78204826,-9999.0
2983,2983,1626157.149837594,6128414.533263341,-9999.0
2984,2984,1622398.874588776,6128403.737947539,-0.119731002
2985,2985,1622461.131386929,6128408.384243282,-0.119731002
2986,2986,1623040.859824264,6128404.67912768,-0.119731002
2987,2987,1625735.947849247,6128398.731465307,-9999.0
2988,2988,1622384.540656555,6128390.85685703,-0.119731002
2989,2989,1625595.549333225,6128451.281969093,-9999.0
2990,2990,1625614.79786861,6128382.764643055,-9999.0
2991,2991,1621622.237958721,6128392.900558219,-0.119731002
2992,2992,1622425.229193636,6128384.859191162,-0.119731002
2993,2993,1622499.477626769,6128385.797291096,-0.119731002
2994,2994,1625477.934044357,6128363.935547878,-9999.0
2995,2995,1622442.026059622,6128361.033740989,-0.119731002
2996,2996,1625713.26465238,6128352.397022817,-9999.0
2997,2997,1624887.201856385,6128343.871508704,-9999.0
2998,2998,1625979.323761544,6128337.007926583,-9999.0
2999,2999,1626031.527096225,6128338.921970301,-9999.0
3000,3000,1621740.484984524,6128323.549760452,-0.119731002
3001,3001,1625009.919436333,6128427.659771461,-9999.0
3002,3002,1623073.204018177,6128314.629453237,-0.119731002
3003,3003,1629126.021977133,6128302.404665785,-0.165000007
3004,3004,1621718.434193942,6128307.981481261,-0.119731002
3005,3005,1623097.761746395,6128299.624273782,-0.087731004
3006,3006,1625484.136059234,6128293.267745805,-9999.0
3007,3007,1622984.262786435,6128290.683403631,-0.119731002
3008,3008,1625557.858538993,6128288.6495172,-9999.0
3009,3009,1621562.42285598,6128286.410699504,-0.119731002
3010,3010,1622376.07416819,6128281.703732029,-0.119731002
3011,3011,1622463.60863637,6128284.554646242,-0.119731002
3012,3012,1624688.056845182,6128275.737796361,-9999.0
3013,3013,1625677.576494557,6128285.02945359,-9999.0
3014,3014,1626327.436791209,6128849.868915464,-9999.0
3015,3015,1625956.425474183,6128278.77666271,-9999.0
3016,3016,1622541.49304229,6128271.864499135,-0.119731002
3017,3017,1624624.577573369,6128306.678021034,-9999.0
3018,3018,1624688.001800719,6128255.405212088,-9999.0
3019,3019,1624953.397312384,6128325.9117934,-9999.0
3020,3020,1623154.277557786,6128254.835633385,0.018169116
3021,3021,1624827.350374624,6128245.473433079,-9999.0
3022,3022,1625535.332925654,6128324.262163348,-9999.0
3023,3023,1623097.610458721,6128239.85225975,-0.088050999
3024,3024,1623214.525258216,6128241.836150769,0.753762898
3025,3025,1622597.309704167,6128230.939364913,-0.119731002
3026,3026,1624683.651042604,6128231.024191554,-9999.0
3027,3027,1624925.847440106,6128225.804326547,-9999.0
3028,3028,1625465.003903784,6128281.532318776,-9999.0
3029,3029,1625482.751217414,6128229.300605409,-9999.0
3030,3030,1625524.166886714,6128223.625573813,-9999.0
3031,3031,1621527.124564055,6128223.190252189,-0.119731002
3032,3032,1621682.9840075,6128228.690555319,-0.119731002
3033,3033,1622416.360633616,6128229.941266031,-0.119731002
3034,3034,1624860.244042869,6128220.274352686,-9999.0
3035,3035,1625630.886692752,6128213.159864715,-9999.0
3036,3036,1623105.901868572,6128210.149394273,-0.088050999
3037,3037,1624687.868059608,6128206.003839698,-9999.0
3038,3038,1623348.008572531,6128204.432186115,0.706462605
3039,3039,1624958.409537036,6128222.281514915,-9999.0
3040,3040,1622638.539409935,6128190.988906837,-0.119731002
3041,3041,1623377.593317972,6128187.66826033,0.679231456
3042,3042,1621510.15564277,6128198.964423618,-0.119731002
3043,3043,1624884.717133522,6128175.378288637,-9999.0
3044,3044,1624630.371209987,6128166.311048155,-9999.0
3045,3045,1625606.151413339,6128163.418980736,-9999.0
3046,3046,1621634.01115013,6128176.120249257,-0.119731002
3047,3047,1625919.457735388,6128196.35336433,-9999.0
3048,3048,1623002.761472879,6128155.722621425,-0.119731002
3049,3049,1623408.922674914,6128149.399936875,-0.064250999
3050,3050,1624876.464347724,6128155.476673436,-9999.0
3051,3051,1623327.402277092,6128144.107331591,-0.088050999
3052,3052,1625597.897058148,6128143.518009321,-9999.0
3053,3053,1622867.61052471,6128131.053639026,-0.119731002
3054,3054,1624589.217933628,6128131.232093228,-9999.0
3055,3055,1624708.745756751,6128126.626919052,-9999.0
3056,3056,1625428.609679935,6128121.525404644,-9999.0
3057,3057,1622851.188792574,6128121.132752445,-0.119731002
3058,3058,1623444.00913415,6128122.163999003,0.415144366
3059,3059,1624583.794860734,6128116.006928837,-9999.0
3060,3060,1621443.27470553,6128111.234416108,-0.119731002
3061,3061,1623351.264204192,6128109.903838587,-0.088050999
3062,3062,1623462.884207208,6128102.346399421,0.19602127
3063,3063,1625589.558871942,6128093.731020093,-9999.0
3064,3064,1624877.808739718,6128083.012307493,-9999.0
3065,3065,1625467.97246178,6128124.933718659,-9999.0
3066,3066,1623465.262215669,6128066.696986886,-0.088050999
3067,3067,1625581.248720691,6128053.90602662,-9999.0
3068,3068,1624569.569669412,6128054.695771334,-9999.0
3069,3069,1627095.786584476,6128037.222820176,-0.395000011
3070,3070,1625844.322442238,6128042.116217291,-9999.0
3071,3071,1627048.967884936,6128031.074762938,-0.395000011
3072,3072,1624818.736515591,6128031.108088945,-9999.0
3073,3073,1627131.243334401,6128019.539724261,-0.395000011
3074,3074,1623465.991048075,6128024.727526248,-0.088050999
3075,3075,1625433.567675036,6128014.470821906,-9999.0
3076,3076,1627027.505788204,6128017.760819601,-0.395000011
3077,3077,1623442.712464554,6128008.936310248,-0.088050999
3078,3078,1624844.339090926,6128015.891051451,-9999.0
3079,3079,1623526.267843189,6128002.54762873,-0.080337791
3080,3080,1625622.213120336,6127984.260763702,-9999.0
3081,3081,1627297.381560049,6127984.710137892,-0.395000011
3082,3082,1623440.282615947,6127986.111208252,-0.088050999
3083,3083,1625783.762923647,6127980.803904314,-9999.0
3084,3084,1626987.041189795,6127975.138225462,-0.395000011
3085,3085,1625409.14261294,6128001.58714964,-9999.0
3086,3086,1621334.093485218,6127955.453550595,-0.119731002
3087,3087,1622875.694297691,6127951.30778995,-0.119731002
3088,3088,1623109.580588458,6127941.540741502,-0.088050999
3089,3089,1623564.120052512,6127944.671464767,-0.079296282
3090,3090,1625462.469101869,6127935.274010709,-9999.0
3091,3091,1622984.509994647,6127935.591663042,-0.119731002
3092,3092,1624509.838765783,6127930.829350948,-0.758405983
3093,3093,1627372.216039041,6127926.146441142,-0.395000011
3094,3094,1627449.860972747,6127922.764059488,-0.395000011
3095,3095,1621354.211441776,6127955.627279192,-0.119731002
3096,3096,1623113.031787165,6127921.231709818,-0.088050999
3097,3097,1627224.114392451,6127911.434458076,-0.395000011
3098,3098,1623005.992183416,6127915.141528239,-0.118821441
3099,3099,1625679.926933466,6127922.612479875,-9999.0
3100,3100,1627304.658065297,6127905.10442026,-0.395000011
3101,3101,1627343.439494355,6127898.632716335,-0.395000011
3102,3102,1625507.031832839,6127899.701712274,-0.757850851
3103,3103,1626876.115033205,6127890.788066366,-0.395000011
3104,3104,1627042.62462596,6127929.555766466,-0.395000011
3105,3105,1621354.27548675,6127900.718837747,-0.119731002
3106,3106,1623583.568295595,6127904.015603818,-0.088050999
3107,3107,1625411.80822068,6127889.512464306,-0.758405983
3108,3108,1625671.552666789,6127884.296885638,-9999.0
3109,3109,1621367.058251404,6127885.233458424,-0.119731002
3110,3110,1626876.223831014,6127870.6592586,-0.395000011
3111,3111,1627368.561599325,6127875.335663131,-0.395000011
3112,3112,1627487.286413244,6127868.377156421,-0.395000011
3113,3113,1627543.719848892,6127869.434306863,-0.255659102
3114,3114,1625404.457327013,6127865.120799882,-0.758405983
3115,3115,1627334.590167638,6127863.950808935,-0.395000011
3116,3116,1627392.51115923,6127859.365063901,-0.395000011
3117,3117,1621539.004832559,6127865.109108851,-0.119731002
3118,3118,1623068.030438713,6127869.875781029,-9999.0
3119,3119,1624453.444347461,6127857.759000265,-0.758405983
3120,3120,1627154.567259552,6127850.318989644,-0.395000011
3121,3121,1627384.114337901,6127849.2238857,-0.395000011
3122,3122,1622727.877982816,6127852.056875262,-0.119731002
3123,3123,1622999.680090369,6127861.697697736,-0.111482866
3124,3124,1623124.129402056,6127858.069958858,-0.088050999
3125,3125,1625465.720307443,6127845.23004953,-0.758405983
3126,3126,1627284.708195033,6127857.193004179,-0.395000011
3127,3127,1627438.12579757,6127847.289256116,-0.395000011
3128,3128,1621468.837959545,6127865.084029523,-0.119731002
3129,3129,1623576.204343517,6127845.126124033,-0.088050999
3130,3130,1625402.527345684,6127835.239937843,-0.758405983
3131,3131,1626820.841081077,6127858.683722537,-0.395000011
3132,3132,1626835.115704912,6127830.931963156,-0.395000011
3133,3133,1627056.295658573,6127829.75460739,-0.395000011
3134,3134,1627064.466384315,6127820.496287892,-0.395000011
3135,3135,1627347.731810564,6127820.23155764,-0.395000011
3136,3136,1627486.684923051,6127824.21430741,-0.395000011
3137,3137,1623456.541545419,6127828.84266518,-0.088050999
3138,3138,1627155.834922449,6127825.606370643,-0.395000011
3139,3139,1627633.970217791,6127811.983756577,-0.251805827
3140,3140,1625376.056734754,6127804.310009956,-0.758405983
3141,3141,1625686.980288924,6127821.056935838,-0.758405983
3142,3142,1626752.711623279,6127801.696436598,-0.395000011
3143,3143,1621329.002173114,6127825.907940114,-0.119731002
3144,3144,1623192.960837904,6127811.741827594,-0.088050999
3145,3145,1623576.626134641,6127810.261466073,-0.088050999
3146,3146,1624409.907984583,6127800.178592297,-0.758405983
3147,3147,1626727.826976567,6127796.772860478,-0.395000011
3148,3148,1622919.353250691,6127814.4170273,-0.119731002
3149,3149,1623588.359793668,6127790.303344619,-0.088050999
3150,3150,1625489.233744102,6127836.620361559,-0.758405983
3151,3151,1626674.354646269,6127787.846918427,-0.395000011
3152,3152,1626826.43597217,6127781.555639065,-0.395000011
3153,3153,1627474.420158381,6127779.21752855,-0.395000011
3154,3154,1622866.903742085,6127782.179177309,-0.119731002
3155,3155,1625654.081327934,6127774.967459376,-0.758405983
3156,3156,1627440.372303772,6127784.146384797,-0.395000011
3157,3157,1624408.114677983,6127768.221615139,-0.758405983
3158,3158,1624741.249837873,6128106.946808425,-0.758374715
3159,3159,1625669.607649889,6127769.255265828,-0.758405983
3160,3160,1626937.586420667,6127806.277600395,-0.395000011
3161,3161,1627210.016239351,6127761.748783663,-0.395000011
3162,3162,1621579.295088443,6127770.894883917,-0.119731002
3163,3163,1625695.18311721,6127754.723256689,-0.758405983
3164,3164,1622844.878788666,6127759.631019713,-0.119731002
3165,3165,1624407.462233464,6127748.299217399,-0.758405983
3166,3166,1625367.652030018,6127768.407378029,-0.758405983
3167,3167,1626812.910889091,6127750.732848208,-0.395000011
3168,3168,1622828.563419193,6127743.007616279,-0.119731002
3169,3169,1626666.596093683,6127732.358358694,-0.395000011
3170,3170,1626805.96285725,6127731.949688499,-0.395000011
3171,3171,1627731.29225916,6127741.324114758,-0.392764929
3172,3172,1621579.520413444,6127735.302405199,-0.119731002
3173,3173,1625609.019550879,6127725.079408027,-0.758405983
3174,3174,1626575.034085453,6127723.058674851,-0.395000011
3175,3175,1626646.070849714,6127722.107666971,-0.395000011
3176,3176,1627329.993969654,6127725.092323945,-0.395000011
3177,3177,1623456.475376389,6127725.321046927,-0.088050999
3178,3178,1624393.468233888,6127725.12714003,-0.758405983
3179,3179,1626666.96681484,6127712.664952463,-0.395000011
3180,3180,1626777.551615413,6127715.083650052,-0.395000011
3181,3181,1625648.662852472,6127712.947825067,-0.758405983
3182,3182,1625749.648646488,6127706.81733729,-0.758405983
3183,3183,1626629.616587682,6127702.231553322,-0.395000011
3184,3184,1626756.684837625,6127701.510932911,-0.395000011
3185,3185,1627385.909519031,6127706.439519544,-0.395000011
3186,3186,1627528.277723914,6127747.757495133,-0.395000011
3187,3187,1624535.030546484,6127710.59906002,-0.758405983
3188,3188,1625489.896976636,6127695.731277991,-0.758405983
3189,3189,1625674.519655804,6127695.008961749,-0.758405983
3190,3190,1626744.958718635,6127691.931852309,-0.395000011
3191,3191,1626768.95577676,6127692.58945437,-0.395000011
3192,3192,1627050.197943798,6127698.746950561,-0.395000011
3193,3193,1627586.978642449,6127690.295371411,-0.395000011
3194,3194,1621343.267318534,6127709.504168265,-0.119731002
3195,3195,1626719.568867823,6127682.248500781,-0.395000011
3196,3196,1624530.844437234,6127678.233588309,-0.758405983
3197,3197,1624608.735912643,6127693.501482167,-0.758405983
3198,3198,1625510.012998553,6127696.082226309,-0.758405983
3199,3199,1625694.958521202,6127675.027218731,-0.758405983
3200,3200,1626588.539347724,6127672.465155423,-0.395000011
3201,3201,1627593.223419078,6127670.060420355,-0.395000011
3202,3202,1624340.455475173,6127672.102134897,-0.758405983
3203,3203,1625432.291663948,6127691.684344525,-0.758405983
3204,3204,1626498.332330839,6127662.765837374,-0.395000011
3205,3205,1627454.627673683,6127666.857566485,-0.395000011
3206,3206,1627637.854321767,6127660.110691018,-0.395000011
3207,3207,1627650.77664125,6127665.978009868,-0.395000011
3208,3208,1622741.203625798,6127696.157826982,-0.119731002
3209,3209,1623454.171641849,6127679.406474467,-0.088050999
3210,3210,1624568.111559431,6127658.789565227,-0.758405983
3211,3211,1624586.815882899,6127660.2788833,-0.758405983
3212,3212,1627572.406854493,6127649.823019198,-0.395000011
3213,3213,1627670.446316679,6127649.526008823,-0.395000011
3214,3214,1623161.873835417,6127656.475523272,-0.088050999
3215,3215,1624578.153330812,6127650.799375723,-0.758405983
3216,3216,1624788.871416043,6127666.768150897,-0.758405983
3217,3217,1625594.279097491,6127843.65026067,-0.758390205
3218,3218,1625813.758775852,6127649.7864964,-0.758405983
3219,3219,1627477.07529103,6127647.421828937,-0.395000011
3220,3220,1627563.841281625,6127639.478213615,-0.395000011
3221,3221,1621809.187814942,6127645.506087933,-0.119731002
3222,3222,1624685.899162197,6127637.966791457,-0.758405983
3223,3223,1625727.638030661,6127635.086723099,-0.758405983
3224,3224,1621404.763195178,6127643.31852935,-0.119731002
3225,3225,1622632.887805578,6127633.332208895,-0.119731002
3226,3226,1624358.566989971,6127633.866149845,-0.758405983
3227,3227,1624490.099705225,6127649.091396083,-0.758405983
3228,3228,1627789.748683116,6127621.658760156,-0.386375576
3229,3229,1623135.245748904,6127615.388531481,-0.088050999
3230,3230,1626506.955811789,6127602.968053237,-0.395000011
3231,3231,1626558.6293359,6127640.668812802,-0.395000011
3232,3232,1626707.076581874,6127638.906413731,-0.395000011
3233,3233,1627631.206192122,6127637.80963011,-0.395000011
3234,3234,1621817.121794093,6127605.434600592,-0.119731002
3235,3235,1622615.71680463,6127620.980675663,-0.119731002
3236,3236,1624555.466521891,6127613.621374301,-0.758405983
3237,3237,1624735.761321337,6127605.781855675,-0.758405983
3238,3238,1625381.209356394,6127602.883272988,-0.758405983
3239,3239,1625760.317252815,6127595.146106319,-0.758405983
3240,3240,1625918.552718147,6127594.999172256,-0.395000011
3241,3241,1627628.981800629,6127595.176362107,-0.395000011
3242,3242,1624536.563998447,6127591.599898432,-0.758405983
3243,3243,1624710.957111188,6127588.088531046,-0.758405983
3244,3244,1626498.100878218,6127583.069607709,-0.395000011
3245,3245,1627536.522953874,6127586.633892856,-0.395000011
3246,3246,1627645.977184392,6127579.865506762,-0.395000011
3247,3247,1621854.736198149,6127606.623718518,-0.119731002
3248,3248,1625571.72326659,6127580.733890029,-0.758405983
3249,3249,1625969.307380342,6127574.62904473,-0.395000011
3250,3250,1625988.80846143,6127572.423493969,-0.395000011
3251,3251,1626489.874024396,6127573.131420746,-0.395000011
3252,3252,1626891.887921458,6127582.490658864,-0.395000011
3253,3253,1627637.411592159,6127569.52076911,-0.395000011
3254,3254,1627680.309711941,6127580.060613909,-0.395000011
3255,3255,1624358.226416507,6127569.317879519,-0.758405983
3256,3256,1625579.879244232,6127565.767880853,-0.758405983
3257,3257,1623589.480180543,6127596.250548812,-0.088050999
3258,3258,1625842.181409334,6127554.338064052,-0.395000011
3259,3259,1626489.983662682,6127553.002613158,-0.395000011
3260,3260,1627629.154548066,6127550.030187317,-0.395000011
3261,3261,1624371.067420985,6127549.735584842,-0.758405983
3262,3262,1625791.887776245,6127554.873244693,-0.394464228
3263,3263,1625829.858428165,6127545.138918447,-0.395000011
3264,3264,1626343.961736991,6127546.577343971,-0.395000011
3265,3265,1627699.302689075,6127550.57893194,-0.395000011
3266,3266,1622374.376036323,6127549.064445512,-0.119731002
3267,3267,1622400.422003292,6127556.195934458,-0.119731002
3268,3268,1625563.232121752,6127536.132616299,-0.758405983
3269,3269,1625579.627846718,6127536.086630143,-0.758405983
3270,3270,1626135.470155712,6127536.881976182,-0.395000011
3271,3271,1626177.957873142,6127531.276411865,-0.395000011
3272,3272,1626456.610391803,6127536.900147908,-0.395000011
3273,3273,1627723.537153691,6127529.615162145,-0.395000011
3274,3274,1622283.195626434,6127547.791670572,-0.119731002
3275,3275,1625407.62640878,6127531.382247076,-0.758405983
3276,3276,1625858.543847329,6127525.218887756,-0.395000011
3277,3277,1626112.627958332,6127524.40924034,-0.395000011
3278,3278,1626436.443239867,6127523.476035915,-0.395000011
3279,3279,1627574.117734194,6127522.856148694,-0.395000011
3280,3280,1621515.937469993,6127536.882303384,-0.119731002
3281,3281,1621702.17325181,6127530.993547697,-0.119731002
3282,3282,1625423.381359692,6127516.39519727,-0.758405983
3283,3283,1626234.770118402,6127515.476132155,-0.395000011
3284,3284,1626268.378695008,6127511.8841565,-0.395000011
3285,3285,1629419.695400931,6127510.041254065,0.538668898
3286,3286,1623570.774868396,6127525.08129568,-0.088050999
3287,3287,1625624.968892834,6127525.530695705,-0.758405983
3288,3288,1625738.704852692,6127555.694721319,-0.750184218
3289,3289,1625911.724051395,6127505.058375111,-0.395000011
3290,3290,1625997.801179047,6127504.813217393,-0.395000011
3291,3291,1623230.439793207,6127509.438236818,-0.088050999
3292,3292,1624340.303638756,6127557.190376027,-0.758405983
3293,3293,1625936.757687092,6127502.046295138,-0.395000011
3294,3294,1626618.974057855,6127547.811963492,-0.395000011
3295,3295,1627097.042777031,6127495.9250118,-0.395000011
3296,3296,1627741.65829439,6127489.711612144,-0.395000011
3297,3297,1623180.950208509,6127499.118848456,-0.088050999
3298,3298,1622076.957803518,6127484.684552682,-0.119731002
3299,3299,1625518.588689592,6127473.033135061,-0.758405983
3300,3300,1625653.54863194,6127466.144327002,-0.758405983
3301,3301,1625683.770900728,6127479.570568668,-0.758405983
3302,3302,1625718.962337268,6127465.755729096,-0.758405983
3303,3303,1621638.747926476,6127489.672425251,-0.119731002
3304,3304,1621779.806521482,6127486.602611266,-0.119731002
3305,3305,1625638.310730183,6127455.112794375,-0.758405983
3306,3306,1625731.230920865,6127455.759020263,-0.394610185
3307,3307,1626083.984637761,6127461.464437603,-0.395000011
3308,3308,1627133.510255244,6127457.347092411,-0.395000011
3309,3309,1625702.343024443,6127446.082721362,-0.758405983
3310,3310,1625743.499477535,6127445.762300144,-0.395000011
3311,3311,1625809.805726403,6127443.045538588,-0.395000011
3312,3312,1626105.577693949,6127448.053479003,-0.395000011
3313,3313,1627682.275578955,6127440.081578587,-0.395000011
3314,3314,1621696.698321408,6127455.287171649,-0.119731002
3315,3315,1625419.13239186,6127457.329836057,-0.758405983
3316,3316,1626341.636371241,6127439.072656896,-0.395000011
3317,3317,1626934.246654079,6127433.196938107,-0.395000011
3318,3318,1625427.435603524,6127428.385503295,-0.758405983
3319,3319,1625505.049595988,6127428.651846537,-0.758405983
3320,3320,1626333.513590093,6127423.94868145,-0.395000011
3321,3321,1624300.117680631,6127478.714790344,-0.758405983
3322,3322,1625788.502741669,6127415.748842661,-0.395000011
3323,3323,1627702.677022514,6127409.405263131,-0.395000011
3324,3324,1623219.544866371,6127422.022695755,-0.088050999
3325,3325,1624552.889338364,6127435.146072677,-0.758405983
3326,3326,1625876.628964686,6127408.688922968,0.370499989
3327,3327,1621719.956817034,6127422.031665483,-0.119731002
3328,3328,1623205.592498836,6127399.444763958,-0.088050999
3329,3329,1626135.313594545,6127417.32878405,-0.395000011
3330,3330,1627100.084662154,6127392.020236068,-0.395000011
3331,3331,1624087.402952846,6127395.496938875,0.962786013
3332,3332,1625513.259608076,6127391.048926186,-0.758405983
3333,3333,1625808.128699776,6127392.805503818,-0.395000011
3334,3334,1627702.420924212,6127380.45204282,-0.395000011
3335,3335,1625477.306617153,6127377.355934219,-0.758405983
3336,3336,1627653.409533581,6127375.470764708,-0.395000011
3337,3337,1621765.369173147,6127403.282849609,-0.119731002
3338,3338,1621873.789777612,6127376.375876356,-0.119731002
3339,3339,1622036.299589853,6127417.421997731,-0.05185389
3340,3340,1623195.596706498,6127373.058104604,-0.088050999
3341,3341,1624714.475444467,6127373.894310008,-0.758405983
3342,3342,1625441.933400515,6127384.195721813,-0.758405983
3343,3343,1625757.542738353,6127387.45316799,-0.395000011
3344,3344,1625825.084003201,6127366.0391453,-0.395000011
3345,3345,1625936.69114881,6127364.153814279,-0.395000011
3346,3346,1621774.962087045,6127366.446143158,-0.119731002
3347,3347,1625481.088556046,6127357.04502042,-0.758405983
3348,3348,1625505.345425189,6127356.977189627,-0.758405983
3349,3349,1626107.866532519,6127360.784066088,-0.395000011
3350,3350,1625074.645199858,6127347.86160377,-0.758405983
3351,3351,1625415.312519535,6127347.790265391,-0.758405983
3352,3352,1625472.525644808,6127346.698261525,-0.758405983
3353,3353,1625882.581018283,6127346.47563111,-0.395000011
3354,3354,1626079.323547819,6127345.187022485,-0.395000011
3355,3355,1624282.655656161,6127354.346141447,-0.758405983
3356,3356,1624534.611864416,6127344.463963386,-0.758405983
3357,3357,1625006.760790236,6127337.104343125,-0.758405983
3358,3358,1625099.394485218,6127340.325381831,-0.758405983
3359,3359,1626995.506145998,6127339.386363241,-0.395000011
3360,3360,1623200.454362739,6127345.330023981,-0.088050999
3361,3361,1624505.481953494,6127329.833425783,-0.758405983
3362,3362,1624665.181226796,6127334.179515697,-0.758405983
3363,3363,1625407.059300471,6127327.889096553,-0.758405983
3364,3364,1626251.14730785,6127442.034362433,-0.395000011
3365,3365,1624496.920182406,6127319.485756501,-0.758405983
3366,3366,1625263.545173443,6127319.44047222,-0.758405983
3367,3367,1625345.547022767,6127317.370207311,-0.758405983
3368,3368,1625359.763301125,6127337.707666833,-0.758405983
3369,3369,1626319.657939257,6127323.500273493,-0.395000011
3370,3370,1626423.540110167,6127314.309445665,-0.395000011
3371,3371,1624464.271464506,6127309.815651392,-0.758405983
3372,3372,1624693.819259949,6127314.177805472,-0.758405983
3373,3373,1625333.222842924,6127307.442378862,-0.758405983
3374,3374,1623158.846023581,6127303.287549143,-0.088050999
3375,3375,1624284.445784501,6127306.843310999,-0.758405983
3376,3376,1625241.160579448,6127300.00406073,-0.758405983
3377,3377,1625945.852094088,6127304.117079277,-0.395000011
3378,3378,1625062.814121052,6127288.469925009,-0.758405983
3379,3379,1625165.582395134,6127287.317723885,-0.758405983
3380,3380,1625964.218111998,6127285.947214398,-0.395000011
3381,3381,1627904.198783413,6127277.380106953,-0.395000011
3382,3382,1623210.047884921,6127296.828662907,-0.088050999
3383,3383,1624301.612476364,6127283.053052702,-0.758405983
3384,3384,1624439.428476483,6127551.180681496,-0.758405983
3385,3385,1624722.846378105,6127279.812315875,-0.758405983
3386,3386,1624997.204587616,6127278.279378141,-0.758405983
3387,3387,1625054.420428211,6127278.326613182,-0.758405983
3388,3388,1625222.48557652,6127282.844228338,-0.758405983
3389,3389,1626812.026123716,6127280.275005792,-0.395000011
3390,3390,1623144.94011282,6127275.903170276,-0.088050999
3391,3391,1624639.835876065,6127284.107007128,-0.758405983
3392,3392,1624839.634264207,6127270.828457003,-0.704887233
3393,3393,1624919.132270595,6127268.73553336,-0.758405983
3394,3394,1626616.469866535,6127264.518184101,-0.395000011
3395,3395,1622100.680612619,6127269.50677354,0.162758566
3396,3396,1627912.052121823,6127248.440553213,-0.395000011
3397,3397,1624600.738320641,6127253.03898477,-0.677261133
3398,3398,1624875.794193648,6127252.051548232,-0.732957194
3399,3399,1624427.208518286,6127245.161523389,-0.758405983
3400,3400,1625941.873867742,6127247.310947102,-0.395000011
3401,3401,1623141.991309977,6127236.321541454,-0.088050999
3402,3402,1626112.421511209,6127279.098379022,-0.395000011
3403,3403,1626595.444099939,6127229.131732275,-0.395000011
3404,3404,1624390.266033635,6127225.336264827,-0.758405983
3405,3405,1624478.712418857,6127240.840203791,-0.758405983
3406,3406,1624578.794919783,6127219.120857815,-0.758405983
3407,3407,1624927.192803699,6127218.554271623,-0.758405983
3408,3408,1625964.019501812,6127216.213127099,-0.395000011
3409,3409,1626001.506076609,6127216.482453634,-0.395000011
3410,3410,1627916.238144127,6127214.311916162,-0.391673278
3411,3411,1623111.406205782,6127213.725183,-0.088050999
3412,3412,1626405.353950251,6127347.418237751,-0.395000011
3413,3413,1626581.260205473,6127211.479995012,-0.395000011
3414,3414,1624414.960726169,6127200.569275274,-0.758405983
3415,3415,1626288.890340712,6127196.778380081,-0.395000011
3416,3416,1622088.978495107,6127212.440652501,0.156950214
3417,3417,1624480.345751599,6127190.227545211,-0.758405983
3418,3418,1625799.616371378,6127191.001230701,-0.395000011
3419,3419,1626234.621070151,6127185.347812725,-0.395000011
3420,3420,1627841.837544025,6127196.900791117,-0.395000011
3421,3421,1623384.311672637,6127185.527995025,-0.088050999
3422,3422,1624488.516536555,6127180.243518985,-0.758405983
3423,3423,1626173.110839745,6127175.562522917,-0.395000011
3424,3424,1627816.446688399,6127175.677267352,-0.395000011
3425,3425,1623087.810915077,6127184.256377756,-0.088050999
3426,3426,1625890.269448546,6127167.136134875,-0.395000011
3427,3427,1626029.457892832,6127166.216041241,-0.395000011
3428,3428,1623536.152738208,6127236.155746968,-0.088050999
3429,3429,1624408.839497805,6127176.022158913,-0.758405983
3430,3430,1624463.883824374,6127165.366531041,-0.758405983
3431,3431,1625927.127940484,6127156.341258496,-0.395000011
3432,3432,1626519.391611111,6127152.147161759,-0.395000011
3433,3433,1626111.86734779,6127158.750694833,-0.395000011
3434,3434,1626185.290598428,6127134.951136031,-0.395000011
3435,3435,1627821.323133814,6127137.46745255,-0.395000011
3436,3436,1622159.651597245,6127159.37316206,0.222640002
3437,3437,1625978.789652888,6127136.720111397,-0.395000011
3438,3438,1626377.906260354,6127125.510348622,-0.395000011
3439,3439,1626402.497743304,6127125.090548151,-0.395000011
3440,3440,1626496.783441237,6127129.798034841,-0.395000011
3441,3441,1627925.398911617,6127124.649535576,-0.395000011
3442,3442,1626238.942382064,6127121.693979096,-0.395000011
3443,3443,1626284.575476958,6127119.715743672,-0.395000011
3444,3444,1627844.124888292,6127114.57301207,-0.395000011
3445,3445,1626037.652228506,6127106.215765888,-0.395000011
3446,3446,1626461.268742236,6127108.081614926,-0.395000011
3447,3447,1626523.805005434,6127105.670792599,-0.249445725
3448,3448,1624415.774368367,6127115.166909435,-0.758405983
3449,3449,1622127.241465966,6127096.826561921,0.157640344
3450,3450,1621826.544254858,6127089.873798376,0.173168921
3451,3451,1623510.041699196,6127091.500615933,-0.088050999
3452,3452,1625307.826225581,6127078.589192105,-0.758405983
3453,3453,1625348.81347442,6127078.475307993,-0.758405983
3454,3454,1622208.216065389,6127075.146612217,0.155000001
3455,3455,1626197.388542763,6127065.909703955,-0.395000011
3456,3456,1626593.803563916,6127067.990628577,0.655835698
3457,3457,1624445.337064679,6127068.04243244,-0.758405983
3458,3458,1624939.221606476,6127059.272313981,-0.758405983
3459,3459,1625304.269634305,6127059.051055914,-0.758405983
3460,3460,1627984.835940952,6127068.191834067,-0.395000011
3461,3461,1626421.934462393,6127053.055530123,-0.395000011
3462,3462,1626660.284815318,6127042.643733555,0.676760018
3463,3463,1621848.436530223,6127054.679215143,0.173093236
3464,3464,1622161.044799609,6127069.302462365,0.156069744
3465,3465,1624466.29336681,6127044.88893804,-0.758405983
3466,3466,1626492.409646733,6127035.170754129,-0.395000011
3467,3467,1627889.423958969,6127036.560425079,-0.395000011
3468,3468,1623373.757631968,6127038.19941882,-0.088050999
3469,3469,1623430.250832104,6127042.649181665,-0.088050999
3470,3470,1625344.743803521,6127028.471869267,-0.758405983
3471,3471,1626385.886226566,6127028.955335546,-0.395000011
3472,3472,1626525.211307018,6127027.182892893,-0.395000011
3473,3473,1623361.413520914,6127023.14364303,0.043330472
3474,3474,1623408.256126713,6127026.40049941,-0.088050999
3475,3475,1625220.319661943,6127028.365050716,-0.758405983
3476,3476,1625367.557196242,6127020.13586798,-0.758405983
3477,3477,1626332.500363406,6127014.98189741,-0.395000011
3478,3478,1624647.924064529,6127015.43953064,-0.758405983
3479,3479,1624668.451067575,6127010.130806624,-0.758405983
3480,3480,1626701.356241554,6127004.674825647,-0.395000011
3481,3481,1627979.550389608,6127000.841097563,-0.395000011
3482,3482,1625163.79777929,6127004.503249711,-0.758405983
3483,3483,1625387.856025465,6127009.081475936,-0.758405983
3484,3484,1625428.810826898,6127012.870353941,-0.572047793
3485,3485,1626566.66698656,6126995.506913372,-0.395000011
3486,3486,1622142.971429637,6127013.241046391,0.157298908
3487,3487,1624760.145524905,6126998.18455147,-0.758405983
3488,3488,1624967.434039462,6126997.00397932,-0.758405983
3489,3489,1625881.560726409,6126987.115129116,-0.395000011
3490,3490,1626725.28629555,6126996.799302192,0.4609636
3491,3491,1625433.940319802,6126981.905613066,-0.395000011
3492,3492,1625925.858992492,6126988.448957506,-0.395000011
3493,3493,1625504.42596384,6126968.253940934,-0.395000011
3494,3494,1623366.334758819,6126971.350544835,0.060913999
3495,3495,1625451.018800186,6126967.746518076,-0.395000011
3496,3496,1626071.414567082,6126968.903441912,-0.395000011
3497,3497,1627982.068827053,6126958.494376043,-0.395000011
3498,3498,1622972.645723119,6126975.688308634,0.060913999
3499,3499,1625520.764884539,6126948.284023898,-0.395000011
3500,3500,1626760.990487872,6126945.69364938,0.335724713
3501,3501,1623242.049135088,6126944.212675,0.060913999
3502,3502,1623598.286368676,6126947.377771982,0.97503879
3503,3503,1623737.242169232,6126950.623921016,0.071346324
3504,3504,1625490.485488643,6126951.533451637,-0.395000011
3505,3505,1622227.203197241,6126944.892161314,0.155000001
3506,3506,1625603.281315268,6126928.12843392,-0.395000011
3507,3507,1621905.396011779,6126932.784045517,0.172668172
3508,3508,1623241.66315757,6126924.698112603,0.060913999
3509,3509,1622102.381937981,6126917.36543541,0.1598983
3510,3510,1625700.551797218,6126915.495245023,-0.395000011
3511,3511,1621887.436617793,6126908.455702354,0.173563576
3512,3512,1625610.823596065,6126908.183064432,-0.395000011
3513,3513,1625268.537064671,6127164.959474398,-0.646426664
3514,3514,1625593.838424422,6126892.718497084,-0.395000011
3515,3515,1626785.717719075,6126902.238948209,-0.16900001
3516,3516,1622166.234834183,6126885.075595046,0.155292429
3517,3517,1623893.033063562,6126891.536771622,0.060913999
3518,3518,1621785.599988176,6126850.722413989,0.173771361
3519,3519,1625703.42096149,6126853.39184658,-0.395000011
3520,3520,1626791.029778543,6126835.055906791,-0.395000011
3521,3521,1626892.286911533,6126840.129492469,0.319523871
3522,3522,1626671.036015015,6126830.297130063,-0.29085447
3523,3523,1627996.035887358,6126835.27566073,-0.395000011
3524,3524,1621807.065032888,6126828.418163028,0.171944011
3525,3525,1626652.753171228,6126812.714025785,0.421999992
3526,3526,1627029.157424562,6126820.801282693,0.925713509
3527,3527,1626637.100307821,6126802.199179932,-0.395000011
3528,3528,1623455.223249655,6126814.917643799,0.060913999
3529,3529,1625495.768692924,6126803.903693217,-0.395000011
3530,3530,1626766.153540847,6126795.484859928,-0.395000011
3531,3531,1625704.781278021,6126800.21523855,-0.395000011
3532,3532,1621655.321989938,6126788.93186835,0.173720553
3533,3533,1622970.487855942,6126785.712189136,0.060913999
3534,3534,1627085.660151952,6126772.333278928,-0.395000011
3535,3535,1625503.868487406,6126769.013607694,-0.395000011
3536,3536,1625553.051521716,6126768.875857295,-0.395000011
3537,3537,1625609.482328356,6126835.096145443,-0.395000011
3538,3538,1626579.055983765,6126763.073258091,-0.395000011
3539,3539,1626746.157399019,6126769.321748126,-0.395000011
3540,3540,1626938.371829209,6126764.158853369,-0.395000011
3541,3541,1625536.461732954,6126759.164554489,-0.395000011
3542,3542,1626864.512611577,6126755.428548032,-0.395000011
3543,3543,1626905.461016749,6126757.306902043,-0.395000011
3544,3544,1626951.757130943,6126757.775396664,-0.395000011
3545,3545,1626847.62498074,6126749.673461475,-0.395000011
3546,3546,1622979.065013611,6126745.842336603,0.060913999
3547,3547,1623967.135556155,6126762.884937963,0.060913999
3548,3548,1625442.823536848,6126743.104478287,-0.395000011
3549,3549,1625487.390572931,6126739.173410601,-0.395000011
3550,3550,1626585.808253242,6126736.035726923,-0.395000011
3551,3551,1626675.976886543,6126735.772276604,-0.395000011
3552,3552,1626972.336049198,6126740.766924299,-0.395000011
3553,3553,1628028.521949106,6126736.694568396,-0.384872233
3554,3554,1623308.361322207,6126830.054554241,0.060913999
3555,3555,1625466.869875167,6126729.26867031,-0.395000011
3556,3556,1626712.883014015,6126730.723639585,-0.395000011
3557,3557,1626812.440439429,6126725.840311484,-0.395000011
3558,3558,1621616.025187633,6126733.126723447,0.170890029
3559,3559,1621560.902687193,6126732.124478049,0.174413043
3560,3560,1623952.756260654,6126718.3878128,0.060913999
3561,3561,1621595.705662953,6126712.788560393,0.170027436
3562,3562,1626618.15787096,6126696.773990855,-0.395000011
3563,3563,1623115.473963265,6126698.957404042,0.060913999
3564,3564,1623826.335429627,6126697.67429221,0.060913999
3565,3565,1625629.353045597,6126695.606245336,-0.395000011
3566,3566,1626592.609630519,6126690.094898359,-0.395000011
3567,3567,1623309.296760024,6126698.441070909,0.060913999
3568,3568,1623408.42465059,6126700.181313668,0.060913999
3569,3569,1623839.608438529,6126683.859652556,0.060913999
3570,3570,1623965.417889097,6126683.886719698,0.060913999
3571,3571,1625233.50023659,6126682.571025633,-0.395000011
3572,3572,1625312.553988943,6126684.244194556,-0.395000011
3573,3573,1626572.662667214,6126671.974009791,-0.395000011
3574,3574,1627253.667406027,6126664.32844327,-0.395000011
3575,3575,1627351.902174489,6126666.932363861,-0.395000011
3576,3576,1621532.51166705,6126670.258351496,0.197444669
3577,3577,1625192.638621758,6126664.472758259,-0.395000011
3578,3578,1627274.410843083,6126659.340065884,-0.395000011
3579,3579,1623035.737949503,6126656.040541921,0.060913999
3580,3580,1627392.263135145,6126647.665662557,-0.395000011
3581,3581,1621539.718205865,6126630.477382177,0.204611745
3582,3582,1623731.11224382,6126630.766703733,0.060913999
3583,3583,1625134.597414724,6126625.589010065,-0.395000011
3584,3584,1627913.834494322,6126617.236538249,-0.395000011
3585,3585,1621527.697264107,6126619.67463491,0.204999998
3586,3586,1623597.407275144,6126628.259484156,0.060913999
3587,3587,1623695.370494552,6126615.34245718,0.060913999
3588,3588,1625068.736209382,6126616.370675447,-0.395000011
3589,3589,1626550.747319414,6126630.855980325,-0.395000011
3590,3590,1627454.016346678,6126608.684184159,-0.093486551
3591,3591,1621936.077597451,6127032.406653041,0.125009572
3592,3592,1623667.262524113,6126604.612279095,0.060913999
3593,3593,1623872.21414239,6126614.039736397,0.060913999
3594,3594,1625030.564567092,6126611.703631482,-0.395000011
3595,3595,1625380.439314967,6126600.002499669,-0.395000011
3596,3596,1621421.69162309,6126604.067158078,0.215000004
3597,3597,1621540.543924453,6126600.504922844,0.204999998
3598,3598,1623118.052408186,6126601.973262575,0.060913999
3599,3599,1623813.094668546,6129588.189330903,-0.111649979
3600,3600,1625421.229094705,6126590.131023488,-0.395000011
3601,3601,1627474.763551291,6126588.948774584,-0.34553126
3602,3602,1627890.133322051,6126586.026959957,-0.395000011
3603,3603,1621601.579997018,6126594.798968343,0.196390383
3604,3604,1625533.85688892,6126589.897577699,-0.395000011
3605,3605,1626464.410553486,6126580.045882315,-0.395000011
3606,3606,1627982.900422018,6126602.090400228,-0.395000011
3607,3607,1623359.797107438,6126575.170517756,0.060913999
3608,3608,1621715.202124112,6126579.52963456,0.156973262
3609,3609,1623236.816900279,6126565.52280873,0.060913999
3610,3610,1626995.97468905,6126561.406879891,-0.395000011
3611,3611,1623376.143254201,6126556.480690752,0.060913999
3612,3612,1624765.349690644,6126557.065574518,-0.395000011
3613,3613,1627617.894741192,6126548.492213409,-0.395000011
3614,3614,1621582.050210998,6126568.694815662,0.206001022
3615,3615,1623306.428351907,6126540.788516713,0.060913999
3616,3616,1623349.408996571,6126558.344697416,0.060913999
3617,3617,1624683.696360967,6126549.364067324,-0.395000011
3618,3618,1625277.416657468,6126525.881143904,-0.395000011
3619,3619,1625339.230620127,6126519.692353182,-0.395000011
3620,3620,1625414.450719951,6126532.640059448,-0.395000011
3621,3621,1621553.972065072,6126565.284338774,0.210717716
3622,3622,1624642.463245864,6126511.640808783,-0.395000011
3623,3623,1625289.101682799,6126613.226217946,-0.395000011
3624,3624,1627670.190721042,6126517.885211539,-0.395000011
3625,3625,1624609.650566405,6126502.495401352,-0.395000011
3626,3626,1627058.620647705,6126506.015900918,-0.395000011
3627,3627,1621417.35823334,6126510.859892157,0.215000004
3628,3628,1621519.985598764,6126500.352364372,0.215000004
3629,3629,1625301.724883263,6126493.510073549,-0.395000011
3630,3630,1626538.879507663,6126515.214022116,-0.202416522
3631,3631,1621563.937778024,6126511.555646515,0.215000004
3632,3632,1621571.070618151,6126486.90593359,0.214968881
3633,3633,1624660.689602448,6126469.382995885,-0.395000011
3634,3634,1625166.9591158,6126471.087357786,-0.395000011
3635,3635,1627114.737873876,6126458.627722003,-0.395000011
3636,3636,1621453.442306847,6126465.642090585,0.215000004
3637,3637,1621496.820391112,6126477.040974966,0.215000004
3638,3638,1624694.336973666,6126456.380022645,-0.395000011
3639,3639,1625115.71518713,6126458.849573653,-0.395000011
3640,3640,1621551.504409099,6126447.096746167,0.215000004
3641,3641,1624957.481039898,6126411.776607588,-0.395000011
3642,3642,1624998.389580513,6126420.894173776,-0.395000011
3643,3643,1623825.623200453,6126429.863119193,0.060913999
3644,3644,1627179.813924685,6126401.35444157,-0.395000011
3645,3645,1624882.786809057,6126403.923231618,-0.395000011
3646,3646,1626556.086595695,6126424.982467197,0.114927376
3647,3647,1623975.702843491,6126391.885206209,0.060913999
3648,3648,1627523.283810512,6126369.63574372,-0.395000011
3649,3649,1627765.673971257,6126363.919432268,-0.395000011
3650,3650,1627732.257357718,6126354.059056539,-0.395000011
3651,3651,1621481.394015797,6126389.456224437,0.215000004
3652,3652,1621494.466904669,6126360.943648853,0.215000004
3653,3653,1623813.559089866,6126355.178992187,0.060913999
3654,3654,1623745.407559513,6126720.095580642,0.060913999
3655,3655,1626564.169907455,6126347.569324004,0.257896994
3656,3656,1627498.998470681,6126357.802788064,-0.395000011
3657,3657,1627744.522246773,6126344.059600645,-0.395000011
3658,3658,1623896.086911836,6126340.019807762,0.060913999
3659,3659,1627396.096092599,6126324.461397193,-0.395000011
3660,3660,1627447.55471529,6126330.116525979,-0.395000011
3661,3661,1627659.773379207,6126328.920975295,-0.395000011
3662,3662,1627699.139745932,6126330.049848773,-0.395000011
3663,3663,1621518.986695871,6126330.999580508,0.2149486
3664,3664,1626487.054464228,6126315.491110119,0.104999997
3665,3665,1626592.697176639,6126287.720879486,0.281299996
3666,3666,1623914.338910626,6126282.262930234,0.060913999
3667,3667,1626520.329442001,6126275.725217194,0.104999997
3668,3668,1621517.254289773,6126283.058995634,0.488678837
3669,3669,1623898.679942395,6126258.40035914,0.060913999
3670,3670,1626543.415329643,6126252.99694534,0.104999997
3671,3671,1626617.20019691,6126257.762892435,0.534687489
3672,3672,1621429.119060196,6126240.722604398,0.215000004
3673,3673,1623843.643692673,6126297.330159218,0.060913999
3674,3674,1626578.833672217,6126217.623242891,0.104999997
3675,3675,1626584.239064927,6126198.08631758,0.104999997
3676,3676,1626676.585421081,6126170.680195382,0.521941933
3677,3677,1623858.059423828,6126188.086236951,0.060913999
3678,3678,1626649.637585674,6126138.122609536,0.104999997
3679,3679,1623763.156977993,6126159.710143542,0.060913999
3680,3680,1623797.024722405,6126136.26049484,0.060913999
3681,3681,1623835.230040052,6126138.983651235,0.060913999
3682,3682,1626738.631156297,6126094.024211839,0.723229131
3683,3683,1623803.120733914,6126090.826021397,0.060913999
3684,3684,1623718.963192434,6126021.814267548,-9999.0
3685,3685,1626701.812759907,6126021.884437663,0.104999997
3686,3686,1623723.098753239,6126011.722814469,0.163274201
3687,3687,1624286.105179745,6125995.242976272,0.185000002
3688,3688,1626786.885474033,6125990.245150408,0.389057468
3689,3689,1624083.651765998,6125975.909793247,0.185000002
3690,3690,1624106.930115552,6125986.904029905,0.185000002
3691,3691,1624074.984200378,6125969.974680141,0.185000002
3692,3692,1624378.495630811,6125942.353466352,0.206842107
3693,3693,1626802.813636434,6125941.001077686,0.733604522
3694,3694,1623737.044963531,6125937.211110529,0.185000002
3695,3695,1624403.600709403,6125924.463292404,0.274274726
3696,3696,1624315.299931585,6125918.37412097,0.185000002
3697,3697,1624485.215223921,6125883.029144084,0.374403508
3698,3698,1624535.452754704,6125888.03404619,1.190836157
3699,3699,1624041.710813163,6125850.420896611,0.185000002
3700,3700,1626804.994835905,6125639.891453074,0.154137252
3701,3701,1626722.303514015,6125631.942554796,0.104999997
3702,3702,1626786.980098468,6125597.40383042,0.367942148
3703,3703,1626744.479903732,6125549.427761163,0.111185883
3704,3704,1626634.668987441,6125480.046509468,0.104999997
3705,3705,1626508.23724384,6125431.224584364,0.104999997
3706,3706,1626362.773002017,6125380.175652822,0.104999997
3707,3707,1626394.614170513,6125346.787755416,0.112629918
