OID,FID_,X,Y,BCE_Waimea
0,0,1609087.708671839,5433361.836375072,-9999.0
1,1,1609012.351998182,5433298.971872898,-0.559037053
2,2,1608543.605633627,5433262.115652146,0.75692945
3,3,1608972.75809667,5433239.674807876,-9999.0
4,4,1608931.34050079,5433219.054011316,-0.462357156
5,5,1608511.079051357,5433211.045962258,1.070781446
6,6,1608861.343167045,5433200.051863088,0.248999983
7,7,1608893.686937394,5433199.155525825,0.040120004
8,8,1609104.417012928,5433204.608328424,-0.818666697
9,9,1608833.268164905,5433179.486851059,-0.396139553
10,10,1608795.97960952,5433159.863752531,0.135916666
11,11,1608586.186589451,5433149.906444243,0.697822205
12,12,1608645.053508913,5433149.898613313,1.02728262
13,13,1608664.488543178,5433150.878679162,1.288445562
14,14,1608449.595022363,5433140.577915698,0.691399998
15,15,1609049.783504223,5433147.335759808,-9999.0
16,16,1608479.75439956,5433199.414874332,0.409185212
17,17,1608759.779231482,5433120.051282907,0.457066675
18,18,1608796.304530394,5433120.222654368,-0.878000021
19,19,1608536.492007451,5433101.168439418,0.573980184
20,20,1608776.916970489,5433099.95412642,-0.544551747
21,21,1606211.027397236,5433094.004786902,0.783953895
22,22,1608475.559913664,5433095.980810157,0.935455883
23,23,1608983.862287693,5433090.076727442,-9999.0
24,24,1609006.43940656,5433090.048829855,-0.608782615
25,25,1608732.260149215,5433081.002554246,0.208396041
26,26,1606477.036464344,5433069.579378721,0.705500002
27,27,1608551.830668435,5433078.729009841,0.370699608
28,28,1608645.030179065,5433070.746920441,-0.201433961
29,29,1608690.341887552,5433075.474601944,0.023237139
30,30,1608504.282279609,5433060.763315759,0.685461534
31,31,1606690.998249484,5433053.425726573,0.61581345
32,32,1608533.005945324,5433057.261324631,0.559180854
33,33,1608584.801172533,5433050.873611992,0.228156859
34,34,1608717.049509638,5433051.093005105,-0.592846174
35,35,1606519.140009472,5433032.867468254,0.093186669
36,36,1608697.662319464,5433030.795052771,-0.569787903
37,37,1608927.346113019,5433030.31248813,-0.620000025
38,38,1606108.984096263,5433023.250965682,0.80259999
39,39,1606494.035056345,5433022.011951183,-0.321522283
40,40,1606537.945190854,5433022.878340653,-0.201374993
41,41,1606571.413859687,5433023.469520174,-0.051849403
42,42,1608607.342793978,5433020.930114181,0.074921577
43,43,1606552.987480409,5433012.892520634,-0.540145457
44,44,1606597.989519364,5433013.056387004,-0.266849065
45,45,1606624.621406761,5433015.591424098,0.013226128
46,46,1608679.373621947,5433011.24884929,-0.576972992
47,47,1608721.753786191,5433026.028868844,-9999.0
48,48,1607008.648986933,5433001.383479338,0.511747746
49,49,1608604.093805212,5432991.393629462,-0.123859992
50,50,1608679.349841823,5432991.30428968,-9999.0
51,51,1608886.05801097,5432990.269318666,-0.457833345
52,52,1606712.543230143,5432997.895237086,0.252000004
53,53,1606791.115725893,5432981.186102467,0.227612905
54,54,1606838.249589744,5432981.159529381,0.600553184
55,55,1607034.598445719,5432982.526184333,0.83825716
56,56,1607027.063226894,5432972.561173498,0.754124993
57,57,1608655.423030217,5432975.346804257,-0.647428587
58,58,1608848.25411799,5432970.575289352,-9999.0
59,59,1606929.297100618,5432962.568993974,0.902763162
60,60,1606770.249705766,5432959.011488793,-0.604732762
61,61,1606861.320536075,5432943.006927414,-0.260431377
62,62,1606894.539214649,5432944.232641341,0.376750916
63,63,1608599.711129761,5432931.188487223,-0.554645188
64,64,1608634.945624417,5432943.217968781,-0.775166685
65,65,1606759.414614689,5432903.674069297,0.223990388
66,66,1606981.69109579,5432903.003315557,-0.012499986
67,67,1607007.862424532,5432909.223662563,0.668547622
68,68,1608829.361538697,5432905.778309651,1.095766659
69,69,1606748.390665097,5432892.842032791,0.21745098
70,70,1608615.63336247,5432903.042731472,-9999.0
71,71,1608821.805809112,5432880.856726599,1.130266675
72,72,1606787.347777053,5432873.799374407,0.505529803
73,73,1607019.558506501,5432874.968422094,0.390730339
74,74,1606831.134105105,5432853.284713225,0.476826917
75,75,1608581.380334368,5432850.561775793,-0.393111129
76,76,1606793.497506449,5432843.347646238,0.398442307
77,77,1607284.84439779,5432850.26078661,0.706846155
78,78,1606752.6473712,5432833.789921678,0.389899999
79,79,1608599.756737262,5432841.233274139,-9999.0
80,80,1608791.643627856,5432831.031735023,1.041186653
81,81,1606876.40086031,5432813.148412798,0.005521737
82,82,1606902.151005439,5432818.780274496,0.065118132
83,83,1607181.067446872,5432807.923186308,-9999.0
84,84,1606800.985684918,5432803.451491768,0.353153847
85,85,1606891.442941181,5432803.889049342,0.152708336
86,86,1607092.130255635,5432799.00237751,-0.229000002
87,87,1606865.567178734,5432797.021521308,0.090806202
88,88,1607101.808054174,5432789.97374467,-0.221625011
89,89,1607147.959208436,5432789.536869078,0.408857141
90,90,1608564.655937877,5432788.993725246,-9999.0
91,91,1606854.345166275,5432783.252348234,0.145181818
92,92,1607004.152476971,5432783.314248125,0.48743396
93,93,1607131.793677792,5432781.529886646,0.003777782
94,94,1606861.464112494,5432773.068840192,0.250921565
95,95,1608753.950475344,5432776.229530177,-0.582225825
96,96,1607159.729118513,5432766.285943108,-0.15757304
97,97,1607011.649044714,5432753.390154754,0.620784336
98,98,1607034.225110581,5432753.368372483,0.597980754
99,99,1608545.300400622,5432750.595268018,-9999.0
100,100,1607173.983450187,5432743.636232151,-0.58471567
101,101,1608739.681486849,5432751.413180423,-0.652777789
102,102,1608753.013825286,5432741.517783547,-0.226970373
103,103,1608526.650056799,5432728.593685349,-9999.0
104,104,1608560.453547256,5432738.167703257,-9999.0
105,105,1607302.980050397,5432729.772460719,1.201653854
106,106,1608750.368235622,5432721.544432058,-0.014074069
107,107,1608723.759310026,5432701.473536484,-0.653533336
108,108,1607075.668369529,5432697.792379635,0.255319149
109,109,1607165.586017316,5432693.867438633,-0.536168672
110,110,1608508.991545205,5432694.704499101,-0.896000008
111,111,1607154.561778717,5432683.03601336,0.385239999
112,112,1608697.24528057,5432681.765179864,-9999.0
113,113,1608773.032805554,5432675.214721882,-0.589499995
114,114,1606579.497341485,5432680.783576217,0.903676352
115,115,1606996.17785117,5432677.840252656,0.215844658
116,116,1607295.05690951,5432673.682886843,0.912285711
117,117,1607274.946777093,5432663.381117417,0.27692453
118,118,1608803.886882572,5432632.304596662,0.577127516
119,119,1607642.536014613,5432610.990495964,0.599147046
120,120,1608214.936209385,5432609.292598544,0.951133333
121,121,1608697.453216553,5432601.577513851,-0.266490571
122,122,1607294.825365498,5432596.343465785,0.520741938
123,123,1608235.245119887,5432588.315656119,1.05399996
124,124,1607301.657304555,5432579.041345398,0.551999986
125,125,1608680.798059718,5432624.784963678,-0.637000021
126,126,1608787.579917549,5432581.729168801,1.328071409
127,127,1607758.419620479,5432572.870258433,1.025924218
128,128,1608756.972794335,5432576.21182223,1.035673071
129,129,1608780.042707521,5432571.765963848,1.398974974
130,130,1607199.251834654,5432567.946984784,0.457757284
131,131,1607316.424996316,5432558.461909697,0.208000004
132,132,1608678.838548392,5432562.496107068,-0.535303923
133,133,1608757.443199805,5432551.848588374,1.00814286
134,134,1608900.572664761,5432551.470455128,0.215745101
135,135,1608924.192789563,5432552.379674777,-0.053860919
136,136,1607185.873300031,5432544.331181162,0.577093338
137,137,1607337.929413478,5432542.258011022,0.246791669
138,138,1607357.593616158,5432533.658199261,0.336557693
139,139,1607199.556052415,5432523.843945106,0.441274509
140,140,1607339.319825881,5432524.080907647,-0.326509797
141,141,1607390.568338051,5432529.513852152,0.498553116
142,142,1608708.891460642,5432522.571004671,0.674737871
143,143,1607409.750949897,5432512.455748092,0.37542858
144,144,1607681.153098428,5432513.37932979,0.459307691
145,145,1608488.271624177,5432527.310935243,-0.715187062
146,146,1607131.810445505,5432503.966049453,0.408326922
147,147,1607363.057292618,5432506.088821284,-0.240259916
148,148,1607610.203244482,5432503.85811819,0.421097095
149,149,1608719.757716285,5432502.032326515,0.906925005
150,150,1608945.510654548,5432501.758362068,0.734699994
151,151,1607568.245369121,5432483.580717036,0.28205882
152,152,1608242.007514898,5432496.281577747,0.95214815
153,153,1608913.155024428,5432500.103564875,0.060994158
154,154,1606610.805259273,5432475.129438061,1.114066008
155,155,1608471.228156777,5432461.2235734,-0.817682545
156,156,1608490.189883722,5432457.428383741,-9999.0
157,157,1607211.313764283,5432444.430484179,0.402411765
158,158,1607459.940475243,5432461.427706353,-0.228268356
159,159,1607805.780929823,5432433.844899464,0.013466023
160,160,1608881.064601722,5432431.450091108,-0.065215682
161,161,1607546.955906133,5432424.298154142,-0.640613329
162,162,1608791.54731253,5432422.748606698,0.537323532
163,163,1607169.347524432,5432414.178495287,0.45038462
164,164,1607467.134299779,5432414.255621062,-0.853950003
165,165,1607485.539132443,5432403.683343731,-0.949352915
166,166,1607214.477782821,5432394.189302773,0.376549026
167,167,1607500.579593339,5432394.422713457,-9999.0
168,168,1607794.053224003,5432393.387203456,-0.964700015
169,169,1608482.595096248,5432397.603425866,-9999.0
170,170,1608661.493830009,5432392.406563035,-0.717690483
171,171,1608900.074301674,5432392.323235049,0.876470611
172,172,1607768.394879719,5432394.447396323,-0.887502364
173,173,1608863.320237537,5432515.179508859,-0.115602361
174,174,1607197.376889489,5432376.614675618,0.379563321
175,175,1607481.746237995,5432374.117693046,-0.633769202
176,176,1607786.129879934,5432377.937731023,-9999.0
177,177,1607870.06698842,5432388.306017843,-0.086920001
178,178,1608012.104162843,5432373.410332679,0.527557689
179,179,1608513.063398264,5432373.218157733,-9999.0
180,180,1608802.377002218,5432372.292932908,-0.180485716
181,181,1608844.161833928,5432372.823340853,0.314417473
182,182,1607651.036591727,5432353.649754046,-0.940000037
183,183,1608824.776087305,5432352.525707727,0.015176473
184,184,1608108.166596055,5432346.965963571,0.325298852
185,185,1608155.033779406,5432333.362373813,0.241924525
186,186,1608174.39520115,5432333.717208786,0.237166665
187,187,1608452.32707264,5432360.786311791,-0.833625993
188,188,1608435.160819454,5432318.504459715,-0.037611109
189,189,1607309.024784243,5432310.859375418,0.335364158
190,190,1607695.981868531,5432303.945369669,-0.097730757
191,191,1608162.828887834,5432303.436726673,-0.018653851
192,192,1608862.491708535,5432302.413843334,1.215157144
193,193,1607997.270313089,5432293.648231792,-9999.0
194,194,1608492.980849676,5432304.974192454,-9999.0
195,195,1607116.54572496,5432284.590431452,0.287461534
196,196,1607184.269561597,5432284.523892972,0.343865389
197,197,1607985.819954827,5432283.483990599,-9999.0
198,198,1608222.70174815,5432283.424720105,-0.203666667
199,199,1607351.154406483,5432274.914060658,0.177289474
200,200,1607384.217589624,5432274.72802233,0.353107845
201,201,1607485.254136825,5432274.248251065,0.023607841
202,202,1607997.096303085,5432273.499308549,-9999.0
203,203,1608245.642742125,5432273.239014222,0.809977773
204,204,1608472.672137161,5432276.950107567,-0.934000027
205,205,1607582.669902028,5432263.970593934,-0.330360011
206,206,1608204.018726113,5432263.296685707,-0.811769924
207,207,1608426.237363257,5432261.763953944,-0.167571436
208,208,1608456.089624184,5432253.035865147,-9999.0
209,209,1608847.381309711,5432252.570698396,1.313114285
210,210,1607105.768528305,5432245.088316773,0.431435639
211,211,1607394.925411918,5432244.423691063,-0.12641508
212,212,1608100.556972648,5432248.707279232,-9999.0
213,213,1606797.241191604,5432235.410716005,0.352892153
214,214,1607906.25974485,5432238.127411348,0.706264714
215,215,1608433.491992007,5432233.117476697,-0.838
216,216,1608016.250991463,5432224.197783082,-0.316170211
217,217,1608392.432286021,5432226.079135441,0.325518413
218,218,1608418.608059832,5432221.036570781,-0.515959193
219,219,1608260.523346732,5432216.029201915,-0.094949342
220,220,1608316.822705809,5432202.987479741,-0.641363652
221,221,1608370.093092926,5432205.893758837,-0.242288478
222,222,1608825.29501046,5432202.735979958,1.387963605
223,223,1606807.942068956,5432195.134958056,0.45792308
224,224,1608328.099705725,5432194.076770291,-9999.0
225,225,1606827.293693195,5432185.521084529,0.385098034
226,226,1607146.547281083,5432184.83802526,0.41280769
227,227,1607370.259224104,5432186.967941525,-0.100194803
228,228,1608026.945109976,5432183.920223682,0.413584905
229,229,1607157.578905083,5432174.069301047,0.329941744
230,230,1608810.002565256,5432179.285977277,1.327923099
231,231,1606857.373971769,5432165.548201568,0.302079211
232,232,1607266.923647884,5432164.774216248,0.383730759
233,233,1608797.216795245,5432162.523370498,1.305270807
234,234,1606868.405993436,5432154.779921317,0.331230765
235,235,1608027.215845424,5432154.003011072,-0.770520004
236,236,1608019.375935931,5432143.630329154,0.086192305
237,237,1608768.63583499,5432143.55169065,0.952715676
238,238,1606819.712855038,5432125.694386371,0.494659994
239,239,1608038.317813722,5432123.869329504,-9999.0
240,240,1608756.927233825,5432123.040108414,0.953125006
241,241,1607876.03094002,5432118.492540274,1.039809526
242,242,1606626.921685439,5432109.764897465,0.408247619
243,243,1606657.020442816,5432109.737426739,0.366124997
244,244,1608031.633302063,5432103.932091864,-9999.0
245,245,1608738.091520748,5432103.118129935,0.712586672
246,246,1607904.956846219,5432084.996159606,0.445539603
247,247,1608501.192735401,5432083.6586202,0.035384614
248,248,1606860.806431138,5432075.417695843,-0.62298077
249,249,1607959.253073546,5432073.36755861,-0.691999998
250,250,1607998.944460537,5432074.051182847,-9999.0
251,251,1606605.335301571,5432072.7017734,0.331018005
252,252,1607000.248245245,5432065.689151453,-0.64860784
253,253,1607778.49986202,5432064.522356965,0.223117649
254,254,1607921.468100315,5432064.368137533,-0.599085104
255,255,1606041.931634061,5432068.01235464,0.805164754
256,256,1606740.089763518,5432055.585897965,-0.6593889
257,257,1606814.244311322,5432056.218010071,-0.381414016
258,258,1606865.387492329,5432059.748182587,-0.333081079
259,259,1606920.337155696,5432059.630280777,-0.201689323
260,260,1607895.27229257,5432053.872444671,-0.669093009
261,261,1608487.860588586,5432066.536520444,0.335125001
262,262,1606697.079699202,5432050.470584741,-0.475919455
263,263,1608072.231074016,5432033.876526849,-0.673666653
264,264,1606795.384136081,5432036.89739937,-0.157810959
265,265,1607620.440137871,5432024.391345145,-0.803399993
266,266,1606800.552901216,5432015.231415189,0.067666667
267,267,1608093.292250178,5432020.611232254,-0.414554765
268,268,1607833.326926412,5432004.425196739,-9999.0
269,269,1608011.850396011,5432004.957990578,-0.554729149
270,270,1607058.473788764,5431997.631662589,-0.099140187
271,271,1608706.384157624,5432274.180607062,-0.073604606
272,272,1607934.514727719,5431984.370957625,-0.982000053
273,273,1607970.442929571,5431984.679039752,-0.708752497
274,274,1607063.571567192,5431975.500672997,0.038076923
275,275,1607860.830730454,5431978.896691279,-9999.0
276,276,1608482.1127345,5431983.753296944,0.57583111
277,277,1608732.105153225,5431980.7048349,-0.395897445
278,278,1607932.798378723,5431964.775558857,-0.042575745
279,279,1608470.80267572,5431963.821846412,0.795987505
280,280,1608759.874662919,5431969.775991946,0.574392741
281,281,1608019.324724985,5431959.347222746,0.27577174
282,282,1608463.266536823,5431953.858305396,0.725802827
283,283,1608034.508917349,5431944.167504742,0.336461541
284,284,1608064.303726624,5431944.543567891,0.484867929
285,285,1608155.84005027,5431952.761237371,0.80233378
286,286,1608315.350457347,5431951.54427117,1.121962112
287,287,1607943.900513414,5431934.703693444,0.078615383
288,288,1607999.131301683,5431936.512992979,0.307518677
289,289,1608117.115880332,5431934.308024972,1.161536349
290,290,1608493.787480564,5431938.341641818,0.56381553
291,291,1608752.942978485,5431938.557177094,-0.7518587
292,292,1608809.341603381,5431933.463218996,1.431587305
293,293,1607752.563945849,5431925.314298362,0.505782176
294,294,1608335.163619955,5431924.293744002,0.75566038
295,295,1606806.074498031,5431936.075477898,0.684725216
296,296,1608481.80154111,5431918.505138768,0.602835821
297,297,1606614.270388999,5431913.131818833,0.85416191
298,298,1607755.755876184,5431904.989725917,0.250245285
299,299,1608166.051925369,5431920.825104705,1.045390274
300,300,1608406.026762318,5431921.593214941,1.08918908
301,301,1607763.573002142,5431894.600061778,-0.075803943
302,302,1607823.465466928,5431894.944937662,-9999.0
303,303,1608335.129352509,5431894.376853802,0.550509805
304,304,1608089.370985629,5431909.560236013,1.130030461
305,305,1608455.660047598,5431883.333828659,0.638899999
306,306,1608294.271128292,5431874.855474854,-0.119901962
307,307,1608370.410110603,5431878.896899314,0.083092932
308,308,1608791.973659363,5431911.652601848,0.190342783
309,309,1608274.899580476,5431864.528662995,-0.198792446
310,310,1607744.965149041,5431855.516233377,-0.730990178
311,311,1608832.45043762,5431861.311907568,0.025758971
312,312,1608463.405698663,5431863.604617002,0.081365553
313,313,1608801.737738828,5431843.761351405,-9999.0
314,314,1608892.035877564,5431847.862351191,0.552897471
315,315,1608948.27149531,5431843.405679657,1.161421439
316,316,1609209.424780824,5431831.761843158,0.96798507
317,317,1609103.504564989,5431830.576036956,0.48739238
318,318,1609259.229246458,5431819.545633827,1.027466655
319,319,1607667.676135922,5431823.120037572,-0.125749995
320,320,1608220.403919714,5431818.651434224,-0.192610115
321,321,1608722.281341387,5431819.478754682,-9999.0
322,322,1608196.402654754,5431803.913657234,-0.12480769
323,323,1609142.698471598,5431803.650750293,0.176336995
324,324,1608177.003443487,5431794.833154405,-0.059884615
325,325,1608477.978078538,5431794.488715752,0.401000003
326,326,1608761.245099788,5431819.223825449,-0.709025822
327,327,1607334.26443619,5431785.759056707,0.214509431
328,328,1609177.882228421,5431782.735630201,0.17120754
329,329,1609196.268691672,5431784.1050317,0.512596152
330,330,1607346.010520668,5431770.275843496,0.184333333
331,331,1607677.150607294,5431765.837313098,-0.01817307
332,332,1608425.272877616,5431764.632994751,0.528245286
333,333,1609221.700938083,5431763.992084694,0.450722537
334,334,1608395.467748829,5431754.695131488,0.524679254
335,335,1608345.083961499,5431762.509145993,1.03625024
336,336,1608387.627741478,5431744.32283967,0.542117641
337,337,1608628.557888525,5431744.245643885,-9999.0
338,338,1609256.412800304,5431744.139510216,0.560549019
339,339,1607725.467386111,5431725.520379271,0.228700008
340,340,1608276.415985867,5431729.68952414,1.069467548
341,341,1609284.796680124,5431724.939504602,0.622937748
342,342,1608809.375774509,5431719.098194906,-0.720409101
343,343,1609358.530024944,5431713.630984513,0.677622633
344,344,1607219.394479287,5431695.918637408,0.682270593
345,345,1609476.918860462,5431694.324632715,-0.011737383
346,346,1608289.743960556,5431685.010155746,0.970830183
347,347,1607650.475741801,5431675.738057917,0.168653845
348,348,1608263.946822345,5431675.443742573,1.079203874
349,349,1609290.456826177,5431673.828950102,-0.636320018
350,350,1609636.12405704,5431670.164234701,-0.272000021
351,351,1607639.452317002,5431664.907345669,0.199009615
352,352,1609237.926065021,5431663.719005316,0.638649995
353,353,1607620.054174491,5431655.825357569,0.145433961
354,354,1608619.905410131,5431685.525432018,-0.911144353
355,355,1607519.015912923,5431646.334711914,0.054235294
356,356,1607589.603483447,5431650.098432708,-0.112145633
357,357,1608440.182740313,5431644.947955146,0.301905665
358,358,1609324.429174205,5431643.664030365,0.568106664
359,359,1607559.82932176,5431625.971243955,-0.055826923
360,360,1607579.188828612,5431626.327660173,0.07234
361,361,1608598.3192228,5431624.613666587,-9999.0
362,362,1609757.935065538,5431625.701164319,-0.873000011
363,363,1608908.271377466,5431608.70124381,0.529458333
364,364,1607958.578689217,5431595.629089753,1.029384608
365,365,1608013.423748045,5431602.861410386,1.218292102
366,366,1608623.332900343,5431601.149769011,-0.218575758
367,367,1609260.409919309,5431593.884201443,1.353971485
368,368,1607533.107489741,5431597.851733297,-0.054162737
369,369,1608425.222428241,5431589.913048506,-0.30561136
370,370,1609072.842127713,5431584.148181947,1.174234022
371,371,1609595.222339905,5431583.825403631,1.064275517
372,372,1608599.112542482,5431586.869464991,-0.372825076
373,373,1608583.199402266,5431564.070475096,-0.967999995
374,374,1609668.47120093,5431563.896266148,1.092943982
375,375,1609711.667998782,5431563.583440913,1.11239623
376,376,1608664.967819845,5431575.643125795,-0.966000021
377,377,1608849.432558116,5431554.506367557,-0.772615395
378,378,1609746.062361659,5431553.941687896,0.947725493
379,379,1609771.834247091,5431543.558244466,0.680320772
380,380,1609809.606368444,5431543.302908888,0.69539999
381,381,1608651.152295272,5431539.786353571,-0.759321444
382,382,1608819.112789641,5431692.487140032,-0.373347446
383,383,1609787.020629417,5431533.360994807,0.998099978
384,384,1607943.454161439,5431525.839419678,1.05401961
385,385,1608033.894837014,5431525.535611859,1.315550007
386,386,1607981.063659445,5431515.825948504,1.230396235
387,387,1608015.123295916,5431541.117241157,1.314720821
388,388,1608406.723080776,5431515.723147943,-0.437639984
389,389,1608613.211339858,5431516.586683516,-0.212534169
390,390,1609825.162820068,5431513.364952618,0.8671087
391,391,1608082.994269261,5431526.054377634,1.251246115
392,392,1608566.870044512,5431503.108739819,-0.84607822
393,393,1609124.698385167,5431494.536979877,0.941279994
394,394,1609854.531910465,5431493.585101432,0.489849053
395,395,1608414.240510738,5431484.550969414,-0.848652184
396,396,1608774.698740878,5431548.409385038,-9999.0
397,397,1607522.357432436,5431476.42539001,-0.631549029
398,398,1609088.400929689,5431475.166894034,0.905420004
399,399,1607508.390281248,5431465.357297173,-0.628154844
400,400,1608086.649027049,5431465.847788387,1.133846127
401,401,1608604.019643594,5431465.919830644,-9999.0
402,402,1608703.478958533,5431474.903897034,-0.54725374
403,403,1608078.809770459,5431455.475160236,1.165803916
404,404,1608732.455994898,5431469.484184086,-0.858730775
405,405,1608564.249081991,5431445.152147075,-9999.0
406,406,1608946.205880381,5431435.489437332,0.540951449
407,407,1608964.517391253,5431430.41268858,0.747368706
408,408,1608756.345717943,5431419.992702469,-9999.0
409,409,1607512.10811033,5431413.073480711,-0.888027274
410,410,1608372.323845831,5431390.527778107,-0.466015623
411,411,1608409.955112798,5431400.456711275,-0.921366309
412,412,1608430.068875386,5431911.142166751,-0.575729636
413,413,1608631.033977997,5431410.850893266,-0.856161002
414,414,1608711.604161568,5431382.237290789,0.445157791
415,415,1608787.069581854,5431382.656565153,-9999.0
416,416,1607405.868529676,5431367.225990604,-0.132339999
417,417,1607569.436220382,5431383.070396061,-0.934485653
418,418,1609004.055309981,5431382.117590393,1.152312743
419,419,1609908.67867868,5431485.842995345,-0.108264395
420,420,1607616.527921923,5431357.036196,-0.97277779
421,421,1607375.037337183,5431352.026154484,0.132597012
422,422,1609974.800441741,5431344.493473678,0.198492748
423,423,1608590.459467892,5431340.411898891,0.08116521
424,424,1608630.326468464,5431339.663539791,0.074716667
425,425,1608654.450264686,5431356.191650189,0.028589945
426,426,1608767.662497108,5431335.79542367,0.284169996
427,427,1608797.773889785,5431324.540214249,-0.840243259
428,428,1608966.483762829,5431324.795213653,-9999.0
429,429,1607717.50940788,5431316.663959923,0.685259281
430,430,1608767.638462276,5431315.850811532,0.587207925
431,431,1608688.076838642,5431305.597377974,0.119000003
432,432,1609200.286823352,5431302.095017332,0.527894738
433,433,1607725.169027537,5431301.492849481,0.856717092
434,434,1608429.041143511,5431296.306330545,-0.071257429
435,435,1608546.629336158,5431360.632712864,-0.796609418
436,436,1608963.261702854,5431301.806357506,-9999.0
437,437,1607740.200823656,5431286.518393716,0.972174977
438,438,1607755.248502735,5431286.502369329,1.015194428
439,439,1608587.804291739,5431298.681903159,-0.498045821
440,440,1609177.102633228,5431285.052327832,0.44511765
441,441,1608549.001870898,5431275.640651985,-0.465822045
442,442,1608785.850900528,5431275.563000627,0.433509435
443,443,1608823.306239089,5431311.678859741,-9999.0
444,444,1608567.251089148,5431265.646866115,-0.855102052
445,445,1608628.476247543,5431266.467187069,0.574898295
446,446,1609216.333038473,5431269.258665632,-0.214586809
447,447,1607755.221927938,5431261.571598859,1.214323148
448,448,1608712.142341364,5431316.370148825,0.529849971
449,449,1608948.137787629,5431255.797124986,-9999.0
450,450,1609380.194892509,5431244.904022548,0.1315
451,451,1607774.010150846,5431241.606915893,1.283256256
452,452,1608567.215860166,5431235.729944665,-0.486804365
453,453,1608669.018632069,5431240.903900023,-0.085050014
454,454,1608961.859251988,5431360.936079296,-0.310185705
455,455,1607529.319758696,5431227.110293846,-0.21913462
456,456,1608830.933356994,5431225.646809539,-9999.0
457,457,1609146.932046489,5431225.256382883,-9999.0
458,458,1609515.748770557,5431224.578822607,0.736504349
459,459,1608590.464373479,5431215.962398897,0.130239996
460,460,1608639.614225906,5431216.280754683,-0.775702966
461,461,1608807.722664782,5431227.590202711,0.621047617
462,462,1607529.299117823,5431207.165679415,-0.263403848
463,463,1607928.361499218,5431206.33271964,1.124115389
464,464,1608695.074370865,5431209.472318132,0.622307037
465,465,1607792.776907367,5431201.697559089,1.133353706
466,466,1608608.672740853,5431196.457190195,0.139634621
467,467,1608892.938449439,5431232.276413007,-0.850672361
468,468,1608998.935900576,5431207.740929752,-9999.0
469,469,1608650.315251262,5431185.974516606,-0.03962745
470,470,1609018.965495416,5431175.145504884,-0.934000015
471,471,1609467.79492159,5431172.743854959,1.255857127
472,472,1608955.551117881,5431166.037095828,0.373386141
473,473,1607815.305312657,5431161.784115798,1.172365227
474,474,1607529.237194757,5431147.331832375,-0.044826923
475,475,1608868.454998793,5431145.822583402,-0.940875016
476,476,1608970.505536508,5431150.170727101,0.476159203
477,477,1609093.016145561,5431167.840563485,-0.880269882
478,478,1609470.350669916,5431145.063972096,0.511520001
479,479,1608631.995800781,5431136.511218688,-9999.0
480,480,1608659.645893756,5431135.286556961,-0.315066055
481,481,1609119.775806949,5431135.335037478,-0.960222217
482,482,1607499.121854917,5431127.418298997,0.125686278
483,483,1609011.380514472,5431125.702303826,0.527470589
484,484,1609060.833473598,5431126.017436908,0.319572814
485,485,1608693.68283324,5431118.947244852,-0.03778598
486,486,1609372.504080194,5431115.273706648,-0.373819999
487,487,1608762.551080186,5431114.17711283,0.189515924
488,488,1608782.433401059,5431106.414196919,0.522392164
489,489,1609541.925041224,5431104.876630641,1.174960001
490,490,1608897.071736974,5431102.733288141,-0.873309755
491,491,1609395.20733835,5431100.081419157,-0.289220722
492,492,1607768.263424378,5431093.862360917,-0.61680374
493,493,1608642.67304521,5431086.260368687,-9999.0
494,494,1608913.675457805,5431085.728863207,-0.932347821
495,495,1609089.850236628,5431086.513926999,0.494525295
496,496,1608735.170199703,5431082.093864692,-0.611792214
497,497,1608770.714395483,5431075.93029613,-0.248928564
498,498,1608790.613244175,5431084.069286727,0.248325905
499,499,1608853.322657141,5431076.034744348,0.599235292
500,500,1608921.186862683,5431075.74733106,-0.94654837
501,501,1609365.080647733,5431075.189451052,-0.84847691
502,502,1609440.165304852,5431075.296916871,-0.148471698
503,503,1607762.386627413,5431067.308241763,-0.643499996
504,504,1608902.763065154,5431066.378641198,-0.361208334
505,505,1609262.932824562,5431164.072048847,-0.845762971
506,506,1609543.567494914,5431064.985163777,1.778975642
507,507,1608758.542866769,5431056.000300887,-9999.0
508,508,1609154.900695659,5431061.06657309,0.077460785
509,509,1609556.90684897,5431054.99532758,1.426453355
510,510,1609451.988523514,5431051.879704199,-0.183144509
511,511,1607762.354706058,5431037.391312086,-0.621423077
512,512,1608803.378915749,5431036.35890709,-0.975999991
513,513,1608872.63212331,5431036.498475802,0.524145627
514,514,1609011.560676646,5431025.978826644,0.083339623
515,515,1608876.124212588,5431016.173008183,0.33690566
516,516,1609592.30257832,5431029.208664013,1.182043492
517,517,1607716.29336393,5431027.623577963,-0.274963382
518,518,1609034.106625121,5431006.006210712,0.132596158
519,519,1608918.172778134,5431012.481872501,-0.155975824
520,520,1608967.487555333,5431027.895317478,-0.840640077
521,521,1609214.658711144,5430995.398406927,-0.328754719
522,522,1609040.257235843,5430985.115757642,-0.544862064
523,523,1606504.588692989,5430977.692567325,0.868663143
524,524,1608635.334923036,5431038.077488446,-0.924142869
525,525,1607660.546766462,5430972.783013537,-0.141660099
526,526,1609094.245171044,5430966.041971882,0.303230776
527,527,1609026.217522396,5430956.154368628,-0.473250012
528,528,1609080.27659786,5430954.976885954,-0.340885704
529,529,1607600.89632016,5430953.021047994,-0.043388059
530,530,1607640.399688867,5430948.434977859,-0.524648513
531,531,1608627.460206023,5430946.665877336,-0.506037742
532,532,1609621.260993018,5430945.214883639,0.949086955
533,533,1606461.588547714,5430938.064672895,0.890720003
534,534,1607453.785671661,5430937.990799554,0.150096156
535,535,1609054.803397536,5430936.839646961,-0.533064043
536,536,1609146.568444257,5430936.059390188,0.208471701
537,537,1607570.546031139,5430932.67952638,-0.247134441
538,538,1608704.018848965,5430927.159150261,-0.522026492
539,539,1608996.086526721,5430926.274709305,0.477098043
540,540,1607475.488440659,5430925.47064615,-0.059989129
541,541,1607540.8620763,5430917.086429426,-0.393320382
542,542,1607703.386887254,5430918.315248621,-0.329251656
543,543,1609515.192846246,5430915.641914214,-0.562698131
544,544,1609575.380516934,5430915.562940034,0.435094347
545,545,1609615.520274192,5430915.467842777,1.374343992
546,546,1608315.302479064,5430911.438030356,1.042326941
547,547,1608350.392897834,5430907.629012251,1.107417223
548,548,1608766.748284644,5430906.40553525,-9999.0
549,549,1609009.625465786,5430906.978756242,0.532747526
550,550,1609176.624622621,5430906.104552598,0.015173077
551,551,1609606.161340082,5430905.345517618,1.40645654
552,552,1606959.826391224,5430901.824077346,0.217162921
553,553,1607046.300424067,5430911.798509091,0.02957369
554,554,1607258.135427505,5430898.299348767,-0.152134614
555,555,1607438.697925338,5430898.11695396,-0.529490204
556,556,1607742.042701875,5430899.98188026,-0.283467289
557,557,1606946.480397471,5430887.761317796,0.273242725
558,558,1607677.850627366,5430892.726482145,-0.253619902
559,559,1609056.224619688,5430886.310779055,0.330320756
560,560,1609206.693174272,5430886.121902263,-0.138941177
561,561,1607017.366193027,5430878.590945933,0.089094342
562,562,1607643.157307428,5430878.489485572,-0.159394737
563,563,1608747.752094594,5430876.715933556,-0.081711547
564,564,1609606.121834521,5430875.428577695,0.618933332
565,565,1606966.040199491,5430869.197078025,0.194496687
566,566,1607380.20597214,5430874.842850785,-0.170917359
567,567,1607563.352514185,5430868.448006012,-0.157455442
568,568,1608356.673714292,5430866.271713826,1.124612254
569,569,1609018.886434286,5430866.412509006,0.120549019
570,570,1609078.770011501,5430866.338019433,0.339365381
571,571,1609132.931076903,5430873.142847727,-0.466495796
572,572,1609614.979794143,5430864.977951707,0.516103443
573,573,1607277.055753571,5430858.186644819,-0.191826659
574,574,1607313.40242502,5430877.810676335,-0.106745657
575,575,1607942.881746441,5430862.476275003,-0.054807512
576,576,1608764.122503916,5430857.280697607,0.142342279
577,577,1609626.971039388,5430852.596375166,0.566823542
578,578,1607088.970826905,5430855.547982528,0.006279121
579,579,1607154.441934218,5430877.68993696,0.013410744
580,580,1609040.036796817,5430847.142770953,0.097509554
581,581,1609098.102637435,5430846.745764425,0.220378638
582,582,1609127.569328027,5430850.685447063,-0.485380001
583,583,1607119.470398723,5430837.732462212,0.045417475
584,584,1609462.736425928,5430898.615485537,-0.235930465
585,585,1607859.935001499,5430827.867746764,0.21315385
586,586,1607167.775570643,5430818.610364053,0.186076925
587,587,1607218.805151551,5430843.171038711,-0.00924458
588,588,1609463.746561284,5430816.514842623,-0.18563158
589,589,1606878.665914978,5430809.293724642,-0.024647059
590,590,1609241.970723551,5430851.815668215,-0.378666448
591,591,1607430.838798466,5430830.708319925,0.006976979
592,592,1609138.857042082,5430786.484142844,0.094288462
593,593,1609236.660262086,5430786.360613784,-0.649803903
594,594,1609469.883327222,5430786.060737949,-0.108346157
595,595,1607728.772110095,5430778.523215403,0.996693071
596,596,1606426.490944015,5430781.401891727,1.012240072
597,597,1609409.670930135,5430766.194211115,-0.878826923
598,598,1607999.589488232,5430758.285784961,0.22288
599,599,1608225.288298134,5430758.034080416,1.301786394
600,600,1608819.628509195,5430757.337757966,0.319343132
601,601,1609221.575687285,5430756.462758932,-0.680903853
602,602,1609199.143854268,5430745.587170416,-0.138490583
603,603,1609229.389484014,5430746.071496459,-0.71153845
604,604,1609658.613624597,5430745.71875414,0.640346933
605,605,1609209.542404746,5430726.356489952,-0.937000021
606,606,1609259.27119928,5430729.063966208,-0.93600744
607,607,1606426.793087264,5430724.36118197,0.984326667
608,608,1608890.659696169,5430721.767071567,-9999.0
609,609,1609289.221656795,5430706.515030307,-9999.0
610,610,1609620.394918355,5430705.152917942,0.961897967
611,611,1606441.81752203,5430699.417082601,1.011359983
612,612,1609213.86859021,5430696.434008712,-9999.0
613,613,1609540.758240132,5430697.015676427,-0.192147288
614,614,1609582.246489458,5430680.431500065,0.121438096
615,615,1609599.872929767,5430683.209733141,0.750213923
616,616,1609112.210446063,5430671.939636745,-0.613487691
617,617,1609191.369106015,5430666.750002711,-0.006352943
618,618,1609459.306946557,5430686.082789437,-0.175012939
619,619,1609559.46963824,5430664.418735945,-0.32077707
620,620,1606684.342119389,5430656.452086871,0.347233646
621,621,1609571.018580579,5430645.530125296,0.192794113
622,622,1608805.066170319,5430652.528274094,0.289912393
623,623,1606665.637787941,5430638.190351711,0.523576158
624,624,1608888.725329341,5430633.852552912,-0.55389302
625,625,1609243.638424029,5430631.008006601,0.009009616
626,626,1609314.569301853,5430917.634166936,-0.710544728
627,627,1609470.560567331,5430632.829368976,-0.109727917
628,628,1608130.693687151,5430617.946765961,1.269957127
629,629,1609514.788479041,5430606.500140427,-0.081117648
630,630,1609534.119240493,5430586.9067156,-0.11971845
631,631,1609447.229582711,5430604.721649669,-0.794376947
632,632,1606639.450942625,5430609.982523223,0.706060901
633,633,1609303.747204651,5430571.097369184,0.016264706
634,634,1609565.914812745,5430567.209201405,-0.26220297
635,635,1609594.277884358,5430566.882943764,-0.074284311
636,636,1607239.898426322,5430556.282251685,0.988399988
637,637,1609488.550520869,5430561.454397445,-0.884043898
638,638,1609522.550010384,5430556.628307736,-0.517924547
639,639,1609330.943861714,5430547.280848267,-0.013970297
640,640,1609503.577161813,5430546.476273308,-0.933459462
641,641,1609617.767030366,5430543.817668919,0.049649997
642,642,1608890.464679549,5430562.210030316,-0.406031885
643,643,1609518.610265829,5430536.484281424,-0.929952384
644,644,1609567.516757898,5430541.406282431,-0.379382609
645,645,1609345.896186261,5430531.413689082,-0.048417911
646,646,1609435.843595872,5430526.619784245,-9999.0
647,647,1609537.404856762,5430526.487328035,-0.910888876
648,648,1608894.568786615,5430517.910547741,-0.735039976
649,649,1609590.342691756,5430502.895523662,-0.781343293
650,650,1609644.873885722,5430513.464276397,0.060205879
651,651,1608826.110806954,5430492.79042298,0.556251228
652,652,1609492.214462655,5430486.657089031,-9999.0
653,653,1609514.631943737,5430486.832316759,-9999.0
654,654,1609938.36859173,5430482.897496783,-9999.0
655,655,1609463.882536415,5430490.35054902,-0.949232035
656,656,1609640.156074641,5430478.1522291,-0.510395092
657,657,1609764.155046444,5430476.153266079,-0.371827304
658,658,1610007.513085855,5430465.674347457,-0.423462266
659,659,1610026.320048164,5430465.26864332,-0.421448978
660,660,1609528.296192078,5430464.670770213,-0.944000006
661,661,1609415.538241732,5430486.399315954,-0.310047498
662,662,1609406.086645742,5430448.843587587,-0.129894197
663,663,1609898.237875381,5430436.458714665,-0.220557701
664,664,1609974.815125197,5430436.883225097,-0.149099336
665,665,1609947.672566623,5430426.795490791,0.001120002
666,666,1609395.521104852,5430417.709917097,-0.171093336
667,667,1609476.925914308,5430417.075182915,0.004862745
668,668,1610026.100769914,5430416.338908248,0.077442307
669,669,1610176.863298068,5430416.129527984,-0.301901964
670,670,1609979.466322685,5430407.096160777,0.071990099
671,671,1610169.722843122,5430405.962663315,-0.122040004
672,672,1609506.991617539,5430397.091271234,0.066924528
673,673,1609785.643411838,5430396.721712627,0.29652941
674,674,1609777.955955751,5430387.282351237,-0.358730778
675,675,1610177.176663066,5430391.561812381,-0.109698117
676,676,1609458.231217496,5430386.978000166,0.145404445
677,677,1609685.00405965,5430415.215464534,-0.441925772
678,678,1609807.881625407,5430376.74708062,0.037568627
679,679,1610097.370374853,5430406.99057547,0.00310734
680,680,1608819.156949618,5430368.417354596,-0.348977792
681,681,1609369.914678774,5430373.202463498,-0.173024248
682,682,1609856.493326856,5430367.169985796,0.098372553
683,683,1609553.542245946,5430399.978179864,-0.178067175
684,684,1609845.468584162,5430356.342597444,-0.427283019
685,685,1609950.789477309,5430356.60829053,0.219884615
686,686,1610116.292869441,5430356.37997966,0.029396226
687,687,1610152.690102184,5430370.364616155,-0.041011945
688,688,1610389.266720382,5430373.775549159,0.391555561
689,689,1609868.024251982,5430346.748711837,-0.419773573
690,690,1609911.92580889,5430351.556330628,-0.140622895
691,691,1610236.303131686,5430350.453302903,-0.217699023
692,692,1609627.279179394,5430337.099016918,-0.006615383
693,693,1609748.964940463,5430355.076612699,-0.45137539
694,694,1610428.895010429,5430336.144899296,0.227886596
695,695,1609940.013327357,5430327.0825605,-0.383009711
696,696,1610237.950440131,5430316.849508243,-0.131615898
697,697,1608955.272484369,5430311.108119625,-0.665369324
698,698,1609759.438145242,5430307.382420883,-0.451990091
699,699,1610188.455816256,5430335.921590062,-0.056643323
700,700,1610391.341642535,5430296.534721227,0.365673267
701,701,1608959.306997834,5430282.319059018,-0.463426577
702,702,1608709.406610697,5430268.449683766,-0.088549011
703,703,1609371.069670161,5430271.840835233,-0.312846147
704,704,1609932.40876605,5430267.258901096,-0.427851485
705,705,1610371.942853035,5430266.26882294,0.469641503
706,706,1608949.587967527,5430688.903161952,-0.868568083
707,707,1609401.793891129,5430257.615271146,-0.720075478
708,708,1609812.058393779,5430256.203375183,-0.190851486
709,709,1609390.769992842,5430246.787187928,-0.521961543
710,710,1610349.649177642,5430245.94687132,-0.258519999
711,711,1610484.920747866,5430287.866322967,-0.383093064
712,712,1608679.279757215,5430238.568686472,-0.1196731
713,713,1610513.647773645,5430242.442044316,0.002989285
714,714,1609499.247278003,5430227.571621353,-0.027788461
715,715,1608664.210483344,5430218.64197899,-0.436294083
716,716,1608718.217117342,5430219.106565613,-0.701000017
717,717,1609980.689416878,5430216.954538196,-0.025423078
718,718,1610003.257627994,5430216.923533102,-0.31007692
719,719,1610342.084450544,5430216.449621383,-0.021923075
720,720,1610232.413461489,5430207.093358789,-0.463372542
721,721,1611812.366070841,5430199.287398281,0.100000001
722,722,1611827.719555518,5430203.968506882,0.499053692
723,723,1608750.050485482,5430213.937164746,-0.948085065
724,724,1610055.560562391,5430269.224311758,-0.378577642
725,725,1610221.388398936,5430196.266536979,-0.45903922
726,726,1609333.69565011,5430187.896601071,-0.196384625
727,727,1609503.505554475,5430188.053251598,-0.336683162
728,728,1610579.733282726,5430213.583231873,-0.237986927
729,729,1609470.466094604,5430180.355421175,-0.622848126
730,730,1609593.366946338,5430177.034520276,-0.383369369
731,731,1610182.932564558,5430183.791384975,-0.451957647
732,732,1610635.108623973,5430175.728638401,-0.434884614
733,733,1608636.152182704,5430181.47923403,-0.719180178
734,734,1609581.918128487,5430167.220105585,-0.45059616
735,735,1609546.697319563,5430161.783580099,-0.37436158
736,736,1609605.131996487,5430162.975910347,-0.20516346
737,737,1609704.876932511,5430161.992083415,0.06176997
738,738,1610263.256687006,5430157.103775468,-0.453108909
739,739,1610635.080057103,5430156.193009119,0.508596149
740,740,1608622.674573367,5430153.238132475,-0.881990136
741,741,1608663.730377538,5430148.631673358,-0.955999976
742,742,1609724.974570861,5430147.29005144,0.082850004
743,743,1610227.324184941,5430164.475552115,-0.451352664
744,744,1608761.909946169,5430138.746227505,-0.24013461
745,745,1608893.39120123,5430143.67668312,-0.412188112
746,746,1609574.356597754,5430137.722059297,0.075823529
747,747,1610658.966461582,5430136.742471715,0.596586665
748,748,1608995.099888416,5430128.489215156,-0.260094353
749,749,1609002.913329666,5430118.098185163,-0.232365391
750,750,1608601.463474929,5430112.08839825,-0.613022478
751,751,1610281.42786601,5430124.969027131,-0.455577345
752,752,1609743.741134258,5430117.347904409,-0.079153272
753,753,1610315.762894859,5430101.292128814,-0.195945541
754,754,1610495.961348526,5430086.384171585,0.585326678
755,755,1610650.174709837,5430086.15997189,0.85039091
756,756,1610711.909321258,5430111.297748391,0.087718749
757,757,1613840.081392118,5430080.02925586,-9999.0
758,758,1610477.147658025,5430081.425131786,0.707299997
759,759,1610507.230845468,5430076.395554418,0.6199
760,760,1610672.727884497,5430076.154569821,0.890942858
761,761,1610793.637890864,5430075.976127209,0.541200002
762,762,1611820.975151929,5430106.152192021,0.554543383
763,763,1608766.136113395,5430069.31131406,-0.152339994
764,764,1609766.255485976,5430077.428336359,0.030257775
765,765,1610537.306767303,5430066.379692516,0.648571441
766,766,1610661.429376452,5430066.198790592,0.907566664
767,767,1613836.357291272,5430061.432540448,-0.370606057
768,768,1609181.047935635,5430060.803514249,-0.052589518
769,769,1609513.72878666,5430062.236452984,0.152601945
770,770,1610755.728006158,5430062.589311522,0.684930558
771,771,1610792.208740075,5430056.033921482,0.860983416
772,772,1613847.375809123,5430050.653623248,-0.409960771
773,773,1609536.625636467,5430048.020546346,0.111235297
774,774,1610063.60609813,5430050.52740714,0.750004083
775,775,1610604.980925238,5430046.336629112,0.707950006
776,776,1613794.396009582,5430041.190963304,-0.299924536
777,777,1613821.274218168,5430041.516490214,-0.359588233
778,778,1614764.80675579,5430039.285589234,0.890249987
779,779,1614787.374448488,5430039.239737542,0.658999987
780,780,1608957.973970901,5430043.042992182,-0.119466021
781,781,1609579.718095491,5430040.344616795,0.047336245
782,782,1610626.985518477,5430036.332158628,1.010978272
783,783,1613747.678694049,5430037.797859902,-0.242842458
784,784,1613847.185016354,5430030.186615663,-0.706000018
785,785,1614674.51586348,5430029.495965617,0.924411783
786,786,1608947.926135682,5430028.619484849,-0.108311111
787,787,1610730.583055204,5430051.004453009,-0.179396687
788,788,1612966.481414793,5430022.564956485,1.110980413
789,789,1613685.830533704,5430021.827903636,-0.255637258
790,790,1614187.384928927,5430022.006345754,-9999.0
791,791,1614238.521152233,5430025.182215527,0.340034783
792,792,1614260.907275248,5430020.141888951,0.528618177
793,793,1610531.603452191,5430024.005471597,0.436831032
794,794,1613794.93993847,5430015.531866403,-0.303019229
795,795,1614121.72086518,5430010.441127875,-9999.0
796,796,1608904.681640404,5430008.932394136,-0.103807692
797,797,1608951.799238536,5430011.965220477,-0.112466959
798,798,1610838.128325774,5430011.089695396,0.464275006
799,799,1610856.936178445,5430012.092065852,0.881098037
800,800,1613775.04623076,5429999.99097926,-0.264349627
801,801,1612955.710589565,5430002.639439156,1.111306668
802,802,1613818.31879734,5429993.599147409,-0.84800003
803,803,1613952.389396342,5430028.280034597,-9999.0
804,804,1614027.499309665,5429990.883252959,-0.126039222
805,805,1614377.144082877,5429993.736065678,0.389092308
806,806,1608938.659609836,5429988.39417091,-0.060764704
807,807,1609604.856751539,5430056.701681019,-0.096918215
808,808,1609940.732518188,5429989.998388155,0.586139738
809,809,1610709.660157387,5429986.349135249,0.071314814
810,810,1611838.432210234,5429984.803790356,0.721215686
811,811,1613854.462532643,5429981.242587835,-9999.0
812,812,1613982.506078345,5429985.779200188,-0.067769565
813,813,1614057.570082191,5429980.852821544,-0.089019604
814,814,1614087.660089812,5429980.79459596,-0.147215694
815,815,1614164.552684645,5429986.424147681,-9999.0
816,816,1614407.915687081,5429980.543730321,0.419931372
817,817,1615135.338387192,5429987.626136201,0.837233683
818,818,1608687.090507911,5429983.537560092,-0.159776696
819,819,1608732.975197337,5429979.752709037,-0.096906666
820,820,1608949.382998175,5429978.755985728,0.012159999
821,821,1613762.394896258,5429976.113079971,-0.399794005
822,822,1614189.345831458,5429970.420018432,-9999.0
823,823,1614988.424470998,5429968.817037764,-9999.0
824,824,1615125.896053226,5429968.532416752,0.602974989
825,825,1615140.39252227,5429968.502249725,0.711859987
826,826,1615155.833774166,5429968.265575309,0.869019202
827,827,1608980.008256709,5429968.018742585,-0.173583327
828,828,1609295.4593632,5429972.767618322,0.126291265
829,829,1612432.43393441,5429963.07968571,0.100000001
830,830,1614113.410916706,5429963.1982531,-0.159788628
831,831,1614208.132577189,5429960.410981107,-9999.0
832,832,1615039.366811899,5429958.739379137,-9999.0
833,833,1615118.352830176,5429958.575727234,-0.17817142
834,834,1615133.399306761,5429959.271583732,0.464764711
835,835,1608969.138395119,5429958.121488784,-0.122336542
836,836,1609075.887771582,5429993.654273339,0.009091519
837,837,1610918.727026294,5429956.121197199,0.779322588
838,838,1613587.886662497,5429956.111774928,-9999.0
839,839,1613786.854734919,5429951.249460723,-9999.0
840,840,1613842.032175322,5429957.792893153,-9999.0
841,841,1613903.85083299,5429951.607789986,-0.008825243
842,842,1613929.630247631,5429951.181899659,0.03309434
843,843,1614046.777787507,5429951.333129282,-0.084603962
844,844,1614456.506861523,5429950.153632144,0.39441176
845,845,1614901.376909544,5429949.78481489,-0.654868433
846,846,1615156.096703204,5429948.729300605,0.610549029
847,847,1615180.260441246,5429950.281530932,0.824847046
848,848,1608127.364157373,5429945.950836226,0.913166692
849,849,1608682.077310454,5429957.546615934,-0.137119495
850,850,1608709.024468472,5429949.33528096,-0.082269234
851,851,1608739.114300564,5429949.299184851,-0.060884612
852,852,1608760.055491922,5429955.124318665,-0.050348485
853,853,1609040.012115727,5429948.522355112,0.04501923
854,854,1611006.371570115,5429946.882298976,0.643222892
855,855,1614224.654726078,5429946.417363695,-9999.0
856,856,1614486.273240379,5429940.122029138,0.600692311
857,857,1614847.351368937,5429939.39381474,-0.442519241
858,858,1614869.918752337,5429939.34770608,-0.753807681
859,859,1614926.886496681,5429939.607558904,-0.421757292
860,860,1614986.668299739,5429938.903537075,-0.819111135
861,861,1615005.323053643,5429939.069583477,-9999.0
862,862,1615035.412898593,5429939.007436082,-9999.0
863,863,1615095.592588722,5429938.882767796,-9999.0
864,864,1615122.072598593,5429938.623240694,-9999.0
865,865,1608119.502581044,5429939.485742358,0.942852717
866,866,1608716.68654906,5429939.149249533,-0.063971428
867,867,1609202.125956651,5429997.610820415,0.08390205
868,868,1610408.744096907,5429941.342390927,-0.336961908
869,869,1611827.21885742,5429934.755744522,0.906320012
870,870,1613701.890130035,5429934.022870239,-0.429889384
871,871,1613726.485890549,5429931.623433292,-0.790500022
872,872,1614082.672331625,5429934.175641257,-0.186914285
873,873,1614495.993954198,5429929.925773175,0.318088892
874,874,1614516.34317832,5429930.089697843,0.496098035
875,875,1614749.539149241,5429929.62047799,-0.386788448
876,876,1615196.946223809,5429928.305573256,0.680375946
877,877,1609017.420519124,5429929.014738061,0.046442308
878,878,1614045.175654205,5429928.281911918,-0.182219145
879,879,1614068.890180251,5429921.139553677,-0.251981476
880,880,1614129.466846845,5429921.255837744,-0.311479997
881,881,1614243.172383541,5429927.101209305,-9999.0
882,882,1614441.905993223,5429928.337656055,-9999.0
883,883,1614903.879642821,5429918.781580932,-0.308140193
884,884,1614930.207402968,5429918.347772169,-0.532638893
885,885,1614962.365369336,5429919.008828724,-9999.0
886,886,1614990.237020055,5429919.155946521,-9999.0
887,887,1608726.560135738,5429924.486203589,-0.044121119
888,888,1610378.625822226,5429921.440737769,0.395567313
889,889,1610427.699194504,5429922.247010899,-0.032683171
890,890,1612410.023150058,5429914.044360178,0.114132077
891,891,1613568.628665305,5429911.770431162,-9999.0
892,892,1613708.191391813,5429912.089765781,-9999.0
893,893,1613743.529860305,5429913.935087836,-9999.0
894,894,1614177.794022852,5429910.812854694,-0.436480774
895,895,1614578.317390613,5429916.918407034,0.122162521
896,896,1615178.277222736,5429908.7935391,-9999.0
897,897,1615215.830614265,5429908.256030593,0.581342853
898,898,1608490.826614376,5429909.703943328,-0.205156864
899,899,1608877.957385021,5429909.702601649,-0.029872549
900,900,1610984.344186661,5429911.455191593,0.806059404
901,901,1611576.259069628,5429903.048989193,0.110235296
902,902,1613579.893687354,5429901.777035375,-9999.0
903,903,1614269.839244938,5429907.156954571,-9999.0
904,904,1614796.75951942,5429899.479515483,-0.834142872
905,905,1608093.241012435,5429909.285907613,0.848499998
906,906,1608438.310552586,5429900.31536683,-0.435882346
907,907,1608615.483631329,5429899.961545985,-0.165705883
908,908,1608684.914420201,5429900.167861869,-0.067921182
909,909,1608750.979613286,5429912.592964198,-0.016149425
910,910,1608866.934794094,5429898.873725899,-0.015903846
911,911,1608987.482336425,5429928.847342505,-0.030510205
912,912,1609403.481842919,5429961.35950912,0.226557368
913,913,1610439.277001167,5429901.977319213,0.476271426
914,914,1611537.943895933,5429894.615427545,0.100393444
915,915,1611560.108516769,5429895.295829231,0.100000001
916,916,1613703.994807479,5429891.571865399,-9999.0
917,917,1613756.650292503,5429890.74530523,-9999.0
918,918,1614719.520014819,5429889.587250902,-9999.0
919,919,1615206.409922874,5429888.585500405,-0.768000007
920,920,1608065.643222688,5429885.238719917,0.858999968
921,921,1608438.266232084,5429936.688025605,-0.50076765
922,922,1608513.52793311,5429894.514360324,-0.158914085
923,923,1608780.964540366,5429889.791275165,0.080227722
924,924,1608927.102303199,5429889.23679453,0.10898077
925,925,1609829.164378623,5429899.961127589,0.475526067
926,926,1610915.065851032,5429898.785679442,0.784510992
927,927,1611002.715674757,5429889.629125115,0.849743846
928,928,1611909.884136504,5429884.759050709,0.730879987
929,929,1613598.813876121,5429881.592437895,-0.584749991
930,930,1614057.377317455,5429881.129509435,-0.14928846
931,931,1614140.123703906,5429880.969088834,-0.269019233
932,932,1610928.196330765,5429876.328164241,1.126174998
933,933,1611541.27084539,5429875.381035918,0.321013339
934,934,1612319.836671054,5429873.376602778,0.246280001
935,935,1613625.369926593,5429872.355944872,-0.419274509
936,936,1613726.533798946,5429876.570810216,-9999.0
937,937,1614440.999856567,5429870.405472001,-9999.0
938,938,1614401.210367077,5429929.372943548,-0.551762
939,939,1614663.459590912,5429870.336873584,-9999.0
940,940,1608408.033911888,5429869.910770172,-0.695679247
941,941,1608765.895706174,5429869.864768153,0.083722771
942,942,1609805.992589642,5429880.226252105,0.564151056
943,943,1610965.800744866,5429871.285377124,1.092220464
944,944,1611499.730452721,5429865.679000739,0.447980762
945,945,1611519.940175984,5429865.038905594,0.100000001
946,946,1611923.216038514,5429867.545278857,0.914916663
947,947,1612302.70956035,5429864.160385236,0.282817208
948,948,1612583.489638712,5429862.137186442,1.054235276
949,949,1613529.695731575,5429864.47261759,-0.257355716
950,950,1614319.284646217,5429868.447158592,-9999.0
951,951,1608841.107341637,5429859.801375917,0.027553398
952,952,1609541.538077926,5429871.209103458,0.560618242
953,953,1610732.584847024,5429856.674776698,0.399443476
954,954,1613703.929035272,5429856.668707348,-9999.0
955,955,1614343.320882294,5429850.449523305,-9999.0
956,956,1614487.442291504,5429850.897481153,-9999.0
957,957,1614536.705569254,5429851.088052525,-9999.0
958,958,1610717.526490113,5429847.451786676,0.47178432
959,959,1610984.57657218,5429851.31234077,1.060349996
960,960,1611057.555711524,5429893.61027851,0.773311491
961,961,1612297.220151853,5429844.224955337,0.678037505
962,962,1613530.885282893,5429841.307038526,-9999.0
963,963,1613550.522556763,5429852.067243125,-9999.0
964,964,1613689.404638139,5429841.737514509,-9999.0
965,965,1614298.015652332,5429840.770886856,-0.512415091
966,966,1614382.979689946,5429840.398825184,-9999.0
967,967,1614945.089823922,5429839.265349754,-9999.0
968,968,1615007.729077005,5429845.388742912,-9999.0
969,969,1615027.83576025,5429839.09483493,-9999.0
970,970,1608806.539162458,5429857.251377808,0.055034901
971,971,1610491.231295855,5429839.228000631,0.492788105
972,972,1610582.108508911,5429836.950599745,-0.168649997
973,973,1611486.889848357,5429840.959074511,0.166827855
974,974,1612349.858475582,5429833.436241356,0.534411751
975,975,1612560.485399623,5429833.802648123,0.679942855
976,976,1613519.585206711,5429832.430182966,-0.378107704
977,977,1608201.27519236,5429830.053004052,0.778826645
978,978,1608829.836258763,5429833.780502668,0.058951455
979,979,1610589.616332418,5429826.967319265,-0.159628568
980,980,1611499.81886925,5429825.58492815,0.543600008
981,981,1612342.321673482,5429824.930979007,0.75272915
982,982,1612571.353988745,5429823.230430443,0.55994059
983,983,1614423.108346504,5429820.374597954,-9999.0
984,984,1614817.766498666,5429828.786305192,-9999.0
985,985,1615075.451764021,5429826.649510263,-9999.0
986,986,1608901.292978212,5429933.654677658,-0.036472496
987,987,1609806.552059582,5429836.043335877,0.622349352
988,988,1612530.210183769,5429814.114663932,0.100000001
989,989,1608641.156452011,5429809.803440994,-0.154274503
990,990,1608713.167384294,5429810.094073675,0.162514853
991,991,1608816.705604349,5429816.945372956,0.064306605
992,992,1609412.742598227,5429809.222217316,0.555735298
993,993,1609809.333310757,5429808.116997722,0.656785723
994,994,1610261.131673406,5429820.789997716,0.703132447
995,995,1610499.167996965,5429807.358274017,0.664730786
996,996,1611477.220385815,5429805.675917159,0.174900002
997,997,1609573.21184729,5429805.232320211,0.72608289
998,998,1609792.215291615,5429803.15390206,0.799425015
999,999,1611462.160038349,5429795.727314458,0.151800001
1000,1000,1614178.908519994,5429791.671362136,-0.435273333
1001,1001,1614593.731004396,5429799.160774551,-0.822000027
1002,1002,1608666.916378525,5429801.491712037,0.038170634
1003,1003,1610803.762638836,5429795.446639501,0.719529945
1004,1004,1612469.980277518,5429784.301109399,0.100000001
1005,1005,1612492.547161586,5429784.262377026,0.100000001
1006,1006,1612561.604656592,5429784.764335063,0.100000001
1007,1007,1612620.72980644,5429784.041043829,0.145924529
1008,1008,1608701.299163799,5429779.814694099,0.177173079
1009,1009,1608830.525374715,5429780.18804546,0.145606667
1010,1010,1609574.035518879,5429778.513546261,0.802736856
1011,1011,1609777.137154721,5429778.24330911,0.771881818
1012,1012,1610567.416728885,5429799.312811352,0.931621521
1013,1013,1611444.693789084,5429783.611233125,0.481844448
1014,1014,1612345.997545077,5429774.683126858,0.662138613
1015,1015,1614401.707829417,5429771.425128674,-0.556905928
1016,1016,1615152.207113319,5429769.611186972,-0.218709695
1017,1017,1608607.416303962,5429774.735741687,-0.012293333
1018,1018,1609303.069027679,5429769.097403916,0.620132076
1019,1019,1609544.832642222,5429794.599734415,0.762366714
1020,1020,1610642.083249126,5429776.821738267,0.378015152
1021,1021,1612106.894830207,5429782.045386911,0.287488186
1022,1022,1612376.466791289,5429764.892698817,0.295431372
1023,1023,1612409.767884354,5429764.45938842,0.150102566
1024,1024,1612516.468275927,5429770.223511894,0.100000001
1025,1025,1612590.302461995,5429764.149062319,0.100000001
1026,1026,1612613.569245594,5429763.904230608,0.100000001
1027,1027,1612644.453293175,5429774.075617016,0.762204995
1028,1028,1613536.881465898,5429789.303733039,-9999.0
1029,1029,1607754.897154862,5429757.138645689,0.841230768
1030,1030,1609481.57257581,5429857.286416802,0.511874831
1031,1031,1610574.47015525,5429757.182894393,0.938000011
1032,1032,1610664.637161212,5429756.918951673,0.537084501
1033,1033,1612161.516166321,5429754.906436056,0.620862739
1034,1034,1612282.57235356,5429754.498464447,0.843439994
1035,1035,1613944.643636804,5429758.470850804,-0.097336067
1036,1036,1614226.926908825,5429751.535522568,-0.600514555
1037,1037,1614547.421747706,5429751.054009182,-0.114453334
1038,1038,1614583.685254265,5429750.45224826,-0.153840004
1039,1039,1609292.309113188,5429749.543024118,0.682617666
1040,1040,1609319.435451782,5429749.660878065,0.673026489
1041,1041,1609743.24679846,5429748.371751444,0.873586679
1042,1042,1610070.313226312,5429748.130692575,0.710461553
1043,1043,1610682.76851261,5429740.737180565,0.413857136
1044,1044,1610837.099206026,5429747.92596492,1.080428537
1045,1045,1611811.866200676,5429745.30590699,0.106853335
1046,1046,1612171.239876827,5429744.713292223,0.630141301
1047,1047,1613921.706863867,5429741.777323333,-0.111230765
1048,1048,1615253.145937821,5429739.106471901,-9999.0
1049,1049,1608713.083744273,5429740.287761486,0.018500002
1050,1050,1608743.172711437,5429740.25164723,0.197559998
1051,1051,1609551.416277533,5429738.653897843,1.008228581
1052,1052,1610581.414897998,5429737.228085157,0.900176457
1053,1053,1612161.482127252,5429734.552749071,0.235884617
1054,1054,1613361.829800846,5429733.231812956,0.094720001
1055,1055,1613523.178831258,5429742.32486025,-9999.0
1056,1056,1613951.776748147,5429731.747323249,-0.711076952
1057,1057,1609182.319909701,5429733.575064588,0.637153838
1058,1058,1609562.686526025,5429728.666734491,0.917413342
1059,1059,1609622.870973892,5429733.573519624,1.068026663
1060,1060,1609713.131150683,5429728.467340851,0.879086677
1061,1061,1609969.303450643,5429742.530572372,0.64137772
1062,1062,1610866.869870791,5429731.852994983,0.993693791
1063,1063,1612056.306354047,5429724.960027651,0.100000001
1064,1064,1612113.120744859,5429725.446687048,0.100000001
1065,1065,1612131.377203036,5429725.039695776,0.100000001
1066,1066,1612660.773101224,5429730.635630028,0.139455358
1067,1067,1612705.222225898,5429725.419093812,0.788284799
1068,1068,1613621.082205632,5429721.992876785,-0.662250027
1069,1069,1613884.057512889,5429721.904562263,-0.09428846
1070,1070,1613914.146447284,5429721.847051925,-0.20067308
1071,1071,1614252.646964249,5429721.191481794,-0.492057697
1072,1072,1608558.894508606,5429730.73516918,0.032003096
1073,1073,1611428.208937237,5429739.049442177,1.286453103
1074,1074,1614159.148854082,5429711.778319357,-9999.0
1075,1075,1608535.727007807,5429710.204512604,0.038470588
1076,1076,1608743.136741602,5429710.334653907,0.004878784
1077,1077,1609664.210141365,5429708.587824746,0.174850001
1078,1078,1610271.960443698,5429719.195654509,0.948980428
1079,1079,1611025.73031579,5429706.650921319,0.100000001
1080,1080,1611413.522645551,5429705.90907472,0.100000001
1081,1081,1611973.528958315,5429705.152083213,0.108285715
1082,1082,1611996.095593404,5429705.114883144,0.100000001
1083,1083,1612022.423334362,5429705.071408493,0.100000001
1084,1084,1612041.230067703,5429705.767444734,0.100000001
1085,1085,1612118.247073707,5429705.372164983,0.100000001
1086,1086,1612153.91056616,5429705.057347332,0.100000001
1087,1087,1612291.077821557,5429720.918699493,0.117776273
1088,1088,1612725.748874151,5429703.147451158,0.099708335
1089,1089,1613304.80904822,5429703.042702387,0.100000001
1090,1090,1613328.723406283,5429703.5280343,0.100000001
1091,1091,1613823.841729408,5429702.074540527,-0.292094333
1092,1092,1613843.196473227,5429702.414279408,-0.279941176
1093,1093,1614293.818646152,5429706.255985991,-0.458344817
1094,1094,1614482.584622186,5429701.168986273,-0.28282177
1095,1095,1614500.840910875,5429700.756045897,-0.253411763
1096,1096,1609256.127814475,5429715.304969159,0.779097959
1097,1097,1609272.890922454,5429699.329516039,0.794792455
1098,1098,1609685.517544564,5429704.404317768,0.79528402
1099,1099,1609796.896514727,5429724.785357749,0.83751953
1100,1100,1610073.959948641,5429702.904151591,0.798884897
1101,1101,1611702.561805216,5429695.825348964,0.303461538
1102,1102,1612371.193632986,5429706.183849327,0.100000001
1103,1103,1613873.266301254,5429692.384603214,-0.366549014
1104,1104,1613891.672631126,5429691.041242748,-0.623266671
1105,1105,1614312.765146026,5429690.747260028,-0.507745099
1106,1106,1608639.816176445,5429706.00327242,0.120473431
1107,1107,1608769.257171263,5429711.912604284,0.197645761
1108,1108,1609133.552679614,5429694.623563944,0.721044333
1109,1109,1609171.480197957,5429689.281253604,0.715954838
1110,1110,1609446.040126959,5429688.929799817,1.016775014
1111,1111,1609500.418711089,5429717.53636713,0.949954023
1112,1112,1609942.353131067,5429688.472665109,0.740905648
1113,1113,1610062.859708549,5429688.102394614,0.940012514
1114,1114,1610158.890740701,5429721.160345274,0.923646687
1115,1115,1610758.00688381,5429700.239429597,0.557347677
1116,1116,1610892.913140265,5429715.70996574,1.009504125
1117,1117,1611670.433037078,5429696.786480842,0.66790868
1118,1118,1611965.975123694,5429685.946946763,0.663857135
1119,1119,1612075.443340637,5429685.61990706,0.100000001
1120,1120,1612214.054762317,5429685.011852381,0.194461536
1121,1121,1613259.658872074,5429685.492460201,0.100000001
1122,1122,1613682.658067838,5429687.040688056,-0.402931097
1123,1123,1613716.464787315,5429684.686187221,-0.424696432
1124,1124,1613788.814508587,5429683.049953753,-0.440681157
1125,1125,1614220.47349317,5429698.339815097,-0.781268834
1126,1126,1614245.198004308,5429681.112074417,-9999.0
1127,1127,1614282.657552559,5429681.243106406,-0.701884598
1128,1128,1609192.339709577,5429679.282576751,0.741036144
1129,1129,1610085.412448169,5429678.098799126,0.865542861
1130,1130,1610732.321000251,5429677.89996171,0.921208318
1131,1131,1611013.976631572,5429677.417134925,0.100000001
1132,1132,1611943.40735402,5429685.256906169,0.525152382
1133,1133,1612049.897651086,5429675.842489416,0.115430465
1134,1134,1612116.409440893,5429679.984518794,0.302057149
1135,1135,1613342.365219397,5429673.056787305,0.100000001
1136,1136,1613831.30703878,5429672.143232291,-0.533865382
1137,1137,1615253.425812407,5429674.080905332,-0.285829809
1138,1138,1608795.743968695,5429670.381827582,0.075859995
1139,1139,1609163.933311514,5429669.693428325,0.922534654
1140,1140,1609272.852772839,5429669.412520011,0.833999987
1141,1141,1609434.731415689,5429669.347124456,1.079323796
1142,1142,1609863.892082605,5429669.011373219,0.51686408
1143,1143,1609951.509460937,5429672.299866107,0.796754054
1144,1144,1611514.610889285,5429666.003804406,1.376085712
1145,1145,1611634.473162302,5429670.2311097,1.081930705
1146,1146,1612670.961289693,5429671.300394429,0.100000001
1147,1147,1612936.453303218,5429663.817864912,0.222576926
1148,1148,1613177.162782167,5429663.385659021,0.100000001
1149,1149,1613434.390867825,5429707.543034976,-0.239621135
1150,1150,1613479.744958311,5429673.87835319,-9999.0
1151,1151,1613605.104306745,5429670.713128631,-0.650872361
1152,1152,1613695.888981623,5429662.427173167,-0.31415385
1153,1153,1613876.573913007,5429662.607260859,-9999.0
1154,1154,1609671.735266387,5429660.655306632,0.484085473
1155,1155,1609891.893376484,5429664.526026514,0.526457903
1156,1156,1611461.947838691,5429661.100828195,0.112512502
1157,1157,1611612.394726847,5429663.108506613,1.149136345
1158,1158,1612266.659635446,5429655.006217461,0.170461539
1159,1159,1612316.102807198,5429655.299201788,0.100000001
1160,1160,1612838.264773984,5429674.626376403,0.189561191
1161,1161,1612911.530460934,5429652.406234342,0.099978438
1162,1162,1613151.014603929,5429655.110059267,0.098693264
1163,1163,1613447.790316227,5429652.713331505,0.100000001
1164,1164,1613670.091833715,5429652.879902383,-0.406728161
1165,1165,1613742.681455381,5429657.141494425,-0.346584999
1166,1166,1613793.808343473,5429651.338054666,-0.464976764
1167,1167,1608830.367948736,5429650.547738489,0.15754
1168,1168,1610544.222044336,5429647.53092925,0.981649993
1169,1169,1611476.968559715,5429646.118595341,0.100000001
1170,1170,1611850.464637706,5429651.739013323,0.591503574
1171,1171,1612087.150919416,5429694.528686601,0.103448211
1172,1172,1612563.674891401,5429649.230331833,0.100000001
1173,1173,1613413.922196487,5429642.803521512,0.100000001
1174,1174,1613432.575380992,5429642.564578832,0.100000001
1175,1175,1614042.741656261,5429643.823197191,-0.644789181
1176,1176,1614550.174452296,5429648.458345808,-0.291332169
1177,1177,1614625.386341763,5429641.048924401,-0.158067303
1178,1178,1609656.595230643,5429638.791491147,1.370971446
1179,1179,1609824.682629534,5429642.0943502,0.287725092
1180,1180,1610333.587699494,5429637.860951664,0.935385717
1181,1181,1611871.913954647,5429774.301027508,0.255797223
1182,1182,1612123.185066912,5429643.417633271,0.118166666
1183,1183,1612943.770042829,5429633.683235334,0.100000001
1184,1184,1612965.094623068,5429640.293482584,0.100017779
1185,1185,1613903.924470221,5429638.845946986,-9999.0
1186,1186,1614810.457314008,5429630.854531279,0.248562912
1187,1187,1615294.470469812,5429644.077567562,-9999.0
1188,1188,1608855.481432078,5429634.825035767,0.115053522
1189,1189,1609265.279778229,5429629.532778071,0.81421154
1190,1190,1610596.84696359,5429626.782570059,1.117555576
1191,1191,1611164.453646369,5429631.954972576,0.100000001
1192,1192,1611597.139656254,5429626.187727216,1.253735886
1193,1193,1611646.553587567,5429642.826806046,1.346989345
1194,1194,1611730.046889862,5429652.079415717,0.468914994
1195,1195,1611861.802325164,5429625.832325054,0.848196193
1196,1196,1611965.619222938,5429630.372394581,0.243228575
1197,1197,1612342.838933636,5429635.994932576,0.100000001
1198,1198,1613952.914036747,5429622.578177112,-0.669427633
1199,1199,1614280.270509712,5429643.053833782,-0.769322245
1200,1200,1615177.977242398,5429619.595198522,0.114792455
1201,1201,1608234.887716167,5429619.868653368,0.102869566
1202,1202,1609369.446177582,5429686.963211453,0.907860563
1203,1203,1609911.136630046,5429635.036427887,0.631893213
1204,1204,1610604.355608957,5429617.526420785,1.061828614
1205,1205,1611924.554886452,5429620.610013603,0.108026202
1206,1206,1611985.061986994,5429615.962902702,0.364843142
1207,1207,1612146.238439261,5429615.318909114,0.186207546
1208,1208,1612326.76860666,5429614.606095795,0.100000001
1209,1209,1613966.894234634,5429611.640816472,-0.676020411
1210,1210,1615170.12982584,5429609.23017015,0.193176469
1211,1211,1615211.611000848,5429722.362976202,-0.527523306
1212,1212,1615275.440372343,5429609.418731607,-9999.0
1213,1213,1608227.355139418,5429610.631985493,0.112628573
1214,1214,1609385.759635414,5429609.229060083,1.143649995
1215,1215,1609946.535617559,5429614.584277991,0.751982461
1216,1216,1611943.276323015,5429605.478217987,0.129125002
1217,1217,1611995.931082189,5429605.391550396,0.381175012
1218,1218,1612405.894510161,5429609.689863419,0.100000001
1219,1219,1612536.128229734,5429680.151308511,0.155423614
1220,1220,1614069.853578843,5429604.232035706,-9999.0
1221,1221,1614232.569252148,5429609.269977619,-9999.0
1222,1222,1614327.784927781,5429601.170823257,-9999.0
1223,1223,1614485.901456723,5429601.062066399,-0.68293751
1224,1224,1614944.750185736,5429600.133509792,0.39126923
1225,1225,1615034.711884567,5429599.948062496,0.400173071
1226,1226,1615147.543542847,5429599.713897646,0.127471695
1227,1227,1608987.677137573,5429617.015417585,0.726378324
1228,1228,1609395.335478577,5429599.244339079,1.175662681
1229,1229,1609636.053643465,5429618.449605818,0.533449569
1230,1230,1611378.981954316,5429603.190346899,0.86277427
1231,1231,1611597.091943345,5429596.270723765,0.705588215
1232,1232,1611988.941019012,5429595.430714884,0.101458335
1233,1233,1612165.559487102,5429595.718442565,0.100000001
1234,1234,1612434.367534921,5429593.735854669,1.426999983
1235,1235,1612695.621953115,5429594.435758282,0.100000001
1236,1236,1612717.884623016,5429594.396855392,0.100000001
1237,1237,1613157.644265257,5429619.498024281,0.100000001
1238,1238,1614256.703145463,5429591.919227093,-9999.0
1239,1239,1614406.828007774,5429658.893861223,-0.427413191
1240,1240,1614464.123480022,5429594.013316695,-0.235832171
1241,1241,1614636.840514088,5429599.387617625,-0.238050473
1242,1242,1614733.468097855,5429594.805882107,-0.108352949
1243,1243,1614760.285304898,5429589.98604884,-0.353977543
1244,1244,1615208.003198331,5429589.615321447,0.020500001
1245,1245,1609366.928675312,5429589.308627048,1.120846657
1246,1246,1609970.938548311,5429603.867888711,0.808998559
1247,1247,1611629.40383463,5429593.261822259,0.666843753
1248,1248,1612065.8518901,5429589.616137274,0.130435756
1249,1249,1612108.881652253,5429585.464124369,0.100000001
1250,1250,1612213.887261018,5429585.28850726,0.100000001
1251,1251,1612450.021811059,5429583.947136414,0.266241936
1252,1252,1614788.659696544,5429580.303362268,-9999.0
1253,1253,1614889.881255193,5429582.010301288,-0.547781831
1254,1254,1609126.451247733,5429585.056758115,0.820768474
1255,1255,1612394.399684835,5429574.601677286,0.100000001
1256,1256,1612495.695920151,5429574.633758418,0.183224139
1257,1257,1612776.965741248,5429601.691343644,0.100000001
1258,1258,1614495.500801645,5429575.917168214,-0.099396132
1259,1259,1614752.72343433,5429570.403936202,-9999.0
1260,1260,1615211.57027742,5429569.458540518,-0.229100334
1261,1261,1615257.170022228,5429583.269638932,-0.68623531
1262,1262,1608872.605005288,5429568.935369723,0.837961715
1263,1263,1609144.850480261,5429569.851132781,0.949250008
1264,1264,1612095.531930538,5429568.752934026,0.100000001
1265,1265,1612751.841802152,5429569.201959928,0.100000001
1266,1266,1613466.429506406,5429562.92751239,-9999.0
1267,1267,1614375.737872957,5429561.186666593,-9999.0
1268,1268,1615138.45591946,5429560.508760839,-9999.0
1269,1269,1609092.335104446,5429559.74012062,0.960952176
1270,1270,1611228.44753869,5429556.959876301,0.734886798
1271,1271,1612004.402386444,5429573.424558313,0.142652606
1272,1272,1612078.439300291,5429555.18864274,0.100000001
1273,1273,1612206.314952755,5429555.384131469,0.100000001
1274,1274,1612795.164884369,5429558.67860661,0.100000001
1275,1275,1613629.813011221,5429668.61582549,-0.546609258
1276,1276,1614388.014555336,5429550.985505977,-9999.0
1277,1277,1614380.758163535,5429574.043319172,-0.570315803
1278,1278,1614577.287711071,5429553.532738859,-9999.0
1279,1279,1608626.461930055,5429555.889645396,0.27008738
1280,1280,1609137.45399325,5429548.984070516,0.95131915
1281,1281,1609193.356654793,5429556.270423039,0.90750719
1282,1282,1609285.687413425,5429585.63809197,1.011741827
1283,1283,1612048.638173843,5429545.265720132,0.100000001
1284,1284,1612477.091905991,5429544.952184892,0.100000001
1285,1285,1613293.672714834,5429549.194976163,0.113814552
1286,1286,1614081.066099956,5429671.829982,-0.480692088
1287,1287,1614177.074660102,5429541.836477987,-0.511283026
1288,1288,1614196.428998124,5429542.175275758,-0.665079192
1289,1289,1614256.741953882,5429554.491931175,-9999.0
1290,1290,1609047.025889187,5429539.647430935,0.248792455
1291,1291,1608996.516405039,5429584.638105665,0.432744459
1292,1292,1609220.185683151,5429540.361588979,1.039538443
1293,1293,1609650.562088059,5429772.07865556,0.499301836
1294,1294,1611168.390832589,5429536.175986474,0.100000001
1295,1295,1611568.634834848,5429572.293905258,0.677133254
1296,1296,1611995.815922586,5429535.585202743,0.100000001
1297,1297,1612228.847582549,5429535.401543909,0.100000001
1298,1298,1612627.51553117,5429534.720151784,0.116150945
1299,1299,1612924.66504115,5429541.609810369,0.100000001
1300,1300,1613417.329425838,5429533.305678202,0.089647058
1301,1301,1614490.52961012,5429532.388791118,-9999.0
1302,1302,1614538.113035261,5429531.151227362,-9999.0
1303,1303,1609148.712881297,5429529.75236215,0.959960004
1304,1304,1610158.926399807,5429532.400110218,0.926457901
1305,1305,1612642.693722715,5429524.516893103,0.102818183
1306,1306,1613387.37435216,5429523.184008602,0.32174286
1307,1307,1613447.702756491,5429523.277198609,0.109294118
1308,1308,1613593.80528187,5429523.466490573,-0.31961165
1309,1309,1607357.604728661,5429575.47238325,0.697466324
1310,1310,1607421.479376802,5429521.952510063,0.493978377
1311,1311,1609092.291461229,5429524.836954481,1.045893475
1312,1312,1611190.935035688,5429521.909934307,0.757986365
1313,1313,1612025.614882732,5429520.577435113,0.359066671
1314,1314,1612266.424120552,5429515.393522858,0.100000001
1315,1315,1612356.688313418,5429515.240692587,0.100000001
1316,1316,1613010.687533805,5429520.032196305,0.113865308
1317,1317,1613171.272106539,5429523.468259761,0.217376369
1318,1318,1613428.727082763,5429513.135371093,0.25282
1319,1319,1613470.297177001,5429520.028110934,0.130190084
1320,1320,1613515.078841022,5429513.179910287,0.160096154
1321,1321,1613579.592222195,5429512.189727516,-0.081126222
1322,1322,1614246.062237676,5429512.313645178,-0.467662173
1323,1323,1614276.256256178,5429510.991441237,-0.559293665
1324,1324,1614877.201982524,5429511.20877485,-0.500942171
1325,1325,1614906.652015133,5429510.460292955,-0.589480011
1326,1326,1614978.660438549,5429510.68887509,-0.408433001
1327,1327,1615078.175965602,5429510.772101258,-0.241074255
1328,1328,1615156.859657,5429525.157130337,-9999.0
1329,1329,1615185.119572316,5429510.406733812,-9999.0
1330,1330,1615393.236579528,5429514.96545954,-9999.0
1331,1331,1616347.667801634,5429507.739929819,1.323989954
1332,1332,1609174.685906003,5429521.780350318,1.031633702
1333,1333,1611540.685249595,5429506.404699675,0.284633334
1334,1334,1612379.237384263,5429505.229973361,0.100000001
1335,1335,1613071.413378141,5429503.814110472,0.19564348
1336,1336,1614154.591987313,5429506.772448426,-0.467308699
1337,1337,1614216.245885391,5429506.071093843,-0.286861588
1338,1338,1614647.671561596,5429501.390779854,-9999.0
1339,1339,1615169.90182898,5429499.94347393,-0.285319173
1340,1340,1609116.683688938,5429530.355642854,1.082040219
1341,1341,1609646.689595744,5429532.930970757,0.611596551
1342,1342,1611559.474409202,5429496.402503788,0.100000001
1343,1343,1612312.870055088,5429495.899418317,0.100000001
1344,1344,1612683.38178782,5429507.074256745,0.120671414
1345,1345,1614068.457703881,5429492.562118464,-0.435389998
1346,1346,1614169.758273934,5429491.57983747,0.005019227
1347,1347,1614339.276517351,5429490.786554776,-0.438847239
1348,1348,1614384.997262106,5429493.163107913,-9999.0
1349,1349,1614936.699115623,5429490.453871793,0.068
1350,1350,1615227.856750571,5429510.473327863,-9999.0
1351,1351,1615412.632661463,5429496.735416397,-9999.0
1352,1352,1616275.614656077,5429487.580225148,1.144346168
1353,1353,1610804.403235478,5429550.340711214,0.764723002
1354,1354,1611254.818185635,5429486.90807782,0.91222667
1355,1355,1611575.648282293,5429489.701046781,0.100000001
1356,1356,1612266.373652303,5429485.47651289,0.100000001
1357,1357,1613492.501685185,5429494.076745506,0.212406394
1358,1358,1614097.206518516,5429493.18671236,-0.297934862
1359,1359,1614207.195937596,5429481.011769268,0.728957453
1360,1360,1614229.763316352,5429481.694793991,0.946300014
1361,1361,1614947.71513931,5429479.673266076,0.143815534
1362,1362,1615163.686045941,5429480.540800683,0.398410602
1363,1363,1608885.380664064,5429479.869818851,0.863394493
1364,1364,1608966.428389303,5429480.117671096,1.068783145
1365,1365,1608982.926435931,5429501.055121019,0.757040091
1366,1366,1611273.607685308,5429476.906605443,1.031947839
1367,1367,1611534.811852284,5429483.716519753,1.394181804
1368,1368,1612116.439650944,5429483.148996856,0.129340226
1369,1369,1613576.528199834,5429473.705073361,0.100506667
1370,1370,1614978.179689562,5429469.871923621,0.334018517
1371,1371,1615396.649154666,5429477.628285466,-0.576490001
1372,1372,1616237.960127326,5429467.719630764,1.128019195
1373,1373,1608949.305585795,5429470.166420015,0.988171418
1374,1374,1609039.569138943,5429470.054766136,0.621028569
1375,1375,1611559.275363857,5429466.690245271,0.472407408
1376,1376,1611593.283636736,5429471.417773736,0.100000001
1377,1377,1612131.096116235,5429465.554220827,0.0997375
1378,1378,1612266.340006653,5429465.531838801,0.100000001
1379,1379,1613654.691704656,5429463.433770533,-0.009980391
1380,1380,1614872.427654096,5429461.129431164,0.153039211
1381,1381,1614918.381994662,5429460.950890962,0.172533985
1382,1382,1614966.724682886,5429460.065964454,-0.026903835
1383,1383,1614992.805930319,5429459.635669851,0.369450002
1384,1384,1616483.601272883,5429459.689664708,-0.090600639
1385,1385,1608920.590744613,5429463.256231093,0.968486846
1386,1386,1609050.839670197,5429460.068392365,0.652913328
1387,1387,1609641.284321021,5429463.683422764,0.582890238
1388,1388,1611118.739936092,5429472.735415123,0.230737227
1389,1389,1612330.808908575,5429455.826989021,0.100000001
1390,1390,1613759.980352525,5429453.26291379,0.223970587
1391,1391,1614509.439653936,5429468.939402657,-0.739415661
1392,1392,1615277.798804198,5429466.27179785,-9999.0
1393,1393,1616200.30580487,5429447.858841361,1.210173066
1394,1394,1611559.243657525,5429446.745571515,1.379249985
1395,1395,1612673.838958348,5429445.417378796,0.090966888
1396,1396,1613706.280270958,5429443.813952251,0.023100386
1397,1397,1613740.607431762,5429442.950616392,0.115666664
1398,1398,1614039.831732543,5429459.603543635,-0.042414659
1399,1399,1614906.812529014,5429440.653297442,0.07458491
1400,1400,1614936.596690214,5429440.592175837,0.216942307
1401,1401,1615250.146461674,5429448.452899804,0.055380704
1402,1402,1609141.475421299,5429440.59137732,0.166069305
1403,1403,1610435.744647903,5429590.975441234,0.750202304
1404,1404,1610752.073132778,5429911.876619037,-0.018914138
1405,1405,1611327.347131581,5429459.554505259,0.530103698
1406,1406,1611348.765168095,5429436.900255035,0.617949977
1407,1407,1611392.262499782,5429437.702205754,0.744852207
1408,1408,1614738.010677551,5429483.770735339,-0.34819277
1409,1409,1616177.695560515,5429427.964401489,1.150442275
1410,1410,1608960.936753067,5429430.843760085,1.16857003
1411,1411,1609080.89011739,5429430.113871725,0.745333329
1412,1412,1611570.646319634,5429426.5781976,1.291133339
1413,1413,1611603.866868161,5429439.368603101,0.103394192
1414,1414,1611651.324464056,5429432.144814715,0.504950571
1415,1415,1612191.204949988,5429425.564227665,0.214699998
1416,1416,1612258.750791785,5429425.655174071,0.100000001
1417,1417,1614972.809306987,5429421.119444722,-0.567953775
1418,1418,1615087.297835525,5429420.336278336,-0.061666663
1419,1419,1608075.84639179,5429434.2432345,0.326107659
1420,1420,1608881.395457243,5429420.592442341,0.890094352
1421,1421,1611330.32682704,5429417.565354872,0.406851491
1422,1422,1612236.319705851,5429415.516072579,0.212972727
1423,1423,1614861.316090304,5429410.829283272,-9999.0
1424,1424,1615294.383238053,5429424.251294354,-9999.0
1425,1425,1616159.395707283,5429408.436872123,1.099930702
1426,1426,1608358.898171659,5429634.59287264,-0.099536812
1427,1427,1609092.148060157,5429410.155102797,0.811950002
1428,1428,1609155.62221416,5429416.956159115,0.077839378
1429,1429,1611146.186065444,5429421.26152496,0.100479168
1430,1430,1614548.86337931,5429401.949761813,0.49129524
1431,1431,1614594.817344224,5429401.773265556,0.114794117
1432,1432,1615049.343311715,5429400.470166842,-9999.0
1433,1433,1615086.554725928,5429400.709315419,-9999.0
1434,1434,1607505.469302592,5429453.491084252,0.705127828
1435,1435,1608025.222848704,5429402.172236043,0.71600662
1436,1436,1608496.271640267,5429401.773412741,0.213935643
1437,1437,1608930.427191403,5429410.355532289,1.099904455
1438,1438,1609610.994509239,5429399.719961904,0.811519216
1439,1439,1611408.726554091,5429397.121483861,0.569288469
1440,1440,1613819.644504857,5429392.734440432,0.034733333
1441,1441,1614537.985298706,5429391.333669062,0.997375003
1442,1442,1614914.00896435,5429389.694802805,-9999.0
1443,1443,1616139.997337466,5429388.158617296,1.086641489
1444,1444,1608112.291513083,5429406.545165122,0.188616622
1445,1445,1608421.041178354,5429391.888580169,0.225215687
1446,1446,1608881.510474096,5429390.470738766,0.939600001
1447,1447,1608919.120767033,5429391.1518512,1.071777789
1448,1448,1612149.962591209,5429385.877476538,2.453219175
1449,1449,1613845.952140405,5429382.711995977,0.043368421
1450,1450,1614669.996147728,5429381.677215057,0.558215684
1451,1451,1615137.649458685,5429380.137577672,-9999.0
1452,1452,1608836.367073447,5429380.553383204,0.844965216
1453,1453,1609171.492750381,5429436.300645308,1.102773774
1454,1454,1611702.199718618,5429376.505851822,0.402222222
1455,1455,1611784.246433324,5429372.857060186,1.609500004
1456,1456,1612161.351494002,5429376.573367187,2.64082092
1457,1457,1612304.011204567,5429388.224255663,0.129603609
1458,1458,1614688.832628237,5429375.549284731,0.568184467
1459,1459,1615079.520268987,5429370.285985082,-9999.0
1460,1460,1616120.258824345,5429368.324642731,1.138144258
1461,1461,1613923.028023165,5429406.384711678,0.021431195
1462,1462,1614737.652675778,5429361.595635428,0.626784308
1463,1463,1614966.683620758,5429366.363948925,-0.177233889
1464,1464,1608892.756704938,5429360.539935426,1.106146671
1465,1465,1612360.329551695,5429355.472125932,0.777600006
1466,1466,1613095.163219588,5429398.131872767,0.848364925
1467,1467,1616102.891257482,5429347.598736019,1.085278714
1468,1468,1609186.942366887,5429349.15126524,0.304833328
1469,1469,1611235.498821256,5429389.825198973,0.124814816
1470,1470,1613194.633867222,5429342.885843357,0.771407077
1471,1471,1615109.561131055,5429347.785734053,-9999.0
1472,1472,1608035.837241914,5429364.285108691,0.751955899
1473,1473,1608917.80915417,5429343.888660739,1.169146671
1474,1474,1609159.757229432,5429340.263771295,0.453321737
1475,1475,1611250.825735391,5429337.328840397,0.100000001
1476,1476,1615590.923674781,5429330.045003026,-9999.0
1477,1477,1615167.737176944,5429327.097516858,-9999.0
1478,1478,1615656.959990172,5429317.698677107,-9999.0
1479,1479,1614903.031466297,5429311.396634679,0.875653468
1480,1480,1609174.763136482,5429310.327799314,0.336737506
1481,1481,1609569.29679979,5429314.877440861,-9999.0
1482,1482,1611672.272617714,5429311.733584756,0.100000001
1483,1483,1614878.375693567,5429306.999804554,1.002855688
1484,1484,1615736.806179352,5429297.478964423,-9999.0
1485,1485,1608509.496480777,5429307.884119629,0.677994146
1486,1486,1609577.495549284,5429304.513890044,1.559783231
1487,1487,1611266.108963638,5429305.902811754,0.100000001
1488,1488,1614944.114813201,5429290.990984987,0.432750002
1489,1489,1608463.929638306,5429290.897961086,0.797394506
1490,1490,1608542.650554453,5429304.263803643,0.637434282
1491,1491,1609182.266043511,5429295.359800576,0.400684936
1492,1492,1612646.446518454,5429365.761069836,0.624267938
1493,1493,1615356.006245923,5429280.825820243,-9999.0
1494,1494,1615837.608905442,5429276.993174309,-0.790888899
1495,1495,1615285.214077286,5429325.365984935,-0.823200017
1496,1496,1608053.982160795,5429281.738623366,0.576999993
1497,1497,1615876.777317167,5429259.756974926,-0.853500023
1498,1498,1611670.259363772,5429280.425234949,0.100000001
1499,1499,1611630.604017162,5429343.254942085,0.102072339
1500,1500,1611896.329148715,5429271.460517295,0.400570737
1501,1501,1615919.179030232,5429239.258653333,-9999.0
1502,1502,1615980.250263802,5429236.592942026,0.184629867
1503,1503,1616058.273989454,5429239.282821921,0.170373332
1504,1504,1616118.425805017,5429229.177328885,-0.246532894
1505,1505,1609195.632185499,5429255.723663194,0.547662289
1506,1506,1615367.867335854,5429235.560019533,-9999.0
1507,1507,1615959.25111624,5429218.822422509,-9999.0
1508,1508,1616173.173370263,5429209.042800818,-0.515846157
1509,1509,1616191.912546488,5429212.753727733,-0.265599997
1510,1510,1616218.416788074,5429213.571131414,-0.201768474
1511,1511,1616279.299800426,5429208.721554052,-0.383940597
1512,1512,1611971.757888413,5429204.661646695,1.412388874
1513,1513,1611965.171009678,5429197.302415348,0.160716981
1514,1514,1611933.705067979,5429216.332976116,0.389774181
1515,1515,1608225.70339429,5429182.671610077,1.473160003
1516,1516,1608926.38465007,5429180.996372275,1.14428575
1517,1517,1611959.681824705,5429176.639554136,0.580593022
1518,1518,1611995.103461977,5429176.413514487,1.20357142
1519,1519,1615093.998581979,5429171.012747767,-0.088981475
1520,1520,1615486.157318907,5429177.195329263,-9999.0
1521,1521,1616152.773545505,5429188.410665176,-0.747647594
1522,1522,1611245.228518421,5429231.666814036,0.111381142
1523,1523,1615003.379014072,5429165.441517795,0.875883506
1524,1524,1615515.259239135,5429159.6522243,-9999.0
1525,1525,1609217.168133845,5429207.179720405,0.423390141
1526,1526,1611987.517633911,5429156.853490428,0.100000001
1527,1527,1616214.682533078,5429148.655021171,-9999.0
1528,1528,1616322.394873032,5429150.595460071,-0.409206566
1529,1529,1616534.901848142,5429148.310382687,0.526396042
1530,1530,1616801.522352291,5429147.118070074,-0.703102062
1531,1531,1612006.837882975,5429137.25342983,0.100000001
1532,1532,1615582.983502583,5429134.873278429,-9999.0
1533,1533,1616214.638052802,5429128.710330384,-9999.0
1534,1534,1612062.388579551,5429125.381792168,1.729056617
1535,1535,1615643.135094063,5429124.77171533,-9999.0
1536,1536,1608907.507185514,5429121.185390414,0.962279994
1537,1537,1612077.554321223,5429115.478676856,1.573517831
1538,1538,1615705.435274682,5429109.678796083,-9999.0
1539,1539,1611177.88469319,5429105.050760617,0.100000001
1540,1540,1612047.608166716,5429106.892318474,0.100000001
1541,1541,1615325.540751291,5429101.387113091,1.008394079
1542,1542,1615635.408494937,5429100.061872255,-0.623483891
1543,1543,1612099.239524964,5429099.870224402,1.542189951
1544,1544,1615387.174754206,5429090.619080359,1.201735805
1545,1545,1615791.607451009,5429102.192723231,-9999.0
1546,1546,1616256.467101138,5429089.103899611,-9999.0
1547,1547,1616898.990185001,5429077.289887866,-9999.0
1548,1548,1615085.931054699,5429075.519208923,0.193538465
1549,1549,1615280.121833459,5429077.252114976,1.108324575
1550,1550,1615827.719979017,5429068.858586307,-0.705444461
1551,1551,1611204.857058608,5429130.588641671,0.248127848
1552,1552,1613528.961644752,5429067.967755846,1.682677987
1553,1553,1615782.542275589,5429060.230954103,0.257249998
1554,1554,1608000.539913452,5429062.405881615,0.778980399
1555,1555,1608768.285394117,5429061.52049556,0.80497143
1556,1556,1612059.356924903,5429057.387546243,0.911623762
1557,1557,1612135.244300074,5429073.505092311,1.285963509
1558,1558,1612197.803615759,5429056.542436367,1.488097582
1559,1559,1615407.770282678,5429064.329345538,0.848093296
1560,1560,1615916.337012177,5429063.286174721,-9999.0
1561,1561,1612077.730037539,5429036.831236751,1.002171446
1562,1562,1612190.401387475,5429036.847700018,1.391230751
1563,1563,1612238.533282269,5429035.816411981,0.955258634
1564,1564,1616286.323835805,5429104.123207926,-0.676637545
1565,1565,1616839.564682063,5429042.748003758,-9999.0
1566,1566,1608730.641769469,5429031.648729145,1.40638574
1567,1567,1612260.798988175,5429025.488315892,0.885432428
1568,1568,1613544.27371241,5429024.103756936,1.004970604
1569,1569,1614988.386865158,5429021.64542229,1.034830197
1570,1570,1615259.323142472,5429025.863500689,1.434228534
1571,1571,1612167.222772495,5429028.704127238,1.180335996
1572,1572,1615387.005909159,5429010.840311928,0.952730755
1573,1573,1615040.99618779,5429001.591994686,0.339980759
1574,1574,1615868.360286022,5428999.833228922,0.413153855
1575,1575,1616361.943961415,5429008.507044332,-9999.0
1576,1576,1608170.255755841,5429002.383013126,1.371693331
1577,1577,1612290.794467505,5429006.768321498,0.956685484
1578,1578,1612318.06478744,5428995.953474567,1.31249122
1579,1579,1616011.245773648,5428989.138536352,-0.720189211
1580,1580,1616038.800010363,5429016.861255844,-9999.0
1581,1581,1616376.946533446,5428990.522938443,-9999.0
1582,1582,1612328.905402419,5428986.184098207,0.942787888
1583,1583,1615244.186012998,5428981.019494938,1.41425003
1584,1584,1615880.148223987,5428980.239259519,0.434584156
1585,1585,1616109.003842579,5428979.359213146,-9999.0
1586,1586,1616432.578465004,5428978.430537498,-9999.0
1587,1587,1616458.479101481,5428979.037421014,0.025611654
1588,1588,1612149.083915185,5428976.530770101,1.213543642
1589,1589,1612340.514154413,5428976.030570073,0.692307679
1590,1590,1615236.643642401,5428971.06291502,1.469028623
1591,1591,1615367.18079475,5428985.944057413,1.185380081
1592,1592,1615898.380832057,5428969.850457054,0.434923081
1593,1593,1616408.200931889,5428972.465058059,-9999.0
1594,1594,1612248.161504553,5428987.188495829,1.037579794
1595,1595,1612348.180370467,5428966.284578101,0.636124994
1596,1596,1614987.746492628,5428969.927959253,0.844108987
1597,1597,1616500.378708027,5428958.536686143,0.362433967
1598,1598,1608076.192974478,5428962.598688191,0.890827278
1599,1599,1608140.529125538,5428962.526003804,0.981109115
1600,1600,1612164.955873848,5428956.906821629,0.341620967
1601,1601,1612355.807628395,5428956.472181772,0.584103891
1602,1602,1615346.202748293,5428953.86122931,1.424160235
1603,1603,1616445.688460214,5428956.123306934,-0.762710541
1604,1604,1616590.309766264,5428948.35962106,0.568192297
1605,1605,1617052.029575628,5428949.412609871,-9999.0
1606,1606,1613495.767846678,5428945.166896423,0.064529995
1607,1607,1614980.303903626,5428941.678456235,0.887775493
1608,1608,1616468.029021137,5428938.460720028,-9999.0
1609,1609,1616807.719125845,5429049.633454696,-0.783193303
1610,1610,1612220.479683821,5428941.855155854,1.098614285
1611,1611,1612268.235642149,5428943.135893875,0.772418508
1612,1612,1615226.529835189,5428930.790938943,1.592414386
1613,1613,1615330.179920849,5428930.395637074,1.411205896
1614,1614,1616590.264252667,5428928.414923332,0.566173069
1615,1615,1617014.684698104,5428929.911278336,-9999.0
1616,1616,1612212.933132535,5428926.909273323,1.316350015
1617,1617,1612352.476788969,5428927.254584273,0.100000001
1618,1618,1616526.006321336,5428920.580728727,-0.743114776
1619,1619,1616733.297942601,5428917.183046098,-0.796000004
1620,1620,1616765.27136147,5428920.329635783,-9999.0
1621,1621,1616790.108169646,5428918.360290878,-9999.0
1622,1622,1612201.634284831,5428916.955868735,1.388533318
1623,1623,1612400.261384646,5428915.064233273,0.100000001
1624,1624,1615311.747461831,5428918.303355232,1.501011494
1625,1625,1612393.260757139,5428906.454843133,0.100000001
1626,1626,1616598.946439235,5428899.697995754,-9999.0
1627,1627,1616712.849003469,5428898.012409995,-9999.0
1628,1628,1611590.119301913,5428902.000690095,0.100000001
1629,1629,1611632.51094511,5429087.753966345,0.160283049
1630,1630,1615272.727609143,5428906.940839659,1.51349517
1631,1631,1616916.044645715,5428969.633957188,-0.682085513
1632,1632,1611175.676839403,5429003.619404185,0.102161476
1633,1633,1612230.993249805,5428897.598129006,1.253702429
1634,1634,1613572.599528802,5428885.478479018,-0.334415846
1635,1635,1607981.838452485,5428935.178578224,0.716270815
1636,1636,1611622.104590926,5428883.45364497,0.331420496
1637,1637,1612382.079278867,5428876.413935046,1.061495151
1638,1638,1614992.330245014,5428894.781779715,0.739969091
1639,1639,1616883.460694843,5428867.9055173,-9999.0
1640,1640,1612220.902393754,5428867.061634381,1.324979228
1641,1641,1612262.118974563,5428867.573301868,0.920029406
1642,1642,1612460.885564178,5428866.85876847,1.127358518
1643,1643,1615262.73845686,5428861.311864311,1.369826668
1644,1644,1616334.379120083,5428859.18755073,-9999.0
1645,1645,1611587.397798906,5428862.474253462,0.403245282
1646,1646,1612133.850170288,5428862.22126474,0.352413333
1647,1647,1612292.187496452,5428857.550148217,1.497825257
1648,1648,1612400.84923837,5428856.784538594,0.97452499
1649,1649,1613683.634643799,5428855.064283529,0.171715686
1650,1650,1612412.114214776,5428846.792935411,0.855213333
1651,1651,1613431.253748844,5428844.981491177,0.252911394
1652,1652,1613563.195486686,5428850.981953826,-0.599472979
1653,1653,1614992.326667972,5428842.510837993,0.741247537
1654,1654,1613549.147053644,5428834.397183604,-0.431224994
1655,1655,1613699.76580019,5428840.195438283,-0.039134079
1656,1656,1613724.414427422,5428834.257062993,0.036980395
1657,1657,1613739.232746544,5428833.614248242,0.493266657
1658,1658,1615213.785571621,5428830.770143135,1.535822225
1659,1659,1615243.872357545,5428831.434272023,1.446349974
1660,1660,1611162.783538238,5428836.065025525,0.679258185
1661,1661,1612122.508746492,5428826.609720783,0.577568627
1662,1662,1612325.585166004,5428826.995405911,1.479285686
1663,1663,1616217.250215916,5428905.45274998,-9999.0
1664,1664,1616353.64203681,5428819.631201032,-9999.0
1665,1665,1612300.238950227,5428820.66393039,0.923388878
1666,1666,1612468.48994302,5428826.751715678,1.049223193
1667,1667,1613749.991673383,5428814.468467126,-0.085088718
1668,1668,1615353.287178207,5428811.840302453,0.793673275
1669,1669,1615394.105081629,5428811.377424415,0.680673091
1670,1670,1611148.732647129,5428813.593674783,0.391719108
1671,1671,1612524.864763419,5428806.362705252,1.229217795
1672,1672,1613563.200236774,5428805.42805755,-0.688696075
1673,1673,1614970.96397817,5428822.319175012,0.830950675
1674,1674,1615264.560957522,5428808.150860251,1.463176206
1675,1675,1612325.53444324,5428797.07836351,1.235285743
1676,1676,1613769.411649113,5428794.225461091,-0.370920648
1677,1677,1614984.30473738,5428792.084345529,0.791686673
1678,1678,1617242.548543985,5428785.278524327,-0.53821431
1679,1679,1612344.320692472,5428787.074108594,1.426079996
1680,1680,1614995.017653444,5428782.089865405,0.845000021
1681,1681,1611114.580626171,5428778.196524243,0.764124997
1682,1682,1612264.782183953,5428777.236358206,1.32843482
1683,1683,1616224.959240124,5428774.771052036,-0.229177348
1684,1684,1611975.745966299,5428767.745870639,1.29256667
1685,1685,1613796.728874531,5428764.652604242,-0.452070715
1686,1686,1614984.017428315,5428766.72545442,0.790257426
1687,1687,1615193.524182218,5428774.045361822,1.486102091
1688,1688,1616342.723602257,5428791.334519351,-9999.0
1689,1689,1616373.494823944,5428765.958886522,-9999.0
1690,1690,1617206.619485909,5428757.451361381,-9999.0
1691,1691,1612374.354819208,5428757.105916307,1.411186669
1692,1692,1612483.411432344,5428756.19231289,1.230081668
1693,1693,1615333.808509311,5428751.670487314,0.90262746
1694,1694,1615356.033449979,5428755.837171046,0.756228584
1695,1695,1616454.622087141,5428748.288301454,-9999.0
1696,1696,1617225.239648126,5428752.524937382,-0.517748786
1697,1697,1611087.236735295,5428754.940605787,0.100000001
1698,1698,1612336.731736913,5428747.197483409,1.275626682
1699,1699,1613818.556410629,5428744.299363466,0.443048187
1700,1700,1615145.757174626,5428765.75781723,1.880501744
1701,1701,1617251.850937281,5428737.194828099,-0.585363642
1702,1702,1612385.602686283,5428737.14200959,1.560971435
1703,1703,1612415.687531076,5428737.09069038,1.095799999
1704,1704,1612432.0377903,5428760.30548053,0.494199415
1705,1705,1614965.378375865,5428732.288979648,0.887700008
1706,1706,1615416.49978513,5428731.55080586,0.585499988
1707,1707,1612287.8100849,5428727.335588471,1.103300004
1708,1708,1614985.242594386,5428735.289101637,0.725444447
1709,1709,1615175.327586503,5428739.660904983,1.517373768
1710,1710,1613784.255258156,5428719.665930621,0.019554455
1711,1711,1616266.01405064,5428713.968420907,-0.420300959
1712,1712,1616296.09884072,5428713.901042573,-0.65904855
1713,1713,1617183.937886056,5428707.642969346,-9999.0
1714,1714,1617223.439810563,5428715.21825032,-0.852800024
1715,1715,1612295.298782362,5428708.105323268,0.779499991
1716,1716,1613657.248215116,5428769.301711975,-0.112885456
1717,1717,1613750.520598712,5428730.94635731,-0.02547108
1718,1718,1612235.119719057,5428702.493520463,1.110381576
1719,1719,1614987.34886883,5428686.799856874,0.670300984
1720,1720,1615128.371791074,5428699.353753104,1.954966194
1721,1721,1615156.753202758,5428687.325104023,1.450331706
1722,1722,1615258.449651131,5428682.022284459,1.24338465
1723,1723,1615338.982060576,5428697.239878807,0.788891065
1724,1724,1612148.59287478,5428682.693874391,1.312009982
1725,1725,1613825.829357218,5428689.669837764,-0.023093334
1726,1726,1615112.342260385,5428671.485105803,1.47921155
1727,1727,1616514.461040175,5428669.305047223,-9999.0
1728,1728,1612414.896997479,5428675.605444957,0.255962027
1729,1729,1613806.827686426,5428664.979482261,-0.678
1730,1730,1616097.542194651,5428650.671984416,-0.154343136
1731,1731,1612498.275119951,5428652.183953847,0.784676056
1732,1732,1615138.028000976,5428642.384467444,1.35811319
1733,1733,1612437.588647812,5428641.747566242,0.100000001
1734,1734,1616559.497085733,5428629.3129765,-9999.0
1735,1735,1612163.062265003,5428628.03233249,0.864965815
1736,1736,1613866.19844542,5428666.283167263,0.514768779
1737,1737,1612204.892703863,5428617.779108592,0.908045461
1738,1738,1612476.521472233,5428635.853606678,1.194742826
1739,1739,1615323.777114152,5428636.556420295,0.811206644
1740,1740,1612438.577760453,5428607.410632816,0.100000001
1741,1741,1612501.835018055,5428620.43231592,1.164864118
1742,1742,1614986.906419227,5428614.695682907,1.035915496
1743,1743,1612129.648551307,5428597.960301685,1.263485702
1744,1744,1613751.632053827,5428643.433200742,-0.23829013
1745,1745,1614957.631452313,5428622.608645953,0.61211837
1746,1746,1615730.507945983,5428602.167251906,0.120659243
1747,1747,1612437.995222564,5428587.466870963,0.219475002
1748,1748,1612490.491177004,5428587.581369517,0.847000009
1749,1749,1615100.298108836,5428582.62856511,1.289962289
1750,1750,1615299.44548807,5428587.302227633,0.835551725
1751,1751,1615996.194471952,5428587.039216998,-0.131399294
1752,1752,1616052.627470755,5428584.72097245,-0.229289958
1753,1753,1612250.135176521,5428598.159274482,0.970714947
1754,1754,1615747.087532724,5428571.283829285,0.137588238
1755,1755,1613791.596207131,5428565.28452042,-0.30311538
1756,1756,1614972.560680308,5428567.729680382,0.459530429
1757,1757,1615048.24738638,5428563.479879566,1.185198011
1758,1758,1615987.739149504,5428560.786129418,-0.082529411
1759,1759,1616081.485231762,5428568.308581498,-0.229359131
1760,1760,1612454.319063282,5428565.247628087,0.207159324
1761,1761,1615299.361533738,5428547.412813467,0.815643559
1762,1762,1616039.886422027,5428542.667673682,-0.172112783
1763,1763,1612476.020884497,5428546.364410151,0.133842344
1764,1764,1615999.353152051,5428536.053556302,-0.113147787
1765,1765,1612550.55632453,5428527.643626061,0.621711537
1766,1766,1612569.196235691,5428532.701486132,0.899871917
1767,1767,1614976.658789817,5428529.565137768,0.317166662
1768,1768,1615194.453146133,5428527.299516175,1.338397363
1769,1769,1615987.802758722,5428520.691867399,-0.122924997
1770,1770,1615748.305592888,5428511.975911239,0.100900662
1771,1771,1615980.26143757,5428511.463200388,-0.132705884
1772,1772,1612533.48989037,5428511.661074874,0.100000001
1773,1773,1612592.436303614,5428508.002991684,0.859951446
1774,1774,1615232.117978329,5428507.732126842,1.172308155
1775,1775,1615558.911911347,5428501.882231539,0.353924524
1776,1776,1616002.649503827,5428500.918902434,-0.148264154
1777,1777,1616138.027077965,5428500.619612731,-0.048057693
1778,1778,1614998.543136827,5428507.035602881,0.380987346
1779,1779,1615182.993651924,5428492.50022557,1.288347231
1780,1780,1615269.484752282,5428492.319041371,1.065567756
1781,1781,1615303.177736179,5428492.452712914,0.919403837
1782,1782,1615766.266344757,5428491.839605713,0.047871288
1783,1783,1615792.040504683,5428491.407097736,0.014132075
1784,1784,1616021.979198684,5428491.280478751,-0.193666669
1785,1785,1616074.652585882,5428489.917638415,-0.205930685
1786,1786,1616098.091607962,5428505.605841449,-0.181793785
1787,1787,1616438.843585399,5428489.973142114,-0.698754708
1788,1788,1612325.010291968,5428487.935502021,0.920581812
1789,1789,1612550.791033452,5428487.753692376,0.100000001
1790,1790,1615198.01473235,5428482.49642925,1.216086965
1791,1791,1615972.521773561,5428481.040358242,-0.202538467
1792,1792,1616248.752246905,5428481.246146548,-0.212062148
1793,1793,1612543.100729048,5428477.590073417,0.100000001
1794,1794,1615295.918382669,5428472.523193969,0.968603764
1795,1795,1616051.196604005,5428471.355614674,-0.23743138
1796,1796,1616070.27215053,5428470.852506306,-0.154826925
1797,1797,1617390.747451065,5428468.189834964,-0.910000026
1798,1798,1612610.924060154,5428467.704851782,0.594884615
1799,1799,1612633.183279526,5428467.666200413,0.907188672
1800,1800,1615243.142415413,5428465.227761407,1.167871397
1801,1801,1615288.224243773,5428462.362470265,1.120250006
1802,1802,1615753.728869301,5428468.104419002,0.024489583
1803,1803,1616280.320751804,5428468.528256689,-0.42650955
1804,1804,1612349.033296488,5428461.966545507,1.299434199
1805,1805,1612561.443779631,5428458.279103719,0.100000001
1806,1806,1615262.283689985,5428441.806704153,0.914961156
1807,1807,1615276.950505789,5428450.341820185,1.056137775
1808,1808,1612332.294514385,5428437.856734301,0.70346154
1809,1809,1612670.718411866,5428427.711334429,0.826461549
1810,1810,1615303.030775424,5428422.646226075,0.762943379
1811,1811,1617392.948704194,5428434.18438285,-0.906224076
1812,1812,1613881.716987695,5428516.188708602,-0.168142201
1813,1813,1616641.72702862,5428409.732223372,-9999.0
1814,1814,1617292.832798076,5428408.588948623,-0.910000026
1815,1815,1615453.406240174,5428402.383286962,0.839653871
1816,1816,1616160.367391203,5428400.436902474,-0.685000024
1817,1817,1612625.844674314,5428397.872264996,0.103962266
1818,1818,1614015.278800989,5428401.176407662,-0.0625076
1819,1819,1615461.208608083,5428391.98526941,0.750846157
1820,1820,1612702.131645214,5428389.273282412,1.27329325
1821,1821,1612669.54082498,5428378.552641544,0.100000001
1822,1822,1617702.074565358,5428367.33760196,-0.271862739
1823,1823,1614193.751592889,5428368.357197722,0.805862754
1824,1824,1615025.501013702,5428382.488344673,0.918661171
1825,1825,1617280.746362102,5428364.821760192,-0.72084538
1826,1826,1617254.700187549,5428353.250217255,-0.687072743
1827,1827,1612554.095061245,5428347.883286916,1.536567549
1828,1828,1614197.455079761,5428344.906019518,0.263460875
1829,1829,1617521.670938515,5428344.885546822,0.529222223
1830,1830,1617713.83223531,5428337.768263383,-0.040519611
1831,1831,1612565.422212079,5428337.938149633,1.462071434
1832,1832,1612851.720390671,5428337.382109907,1.211000012
1833,1833,1613804.621120782,5428347.366112686,-0.463442679
1834,1834,1613855.636940784,5428336.174315216,-0.499475249
1835,1835,1614264.971411529,5428335.005955313,0.36564151
1836,1836,1617562.463476267,5428337.05283929,0.094503489
1837,1837,1617611.727795116,5428327.667396558,0.417038462
1838,1838,1617572.717765314,5428427.480637487,-0.579455382
1839,1839,1612719.589858269,5428332.683812523,0.119640002
1840,1840,1615044.644953533,5428329.954060549,0.896083839
1841,1841,1612765.113163252,5428316.979949654,0.115423078
1842,1842,1616402.181422996,5428311.081746335,-0.910000026
1843,1843,1616423.396076648,5428310.504715234,-0.910000026
1844,1844,1617645.363970519,5428312.731068502,-0.210747525
1845,1845,1617671.845721286,5428307.576647763,0.541528304
1846,1846,1612738.356888858,5428312.706170682,0.194556523
1847,1847,1612851.351134875,5428307.112907985,0.626818176
1848,1848,1614336.086717044,5428305.409816978,0.037135918
1849,1849,1617401.473662819,5428333.451428406,-0.274652485
1850,1850,1617560.357680225,5428298.40355768,0.304867549
1851,1851,1614114.940181704,5428298.529956938,-9999.0
1852,1852,1617656.804945091,5428286.901668579,0.921708331
1853,1853,1612364.342095476,5428288.421050082,1.27507143
1854,1854,1613964.043633321,5428285.728336073,-0.654433945
1855,1855,1615309.36537286,5428291.870086299,0.376788385
1856,1856,1617320.458539695,5428318.145948017,-0.243627828
1857,1857,1615261.90096938,5428273.523244894,0.174572816
1858,1858,1617295.863037324,5428268.386852826,-0.495650026
1859,1859,1617590.625160909,5428269.674955033,0.624222991
1860,1860,1614429.90599755,5428264.784618872,0.745337155
1861,1861,1615063.411515652,5428273.95430532,1.056172645
1862,1862,1616025.159410862,5428451.916401781,-0.058185095
1863,1863,1617435.370796568,5428258.662202514,0.120782178
1864,1864,1614264.966226895,5428255.022291662,-9999.0
1865,1865,1617236.729019838,5428290.418285147,-0.546654316
1866,1866,1617536.327298296,5428248.070353876,0.907647064
1867,1867,1617219.842212634,5428244.418566091,-0.895793339
1868,1868,1617292.078664693,5428249.300682995,-0.665772178
1869,1869,1617476.113588452,5428228.270542129,0.583153863
1870,1870,1614136.904463337,5428225.559817946,-0.562814827
1871,1871,1617236.012117303,5428230.822840711,-0.699017985
1872,1872,1612580.256688727,5428218.243859696,1.152883119
1873,1873,1612594.289431687,5428219.625358141,1.50297437
1874,1874,1615347.713941707,5428213.131577633,-9999.0
1875,1875,1617261.349784426,5428216.972958844,-0.895292844
1876,1876,1617438.462243241,5428208.416135926,0.746705878
1877,1877,1617901.139997212,5428198.614450228,1.172999978
1878,1878,1612586.687631608,5428209.761679027,1.05875611
1879,1879,1613815.57591581,5428246.27444642,-0.393537155
1880,1880,1617036.234718633,5428199.540451598,-0.910000026
1881,1881,1612822.704904218,5428278.965510137,0.275898495
1882,1882,1614369.986589576,5428195.185551454,-9999.0
1883,1883,1617067.994423398,5428196.365795149,-0.910000026
1884,1884,1612858.468731416,5428187.839837971,0.100000001
1885,1885,1617258.046234381,5428178.724989326,-0.901600026
1886,1886,1617295.498171088,5428178.840477847,0.564019226
1887,1887,1617325.580759257,5428178.768832179,0.852403832
1888,1888,1612895.505877986,5428177.801830475,0.100000001
1889,1889,1614389.297869614,5428175.579109803,-9999.0
1890,1890,1612867.465258945,5428171.868092514,0.531481089
1891,1891,1614477.078143696,5428173.073839366,0.682534882
1892,1892,1615287.104884106,5428167.610886881,-9999.0
1893,1893,1616919.570705977,5428159.575957493,-0.910000026
1894,1894,1617280.4094585,5428158.931530916,0.53573077
1895,1895,1617695.034232341,5428156.527205635,0.998379302
1896,1896,1612865.918765428,5428147.937089846,0.651563655
1897,1897,1614477.394046249,5428144.905898489,-0.285777776
1898,1898,1616912.003672177,5428139.648737549,-0.910000026
1899,1899,1616937.927841966,5428139.007291255,-0.535165043
1900,1900,1617651.058568292,5428134.640232941,0.705285719
1901,1901,1614328.24899936,5428147.136171238,-0.445688174
1902,1902,1616983.551206369,5428169.07103516,-0.3723843
1903,1903,1617087.50008891,5428145.88655848,-0.910000026
1904,1904,1612870.041373256,5428128.566089095,0.779950498
1905,1905,1616899.019318643,5428125.828362181,-0.910000026
1906,1906,1616918.929472778,5428119.687785808,-0.669326102
1907,1907,1616949.407927835,5428119.412262176,-0.200981124
1908,1908,1617288.138771462,5428119.023476616,1.014346146
1909,1909,1613987.62712859,5428116.681399968,-0.349443703
1910,1910,1616031.766523476,5428111.35945288,-9999.0
1911,1911,1617280.442207692,5428108.864849486,1.099714277
1912,1912,1614505.350546791,5428114.950130812,0.624636121
1913,1913,1615108.17184741,5428104.46613391,0.995960278
1914,1914,1615155.12420823,5428117.629420074,0.283059103
1915,1915,1616884.350900955,5428106.471643625,-0.910000026
1916,1916,1616979.619229001,5428109.573852972,0.471128572
1917,1917,1617043.918681275,5428100.032000121,0.205382351
1918,1918,1613875.672022396,5428102.323700856,-0.333195875
1919,1919,1615840.606665753,5428092.78175815,-9999.0
1920,1920,1615906.276888662,5428091.410134747,-9999.0
1921,1921,1616254.237117162,5428091.868499159,-9999.0
1922,1922,1616900.208878254,5428089.233013766,-0.287613852
1923,1923,1616972.052081245,5428089.646684681,0.649874999
1924,1924,1617265.36552487,5428093.942046631,1.119304337
1925,1925,1613829.610218164,5428127.185136193,-0.362856922
1926,1926,1614219.358876297,5428085.785417168,-0.465792461
1927,1927,1614416.179447967,5428115.82271802,-9999.0
1928,1928,1617002.134296124,5428089.576385553,0.814833332
1929,1929,1617250.136636738,5428078.81506888,0.944849063
1930,1930,1617588.640239901,5428078.236349194,1.25758002
1931,1931,1614430.065624384,5428075.193225892,-9999.0
1932,1932,1615129.475062005,5428073.770969327,0.633285706
1933,1933,1616881.910417622,5428069.707271708,-0.140333331
1934,1934,1617039.539003361,5428069.748456955,0.089961538
1935,1935,1617070.048542514,5428074.458561252,-0.910000026
1936,1936,1618164.408113271,5428067.400794288,-0.280069315
1937,1937,1612805.815810267,5428095.606677014,0.883381772
1938,1938,1615121.93378177,5428063.814259175,0.717574991
1939,1939,1616842.643097645,5428066.013917982,-0.910000026
1940,1940,1617201.756132677,5428059.770481216,-0.910000026
1941,1941,1613752.689029897,5428060.979836822,0.322165043
1942,1942,1614531.552226962,5428054.698876264,0.373669808
1943,1943,1614869.57813353,5428053.78144695,0.307158412
1944,1944,1614911.364220951,5428054.45492935,0.47256723
1945,1945,1616249.838440615,5428051.612127319,-9999.0
1946,1946,1616881.561478808,5428050.172273758,0.347173076
1947,1947,1616942.189002182,5428053.151895422,0.823522532
1948,1948,1617889.310214944,5428047.761703304,-0.264471703
1949,1949,1612790.106283623,5428053.855838746,0.787596148
1950,1950,1614332.088344303,5428045.674401655,-0.326264152
1951,1951,1614520.252232259,5428045.096408332,-0.256455701
1952,1952,1615039.015417917,5428044.246008605,1.090711554
1953,1953,1615115.517485273,5428043.882791985,0.69239259
1954,1954,1615340.597836729,5428114.220664475,-9999.0
1955,1955,1615713.945687892,5428042.613589324,-9999.0
1956,1956,1616979.456149099,5428039.767304901,0.999571434
1957,1957,1617201.708928311,5428039.825754562,-0.874217848
1958,1958,1612662.123010081,5428038.598706344,1.320958346
1959,1959,1614808.694068214,5428034.825755426,0.95694443
1960,1960,1614832.730428546,5428035.074082312,0.513156859
1961,1961,1615145.830604838,5428048.352616701,-0.079038429
1962,1962,1616900.865627657,5428030.5591359,0.474039211
1963,1963,1616919.268917524,5428029.93524681,0.78380282
1964,1964,1616971.912359998,5428029.812506943,0.943199997
1965,1965,1618084.9576148,5428032.114355703,-0.010859091
1966,1966,1614543.482547355,5428036.729886701,0.292006369
1967,1967,1614850.623123671,5428028.902181774,0.083228571
1968,1968,1614952.215388634,5428024.941250611,-0.226903846
1969,1969,1615076.738249862,5428029.004732366,0.878045644
1970,1970,1615663.325375676,5428022.77804511,-9999.0
1971,1971,1618069.727139893,5428016.989088928,-0.093169809
1972,1972,1614776.283113544,5428012.41362504,0.579224986
1973,1973,1614829.727871787,5428015.287971272,0.155783783
1974,1974,1614941.186562392,5428014.121541801,-0.137942314
1975,1975,1616911.702016783,5428010.008022905,0.926514283
1976,1976,1616949.3060682,5428010.647580012,1.447306088
1977,1977,1614542.185550703,5428005.162949445,-0.178361705
1978,1978,1614353.069154994,5427996.436460375,-0.342866991
1979,1979,1614566.831713586,5428004.633139232,0.54407361
1980,1980,1614662.938736804,5428000.026708444,0.578522399
1981,1981,1614708.163840057,5427994.856544911,0.248536364
1982,1982,1614744.915296048,5427994.782454954,0.344217391
1983,1983,1615624.167427563,5427998.928546114,-0.687900025
1984,1984,1616783.656642502,5427990.564519161,-0.910000026
1985,1985,1616881.573805752,5427990.133230092,0.744928576
1986,1986,1617219.890618273,5428024.749335008,1.124577933
1987,1987,1618039.113739398,5427998.936842466,-0.116076001
1988,1988,1618062.43586809,5427987.089933424,0.008529413
1989,1989,1618315.579075387,5428053.149702544,0.057150921
1990,1990,1614133.227829607,5427986.605986447,-0.015530621
1991,1991,1615603.075894975,5427983.01800538,-0.686000049
1992,1992,1618231.246156948,5427981.458233315,0.14375
1993,1993,1614001.051847503,5427976.512857266,-0.472096148
1994,1994,1614586.55482982,5427976.06252086,-0.156237177
1995,1995,1615761.53185912,5427972.703685375,-0.777960798
1996,1996,1615797.227897621,5427978.533012941,-0.801497451
1997,1997,1618264.748962914,5427970.318481482,0.212710452
1998,1998,1612673.830383511,5427968.771564597,1.292520029
1999,1999,1612824.636330861,5427969.088094355,0.79347524
2000,2000,1614629.536661357,5427965.679108531,-0.336048543
2001,2001,1615108.258526229,5427977.029087277,0.312538837
2002,2002,1616891.452615058,5427963.731081178,0.873624243
2003,2003,1612744.708492668,5427958.675230034,1.205471727
2004,2004,1612925.747907533,5427959.082663081,0.605644443
2005,2005,1613046.07181614,5427957.413365261,1.531588258
2006,2006,1614602.949597598,5427955.383615177,-0.231415085
2007,2007,1616742.751505638,5427951.145757155,-0.910000026
2008,2008,1614713.949797879,5427945.852798941,-0.441813726
2009,2009,1612903.301400231,5427938.246097632,0.666903833
2010,2010,1616723.355358526,5427930.869019123,-0.910000026
2011,2011,1617474.999778905,5427922.923712914,1.141333302
2012,2012,1613195.935556839,5427932.370886366,0.825409519
2013,2013,1615016.358022065,5427924.41948496,-9999.0
2014,2014,1616862.402084988,5427946.727693075,0.891774739
2015,2015,1614166.384638446,5427916.358073449,0.017173076
2016,2016,1614196.769660348,5427916.298783012,-0.535941198
2017,2017,1614384.475263522,5427915.929695814,-0.495634641
2018,2018,1614557.747249684,5427915.584686467,-9999.0
2019,2019,1614703.817594548,5427915.751591692,-0.46781554
2020,2020,1616128.991026839,5428018.13004262,-0.758913566
2021,2021,1616874.019433139,5427910.166912745,0.880607862
2022,2022,1613053.503972081,5427908.265205476,0.727185733
2023,2023,1613113.514666368,5427907.952659714,0.501576925
2024,2024,1614185.317469094,5427906.144229892,-0.522453325
2025,2025,1614360.627881785,5427911.724295176,-0.395669292
2026,2026,1614452.288656759,5427904.891092927,-9999.0
2027,2027,1615855.261078781,5427902.027456129,-9999.0
2028,2028,1616010.200145803,5427903.086908862,-9999.0
2029,2029,1616100.489768003,5427901.248102064,-9999.0
2030,2030,1616723.444130264,5427903.48686731,-0.910000026
2031,2031,1616807.651206832,5427926.728563823,0.514700322
2032,2032,1614444.749926452,5427895.660832747,-9999.0
2033,2033,1614467.310963379,5427895.61595702,-9999.0
2034,2034,1615723.057418279,5427893.212250176,-9999.0
2035,2035,1612783.284467902,5427888.800733986,1.21995835
2036,2036,1613076.029152944,5427888.279924104,1.079000033
2037,2037,1613246.930714218,5427887.970423081,0.496366669
2038,2038,1614316.848763866,5427890.798226561,-0.280427744
2039,2039,1616825.372926868,5427884.005677751,1.533881006
2040,2040,1613226.569844941,5427878.239626711,0.630320757
2041,2041,1613256.498992435,5427877.980585493,0.454185716
2042,2042,1613812.454645,5427876.945232917,0.846799994
2043,2043,1614127.191800128,5427892.938124896,-0.492045093
2044,2044,1616723.520291352,5427870.625106545,-0.258705881
2045,2045,1613083.513582126,5427868.321664391,1.243657192
2046,2046,1613215.543820895,5427867.417298838,0.414116508
2047,2047,1616749.018570957,5427868.031906969,0.479186326
2048,2048,1616783.359659817,5427873.778381556,1.28342801
2049,2049,1616853.251881297,5427866.817816793,1.168884385
2050,2050,1616915.512033779,5427860.993944685,0.694297042
2051,2051,1613171.454610726,5427861.429487413,1.08282738
2052,2052,1613245.579794303,5427858.636772302,0.446831678
2053,2053,1614092.412399101,5427857.196607916,-0.567793332
2054,2054,1614187.460560382,5427879.957522807,-0.270556564
2055,2055,1614336.023956649,5427856.567576256,-9999.0
2056,2056,1614516.254987165,5427917.688448575,-9999.0
2057,2057,1614015.842688956,5427846.843150527,0.314339625
2058,2058,1614106.388976792,5427846.258939768,-0.573780007
2059,2059,1614624.589527736,5427845.439148328,-9999.0
2060,2060,1616870.798213253,5427847.774269566,1.090769905
2061,2061,1614346.715942757,5427836.225112263,-0.449081102
2062,2062,1614411.187456533,5427836.474113956,-0.271262138
2063,2063,1612707.27672745,5427829.304181922,1.53786271
2064,2064,1612775.109319757,5427828.253594854,1.261680007
2065,2065,1612978.157955079,5427828.620987522,1.208849999
2066,2066,1613057.120817003,5427828.479546028,1.254578238
2067,2067,1614053.207200022,5427837.033626797,-0.376300363
2068,2068,1614128.608325413,5427826.679998833,-0.402288462
2069,2069,1614354.519274904,5427825.828276146,-0.127980391
2070,2070,1614531.492066151,5427826.262156137,-0.600520005
2071,2071,1616891.274329896,5427828.491769783,1.011671382
2072,2072,1617376.737782302,5427831.153392083,0.965260863
2073,2073,1613015.734285878,5427992.424086325,0.713358055
2074,2074,1613210.660180078,5427820.375414282,0.544356874
2075,2075,1614663.980174077,5427822.063206757,-9999.0
2076,2076,1617095.519592703,5427825.088211294,-0.910000026
2077,2077,1612726.193293628,5427808.77443469,1.338675891
2078,2078,1613226.442057027,5427808.024061199,0.584959987
2079,2079,1614087.757242801,5427807.19105722,-0.28871288
2080,2080,1614709.846502513,5427805.377459811,-9999.0
2081,2081,1616913.112178331,5427808.063248023,1.060620451
2082,2082,1617046.090263536,5427804.691367333,0.584171424
2083,2083,1617356.762796352,5427799.549730172,1.572199976
2084,2084,1617377.319209805,5427799.693303909,0.828528305
2085,2085,1613117.626623821,5427799.034471704,1.117821771
2086,2086,1613196.040133108,5427798.515954827,0.570961543
2087,2087,1616727.116351555,5427818.786580234,0.927016736
2088,2088,1616953.06946585,5427796.319312635,0.935207251
2089,2089,1617057.438328584,5427789.693120693,-0.004257425
2090,2090,1617077.185229586,5427790.22782365,-0.910000026
2091,2091,1617286.445440984,5427788.696215993,-0.910000026
2092,2092,1612742.081736161,5427791.908564478,1.16141286
2093,2093,1613210.017938909,5427787.579998414,0.6392053
2094,2094,1614651.736031653,5427786.131110813,-0.584214289
2095,2095,1614737.819482153,5427784.648823957,-9999.0
2096,2096,1614931.247463718,5427843.198342621,-9999.0
2097,2097,1616674.20874125,5427839.806078096,-0.905876858
2098,2098,1612994.305284925,5427779.46379423,0.882735102
2099,2099,1613042.669211722,5427795.582919595,0.93180249
2100,2100,1613092.870723492,5427783.575087911,0.988906041
2101,2101,1613700.139034171,5427777.00404922,-0.353702693
2102,2102,1617058.187392545,5427770.908668612,-0.656116526
2103,2103,1613056.615698467,5427768.06500252,0.629184466
2104,2104,1613174.772528782,5427769.166477243,0.564913319
2105,2105,1613606.147896309,5427764.830004466,-0.352783334
2106,2106,1617249.380197475,5427760.108398564,-0.910000026
2107,2107,1613338.850765173,5427757.956624662,0.443288459
2108,2108,1612783.08040821,5427756.501789022,1.237100914
2109,2109,1613127.331343106,5427755.941766579,0.598217208
2110,2110,1614605.685409634,5427752.62536009,0.030296178
2111,2111,1614557.08413968,5427736.08273284,0.129826924
2112,2112,1617013.313695396,5427759.200649573,1.01242892
2113,2113,1617347.375112059,5427729.957868579,-0.910000026
2114,2114,1613167.180044344,5427729.290647701,0.680006668
2115,2115,1613254.924093012,5427728.926842209,0.831930636
2116,2116,1613688.635892301,5427727.593505046,0.847113349
2117,2117,1614609.705357697,5427726.004731111,0.03428846
2118,2118,1615070.875693999,5427731.657572276,-9999.0
2119,2119,1616376.945565578,5427722.237111157,-0.910000026
2120,2120,1616687.755037282,5427733.233182374,1.835547154
2121,2121,1612934.997126265,5427751.803946509,0.941584008
2122,2122,1614068.233787279,5427717.100694446,0.110134615
2123,2123,1617388.536131086,5427709.710133158,-0.910000026
2124,2124,1613168.014054067,5427708.610697759,1.06964044
2125,2125,1613707.550856966,5427707.817564112,1.01931375
2126,2126,1616257.05265156,5427702.356908623,-9999.0
2127,2127,1616914.826492085,5427695.91030667,0.142000005
2128,2128,1616942.891382248,5427697.148358805,-0.602500002
2129,2129,1617484.961155445,5427722.476145989,-0.890576314
2130,2130,1612867.272457144,5427807.582962858,1.025776905
2131,2131,1612929.045544265,5427699.067376168,1.125906661
2132,2132,1612959.126097749,5427699.013798011,1.080106672
2133,2133,1613151.163030886,5427703.655015616,1.314336308
2134,2134,1613259.940734164,5427703.457354494,0.944930011
2135,2135,1613699.707589656,5427697.450928387,1.118215708
2136,2136,1614767.568146077,5427695.768436587,-0.285346146
2137,2137,1616066.507694092,5427693.83081561,-9999.0
2138,2138,1612868.86616324,5427688.854449005,1.043743113
2139,2139,1612910.227482446,5427689.128436844,1.18457498
2140,2140,1613368.955300288,5427688.299027533,1.223125011
2141,2141,1613677.299332347,5427697.697658679,0.992947607
2142,2142,1616192.763798161,5427682.555618363,-9999.0
2143,2143,1616900.500568248,5427684.099256841,0.251745152
2144,2144,1613015.491414915,5427678.968267472,0.983226078
2145,2145,1613199.309566191,5427679.302205458,0.917105773
2146,2146,1613440.387297516,5427683.181068778,0.924230002
2147,2147,1614880.329402707,5427675.593604776,-9999.0
2148,2148,1616089.586653356,5427673.682377127,-9999.0
2149,2149,1616125.458358113,5427673.313964389,-9999.0
2150,2150,1616161.799418288,5427672.65215381,-9999.0
2151,2151,1612902.671943127,5427669.197061297,1.16065712
2152,2152,1613098.194736676,5427668.847285372,1.075024965
2153,2153,1613188.283882892,5427668.47983889,1.030384616
2154,2154,1613459.169136165,5427673.173910988,1.167412506
2155,2155,1614632.145396183,5427666.125142173,0.191764703
2156,2156,1614759.987243406,5427665.866613284,-0.618942311
2157,2157,1616399.371057087,5427662.352026645,-0.910000026
2158,2158,1616345.129448951,5427700.749267691,-0.910000026
2159,2159,1616670.632095547,5427677.608730918,-0.74894517
2160,2160,1616705.208827205,5427659.497127777,0.735751785
2161,2161,1616940.940638104,5427648.192963587,-0.910000026
2162,2162,1614798.416113736,5427642.198122693,-0.535007524
2163,2163,1614849.770428882,5427635.561964247,-9999.0
2164,2164,1615394.304791399,5427649.158177839,-9999.0
2165,2165,1615440.332993935,5427639.625792797,-0.629261554
2166,2166,1613249.717469036,5427663.713197821,1.07875673
2167,2167,1613429.157908469,5427628.558136728,0.873264149
2168,2168,1614669.665416826,5427626.159867968,-9999.0
2169,2169,1615459.272516658,5427624.523031244,-0.50861538
2170,2170,1616940.725987406,5427621.220524513,-0.910000026
2171,2171,1613022.904307554,5427619.120605992,1.376299992
2172,2172,1614755.964922139,5427621.102818817,-0.688983496
2173,2173,1613427.093493204,5427610.905735448,0.722424131
2174,2174,1614151.045486042,5427607.243462589,0.336259259
2175,2175,1614819.629108865,5427605.706265,-9999.0
2176,2176,1615060.667591539,5427605.415231091,-9999.0
2177,2177,1616181.15464586,5427603.006676262,-0.023725493
2178,2178,1616711.46932501,5427601.601983967,-0.072006697
2179,2179,1617211.77631664,5427613.609643719,-0.910000026
2180,2180,1618213.785043249,5427597.991921254,-0.719477288
2181,2181,1618290.69021986,5427596.881550736,-0.561676498
2182,2182,1618399.773441368,5427595.215388213,-0.910000026
2183,2183,1618636.777603387,5427596.51629181,0.919647054
2184,2184,1613268.102665705,5427606.555427519,0.945205763
2185,2185,1613838.792412122,5427597.667873459,0.41874
2186,2186,1614134.780114329,5427600.711002954,0.234644117
2187,2187,1614675.463663702,5427602.703613622,-0.248610619
2188,2188,1614997.278187063,5427610.835428293,-9999.0
2189,2189,1616850.719333966,5427591.512516744,0.672
2190,2190,1618170.73180122,5427588.708344023,-0.488320021
2191,2191,1618258.010661433,5427588.642152452,-0.887655655
2192,2192,1618327.625561396,5427588.736338472,-0.910000026
2193,2193,1618497.455470851,5427587.302964061,0.539852177
2194,2194,1618527.537480415,5427587.953494624,0.603187496
2195,2195,1618558.874983266,5427595.684041597,0.668840555
2196,2196,1612921.330358796,5427589.384723585,1.059946704
2197,2197,1612996.529986226,5427588.90327727,1.030504549
2198,2198,1613240.931418432,5427588.809420147,1.144599968
2199,2199,1614203.343285323,5427587.196623333,0.274711536
2200,2200,1614922.054878732,5427586.132917984,-0.498699026
2201,2201,1616042.538902118,5427583.745727597,-0.201156863
2202,2202,1616733.083722783,5427611.389627626,0.813062118
2203,2203,1616842.871691671,5427581.149260617,0.684961541
2204,2204,1616880.472777347,5427581.471039451,-0.682450993
2205,2205,1612966.433334024,5427579.679333826,1.176158409
2206,2206,1613113.072998763,5427579.068862191,1.033224981
2207,2207,1613892.248986809,5427581.256633785,0.113374159
2208,2208,1614876.107059989,5427578.926356579,-0.415488641
2209,2209,1615030.525525158,5427575.560403206,-9999.0
2210,2210,1616241.24816488,5427572.9553618,0.376692309
2211,2211,1616399.358623855,5427603.800071053,-0.910000026
2212,2212,1612916.535643768,5427572.415822121,1.127360285
2213,2213,1613011.534946021,5427569.278973768,1.182840021
2214,2214,1613052.893663363,5427568.477650804,1.122392168
2215,2215,1613210.813738313,5427568.19227845,1.159999954
2216,2216,1613961.470388014,5427574.976404718,0.042797839
2217,2217,1613996.257858114,5427566.868022559,0.141316829
2218,2218,1614388.872383518,5427569.954504177,0.637977144
2219,2219,1614413.525202394,5427571.051569202,0.624166675
2220,2220,1616053.225716631,5427563.400730842,-0.060923076
2221,2221,1616818.072278387,5427564.254119765,1.149874997
2222,2222,1616842.826412956,5427561.613542674,0.08245098
2223,2223,1616862.17563782,5427561.945230689,-0.380495141
2224,2224,1618061.067605414,5427558.687865919,1.009283023
2225,2225,1613222.077554172,5427559.273890456,1.265598137
2226,2226,1614059.129394084,5427582.629428947,0.076205986
2227,2227,1614842.484390212,5427556.00208205,-0.253134613
2228,2228,1614921.993446644,5427556.215811539,-0.646160022
2229,2229,1616159.831162027,5427553.721158125,0.091328948
2230,2230,1616421.840998986,5427555.139966954,-0.910000026
2231,2231,1617192.30297359,5427567.168199792,-0.910000026
2232,2232,1614899.41301316,5427546.289732443,-0.505989351
2233,2233,1616797.811566605,5427541.568368549,-0.847454572
2234,2234,1613143.089930438,5427544.111237893,1.178724987
2235,2235,1613317.985651445,5427572.201751371,0.924825477
2236,2236,1613212.99750885,5427533.310872196,1.297318429
2237,2237,1614752.183714133,5427526.268727097,-0.459136369
2238,2238,1614990.390788787,5427528.84892902,-0.68332184
2239,2239,1615040.584356042,5427544.515173407,-9999.0
2240,2240,1616903.061802363,5427528.612076407,-0.910000026
2241,2241,1617060.812964947,5427521.21533336,-0.910000026
2242,2242,1613722.081212435,5427518.109978548,0.785150012
2243,2243,1614203.206847282,5427517.390043562,0.216423074
2244,2244,1616143.355024838,5427513.338971281,0.171788459
2245,2245,1616192.783900372,5427513.605556129,0.207407765
2246,2246,1617177.472074002,5427512.835525756,-0.910000026
2247,2247,1613353.5851923,5427508.824071244,1.136942857
2248,2248,1614060.884836201,5427520.500302015,0.306281798
2249,2249,1616203.795054566,5427502.823005867,0.221038458
2250,2250,1616403.320138638,5427503.160942598,-0.281534662
2251,2251,1617073.366488529,5427506.882945865,-0.910000026
2252,2252,1613255.806422102,5427498.303536261,1.405900004
2253,2253,1613293.858561572,5427512.666805732,0.932909099
2254,2254,1613346.046934702,5427498.865517462,1.308374986
2255,2255,1614493.234364979,5427497.24913036,-0.101999998
2256,2256,1614733.807108186,5427500.862076121,-0.241187825
2257,2257,1617065.078354328,5427490.418044907,-0.910000026
2258,2258,1613182.693530472,5427498.490522589,1.183874993
2259,2259,1613263.309479122,5427489.044598731,1.154428603
2260,2260,1613304.669049327,5427488.968976802,1.026153337
2261,2261,1613605.465927196,5427488.412036328,0.959206661
2262,2262,1614979.456202044,5427496.902687236,-0.642595674
2263,2263,1615140.705983935,5427490.171668583,-9999.0
2264,2264,1613278.331100564,5427479.044755695,0.952191312
2265,2265,1613586.647476743,5427478.474843474,1.082142816
2266,2266,1614959.429191774,5427476.35954825,-0.488098045
2267,2267,1617489.482295429,5427470.129613874,0.885142848
2268,2268,1613259.513125258,5427469.106719579,0.914040012
2269,2269,1614526.465179076,5427466.888988279,-0.401692325
2270,2270,1614834.781171586,5427466.266110413,-0.675372564
2271,2271,1616165.803965087,5427463.426963326,0.373269234
2272,2272,1617154.846114774,5427470.927314351,-0.910000026
2273,2273,1613208.424236433,5427474.394510746,1.198820937
2274,2274,1613575.330998194,5427458.898528123,1.077741111
2275,2275,1613804.535648378,5427458.323890144,1.03343138
2276,2276,1614460.113605228,5427457.578043333,-0.041585527
2277,2277,1614741.321084388,5427464.119018468,-0.014853146
2278,2278,1614901.669456471,5427471.366815387,-0.410924895
2279,2279,1615285.95434393,5427455.358631589,-9999.0
2280,2280,1616045.463494136,5427453.721261068,0.623384612
2281,2281,1616466.184989556,5427468.677477081,-0.910000026
2282,2282,1617455.998629648,5427450.264325975,0.712726495
2283,2283,1613233.157150251,5427449.209961573,0.996799988
2284,2284,1613736.734211109,5427453.261660759,0.84501835
2285,2285,1614816.489843067,5427446.735164381,-0.601303931
2286,2286,1614854.121382194,5427452.796954219,-0.438982855
2287,2287,1615906.394263019,5427452.252099688,0.84701421
2288,2288,1616005.80023173,5427454.759709444,0.578627078
2289,2289,1616179.103154497,5427447.221547913,0.389053418
2290,2290,1613406.096005994,5427438.9205651,0.683349992
2291,2291,1614482.267554322,5427447.249186306,-0.25033797
2292,2292,1615846.293407913,5427433.661617781,0.686923802
2293,2293,1615937.585887427,5427445.695042782,0.972139811
2294,2294,1616017.997820808,5427433.228902463,0.691203876
2295,2295,1616483.240899852,5427438.57551659,-0.910000026
2296,2296,1617436.747178413,5427430.366623588,0.69176924
2297,2297,1614454.785533646,5427432.23236729,-0.10808416
2298,2298,1614474.44609585,5427426.898637941,-0.175599995
2299,2299,1614767.020988546,5427426.514477745,-0.549269225
2300,2300,1614936.766960145,5427426.544101647,-0.420568626
2301,2301,1614984.758051641,5427430.282340364,-0.47637143
2302,2302,1613218.062969585,5427419.320225629,1.426074988
2303,2303,1613321.716613411,5427423.665865977,1.351562074
2304,2304,1614195.867387321,5427499.258234845,0.017699164
2305,2305,1614483.46376021,5427416.908256301,-0.615333336
2306,2306,1616521.174339509,5427420.040386524,-0.910000026
2307,2307,1618496.847308572,5427408.005150514,1.107249988
2308,2308,1613796.921085519,5427408.476321359,0.782942307
2309,2309,1614399.85565793,5427407.83565329,-0.003390728
2310,2310,1615455.197205971,5427404.934049931,-0.606640018
2311,2311,1615857.530448738,5427414.039624153,0.851909515
2312,2312,1615963.359627149,5427407.279660161,1.322364419
2313,2313,1616012.063260285,5427404.309393077,1.14346
2314,2314,1616152.265994916,5427414.499227038,0.53725615
2315,2315,1618023.071824204,5427399.223250328,-0.29407692
2316,2316,1618075.710723057,5427399.092500661,0.02372549
2317,2317,1618512.012857024,5427397.7895801,1.420699978
2318,2318,1614761.892144397,5427399.990614715,-0.277457257
2319,2319,1615865.006754787,5427394.078456638,1.188024981
2320,2320,1616545.566581034,5427399.209000319,-0.910000026
2321,2321,1613834.633690443,5427388.255294509,0.914028557
2322,2322,1613856.644827235,5427388.213352903,0.870907403
2323,2323,1614318.637208465,5427397.08266474,-0.148730183
2324,2324,1614417.752072262,5427391.79951612,0.085163367
2325,2325,1616190.918169507,5427405.630287481,0.454539051
2326,2326,1616397.536374123,5427387.374404849,0.447871083
2327,2327,1618181.830781651,5427385.20978224,0.126312057
2328,2328,1613148.246146227,5427379.557272235,1.098340925
2329,2329,1613189.553051203,5427392.703354429,1.126318768
2330,2330,1613845.894417158,5427378.261436613,0.96907334
2331,2331,1616218.242971566,5427373.558318332,0.351076922
2332,2332,1618150.94351321,5427393.289130534,0.112133515
2333,2333,1613157.81388597,5427369.567555355,1.190049997
2334,2334,1613657.880458364,5427368.644847687,0.933746659
2335,2335,1614368.350048118,5427367.47924943,-0.202698113
2336,2336,1614736.646267912,5427375.123418977,-0.363712589
2337,2337,1615359.43287789,5427370.627179359,-9999.0
2338,2338,1615864.941436714,5427364.161338807,0.835524994
2339,2339,1615985.992859205,5427380.382358275,1.289236459
2340,2340,1616421.40662257,5427362.925089614,0.605060875
2341,2341,1618105.690702547,5427359.128116613,-0.052352942
2342,2342,1614376.152841715,5427357.082381072,-0.299038454
2343,2343,1614447.451437843,5427384.155337229,-0.278806204
2344,2344,1614826.698442101,5427360.799670562,-0.328442302
2345,2345,1616165.559928259,5427353.730866791,0.624519229
2346,2346,1616406.344506738,5427352.986696214,0.731685697
2347,2347,1616587.207522221,5427373.098391915,-0.910000026
2348,2348,1617977.829406109,5427349.473144802,0.0445
2349,2349,1618182.211407039,5427349.493740606,0.047609272
2350,2350,1613481.137449329,5427354.016290166,0.745618183
2351,2351,1613657.842970694,5427348.700105378,0.937386663
2352,2352,1615341.817256901,5427352.220563841,-0.659111129
2353,2353,1617655.726937027,5427333.108286785,-9999.0
2354,2354,1618015.403637201,5427339.407649221,-0.021941175
2355,2355,1618158.279472423,5427339.052017097,-0.012924529
2356,2356,1613357.033539701,5427339.286869514,1.284360034
2357,2357,1613838.696299179,5427338.966592325,0.859425735
2358,2358,1614793.850843461,5427342.954793409,-0.120401123
2359,2359,1616267.581599873,5427333.934897688,0.448010001
2360,2360,1618026.411835529,5427328.622320116,-0.019911764
2361,2361,1613641.65828758,5427335.937130657,0.945712713
2362,2362,1614963.679436545,5427326.917158907,-0.23467549
2363,2363,1615819.737378552,5427325.09736585,0.682577773
2364,2364,1615987.427020165,5427328.288217871,1.110842703
2365,2365,1616086.893550856,5427367.3084785,0.769868761
2366,2366,1616191.145247453,5427336.277346749,0.519398935
2367,2367,1616451.395511416,5427322.967556982,1.140582609
2368,2368,1616808.981951492,5427322.730246847,-0.910000026
2369,2369,1618165.749392008,5427319.088470739,0.018769231
2370,2370,1618195.828432942,5427319.013211654,0.107529411
2371,2371,1613330.677764884,5427319.390461642,1.281257119
2372,2372,1613677.01334288,5427330.902716634,0.910313253
2373,2373,1614748.547775317,5427317.232013172,-0.056219999
2374,2374,1615849.793076448,5427314.332293198,1.198025003
2375,2375,1614857.014645502,5427306.662073944,-0.230547169
2376,2376,1616003.93692972,5427309.008220301,1.081823333
2377,2377,1616067.843719182,5427303.880974469,1.246399964
2378,2378,1616526.546082987,5427302.125023512,0.764999982
2379,2379,1616681.911503188,5427304.557360569,-0.910000026
2380,2380,1617278.521579259,5427301.102977303,1.23708572
2381,2381,1618357.984439037,5427302.327683889,1.015719662
2382,2382,1614627.481484836,5427302.245429795,-0.63597028
2383,2383,1614789.316713471,5427296.827761937,-0.075557695
2384,2384,1614989.138567728,5427296.794871808,-0.752000034
2385,2385,1616277.884580298,5427297.85917718,0.578221142
2386,2386,1616338.684086699,5427293.509111863,1.047211544
2387,2387,1616505.854275234,5427299.483355985,1.180000011
2388,2388,1616586.682878491,5427292.742729965,0.690142878
2389,2389,1618338.779623619,5427288.532008869,0.774325018
2390,2390,1614949.886947231,5427294.777636955,-0.222468083
2391,2391,1615385.292078847,5427295.681908926,-0.14695252
2392,2392,1615857.269299108,5427294.371148228,0.915122179
2393,2393,1616038.89703389,5427291.945329337,1.108417689
2394,2394,1616522.344646672,5427282.335803195,1.382830008
2395,2395,1614601.572535485,5427289.704170486,-0.518118858
2396,2396,1614616.474230613,5427277.028158969,-0.620914297
2397,2397,1616060.257857238,5427273.98047619,1.219868465
2398,2398,1616346.072089344,5427308.094726264,0.954870952
2399,2399,1616366.028214672,5427281.210421718,1.362303241
2400,2400,1616597.916911739,5427272.772221026,0.650453333
2401,2401,1616616.716179858,5427272.729257522,0.42454286
2402,2402,1617669.323981674,5427270.450391237,-0.278923064
2403,2403,1613596.820358232,5427328.877938803,1.104102448
2404,2404,1614578.365201877,5427271.550419306,-0.425970864
2405,2405,1615360.905595927,5427266.247299736,-9999.0
2406,2406,1616224.175076158,5427308.124792264,0.591132852
2407,2407,1616248.076923649,5427263.795008777,0.633603784
2408,2408,1616549.047575774,5427276.730473716,0.976130776
2409,2409,1618195.271212348,5427266.289708177,0.713725495
2410,2410,1614854.311476279,5427274.01126889,-0.176534245
2411,2411,1615605.28347538,5427260.013208979,-0.737750031
2412,2412,1616568.224054368,5427259.614832747,1.076768792
2413,2413,1616609.303114954,5427253.005863252,0.697615394
2414,2414,1616557.229199233,5427344.820700922,-0.188255805
2415,2415,1613570.74895796,5427254.648063346,1.256754867
2416,2416,1613693.072745198,5427262.271106483,0.948162359
2417,2417,1614622.797662543,5427259.115723049,-0.5424073
2418,2418,1614789.215227909,5427246.965894994,-0.193320755
2419,2419,1616451.375552654,5427249.265440681,1.43983997
2420,2420,1616590.328897309,5427242.872256855,1.138559985
2421,2421,1613676.435946285,5427238.968647134,0.986513026
2422,2422,1614812.05745389,5427236.946952005,-0.188415095
2423,2423,1614861.180827068,5427237.223208133,-0.064930693
2424,2424,1616153.496216871,5427277.169138744,0.751053593
2425,2425,1616330.877655728,5427233.487598202,1.38830261
2426,2426,1613653.858214987,5427229.038699637,1.00311818
2427,2427,1614565.993115471,5427229.653430601,-0.288757008
2428,2428,1614800.605462772,5427226.793358237,-0.163053336
2429,2429,1614879.41048947,5427226.83692522,-0.094538464
2430,2430,1615290.647105364,5427232.467281112,-9999.0
2431,2431,1618199.489791339,5427219.075137038,0.441520008
2432,2432,1613631.280545602,5427219.108689764,1.057114289
2433,2433,1613811.215862469,5427230.32871593,0.131071896
2434,2434,1614789.153503778,5427216.639749793,-0.121250002
2435,2435,1615034.649846422,5427234.402757948,-9999.0
2436,2436,1615248.003983231,5427215.895852066,-9999.0
2437,2437,1615364.277915083,5427223.382856105,-9999.0
2438,2438,1616421.580475461,5427218.892625282,1.269446636
2439,2439,1616458.177453117,5427217.673641987,1.430903865
2440,2440,1613608.702938162,5427209.178601949,1.039828589
2441,2441,1615011.115302507,5427206.764029045,-9999.0
2442,2442,1615405.365734792,5427228.604795773,-0.32777263
2443,2443,1615687.78293057,5427603.755136761,-0.120145002
2444,2444,1616175.904902243,5427210.049889607,0.921105844
2445,2445,1616229.914743432,5427204.939189651,0.885669198
2446,2446,1616295.504073303,5427204.289471818,1.259046063
2447,2447,1616650.792775253,5427203.425326849,0.713430008
2448,2448,1614891.177739136,5427197.272130076,0.044772278
2449,2449,1614921.256235713,5427197.210424712,0.032156863
2450,2450,1615240.452963667,5427200.953069415,-9999.0
2451,2451,1615646.512932484,5427200.090014967,-9999.0
2452,2452,1616210.32179225,5427193.663335573,0.93723529
2453,2453,1616420.872196066,5427193.599581246,1.227769258
2454,2454,1616661.651485755,5427192.846934811,1.009971413
2455,2455,1618175.54630193,5427196.699681562,0.001671384
2456,2456,1613601.15530464,5427194.234124591,1.037712507
2457,2457,1615383.84254978,5427185.692263917,-9999.0
2458,2458,1615853.270100127,5427184.683206219,1.035280002
2459,2459,1616380.914470168,5427195.721717664,1.436470757
2460,2460,1617162.934500884,5427181.304130175,0.507561914
2461,2461,1618336.717488048,5427174.596020827,0.964249998
2462,2462,1615665.269005564,5427180.104763567,-9999.0
2463,2463,1617090.223192576,5427171.906685612,-0.910000026
2464,2464,1613566.812723136,5427579.355020905,0.512555128
2465,2465,1613571.03026996,5427169.359427318,0.958675002
2466,2466,1614871.768369308,5427167.018072076,0.055076923
2467,2467,1615426.161939355,5427180.004759201,-0.468566676
2468,2468,1615849.639186644,5427207.834450694,0.921373693
2469,2469,1616470.917434447,5427176.377996072,1.414622311
2470,2470,1616665.35411748,5427167.907344719,1.083431134
2471,2471,1616754.691196936,5427166.653097684,0.137394397
2472,2472,1618330.945414976,5427163.896270455,0.996924975
2473,2473,1618353.491620725,5427158.853130829,0.995885727
2474,2474,1615021.522866089,5427168.625292931,-0.543052639
2475,2475,1615264.555212414,5427167.492333269,-0.517803693
2476,2476,1615661.304142424,5427155.38676629,-9999.0
2477,2477,1616721.202178973,5427163.347374606,0.614570029
2478,2478,1617060.096238734,5427151.305462421,-0.910000026
2479,2479,1613540.914733833,5427149.470795227,0.977150001
2480,2480,1613685.875901265,5427156.418807715,0.912020316
2481,2481,1614052.094212827,5427148.704687851,0.148769237
2482,2482,1614999.560274101,5427146.810553692,-0.466038457
2483,2483,1615684.014198873,5427155.13327571,-9999.0
2484,2484,1615784.755500099,5427147.286633616,0.305575755
2485,2485,1615861.100448721,5427145.357509779,0.672030006
2486,2486,1616390.832519295,5427143.60075983,1.279100016
2487,2487,1616631.458855869,5427143.053961777,1.151371445
2488,2488,1616714.172487622,5427142.137006159,1.094124965
2489,2489,1616759.140308806,5427142.965094556,0.760307697
2490,2490,1613980.24473007,5427148.870249273,0.036418977
2491,2491,1615240.468336603,5427135.927794982,-0.536134613
2492,2492,1615746.609067183,5427141.535760158,-0.0026375
2493,2493,1616726.29218132,5427132.86383401,0.894720005
2494,2494,1612655.531054851,5427127.124484592,0.677124985
2495,2495,1613533.367301299,5427134.526246538,0.864529411
2496,2496,1613570.954408384,5427128.742776717,0.790528304
2497,2497,1613653.670822159,5427129.314967826,1.14077144
2498,2498,1613706.307676033,5427129.215857567,1.237026088
2499,2499,1614077.021011723,5427132.792118995,0.021677963
2500,2500,1614462.420225876,5427128.331278604,0.221445545
2501,2501,1615026.245362767,5427137.000492272,-0.391576422
2502,2502,1615330.541225583,5427130.956613903,-9999.0
2503,2503,1615816.99889345,5427135.63650067,0.48366355
2504,2504,1615864.26756408,5427125.029187407,0.623132073
2505,2505,1615906.466246874,5427124.909287629,1.044326528
2506,2506,1615962.173054939,5427124.610251528,1.293674962
2507,2507,1613522.060129602,5427119.588678099,0.950280013
2508,2508,1613563.417600424,5427119.511595881,0.976353859
2509,2509,1613634.853232201,5427119.377879761,1.068340008
2510,2510,1614093.147527406,5427117.922348977,-0.041068627
2511,2511,1612624.54531677,5427108.898255887,0.594499998
2512,2512,1613593.477104174,5427109.483011176,0.895764714
2513,2513,1613773.945822066,5427109.143137594,1.046999985
2514,2514,1613833.553762864,5427109.029892642,0.719360014
2515,2515,1615292.739637586,5427106.309730914,-0.220230776
2516,2516,1615984.139534068,5427104.617109364,1.251083334
2517,2517,1613553.352786968,5427099.181956589,1.139777766
2518,2518,1613671.887434666,5427122.834812094,1.166111369
2519,2519,1613811.524515681,5427099.099391143,0.990799982
2520,2520,1613823.249281805,5427168.372363695,0.423604968
2521,2521,1615172.683691706,5427295.84717305,-9999.0
2522,2522,1615250.455519752,5427104.95912067,-0.32076486
2523,2523,1615303.751498826,5427095.528534258,-0.194960782
2524,2524,1615514.967137477,5427154.686151315,-9999.0
2525,2525,1615702.694634496,5427100.244596963,-9999.0
2526,2526,1616623.823538638,5427092.482129643,1.236600025
2527,2527,1617052.496447221,5427117.146985371,-0.901419074
2528,2528,1613563.361753363,5427089.5944707,1.085857127
2529,2529,1613608.488152232,5427094.496294497,1.15965367
2530,2530,1613954.527605832,5427088.649226378,-0.090192302
2531,2531,1614850.393897332,5427087.811578458,0.064736842
2532,2532,1615364.556270988,5427147.886158108,-9999.0
2533,2533,1615883.528367814,5427085.473970154,0.538823534
2534,2534,1617962.124206477,5427080.256156433,0.030807693
2535,2535,1618314.77518347,5427104.220812793,0.966553648
2536,2536,1616673.054194982,5427073.732694329,1.359529408
2537,2537,1617918.330111069,5427070.920979149,0.12713245
2538,2538,1618293.108895304,5427069.253422988,1.024524992
2539,2539,1613651.167633673,5427072.674361452,1.079395945
2540,2540,1614020.691098643,5427074.634746025,0.008737965
2541,2541,1615050.569283979,5427076.875416684,-0.613703695
2542,2542,1615243.618332722,5427071.613356535,-0.335413796
2543,2543,1615274.406043639,5427066.835172126,-0.059128713
2544,2544,1615495.343313352,5427070.204398517,-9999.0
2545,2545,1615841.403209639,5427079.260697284,0.353742501
2546,2546,1616022.197527825,5427064.643584433,1.181575006
2547,2547,1617503.385915116,5427061.43086573,-0.217607849
2548,2548,1617522.733847949,5427061.760791133,-0.144666667
2549,2549,1618274.284184767,5427058.98100049,0.911272727
2550,2550,1618336.797058113,5427062.837035639,1.209524323
2551,2551,1613634.740949472,5427059.54363934,1.065866709
2552,2552,1614973.605887457,5427057.488879502,-0.088240386
2553,2553,1615787.260069387,5427061.862635722,0.020324561
2554,2554,1616528.625781541,5427056.357725522,1.257153847
2555,2555,1616635.713455235,5427055.665730622,1.213451096
2556,2556,1617286.269261845,5427050.694592299,-0.904736869
2557,2557,1618262.980754502,5427049.384328463,0.915675019
2558,2558,1613585.84569392,5427049.662822496,1.163150004
2559,2559,1613664.799454176,5427049.1674128,1.018123704
2560,2560,1613694.877324684,5427049.110782627,0.956955355
2561,2561,1614074.45975477,5427048.937269862,0.176679241
2562,2562,1614093.681759574,5427069.520491763,-0.236876391
2563,2563,1614472.99158806,5427048.154344743,0.276641508
2564,2564,1614803.848214281,5427047.487762158,-0.000882352
2565,2565,1614833.926089846,5427047.426416658,-0.158075469
2566,2566,1614924.159716996,5427047.241633076,-0.434384618
2567,2567,1615021.296081867,5427058.929156367,-0.166712265
2568,2568,1615328.183973912,5427048.753583482,0.019207047
2569,2569,1616544.756687298,5427043.527604917,1.107134238
2570,2570,1616769.502845746,5427173.721214359,-0.603534501
2571,2571,1617571.176428763,5427046.104068533,-0.275500007
2572,2572,1618049.048741808,5427040.527543184,0.09280198
2573,2573,1613679.820921516,5427039.861427453,1.095314311
2574,2574,1614954.217067859,5427037.207412405,-0.015576923
2575,2575,1615033.322720862,5427036.839653227,-0.351843561
2576,2576,1615796.058049417,5427039.639584363,-0.033634615
2577,2577,1617105.886066604,5427095.78723531,-0.127392591
2578,2578,1617208.028429178,5427034.572149426,0.107355555
2579,2579,1617247.274186664,5427029.916160384,0.093154473
2580,2580,1618255.423689083,5427034.444658517,0.91451428
2581,2581,1613574.529229261,5427029.739149058,1.15592001
2582,2582,1613624.741993178,5427038.263616545,1.085761914
2583,2583,1614101.288210914,5427029.316982669,-0.551834933
2584,2584,1614454.702281178,5427028.622480473,0.312415842
2585,2585,1615428.083710865,5427031.025925916,-9999.0
2586,2586,1616555.990444947,5427023.557158033,0.969325007
2587,2587,1616634.956077835,5427028.363009623,1.198593302
2588,2588,1617349.690286712,5427022.286311714,0.102921568
2589,2589,1617424.88479077,5427022.10636618,-0.214789995
2590,2590,1613555.712005423,5427019.801872866,1.033557144
2591,2591,1614134.557302108,5427018.903363474,0.150137257
2592,2592,1615011.120873283,5427017.521790934,-0.084137265
2593,2593,1616775.986382626,5427024.533733081,0.100256358
2594,2594,1617623.57683367,5427011.278138441,-0.327769233
2595,2595,1617804.043392234,5427010.838158021,-0.735433942
2596,2596,1618254.811965301,5427010.035858834,0.992839191
2597,2597,1618285.438809525,5427009.438069884,1.147199976
2598,2598,1613691.043079841,5427009.575703015,1.160327276
2599,2599,1613723.186670865,5427009.515065052,0.958879124
2600,2600,1615352.68516721,5427006.45909677,0.05228
2601,2601,1616653.708998325,5427008.375190504,1.346299952
2602,2602,1616736.25999637,5427003.40379743,-0.31000002
2603,2603,1616770.248713827,5427003.120911143,-0.910000026
2604,2604,1617650.419854615,5427001.617100306,-0.282613859
2605,2605,1617676.188651669,5427001.177893756,0.076673077
2606,2606,1613465.441798643,5427000.024909492,1.068642873
2607,2607,1614126.999084897,5426998.973233842,-0.112807689
2608,2608,1614933.559442484,5427002.154897873,-0.026403773
2609,2609,1614953.618065847,5427005.434542083,0.015299363
2610,2610,1617507.931294136,5427014.553408002,-0.547772047
2611,2611,1617803.994518796,5426990.893397409,-0.454192299
2612,2612,1618290.079225583,5426996.030212983,1.154660035
2613,2613,1613543.111559587,5426997.611800767,1.171342228
2614,2614,1615813.597002089,5427006.089777938,-0.065559839
2615,2615,1616384.048393969,5426998.929078829,1.08900458
2616,2616,1616664.94240233,5426988.404567188,1.020113333
2617,2617,1617533.271360038,5426981.579307363,0.321692315
2618,2618,1617691.342349082,5426985.977836044,0.023526087
2619,2619,1613655.391090562,5426989.864066069,1.081122995
2620,2620,1614911.109960249,5426997.230684484,-0.239453237
2621,2621,1615345.102553636,5426976.557847114,0.087333334
2622,2622,1616623.585630014,5426988.499324807,1.383300345
2623,2623,1613518.022050062,5426970.010037662,1.210599983
2624,2624,1617495.626288509,5426961.725177996,0.494339998
2625,2625,1617813.864559272,5426973.653656626,0.318178032
2626,2626,1614880.280700717,5426965.685687592,-0.445717779
2627,2627,1614916.605831621,5426956.573699674,-0.545777793
2628,2628,1615893.556634036,5426964.22913347,0.344789043
2629,2629,1616525.753871018,5426953.818977536,1.102125002
2630,2630,1616540.946855493,5426981.633273796,1.017956195
2631,2631,1618232.994603999,5426955.35700967,0.708752933
2632,2632,1613698.19474338,5426954.713960274,0.933702969
2633,2633,1614164.159600893,5426953.25241332,-0.007599998
2634,2634,1615190.422157414,5426959.281735432,-0.205585799
2635,2635,1615386.944965419,5426946.928644093,0.0473
2636,2636,1616645.492767749,5426943.57320577,0.566607841
2637,2637,1616675.967233013,5426943.707837122,-0.406500034
2638,2638,1613668.353475412,5426939.811543309,1.075628528
2639,2639,1614816.035147634,5426955.785509287,-9999.0
2640,2640,1614878.968111447,5426936.706034085,-0.612124992
2641,2641,1615494.114322875,5426952.614525495,-9999.0
2642,2642,1617172.396737085,5426942.346949945,-0.399208696
2643,2643,1613476.591440772,5426930.197353899,0.962706654
2644,2644,1613729.037753356,5426929.724711353,1.184717365
2645,2645,1615094.377420119,5426929.837411297,-9999.0
2646,2646,1615848.771641527,5426915.642065524,-0.298359987
2647,2647,1613627.745897593,5426913.008169756,1.146130243
2648,2648,1614793.267546288,5426917.760600912,-9999.0
2649,2649,1614811.23441541,5426907.654317679,-9999.0
2650,2650,1616555.566467616,5426904.093457734,0.585769245
2651,2651,1615401.877996816,5426897.034882579,0.102558824
2652,2652,1615869.244203241,5426906.5759279,-0.242163902
2653,2653,1616525.466482796,5426894.189551351,0.551098033
2654,2654,1613646.250045306,5426889.991024276,1.095904782
2655,2655,1615879.086217768,5426885.249565734,-0.122461535
2656,2656,1616397.615617615,5426884.506797464,0.711615402
2657,2657,1616627.503561185,5426884.360874212,0.05977227
2658,2658,1613660.722985114,5426880.71856807,1.080510242
2659,2659,1615938.380474354,5426874.841820328,0.904624997
2660,2660,1614277.132668074,5426869.038350857,0.063039216
2661,2661,1614768.033806216,5426889.195125812,-9999.0
2662,2662,1615051.770151868,5426867.270291908,-0.668365207
2663,2663,1615867.187948565,5426866.200692411,-0.451611649
2664,2664,1616657.535054513,5426864.347214914,-0.910000026
2665,2665,1617298.403030114,5426863.13850764,-0.448900496
2666,2666,1613698.554226753,5426864.961559588,0.985444428
2667,2667,1614255.902516125,5426859.63674991,-0.017390729
2668,2668,1615012.408539664,5426896.208284902,-0.668886368
2669,2669,1615036.710946341,5426857.329059913,-0.66531429
2670,2670,1615908.795306761,5426855.67631338,-0.304647063
2671,2671,1616610.721141423,5426860.383617974,0.418846612
2672,2672,1616954.125654071,5426853.107638487,-0.910000026
2673,2673,1615916.595349315,5426845.277775297,-0.29425489
2674,2674,1616570.468650923,5426844.224887082,-0.530156851
2675,2675,1616788.70162666,5426853.49180139,-0.910000026
2676,2676,1616897.707905057,5426843.266643587,-0.910000026
2677,2677,1615349.116383464,5426837.311991918,0.275379999
2678,2678,1617312.807707033,5426833.339424944,0.072960563
2679,2679,1618212.317590969,5426836.766020509,1.027447847
2680,2680,1614338.036831555,5426835.636660011,-0.047606205
2681,2681,1615152.78795317,5426830.423341378,-0.264172415
2682,2682,1615952.474275062,5426833.133306568,0.339481296
2683,2683,1616166.601180895,5426824.985414794,0.609226181
2684,2684,1616302.363515221,5426831.164778829,0.495672731
2685,2685,1616379.17921386,5426905.494357338,0.86459103
2686,2686,1616852.359473455,5426913.33729232,-0.772551746
2687,2687,1616878.863409538,5426823.365579164,-0.910000026
2688,2688,1617217.078079687,5426822.776465211,-0.39754717
2689,2689,1617938.925478774,5426821.029977445,0.304673074
2690,2690,1618187.21177806,5426820.20816735,1.095925005
2691,2691,1613720.762958494,5426820.0437868,0.973074991
2692,2692,1615056.603235257,5426820.67036699,-0.553775293
2693,2693,1615966.320217781,5426818.373463708,0.283303575
2694,2694,1616487.992368095,5426814.495229448,0.40034616
2695,2695,1617228.086667322,5426811.99233815,-0.236568634
2696,2696,1617643.105886199,5426825.216569173,0.746354018
2697,2697,1618179.66758027,5426810.25460298,1.10058571
2698,2698,1613171.839735792,5426810.360153407,1.566879971
2699,2699,1614130.939289995,5426809.866220938,0.137299998
2700,2700,1615419.598085515,5426811.082516991,-0.561669926
2701,2701,1616480.298294883,5426804.335741668,0.487085717
2702,2702,1617619.85843391,5426802.242472314,0.753564366
2703,2703,1613179.342183812,5426801.101291167,1.509628551
2704,2704,1615149.22394301,5426797.465292517,-0.233058819
2705,2705,1615942.048230826,5426805.952277072,0.121260297
2706,2706,1616466.478608612,5426793.488936059,0.480051949
2707,2707,1616595.313368212,5426799.937353716,-0.910000026
2708,2708,1616916.389965035,5426793.360981706,-0.058269564
2709,2709,1616947.172366218,5426804.474472319,-0.226745125
2710,2710,1617938.8516087,5426791.112826994,0.326905655
2711,2711,1614290.532322762,5426789.898122848,-0.273177345
2712,2712,1615160.235544895,5426786.68430746,0.01932673
2713,2713,1615961.579470295,5426785.344508046,-0.363230775
2714,2714,1617720.77010854,5426781.675589349,0.696843147
2715,2715,1613209.382759255,5426781.101908799,1.385085673
2716,2716,1613540.225726436,5426779.765684284,1.29432608
2717,2717,1613690.612237595,5426780.938158688,1.073750036
2718,2718,1614840.895550545,5426778.156826499,-0.166211542
2719,2719,1615037.345737478,5426785.706828682,-0.550565399
2720,2720,1615724.240117843,5426781.388755285,0.063646767
2721,2721,1616472.55994885,5426774.640501853,-0.419980768
2722,2722,1616871.228376518,5426773.521131308,-0.788430407
2723,2723,1617678.254172554,5426789.415094717,0.761290995
2724,2724,1617698.188207668,5426771.758192041,0.765392156
2725,2725,1618141.971802787,5426770.459046605,1.316099989
2726,2726,1613551.487264216,5426770.499425359,1.631227938
2727,2727,1613661.063632555,5426770.294209227,1.127804303
2728,2728,1614311.32202204,5426769.623456877,-0.228735294
2729,2729,1615532.639752342,5426766.738400349,-0.369901966
2730,2730,1616111.853650183,5426769.958463623,0.437512824
2731,2731,1616549.946253491,5426764.287676981,-0.910000026
2732,2732,1616895.100146945,5426771.21911092,0.195759999
2733,2733,1617740.068608101,5426762.060166077,0.69148543
2734,2734,1613250.701922149,5426761.081835847,1.479279957
2735,2735,1613611.622011847,5426760.414592653,1.554800002
2736,2736,1614679.344003824,5426758.335683088,-0.931891917
2737,2737,1615021.037024787,5426763.146102089,-0.457485465
2738,2738,1616424.484545386,5426810.690655128,0.501295033
2739,2739,1618141.921997905,5426750.514277813,2.033947347
2740,2740,1613630.4012237,5426750.406971497,1.567885726
2741,2741,1614338.398023852,5426749.777798852,-0.270213337
2742,2742,1614668.045115814,5426748.386084963,-0.963800025
2743,2743,1617683.431247582,5426748.641949906,0.775202481
2744,2744,1617713.935775057,5426752.600238428,0.752257818
2745,2745,1613656.700184898,5426740.732510633,1.156639962
2746,2746,1614735.354687538,5426774.02291332,-0.791894743
2747,2747,1614996.939049863,5426742.614769854,-0.345977517
2748,2748,1615540.956461559,5426748.223578815,-0.249307697
2749,2749,1616173.449986063,5426744.444192206,0.533843912
2750,2750,1616298.882595567,5426777.860223435,0.432120752
2751,2751,1613401.039304198,5426735.875048939,0.676493336
2752,2752,1613699.629299012,5426738.140470754,1.039382121
2753,2753,1615386.856013704,5426736.226651439,0.21891694
2754,2754,1615449.033292348,5426759.733582395,-0.910000026
2755,2755,1616119.047332753,5426725.571278726,0.496792454
2756,2756,1616412.293776359,5426724.914727192,-0.244346166
2757,2757,1616911.215207401,5426723.162869172,0.503134617
2758,2758,1613532.596438867,5426720.67256421,0.428514292
2759,2759,1613600.420720969,5426720.750421628,0.305653843
2760,2760,1614401.453340843,5426719.583248054,-0.506397275
2761,2761,1614780.281304961,5426722.659465197,-0.161951921
2762,2762,1615442.454921921,5426716.864006154,-0.910000026
2763,2763,1615502.618589919,5426721.722090483,-0.905514312
2764,2764,1615983.680882772,5426715.897927213,-0.379849057
2765,2765,1616100.809671175,5426722.154477521,0.361971748
2766,2766,1616285.679094669,5426723.785399252,0.594191411
2767,2767,1616536.177134061,5426719.751466177,-0.551586219
2768,2768,1613510.020512215,5426710.742166034,0.910049998
2769,2769,1613579.445908325,5426716.121532161,0.46635814
2770,2770,1616073.888367806,5426705.726469711,-0.269333334
2771,2771,1618127.036029983,5426705.675421721,1.111706889
2772,2772,1613611.509907654,5426700.580306961,0.750853331
2773,2773,1614961.038303344,5426698.131017063,-0.227000009
2774,2774,1615389.62745275,5426697.235760732,0.082615384
2775,2775,1616201.691148622,5426695.470145891,0.34851999
2776,2776,1616314.477777777,5426695.217742494,0.365490193
2777,2777,1616510.576609499,5426699.033788036,-0.394262141
2778,2778,1616963.509426355,5426718.058792046,0.463189815
2779,2779,1613194.182701106,5426692.10496285,1.502978247
2780,2780,1613622.769868089,5426690.58678806,0.909000008
2781,2781,1615551.816003158,5426687.294510986,-0.05898
2782,2782,1615720.108186543,5426690.76935385,0.185009613
2783,2783,1616886.600211857,5426682.554390082,0.207254541
2784,2784,1617167.498810777,5426814.537602515,-0.90149389
2785,2785,1617225.506210749,5426704.400381099,-0.195494323
2786,2786,1615581.903751633,5426683.396238629,0.020274286
2787,2787,1615674.23873161,5426694.51495324,0.155304867
2788,2788,1616002.575092548,5426690.720756629,-0.441258337
2789,2789,1618003.017582804,5426671.661317043,0.599277238
2790,2790,1613239.259610909,5426671.350965322,0.872895653
2791,2791,1613875.046123235,5426669.499036049,0.310057692
2792,2792,1617780.630845384,5426661.860000735,0.671115395
2793,2793,1618062.437624383,5426666.254917759,0.899351493
2794,2794,1613765.42464846,5426660.605147343,0.276566038
2795,2795,1616262.947489461,5426676.676035592,0.441589893
2796,2796,1613193.957554489,5426651.693070753,0.91469813
2797,2797,1613224.185154403,5426651.433599056,1.184174991
2798,2798,1613652.923425883,5426650.845025955,0.977433973
2799,2799,1615051.16429388,5426648.082728391,-0.325769219
2800,2800,1616492.380833425,5426664.680671238,-0.379379865
2801,2801,1618074.489675599,5426646.539749883,1.0305631
2802,2802,1613799.771538982,5426640.971709049,0.920388342
2803,2803,1615483.139457424,5426654.093589647,-0.908996253
2804,2804,1615518.671800598,5426637.655809762,-0.218447368
2805,2805,1615855.681570033,5426636.398961977,0.118529412
2806,2806,1616472.242465386,5426634.618106551,-0.405903845
2807,2807,1616830.247638238,5426698.963590802,0.456373528
2808,2808,1618043.724299509,5426631.29397707,0.80903923
2809,2809,1616756.605447752,5426630.183311114,-0.910000026
2810,2810,1617592.557281158,5426622.428096488,0.618660379
2811,2811,1613570.005800819,5426620.87861071,1.24034543
2812,2812,1613644.647780004,5426620.738808051,0.987581806
2813,2813,1614184.932495857,5426620.573933498,0.023955447
2814,2814,1615058.782999979,5426622.931358159,-0.118276789
2815,2815,1615882.740196872,5426626.595131121,0.087212843
2816,2816,1616514.471354431,5426626.476789822,-0.910000026
2817,2817,1616795.516300708,5426614.342069598,0.131076928
2818,2818,1613712.847063471,5426609.910823158,0.903799984
2819,2819,1613992.601718733,5426646.615236898,0.250224
2820,2820,1614276.623140336,5426609.75643668,0.02154
2821,2821,1614859.895804034,5426608.963337207,-0.287705883
2822,2822,1615532.2986153,5426607.180269887,-0.079288457
2823,2823,1618073.877303819,5426601.097165976,1.120825018
2824,2824,1618100.193862789,5426601.031643494,1.21220002
2825,2825,1613629.193526687,5426628.421092781,1.082636363
2826,2826,1613705.310608696,5426600.679782861,1.345971417
2827,2827,1614832.670903982,5426602.88359791,-0.176116503
2828,2828,1615662.968068597,5426623.950113581,0.14000665
2829,2829,1615742.809433171,5426596.754707503,0.236903849
2830,2830,1613735.112855752,5426595.637286775,0.896138616
2831,2831,1616023.51169677,5426612.885740746,-0.488513397
2832,2832,1616434.838860149,5426585.249664214,-0.445942302
2833,2833,1616819.655394484,5426593.307553289,0.316503396
2834,2834,1615547.272619543,5426577.230948441,-0.03082353
2835,2835,1613705.254168079,5426570.762633009,1.254666695
2836,2836,1615522.867990134,5426578.062045052,-0.177187941
2837,2837,1614299.38553993,5426559.849556523,-0.35753845
2838,2838,1615517.153207219,5426556.941458751,-0.053903847
2839,2839,1614279.797341872,5426548.568457623,-0.025471482
2840,2840,1615965.093512041,5426597.943333716,-0.394411602
2841,2841,1615998.508080667,5426551.115634348,-0.068904349
2842,2842,1616478.328028586,5426562.900049112,-0.910000026
2843,2843,1617923.324740349,5426531.663029694,1.097728607
2844,2844,1613735.25326384,5426530.089141259,0.893062493
2845,2845,1615264.217197647,5426704.046913847,0.316528065
2846,2846,1617055.995983968,5426539.549599931,-0.910000026
2847,2847,1616418.771682786,5426541.23340046,-0.396930745
2848,2848,1613764.744317431,5426510.815636566,0.954565204
2849,2849,1615987.528668115,5426506.844927687,-0.067686277
2850,2850,1617066.111816153,5426511.042683013,-0.910000026
2851,2851,1617282.890061651,5426541.333301194,-0.12808211
2852,2852,1613657.943330646,5426501.044794345,1.106355563
2853,2853,1615757.631130754,5426496.99824881,0.381423074
2854,2854,1616463.221041171,5426507.646262175,-0.910000026
2855,2855,1613667.510576337,5426491.781540361,1.056937496
2856,2856,1613757.737265596,5426491.611225693,1.063320013
2857,2857,1615951.520378718,5426491.433039015,-0.463162857
2858,2858,1614137.202524704,5426489.174119431,0.044510417
2859,2859,1616795.808420389,5426465.442968173,0.249771811
2860,2860,1614697.536650261,5426459.12616909,-0.937600005
2861,2861,1616404.351696227,5426470.431040091,-0.468792343
2862,2862,1617881.786439319,5426456.972031309,0.930896661
2863,2863,1616855.275161556,5426444.672178185,0.461166665
2864,2864,1616927.253373197,5426444.881373592,0.203215683
2865,2865,1617229.303254594,5426443.590186457,-0.910000026
2866,2866,1617318.233655158,5426443.959798343,-0.123833343
2867,2867,1614738.849911959,5426439.097596215,-0.941401379
2868,2868,1614712.513778165,5426429.178569916,-0.961304374
2869,2869,1617027.548594106,5426436.213251434,-0.691429264
2870,2870,1617870.382863807,5426422.149324933,0.9878551
2871,2871,1614704.974762587,5426419.221407413,-0.92935444
2872,2872,1617136.676283165,5426435.633656356,-0.910000026
2873,2873,1614024.900087876,5426411.174883197,-0.033949997
2874,2874,1614058.185749827,5426410.73398327,-0.046352942
2875,2875,1614231.118331826,5426410.397257253,0.067607843
2876,2876,1614697.435767621,5426409.264236984,-0.874000013
2877,2877,1616667.212365773,5426405.216337258,-0.051078411
2878,2878,1617028.115231354,5426404.379312905,-0.858980797
2879,2879,1617738.483886926,5426407.76951074,0.329188123
2880,2880,1617385.760117666,5426383.963824167,0.371446611
2881,2881,1617854.593909347,5426388.445315958,0.831707543
2882,2882,1613846.858302904,5426403.823064835,0.034950161
2883,2883,1614085.828058199,5426392.682502794,-0.122800712
2884,2884,1616378.247350588,5426399.090529208,-0.534456563
2885,2885,1617155.94248723,5426381.015337178,-0.910000026
2886,2886,1614110.739919472,5426370.742390679,-0.22328846
2887,2887,1614629.687624707,5426370.238437718,-0.969195654
2888,2888,1616208.352030164,5426374.811092651,-0.201149123
2889,2889,1617171.180854612,5426363.743738717,-0.910000026
2890,2890,1614130.066413816,5426361.108958513,-0.224450977
2891,2891,1615856.711347774,5426361.369186085,-0.472017295
2892,2892,1616184.445743697,5426355.192709937,-0.168177032
2893,2893,1616900.17946088,5426354.815863843,0.403960793
2894,2894,1616919.525476036,5426355.147390153,-0.016980199
2895,2895,1617847.729076717,5426357.6433624,1.010520412
2896,2896,1614144.289252857,5426349.946702564,-0.251970583
2897,2897,1613685.599996608,5426342.099483082,0.268528846
2898,2898,1616389.011847042,5426336.564883418,-0.910000026
2899,2899,1613670.96837034,5426331.489135338,0.226185714
2900,2900,1613922.354832385,5426335.429801176,0.457572817
2901,2901,1614184.367800441,5426331.374757922,-0.295610838
2902,2902,1616749.735315741,5426325.246988822,0.247673074
2903,2903,1617320.973274189,5426336.482742847,-0.161793016
2904,2904,1615370.603657809,5426317.453683499,-0.828155365
2905,2905,1617411.359414529,5426313.718818227,0.283058819
2906,2906,1613656.432572478,5426314.545178709,0.279870056
2907,2907,1613983.922824954,5426333.549194828,0.230279111
2908,2908,1617299.284859673,5426316.556497511,-0.254909169
2909,2909,1614130.19867406,5426308.475708126,0.087301137
2910,2910,1614272.805226098,5426300.995346996,-0.355844679
2911,2911,1616645.751920256,5426296.097814954,0.026086666
2912,2912,1617223.344195948,5426294.222148689,-0.126769228
2913,2913,1616959.828834811,5426289.083349556,0.371291265
2914,2914,1616347.533718875,5426281.08276899,-0.910000026
2915,2915,1617263.434604762,5426293.627868298,-0.283554287
2916,2916,1613742.435190701,5426271.724257409,0.470076918
2917,2917,1614149.486665869,5426271.471894258,0.142533332
2918,2918,1616960.119972776,5426264.924161805,0.376500001
2919,2919,1614332.165817988,5426265.702289499,-0.260896553
2920,2920,1615433.809842717,5426258.355053243,-0.529173094
2921,2921,1617332.81924936,5426254.448521984,0.054520003
2922,2922,1617809.852338094,5426252.718392287,1.263749992
2923,2923,1613411.42506997,5426252.193586718,1.242285715
2924,2924,1613718.308089025,5426262.126225649,0.567874777
2925,2925,1613855.176315786,5426251.156216641,0.582692304
2926,2926,1613433.811188177,5426242.384309423,1.126346145
2927,2927,1613576.825878027,5426246.900106566,0.882840907
2928,2928,1613690.791785975,5426242.433633391,0.535986733
2929,2929,1617163.053249158,5426234.530170007,-0.329470596
2930,2930,1617260.795497512,5426234.298567526,-0.01078846
2931,2931,1617290.532524361,5426238.441462945,0.051009709
2932,2932,1617332.771658013,5426234.503738611,-0.137059404
2933,2933,1617361.396188059,5426242.160664958,-0.00282536
2934,2934,1613627.61490057,5426238.523568633,0.773898238
2935,2935,1613843.118708752,5426233.765985675,0.529172413
2936,2936,1615742.009821248,5426227.776365196,-0.60511322
2937,2937,1616944.651877519,5426229.284096364,0.131135923
2938,2938,1613460.240806103,5426222.186010773,0.868113323
2939,2939,1614012.688153441,5426211.373391527,0.066607843
2940,2940,1617570.334541291,5426204.168207937,0.043440001
2941,2941,1616633.447286408,5426196.248999178,-0.25826
2942,2942,1617054.488512486,5426195.272648488,0.11659
2943,2943,1617350.923828783,5426194.194044552,0.152867928
2944,2944,1617380.998202037,5426194.122143975,0.133735848
2945,2945,1613937.615220345,5426191.368463511,0.183457143
2946,2946,1616253.339862527,5426187.283109135,-0.910000026
2947,2947,1613552.05358282,5426196.351652531,1.038518133
2948,2948,1617561.396223412,5426173.743339917,0.053352943
2949,2949,1614305.835049401,5426170.912249927,-0.200000005
2950,2950,1617753.644607575,5426163.680109147,0.761509998
2951,2951,1613565.389619536,5426162.155871009,1.117266696
2952,2952,1613745.545256194,5426206.893982265,0.565025437
2953,2953,1617278.051225107,5426158.558473472,-0.110234635
2954,2954,1617690.510774594,5426154.014260052,0.495986756
2955,2955,1617794.058623794,5426153.748055242,1.237666705
2956,2956,1613598.807813505,5426186.264816973,0.946981328
2957,2957,1617756.805982989,5426143.350914088,0.881730767
2958,2958,1617786.415437829,5426143.94275023,1.448163926
2959,2959,1613569.111635784,5426142.204064575,1.061481811
2960,2960,1615004.999373996,5426139.584303216,0.018653847
2961,2961,1617146.690655147,5426135.545513901,0.090470588
2962,2962,1617388.536747478,5426139.051109673,-0.545899998
2963,2963,1617774.795334935,5426133.558833064,1.19508528
2964,2964,1617085.283657685,5426138.754407098,-0.559081665
2965,2965,1617065.333338088,5426115.091033986,-0.709725492
2966,2966,1617132.522077621,5426118.252317786,0.068344681
2967,2967,1617763.537113268,5426113.749408772,1.368183652
2968,2968,1617057.486966767,5426104.727989516,-0.550000016
2969,2969,1614388.704414225,5426100.941557008,-0.582313745
2970,2970,1614726.732901493,5426100.264076553,0.027076924
2971,2971,1616395.339512019,5426117.345705369,-0.910000026
2972,2972,1616866.292116201,5426095.987607071,0.104147059
2973,2973,1613680.744233452,5426134.382931844,0.848482509
2974,2974,1615185.001122175,5426093.561668332,-0.033163463
2975,2975,1617064.959569108,5426085.174565908,-0.037884619
2976,2976,1617113.387298625,5426090.126881393,0.058898735
2977,2977,1613606.750550357,5426083.217722509,1.034523819
2978,2978,1617478.451955561,5426074.218884537,-0.433313708
2979,2979,1617726.561453047,5426073.617611989,0.685923064
2980,2980,1613636.798693729,5426072.065817066,1.109169818
2981,2981,1615164.089959972,5426069.975998709,-0.131271521
2982,2982,1616314.739742447,5426074.726936758,-0.910000026
2983,2983,1616734.404003926,5426065.998758595,0.005941177
2984,2984,1617516.169747758,5426063.22390147,0.107708335
2985,2985,1614353.057387247,5426075.008074579,-0.534110817
2986,2986,1616726.558159152,5426055.635357431,-0.037980001
2987,2987,1616846.516515263,5426059.980767542,0.140705883
2988,2988,1617027.297038621,5426055.345605896,-0.194627458
2989,2989,1617508.476771376,5426053.792641048,0.012235296
2990,2990,1614374.61240993,5426051.636433718,-0.302573335
2991,2991,1616229.22926164,5426047.901360453,-0.910000026
2992,2992,1616997.199908059,5426045.443649375,-0.267480769
2993,2993,1617527.73540688,5426048.65608348,0.137381188
2994,2994,1615851.629160467,5426037.857100667,-0.910000026
2995,2995,1616192.856101957,5426037.104396879,-0.910000026
2996,2996,1616738.339899255,5426036.448909282,-0.057980198
2997,2997,1616858.611603082,5426026.198302642,-0.56731685
2998,2998,1617694.180495714,5426031.913649813,0.715553902
2999,2999,1614267.948410462,5426021.40032071,-0.270622638
3000,3000,1614350.96886466,5426026.102861754,-0.266962814
3001,3001,1614418.316519797,5426021.103386098,-0.17592308
3002,3002,1614288.234178946,5426015.836098103,-0.176113979
3003,3003,1615948.396265276,5426011.393245354,-0.910000026
3004,3004,1616959.514577518,5426005.641942622,0.063509426
3005,3005,1617688.96248542,5426008.683812846,0.729050009
3006,3006,1616929.720269464,5425995.32997399,-0.082925927
3007,3007,1616809.100483688,5425986.046696575,-0.545980395
3008,3008,1617008.736341841,5425990.792158531,0.114876851
3009,3009,1616997.03559505,5425975.22786012,-0.050076929
3010,3010,1614459.407302512,5425976.249631606,-0.051875622
3011,3011,1615057.277638295,5425969.944716937,-0.404392175
3012,3012,1616860.089823433,5425970.100497547,-0.910000026
3013,3013,1616942.358477813,5425968.145256564,0.201026546
3014,3014,1617658.628531723,5425964.086085162,0.686960784
3015,3015,1615039.010097085,5425960.386687762,-0.261000006
3016,3016,1617519.268257643,5425953.665517127,0.131782177
3017,3017,1613520.131864624,5425942.376353228,1.370963377
3018,3018,1615099.115389892,5425940.317112393,-0.16135354
3019,3019,1616237.592441852,5425937.484599378,-0.422692306
3020,3020,1616989.401553627,5425925.792494434,0.158199998
3021,3021,1617016.264746408,5425926.106169785,-0.253356433
3022,3022,1617620.93997669,5425924.287795416,0.647886782
3023,3023,1614999.221206956,5426013.984615779,0.032577214
3024,3024,1615109.802389274,5425919.973451551,-0.063519226
3025,3025,1615327.833170225,5425919.516601514,-0.136372547
3026,3026,1617500.08783061,5425968.269783436,-0.036620032
3027,3027,1614998.354398996,5425910.761137971,-0.229693341
3028,3028,1615031.388561488,5425910.540278611,0.035940594
3029,3029,1616151.595043932,5425917.786526751,-0.276299165
3030,3030,1616750.393560658,5425910.213785293,-0.178358214
3031,3031,1614822.28913349,5425905.289093231,0.066300752
3032,3032,1616670.353608088,5425896.990992206,-0.09134952
3033,3033,1616697.465789944,5425897.081282319,-0.06878146
3034,3034,1617489.846544164,5425895.063850678,0.044617647
3035,3035,1616235.694239261,5425897.984718491,-0.244426303
3036,3036,1616431.682580214,5425915.127779493,-0.526537451
3037,3037,1614997.834698438,5425886.642675647,-0.308010651
3038,3038,1616222.42123765,5425877.274800016,-0.229784309
3039,3039,1616640.234779028,5425877.115160878,-0.053889999
3040,3040,1616721.786883457,5425878.69073467,0.086948455
3041,3041,1614839.901949026,5425882.087995453,0.061593548
3042,3042,1614989.386061025,5425860.388334054,-0.154826945
3043,3043,1615036.903315929,5425862.471576406,-0.104976637
3044,3044,1616132.158705296,5425857.939980045,-0.276000003
3045,3045,1616737.926233006,5425856.94578502,0.075554455
3046,3046,1617628.440101177,5425854.257889774,0.737771435
3047,3047,1614121.558838464,5425852.531634205,0.47093137
3048,3048,1614897.664992579,5425851.270076303,0.066213931
3049,3049,1615151.556424193,5425850.455958345,-0.143427186
3050,3050,1616883.959695544,5425846.258763826,0.284407411
3051,3051,1613620.632072931,5425842.934816502,1.476320014
3052,3052,1615002.297741393,5425845.899689572,-0.103722227
3053,3053,1615042.275909469,5425840.334110348,-0.104057686
3054,3054,1616132.11440505,5425837.995186455,-0.350461533
3055,3055,1616638.243496912,5425839.034830147,0.027953488
3056,3056,1616662.698053209,5425837.173862552,0.105088237
3057,3057,1615156.072071119,5425830.654226452,-0.06675
3058,3058,1613621.298469186,5425824.055090788,1.489258089
3059,3059,1614929.337653291,5425835.792021074,0.051276502
3060,3060,1614981.446707845,5425824.728576301,-0.165333353
3061,3061,1615004.34013557,5425820.467702407,-0.045811321
3062,3062,1616741.044335758,5425816.672235393,-0.348653859
3063,3063,1614141.130970659,5425824.005810867,0.492161799
3064,3064,1614993.570641618,5425800.921625824,-0.396610023
3065,3065,1615011.817110689,5425800.507373936,-0.046411767
3066,3066,1615038.057711822,5425813.420162475,-0.021375537
3067,3067,1616740.998362863,5425796.727439425,-0.522307712
3068,3068,1617063.643406925,5425797.891854276,-0.504363213
3069,3069,1614161.945606635,5425787.573749713,0.550644222
3070,3070,1614673.458774891,5425781.253979079,0.198098043
3071,3071,1615004.257728099,5425780.578116073,-0.115096153
3072,3072,1615012.05789541,5425770.180532114,-0.008365386
3073,3073,1616860.882051004,5425770.746380731,0.095471154
3074,3074,1614177.343563225,5425747.131323896,0.596121736
3075,3075,1616816.018533604,5425726.746964106,0.059150942
3076,3076,1617613.125498628,5425739.611798972,0.738968742
3077,3077,1614184.661658684,5425722.390463376,0.664392139
3078,3078,1616840.162105195,5425717.622837209,0.065869376
3079,3079,1616612.96119242,5425697.296928152,-0.104425922
3080,3080,1616715.004287126,5425697.439353607,-0.036689317
3081,3081,1615258.066544475,5425696.147749462,-0.248160615
3082,3082,1614568.30799387,5425681.741284863,0.554215684
3083,3083,1617378.139032702,5425681.411791028,-0.092633332
3084,3084,1617613.244698256,5425679.776737379,0.807963655
3085,3085,1616745.007616907,5425667.452879997,0.158427185
3086,3086,1614718.304993785,5425651.521533445,0.806115368
3087,3087,1617613.426545418,5425644.898158104,0.740779991
3088,3088,1614177.119693409,5425632.448755221,1.036724988
3089,3089,1614726.086037757,5425631.560880457,0.700444429
3090,3090,1615196.206755754,5425630.968965237,-0.665725516
3091,3091,1614188.377214617,5425622.454331039,1.067199957
3092,3092,1614235.681867087,5425629.373617374,1.033045218
3093,3093,1614718.243534422,5425621.195312507,0.801615401
3094,3094,1616665.066815676,5425621.611550978,-0.653740396
3095,3095,1614425.188530494,5425619.248000163,0.901876407
3096,3096,1614467.017012464,5425614.731893753,0.971961725
3097,3097,1614778.368012747,5425611.509799549,0.82775472
3098,3098,1616914.822466825,5425607.37719943,-0.10488
3099,3099,1614308.625110977,5425601.926189705,1.152816533
3100,3100,1616441.895596534,5425617.702104573,-0.910000026
3101,3101,1616932.000393196,5425596.049991051,-0.124078432
3102,3102,1617590.901109785,5425601.877444326,0.551815351
3103,3103,1614352.460927471,5425591.811000381,1.15585585
3104,3104,1614483.405922763,5425596.127787871,1.193333348
3105,3105,1614527.655289962,5425595.753772308,1.275414604
3106,3106,1615412.468127957,5425596.525117342,-0.223018178
3107,3107,1614468.679613178,5425585.120845359,1.232590952
3108,3108,1614348.448936879,5425905.617205545,0.22869068
3109,3109,1614598.179757865,5425581.956910726,0.958576915
3110,3110,1614579.212721102,5425571.818048479,1.03122665
3111,3111,1614629.949956528,5425615.154638091,0.887177947
3112,3112,1614699.897403995,5425572.155854682,1.228010032
3113,3113,1614628.059248541,5425561.747395774,1.148724984
3114,3114,1616524.463067093,5425560.173091345,-0.910000026
3115,3115,1614620.521241483,5425551.790134701,1.146971401
3116,3116,1614667.252691912,5425552.445840794,1.178742865
3117,3117,1614747.716907552,5425580.331906044,0.986343344
3118,3118,1614854.890663232,5425573.914815399,0.681852941
3119,3119,1614639.295939781,5425541.779869379,1.139160014
3120,3120,1614808.448914433,5425541.436923996,1.001000006
3121,3121,1615094.723649379,5425561.337784777,0.155234785
3122,3122,1614790.058293867,5425530.836476425,1.105679573
3123,3123,1614909.495774151,5425531.92320957,0.705721166
3124,3124,1616463.929067855,5425557.68414544,-0.910000026
3125,3125,1614898.470770412,5425521.103403769,0.741843149
3126,3126,1614988.347475306,5425525.541108429,0.751813735
3127,3127,1616458.585084823,5425517.939763729,-0.910000026
3128,3128,1614928.522668362,5425511.478273006,0.726313735
3129,3129,1615075.376088689,5425518.371817069,0.388637397
3130,3130,1614858.484938873,5425510.161581315,0.801711823
3131,3131,1614910.256447113,5425501.91991663,0.805126212
3132,3132,1614955.363663658,5425501.827165334,0.68086138
3133,3133,1615048.788073755,5425501.257610262,0.524653845
3134,3134,1615059.797845893,5425490.476750655,0.544650488
3135,3135,1616985.199202889,5425493.52953901,-0.429765712
3136,3136,1615018.825150738,5425480.443079743,0.70288
3137,3137,1614915.351527289,5425471.870863159,0.877298393
3138,3138,1615029.685136311,5425470.59424533,0.718207922
3139,3139,1614981.044120015,5425461.098872055,0.891660377
3140,3140,1614999.555995616,5425467.798865902,0.814381498
3141,3141,1615036.930024127,5425452.218504729,0.760918608
3142,3142,1617044.506111429,5425452.075651891,-0.508990097
3143,3143,1616680.177942881,5425436.927379447,-0.910000026
3144,3144,1615033.607824718,5425431.481939076,0.974730772
3145,3145,1616800.393647898,5425406.732888829,-0.910000026
3146,3146,1616826.706745446,5425407.05177493,-0.910000026
3147,3147,1615010.846514152,5425404.732390829,1.122948742
3148,3148,1615108.885224192,5425406.190081364,0.742413646
3149,3149,1615964.245439074,5425390.271392126,-0.336128712
3150,3150,1615065.402495426,5425398.022573008,1.044362264
3151,3151,1616776.233745742,5425387.324068543,-0.910000026
3152,3152,1617631.812551532,5425385.351191754,1.152862536
3153,3153,1615957.225789824,5425366.68199662,-0.389262629
3154,3154,1616664.809660385,5425358.114679133,-0.432849065
3155,3155,1615221.688974401,5425351.310568325,0.682313726
3156,3156,1617559.082952236,5425346.805452462,0.950005979
3157,3157,1617604.659106656,5425348.459909127,1.066459795
3158,3158,1617622.852868549,5425350.853047751,1.032432726
3159,3159,1615213.846061086,5425340.945529959,0.788470576
3160,3160,1615950.194612604,5425343.044537417,-0.347913436
3161,3161,1617473.466283104,5425336.645551346,0.646617659
3162,3162,1616030.824066279,5425332.692235382,-0.575813548
3163,3163,1617521.897435237,5425320.989087302,1.054875005
3164,3164,1617591.637253159,5425323.053890785,1.215190968
3165,3165,1615199.386596071,5425312.155664022,1.203239876
3166,3166,1615287.458399376,5425301.975633866,1.004421558
3167,3167,1617508.046059095,5425300.351024076,0.993213896
3168,3168,1617454.003100673,5425286.45347612,0.668192295
3169,3169,1617563.160312834,5425285.985761842,1.264499994
3170,3170,1615703.332537878,5425288.931345021,-0.116993866
3171,3171,1615315.350505783,5425276.115761018,1.12120001
3172,3172,1615336.80557656,5425307.667668261,0.840937447
3173,3173,1615785.019019464,5425260.35584259,-0.22267925
3174,3174,1615442.799083852,5425270.439891024,0.725574621
3175,3175,1615406.349491811,5425241.019681626,0.843795281
3176,3176,1615484.271621375,5425241.058464049,0.633830189
3177,3177,1615751.716059858,5425259.125317683,-0.16692685
3178,3178,1615777.45806308,5425240.427368496,-0.20388235
3179,3179,1615334.060364332,5425236.186480129,1.12653748
3180,3180,1615368.379897434,5425249.134337951,0.975715329
3181,3181,1616048.047630328,5425219.889499326,-0.386150945
3182,3182,1616067.390572192,5425220.223286914,-0.372564357
3183,3183,1617484.652586642,5425244.235919534,1.084237583
3184,3184,1616126.800085668,5425214.832677627,-0.510432826
3185,3185,1617416.22348744,5425206.764465905,0.632423075
3186,3186,1616064.363698505,5425190.465185971,-0.34971523
3187,3187,1617187.439403258,5425187.741218022,-0.216352942
3188,3188,1617416.17565115,5425186.819649604,0.638392152
3189,3189,1616078.332168085,5425179.523657564,-0.361920004
3190,3190,1617378.516297807,5425156.992478648,0.513576923
3191,3191,1616067.236111811,5425150.416437181,-0.311445542
3192,3192,1617438.758039897,5425135.971448755,0.842434783
3193,3193,1616716.905710517,5425128.628368791,-0.505679253
3194,3194,1616290.176590925,5425130.887059253,-0.399639407
3195,3195,1617190.483872266,5425117.550197989,-0.134461538
3196,3196,1617426.62725033,5425115.195630307,0.866991321
3197,3197,1617480.739024299,5425135.515649001,1.01706623
3198,3198,1615357.460432882,5425106.275250671,1.135906385
3199,3199,1616078.134343828,5425090.181010971,-0.339358496
3200,3200,1616295.999306634,5425094.477050379,-0.387779857
3201,3201,1616608.370710407,5425085.530328228,-0.328258621
3202,3202,1617438.936293302,5425083.510624439,0.913112156
3203,3203,1617461.168398789,5425076.809950044,0.938725006
3204,3204,1616065.310783066,5425072.134308662,-0.246273468
3205,3205,1616585.795601949,5425075.609467158,-0.254247129
3206,3206,1616026.489812988,5425060.906939013,-0.177266666
3207,3207,1616971.049830371,5425053.979001336,-0.264460319
3208,3208,1617498.683486137,5425046.802235219,1.563285725
3209,3209,1616991.586369409,5425018.670263411,-0.262578428
3210,3210,1615558.617705252,5425015.746745565,0.895666657
3211,3211,1616004.212959168,5425017.148031304,-0.085829876
3212,3212,1615463.611987098,5425001.969755895,1.023818807
3213,3213,1616569.859168126,5425004.413517539,-0.209138616
3214,3214,1617348.956167924,5425003.830619751,0.51420922
3215,3215,1617495.98994539,5425011.629661401,0.888245163
3216,3216,1615611.838256319,5424991.47397918,0.772346153
3217,3217,1615537.687063486,5424982.189707188,0.997166669
3218,3218,1615563.199664537,5424981.982499366,1.147549002
3219,3219,1615689.452321459,5424995.467492949,0.874096034
3220,3220,1617473.427653608,5424984.968016256,0.838895523
3221,3221,1615701.827944097,5424960.430894339,1.01932001
3222,3222,1616084.407639309,5425007.423701788,-0.161001517
3223,3223,1617455.455762602,5424964.373713748,0.855072927
3224,3224,1615731.72588387,5424951.325392397,0.94492307
3225,3225,1615664.199929937,5424941.294413042,1.077900021
3226,3226,1617432.855915226,5424944.483070067,0.757654827
3227,3227,1615701.996750841,5424916.28162877,1.12872547
3228,3228,1617407.177920497,5424918.69423514,0.756549841
3229,3229,1617385.564226212,5424897.486928741,0.694242425
3230,3230,1617364.233552377,5424884.241339043,0.541628886
3231,3231,1615803.526791696,5424867.932552239,0.9139883
3232,3232,1616557.219256709,5424874.045987954,-0.242259999
3233,3233,1615829.373795448,5424846.197835335,0.871278261
3234,3234,1617329.002460941,5424852.656626509,0.503728317
3235,3235,1615754.169406745,5424831.402718241,1.200400008
3236,3236,1615794.901633299,5424835.86545117,1.164103616
3237,3237,1615866.754012012,5424821.389611096,0.768352922
3238,3238,1617166.886574031,5424822.645634815,0.51716191
3239,3239,1617185.857764293,5424823.477238553,0.4440099
3240,3240,1615994.523893553,5424811.136808286,1.130568617
3241,3241,1616131.091774171,5424833.568099331,0.16845109
3242,3242,1616107.237007895,5424790.94271106,0.306622639
3243,3243,1617221.120407084,5424788.915295335,0.513059607
3244,3244,1615806.691953002,5424786.412497986,1.107857128
3245,3245,1616295.120666167,5424770.578540492,-0.068611113
3246,3246,1617135.556423529,5424769.309134544,0.540151968
3247,3247,1616126.512360805,5424761.359097287,0.319366344
3248,3248,1615847.959988646,5424751.418917869,1.108720016
3249,3249,1615938.562815021,5424751.801663725,1.740999976
3250,3250,1616918.994857443,5424749.206607765,0.039057693
3251,3251,1617114.43935681,5424748.748534548,0.630134603
3252,3252,1617220.272217866,5424759.929216362,0.729742399
3253,3253,1616144.711816423,5424740.997162877,0.31373077
3254,3254,1617087.833073842,5424739.299696668,0.620330105
3255,3255,1615918.839167107,5424735.737074737,1.519592231
3256,3256,1617197.080173947,5424728.608320303,1.305981136
3257,3257,1616835.89972801,5424723.695990243,0.452144236
3258,3258,1617071.509675829,5424725.947331851,0.612444445
3259,3259,1617149.642170981,5424731.306947433,0.896187788
3260,3260,1615892.975241122,5424711.430673799,1.495562906
3261,3261,1616166.858367811,5424715.244116941,0.314000005
3262,3262,1616256.627002646,5424726.632943129,0.063936735
3263,3263,1617058.542854733,5424708.12020167,0.655242728
3264,3264,1617136.872954627,5424698.833264951,0.899111116
3265,3265,1617167.104150609,5424703.543572883,1.46892498
3266,3266,1617098.329102205,5424692.673552285,0.809247306
3267,3267,1616189.320596205,5424675.304207201,0.353692303
3268,3268,1617107.03674257,5424668.577186282,0.899415092
3269,3269,1616896.002158678,5424662.62756314,0.529612068
3270,3270,1616881.176554179,5424649.160916378,0.680999997
3271,3271,1616241.121064062,5424641.758675264,0.142551948
3272,3272,1616790.950528547,5424639.806702851,0.809096164
3273,3273,1617125.60747792,5424638.820501499,1.169213328
3274,3274,1616180.473008126,5424636.050843329,0.745825196
3275,3275,1616221.029873444,5424630.019721009,0.203815287
3276,3276,1616492.610071611,5424871.061621835,-0.071494323
3277,3277,1617068.541083679,5424637.302548703,0.801814102
3278,3278,1616911.175789883,5424619.582716851,0.643703707
3279,3279,1617106.208514403,5424626.235562613,0.978809761
3280,3280,1616848.617119675,5424670.939838573,0.56588514
3281,3281,1616881.388173815,5424609.679569657,0.689769245
3282,3282,1616647.498707763,5424598.390322863,0.609044868
3283,3283,1617078.721782777,5424596.28824217,0.934469388
3284,3284,1616693.092181165,5424580.197547546,0.857865393
3285,3285,1616724.050430284,5424586.453226432,0.795332155
3286,3286,1616894.39032048,5424586.204631064,0.731132735
3287,3287,1617061.421285754,5424579.341304936,0.867096148
3288,3288,1616092.876814164,5424568.934024301,0.692162177
3289,3289,1616111.057682497,5424571.916584818,0.780254902
3290,3290,1617016.447617728,5424569.269847252,0.867648648
3291,3291,1616084.074940523,5424559.989195425,0.708147055
3292,3292,1616152.132972434,5424561.47628894,0.702673073
3293,3293,1616991.808354732,5424559.355102347,1.343688868
3294,3294,1616138.165858954,5424550.424660525,0.864171063
3295,3295,1616670.472724075,5424550.332111475,0.797038454
3296,3296,1616723.090949854,5424550.211098486,0.937076941
3297,3297,1616764.821627358,5424558.428647001,0.929930298
3298,3298,1616993.82685877,5424539.405437623,1.068974995
3299,3299,1616054.644674628,5424531.862289358,1.171618404
3300,3300,1616892.325788195,5424529.66984213,0.92766667
3301,3301,1616772.032851666,5424519.976269414,1.047553321
3302,3302,1616831.682088964,5424561.586927371,1.010022481
3303,3303,1616682.211333392,5424510.209814838,0.916090075
3304,3304,1616790.801933041,5424509.96041583,1.189100008
3305,3305,1616760.987293764,5424505.043072588,1.040925526
3306,3306,1616783.262031088,5424500.005378596,1.210589022
3307,3307,1616054.258008805,5424491.47709155,1.203999952
3308,3308,1616572.745049922,5424480.544054297,0.728753248
3309,3309,1616072.853895614,5424471.348174945,1.22867327
3310,3310,1616136.558300033,5424496.033864796,0.886856695
3311,3311,1616542.656715904,5424471.367365542,0.753380011
3312,3312,1616392.122651772,5424451.241235309,0.78283019
3313,3313,1616452.408181939,5424450.900351707,0.825428561
3314,3314,1616493.791069298,5424460.624055134,0.815450835
3315,3315,1616106.613917601,5424441.703301813,1.363128599
3316,3316,1616114.108557479,5424431.714202221,1.765125023
3317,3317,1616192.008929142,5424437.94722396,1.020551183
3318,3318,1616373.834651059,5424431.714127843,0.983320386
3319,3319,1616226.837740921,5424421.49063804,0.910770264
