OID,FID_,X,Y,BCE_Tamaki
0,0,1767212.20090312,5920473.37741342,2.207666688
1,1,1767216.166740438,5920489.986486986,0.469375652
2,2,1767219.59914449,5920446.391355822,-0.276644718
3,3,1767225.294775224,5920343.105228551,-0.634774996
4,4,1767209.149564227,5920353.226810224,-0.043537864
5,5,1767208.908979997,5920323.517353108,0.395179486
6,6,1767233.184132051,5920284.289010207,0.478653058
7,7,1767248.969551637,5920264.664959502,0.413340905
8,8,1767342.48425613,5920162.162467511,0.159169492
9,9,1767405.015760046,5920100.538683365,0.066486483
10,10,1767413.11945233,5920090.843156601,0.323246158
11,11,1767421.27218736,5920081.381194707,0.565807693
12,12,1767460.49687483,5920079.252275286,-0.939999962
13,13,1767476.320406287,5920068.970564875,-0.980000019
14,14,1767444.135920956,5920059.694086536,1.856493504
15,15,1767451.936338463,5920049.554468704,-9999.0
16,16,1767490.905203203,5920040.987992592,-0.683892052
17,17,1767468.927386857,5920030.956997132,3.94846155
18,18,1767507.378661352,5920018.507518756,-0.58666666
19,19,1767483.778431123,5920010.017402316,3.718214329
20,20,1767499.038886686,5919998.809547634,1.518481009
21,21,1767519.09913489,5920003.320891578,-0.469314295
22,22,1767507.1599315,5919989.129229683,1.843835634
23,23,1767515.371243712,5919979.863730131,1.454259281
24,24,1767530.5794543,5919968.399106838,1.481472986
25,25,1767554.29820591,5919967.93337572,-0.404148161
26,26,1767538.755709647,5919958.855007726,1.613682539
27,27,1767551.540597709,5919948.515800589,1.427362912
28,28,1767580.879061166,5919927.486341972,0.856212448
29,29,1767609.709506116,5919907.653262719,0.359615382
30,30,1767625.623785233,5919898.047047909,0.181836373
31,31,1767665.230829027,5919896.48225644,-0.66790621
32,32,1767641.572716309,5919888.436900843,0.424274996
33,33,1767694.1236205,5919837.856039508,-0.790935541
34,34,1767680.588303605,5919815.863256808,0.426123074
35,35,1767696.002506601,5919791.565308622,-0.219650644
36,36,1767687.640281538,5919756.262322066,-0.601089269
37,37,1767694.57612758,5919745.917473691,-0.57433333
38,38,1767722.147010309,5919735.106923373,-9999.0
39,39,1767733.964421082,5919724.903516731,-9999.0
40,40,1767710.260787846,5919721.68847459,-0.246472008
41,41,1767718.042417041,5919705.794624014,-0.105661774
42,42,1767741.58113461,5919704.812441964,-0.797405381
43,43,1767733.62650077,5919681.892103577,0.639592
44,44,1767757.108941995,5919679.580349653,-0.951000035
45,45,1767741.576400056,5919665.69878144,0.81251613
46,46,1767748.977528322,5919655.265048926,0.028356166
47,47,1767757.075446367,5919645.694371223,0.145966677
48,48,1767765.254315406,5919636.462237663,0.320884821
49,49,1767780.248984142,5919624.52485822,0.3015946
50,50,1767811.637014146,5919614.030107901,-0.715125824
51,51,1767796.148356272,5919600.786388723,2.459379314
52,52,1767803.856114916,5919584.484250289,2.795375028
53,53,1767811.347799508,5919569.59454852,2.304025217
54,54,1767828.228561535,5919556.457640636,0.146873542
55,55,1767837.768171827,5919503.507905556,-0.668481016
56,56,1767826.811862752,5919494.021930794,-0.26652631
57,57,1767841.379884085,5919483.495846686,-0.163377042
58,58,1767824.666018073,5919393.596358921,3.08489128
59,59,1767846.110372055,5919400.263347205,-0.722638502
60,60,1767831.402375537,5919367.371312464,-0.762210097
61,61,1767805.197939419,5919265.037599491,-0.071194809
62,62,1767818.533077754,5919272.904347251,-0.670682101
63,63,1767812.807070001,5919244.940399855,0.395051282
64,64,1767828.458173004,5919234.488562892,-0.588782065
65,65,1767820.62606852,5919220.602477832,0.654949589
66,66,1767844.083034235,5919214.240011867,-0.48503332
67,67,1767843.493410328,5919184.340043715,-0.402567896
68,68,1767834.108845746,5919114.732057949,0.161600006
69,69,1767849.733258305,5919094.483162508,0.20323077
70,70,1767881.76861505,5919093.850732364,-0.681025022
71,71,1767857.545504074,5919084.358636861,0.941640008
72,72,1767873.366618709,5919074.075907028,0.096187492
73,73,1767727.124184632,5918767.874943427,0.220618751
74,74,1767650.650935542,5918749.440791018,0.531549999
75,75,1767706.710186542,5918748.336302547,0.260552298
76,76,1767641.306879428,5918690.003331487,0.42123636
77,77,1767630.204133366,5918677.630343553,0.495069884
78,78,1767590.470143548,5918541.246462477,0.998765432
79,79,1767608.028165703,5918547.036286744,0.446941177
80,80,1767612.113951463,5918486.095828977,0.463183852
81,81,1767582.671588992,5918452.835246023,1.197826085
82,82,1767602.359195447,5918429.652536566,4.106862692
83,83,1767620.107113903,5918411.247714191,3.876818161
84,84,1767632.268371654,5918401.100001424,1.993086412
85,85,1767643.769818835,5918377.039427472,3.803125001
86,86,1767682.653649364,5918300.979798864,1.27644067
87,87,1767690.17205919,5918290.579638925,1.172714281
88,88,1767677.423213357,5918385.395546908,0.579590482
89,89,1767713.118767661,5918259.676952518,0.623999995
90,90,1767734.90993366,5918261.181225938,0.326857148
91,91,1767721.85523884,5918240.97913411,0.419215687
92,92,1767729.673186118,5918231.236371183,0.396341463
93,93,1767744.517885938,5918219.37577642,0.361486492
94,94,1767767.904449134,5918227.633825445,0.30444175
95,95,1767792.042108744,5918208.45016436,0.309629633
96,96,1767760.7460252,5918200.125993732,0.362363644
97,97,1767810.10335334,5918182.259035792,0.279361704
98,98,1767800.09346897,5918159.694864891,0.326888892
99,99,1767854.596618742,5918107.724189442,0.241142858
100,100,1767897.70635294,5918097.265647616,0.184988342
101,101,1767930.019120452,5918066.524477793,0.176330274
102,102,1767964.661327732,5918005.747003377,0.841506843
103,103,1767852.134642955,5917997.68367169,0.812208321
104,104,1767988.407297822,5917985.535679828,1.061999994
105,105,1768004.038828538,5917974.957048755,1.084649347
106,106,1767836.113228117,5917968.088259249,0.811730763
107,107,1767903.693417387,5917971.740179606,0.845749972
108,108,1767939.275528379,5917956.283438114,0.789090873
109,109,1768028.058035133,5917955.537935272,1.324418171
110,110,1767851.151569659,5917947.850640449,0.967249994
111,111,1768043.7484207,5917944.806127477,1.344531279
112,112,1767946.889798962,5917936.192166234,0.847857133
113,113,1768059.560103789,5917934.618762525,1.281121221
114,114,1768037.687767976,5917990.374482578,0.197477632
115,115,1768075.408819633,5917924.483636606,1.272887095
116,116,1768119.933812001,5917922.6029911,0.250714283
117,117,1768151.480890797,5917922.563802683,0.169296295
118,118,1767828.573679441,5917930.104616494,1.076880732
119,119,1768090.764833335,5917917.99627186,0.932624988
120,120,1767834.349746529,5917908.300148933,1.303625014
121,121,1767848.148292875,5917917.75176663,0.798153822
122,122,1768114.96918816,5917903.628378794,0.853482287
123,123,1768162.926360184,5917898.613347129,0.200406015
124,124,1767987.352857347,5917908.429266978,0.871301921
125,125,1768138.577552911,5917889.087957207,0.933464568
126,126,1768154.403494891,5917878.974697966,0.98681102
127,127,1767837.11790749,5917877.595332881,1.008737867
128,128,1768010.004131962,5917878.764732079,0.863788323
129,129,1767841.374379665,5917858.30915889,1.310250007
130,130,1768237.752280691,5917850.480616428,0.19750633
131,131,1768197.2666182,5917864.849500154,0.603065785
132,132,1768277.396224037,5917829.755599648,0.196447207
133,133,1767928.087589045,5917816.716171801,0.700624992
134,134,1768317.039980845,5917809.030389894,0.189662501
135,135,1767852.518377641,5917822.851027826,-9999.0
136,136,1768117.05857699,5917811.781772044,1.130012157
137,137,1768360.687342647,5917788.225754975,0.219933335
138,138,1767866.081736588,5917798.719890165,0.971500006
139,139,1768120.886566158,5917783.473476386,1.20971875
140,140,1767891.40509885,5917800.760962682,0.851646044
141,141,1768031.997224855,5917775.509661837,0.786777782
142,142,1768128.073590443,5917772.884613506,1.404549994
143,143,1767879.351890692,5917777.281978498,1.222327584
144,144,1767895.936111605,5917758.15537464,0.98030768
145,145,1768050.982865656,5917757.919985072,0.735970226
146,146,1768103.657061999,5917753.426070342,0.775734178
147,147,1767903.955803347,5917748.338023699,0.939818175
148,148,1768111.482029526,5917744.027969597,0.682306115
149,149,1767919.090317692,5917737.129790719,0.784875
150,150,1767926.907018877,5917727.012224693,0.867375004
151,151,1767949.626190203,5917738.154718391,0.777248528
152,152,1768365.633335453,5917776.713297886,1.066305111
153,153,1768515.519060058,5917715.411553023,1.389765811
154,154,1767934.779174563,5917716.962702937,0.971265822
155,155,1767950.530062325,5917706.597763578,0.778999981
156,156,1767982.560032346,5917705.965409632,0.714124987
157,157,1768173.498482406,5917741.974622781,0.801382262
158,158,1767958.340797326,5917696.473076021,0.810512809
159,159,1767998.22057626,5917695.88691551,0.468407409
160,160,1768241.111377558,5917700.920630071,0.390501114
161,161,1767966.151513251,5917686.348380494,1.039999977
162,162,1768272.172768157,5917683.261183807,0.356047874
163,163,1767981.969674613,5917676.065576764,1.006374999
164,164,1768369.229833472,5917662.941301564,0.2452345
165,165,1767997.590992538,5917655.816130493,0.847749994
166,166,1768013.212234158,5917635.566652348,0.721860752
167,167,1768120.996368002,5917663.154784641,0.652504374
168,168,1768062.676712941,5917608.180386768,0.748432734
169,169,1767625.153896086,5917516.901070614,0.404765627
170,170,1767393.124259379,5917438.27166015,1.26237885
171,171,1767391.972544829,5917418.693132387,0.421428572
172,172,1769807.326717588,5917221.062138207,-0.486374991
173,173,1767260.879582373,5917261.54308386,0.342564108
174,174,1769783.106439986,5917211.575116578,-0.768734185
175,175,1769712.129578611,5917133.630531475,0.150434782
176,176,1767248.432906942,5917216.402571686,0.423931215
177,177,1769688.355460091,5917119.742382243,0.291934672
178,178,1769664.816728531,5917104.258989838,-0.312562495
179,179,1769644.600501348,5917094.691587741,0.202499988
180,180,1769652.446672349,5917084.864670489,0.321948049
181,181,1767209.898488172,5917112.988540955,1.162049996
182,182,1767222.827270269,5917096.071512693,0.577015876
183,183,1767193.296969678,5917083.403501943,0.872374993
184,184,1767245.594325489,5917095.3829415,0.839200005
185,185,1767177.10160957,5917074.478374878,0.427490567
186,186,1767265.162913371,5917072.020159886,1.8099178
187,187,1767296.606775915,5917071.401780377,-0.075754719
188,188,1767272.973790158,5917061.896099995,1.98416439
189,189,1767142.961468239,5917062.000027297,0.824807249
190,190,1767288.791755255,5917051.614477575,1.958499996
191,191,1767075.857419823,5917044.280365015,4.510376048
192,192,1767108.80903476,5917044.373888303,0.517933467
193,193,1767320.813819501,5917043.052111682,0.498425593
194,194,1767015.985722518,5917027.791175684,0.815283024
195,195,1767076.456323883,5917026.460796144,0.702485976
196,196,1767304.31523872,5917026.382988465,1.313751594
197,197,1767037.315527255,5917019.096075815,0.712123894
198,198,1767312.027887944,5917011.275681028,0.613774998
199,199,1767328.027224857,5917010.233942864,-0.064735854
200,200,1767016.886263097,5917006.196818592,0.962987807
201,201,1767319.83865027,5917001.151573331,0.396175
202,202,1766953.905842282,5917003.921772812,0.781432925
203,203,1766927.132185141,5916988.903274922,0.897848113
204,204,1767327.453329049,5916981.060848592,0.704245208
205,205,1766916.448853367,5916978.588497574,0.966984116
206,206,1766991.394062139,5916990.622644079,0.99555196
207,207,1766823.218757877,5916971.024404503,1.028490548
208,208,1766903.579643021,5916968.152524617,0.999636348
209,209,1766834.449587265,5916960.83369082,0.975527951
210,210,1767342.682881966,5916940.879188231,0.013874995
211,211,1766856.79116597,5916944.907448436,0.99506133
212,212,1767334.237383305,5916862.977037717,0.264930233
213,213,1769093.588008621,5916776.63381465,-0.684305555
214,214,1769165.49031378,5916775.405247146,-0.946274498
215,215,1769157.245039713,5916755.426394647,1.466962
216,216,1769181.264505344,5916754.94885856,-0.692499991
217,217,1769205.284621277,5916754.470926781,-0.911794896
218,218,1769260.934402825,5916733.422772817,-0.917594956
219,219,1769254.832294361,5916717.480474221,-0.809531919
220,220,1769300.173927213,5916692.759388347,-0.923250009
221,221,1769339.809957859,5916672.029106322,-0.808750008
222,222,1769379.445801941,5916651.298632226,-0.485974015
223,223,1767151.792669479,5916693.621630251,-0.191684528
224,224,1769443.299610082,5916640.056108211,-0.879875003
225,225,1769419.081570001,5916630.567811684,-0.418607591
226,226,1769467.120629843,5916629.610878941,-0.886250002
227,227,1769434.896116193,5916620.282100588,0.478124994
228,228,1769458.668093098,5916609.896154866,-0.152948717
229,229,1767138.084522798,5916660.242782599,-0.194294825
230,230,1768845.86924159,5916402.673381255,-0.179249995
231,231,1768837.665129297,5916392.865474182,-0.247500003
232,232,1768829.362206991,5916378.074569458,-0.267062502
233,233,1766641.432156899,5916296.320559737,4.796559316
234,234,1768767.121100547,5916253.007754499,-0.353064772
235,235,1766568.742294115,5916187.541329617,0.914072214
236,236,1768625.140814036,5916140.892746587,-0.168427095
237,237,1768501.523103383,5916050.766302653,0.121237112
238,238,1768461.803650697,5916032.886378148,0.092531293
239,239,1768417.037618745,5916007.692660544,0.208611897
240,240,1768346.672133758,5915980.233839297,0.222713181
241,241,1768296.370879663,5915954.920604732,0.2660625
242,242,1768259.147013278,5915895.106791802,0.584901955
243,243,1766438.043666699,5915737.252850782,0.0475625
244,244,1768221.77364343,5915627.728093538,0.811632648
245,245,1768236.997900419,5915608.174494371,0.921595737
246,246,1767580.891222409,5915587.952348108,0.517735843
247,247,1767563.788082492,5915560.598064273,0.961124988
248,248,1767627.674134245,5915559.540200817,0.434629626
249,249,1767579.60252871,5915550.316141253,0.860499983
250,250,1766434.62931198,5915562.837140633,0.335000002
251,251,1767595.417007851,5915540.033630182,0.856249977
252,252,1767671.902325102,5915539.11001195,0.403240743
253,253,1768274.766743506,5915554.537270794,1.037992453
254,254,1767611.231483489,5915529.751497587,0.906374978
255,255,1767627.202488842,5915519.721807881,1.060921044
256,256,1768304.131338727,5915509.071874983,0.557989419
257,257,1768408.4542189,5915508.062370594,0.814201468
258,258,1767650.886634739,5915509.056550625,0.890749982
259,259,1767915.895757736,5915505.421325987,0.35744726
260,260,1767669.682546992,5915505.819196474,0.695708157
261,261,1767682.690505356,5915498.430983774,1.166075949
262,262,1767818.656548881,5915497.783309307,0.402799998
263,263,1768011.385727388,5915494.654607086,0.472777767
264,264,1768811.266561152,5915487.023331935,1.133627439
265,265,1767939.688180232,5915529.992881853,0.272581446
266,266,1768174.176403029,5915490.686236206,0.94559945
267,267,1768401.93154869,5915492.418404614,0.526955819
268,268,1768810.900267796,5915456.363928163,0.974909063
269,269,1768837.232048803,5915460.690218294,0.940243914
270,270,1766456.900594027,5915487.622532899,0.334396553
271,271,1768254.485444078,5915457.222301621,1.069740556
272,272,1768852.776617105,5915435.343785221,-9999.0
273,273,1768282.109731188,5915436.734454121,1.227750002
274,274,1768298.111636389,5915431.805000575,1.224934232
275,275,1768401.992808245,5915424.390041751,0.753500016
276,276,1768786.250138059,5915416.769786186,1.12124998
277,277,1768344.526266248,5915437.723697382,0.884294451
278,278,1768417.806081451,5915414.106227954,0.683124999
279,279,1768554.31904913,5915430.057359726,0.864836379
280,280,1768585.819617144,5915405.790861455,0.787062502
281,281,1768472.864786003,5915393.074180147,0.093272724
282,282,1768425.416523286,5915394.014341205,0.944750006
283,283,1768444.850583395,5915417.299654717,0.179690987
284,284,1768729.435775765,5915378.742266497,0.799215685
285,285,1768432.443205859,5915373.933994019,0.750784308
286,286,1768604.015802769,5915378.443736144,0.741909712
287,287,1768977.239295269,5915355.572909331,2.279999971
288,288,1768616.96586099,5915361.032596447,0.635416669
289,289,1768504.778396361,5915357.544650081,0.826980129
290,290,1768600.387936664,5915340.894448683,0.600909091
291,291,1768620.992464734,5915340.868768598,0.414299063
292,292,1768725.061203664,5915338.803948317,0.730092585
293,293,1768416.226518482,5915334.37302125,1.059499985
294,294,1768428.595395404,5915350.899767535,0.893091396
295,295,1768549.345740921,5915338.935750279,0.809419081
296,296,1768687.10013542,5915329.911257653,0.654390241
297,297,1768760.255553967,5915317.579990607,0.864124992
298,298,1768415.831623589,5915314.439718232,1.085063288
299,299,1768651.869295982,5915320.422132931,0.718722628
300,300,1768767.479245671,5915307.466000343,0.873461528
301,301,1768422.619984804,5915304.862065188,1.375094351
302,302,1768407.547931804,5915300.18003931,1.670322573
303,303,1768614.591142463,5915308.245204519,0.853834804
304,304,1768760.042358576,5915292.657757221,1.194358983
305,305,1768767.469377113,5915277.554438912,0.949358963
306,306,1768775.276737213,5915267.428853128,0.950759502
307,307,1766437.65926002,5915308.531770946,0.238734179
308,308,1768783.084078226,5915257.303259373,0.96112499
309,309,1768811.678681524,5915263.453942133,1.024043724
310,310,1768922.177915317,5915311.8010752,1.540890579
311,311,1768790.891400149,5915247.177657647,1.229500017
312,312,1768826.481073231,5915245.886718394,1.078703718
313,313,1768798.698702987,5915237.05204795,1.134125002
314,314,1768806.684738144,5915227.206620553,1.135333331
315,315,1768822.513811975,5915222.849063383,1.24739439
316,316,1767530.553798186,5915230.565747957,0.302727287
317,317,1766429.244854993,5915234.116897239,2.191052623
318,318,1766437.417735247,5915253.167496297,0.506105074
319,319,1767542.966972049,5915192.369007383,0.350429048
320,320,1767553.932080396,5915172.045867584,0.333589741
321,321,1766443.225121249,5915183.792156002,0.175749998
322,322,1766458.263522479,5915133.650029257,0.343250005
323,323,1767474.490761624,5915093.01720639,0.115799998
324,324,1767513.486718419,5915124.903510477,0.247384884
325,325,1767457.678952815,5915044.424136962,0.250363642
326,326,1767377.425009368,5915035.631785467,0.010357142
327,327,1766488.44735442,5915039.477450908,0.021304964
328,328,1767369.221155023,5915018.896097655,0.166470589
329,329,1766480.127318693,5915023.54234271,0.465354431
330,330,1766496.294695036,5915023.0245611,-0.11069643
331,331,1767418.515977981,5915028.189260131,0.23975026
332,332,1766487.742056725,5915003.45214043,0.209278481
333,333,1766502.385066352,5914933.372482465,-0.106304165
334,334,1766492.23264071,5914823.896578503,0.102810475
335,335,1766490.868064801,5914784.041488821,0.252654544
336,336,1766487.058950719,5914764.17520226,0.351754911
337,337,1766474.85477651,5914724.532450528,0.396274516
338,338,1767338.938143005,5914707.765431732,-0.059629626
339,339,1766462.307315709,5914705.421508319,0.388880738
340,340,1766457.28395935,5914645.112994608,0.283611112
341,341,1766446.163163467,5914545.630311769,0.566839991
342,342,1767367.022220607,5914516.873204515,0.102499994
343,343,1766469.921833042,5914529.640557748,0.289396394
344,344,1767350.699157896,5914508.123739308,0.165357141
345,345,1766470.141878122,5914505.476077198,0.254259263
346,346,1766461.776890482,5914495.468110243,0.308333333
347,347,1766476.85395819,5914445.371004029,0.419455695
348,348,1767299.106689413,5914448.264479796,0.109636363
349,349,1767245.033776728,5914420.267696557,-0.072719665
350,350,1766500.274436129,5914425.12217149,0.121740744
351,351,1767222.953592627,5914407.029157649,-0.122340425
352,352,1766516.050192047,5914404.670950133,0.025675
353,353,1766401.647705015,5914287.266298514,0.705599994
354,354,1766126.971389403,5914163.02453235,2.492111121
355,355,1766019.534511355,5914162.631022611,0.175658335
356,356,1766102.764287931,5914153.526960053,1.907292317
357,357,1766118.772591563,5914153.2141583,0.325000025
358,358,1766110.379059571,5914133.437351151,-9999.0
359,359,1764428.948736266,5914136.227626365,-0.018000001
360,360,1765933.511101884,5914097.011063424,0.286795454
361,361,1767117.573846604,5914046.635666304,0.162795699
362,362,1767064.069220342,5914002.457496961,0.221939204
363,363,1766958.607821437,5913993.290947387,-0.129426225
364,364,1767025.769599121,5913985.857236145,0.299057188
365,365,1765259.637231184,5914000.989339598,-0.559968039
366,366,1766871.831799866,5913968.961786834,-0.297812499
367,367,1764316.634740148,5914004.908081322,0.442857142
368,368,1764330.482693186,5914009.153364515,0.384117655
369,369,1766851.626257371,5913959.388075856,-0.294000002
370,370,1765198.624026318,5913981.71412868,-0.560000002
371,371,1765226.637953576,5913981.169697106,-0.412149992
372,372,1765254.651978429,5913983.039349448,-0.560433959
373,373,1765274.929955778,5913981.27107247,-0.605379355
374,374,1766831.420762384,5913949.814312628,-0.257701863
375,375,1765186.424671299,5913971.981072472,-0.582375002
376,376,1765158.217128036,5913962.558827051,-0.627784814
377,377,1765138.013962522,5913952.981353316,-0.616599998
378,378,1765677.95990475,5913937.88728766,-9999.0
379,379,1764328.614524342,5913976.440515605,0.284650794
380,380,1765129.77621893,5913945.602852995,-0.719441196
381,381,1765306.023764232,5913939.871046261,3.998916658
382,382,1765073.402095303,5913924.325718277,-0.618
383,383,1765313.633232004,5913949.867044975,3.96188369
384,384,1764288.833943007,5913929.560854939,0.117692308
385,385,1765313.96397074,5913915.943248084,2.281361101
386,386,1765337.237859256,5913904.240562623,-9999.0
387,387,1764313.125036865,5913921.301005008,0.220645162
388,388,1764328.4675297,5913908.853819272,0.253950617
389,389,1764281.842930767,5913912.108267481,0.530327453
390,390,1764344.282435078,5913898.57759808,0.246000003
391,391,1765329.313068868,5913885.795224446,0.499250035
392,392,1764352.093400192,5913888.45611391,0.297820517
393,393,1764375.912019949,5913878.024877467,0.177875
394,394,1765804.586553517,5913850.267026003,-9999.0
395,395,1764391.726622256,5913867.748882221,0.129999999
396,396,1765348.09825911,5913871.715929126,1.601750033
397,397,1765368.00159702,5913853.789850743,-9999.0
398,398,1765588.340438005,5913845.958263053,-0.758351378
399,399,1766160.560420365,5913833.343283975,-0.267325005
400,400,1764399.537550538,5913857.627429825,0.159624998
401,401,1765359.988661564,5913838.990163874,-9999.0
402,402,1765773.568936271,5913834.275966225,0.568801963
403,403,1764306.74017825,5913865.283667688,0.823735633
404,404,1765383.648346177,5913828.760602937,-9999.0
405,405,1765752.076051201,5913826.365204629,-0.909666717
406,406,1765808.84162756,5913832.007953997,1.04193722
407,407,1765855.799481496,5913824.756905336,-0.205549686
408,408,1764405.023628459,5913842.050849583,0.252891
409,409,1764983.424907598,5913826.368907676,-0.426625002
410,410,1765368.774697158,5913820.31479799,0.173272767
411,411,1765735.776888049,5913811.727780933,-9999.0
412,412,1765840.037597247,5913809.965517651,1.785441566
413,413,1766153.533107599,5913811.297811884,1.743328115
414,414,1764324.855729379,5913836.379152377,0.852788457
415,415,1765376.597869438,5913810.208807668,-0.35615381
416,416,1764345.002796645,5913821.553294958,0.999757294
417,417,1764436.652819955,5913821.498141126,0.33325581
418,418,1764943.019238265,5913807.213006067,-0.487750003
419,419,1765735.178620872,5913792.082582369,-0.167184633
420,420,1766183.758282583,5913805.481922791,0.209022988
421,421,1766215.598011963,5913781.687444746,0.510811315
422,422,1766267.629765962,5913781.045567359,0.084960194
423,423,1764406.577088408,5913807.639563001,0.726543212
424,424,1765384.471031597,5913799.950091046,-9999.0
425,425,1765992.214643721,5913815.530828453,0.352854678
426,426,1765919.121591426,5913778.439878935,0.706290929
427,427,1766234.401187971,5913776.200745059,0.753246079
428,428,1764414.387939316,5913797.518093568,1.014430376
429,429,1764462.552150753,5913805.1046696,0.18489305
430,430,1764894.60997854,5913788.211565632,-0.477375006
431,431,1765393.746867717,5913780.678209137,-9999.0
432,432,1765726.373345961,5913772.496640193,0.37975759
433,433,1766255.691952427,5913763.530541072,1.856750008
434,434,1766295.101771922,5913761.119298027,0.051141111
435,435,1764430.298892998,5913792.225037613,0.696937499
436,436,1764482.226365201,5913786.234555477,0.173812499
437,437,1764838.39060782,5913779.332473547,-0.486125007
438,438,1765542.716015517,5913765.639610767,-9999.0
439,439,1766271.700528734,5913753.058160535,1.148255332
440,440,1764446.01693659,5913776.96534248,0.574249993
441,441,1764802.180566138,5913770.064696326,-0.360156246
442,442,1765406.458932822,5913758.322806205,0.411666701
443,443,1765503.21891628,5913755.613936715,2.017888908
444,444,1765699.267650189,5913762.216286547,-0.313999951
445,445,1766287.365018499,5913742.097658734,1.006370971
446,446,1766318.3004495,5913745.370819833,0.200020903
447,447,1764461.831378922,5913766.688920608,0.476875
448,448,1764773.974490147,5913760.641421019,-0.191875002
449,449,1765415.512098659,5913782.461068681,-9999.0
450,450,1765446.283318367,5913747.577054932,-9999.0
451,451,1766302.98452298,5913731.335507514,0.75913698
452,452,1766616.118739454,5913757.038970194,0.29200816
453,453,1764477.645783718,5913756.412467851,0.497999996
454,454,1764765.777799031,5913750.829816069,-0.036625003
455,455,1765524.459086586,5913746.386830763,-9999.0
456,456,1766311.293693739,5913722.925484582,0.921883705
457,457,1764485.456495688,5913746.290598185,0.653086421
458,458,1765920.118629961,5913728.895286639,1.285491339
459,459,1766326.66067914,5913717.075964388,0.504648442
460,460,1766365.733589445,5913709.683090832,0.27469091
461,461,1764501.270944362,5913736.014285041,0.450874996
462,462,1764513.550626325,5913756.427760518,0.181964484
463,463,1764681.782347178,5913732.513567388,-0.081983468
464,464,1764728.265161203,5913735.628004315,-0.052806604
465,465,1765426.635246607,5913720.817886035,-9999.0
466,466,1765541.939219724,5913725.772811319,-9999.0
467,467,1766342.575587015,5913701.024095571,0.829677417
468,468,1766394.134816485,5913699.156511966,0.248862497
469,469,1764509.081557838,5913725.892786326,0.512375001
470,470,1764557.10329657,5913724.962944833,0.190458336
471,471,1764616.622759772,5913724.022702744,0.036129032
472,472,1765437.503560471,5913707.866290448,-9999.0
473,473,1765861.113077237,5913699.607784211,0.699120006
474,474,1766358.153137497,5913695.320078306,0.710222227
475,475,1764524.895919554,5913715.616186431,0.448375007
476,476,1764576.919231547,5913714.608607175,0.188301888
477,477,1764644.877212039,5913717.934403616,0.234285712
478,478,1765417.315741884,5913703.044553416,-9999.0
479,479,1765564.7839086,5913695.416783335,-9999.0
480,480,1766374.073340073,5913680.559874104,1.205647058
481,481,1764540.806542838,5913710.32288231,0.422249994
482,482,1765423.373095918,5913689.064576669,-9999.0
483,483,1765445.119128855,5913687.776898589,-9999.0
484,484,1765933.182640977,5913678.460987598,1.203821419
485,485,1766533.598717494,5913665.785756182,0.561096158
486,486,1764564.670281773,5913697.0214225,0.62425532
487,487,1766413.46074627,5913663.881356381,0.611365456
488,488,1765940.857245306,5913653.18380065,0.999525003
489,489,1766453.323351536,5913644.939046301,0.599423071
490,490,1766469.415969392,5913628.56769223,1.616492289
491,491,1765601.452555848,5913664.271429081,-0.117141986
492,492,1765948.47152855,5913633.094220415,0.919006207
493,493,1765429.886904245,5913627.846207053,0.196307666
494,494,1765444.148804785,5913637.944212593,-9999.0
495,495,1765956.08577258,5913613.004631523,0.871687493
496,496,1766484.224074313,5913597.687103534,0.95982498
497,497,1765427.365189613,5913598.389405902,-9999.0
498,498,1765963.699977605,5913592.915033974,0.966224996
499,499,1766484.417863182,5913577.928660394,0.933428536
500,500,1765971.425686679,5913578.535474085,1.015000005
501,501,1766035.491663405,5913576.486159016,1.273291179
502,502,1766051.461084547,5913576.971642639,1.277999947
503,503,1765987.238052809,5913568.25613537,1.078269233
504,504,1766493.207827165,5913562.658141569,0.931062791
505,505,1765866.792267713,5913564.89613933,0.655221249
506,506,1766002.87858291,5913557.454337248,1.128333345
507,507,1766069.525742291,5913559.0974932,2.033854761
508,508,1766498.671064312,5913547.551658511,0.883018865
509,509,1766509.914754563,5913628.549595236,0.615195986
510,510,1765935.050424726,5913539.221426487,0.898899086
511,511,1766530.892304279,5913527.706235965,0.942037042
512,512,1765954.236357582,5913518.321621455,1.393749975
513,513,1766554.340238475,5913506.779873668,0.900545448
514,514,1765970.048625428,5913508.042310653,0.98375001
515,515,1766466.641003954,5913497.865743358,3.43971429
516,516,1765977.273806317,5913497.930726245,1.105599992
517,517,1766458.564624246,5913487.910805206,1.195322562
518,518,1766504.20422998,5913497.384800527,1.058066986
519,519,1766529.997346367,5913478.189495839,1.093225827
520,520,1766570.060318148,5913483.590228355,1.019784961
521,521,1765872.977999704,5913484.447203685,0.94225224
522,522,1765905.436981549,5913479.392943182,1.036419749
523,523,1766451.200430152,5913472.120612632,1.410403572
524,524,1766545.797544273,5913466.962177161,1.376329078
525,525,1766591.434374729,5913462.092075707,1.651885225
526,526,1766067.211385857,5913468.489166074,1.22098041
527,527,1766553.83284476,5913452.95341034,1.11619404
528,528,1766088.931697909,5913445.896449665,1.154875028
529,529,1766561.500174575,5913437.066477828,1.262222202
530,530,1765409.839360627,5913494.454284022,-9999.0
531,531,1765866.461271108,5913452.521616129,1.090263167
532,532,1766096.897861119,5913435.569040372,1.187407412
533,533,1765401.995895217,5913439.268489368,-9999.0
534,534,1765881.129657037,5913428.142231566,1.150498082
535,535,1765980.412505529,5913423.108512948,1.347999995
536,536,1765407.96256346,5913424.285159689,-9999.0
537,537,1765896.100295906,5913411.32036402,1.233777772
538,538,1765165.826707621,5913324.306811794,1.612274982
539,539,1765141.631908115,5913314.795179496,0.546025
540,540,1765407.886584525,5913306.874733621,-9999.0
541,541,1765117.393922685,5913295.115154129,-0.535220763
542,542,1765133.246557461,5913295.755997687,-0.568905663
543,543,1765109.1003678,5913285.434997434,-0.50618421
544,544,1765172.904795822,5913298.209062731,-0.311492509
545,545,1765691.686812329,5913263.065605098,0.356071424
546,546,1765100.74032194,5913270.720927233,0.427937504
547,547,1765124.829368461,5913267.708313621,5.43343998
548,548,1765077.201733622,5913255.114896534,-0.363888872
549,549,1765692.668200312,5913243.527936531,0.26773585
550,550,1765060.454062271,5913236.056121606,0.462923078
551,551,1765692.30779312,5913225.048173533,0.338297869
552,552,1764891.470066435,5913227.846049793,4.371555493
553,553,1764907.895942709,5913227.144482612,2.207297251
554,554,1765052.110090923,5913226.457212828,1.122837833
555,555,1765076.437676699,5913226.340093938,-0.376481493
556,556,1765059.811683441,5913216.491787591,-0.10714286
557,557,1764923.249116647,5913209.576118297,1.759285714
558,558,1764939.061924996,5913199.298744022,0.253636365
559,559,1765034.776400564,5913203.009868826,0.003279222
560,560,1765691.276777193,5913194.972467445,0.40777202
561,561,1764870.314659703,5913209.695744934,1.445852189
562,562,1765003.688142362,5913192.466335532,0.147305632
563,563,1764937.887616581,5913174.93258492,3.907787396
564,564,1764990.658438794,5913168.184997754,2.58512501
565,565,1765082.859329143,5913156.015098099,0.766164393
566,566,1765067.509218544,5913135.588648574,0.394390244
567,567,1765082.017570112,5913131.513222677,-0.250955409
568,568,1765049.974395089,5913106.705246285,0.538472224
569,569,1765042.283182869,5913096.518125721,0.714181821
570,570,1765065.917055622,5913096.929663403,-0.382244896
571,571,1768733.253932283,5912999.302188148,0.924406331
572,572,1768778.555070137,5912984.094959567,0.850192312
573,573,1765656.559068368,5913025.811091875,0.04
574,574,1768744.979697481,5912964.820744362,1.89833331
575,575,1765051.578189244,5913058.573236584,-0.099103772
576,576,1769673.519969158,5912926.383314223,0.532343102
577,577,1769657.314815941,5912916.73630676,1.456249987
578,578,1765608.958315778,5913003.41809018,0.069828156
579,579,1769649.112727752,5912906.929436473,2.235124995
580,580,1769673.12181251,5912906.449903221,1.621265826
581,581,1765187.048181303,5912974.579927157,0.485160707
582,582,1769660.818672115,5912891.739618225,0.573687508
583,583,1765078.628101945,5912957.097326481,-0.677567567
584,584,1768732.46622938,5912894.855413722,1.06309802
585,585,1765030.189757898,5912948.420158975,-0.112091154
586,586,1765090.438614397,5912946.896978175,-0.605812502
587,587,1765146.459222105,5912945.808212394,0.050231246
588,588,1764968.026865131,5912971.896968693,0.093267545
589,589,1765062.443820557,5912937.774010362,0.277297294
590,590,1765198.575104658,5912949.780415704,-0.200062502
591,591,1766082.606071874,5912917.58629545,0.04373418
592,592,1766126.464550282,5912916.929896624,0.286909088
593,593,1769631.912471908,5912847.448844438,1.760379754
594,594,1769642.670583594,5912866.623964575,1.11694281
595,595,1765070.736109828,5912929.09797246,0.225000005
596,596,1765167.142846955,5912926.114573973,4.14673689
597,597,1766054.401018748,5912908.167260271,0.381624996
598,598,1766096.614287861,5912907.341941207,0.500618555
599,599,1766142.433038458,5912906.445902665,0.576329111
600,600,1765103.957566042,5912925.786965202,0.201312153
601,601,1766086.217789131,5912897.574773847,0.275822784
602,602,1766158.243905587,5912896.166185307,0.67275
603,603,1769647.520307456,5912827.195775551,0.982999994
604,604,1765174.267571252,5912911.499335916,3.485116789
605,605,1766174.05473517,5912885.886437055,0.566999996
606,606,1769623.312423108,5912817.708536599,1.478249983
607,607,1766053.80230889,5912877.540594907,-0.050618181
608,608,1766093.830927392,5912877.485005789,0.614615377
609,609,1766189.865527207,5912875.606657906,0.580375004
610,610,1769615.110462793,5912807.901636824,1.775125
611,611,1765181.865620445,5912891.319960495,2.606378797
612,612,1765203.718175753,5912900.405059685,-0.285432259
613,613,1766005.604446615,5912869.239227188,0.525050006
614,614,1766070.236222608,5912881.975542194,-0.003557448
615,615,1765965.39562401,5912860.054052874,3.307812479
616,616,1766035.778922743,5912866.899816791,0.036493976
617,617,1766205.888951746,5912860.94383934,0.641785716
618,618,1768783.798089406,5912824.045326255,0.742518285
619,619,1769606.709512298,5912788.12802176,1.397750017
620,620,1769622.715341937,5912787.808412443,0.492500007
621,621,1765892.731986424,5912856.17570095,0.451613488
622,622,1765989.306425763,5912854.602052158,0.382633232
623,623,1766225.293393563,5912845.002054692,0.777437492
624,624,1769598.507597958,5912778.321107214,1.609499989
625,625,1765924.991675791,5912840.902933206,-0.000699998
626,626,1766267.637957521,5912842.551934358,0.772373159
627,627,1768766.211509466,5912809.822368085,0.90738404
628,628,1768798.019603603,5912784.295648845,0.219875007
629,629,1769614.314389653,5912768.034804394,0.688999997
630,630,1765812.854612789,5912838.107437747,0.550537502
631,631,1766300.930277789,5912823.580636581,0.784810128
632,632,1769590.106710982,5912758.547477274,1.79367087
633,633,1769606.696027549,5912758.216243944,0.182745106
634,634,1765828.410836322,5912823.049320642,0.2457106
635,635,1765864.678672252,5912827.124792822,0.198881251
636,636,1765204.154779525,5912825.041803367,-0.409875007
637,637,1769605.138565649,5912738.84357409,0.977142858
638,638,1765191.873329527,5912846.727404427,0.747890573
639,639,1765828.179264745,5912802.91145049,0.155549998
640,640,1769573.30504516,5912719.000194887,1.651874998
641,641,1765219.394388007,5912799.819076404,0.117801893
642,642,1769509.08336216,5912710.311389696,1.804874969
643,643,1769565.103231754,5912709.193250814,1.674499969
644,644,1765595.357515093,5912777.743789769,0.224821434
645,645,1765999.655247399,5912769.650988757,0.969006283
646,646,1768800.709715322,5912749.973745474,0.654848484
647,647,1769497.320297586,5912699.913335093,0.644272721
648,648,1769556.901436846,5912699.386299352,1.589874989
649,649,1765603.481159135,5912767.21253453,0.192545455
650,650,1765772.728497561,5912763.937561681,0.812979598
651,651,1765976.33678618,5912789.200814011,0.160325146
652,652,1769472.23279756,5912691.767476534,1.364090883
653,653,1769523.980109544,5912683.57594962,0.831039336
654,654,1765170.786925937,5912755.897925433,0.177674998
655,655,1765912.88669359,5912744.187189966,0.131886256
656,656,1768955.937867165,5912673.718666888,-9999.0
657,657,1768816.409384281,5912682.980884594,0.99834043
658,658,1765138.418819357,5912736.547979936,0.66069231
659,659,1765131.589862136,5912726.857210382,1.078487164
660,660,1765170.661953885,5912735.541610301,0.151025227
661,661,1768971.340057829,5912651.03004173,1.101923057
662,662,1768983.384141799,5912655.624966698,1.030441164
663,663,1769433.468723878,5912688.499254066,1.061281605
664,664,1769451.657153993,5912640.935471857,1.918163275
665,665,1765250.038885274,5912714.474770071,-0.324333326
666,666,1765882.071766985,5912717.666197076,0.153498345
667,667,1768837.901687562,5912686.372385445,-0.152492538
668,668,1769017.38634897,5912636.556068241,1.21133333
669,669,1769387.649484129,5912642.939224941,0.76443983
670,670,1769379.249209117,5912623.16539696,1.172000002
671,671,1769459.094807632,5912626.558102218,2.863333321
672,672,1765168.822355056,5912709.923393418,1.985703083
673,673,1765217.626032551,5912694.437561693,3.354018883
674,674,1765766.896944218,5912698.421067057,0.222969698
675,675,1765853.759656433,5912689.277138581,0.356926294
676,676,1768834.706738632,5912624.237613615,-0.450545457
677,677,1769034.424231636,5912622.666629834,1.062937063
678,678,1765746.011773695,5912678.224391128,0.31210256
679,679,1769050.546741116,5912609.486816566,1.081232852
680,680,1765231.346150504,5912682.755000083,4.260015634
681,681,1765266.276078499,5912689.361214837,-0.262054245
682,682,1769062.17680503,5912599.348358843,1.009139055
683,683,1769362.647502174,5912593.584440164,1.113797478
684,684,1769383.903586987,5912595.977800047,0.290789485
685,685,1765297.085311567,5912663.707296251,-0.265802008
686,686,1768818.363545942,5912599.434650802,-0.519171977
687,687,1769077.855827604,5912589.300707538,0.77244898
688,688,1769370.45148057,5912583.45815629,-0.269487178
689,689,1765838.380119393,5912647.307350452,0.718750004
690,690,1765897.089905942,5912642.039020542,0.633737506
691,691,1768833.628201086,5912588.595857554,0.009999995
692,692,1769097.582634941,5912576.941874704,0.812916666
693,693,1769353.9552826,5912575.89363839,0.483449359
694,694,1765281.572938401,5912650.091033553,0.628906815
695,695,1765904.897884493,5912631.91606639,0.639587498
696,696,1769110.732059013,5912564.875457385,1.129999965
697,697,1769330.040515422,5912564.322556514,0.431499996
698,698,1765336.878880976,5912635.098489097,0.179695649
699,699,1765416.542647897,5912631.470525522,-9999.0
700,700,1768913.687893961,5912561.915195288,1.352765948
701,701,1769118.254017491,5912554.373511511,1.040000021
702,702,1769309.835103925,5912554.754683935,0.505937502
703,703,1769459.055137466,5912564.811648149,2.378220856
704,704,1765378.985778835,5912641.136573554,0.013303963
705,705,1765384.338130486,5912622.127219534,-0.052450003
706,706,1768929.509475993,5912552.35690964,1.814184109
707,707,1769321.05691263,5912544.560315874,0.959199981
708,708,1769469.825476948,5912541.665470917,3.822330845
709,709,1765400.405489213,5912612.881940847,-0.399783344
710,710,1765436.160966014,5912611.147593578,-9999.0
711,711,1765921.97563336,5912612.645988798,0.881297169
712,712,1768809.271351265,5912544.776872837,0.835000002
713,713,1768945.316566965,5912542.071869075,1.843999997
714,714,1769282.472615586,5912534.884849773,0.053928578
715,715,1765416.239550274,5912601.95548935,0.812876679
716,716,1765447.970739516,5912600.947141227,-9999.0
717,717,1768961.222754735,5912536.770142886,1.383187502
718,718,1769045.585106475,5912530.690386173,1.363669726
719,719,1769300.397881933,5912535.676133992,0.797637047
720,720,1768977.029780512,5912526.485033178,1.245859861
721,721,1769274.770620459,5912514.936074096,-0.066428576
722,722,1769485.87547373,5912521.604616104,2.40262974
723,723,1765439.640700792,5912581.241988666,1.00359998
724,724,1765779.689836276,5912574.537877118,0.332685537
725,725,1768827.886166488,5912535.845514848,-0.237813626
726,726,1768995.00141547,5912513.923809819,1.314502377
727,727,1769072.76395369,5912509.623884544,1.938999994
728,728,1769498.629381961,5912500.202470299,3.445402304
729,729,1769088.471593026,5912494.35521193,1.322812508
730,730,1765464.388684058,5912574.944020357,-9999.0
731,731,1768816.250920059,5912485.015569245,-0.52696429
732,732,1768832.189676019,5912489.482842347,-0.444331224
733,733,1765478.816059689,5912540.523717453,-9999.0
734,734,1765930.370202264,5912539.313175044,0.929699652
735,735,1768807.719208137,5912474.812048387,-0.394999987
736,736,1765946.777250279,5912521.773509923,0.921485987
737,737,1765966.776760276,5912521.032205771,0.972875002
738,738,1768759.685565219,5912466.724223148,0.704807685
739,739,1769095.878923393,5912464.295780351,1.168812487
740,740,1769281.887308806,5912489.059687249,0.513413759
741,741,1769299.785924915,5912464.797063131,1.231968502
742,742,1769124.023941595,5912449.363612109,0.474859812
743,743,1765902.209481427,5912502.553980862,0.625781822
744,744,1768703.27154183,5912447.90371257,0.585000007
745,745,1769140.190416368,5912438.64809508,0.945263154
746,746,1769278.858441458,5912435.724133292,1.098000015
747,747,1768671.048920688,5912437.846046774,0.535750001
748,748,1769103.38541429,5912439.219695793,1.032458324
749,749,1765784.519537035,5912510.097641985,0.821496926
750,750,1765880.413408363,5912485.226325695,0.64966961
751,751,1769094.98598111,5912419.445611288,1.718734172
752,752,1769324.946999313,5912414.852287631,5.980000019
753,753,1765894.225626134,5912468.176863126,0.751348219
754,754,1769262.642299374,5912396.164662485,1.241375029
755,755,1769283.082282708,5912396.341495735,1.090560757
756,756,1765877.228643056,5912453.189662623,0.799428566
757,757,1769101.506187653,5912396.672158589,0.68925373
758,758,1766613.392939875,5912426.089714591,0.793249997
759,759,1766670.516565711,5912426.142344814,0.984328105
760,760,1769118.042281928,5912379.305143386,1.0442857
761,761,1765500.88157321,5912440.389544656,-0.899941206
762,762,1766541.206745438,5912420.046377993,3.932500011
763,763,1769077.988806929,5912369.930730789,2.127749977
764,764,1769246.041394085,5912366.583497891,1.513797427
765,765,1765508.689800759,5912430.266961451,-9999.0
766,766,1766525.234619592,5912410.040983471,5.071969511
767,767,1766570.814455599,5912418.09521492,0.913644858
768,768,1766708.899834881,5912406.994342762,0.899473674
769,769,1766821.488166572,5912404.125475496,1.145441155
770,770,1766842.298712221,5912423.427184982,1.14769801
771,771,1769237.840284697,5912356.776258152,2.385125026
772,772,1765492.972501584,5912421.067030873,1.934420283
773,773,1766548.812786795,5912399.96343414,0.342750007
774,774,1766724.880926663,5912397.235923563,0.853269226
775,775,1766813.106652519,5912394.432004714,1.08808221
776,776,1768695.192758845,5912406.909540058,-0.213676354
777,777,1766500.603213372,5912390.937555557,0.866875007
778,778,1766540.61490214,5912390.153699612,0.242125
779,779,1766804.695419379,5912384.971205603,0.983124981
780,780,1766844.550073733,5912384.389584171,0.861111106
781,781,1768489.211980057,5912351.719750422,0.767562494
782,782,1768525.237499415,5912351.732001093,0.868518508
783,783,1768541.242434393,5912351.414401101,0.717454547
784,784,1769088.150775278,5912346.294781876,0.054476751
785,785,1769108.960029098,5912343.822716426,1.053636352
786,786,1769229.440598308,5912337.002303639,1.231125028
787,787,1769253.290529901,5912336.728268411,1.314285702
788,788,1765824.775033674,5912446.243542733,0.512497658
789,789,1766476.399787688,5912381.44135742,0.421012668
790,790,1766748.482647518,5912376.104546542,0.728249983
791,791,1768591.877181742,5912348.020455395,-0.471963457
792,792,1766759.857129137,5912365.3264975,0.755779816
793,793,1766852.416365826,5912369.078056839,0.945374989
794,794,1768540.674998239,5912330.958571617,0.428214286
795,795,1768560.838670519,5912330.35694996,-0.094591187
796,796,1769213.038489998,5912317.387787225,1.157500008
797,797,1765531.725861111,5912379.965881506,-0.353749961
798,798,1769298.737837123,5912310.179583369,0.028302746
799,799,1768540.436954632,5912310.820806514,0.104124999
800,800,1768564.286655696,5912310.548497509,-0.956666677
801,801,1768590.803785657,5912317.03910245,-0.691709827
802,802,1769188.634016872,5912297.932664499,1.094125006
803,803,1769116.986308963,5912302.124814704,1.055321893
804,804,1769136.419678029,5912289.002022441,1.127125011
805,805,1765547.313258089,5912349.952000767,-9999.0
806,806,1766863.74784633,5912332.95696614,0.824738571
807,807,1766987.418269993,5912321.758624307,1.08946428
808,808,1768524.036460293,5912291.205093123,0.159500001
809,809,1769154.941285376,5912277.92246357,1.093167704
810,810,1769208.676603317,5912278.176251925,0.514166668
811,811,1769360.504671948,5912278.462500546,1.929516595
812,812,1766887.350130962,5912313.55384505,0.76107596
813,813,1768555.848419183,5912280.602982278,-0.533793051
814,814,1769184.470794227,5912268.687827516,0.704722218
815,815,1765538.594560549,5912320.044356629,0.352474368
816,816,1765561.005046877,5912324.601520312,-0.947999939
817,817,1769112.067753916,5912273.959008687,1.270262369
818,818,1769251.47837694,5912251.812482947,1.263944951
819,819,1767001.548951667,5912299.344412499,1.061532666
820,820,1767017.421289011,5912280.839530687,1.149999996
821,821,1768443.300023048,5912253.504762131,3.533571465
822,822,1768495.23713683,5912251.893721593,-0.090445856
823,823,1768411.014525419,5912243.593991099,1.580125
824,824,1768426.808725308,5912248.933459438,2.524666673
825,825,1766898.216822965,5912263.688952934,0.789821424
826,826,1768394.911842057,5912233.80174687,0.889358957
827,827,1768458.673574825,5912232.879249168,0.434912273
828,828,1768480.683728975,5912234.993380534,-0.130506913
829,829,1766906.180830984,5912253.360696763,0.878124991
830,830,1766855.279464814,5912247.668458437,1.008548385
831,831,1766938.780884479,5912294.084007273,0.868921526
832,832,1768346.403266035,5912214.963066675,1.041996403
833,833,1768516.804108444,5912218.801420299,0.209952609
834,834,1768314.196075804,5912205.630937687,1.411000019
835,835,1766140.270471671,5912238.467184618,0.419473679
836,836,1768434.132093191,5912198.267598887,0.362375004
837,837,1769346.220974228,5912174.895109495,1.310259742
838,838,1765585.664181195,5912245.213550045,2.581954899
839,839,1765605.786077085,5912256.811865602,-0.10686299
840,840,1766875.272382143,5912223.657254252,1.142768151
841,841,1766919.848073998,5912215.45588239,1.020937501
842,842,1768314.641409455,5912186.130012142,2.756923056
843,843,1769265.910483804,5912166.572934653,1.338363587
844,844,1769322.09222502,5912165.654204912,1.236875004
845,845,1769338.111353313,5912166.061829197,0.354509814
846,846,1769369.948644786,5912164.901142062,0.874727253
847,847,1766136.983665018,5912218.59054835,0.380625009
848,848,1768321.022276774,5912175.583819302,2.335714267
849,849,1768425.734599792,5912178.492761416,0.26535032
850,850,1768593.683860388,5912170.17527635,2.531000046
851,851,1766853.992528801,5912210.831892667,1.361164175
852,852,1768480.87053065,5912162.44339751,0.279607839
853,853,1768531.868811529,5912172.380195782,1.019971069
854,854,1768609.660193564,5912161.710895217,3.300769219
855,855,1768625.495635297,5912159.573640999,1.257692307
856,856,1769357.698155317,5912144.652335624,1.212566331
857,857,1769383.560742444,5912151.60366215,1.192803733
858,858,1766125.931090323,5912199.269340182,0.445934955
859,859,1766770.85297332,5912235.646601173,1.087078803
860,860,1766864.798419978,5912184.38028181,1.728374998
861,861,1769284.126808268,5912147.092299634,0.909351714
862,862,1769369.509820463,5912134.796633339,1.536499977
863,863,1766705.843415173,5912178.271520755,1.165534605
864,864,1769377.313328692,5912124.6703212,1.194625013
865,865,1766871.459715949,5912178.342337448,1.456249982
866,866,1768329.357275736,5912146.746816413,1.779953287
867,867,1768464.856341424,5912132.849269602,0.27225
868,868,1769251.052714591,5912140.65412877,0.7237538
869,869,1769407.026440593,5912113.127686991,1.135833306
870,870,1766110.465417172,5912178.548373209,1.035937497
871,871,1766676.592087032,5912158.74887957,1.111944444
872,872,1768392.638403376,5912124.310599406,0.311
873,873,1769389.463920636,5912118.803534521,0.993295453
874,874,1768344.26972294,5912115.500587879,0.837962943
875,875,1768448.456355667,5912113.23333975,0.154074078
876,876,1769241.262181505,5912097.470720991,1.327169821
877,877,1766716.211892015,5912138.030171845,1.195607437
878,878,1765646.81821535,5912166.271839418,2.687388903
879,879,1768365.362447025,5912094.536329627,0.52789474
880,880,1768440.157796751,5912098.441722007,0.228980904
881,881,1769248.38298424,5912082.372807878,3.395625018
882,882,1769403.887484181,5912077.375600595,0.337969542
883,883,1765655.098441602,5912138.269808207,2.29075
884,884,1768470.906247948,5912083.406442267,3.985098021
885,885,1768312.366236902,5912075.362016358,0.911999987
886,886,1769415.767402191,5912053.907281525,0.714464287
887,887,1769431.738499433,5912043.819197903,0.106250005
888,888,1766718.801214837,5912087.54259758,1.329358986
889,889,1769381.589260759,5912040.116213525,1.228066643
890,890,1766590.571547529,5912080.088231639,0.617634856
891,891,1768295.558280249,5912045.937724626,0.89723077
892,892,1768407.061815805,5912044.259864584,0.27
893,893,1768288.263597183,5912035.62112168,0.932222211
894,894,1769408.421340025,5912015.112340987,1.10155278
895,895,1769449.298163352,5912025.547699443,0.488484851
896,896,1765670.36337351,5912138.391553856,0.094432609
897,897,1766701.440862864,5912048.447561808,1.406865666
898,898,1769382.573783162,5911995.147803074,1.306363623
899,899,1769446.748554069,5911993.666289839,1.112999971
900,900,1768271.350083676,5912006.184541009,0.896666642
901,901,1768782.371570771,5911996.926390517,2.327499989
902,902,1768797.792326927,5911996.619927909,1.14089288
903,903,1768774.171307637,5911987.11877811,1.343249977
904,904,1769353.048136324,5911975.96623809,1.3235294
905,905,1765725.366652867,5912042.445373954,1.213571427
906,906,1769342.201834223,5911965.748997324,1.693846162
907,907,1765733.272089691,5912027.436943341,0.162191799
908,908,1765753.372990989,5912038.295200473,-0.829777453
909,909,1766684.787472254,5912008.823680976,1.455735305
910,910,1767458.308044102,5911989.635246696,1.028750032
911,911,1768254.469596642,5911976.745190877,0.874499993
912,912,1768293.64857862,5911976.713819794,-0.094250005
913,913,1769335.810221713,5911955.946434466,1.472250021
914,914,1765741.193547982,5912017.460902173,0.041428567
915,915,1768656.163869804,5911970.519107966,1.040490188
916,916,1769349.728828535,5911945.74824793,1.096499988
917,917,1769473.288096981,5911949.807015993,1.10843854
918,918,1765749.127214638,5912007.503943875,0.48695652
919,919,1768277.249599361,5911957.097771964,-0.468875003
920,920,1766655.421615472,5912084.354707179,1.09859391
921,921,1765762.324820556,5911994.835406295,1.101173186
922,922,1768636.961958184,5911930.747879272,0.993773592
923,923,1768681.392517355,5911929.722612944,1.090094323
924,924,1768740.974492962,5911927.954650612,1.427750032
925,925,1766628.871285815,5911961.96280879,0.400633336
926,926,1765788.31862701,5911971.675312609,1.690045883
927,927,1768261.305097245,5911934.431266344,-0.262683712
928,928,1768612.388001532,5911910.768794727,0.876727256
929,929,1768724.574281341,5911908.339246804,1.165185188
930,930,1769327.204429951,5911897.446183951,4.840000018
931,931,1765816.366771739,5911990.952683462,-0.899789188
932,932,1768212.64068678,5911908.088133525,0.863437493
933,933,1768584.5938266,5911910.898003834,0.925169808
934,934,1769332.532135334,5911886.267108169,3.854125002
935,935,1769444.660363323,5911889.015766313,2.272187482
936,936,1769476.411668862,5911883.598019629,0.40589286
937,937,1765817.808889864,5911954.674444284,1.248786979
938,938,1765835.650238627,5911935.929491316,2.012615341
939,939,1767442.791500689,5911922.35001861,0.654555552
940,940,1767495.670271633,5911902.756021218,0.847687497
941,941,1768331.297477762,5911886.232416849,-0.1498
942,942,1768195.715850396,5911878.866808172,0.92962027
943,943,1768245.908873683,5911890.417380114,-0.922990044
944,944,1768450.573847077,5911888.852760291,0.863484326
945,945,1768548.239126416,5911871.327404055,0.890597017
946,946,1769507.980525221,5911852.854610219,1.740124963
947,947,1769561.326385363,5911886.195597356,1.240437837
948,948,1768187.812711093,5911868.729330336,1.134507042
949,949,1768475.536312687,5911864.157704156,0.779166664
950,950,1768579.884161521,5911864.85513573,0.68625
951,951,1769469.449410623,5911858.661377265,1.654186045
952,952,1769633.438931068,5911838.836845066,1.317407387
953,953,1767475.082058338,5911873.253566269,1.255624975
954,954,1768490.986851142,5911852.740592632,0.865675697
955,955,1767467.513848984,5911862.562400179,0.977460286
956,956,1768307.183487195,5911851.813256551,0.282874997
957,957,1767459.204936664,5911852.914008446,1.011076935
958,958,1768223.621648393,5911859.519772689,-0.749786726
959,959,1767450.904076454,5911843.250333208,1.102028977
960,960,1767586.513202536,5911841.140291198,1.568765447
961,961,1768506.648347797,5911834.65411538,0.757200907
962,962,1765843.258179893,5911865.362363648,0.48772727
963,963,1767442.598010436,5911833.587967762,1.087285713
964,964,1768162.456886989,5911819.783460784,0.956249996
965,965,1768347.342270431,5911822.929357371,0.992171945
966,966,1768394.51360054,5911815.18470981,1.356543221
967,967,1765896.539074959,5911863.468744433,-0.936147846
968,968,1766785.926756453,5911836.961672002,1.172874945
969,969,1768210.370127079,5911813.84913342,-0.913850938
970,970,1768410.31984648,5911804.900620457,2.234000003
971,971,1769641.627984276,5911781.072404597,1.839200025
972,972,1765865.620155525,5911853.082639356,1.458068786
973,973,1766777.729080234,5911827.152167463,1.741374981
974,974,1767433.886511855,5911814.239448708,0.819750001
975,975,1767535.601123942,5911878.269961245,0.594307045
976,976,1765889.415581529,5911834.695027214,3.548974413
977,977,1767425.68807383,5911804.430543903,1.131645581
978,978,1768425.928366293,5911784.649799509,0.806499994
979,979,1769618.130820405,5911761.050400112,1.796025646
980,980,1765919.743125416,5911837.378033151,-0.852443627
981,981,1767521.356908221,5911792.774360816,0.892181806
982,982,1767537.518251196,5911792.254280253,0.972624985
983,983,1769609.336784198,5911753.242855737,1.914634146
984,984,1765897.511444662,5911820.726611613,3.66451129
985,985,1768289.343011015,5911767.61786315,0.841249979
986,986,1769599.766242769,5911744.896673542,0.417272719
987,987,1767431.033835321,5911781.631733786,1.08517074
988,988,1767761.177882962,5911767.897302445,1.533500029
989,989,1768497.352415222,5911753.320927856,1.485625005
990,990,1769579.380261301,5911732.661530764,1.515514025
991,991,1765916.166157224,5911801.821817692,0.274452733
992,992,1767440.905771114,5911764.248247205,1.096125019
993,993,1767544.944530903,5911762.923077578,0.917346947
994,994,1766788.564371929,5911767.46655641,1.201272692
995,995,1767560.153659838,5911751.925096117,0.817800018
996,996,1768120.868463004,5911740.842144113,1.043000014
997,997,1768439.433113706,5911760.343486446,0.884090433
998,998,1768505.057641143,5911738.212086839,1.2475
999,999,1769556.688462901,5911717.880435554,1.522584266
1000,1000,1767784.592743071,5911737.522924055,1.204230764
1001,1001,1768104.667391877,5911731.192296489,1.097250006
1002,1002,1768272.706656722,5911727.86388269,1.033499992
1003,1003,1769557.786913583,5911705.605561361,1.86833334
1004,1004,1766848.345065154,5911746.201990805,1.077962957
1005,1005,1767737.920329507,5911751.372900927,1.298123379
1006,1006,1767800.399513755,5911727.239983441,1.187541641
1007,1007,1767912.425490553,5911725.025429801,1.291750047
1008,1008,1768096.468217367,5911721.384013648,1.052624997
1009,1009,1768160.68055171,5911730.0831112,0.364069404
1010,1010,1769536.804724036,5911692.748075716,1.258624984
1011,1011,1766841.392405689,5911792.170646543,1.179368281
1012,1012,1767920.230247345,5911714.900497716,1.279875012
1013,1013,1768521.242729696,5911714.505832631,1.164065953
1014,1014,1769528.603854856,5911682.941118001,0.950250012
1015,1015,1766789.708077093,5911734.429950566,0.617108992
1016,1016,1767820.131156092,5911714.807877142,1.223492843
1017,1017,1767836.013858292,5911706.594943478,1.22550631
1018,1018,1767889.221334819,5911705.442783989,1.630799963
1019,1019,1767932.042833713,5911705.046821454,1.292820528
1020,1020,1769520.403004179,5911673.134152896,1.167124988
1021,1021,1769543.705848839,5911672.789209321,2.128732406
1022,1022,1767847.819597134,5911696.390998893,1.226250011
1023,1023,1767951.685844203,5911694.538421113,1.267592587
1024,1024,1768063.868974447,5911692.117504026,0.979999986
1025,1025,1768127.72610845,5911691.054574068,0.710714298
1026,1026,1769536.042214837,5911662.649981658,2.08789477
1027,1027,1766921.705984029,5911711.74002027,1.273007529
1028,1028,1767089.224636042,5911697.219387362,1.160000026
1029,1029,1767454.75255106,5911724.633999454,0.489350041
1030,1030,1767679.584432062,5911689.744335421,0.0691358
1031,1031,1767859.632234574,5911686.537425087,1.20449542
1032,1032,1767975.494165008,5911684.096872094,1.161636337
1033,1033,1767999.671519191,5911684.144341317,1.113617042
1034,1034,1768224.377469625,5911739.935394745,-0.029991861
1035,1035,1766825.050180841,5911714.677421537,0.909067393
1036,1036,1768019.897998294,5911673.630719621,1.114636355
1037,1037,1768223.510688063,5911669.015007566,0.701234574
1038,1038,1765933.414178708,5911749.818733888,-0.88510784
1039,1039,1766954.607397143,5911688.751104632,1.221416181
1040,1040,1767055.284720314,5911681.385018815,1.163823534
1041,1041,1767086.900625104,5911681.687923257,1.173928521
1042,1042,1767443.143655438,5911676.540289953,0.270952387
1043,1043,1765918.603578779,5911694.42552371,-0.37594936
1044,1044,1767966.59153663,5911663.098561828,1.110024387
1045,1045,1767006.648225457,5911663.124455242,1.16312498
1046,1046,1768062.882675754,5911642.283900239,0.736124981
1047,1047,1768096.990173996,5911657.594203524,0.550563985
1048,1048,1766981.566330339,5911666.033146072,1.179397287
1049,1049,1768050.682623287,5911632.554667781,0.651823895
1050,1050,1769513.931874656,5911603.243484084,1.806500047
1051,1051,1768022.479466126,5911623.14197447,0.836249986
1052,1052,1767053.913036006,5911632.48430759,1.110740763
1053,1053,1767208.579625322,5911664.048218987,1.179887752
1054,1054,1768229.465661723,5911604.641445316,1.003843139
1055,1055,1769518.578688385,5911573.664853725,1.372075455
1056,1056,1767264.259547622,5911601.553897871,0.995124983
1057,1057,1769510.821201497,5911557.23825421,1.356166667
1058,1058,1765853.032059422,5911615.942883641,-0.534624998
1059,1059,1766597.189331134,5911601.374525476,0.233374996
1060,1060,1767113.453077751,5911652.62213615,1.159132259
1061,1061,1767574.652544902,5911603.836522399,-0.690887397
1062,1062,1767573.495502274,5911587.147705493,0.330375003
1063,1063,1767637.410729309,5911580.900464752,-0.837842339
1064,1064,1768125.515092676,5911571.249507044,-0.196790134
1065,1065,1765844.835702787,5911606.132520341,-0.520625021
1066,1066,1766608.996307286,5911591.172342981,-0.01525
1067,1067,1767602.444529197,5911577.916978434,0.451269844
1068,1068,1767665.220025494,5911570.380627378,-0.679874229
1069,1069,1766620.803287711,5911580.970084679,-0.088000001
1070,1070,1767621.014968131,5911561.284601799,1.641249986
1071,1071,1768043.940662439,5911557.579371459,-0.749335183
1072,1072,1766628.609474497,5911570.846155246,-0.053375001
1073,1073,1765836.250039567,5911576.388834108,-0.673625002
1074,1074,1766648.417895051,5911560.487174855,-0.071265823
1075,1075,1767669.149546677,5911547.739526709,0.927469881
1076,1076,1767996.699167639,5911533.917169916,-0.544375021
1077,1077,1768028.705884589,5911533.283823899,2.092500006
1078,1078,1768060.712603392,5911532.650357114,0.924125008
1079,1079,1768118.010112692,5911532.256039575,0.669565213
1080,1080,1766510.451181014,5911564.533456513,0.608448033
1081,1081,1766588.375342776,5911551.896146843,0.920185193
1082,1082,1766668.226488472,5911550.127789759,-0.118583336
1083,1083,1767164.328952597,5911540.375096049,0.545000006
1084,1084,1767184.333210127,5911539.980950484,0.234187481
1085,1085,1767484.493835239,5911539.050681932,0.014937499
1086,1086,1767851.641219441,5911540.81414043,-0.683056609
1087,1087,1767940.490281747,5911525.058539192,1.642098757
1088,1088,1768076.617315787,5911527.35023227,1.087701855
1089,1089,1768180.526002551,5911519.580341898,0.95727274
1090,1090,1767476.197142495,5911524.258723847,0.029875
1091,1091,1767780.167068101,5911525.660420117,0.656781378
1092,1092,1768094.587953032,5911514.790867635,1.122500009
1093,1093,1768188.344642458,5911510.181881913,1.937124971
1094,1094,1766450.538421496,5911542.181520043,0.38707317
1095,1095,1766526.58500635,5911541.41328238,1.197100414
1096,1096,1767467.998943172,5911514.449861359,0.007974681
1097,1097,1767821.704525298,5911515.369139303,0.786118011
1098,1098,1768204.249245331,5911504.881513666,1.596499999
1099,1099,1768220.055096815,5911494.597761488,0.860562496
1100,1100,1765755.440240424,5911527.927518288,0.010133332
1101,1101,1766443.398789285,5911514.656001941,2.654500009
1102,1102,1768227.760532667,5911479.489169539,0.655000014
1103,1103,1767853.552468728,5911493.766048375,1.137553198
1104,1104,1765762.873154349,5911508.028480474,-0.299249991
1105,1105,1766590.536279496,5911513.759169514,1.129303611
1106,1106,1767446.390480546,5911485.617211939,0.065150376
1107,1107,1767867.743795093,5911466.703396301,1.316666659
1108,1108,1767882.691280579,5911478.47126139,0.64276786
1109,1109,1766634.850568031,5911480.989361842,0.967250004
1110,1110,1767427.008175597,5911465.405072336,0.046249998
1111,1111,1765754.579715048,5911493.234709872,0.203562501
1112,1112,1766663.046626329,5911478.624114392,0.801778843
1113,1113,1766682.664412247,5911470.080315205,0.80075
1114,1114,1766882.689550705,5911465.424097405,0.069230767
1115,1115,1767882.744515893,5911446.637016127,0.256842103
1116,1116,1768202.965832581,5911440.097953429,1.337374997
1117,1117,1768271.14792889,5911482.290613847,0.390090387
1118,1118,1766698.471881244,5911459.799455781,1.017500011
1119,1119,1766921.181505817,5911475.011159617,-0.730978451
1120,1120,1767418.613377225,5911445.629854122,0.278999996
1121,1121,1768194.766794967,5911430.289767115,1.693874996
1122,1122,1768354.798575903,5911427.118026522,0.315750006
1123,1123,1766714.279312684,5911449.518565455,0.951410246
1124,1124,1766794.730685015,5911472.254373353,0.004431635
1125,1125,1766928.257290982,5911453.338045241,0.54881355
1126,1126,1766962.327632438,5911444.644030058,0.360874995
1127,1127,1767882.350368667,5911426.703624269,0.353571428
1128,1128,1768186.567775856,5911420.481573408,3.023714293
1129,1129,1768308.498792012,5911429.08959325,0.767711013
1130,1130,1766722.085158666,5911439.394771034,1.391125016
1131,1131,1767034.145614957,5911433.261157274,1.100631429
1132,1132,1767404.893283051,5911426.362546643,0.199406781
1133,1133,1767850.318916913,5911417.892132252,3.546304319
1134,1134,1768178.394148985,5911410.641058439,3.171944429
1135,1135,1768378.408032789,5911406.70859499,0.342624999
1136,1136,1765665.689296419,5911450.100144865,0.381499996
1137,1137,1765681.69061232,5911449.79004845,-0.190124997
1138,1138,1766729.890985549,5911429.270968645,1.019749999
1139,1139,1766749.481786805,5911449.603889961,0.736823901
1140,1140,1767041.282884476,5911452.503388652,-0.582472812
1141,1141,1767130.75100765,5911430.496682812,0.479022353
1142,1142,1767836.199939649,5911406.602281073,2.99124996
1143,1143,1768170.354238242,5911400.64034444,1.514133333
1144,1144,1768186.33041711,5911400.343819139,-0.127543861
1145,1145,1768350.268872128,5911408.448570821,0.616042395
1146,1146,1765659.098890693,5911439.960625415,1.780425524
1147,1147,1767393.822737467,5911406.236215408,0.200625004
1148,1148,1768370.109988421,5911391.917221867,0.413562503
1149,1149,1765673.300126524,5911430.0131342,-0.314875
1150,1150,1767233.693672206,5911404.40673033,1.335921052
1151,1151,1768162.078609878,5911385.421150115,0.579121623
1152,1152,1768193.77958741,5911380.456257627,3.337200008
1153,1153,1767377.426665039,5911386.618261072,0.123875002
1154,1154,1768177.224152887,5911361.044211617,0.099272723
1155,1155,1766749.025659685,5911398.820428573,1.155723266
1156,1156,1768408.747248573,5911373.466365893,0.304856714
1157,1157,1766760.529235246,5911375.492072926,1.193448246
1158,1158,1767240.811743911,5911359.399033225,1.780250004
1159,1159,1767830.715728466,5911365.333433057,1.679163444
1160,1160,1768425.047874323,5911336.716139403,1.659245273
1161,1161,1767392.420860652,5911349.413659828,0.751004673
1162,1162,1768144.835266666,5911331.507467584,3.815178579
1163,1163,1768394.75036129,5911337.202512597,0.792849315
1164,1164,1765416.086743993,5911375.205486095,0.019374999
1165,1165,1765432.089740825,5911374.893395981,-0.46250001
1166,1166,1768136.728019183,5911321.584802995,4.013137251
1167,1167,1768408.635047557,5911316.373435793,2.421499971
1168,1168,1768440.47551977,5911315.540559519,0.229636367
1169,1169,1765112.050899775,5911370.890255435,0.652631554
1170,1170,1767216.29980574,5911329.861616821,1.447142863
1171,1171,1767260.189669471,5911382.608433967,0.310896699
1172,1172,1767809.257462692,5911333.790865147,1.287142857
1173,1173,1765103.971841999,5911360.938265319,0.611891895
1174,1174,1767208.020632321,5911320.162690075,1.036624996
1175,1175,1767407.612738325,5911320.650006752,0.944324314
1176,1176,1768422.176984041,5911303.381869033,2.906666655
1177,1177,1767199.822900691,5911310.353585799,1.781249996
1178,1178,1767423.87765116,5911306.665190747,1.014074068
1179,1179,1768156.933665505,5911295.540723593,5.01666673
1180,1180,1765154.161719345,5911366.055043935,0.387464008
1181,1181,1767191.625187568,5911300.544474129,2.428666672
1182,1182,1767349.524314065,5911317.71577325,2.881322821
1183,1183,1768442.726101978,5911283.725399874,4.737156924
1184,1184,1765135.067043469,5911330.824010027,0.178124998
1185,1185,1767399.75702324,5911292.167591088,1.902569445
1186,1186,1767439.487417313,5911286.416217691,1.141818178
1187,1187,1768142.417058845,5911272.753223537,0.386216215
1188,1188,1768463.958495661,5911272.428696397,4.959756124
1189,1189,1765023.090229891,5911321.32428534,0.89903845
1190,1190,1765046.874417515,5911322.574534665,0.75599999
1191,1191,1765062.874812196,5911322.984563011,0.648599997
1192,1192,1767415.492948635,5911276.575867504,4.261363669
1193,1193,1768127.927270325,5911286.623813219,4.374697969
1194,1194,1768482.801870726,5911263.056475968,3.216163518
1195,1195,1765014.91051415,5911312.880212289,0.963918924
1196,1196,1767431.459937934,5911267.009665706,5.710000277
1197,1197,1765008.345472855,5911303.05978378,0.969024367
1198,1198,1767447.439553623,5911256.61674582,3.473750018
1199,1199,1768121.855585212,5911246.414202288,3.181533752
1200,1200,1768508.789074585,5911242.966681775,3.381926364
1201,1201,1767462.839689871,5911245.543998234,1.329999987
1202,1202,1767471.043335022,5911236.097468674,1.391000038
1203,1203,1765014.800351285,5911278.08133069,2.738995822
1204,1204,1765109.899742614,5911271.490558575,-0.056962026
1205,1205,1765333.951544248,5911267.857749718,0.501698126
1206,1206,1765352.376687462,5911271.114774443,0.332810655
1207,1207,1765373.749925955,5911256.385121102,0.268625003
1208,1208,1767241.685079934,5911223.046183446,3.358433695
1209,1209,1765061.504273035,5911252.491290187,0.715974004
1210,1210,1765381.557057783,5911246.26270075,0.229499998
1211,1211,1765941.650133624,5911235.333468964,-0.4607563
1212,1212,1765901.448444912,5911226.148039101,-0.411499997
1213,1213,1765977.461038492,5911224.662760188,-0.398687491
1214,1214,1765077.119344207,5911232.246514895,0.201874999
1215,1215,1765877.24974575,5911216.650881601,-0.383235294
1216,1216,1765933.259045463,5911215.556526951,1.105443049
1217,1217,1765993.268847563,5911214.383492971,-0.352075468
1218,1218,1765857.051972461,5911207.07495617,-0.374374995
1219,1219,1765949.247014594,5911212.641889583,1.834666679
1220,1220,1765068.730606927,5911212.468828806,-0.310769219
1221,1221,1765824.851994374,5911197.733792866,-0.389124999
1222,1222,1765973.424684793,5911196.707005698,2.373877608
1223,1223,1766028.885280089,5911193.745768921,-0.259875009
1224,1224,1765060.53557223,5911202.657937482,-0.191875
1225,1225,1765800.653599839,5911188.235592393,-0.3648125
1226,1226,1765989.327983164,5911186.833467124,2.21840908
1227,1227,1767189.019888222,5911160.890388,2.595789485
1228,1228,1767212.066324518,5911244.237284398,0.796906265
1229,1229,1765776.45516898,5911178.73802889,-0.347437501
1230,1230,1766012.808238004,5911174.715001566,0.587910445
1231,1231,1764996.151958463,5911184.695755594,0.582884625
1232,1232,1765372.110705167,5911181.001050564,1.235040658
1233,1233,1765568.227708015,5911172.830958252,-0.1059375
1234,1234,1766037.244852644,5911173.409496039,-0.088914024
1235,1235,1766068.306506429,5911163.063541021,-0.125750007
1236,1236,1765716.056481141,5911159.975979903,-0.338958329
1237,1237,1766036.828091765,5911154.864303213,0.747796606
1238,1238,1767172.285968314,5911131.425929882,4.889722188
1239,1239,1767209.341209448,5911136.377716411,0.835545018
1240,1240,1764956.599765494,5911163.734860095,0.734464289
1241,1241,1765011.738870682,5911162.997961884,-0.036938762
1242,1242,1765144.206537791,5911161.733367749,0.779181808
1243,1243,1766052.03442229,5911148.485035983,0.522658225
1244,1244,1767164.30458322,5911121.373216444,3.503428648
1245,1245,1764948.454802421,5911153.862975581,0.648421039
1246,1246,1765117.864940691,5911159.878687239,0.534444443
1247,1247,1765173.873305756,5911145.225048638,1.244813664
1248,1248,1766065.549171731,5911130.6188559,1.749282286
1249,1249,1767163.11251934,5911101.694907345,2.202499988
1250,1250,1765098.990352583,5911138.763239318,0.348290598
1251,1251,1766076.252862619,5911115.002640922,3.513414598
1252,1252,1765129.49466281,5911122.058957665,1.001041669
1253,1253,1765201.007350148,5911127.539502589,1.278762384
1254,1254,1765639.768448711,5911146.7288721,0.182119047
1255,1255,1767155.68162902,5911086.885395343,4.086562504
1256,1256,1767193.176803598,5911093.547055845,0.997647045
1257,1257,1766157.231950623,5911094.29964838,-0.111210857
1258,1258,1767163.107187069,5911071.783356545,4.380845053
1259,1259,1765122.122340002,5911102.088726437,0.975671628
1260,1260,1766105.025880121,5911094.417202792,2.74291443
1261,1261,1765228.202911919,5911102.581497308,1.105898301
1262,1262,1765290.280155048,5911088.714594743,0.921454545
1263,1263,1765564.064425817,5911115.583105262,0.368073703
1264,1264,1766130.900301914,5911078.822367573,2.081654147
1265,1265,1766178.666027478,5911076.154841542,-0.184687497
1266,1266,1767170.814086841,5911056.675551134,4.573818163
1267,1267,1765394.842358645,5911076.506054027,0.034313726
1268,1268,1766146.702938394,5911068.43828173,1.541641786
1269,1269,1767186.522046384,5911041.410516318,4.515636375
1270,1270,1764934.93004623,5911085.306731591,0.828260864
1271,1271,1765261.81734345,5911079.560699767,1.058437493
1272,1272,1766162.505603967,5911058.054170227,0.921925928
1273,1273,1765298.128493657,5911065.81280346,1.184406792
1274,1274,1765576.214098767,5911053.676091596,0.89813952
1275,1275,1766178.292780865,5911046.906871099,0.689659864
1276,1276,1766201.986700896,5911040.801658168,-0.183625
1277,1277,1767210.417614024,5911026.466600393,2.77252493
1278,1278,1764953.614034497,5911055.180014001,0.626874996
1279,1279,1765329.979768783,5911049.360681849,3.481724143
1280,1280,1766186.33646823,5911031.835393926,2.484242434
1281,1281,1766209.792509418,5911030.678175178,-0.198749997
1282,1282,1765346.14850687,5911038.508082917,2.277931027
1283,1283,1765568.445876376,5911033.615053947,0.820689648
1284,1284,1766217.59881742,5911020.554927524,-0.248481018
1285,1285,1767202.244761587,5911008.55960068,5.868333181
1286,1286,1764961.227822365,5911035.091241716,0.548124989
1287,1287,1765359.494072791,5911025.831761965,2.765499998
1288,1288,1765457.102799866,5911015.47051553,0.052278481
1289,1289,1765376.993987386,5911007.181940933,2.92346154
1290,1290,1765472.91049508,5911005.19198022,0.044
1291,1291,1764977.03635068,5911024.81364648,0.033149999
1292,1292,1765480.717359479,5910995.069261095,0.066
1293,1293,1766640.718787348,5910972.57906071,0.234285714
1294,1294,1765392.937505717,5910987.373148038,3.040596987
1295,1295,1765492.524937015,5910984.868214432,0.058633541
1296,1296,1765507.512865809,5910968.0886783,0.007928995
1297,1297,1765414.315717899,5910964.875005381,2.351666648
1298,1298,1766221.810634729,5910971.517895696,-0.017762836
1299,1299,1765430.962008206,5910936.21643742,4.22775514
1300,1300,1765391.047845659,5910896.720775758,0.927567561
1301,1301,1765383.415302299,5910886.818219295,0.968769212
1302,1302,1764981.020203676,5910886.059130541,0.738841459
1303,1303,1765534.781768982,5910864.399421262,0.545599993
1304,1304,1764961.719512052,5910880.233370299,0.706378829
1305,1305,1765405.636943592,5910847.177160565,0.494821426
1306,1306,1765421.638836734,5910846.865342659,0.784909087
1307,1307,1765388.012777737,5910840.777839295,0.830034481
1308,1308,1765478.100134335,5910827.080338761,4.102777883
1309,1309,1765525.262462246,5910824.904464782,0.757818175
1310,1310,1766893.581471304,5910797.910064526,1.219624971
1311,1311,1765396.718112477,5910817.35080943,1.033773576
1312,1312,1765421.056166272,5910816.96535966,0.527142856
1313,1313,1766861.380867021,5910788.573709747,1.320379731
1314,1314,1765435.000256323,5910796.929244618,0.848780491
1315,1315,1765493.823745009,5910801.743364412,2.003193264
1316,1316,1765521.269836106,5910795.453937727,0.809999988
1317,1317,1765556.82257476,5910794.86754986,2.946600027
1318,1318,1765604.845992557,5910793.239637748,1.201791626
1319,1319,1765628.848699105,5910792.771338419,1.294375034
1320,1320,1766876.833350479,5910768.530092631,1.234259217
1321,1321,1765391.764136208,5910773.486044647,0.772500008
1322,1322,1765500.542795241,5910780.318198491,1.376437499
1323,1323,1765627.357493859,5910773.406654262,1.298793141
1324,1324,1766837.36852009,5910749.656334627,1.166515144
1325,1325,1766806.64718225,5910735.43434273,1.082499981
1326,1326,1765892.289747927,5910747.525436427,0.829459465
1327,1327,1766796.445645409,5910728.763978824,0.878965525
1328,1328,1766900.142691734,5910728.669044604,1.959855038
1329,1329,1765374.728708582,5910744.708921976,0.811111132
1330,1330,1765508.091235933,5910755.305097773,1.096958334
1331,1331,1765884.630130214,5910737.23303029,1.360483859
1332,1332,1766772.38921822,5910718.891990113,0.858888876
1333,1333,1765367.404864591,5910733.396749016,0.870000005
1334,1334,1765619.515628221,5910732.929455062,1.210370408
1335,1335,1766819.863016599,5910712.364743355,1.060434791
1336,1336,1765499.738538127,5910725.238746637,3.00805553
1337,1337,1766752.978578427,5910706.467467916,0.625414019
1338,1338,1766795.610768967,5910700.131497201,1.383374996
1339,1339,1765358.556519607,5910714.640112982,0.811999989
1340,1340,1766811.909806366,5910696.721261832,1.147519985
1341,1341,1765514.750102866,5910711.494313349,1.22529969
1342,1342,1765610.93927052,5910703.587860681,1.20859652
1343,1343,1766827.101101859,5910684.728427334,1.560476168
1344,1344,1765507.834910972,5910690.482204042,1.360813313
1345,1345,1765586.547964778,5910684.12279403,1.20345452
1346,1346,1766550.802558323,5910665.056360842,-0.361937493
1347,1347,1766686.203139697,5910679.694579447,0.217433581
1348,1348,1765551.604356612,5910681.291614717,1.382994673
1349,1349,1766530.605044563,5910655.482037202,-0.511265826
1350,1350,1766578.692420419,5910654.435381026,0.27288889
1351,1351,1765578.356432392,5910666.402875202,1.250540492
1352,1352,1766594.32893243,5910653.08358407,0.336530609
1353,1353,1766624.89236177,5910646.583264842,0.366960003
1354,1354,1765350.036313356,5910673.14455034,1.023478276
1355,1355,1766513.692772217,5910643.350326519,-0.582591468
1356,1356,1765353.905787476,5910648.574918211,1.062278465
1357,1357,1765370.00439008,5910653.246519083,1.095187489
1358,1358,1766490.014913834,5910626.36622887,-0.666375016
1359,1359,1765381.71425055,5910638.06270027,1.170687493
1360,1360,1765360.74066047,5910618.530431064,1.17698113
1361,1361,1765401.702201961,5910613.188212764,1.283255258
1362,1362,1766583.872131957,5910514.849573218,0.959249999
1363,1363,1766627.615604814,5910532.302019903,1.099111598
1364,1364,1766678.706779231,5910519.746512973,1.385328726
1365,1365,1766607.843930732,5910504.609763637,1.033272731
1366,1366,1765287.37664625,5910520.254942034,1.433250022
1367,1367,1765302.832151284,5910500.214292779,1.463750007
1368,1368,1766543.086525359,5910475.76785305,1.137999991
1369,1369,1766523.040192324,5910498.928616838,0.460592512
1370,1370,1766558.892210407,5910465.487180109,1.485512818
1371,1371,1765278.290283053,5910492.578243114,1.751028885
1372,1372,1766580.24036303,5910442.374894204,1.185000017
1373,1373,1766598.199400281,5910426.452076999,2.818928557
1374,1374,1766361.879826601,5910327.011534377,0.50215962
1375,1375,1766271.740218723,5910311.593060064,0.560318468
1376,1376,1766203.351685856,5910292.987331021,0.542083336
1377,1377,1765443.115226931,5910297.870739982,0.075375
1378,1378,1765425.948774417,5910238.382620614,0.212624997
1379,1379,1765421.237554238,5910208.711701612,0.164472048
1380,1380,1766170.092351977,5910284.246485528,0.307528132
1381,1381,1765871.825686771,5910123.914701044,0.119859154
1382,1382,1765895.670394041,5910119.73984094,0.449642855
1383,1383,1765879.790097884,5910109.677308463,0.434285707
1384,1384,1765422.83992056,5910108.827277184,0.081272728
1385,1385,1765839.436472552,5910100.696704996,0.127
1386,1386,1765798.656330472,5910061.611572376,0.275500002
1387,1387,1765406.365536282,5910063.643501983,0.140487807
1388,1388,1765790.461405425,5910051.801187972,0.297749999
1389,1389,1765782.266498893,5910041.990796166,0.325999995
1390,1390,1765406.06298796,5910039.361078238,0.08875
1391,1391,1765774.034454579,5910022.009413168,0.604000002
1392,1392,1765389.285743769,5909999.806262957,0.301749993
1393,1393,1765341.090603511,5909990.774907073,0.678874996
1394,1394,1765285.416535491,5909981.144028262,1.383333305
1395,1395,1765308.910067707,5909982.158385512,1.143124998
1396,1396,1765324.910323393,5909981.8466936,0.954400001
1397,1397,1765277.756209309,5909971.065689046,1.312142832
1398,1398,1765372.702896729,5909970.217775296,0.270624998
1399,1399,1765269.661593028,5909960.862310346,1.331666673
1400,1400,1765292.349860189,5909962.014264164,1.312963002
1401,1401,1765320.834714304,5909952.102237274,4.064705865
1402,1402,1765732.318947941,5909943.261606293,0.491874997
1403,1403,1765261.066013091,5909947.088876043,1.374086048
1404,1404,1765340.337670072,5909941.275215361,1.545205478
1405,1405,1765361.261251375,5909949.552259867,0.431528502
1406,1406,1765348.026956713,5909930.925216471,0.713717935
1407,1407,1765371.186853446,5909922.39478782,0.296701033
1408,1408,1765731.832331344,5909918.344815926,0.394937506
1409,1409,1765355.623994527,5909910.821781057,1.831168842
1410,1410,1767194.988958154,5909823.347541195,2.121428577
1411,1411,1766066.486049687,5909836.863268512,1.227532456
1412,1412,1767187.579909291,5909814.187334651,5.812222216
1413,1413,1767254.809921201,5909814.26968978,1.133738287
1414,1414,1767298.542140376,5909813.024643237,1.019272732
1415,1415,1767346.216829844,5909810.706902625,2.116333359
1416,1416,1765379.257715208,5909878.589962109,0.805687503
1417,1417,1765400.031187012,5909843.946852575,0.305211866
1418,1418,1766090.020404841,5909826.793945725,1.204074102
1419,1419,1767317.740206401,5909803.136427061,0.975504588
1420,1420,1767353.525324486,5909802.633189805,1.414761872
1421,1421,1765386.057691116,5909830.451777572,1.037692305
1422,1422,1766044.257355378,5909825.841077586,1.215822452
1423,1423,1767284.220277874,5909802.238944192,2.851255229
1424,1424,1766116.835492435,5909809.338882918,1.365765311
1425,1425,1767153.591560191,5909784.917302709,1.529843742
1426,1426,1767306.099717361,5909783.199948587,3.456891938
1427,1427,1765393.595125497,5909810.283374493,0.670249985
1428,1428,1767233.013125885,5909775.991916542,1.162000015
1429,1429,1767314.299315719,5909773.853294578,3.341864422
1430,1430,1765400.817393853,5909800.172285694,0.596363628
1431,1431,1766105.240048689,5909786.614021654,2.547636327
1432,1432,1767057.434998239,5909767.67268106,3.588840635
1433,1433,1767339.171440847,5909770.921115124,0.99633888
1434,1434,1765426.192519314,5909807.126779344,0.100017825
1435,1435,1766121.073615697,5909773.230316901,2.408478256
1436,1436,1766224.802199383,5909764.223116352,1.284130433
1437,1437,1767169.055735519,5909748.32053283,1.1075824
1438,1438,1765975.881241791,5909772.711940662,1.276743305
1439,1439,1765400.178542384,5909764.723388692,0.76576577
1440,1440,1765984.774251138,5909749.050133835,1.252948726
1441,1441,1767050.053420889,5909718.284415806,1.298222205
1442,1442,1765992.228233643,5909728.801198162,1.254749992
1443,1443,1767056.411846276,5909703.705101717,2.439375003
1444,1444,1765927.839169286,5909710.119514082,1.281500003
1445,1445,1767064.378559634,5909684.792614145,3.075887094
1446,1446,1765895.725921436,5909690.36153946,1.274861104
1447,1447,1767070.854329163,5909667.753686712,5.710975635
1448,1448,1765330.858974561,5909693.271607699,1.241917007
1449,1449,1765429.071976478,5909701.665234144,0.302557079
1450,1450,1765871.297369916,5909670.98944514,1.097027017
1451,1451,1765430.874785746,5909669.970025337,0.290375008
1452,1452,1765318.525156973,5909662.39070663,1.218888921
1453,1453,1765894.656275533,5909650.218327397,0.809615397
1454,1454,1767047.578946141,5909626.738813339,1.108846144
1455,1455,1765804.419470329,5909655.300816513,0.839670106
1456,1456,1767018.871240284,5909608.516960786,1.274999964
1457,1457,1765294.982012942,5909632.255032867,1.35271189
1458,1458,1766150.545781976,5909618.218412381,1.172790669
1459,1459,1766202.978656373,5909611.650043345,1.23026739
1460,1460,1765287.068334328,5909612.374521991,1.459444448
1461,1461,1766230.0395888,5909595.876837607,1.233050809
1462,1462,1766245.531727115,5909570.019904371,1.429647894
1463,1463,1766965.291433805,5909549.852508243,2.108533292
1464,1464,1765293.199544505,5909583.154158415,1.360508473
1465,1465,1764996.407489267,5909557.092539296,2.29058822
1466,1466,1766260.698371941,5909554.735108771,1.595238081
1467,1467,1766908.439959577,5909511.146323454,2.497837883
1468,1468,1764991.216611958,5909543.109990652,3.913815779
1469,1469,1765685.722151263,5909532.63586717,0.169160702
1470,1470,1767099.929780371,5909497.477188837,1.016181813
1471,1471,1765615.952795454,5909516.802784818,0.130937499
1472,1472,1766836.079576454,5909492.676463913,2.516800033
1473,1473,1767115.912668169,5909488.12008876,1.043333319
1474,1474,1765009.793890209,5909526.402052596,3.856942698
1475,1475,1767131.536062668,5909476.913536314,1.120185179
1476,1476,1766803.558466398,5909472.284863183,1.167419334
1477,1477,1765033.406994484,5909506.18823202,3.290268834
1478,1478,1765584.768783799,5909490.823120636,-0.117172998
1479,1479,1765051.473765159,5909493.528606072,1.350805355
1480,1480,1765571.176576618,5909477.794802176,0.041374999
1481,1481,1767179.110619554,5909446.265796719,1.14849997
1482,1482,1765059.820195537,5909479.669199011,1.724680842
1483,1483,1765294.866042757,5909486.110849252,1.155249986
1484,1484,1765075.235024589,5909468.189069783,1.528970629
1485,1485,1765747.584070931,5909461.018999544,0.715203252
1486,1486,1765083.619384668,5909458.394577628,2.927407364
1487,1487,1765106.457027079,5909457.140322897,0.828363621
1488,1488,1765307.232330562,5909453.601558194,0.974852924
1489,1489,1765554.010484141,5909448.218349002,-0.55191488
1490,1490,1766994.371950984,5909420.1932528,1.163396278
1491,1491,1765313.902618008,5909443.025349135,0.799433962
1492,1492,1765755.12364981,5909441.02393776,0.733135593
1493,1493,1767034.334033017,5909410.781721473,3.41160714
1494,1494,1765098.374909833,5909437.32433103,3.060000001
1495,1495,1765128.157699405,5909443.794086482,0.863990382
1496,1496,1765194.470436989,5909434.945936973,1.383108108
1497,1497,1765186.117139481,5909425.360526508,1.04342105
1498,1498,1765215.367581296,5909425.311258153,2.4010345
1499,1499,1766041.828927264,5909408.97582176,1.216071455
1500,1500,1766618.684654711,5909396.935390657,1.180047816
1501,1501,1766802.04796865,5909398.848703481,0.324625009
1502,1502,1767056.671725588,5909397.156888993,4.325878835
1503,1503,1765105.838794288,5909417.069332277,4.069874963
1504,1504,1765143.768953914,5909423.549350268,0.880817295
1505,1505,1767067.107565946,5909380.401486471,3.805909076
1506,1506,1767233.74762706,5909376.122025747,1.124599984
1507,1507,1765157.64893622,5909406.441061731,1.204403664
1508,1508,1765225.481013406,5909404.971119209,0.850545449
1509,1509,1765778.223469997,5909394.56474861,1.151911764
1510,1510,1767081.547180233,5909368.426453557,1.201139249
1511,1511,1767249.378591025,5909365.317544252,1.133928544
1512,1512,1766733.365554246,5909365.301571355,0.403855802
1513,1513,1767089.354069299,5909358.306471834,1.221265835
1514,1514,1767265.181327501,5909355.03543839,1.039056617
1515,1515,1767317.008196905,5909352.981156163,1.176769224
1516,1516,1765233.092405618,5909384.881981479,0.774181824
1517,1517,1766409.186760632,5909361.695504814,1.758250002
1518,1518,1766544.719026735,5909364.840515964,0.548702886
1519,1519,1767145.622809703,5909349.367688355,2.801707306
1520,1520,1767285.574673754,5909345.045773963,1.066168214
1521,1521,1767360.948909963,5909342.583270631,0.802328753
1522,1522,1765089.625103097,5909376.86149706,3.975535678
1523,1523,1765793.535307118,5909370.222830814,1.759402971
1524,1524,1765791.678422295,5909423.534722885,0.393279009
1525,1525,1766385.129293397,5909351.984219729,3.430983564
1526,1526,1766704.434056724,5909353.438776119,0.359688474
1527,1527,1767169.350046401,5909338.267341968,1.262500026
1528,1528,1765081.643171031,5909366.732735079,1.497499996
1529,1529,1765801.656359397,5909354.669708964,3.028360655
1530,1530,1766368.870845364,5909342.42884712,1.209866665
1531,1531,1766422.96438975,5909347.349007603,0.339400455
1532,1532,1767193.075368036,5909327.151031926,1.193437491
1533,1533,1767374.545581,5909322.765714991,1.005624978
1534,1534,1765341.251451486,5909405.143936474,0.094750859
1535,1535,1765809.642796472,5909345.411597583,2.224693848
1536,1536,1765872.630781871,5909342.290455642,0.351625006
1537,1537,1766352.60361653,5909332.89322254,0.413624992
1538,1538,1766760.580622554,5909324.884535603,0.299624995
1539,1539,1767209.119683678,5909317.840754131,1.409607836
1540,1540,1767300.984275533,5909314.83016767,1.214859791
1541,1541,1765057.50363647,5909350.739730627,1.330753136
1542,1542,1765824.68942496,5909340.083919103,1.367795269
1543,1543,1766328.409607414,5909323.396505347,0.426625004
1544,1544,1766378.455528512,5909324.908667435,0.294353316
1545,1545,1767224.660596183,5909306.14405669,1.20597221
1546,1546,1765113.040020816,5909338.394505094,4.767692236
1547,1547,1765243.245543859,5909349.256806222,0.427882655
1548,1548,1765857.046913381,5909324.0899665,0.462500001
1549,1549,1766120.226305027,5909317.505407929,1.144556955
1550,1550,1766488.204479638,5909310.292509331,0.272898033
1551,1551,1766716.191433039,5909305.815797077,0.311374998
1552,1552,1767232.435378977,5909295.986304052,1.222972962
1553,1553,1765519.049896138,5909320.065465605,0.315454544
1554,1554,1765872.046486285,5909312.390358873,0.398374997
1555,1555,1766336.017989026,5909303.30661414,0.297100836
1556,1556,1766560.004830686,5909298.91289491,0.279208331
1557,1557,1766675.997999947,5909296.634678299,0.258176099
1558,1558,1767334.524689248,5909298.115863131,2.543619787
1559,1559,1767391.790566456,5909282.3418937,1.157321453
1560,1560,1766247.828368707,5909295.064749322,1.985443033
1561,1561,1766631.804812463,5909287.532482998,0.287334527
1562,1562,1766824.800578345,5909288.697027626,1.319685857
1563,1563,1767351.268029904,5909273.487195033,4.145102014
1564,1564,1765879.929814476,5909292.58158266,0.290135133
1565,1565,1766280.529092619,5909292.668164896,0.637870373
1566,1566,1767240.106164146,5909276.634366283,1.518909088
1567,1567,1765279.148476288,5909284.280162229,-0.004444436
1568,1568,1766191.246301423,5909266.26127607,0.427874989
1569,1569,1766413.307077955,5909273.197490834,0.567385625
1570,1570,1767247.499705157,5909251.265065267,1.965238074
1571,1571,1767353.157433025,5909248.595627827,4.181250054
1572,1572,1765895.646069692,5909262.655550878,0.432307691
1573,1573,1767260.269742822,5909236.0947958,1.205203277
1574,1574,1767358.391542296,5909233.349022908,4.234339723
1575,1575,1765175.021646593,5909271.151218744,0.096187501
1576,1576,1766372.428158438,5909248.062443976,0.288022283
1577,1577,1766686.912171098,5909237.970422109,1.259838727
1578,1578,1765484.338050498,5909251.570920084,-0.21608696
1579,1579,1765910.680044885,5909241.84146402,0.615874991
1580,1580,1767411.457414814,5909222.776326211,1.17336449
1581,1581,1765334.525218504,5909243.11812487,1.226124987
1582,1582,1765382.52228863,5909242.182269528,-0.856625
1583,1583,1765470.515659324,5909240.466818671,-0.465194819
1584,1584,1764982.697614912,5909240.093650504,1.206857164
1585,1585,1765102.933523596,5909236.879106325,4.780169495
1586,1586,1765077.998039394,5909228.373740096,0.701636343
1587,1587,1765134.136994569,5909226.352618474,0.408653858
1588,1588,1767389.025339962,5909183.675298726,0.979821419
1589,1589,1765342.663289372,5909227.265178665,0.682787801
1590,1590,1765411.650252248,5909222.196855474,-0.796171227
1591,1591,1765949.739390696,5909201.396874463,0.407818181
1592,1592,1764988.035225024,5909215.792679207,0.992813841
1593,1593,1765008.383255412,5909238.80821254,1.055889018
1594,1594,1765089.766898947,5909208.00217632,0.174437497
1595,1595,1765934.269418319,5909198.558021623,0.438479999
1596,1596,1765048.212246906,5909213.880394453,0.488955225
1597,1597,1765942.743797862,5909183.373530803,0.407837838
1598,1598,1766257.48367321,5909175.229428887,0.305000007
1599,1599,1766318.352063971,5909210.285614861,0.313023149
1600,1600,1765989.309136169,5909170.509874566,0.366794875
1601,1601,1766201.299694535,5909166.71012779,0.261495326
1602,1602,1766225.297736482,5909166.240210876,0.273893799
1603,1603,1765965.69531904,5909161.868238692,0.369661016
1604,1604,1766005.11278377,5909160.229997403,0.338208342
1605,1605,1765973.700565517,5909153.105994411,0.46829269
1606,1606,1766024.91623008,5909149.872073408,0.379687492
1607,1607,1765989.418066169,5909142.822320763,0.567111111
1608,1608,1766204.940901463,5909136.681666154,0.969729718
1609,1609,1767396.612474216,5909112.947817906,1.227125001
1610,1610,1767588.430016928,5909108.890177694,1.118499985
1611,1611,1766004.891655474,5909137.664103099,0.571680669
1612,1612,1766111.233598106,5909150.888215963,0.428947922
1613,1613,1766124.715127684,5909129.818492915,1.041200005
1614,1614,1766212.990814419,5909126.909731105,0.971587295
1615,1615,1767539.712768677,5909104.969976016,1.131210433
1616,1616,1767628.267218436,5909098.856650147,1.175833335
1617,1617,1767661.446905426,5909101.642340736,1.300035029
1618,1618,1766141.112116349,5909119.354271458,0.313061228
1619,1619,1767508.224534811,5909091.530675043,1.156909112
1620,1620,1767572.190709578,5909088.813420104,3.905681732
1621,1621,1767772.208594464,5909086.355367509,1.963611099
1622,1622,1765001.596247269,5909142.475172355,0.177800826
1623,1623,1765340.208052285,5909124.088950043,0.306938777
1624,1624,1766029.123724821,5909121.443414759,0.609300908
1625,1625,1766156.23781309,5909113.218564571,0.311182791
1626,1626,1766226.400634767,5909114.396141983,1.000118326
1627,1627,1766244.103308067,5909104.971041881,1.034999999
1628,1628,1767531.896747786,5909079.772147147,1.500566091
1629,1629,1767584.775867527,5909080.45753124,4.915571499
1630,1630,1767659.809908772,5909080.205402832,4.752093132
1631,1631,1766256.384881194,5909097.478884475,2.072795664
1632,1632,1767349.336466128,5909074.24160764,1.424285701
1633,1633,1767416.919558907,5909082.924316949,0.907673381
1634,1634,1766356.003727578,5909089.726074071,0.893591552
1635,1635,1767464.515767259,5909062.307180043,1.27578574
1636,1636,1764987.642372797,5909100.314015562,-0.841375006
1637,1637,1767355.89747613,5909059.743229486,1.350785739
1638,1638,1767475.926336773,5909052.92524472,1.28357146
1639,1639,1764964.236101737,5909090.080559346,0.260847453
1640,1640,1765267.423499498,5909084.898076016,-0.001041667
1641,1641,1767491.736147783,5909042.69084106,1.921568653
1642,1642,1766381.743686081,5909064.114759239,0.877340151
1643,1643,1767363.388310721,5909039.396310747,2.187027045
1644,1644,1767507.288652696,5909031.347542108,2.261891906
1645,1645,1764819.385150549,5909073.279046517,1.089857168
1646,1646,1764971.06250266,5909070.72500762,-0.900000004
1647,1647,1767515.435302112,5909021.789976079,2.394461535
1648,1648,1764812.123153131,5909063.266707516,1.06660379
1649,1649,1765190.847892222,5909056.478115501,0.086100629
1650,1650,1766394.55302814,5909037.940135638,0.901100909
1651,1651,1767370.89848966,5909019.088546271,1.784645178
1652,1652,1764832.49004471,5909053.477971189,1.049072164
1653,1653,1765162.656545227,5909047.05656872,0.131874999
1654,1654,1766418.347698855,5909022.266484074,1.383611106
1655,1655,1765150.463762401,5909037.323441006,0.1999375
1656,1656,1766410.927325214,5909012.692618514,0.877391281
1657,1657,1764898.294200178,5909032.258309033,2.332250023
1658,1658,1765210.106285983,5909026.393059182,0.770181808
1659,1659,1766421.714114435,5909001.926270498,1.009904775
1660,1660,1765185.914554346,5909016.893672238,0.755454552
1661,1661,1764900.683715628,5909011.911164579,0.157051291
1662,1662,1764919.367130333,5909018.554840317,-0.341124999
1663,1663,1765081.694474381,5908998.780113897,0.194375004
1664,1664,1766354.123844691,5908971.659439715,1.074418589
1665,1665,1764761.533241205,5908995.033714759,0.769750005
1666,1666,1764897.519276708,5908992.391374435,-0.891500015
1667,1667,1766345.479602133,5908963.962063982,1.227272744
1668,1668,1767386.071614503,5908944.360705676,1.35322035
1669,1669,1764745.341336323,5908985.377733472,0.836249997
1670,1670,1765137.143247187,5908977.961333263,0.756666666
1671,1671,1766337.212662589,5908954.270811277,1.538101255
1672,1672,1767401.347983385,5908933.823303645,2.192999959
1673,1673,1764764.705466201,5908975.693331661,0.74536362
1674,1674,1765029.11814198,5908969.891687988,0.2089375
1675,1675,1765120.950907791,5908968.306054808,0.84836365
1676,1676,1764752.953391713,5908965.28903993,0.721624996
1677,1677,1765070.619674727,5908974.640687156,0.546600221
1678,1678,1766329.004599831,5908940.047793019,1.023867912
1679,1679,1767409.444950217,5908919.931547504,4.251666538
1680,1680,1765061.167057432,5908948.665227795,0.827678575
1681,1681,1764808.581765473,5908954.118344618,0.430314964
1682,1682,1765040.377570055,5908939.962577666,0.934629618
1683,1683,1767417.15359088,5908900.108853563,4.478288187
1684,1684,1765024.185419877,5908930.307120317,0.928392862
1685,1685,1767424.363626691,5908883.344676239,4.595479449
1686,1686,1765007.993307372,5908920.651633197,0.932678563
1687,1687,1764959.962309267,5908911.413980614,0.282874997
1688,1688,1766344.152901997,5908883.966384061,4.123972543
1689,1689,1767432.309673558,5908869.595038639,2.540606064
1690,1690,1764797.790559119,5908915.860268832,0.284068967
1691,1691,1764951.769688337,5908901.602670595,0.343124997
1692,1692,1767440.069226992,5908853.430056754,1.125692296
1693,1693,1764719.782046593,5908895.846276749,0.761578948
1694,1694,1766328.796879821,5908863.575242244,1.734634135
1695,1695,1767447.447907004,5908842.909743796,1.479210538
1696,1696,1764783.984686459,5908884.922509834,0.058163245
1697,1697,1764671.487485103,5908876.415465359,0.628955222
1698,1698,1764663.158739465,5908867.154087798,0.882857132
1699,1699,1766312.104396684,5908834.607567808,1.169454562
1700,1700,1767459.456137638,5908822.441328223,1.216775535
1701,1701,1767471.102969535,5908789.202725742,1.186789017
1702,1702,1764795.901070558,5908836.512604423,0.124136986
1703,1703,1766313.090614493,5908809.799293831,1.726403153
1704,1704,1764663.240484154,5908818.015480137,1.22433962
1705,1705,1764670.114495913,5908803.166487216,2.12434482
1706,1706,1767484.053728574,5908752.500355228,1.1302697
1707,1707,1765132.382769214,5908767.374694581,1.012468353
1708,1708,1764681.753958711,5908778.898531569,1.021747965
1709,1709,1764837.167706586,5908769.229319847,-0.0715
1710,1710,1764701.019921094,5908761.9770071,1.026918245
1711,1711,1765066.023893452,5908749.064930378,0.78698413
1712,1712,1765156.677834156,5908748.26044409,0.985000017
1713,1713,1764720.007032901,5908754.76110545,1.211626784
1714,1714,1764736.800075354,5908746.325240726,2.073312103
1715,1715,1764844.779317882,5908749.140523466,0.000187499
1716,1716,1765053.041741805,5908739.564608194,0.973142844
1717,1717,1765164.640259006,5908737.933726924,0.988499985
1718,1718,1764756.807197396,5908742.293911197,1.562835813
1719,1719,1764852.487701608,5908734.035132638,-0.165875001
1720,1720,1765044.665384094,5908730.024527534,0.797142851
1721,1721,1765172.459294127,5908728.538031249,0.906274496
1722,1722,1764860.293073072,5908723.912831907,-0.167374999
1723,1723,1765036.453448818,5908720.270269711,0.77277776
1724,1724,1764776.283240096,5908726.051545005,1.161405626
1725,1725,1765028.981873599,5908709.922048167,0.755818186
1726,1726,1764796.172731333,5908705.58565327,1.133013694
1727,1727,1764868.001303103,5908708.807232293,-0.078562502
1728,1728,1764916.287302232,5908692.913379981,0.57199999
1729,1729,1764819.637591874,5908684.949037179,1.15434213
1730,1730,1765091.328362853,5908679.739289766,0.080178575
1731,1731,1765003.819524826,5908670.501631539,0.745538472
1732,1732,1764859.130759533,5908664.112886045,0.455500002
1733,1733,1764931.120491538,5908662.713639124,0.695624994
1734,1734,1765051.243130958,5908657.378263837,-0.187606172
1735,1735,1764930.732918765,5908642.780273573,0.486375011
1736,1736,1764835.551114703,5908645.411455,0.681152481
1737,1737,1764951.610953088,5908639.955533784,0.803333339
1738,1738,1764962.340716226,5908622.224664317,-0.277750017
1739,1739,1764805.535068982,5908608.420306709,-0.199452737
1740,1740,1765114.183102534,5908599.622608858,0.969999988
1741,1741,1764817.780799159,5908595.123337281,-0.235874996
1742,1742,1764963.988508685,5908605.350895601,-0.014775213
1743,1743,1765122.224222477,5908585.510399432,0.903282446
1744,1744,1764873.219555201,5908573.903975639,0.757962971
1745,1745,1765169.17469547,5908568.146293974,1.192142843
1746,1746,1764689.266639585,5908567.641023913,0.375641015
1747,1747,1764921.169704502,5908562.47559064,0.863090913
1748,1748,1765129.648011182,5908565.030251928,2.360579702
1749,1749,1764674.136653227,5908557.048422177,-0.315199995
1750,1750,1764704.828647076,5908564.081582816,-0.008644068
1751,1751,1764816.848560113,5908555.461041071,0.896363621
1752,1752,1764859.82906547,5908556.022334282,0.770312523
1753,1753,1765136.373574654,5908549.045231136,0.981200008
1754,1754,1764792.65863133,5908545.96058765,0.941785691
1755,1755,1765176.599074069,5908538.49277342,2.282407365
1756,1756,1764776.467506417,5908536.304687456,0.846481477
1757,1757,1765184.561260226,5908528.166026783,3.834363638
1758,1758,1764640.410887711,5908518.601722944,0.00175676
1759,1759,1764744.085369615,5908516.992797754,0.734107135
1760,1760,1765192.755049528,5908508.065515998,2.095199959
1761,1761,1764632.098074962,5908508.955412239,-0.543670866
1762,1762,1765199.976430242,5908497.954406464,1.023875
1763,1763,1764640.030068844,5908498.669826866,-0.589999974
1764,1764,1765112.17761026,5908489.27970952,0.897605632
1765,1765,1765211.347208479,5908487.178258404,0.358073398
1766,1766,1765287.768190568,5908486.273626677,3.172102994
1767,1767,1765105.267684569,5908479.701311946,0.937674399
1768,1768,1765119.573527281,5908480.052544473,1.158493138
1769,1769,1765164.582842956,5908475.14094161,0.955721921
1770,1770,1765189.385415422,5908461.161267819,0.980972746
1771,1771,1765207.376924351,5908448.985105884,1.158095265
1772,1772,1765223.078140868,5908438.049105254,0.931216228
1773,1773,1765286.63959232,5908436.644471453,0.823749995
1774,1774,1764508.550314957,5908441.522639926,1.185040007
1775,1775,1764526.573180334,5908441.451162518,1.084909097
1776,1776,1764542.748926374,5908444.785241282,1.122411337
1777,1777,1764679.424187564,5908490.730080963,1.071946175
1778,1778,1765230.838498981,5908427.816239869,0.591066669
1779,1779,1764632.774343903,5908462.707550822,0.625860408
1780,1780,1765238.450840261,5908417.481768707,0.476666668
1781,1781,1765246.546814407,5908403.648330267,0.523257572
1782,1782,1764685.484296836,5908402.704761604,0.999082565
1783,1783,1765254.350843329,5908387.771020672,0.830447754
1784,1784,1764509.609347102,5908391.928055029,1.102222213
1785,1785,1764578.344866064,5908407.914740825,1.274051882
1786,1786,1765262.311220583,5908373.98214177,1.340521749
1787,1787,1764517.364745629,5908370.908537936,0.845531894
1788,1788,1764468.802119101,5908362.793040887,0.924473678
1789,1789,1764558.731736726,5908368.586985574,1.104114113
1790,1790,1764709.15132543,5908357.942955651,1.112000018
1791,1791,1765269.87791265,5908353.492564072,1.494508194
1792,1792,1765284.46589328,5908346.751306777,1.835185169
1793,1793,1764413.201298118,5908352.357284028,1.054642853
1794,1794,1764585.142054594,5908350.474615637,1.111612917
1795,1795,1764668.964946849,5908348.75280696,-0.074999995
1796,1796,1765276.856443428,5908336.929254787,0.984874983
1797,1797,1764420.574773794,5908344.283552921,1.049857137
1798,1798,1764385.233670115,5908336.852378828,0.989317393
1799,1799,1765284.735170516,5908308.64486972,1.089653461
1800,1800,1764618.529991372,5908308.054796094,1.525581356
1801,1801,1764641.547092735,5908286.710181886,1.150091733
1802,1802,1765295.988213295,5908276.32337725,2.707982839
1803,1803,1764651.419968023,5908269.329906136,1.055999985
1804,1804,1765307.437645199,5908256.759674464,1.602368422
1805,1805,1764635.871092396,5908208.808466243,1.1607692
1806,1806,1764617.82012066,5908180.066269149,1.243766263
1807,1807,1764594.001105675,5908159.64683531,1.165961548
1808,1808,1764585.528902466,5908150.356722521,1.449384586
1809,1809,1764577.101927677,5908140.907813921,1.079220786
1810,1810,1764504.454945834,5908101.092705629,1.106199967
1811,1811,1764520.171523866,5908103.106464332,1.110204086
1812,1812,1764496.118115496,5908092.676157778,1.146363605
1813,1813,1764488.010131058,5908082.805536683,1.193157922
1814,1814,1764480.88869748,5908062.835916455,1.216956512
1815,1815,1764498.301606113,5907813.939875237,4.886764786
1816,1816,1764478.359074588,5907803.726916529,1.389380538
1817,1817,1764466.189600693,5907795.070041056,0.926938778
1818,1818,1764450.45156282,5907715.056871925,0.299375011
1819,1819,1764455.854699792,5907704.809539469,0.049444447
1820,1820,1764431.0304511,5907604.868585025,1.085076917
1821,1821,1764422.690375441,5907595.276832348,1.045303019
1822,1822,1764449.872587172,5907595.912843788,0.8946789
1823,1823,1764414.36945316,5907585.649043501,1.013918921
1824,1824,1764437.957391539,5907585.310151891,1.134310346
1825,1825,1764397.800842685,5907566.279378766,1.027215172
1826,1826,1764389.564029159,5907556.528098115,1.03076924
1827,1827,1764277.37951877,5907548.015078952,2.96875007
1828,1828,1764378.746578898,5907546.229561001,1.15782259
1829,1829,1764365.959859733,5907535.918557835,1.441509419
1830,1830,1764357.595536324,5907526.390028144,2.530468747
1831,1831,1764275.082253795,5907509.140456934,2.797555531
1832,1832,1764340.914147347,5907507.211799327,2.26704226
1833,1833,1764332.602825319,5907497.568133053,1.004533334
1834,1834,1764324.278701209,5907487.935859166,0.764303778
1835,1835,1764316.030679501,5907478.200127245,0.475875
1836,1836,1764053.178814794,5907476.62342566,2.469405674
1837,1837,1764300.206735299,5907467.706313726,0.881451605
1838,1838,1764027.806959061,5907464.486554365,1.589019565
1839,1839,1764096.129928464,5907478.419613464,2.573881124
1840,1840,1764323.484558815,5907458.316097194,1.281481479
1841,1841,1764203.436725871,5907448.740395172,4.417407513
1842,1842,1764227.490539244,5907450.731219122,4.437316988
1843,1843,1764283.302882068,5907449.124269441,0.698518512
1844,1844,1764034.242742677,5907445.364268798,4.640407995
1845,1845,1764026.323885045,5907434.464119678,4.818749949
1846,1846,1764144.097656494,5907441.111580099,2.322651516
1847,1847,1764178.808255271,5907421.204396868,1.343208324
1848,1848,1764018.161686705,5907414.61923703,1.945624983
1849,1849,1764224.214705395,5907411.946512804,1.495588229
1850,1850,1764009.957533866,5907394.751798785,1.969444464
1851,1851,1763991.572893888,5907387.130106131,2.255619033
1852,1852,1763966.009275811,5907375.301297042,3.079375031
1853,1853,1763948.832648866,5907359.311836412,5.226807218
1854,1854,1764267.872611866,5907372.831645951,1.35293912
1855,1855,1764281.67103425,5907335.755910543,1.349230768
1856,1856,1764289.615003561,5907320.77111156,0.928979591
