OID,FID_,X,Y,BCE_Opua_I
0,0,1701620.69620601,6099569.356222944,-0.370250046
1,1,1701595.559066754,6099514.835480498,-0.373535255
2,2,1701738.035326699,6099463.410501712,-0.10800004
3,3,1698070.949095601,6099374.217673195,1.062371798
4,4,1698332.494438339,6099243.345270385,-0.657673678
5,5,1698184.188518096,6099278.274529577,0.271164302
6,6,1698134.705673792,6099079.759067158,0.652364478
7,7,1698141.329886174,6099049.3137153,1.241915193
8,8,1698333.816990991,6099071.193789146,-0.617229866
9,9,1697734.931022462,6098551.053782967,-0.48629999
10,10,1697644.924567538,6098542.063366972,-0.664425004
11,11,1697866.262742875,6098545.379287642,0.649182751
12,12,1698112.730723727,6098854.594867464,0.592369859
13,13,1697988.011177756,6098538.551236934,-0.8586607
14,14,1697783.750917288,6098530.596958796,-0.649049988
15,15,1697628.41797536,6098527.295638537,-0.671064716
16,16,1697841.01385284,6098519.808190356,-0.475473693
17,17,1697609.115151788,6098505.915252882,-0.631920171
18,18,1697562.552937311,6098483.168761306,0.105522726
19,19,1697589.140386071,6098485.372600209,-0.301531185
20,20,1697554.272553281,6098473.294172161,0.165674997
21,21,1697545.938525339,6098458.438020794,0.294620252
22,22,1697537.443188667,6098428.637247431,0.181595375
23,23,1697651.227148837,6098327.377132054,-0.610444972
24,24,1697593.035390469,6098149.274633853,-0.147010954
25,25,1697534.06477651,6097989.77710534,-0.799821458
26,26,1697573.291100729,6097964.190755232,-0.800098042
27,27,1697522.035987496,6097951.261871945,-0.267823795
28,28,1697572.705523675,6097925.271382281,-0.940800047
29,29,1697540.030917246,6097911.612376488,0.255755395
30,30,1701292.760428773,6097866.155804846,-0.469243523
31,31,1701282.894870816,6097834.533650204,-0.445307739
32,32,1697579.884965364,6097871.014314768,-0.612670839
33,33,1698431.000508267,6097851.088932092,5.44366676
34,34,1697637.563401273,6097859.428696173,-0.50331631
35,35,1701183.690289422,6097775.711251724,-9999.0
36,36,1697669.251222125,6097788.542799637,0.262876849
37,37,1697808.022587894,6097753.129942247,0.042400001
38,38,1697738.438959151,6097745.608435055,0.321259317
39,39,1698423.936244628,6097766.080714605,4.229707758
40,40,1698421.673141395,6097706.666962096,3.421333308
41,41,1698421.29939182,6097686.652014622,4.274285708
42,42,1698412.697702867,6097622.889127715,3.243714033
43,43,1698386.489649492,6097587.417118162,2.300811936
44,44,1698378.209226282,6097577.543270551,3.382467036
45,45,1698369.92898653,6097567.66933468,2.956606677
46,46,1698353.259894065,6097537.958403465,-0.961000025
47,47,1698344.979583062,6097528.084462903,-9999.0
48,48,1698333.903071767,6097511.598173855,0.241599961
49,49,1698319.813357298,6097468.573543969,2.805385963
50,50,1696409.075843756,6097389.114388445,1.354184923
51,51,1696439.286572637,6097387.191390418,1.357120032
52,52,1696480.16183417,6097387.932068544,1.376781216
53,53,1696500.453131594,6097378.601342724,1.099142006
54,54,1696165.36841729,6097351.555668783,1.101292866
55,55,1698371.300364983,6097318.549778171,-0.047176995
56,56,1698399.737725753,6097303.293518496,2.647774177
57,57,1698432.260734962,6097287.992631828,4.743538128
58,58,1698452.143518685,6097277.231001509,5.125836359
59,59,1696078.830622496,6097293.217830365,1.749798922
60,60,1698473.067905112,6097267.823496232,2.177107093
61,61,1698505.26042276,6097237.375302696,0.193555517
62,62,1696878.825169207,6097225.086376933,1.255825001
63,63,1696044.819782466,6097229.539658047,1.709090906
64,64,1696855.933074735,6097214.588526097,0.988826929
65,65,1696034.356812568,6097241.407762686,1.677858763
66,66,1696829.206549926,6097185.966619898,0.819999996
67,67,1696886.729199514,6097200.091210463,2.3827403
68,68,1697483.078323049,6097178.723731508,1.012867744
69,69,1697482.695725698,6097158.595291388,0.780428548
70,70,1697531.783581892,6097148.304987436,0.741375007
71,71,1697617.259251726,6097117.488564104,1.603261711
72,72,1697637.579643596,6097107.304708481,1.297581406
73,73,1697636.552708504,6097067.459158097,1.408058865
74,74,1698592.239143356,6097051.424704907,1.402463599
75,75,1698600.378930737,6096967.303356701,2.379372851
76,76,1698607.84545502,6096957.257579239,-9999.0
77,77,1696177.419226065,6096978.55984039,0.982534967
78,78,1698624.565895894,6096937.146475652,-0.526941221
79,79,1697455.659371339,6096909.987669898,0.607999983
80,80,1702652.508453472,6096852.373587719,0.220000001
81,81,1702525.742249857,6096843.850097322,-0.077987497
82,82,1702668.737458102,6096842.224626324,0.263725
83,83,1696899.80949715,6096896.044482362,0.167400001
84,84,1698620.902450186,6096850.757911896,3.327297729
85,85,1702675.083253533,6096804.161086625,0.222820512
86,86,1698607.135210452,6096837.694698776,3.795521767
87,87,1702501.192789671,6096812.951779597,-0.131039369
88,88,1696948.300979465,6096845.702971796,0.351825001
89,89,1702471.976885008,6096784.641222632,1.040359656
90,90,1702666.171763646,6096782.653553148,0.109047617
91,91,1698582.404200156,6096818.036642597,0.142176195
92,92,1702480.171497209,6096774.412933851,-0.5064231
93,93,1696964.42904537,6096825.601394161,-0.481034507
94,94,1698574.124391322,6096808.162798963,0.669250001
95,95,1695938.340529752,6096826.814420936,0.748245902
96,96,1698565.844486726,6096798.289050338,0.868924996
97,97,1696592.868104817,6096810.238314989,1.396911099
98,98,1697013.241013317,6096805.148501061,-9999.0
99,99,1698557.564505084,6096788.415216547,0.737839078
100,100,1702397.7465545,6096725.713893064,-0.280274999
101,101,1702414.131188155,6096730.527520711,-0.431522747
102,102,1695999.121711725,6096786.100813095,0.673224476
103,103,1696792.302921224,6096777.6285247,0.209109187
104,104,1696020.038957926,6096775.914170261,1.684137809
105,105,1702389.392845446,6096710.8772412,-0.240678572
106,106,1697382.527464095,6096950.472083757,0.371252582
107,107,1698519.43967302,6096756.376864123,-0.363803671
108,108,1696814.349405766,6096754.752168489,0.151258028
109,109,1696832.027549683,6096727.38167,0.102333369
110,110,1701882.169029051,6096661.816300957,-0.613000035
111,111,1698523.630000421,6096689.348244023,0.472438589
112,112,1696853.7693514,6096699.412396522,0.060099468
113,113,1696872.780604593,6096677.327927217,-9999.0
114,114,1696889.345248582,6096667.185952364,-9999.0
115,115,1696905.405139246,6096656.118471269,-9999.0
116,116,1697648.639958093,6096618.940801484,0.186832141
117,117,1697671.18487245,6096613.050371941,-0.127657571
118,118,1697858.296516913,6096600.926205118,0.393082107
119,119,1698486.406190857,6096625.790843175,1.466177984
120,120,1698463.878309879,6096440.690986112,-0.225399993
121,121,1698291.316575333,6096352.894504177,-0.579074996
122,122,1698270.781490403,6096343.153968586,-0.467649982
123,123,1698250.246450916,6096333.413385856,-0.151371896
124,124,1698536.217963413,6096330.29491567,0.798050016
125,125,1699483.680628588,6096290.006055028,-0.603000041
126,126,1696472.740353113,6096312.719548112,1.77782502
127,127,1698486.759308826,6096290.978193096,0.105125001
128,128,1696525.723597884,6096302.931780897,1.236269226
129,129,1696542.06470342,6096302.75695356,0.920528247
130,130,1696574.73918299,6096301.680785443,1.106032514
131,131,1699565.166814578,6096269.178703919,0.401384569
132,132,1696606.903150168,6096291.205433154,0.862348685
133,133,1698463.118616403,6096279.36875688,0.567198365
134,134,1698445.580308146,6096261.534849107,1.816414657
135,135,1696606.938628124,6096271.648100051,0.999614036
136,136,1698437.309047451,6096252.387438797,0.632727278
137,137,1699495.58935069,6096202.949721754,0.22935187
138,138,1696295.991214128,6096215.70936969,-0.18431481
139,139,1699482.439344211,6096170.172867785,-0.030138654
140,140,1699481.327211116,6096130.604130469,-0.48195921
141,141,1698141.356003067,6096115.652137801,-0.787243922
142,142,1696000.892821783,6096128.450081015,-0.590164582
143,143,1698124.599450205,6096105.604129969,-0.503890917
144,144,1696629.799027667,6096101.808549543,1.073399991
145,145,1698132.89221108,6096081.00507367,-0.396790851
146,146,1703566.245836315,6096004.925144953,0.221696247
147,147,1698114.440552417,6096055.893674444,-0.410167169
148,148,1696094.109259641,6096057.709123464,0.209953159
149,149,1695951.022681623,6096049.267827745,-0.785000026
150,150,1696168.163985138,6096063.79555319,0.32061494
151,151,1696245.153949896,6096046.135009223,0.60980244
152,152,1695942.746425221,6096039.39171933,-0.785000026
153,153,1698099.708886792,6096016.197401235,-0.268800011
154,154,1696052.863481472,6096039.638357352,0.563820608
155,155,1696683.913426642,6096059.724360817,0.861294269
156,156,1703630.693734881,6095924.469908913,0.681974008
157,157,1697727.204012764,6095950.490226078,-0.106713366
158,158,1697673.989462525,6095941.102257379,-0.350725002
159,159,1698033.480417516,6095937.203185832,-0.035444444
160,160,1696525.963931886,6095943.493738254,-0.733114683
161,161,1697453.28520169,6095933.524827371,-0.412794872
162,162,1697649.371000773,6095931.404600182,-0.265604938
163,163,1697796.43518492,6095929.811721814,-0.176114941
164,164,1695851.814794624,6095940.716963375,-0.785000026
165,165,1696376.772090996,6096025.047627602,0.057398981
166,166,1697767.896906226,6095933.667852632,0.070741486
167,167,1695978.805502071,6095976.782515796,-0.072087772
168,168,1697473.49551289,6095913.378144715,-0.230082349
169,169,1696823.392955484,6096632.813752823,0.625103938
170,170,1697591.855954038,6095902.134411437,-0.105250001
171,171,1697499.54554096,6095896.93526547,-0.068753058
172,172,1697575.407740324,6095892.348157248,-0.015642856
173,173,1695838.488311748,6095916.944542555,-0.782557719
174,174,1696519.528834328,6095906.244145861,0.063300479
175,175,1697541.284333036,6095878.512908148,0.141270346
176,176,1697987.441566781,6095890.226295527,0.159534717
177,177,1703530.681778769,6095806.045309956,0.257207547
178,178,1696565.414077181,6095881.354076699,0.250984489
179,179,1696651.046118325,6095852.47731134,-0.519680029
180,180,1696672.397536254,6095842.864990035,-0.564267895
181,181,1695918.710579264,6095881.452926788,0.217205655
182,182,1696708.456591089,6095832.138131845,-0.855000019
183,183,1696741.192976975,6095821.618662596,-0.855000019
184,184,1699641.59099689,6095790.050946981,0.700792157
185,185,1695826.034130958,6095821.421476068,-0.011463357
186,186,1696777.744770554,6095801.298330816,-0.850046018
187,187,1695834.157947804,6095801.202593005,-0.505586226
188,188,1699624.986080604,6095765.296700722,1.794192679
189,189,1697855.989814816,6095858.187784809,0.288984843
190,190,1703610.598404421,6095695.489538068,0.156912281
191,191,1696814.082568464,6095761.051834581,-0.438825005
192,192,1703227.2685541,6095660.056197339,0.035674998
193,193,1695849.485918866,6095721.53112791,0.072448284
194,194,1697418.129993923,6095704.728442107,0.263441664
195,195,1695856.954339809,6095711.487651795,-0.13255172
196,196,1696838.004574082,6095705.992226576,-0.146674998
197,197,1697458.657240232,6095674.398155834,1.840250002
198,198,1703600.505757015,6095621.187968305,0.171720317
199,199,1703566.17011104,6095817.031766579,0.359701408
200,200,1703422.445781149,6095578.831995383,-0.12961226
201,201,1703584.158317571,6095572.26439181,0.40114392
202,202,1697466.01855604,6095614.737908029,-0.087694544
203,203,1695853.824765683,6095649.245134625,-0.367450257
204,204,1699819.019272556,6095578.840016662,1.530774972
205,205,1703570.484696496,6095531.353514143,0.195565503
206,206,1703560.412928829,6095496.807529421,0.103694117
207,207,1703552.128731014,6095486.938232952,0.133850001
208,208,1695938.287872541,6095575.666558875,0.697601921
209,209,1695651.609777388,6095554.241342362,-0.499569531
210,210,1695910.512343444,6095544.549252765,1.10648351
211,211,1695665.362370609,6095539.84993015,-0.6830973
212,212,1697427.757281826,6095576.363266044,0.05380454
213,213,1703519.587168851,6095447.454089083,-0.40005884
214,214,1695885.819486978,6095524.851221152,-0.063982563
215,215,1696664.515126282,6095513.347518014,1.021505954
216,216,1695696.121252741,6095513.912760373,-0.685000002
217,217,1695810.040402232,6095513.368489039,0.321000011
218,218,1695866.4071457,6095511.764182682,0.368500003
219,219,1695724.014236798,6095503.652667075,-0.685000002
220,220,1695793.336798287,6095503.901721089,1.049949736
221,221,1695745.65064194,6095473.530726568,0.195522316
222,222,1702398.921798121,6095390.494240007,-9999.0
223,223,1695756.76033902,6095453.484564994,1.179688325
224,224,1702308.488445017,6095341.698709595,-9999.0
225,225,1703468.209620195,6095308.746088709,-9999.0
226,226,1702447.092250493,6095315.214572675,-9999.0
227,227,1703382.602262435,6095291.668538884,-0.144982325
228,228,1703434.737605178,6095293.265996758,-9999.0
229,229,1696838.194966291,6095303.022279953,1.29547709
230,230,1701915.212580995,6095246.507113529,-0.67020005
231,231,1701931.439468401,6095236.359415994,-0.462877594
232,232,1703949.356492077,6095213.330047878,1.258338656
233,233,1704165.36319806,6095190.738816126,1.471904083
234,234,1703548.697427564,6095188.045334388,-0.54620003
235,235,1702576.392613689,6095189.190438182,-9999.0
236,236,1704193.987784941,6095170.649803135,0.931949995
237,237,1703244.680919194,6095171.111411871,0.948399999
238,238,1704210.211912733,6095160.498027895,0.775324674
239,239,1696995.887642273,6095191.141498324,-0.365625
240,240,1702564.710097595,6095119.976072983,-0.666142898
241,241,1701488.706734824,6095101.85095166,-0.455920044
242,242,1704266.363076583,6095070.169163695,1.016528004
243,243,1696970.736307044,6095131.626909399,-0.413092141
244,244,1702770.421020403,6095007.622853567,-9999.0
245,245,1701354.33828157,6095010.509100139,0.149097287
246,246,1697271.611044463,6094998.852807418,0.439277465
247,247,1696908.811029703,6094982.798161669,0.813933333
248,248,1696952.79086079,6094982.357256082,0.441143754
249,249,1696969.022475203,6094972.218581954,0.557285708
250,250,1697025.612284416,6094971.609986786,0.675781814
251,251,1696902.427361398,6094963.443470129,0.666813553
252,252,1697046.003422284,6094961.636981685,0.869811013
253,253,1697115.963612596,6094960.673386387,0.687325005
254,254,1697079.090572432,6094950.759112174,0.866376056
255,255,1697308.398472996,6094935.21973451,0.740152948
256,256,1701385.522136096,6094887.117370501,-0.501785755
257,257,1696927.621576983,6094922.84998154,0.647877326
258,258,1697319.929992715,6094918.41373468,0.901438578
259,259,1697151.124382383,6095129.905403705,0.310698307
260,260,1696929.096479961,6094904.013107607,0.781207543
261,261,1700285.012285271,6094866.207257286,-9999.0
262,262,1701369.567874102,6094865.244800652,-0.588370743
263,263,1697313.995134066,6094888.38629026,0.771882362
264,264,1697368.352966326,6094878.238687744,1.65345002
265,265,1700276.621441134,6094846.37183392,-9999.0
266,266,1696914.010098126,6094877.120516665,0.674714267
267,267,1697349.554904046,6094858.513231498,1.789938755
268,268,1700265.544240411,6094829.887986266,0.342146914
269,269,1700251.789162461,6094817.481732752,0.801228087
270,270,1701337.072124296,6094822.789455902,-0.285754109
271,271,1696554.697305054,6094857.465169804,1.538143671
272,272,1701294.585320358,6094755.68120944,-0.272286781
273,273,1696532.620582622,6094806.752418629,1.900745948
274,274,1696835.638536938,6094724.547318002,0.772410271
275,275,1696874.771659774,6094564.700337599,0.767799996
276,276,1702037.473566974,6094497.797983122,0.114622223
277,277,1702119.163847365,6094496.873282323,0.422800002
278,278,1702135.501904453,6094496.688253332,1.08182224
279,279,1701972.418111168,6094491.973164466,-0.527879065
280,280,1704438.907327792,6094460.465319135,1.402573599
281,281,1702101.058209902,6094485.808137855,0.269501714
282,282,1702142.985835272,6094470.998076201,1.280333317
283,283,1702126.606156272,6094447.171503841,0.061821427
284,284,1702135.307744646,6094426.939801725,0.122234567
285,285,1696846.755278317,6094448.181676548,1.032539718
286,286,1704396.941963779,6094351.218235503,0.936558327
287,287,1696816.091251568,6094425.832062167,0.58200278
288,288,1696787.393314285,6094416.175957915,-0.157170587
289,289,1696755.340195681,6094392.751702042,0.196300502
290,290,1700099.425650505,6094340.16152054,-0.416543189
291,291,1704009.288076169,6094289.232360286,0.138498338
292,292,1700091.198224928,6094320.119909499,-0.874272717
293,293,1704174.623333345,6094735.442173446,0.556366188
294,294,1704036.359021282,6094255.741126876,0.500444981
295,295,1696858.949282722,6095138.879739546,0.525605828
296,296,1704003.56871126,6094246.15495902,0.448832
297,297,1696593.762508888,6094318.610479322,0.815122807
298,298,1703970.778470742,6094236.568666053,0.283175004
299,299,1696642.668269088,6094308.122289932,0.472036361
300,300,1696730.946522676,6094332.587507308,0.093579535
301,301,1696696.253930832,6094297.583635003,0.085701588
302,302,1700082.258605544,6094265.619856771,-0.893592612
303,303,1701331.682086416,6094226.908878547,0.737896067
304,304,1701478.840577299,6094225.099855715,-0.053875025
305,305,1703840.213893724,6094198.215368584,-0.174618184
306,306,1703312.617084502,6094194.311426217,0.089705881
307,307,1703324.756086073,6094184.20791871,0.027125
308,308,1703774.038668848,6094179.048306576,-0.117174998
309,309,1703757.586377016,6094169.273297469,-0.094717648
310,310,1703741.13421794,6094159.498163571,-0.087973682
311,311,1703724.682095066,6094149.723000335,0.040825001
312,312,1700064.818656743,6094181.321232527,-0.894259267
313,313,1703708.230056655,6094139.947760034,-0.048200002
314,314,1703691.778085922,6094130.172492832,-0.086349994
315,315,1702221.295221396,6094136.998383522,0.225700001
316,316,1702261.799894155,6094106.64613477,1.396100023
317,317,1700080.822277594,6094121.357830201,-0.865941216
318,318,1700064.262571158,6094116.355128515,-0.174587497
319,319,1700047.704188884,6094096.610278427,-0.255849996
320,320,1701934.151605692,6094030.641339266,-0.836259258
321,321,1701950.263564542,6094010.530372254,-0.728623372
322,322,1706236.271672964,6093969.561504713,1.151029016
323,323,1700079.430633061,6094010.835076485,-0.874317686
324,324,1699099.104353912,6094012.425269981,0.805300017
325,325,1699507.561626446,6094007.887879998,0.652314609
326,326,1698821.265113864,6094005.510624721,0.648549146
327,327,1699523.757726959,6093997.783794913,0.619249976
328,328,1702342.386072466,6093956.266053888,1.973933327
329,329,1706294.23122351,6093904.325525324,1.761509787
330,330,1700076.147407694,6093974.470139958,-0.339368043
331,331,1700045.990796723,6093942.182534523,-0.430449998
332,332,1700037.711612529,6093932.310222785,-0.568074995
333,333,1706302.956380327,6093860.617297534,1.801380577
334,334,1700029.377334278,6093917.456244802,-0.714703697
335,335,1702079.011631327,6093889.501229418,0.787925921
336,336,1698893.798307257,6093915.036949094,0.582149997
337,337,1702422.570281302,6093875.640461821,1.628133727
338,338,1706310.772480779,6093830.631516521,1.853450035
339,339,1700002.759229808,6093899.67114336,-0.609397721
340,340,1702120.432266482,6093875.276888352,0.917428185
341,341,1698705.110363888,6093897.176253914,0.715416664
342,342,1699244.821709516,6093891.251373501,0.481549999
343,343,1699612.400666619,6093887.197776751,0.528076299
344,344,1706318.706014586,6093810.608887061,2.117487477
345,345,1702438.624133598,6093850.547176225,1.703079762
346,346,1698942.371577797,6093874.647002108,0.595625575
347,347,1699277.275983457,6093870.965523791,0.392175004
348,348,1699628.506145008,6093867.078036003,0.577992508
349,349,1702258.748762691,6093837.64254594,0.825849984
350,350,1702207.072551052,6093960.912333614,0.592148221
351,351,1702274.972610374,6093827.494134787,0.898025982
352,352,1702422.004277553,6093825.825018811,1.41137502
353,353,1706326.593196086,6093790.414295185,2.024756094
354,354,1702307.533255056,6093817.16031736,0.891880015
355,355,1702332.205681272,6093817.084665496,0.852172434
356,356,1702413.722676526,6093815.954706416,1.247950021
357,357,1702291.083382861,6093807.382590878,1.352536844
358,358,1702401.35688923,6093806.130773329,1.499155697
359,359,1699926.817708026,6093846.920696,0.176132251
360,360,1701735.557010062,6093797.76121759,-0.823833341
361,361,1708057.642097695,6093710.218000608,0.965825021
362,362,1710102.256591413,6093681.253046883,0.668000013
363,363,1710116.406168403,6093684.550065269,0.696058832
364,364,1708073.794572273,6093704.433438169,0.981760004
365,365,1699779.224994995,6093765.340672634,0.709932434
366,366,1707983.648790234,6093671.246130791,0.827200011
367,367,1708114.3434275,6093669.6796718,2.407939889
368,368,1707975.361059554,6093661.380787859,0.762725002
369,369,1699013.426579009,6093664.82185994,0.463619066
370,370,1708251.770789976,6093548.455095835,0.918040308
371,371,1698968.113347976,6093614.946679393,0.271004276
372,372,1699034.056890359,6093616.175880068,0.75691317
373,373,1699188.603243317,6093604.568940202,0.435864872
374,374,1699405.012441537,6093601.249054498,-9999.0
375,375,1706429.653970619,6093520.328033464,0.549812159
376,376,1699077.572817616,6093594.162893918,-0.90845455
377,377,1699094.342103732,6093594.182926296,-0.962214291
378,378,1699153.274643214,6093597.600045159,0.341678039
379,379,1699317.306641627,6093607.832054851,0.260712959
380,380,1708308.230540019,6093487.989322841,0.683325
381,381,1699116.171596484,6093583.371061518,1.050018985
382,382,1699272.496959637,6093578.009504168,0.10470909
383,383,1705849.358615714,6093497.266670081,0.975975017
384,384,1705906.536023974,6093496.595134091,1.018134826
385,385,1706429.301098015,6093490.438555077,0.317569606
386,386,1710043.591826854,6093446.786096884,0.609874987
387,387,1710105.003265522,6093446.293846578,4.741659164
388,388,1699234.184605889,6093600.322988818,0.345803438
389,389,1699318.344228108,6093562.285647778,0.188619467
390,390,1699388.408900089,6093561.766408198,0.357825997
391,391,1706437.351671385,6093480.378958051,0.246313782
392,392,1699253.672307132,6093542.985020623,0.391924116
393,393,1699293.124711625,6093547.859653905,0.168736841
394,394,1705938.68620192,6093484.554753412,0.843205756
395,395,1708348.472956499,6093437.682694685,0.611377751
396,396,1710016.549926924,6093426.659945635,0.528994555
397,397,1699268.940343328,6093532.572793107,0.279588746
398,398,1699441.945339906,6093541.147068125,0.311451564
399,399,1708356.521400504,6093427.621331626,0.530799985
400,400,1705946.503945901,6093452.147629697,0.816992806
401,401,1710004.685733053,6093402.812377173,0.565358472
402,402,1705660.789359743,6093439.69169066,1.166170848
403,403,1708372.618233794,6093407.498582223,0.508734172
404,404,1710373.823616311,6093383.218256841,0.077617005
405,405,1698930.157510882,6093506.103169043,0.759474992
406,406,1698921.880332623,6093496.229992689,1.038066667
407,407,1710196.123799968,6093365.462860615,4.021566581
408,408,1710394.263170158,6093375.630901579,0.4901923
409,409,1705578.595396792,6093410.965505145,1.381464324
410,410,1708388.595199842,6093377.412614979,0.604776473
411,411,1706517.974346592,6093389.745555705,0.571016659
412,412,1710210.139764231,6093345.566471969,1.846476074
413,413,1705586.859822104,6093390.939675163,1.119614061
414,414,1709973.417910376,6093362.906810158,0.607464454
415,415,1710230.266734623,6093334.804244779,0.70961822
416,416,1705603.079304491,6093380.785165416,0.769649121
417,417,1706550.411074552,6093369.433274504,0.824357146
418,418,1706566.747409448,6093369.239946614,0.925950003
419,419,1708208.545918686,6093350.408401274,0.747409515
420,420,1710242.401356967,6093325.038230848,0.705341257
421,421,1705619.298750842,6093370.630625486,0.821448304
422,422,1706582.96567453,6093359.083741484,0.867075013
423,423,1710258.020181462,6093314.882502167,0.733279991
424,424,1705970.300510063,6093361.324634957,0.592162478
425,425,1706574.688382776,6093349.943756917,0.828905675
426,426,1706599.184193422,6093348.92743553,0.827224994
427,427,1710274.821268513,6093303.985691275,0.753479862
428,428,1706172.924397607,6093708.979259158,0.584716931
429,429,1709934.974498524,6093314.736452372,1.869426849
430,430,1710290.448909505,6093294.55638926,0.754274506
431,431,1710324.901528884,6093284.903164441,0.843034571
432,432,1699990.95716595,6093399.738705076,-0.688158605
433,433,1706002.445615877,6093316.106288211,0.570758623
434,434,1706623.25446392,6093319.069686488,0.896131141
435,435,1710421.40182987,6093257.735593629,5.287014805
436,436,1699977.49068634,6093372.209436088,-0.352292919
437,437,1710445.7956713,6093243.035184057,5.14006584
438,438,1699933.284288079,6093355.538732519,0.617786731
439,439,1710500.947049305,6093231.637410409,0.847067175
440,440,1699965.790306223,6093340.231908299,-0.685791338
441,441,1700178.093429715,6093332.166234978,-0.709518519
442,442,1708216.686677735,6093464.651843103,0.535561032
443,443,1699239.144403239,6093708.583645026,0.431475699
444,444,1698475.199334321,6093322.34456482,0.899363639
445,445,1698550.63751778,6093334.129977039,0.304609542
446,446,1706527.046931922,6093339.668009345,0.432863762
447,447,1698517.332730864,6093311.339331024,0.770432992
448,448,1700345.100413398,6093291.178132622,-0.894750008
449,449,1709930.189659019,6093179.380568799,0.929274986
450,450,1710019.875191573,6093178.490808805,1.100709063
451,451,1709962.740077577,6093169.018802376,0.878299984
452,452,1709981.32010187,6093168.792215112,0.914752675
453,453,1700327.669997566,6093275.964348298,-0.737669452
454,454,1709970.795293509,6093159.682567841,0.892884602
455,455,1710035.887055308,6093138.232223397,1.367674999
456,456,1708459.351314896,6093147.375049283,1.276459697
457,457,1709937.917287308,6093129.667304965,0.806357136
458,458,1708479.65126129,6093137.166137076,0.911772461
459,459,1708491.783239904,6093127.055490125,0.859399999
460,460,1709937.669269001,6093109.332235432,0.805749969
461,461,1699703.038849731,6093218.588262504,-0.865190586
462,462,1708499.831234697,6093116.993984057,0.797974993
463,463,1699711.096460614,6093208.534835327,-0.602589754
464,464,1703754.173773122,6093162.903824837,1.405550016
465,465,1709594.079833558,6093107.223949466,0.43095705
466,466,1709617.185078789,6093084.074598499,0.481513804
467,467,1709950.628222178,6093069.116460623,0.964142866
468,468,1709932.693863829,6093049.809108673,0.935999992
469,469,1708976.811191525,6093041.487156073,1.582497438
470,470,1709201.458696565,6093038.72386802,1.046714278
471,471,1709250.40383643,6093038.163264486,0.8346787
472,472,1709920.259786319,6093035.013713767,0.810112495
473,473,1709266.649274037,6093028.01376796,0.794462501
474,474,1702144.205251865,6093101.576276745,0.602492881
475,475,1708980.371290091,6093011.754665421,1.880928998
476,476,1708923.076091852,6093002.482574504,0.817749989
477,477,1709290.183972456,6092997.670784893,0.792560593
478,478,1705807.254177122,6093277.040085407,0.72401982
479,479,1700269.150990061,6093072.80825826,-0.363874991
480,480,1705835.458357282,6093009.167955643,0.163590908
481,481,1705843.509119266,6092999.108887194,-0.119688889
482,482,1699611.423071855,6093060.175674955,2.419164974
483,483,1706689.273854494,6092981.600573825,0.145431814
484,484,1706692.30977574,6092959.287082793,0.504918919
485,485,1708419.960575665,6092943.823445334,0.525256013
486,486,1699436.085379977,6093043.178267369,0.505322316
487,487,1699539.594719849,6093042.320414189,0.488354984
488,488,1700256.068371094,6092998.221376439,-0.632125005
489,489,1703833.441331928,6092957.846764178,0.86652326
490,490,1708333.676093461,6092899.974952423,0.464549099
491,491,1708350.011519977,6092899.778593544,0.441563644
492,492,1707921.252901844,6092894.751784997,0.171269644
493,493,1705847.450346991,6092917.353432328,-0.514436151
494,494,1707908.878958798,6092884.937216608,0.055400001
495,495,1707941.541020212,6092883.8195248,-0.156816333
496,496,1698826.35157301,6092979.135847665,2.665749988
497,497,1700263.848019895,6092963.259707537,-0.666825023
498,498,1708390.653023945,6092869.191680081,1.269717564
499,499,1699301.267435505,6092964.684896787,0.152536811
500,500,1707896.388980277,6092865.157251636,-0.385042419
501,501,1708256.20423053,6092861.423541996,0.245127279
502,502,1708258.958905229,6093054.176288396,0.547345979
503,503,1698774.049532336,6092965.910822609,3.063852377
504,504,1698874.567842287,6092957.391929765,2.386545027
505,505,1698891.571146349,6092956.547255081,1.757000022
506,506,1703563.394063618,6092911.004139361,1.431845224
507,507,1704641.462761611,6092893.570260001,1.914035974
508,508,1705849.67737145,6092879.461928985,-0.51742308
509,509,1707728.88347159,6092856.62639684,0.594194445
510,510,1707865.670641655,6092858.051748411,-0.178391437
511,511,1708376.969193439,6092886.584051015,0.642237986
512,512,1698801.688188014,6092949.717836924,3.123370427
513,513,1698915.866945923,6092948.261146761,1.354603563
514,514,1698932.202066907,6092948.081860119,0.696750012
515,515,1704657.682430913,6092883.417570597,1.531999996
516,516,1707777.719453572,6092846.648083074,0.424799994
517,517,1707794.054671505,6092846.45276851,0.33958974
518,518,1708320.348109598,6092840.353556376,0.535062012
519,519,1707704.091435706,6092837.563655593,0.250520396
520,520,1708351.373275732,6092833.250097645,0.588231182
521,521,1708986.41261918,6092822.148644627,2.178688873
522,522,1698825.595655791,6092933.742489372,2.625817889
523,523,1699301.378288523,6092923.483240119,0.304996077
524,524,1699347.977675665,6092973.023588615,0.050831075
525,525,1705845.581619366,6092856.462788425,1.026332216
526,526,1698850.630255206,6092913.277103694,2.367600128
527,527,1705105.837759966,6092857.924668135,0.368363529
528,528,1705759.727277947,6092820.730778435,0.242625002
529,529,1708240.62611113,6092814.378211024,0.387174403
530,530,1702031.120621988,6092853.747535476,-0.584574997
531,531,1705784.113097895,6092810.480061057,0.087584414
532,532,1705800.448252261,6092810.288319634,0.337977013
533,533,1705848.20572431,6092824.778994046,0.498747353
534,534,1707656.197957171,6092810.218631519,-0.306154407
535,535,1700246.404681892,6092863.810502733,-0.484095237
536,536,1702002.331031293,6092846.123541039,-0.710442306
537,537,1705048.915385756,6092809.114619484,-0.104249998
538,538,1705701.724931518,6092801.482147013,0.201160377
539,539,1708164.082792901,6092780.188274003,0.339044037
540,540,1707613.474122706,6092773.87614407,-0.506649428
541,541,1703830.586623816,6092822.755536329,1.234170111
542,542,1705048.683134142,6092789.188315633,-0.215718337
543,543,1707596.96054061,6092759.126392757,-0.651850003
544,544,1703815.270483548,6092793.515549834,0.54872727
545,545,1707588.67403593,6092749.260711117,-0.757492309
546,546,1709063.357871158,6092732.116642182,0.126774764
547,547,1698865.063871194,6092839.211545913,1.015374993
548,548,1705049.046430117,6092769.255068378,-0.293127272
549,549,1709928.577910631,6093287.501039566,0.540044711
550,550,1708136.17376965,6092750.509007958,0.370966967
551,551,1709050.265296683,6092711.969473192,0.465709188
552,552,1709789.592057309,6092702.789100523,3.052253309
553,553,1700714.621190431,6092815.552658342,-0.187332172
554,554,1698857.284776328,6092819.324617655,1.64921715
555,555,1708143.590146529,6092702.760811896,0.427809507
556,556,1705048.102500405,6092739.37256072,-0.376941663
557,557,1705674.763148866,6092747.695215381,-0.170160213
558,558,1707229.685969243,6092719.800893652,-0.661538628
559,559,1708150.502276027,6092692.820343085,0.452254548
560,560,1709088.17539864,6092681.009053056,0.544366648
561,561,1698848.520423617,6092796.213421211,1.680217946
562,562,1700727.182648035,6092759.533294559,-9999.0
563,563,1705382.620553862,6092705.573705176,0.090777776
564,564,1708633.281845413,6092666.977639933,0.815910717
565,565,1709062.202314205,6092666.922099538,0.465828815
566,566,1698856.564389699,6092769.759204688,1.852561413
567,567,1698923.371636491,6092769.55486517,2.261496891
568,568,1705668.449988581,6092699.489381161,-0.421826081
569,569,1708109.802558203,6092704.123362942,0.301323282
570,570,1708649.428604689,6092661.342863658,0.780534971
571,571,1709016.871960398,6092652.585485415,0.188695359
572,572,1709033.20696839,6092652.387877328,0.348000002
573,573,1708102.154965757,6092653.434766393,0.574556952
574,574,1709817.328721241,6092632.698309436,0.513081408
575,575,1698883.548533269,6092758.215143689,2.550181202
576,576,1708081.616769867,6092643.716474427,0.633999985
577,577,1708061.078619463,6092633.998132883,0.444118745
578,578,1699393.341728222,6093180.851332749,0.41281385
579,579,1699091.518795143,6092716.680258574,1.762379949
580,580,1700330.388942588,6092703.446649149,-0.269339605
581,581,1708041.446264749,6092619.982424425,0.073961951
582,582,1709041.694142167,6092608.530563837,0.51050064
583,583,1709898.518016852,6092591.849668243,0.925644877
584,584,1699035.157320034,6092707.808468431,1.490836691
585,585,1700411.118704955,6092698.323163153,0.014776188
586,586,1709922.898665765,6092581.587798937,0.968025005
587,587,1709939.112484638,6092571.424981767,1.517225016
588,588,1699084.044019339,6092691.757080392,1.854062525
589,589,1708025.587253656,6092587.354592155,0.10035071
590,590,1699068.260760533,6092677.756138771,1.795075806
591,591,1700219.629927935,6092775.81253415,0.085617703
592,592,1708011.357427185,6092574.8064479,0.121456522
593,593,1699051.40879911,6092677.572021396,1.78774634
594,594,1699098.623483744,6092682.055377882,1.866823073
595,595,1710012.2541431,6092540.638490529,0.555675
596,596,1709260.739590566,6092540.543110312,-0.143396216
597,597,1709549.642393795,6092757.835662656,0.465519682
598,598,1710052.969881839,6092530.176728837,0.50415
599,599,1710228.569139489,6092528.030612562,0.617705878
600,600,1699078.193067288,6092649.104805703,2.241228721
601,601,1700164.787674058,6092635.4032943,-0.440818165
602,602,1710077.350332777,6092519.914254232,0.563412495
603,603,1710187.172445965,6092517.991645593,0.356185855
604,604,1710060.902710663,6092510.877024288,0.458024697
605,605,1710163.506532343,6092508.686319568,0.28128572
606,606,1700161.365859,6092615.647885814,0.376843138
607,607,1708488.551422222,6092519.251300863,0.966047037
608,608,1700880.571372563,6092597.661332487,-9999.0
609,609,1708443.673345518,6092509.622509678,1.005321436
610,610,1708970.437373123,6092557.606115726,0.604949436
611,611,1709586.82141658,6092486.033772551,-0.062487508
612,612,1709529.519888942,6092476.039158357,0.264879999
613,613,1709603.034924731,6092475.87195707,0.249324999
614,614,1709762.662768033,6092479.24794073,-0.040827922
615,615,1709516.291902891,6092467.368362711,0.455542102
616,616,1709815.097494203,6092463.121292337,0.47017857
617,617,1710186.879337751,6092458.787571661,0.4580988
618,618,1710256.469185278,6092458.140798553,0.667298242
619,619,1709615.638257683,6092462.664702979,0.409316887
620,620,1710158.171809764,6092449.173821652,0.487741663
621,621,1709643.345703363,6092445.691883811,0.44965476
622,622,1709745.599685026,6092444.242860666,0.450078434
623,623,1710277.781244731,6092444.438037626,0.698209936
624,624,1709775.380593985,6092446.046057514,0.339085401
625,625,1710130.764991954,6092433.606279559,0.557845404
626,626,1710296.772799959,6092427.549101255,0.726771281
627,627,1705678.046181253,6092472.930255259,-0.582409019
628,628,1707952.981032628,6092450.947978407,2.671159483
629,629,1709486.493989147,6092446.313244342,0.422145286
630,630,1709792.99564122,6092423.332865503,0.399781516
631,631,1709459.380102206,6092417.829841482,0.433266269
632,632,1709859.573722295,6092412.612985268,0.54798228
633,633,1701911.354119479,6092495.981357885,0.097162408
634,634,1709837.097288903,6092399.805372437,0.500772113
635,635,1709814.172134473,6092373.654632595,0.517518746
636,636,1703198.761975297,6092441.671741516,-0.087982151
637,637,1704399.177420215,6092428.049113917,-0.050937495
638,638,1702047.50967762,6092445.021779121,0.054568631
639,639,1702961.637444434,6092434.623826648,0.045599997
640,640,1703176.302496415,6092454.178172147,0.007436282
641,641,1703672.410039386,6092446.304592093,0.106055456
642,642,1704159.376770754,6092507.217447308,0.745809572
643,643,1709421.901388145,6092358.49689276,0.544363608
644,644,1700205.169024652,6092598.515021212,0.401493212
645,645,1702945.197346226,6092425.573970042,-0.334018183
646,646,1703146.683986921,6092425.864698566,-0.323754091
647,647,1703206.456972447,6092422.109128986,0.430380953
648,648,1708216.513591577,6092368.65166621,0.314882267
649,649,1702373.374333886,6092421.397051582,0.910300387
650,650,1703128.83656912,6092412.783157522,-0.49664499
651,651,1703668.62624746,6092795.009365851,0.62573575
652,652,1704676.827458725,6092691.511515399,0.635254581
653,653,1708190.13932381,6092352.825485212,-0.1237418
654,654,1702019.634647662,6092432.553129429,-0.344380902
655,655,1703116.471736375,6092402.960179135,-0.576388912
656,656,1708159.704164477,6092343.840713426,-0.387559659
657,657,1700135.466920498,6092436.577910957,0.30482767
658,658,1703410.48917734,6092399.591160744,-0.106123137
659,659,1704602.778944605,6092375.865897403,-0.828712513
660,660,1708131.008112232,6092334.9470477,-0.630849065
661,661,1708286.176300057,6092332.357088822,1.775112675
662,662,1709919.945452778,6092468.960737268,0.448461239
663,663,1702389.482305171,6092401.285138004,0.384313726
664,664,1702857.27766379,6092418.687389245,0.338993473
665,665,1704075.598739662,6092392.932792386,0.190108576
666,666,1708302.390788964,6092322.197717414,0.35322892
667,667,1709980.74998317,6092301.870221824,0.708977624
668,668,1700143.072429542,6092385.944802753,0.421924196
669,669,1702870.888532864,6092355.944974891,-0.524816051
670,670,1702862.607568905,6092346.075063508,-0.303024104
671,671,1703358.211605274,6092352.029283327,-0.459117146
672,672,1708860.341650767,6092687.843783438,0.535621772
673,673,1708748.417886398,6092273.930265372,0.436952405
674,674,1703344.295081306,6092325.617098702,-0.633649997
675,675,1700158.97157136,6092346.637685761,0.128949995
676,676,1709324.576426422,6092247.575462725,0.61109908
677,677,1702318.683914464,6092365.156204592,-0.130273107
678,678,1703327.732264857,6092305.878223207,-0.703225001
679,679,1708320.436890805,6092272.906812525,0.342764148
680,680,1702265.844632166,6092303.045103961,2.931531582
681,681,1703695.674204123,6092286.704900461,-0.405301887
682,682,1708338.065206877,6092232.087033778,0.389712502
683,683,1703678.133483799,6092268.771362902,-0.541508768
684,684,1704568.722937792,6092256.687211921,3.857134145
685,685,1704590.497631567,6092277.003858736,0.329976277
686,686,1703303.071963618,6092268.007334068,-0.258084347
687,687,1702203.336742311,6092253.101878866,-0.460445702
688,688,1708357.884095145,6092182.025394644,0.583716671
689,689,1708766.116821797,6092167.142657179,-0.64882506
690,690,1702183.270451058,6092224.266507786,2.172009116
691,691,1703890.168928636,6092204.749031301,1.446499971
692,692,1709100.725029868,6092143.168225388,0.664600014
693,693,1709177.791651853,6092142.445363367,0.757892842
694,694,1709183.912638824,6092294.335906083,0.517858799
695,695,1709133.27254099,6092132.809386129,0.71907912
696,696,1709198.608824734,6092132.017870856,0.803759043
697,697,1708762.465215076,6092135.29986259,-0.461682744
698,698,1709014.618781842,6092136.111282589,0.550409312
699,699,1708977.857891275,6092114.761011965,0.459049995
700,700,1708964.085558416,6092101.641340447,0.410823999
701,701,1708969.329411985,6092084.970142611,0.457960954
702,702,1710112.465291324,6092051.143817233,0.791258391
703,703,1701381.786616816,6092133.675909684,-9999.0
704,704,1708964.232057158,6092061.437292892,0.465994949
705,705,1708968.602664702,6092025.195470533,0.427897627
706,706,1701471.173601976,6092092.812095731,-9999.0
707,707,1710160.736274397,6091990.765514228,0.806199966
708,708,1708780.586678147,6092012.515634209,-0.850730803
709,709,1708772.119154087,6091987.706154522,-0.604124994
710,710,1710201.083501171,6091950.413220397,0.784874968
711,711,1701511.44646995,6092042.536670762,-0.995000005
712,712,1708992.143135249,6091945.188809055,0.418791664
713,713,1709155.48065166,6091943.211330372,0.873955554
714,714,1708763.471117769,6091947.951928562,-0.477751964
715,715,1709171.693506246,6091933.050343097,0.788174994
716,716,1701504.111376275,6092012.811464691,-0.76230233
717,717,1709155.076645875,6091923.491417074,0.722571411
718,718,1708983.61485435,6091915.398006446,0.310123939
719,719,1709236.786917452,6091912.331931205,0.655549976
720,720,1709269.333293695,6091901.972599821,1.273823445
721,721,1709416.336209352,6091900.188771811,1.069075009
722,722,1708779.194607528,6091897.212344896,-0.93150126
723,723,1709285.546004504,6091891.811305387,1.097242427
724,724,1709361.291140898,6091890.892430915,0.775663146
725,725,1709718.266358004,6091876.587766816,0.438425
726,726,1709424.200538782,6091875.181630247,0.88999378
727,727,1709521.415264515,6091809.229640974,0.556611753
728,728,1709229.711561301,6091858.518733629,0.594183115
729,729,1706254.251882262,6091808.493782837,-0.201025962
730,730,1707193.678505801,6091796.868439168,-0.364381817
731,731,1708759.085046574,6091771.39164966,-0.591115941
732,732,1710341.109330203,6091750.069985572,0.697890904
733,733,1710363.28834952,6091739.845958584,0.731623777
734,734,1706972.565198503,6091770.100097748,-0.065896546
735,735,1707171.521579702,6091767.73563156,-0.730744695
736,736,1708746.428675415,6091748.449232685,-0.607236458
737,737,1710303.094256292,6091731.808161493,1.007218091
738,738,1710267.574521301,6091710.447028498,1.597041288
739,739,1706953.654433324,6091744.306025237,-0.329707814
740,740,1710168.894026722,6091691.143507351,0.669252251
741,741,1710247.286217209,6091694.087856872,1.237457203
742,742,1706927.057397812,6091720.817299088,-0.405062505
743,743,1710199.099502873,6091682.123082432,0.657864199
744,744,1710238.626480657,6091680.906450458,1.200950632
745,745,1706302.193983718,6091718.247138049,-0.12740002
746,746,1710226.254610902,6091671.093092859,1.13535
747,747,1706906.40426385,6091701.133310329,-0.095904762
748,748,1708701.220073521,6091685.30378871,-0.211292075
749,749,1706881.786281799,6091691.460798577,-0.103871795
750,750,1708670.270802072,6091670.066001636,-0.008979758
751,751,1706853.085067222,6091681.836579503,0.066281252
752,752,1706799.8596379,6091672.535154939,0.150710522
753,753,1706391.438299386,6091667.37084601,-0.424632194
754,754,1706407.457183785,6091667.60149341,-0.310167217
755,755,1706399.123559404,6091657.592315134,0.567141756
756,756,1706758.815334531,6091653.060277321,-0.196775002
757,757,1707137.119890321,6091700.696498979,-0.296897083
758,758,1706738.280907128,6091643.339110517,0.094212497
759,759,1707142.406174449,6091628.577604271,-0.692882367
760,760,1706430.275821942,6091619.333928888,3.192012814
761,761,1701964.276897172,6091638.847448086,-9999.0
762,762,1706480.210706187,6091576.640843756,0.846350007
763,763,1702808.934687809,6091579.42623189,-0.567432453
764,764,1707247.444435037,6091532.663913174,-0.404294788
765,765,1707231.529072814,6091517.906574203,-0.034333334
766,766,1709999.117383735,6091464.610025253,0.837949996
767,767,1709939.563241632,6091810.074260827,0.569669296
768,768,1710007.162171156,6091454.547072443,0.846379762
769,769,1710620.133510692,6091442.626475211,0.855787629
770,770,1706519.864944218,6091476.526304651,0.850846139
771,771,1710651.904136739,6091426.925884064,1.38843272
772,772,1706491.164830231,6091466.900992868,0.802951024
773,773,1710014.946807558,6091424.624129831,0.961217018
774,774,1710643.492974047,6091407.099696143,0.762749992
775,775,1710659.681254741,6091402.261631152,1.007540549
776,776,1706054.390229989,6091432.19518996,-0.702166674
777,777,1705780.101581502,6091425.108432124,-0.543241377
778,778,1707319.221606425,6091387.322252105,1.786737099
779,779,1707336.972130279,6091402.788003764,-0.309537723
780,780,1705794.765231248,6091398.711166766,-0.403758331
781,781,1706020.543160441,6091382.770768474,-0.339136355
782,782,1709916.122302207,6091405.013292643,0.679857498
783,783,1711084.254204262,6091321.75305671,1.920545483
784,784,1705781.381915199,6091378.368329643,0.241049799
785,785,1705954.816081303,6091363.819288439,0.045771926
786,786,1711075.246701153,6091301.934591972,1.480474989
787,787,1704733.063858925,6091372.404512045,-0.561837988
788,788,1705783.207448852,6091355.871499889,0.429747104
789,789,1710658.633106959,6091295.322574203,5.132411788
790,790,1711058.628923927,6091292.379065152,1.388842108
791,791,1705954.324971455,6091343.941171885,0.840800004
792,792,1705941.90291381,6091336.962349345,0.495137345
793,793,1711050.21696349,6091272.553234172,1.159303603
794,794,1705848.163920481,6091355.658001089,0.027910759
795,795,1709895.640931993,6091306.674112695,0.52540779
796,796,1711058.422725406,6091262.282951844,1.339023514
797,797,1701769.214033514,6091362.049957888,-9999.0
798,798,1704753.950123988,6091327.109895473,-0.366981128
799,799,1704778.457220415,6091327.551400164,-0.568570845
800,800,1705448.08684597,6091319.737944171,0.984275001
801,801,1705815.404360695,6091315.635135388,0.662545441
802,802,1705464.302640383,6091309.58356988,1.186974987
803,803,1705929.77674029,6091304.122035543,1.322500019
804,804,1711041.844519598,6091242.55778768,1.407025508
805,805,1704753.564420986,6091308.11627648,1.040087715
806,806,1705862.560987576,6091296.440726882,0.995022548
807,807,1705913.327170865,6091294.350883604,1.327060225
808,808,1705145.755139009,6091293.582594741,0.459586198
809,809,1704786.159844356,6091287.603788154,0.826030927
810,810,1704843.32307441,6091286.938675339,-0.479499985
811,811,1705170.565639127,6091283.124084551,0.601461545
812,812,1704801.780832904,6091277.457552405,1.13892591
813,813,1705096.878100211,6091279.135327307,0.413471608
814,814,1705227.017065616,6091272.500306767,0.475116876
815,815,1711008.688322655,6091203.107371449,1.633150016
816,816,1704818.759874756,6091267.499832727,0.892771912
817,817,1704998.085747534,6091265.411421271,0.360449761
818,818,1706362.270588655,6091478.361726603,0.58185905
819,819,1706409.517744106,6091253.874051046,1.275861398
820,820,1705504.43355542,6091249.326372583,0.797232566
821,821,1710983.715011406,6091183.570244906,1.60105197
822,822,1704851.192572753,6091247.193346277,0.887157906
823,823,1706272.02031324,6091237.565929552,1.085059652
824,824,1707746.365087463,6091213.405535648,-0.276583335
825,825,1710947.067327757,6091173.626261024,1.280719313
826,826,1710967.473164294,6091173.935120368,1.655100042
827,827,1701743.872582335,6091313.23416632,1.994246551
828,828,1706312.648258533,6091219.895037657,1.244773752
829,829,1707725.384242496,6091202.384624237,4.594302314
830,830,1710929.815889317,6091164.725515077,1.14362795
831,831,1704883.625126533,6091226.886739084,0.742551724
832,832,1704899.841349342,6091216.733390208,0.753418167
833,833,1706291.049931876,6091210.580433405,1.270000008
834,834,1707708.699904854,6091187.72945975,1.29841536
835,835,1701714.896392826,6091253.055016111,2.017500013
836,836,1704923.461005127,6091206.28942906,0.752925919
837,837,1705552.846952684,6091198.936337403,1.007250004
838,838,1706373.045468222,6091217.819529512,1.870892688
839,839,1707839.361366395,6091171.85349862,-0.818078905
840,840,1704450.307093611,6091201.823602132,-0.858199954
841,841,1704940.439782785,6091196.331472811,0.690035078
842,842,1704960.05140434,6091186.144666305,0.686193551
843,843,1707863.621181932,6091151.633801872,-0.700531881
844,844,1710657.745043645,6091118.475589768,0.477440327
845,845,1701698.114307785,6091213.386878536,2.248724994
846,846,1704981.038036645,6091175.929367604,0.716561405
847,847,1710721.807840399,6091106.786186404,0.33260714
848,848,1710887.327385316,6091130.95253773,2.631847148
849,849,1705001.607304049,6091166.10135702,0.789767854
850,850,1704978.094151744,6091233.627888738,0.462858678
851,851,1710835.84892483,6091095.623287897,3.576470115
852,852,1707067.069817638,6091131.242933937,0.721100013
853,853,1710807.140630371,6091085.664646992,0.846423987
854,854,1710677.635749492,6091078.985193893,0.632367903
855,855,1710747.082715407,6091077.518639472,0.603377759
856,856,1710781.27797063,6091076.007971013,0.798777783
857,857,1705576.527740815,6091128.907043147,1.037711111
858,858,1710602.742909768,6091068.247188748,1.264814824
859,859,1703357.492970848,6091162.115266234,-0.411874635
860,860,1707446.603461551,6091097.034269608,0.324554852
861,861,1708475.198052756,6091084.706156983,0.060298247
862,862,1708434.247762952,6091075.23454358,0.275464291
863,863,1708409.668288618,6091065.412912237,1.12111017
864,864,1705502.566482836,6091089.915472729,0.760034877
865,865,1708368.841896487,6091055.887985328,-0.342925006
866,866,1707564.368183714,6091055.565893938,0.609134129
867,867,1708336.05789829,6091046.317682987,-0.285149994
868,868,1707514.438909945,6091058.03430872,0.584986092
869,869,1707576.498230968,6091045.456406501,0.638863648
870,870,1708197.115756311,6091038.022881226,-0.470874987
871,871,1704677.510311923,6091074.629886542,0.610608952
872,872,1705371.793848427,6091253.944542487,0.547427866
873,873,1704692.535664689,6091063.877766307,0.45049632
874,874,1705542.929581967,6091049.58442394,0.787599967
875,875,1705550.978808264,6091039.52555444,0.810025612
876,876,1705616.306545458,6091038.759800228,1.368724988
877,877,1708739.79552702,6091001.594081278,-0.085333326
878,878,1702324.116902665,6091068.669070624,-9999.0
879,879,1702480.46826398,6091065.017906465,-0.580666673
880,880,1707731.175961794,6091003.749197268,0.819125006
881,881,1708756.007233259,6090991.433677168,-0.210738847
882,882,1701271.687909124,6091058.76083789,1.430766658
883,883,1707739.103610607,6090983.725058455,0.796974983
884,884,1701271.463877024,6091038.834578001,1.005573034
885,885,1705599.390588169,6090989.13535964,1.527915656
886,886,1710556.717007365,6090929.652778087,1.625946192
887,887,1710564.165248538,6090919.596603056,1.701091653
888,888,1701279.461821163,6091023.798027757,0.835061319
889,889,1704741.736903939,6090979.221001285,0.373524993
890,890,1701254.981921809,6091024.1139885,1.461227472
891,891,1702445.324876141,6091015.541981739,-0.583648348
892,892,1710550.392259382,6090906.479321314,1.550804277
893,893,1701267.678755858,6091002.470780441,0.677104653
894,894,1710539.300529669,6090890.007529515,1.678835621
895,895,1710522.846395258,6090880.244695059,1.270100004
896,896,1707631.388943561,6091078.092914637,0.523165696
897,897,1710506.392297085,6090870.481831282,0.947075012
898,898,1701270.18712303,6090973.512763863,0.481410018
899,899,1707697.355859016,6090899.183819333,0.827170889
900,900,1707727.147082062,6090894.589671479,2.010550956
901,901,1708950.665412294,6090879.469702313,-0.213395061
902,902,1710481.772323344,6090860.819101144,0.893667264
903,903,1701319.562767743,6090958.578407852,1.337186047
904,904,1703377.348271995,6090935.195838058,-0.691541637
905,905,1710457.152403611,6090851.156309198,0.953875008
906,906,1708954.340039931,6090859.291524106,0.188888888
907,907,1708974.732188229,6090863.831245351,-0.203089043
908,908,1701515.37348563,6090941.427187927,-9999.0
909,909,1708954.266274413,6090839.567394123,0.42777025
910,910,1710268.375308722,6090823.575167112,0.240901963
911,911,1710423.087632675,6090831.673238891,1.191323376
912,912,1701327.280046075,6090918.634149251,0.291299999
913,913,1704871.276170712,6090876.578248453,4.62616723
914,914,1701310.836443171,6090908.854727446,0.2186625
915,915,1704838.461399586,6090869.211600499,0.801109268
916,916,1704887.447528085,6090867.914816452,0.822095318
917,917,1701263.331458883,6090928.280682599,0.514869508
918,918,1701294.392876493,6090899.075276282,0.051831324
919,919,1704417.012175203,6090863.657766962,0.242934953
920,920,1710529.734625632,6091177.192081582,0.569847951
921,921,1704380.937237997,6090853.870047506,0.099237498
922,922,1707276.147004497,6090820.43280507,0.815780787
923,923,1701253.177613059,6090879.814259768,0.350749996
924,924,1701277.837316837,6090879.332663357,-0.044807509
925,925,1703249.864162249,6090856.942460609,-0.071124222
926,926,1701270.154981195,6090869.454649943,0.045316858
927,927,1702494.419025454,6090855.606328393,-0.563360456
928,928,1702478.455512001,6090866.444830749,0.040354854
929,929,1704968.525076907,6090817.147558617,1.217588868
930,930,1701256.695424896,6090852.442109178,0.265640191
931,931,1709483.916094866,6090753.631488292,0.319368417
932,932,1710339.951642864,6090780.393169908,1.36089063
933,933,1703230.511756139,6090834.206812575,-0.382327131
934,934,1707352.095436581,6090769.124155362,0.288000001
935,935,1709067.219481998,6090738.757740904,0.691854542
936,936,1709597.994725724,6090732.314615708,0.317321428
937,937,1710276.00229703,6090723.537718297,1.198933996
938,938,1704947.488213661,6090777.282426321,0.957238087
939,939,1709091.596114459,6090728.497820484,0.699999988
940,940,1709614.205021237,6090722.152628268,0.408892857
941,941,1709712.347697762,6090720.026709512,0.061396225
942,942,1709761.351156649,6090720.156245301,-0.156775002
943,943,1701302.145527239,6090809.308542952,-9999.0
944,944,1709140.036859485,6090717.741906014,0.782752172
945,945,1709683.635896393,6090711.144117621,0.487169693
946,946,1709769.395496553,6090710.093484052,0.239337352
947,947,1710210.161440381,6090704.983315944,2.53403007
948,948,1710234.19955794,6090712.552897448,1.402964942
949,949,1709205.828688581,6090706.253121966,0.749615371
950,950,1709222.168986128,6090706.781572367,0.741149987
951,951,1709507.961264564,6090702.584656679,0.714148125
952,952,1709529.739649148,6090702.643138765,0.680363643
953,953,1709543.966275732,6090738.903739378,0.296513434
954,954,1709577.37895583,6090702.46695403,0.584472721
955,955,1709634.539192559,6090701.771312989,0.598800815
956,956,1709785.77286306,6090700.133496691,0.000740738
957,957,1709160.752726303,6090699.237156693,0.827869144
958,958,1709487.434611647,6090693.596090419,0.776166669
959,959,1709597.672088324,6090692.255316566,0.649772571
960,960,1709442.564304164,6090683.972377677,0.829206058
961,961,1707375.76125402,6090699.089654753,0.569428573
962,962,1709462.751374882,6090678.954552966,0.811200351
963,963,1707397.08964298,6090689.451342237,0.411792047
964,964,1707523.057193193,6090687.489640093,1.763416234
965,965,1709275.831126452,6090765.520390927,0.487723769
966,966,1709442.159847234,6090664.252226116,0.880374995
967,967,1707290.400804247,6091077.312694267,0.47883215
968,968,1709417.541673953,6090654.586625995,0.909846159
969,969,1709846.301881805,6090654.349847173,0.406167096
970,970,1707479.099319224,6090666.893136674,1.167056426
971,971,1702255.229236489,6090709.648706579,-0.172208333
972,972,1709907.11916932,6090618.73133212,0.12064559
973,973,1703937.915993015,6090679.632413931,0.50904166
974,974,1709917.881096471,6090608.231973231,2.118047456
975,975,1710739.896534662,6090598.565331008,0.168825
976,976,1701108.455154837,6090701.339171237,0.381044624
977,977,1702245.435429653,6090689.326523806,0.00046154
978,978,1702512.792222068,6090690.341500092,-9999.0
979,979,1710543.811887633,6090590.155842657,0.501468739
980,980,1710719.797531778,6090589.428370394,0.239675679
981,981,1710764.271074163,6090588.300810575,0.515849998
982,982,1702520.162152704,6090722.393710945,-0.219204875
983,983,1703317.264017554,6090666.640326719,-9999.0
984,984,1709939.417024883,6090588.442936849,2.287362508
985,985,1710560.007081492,6090580.84583442,0.397633334
986,986,1710640.318265489,6090579.583812417,0.326667615
987,987,1710788.645521689,6090578.036242573,0.836875001
988,988,1701134.549000318,6090688.792861632,0.714170428
989,989,1701300.093336395,6090679.794489929,-9999.0
990,990,1703922.553863609,6090674.957847931,0.229506728
991,991,1709955.031279498,6090578.287585218,-0.405851077
992,992,1710604.357945289,6090569.755986828,0.290105505
993,993,1710817.102803374,6090567.721288865,1.350800009
994,994,1702524.651205079,6090656.177784261,0.018206893
995,995,1710412.780909424,6090562.722470924,0.318951791
996,996,1710731.07850465,6090559.019114386,0.498535707
997,997,1710747.409792626,6090558.818305627,0.495428558
998,998,1710768.423941829,6090558.936144177,0.515072724
999,999,1710837.394248239,6090557.506903425,1.495962998
1000,1000,1702221.369519451,6090651.049270401,0.11395122
1001,1001,1710543.024136769,6090541.399773467,0.369678584
1002,1002,1710703.681398186,6090543.548517248,2.163338344
1003,1003,1710800.841368244,6090538.607842306,0.955972973
1004,1004,1701062.8452366,6090642.602210966,0.095725001
1005,1005,1710820.532797387,6090528.02451965,1.302874984
1006,1006,1710648.708348372,6090517.72581999,0.890061551
1007,1007,1709981.520986551,6090492.563245792,-0.081587624
1008,1008,1710483.903876608,6090533.930083172,0.582166158
1009,1009,1710592.201235361,6090491.043073165,0.939608274
1010,1010,1704058.903584497,6090548.696838294,0.650042852
1011,1011,1704948.725807021,6090540.91960374,1.324166709
1012,1012,1704804.160892302,6090533.965578636,0.796201171
1013,1013,1709986.941940414,6090467.559256561,0.640425922
1014,1014,1710557.234550142,6090467.616881361,0.833516103
1015,1015,1703337.466634535,6090543.717633951,-0.360955881
1016,1016,1704389.162406019,6090523.717617548,0.733677245
1017,1017,1704818.062633788,6090519.96416346,0.792692856
1018,1018,1704713.894327359,6090787.685040542,0.483900232
1019,1019,1710529.837457438,6090451.674403265,0.055487504
1020,1020,1704413.755957817,6090514.696199052,0.738308924
1021,1021,1704826.27456528,6090509.699699345,0.800280709
1022,1022,1704074.774017995,6090508.65543981,0.357708846
1023,1023,1704295.241380661,6090506.104890321,0.65820625
1024,1024,1704434.0541751,6090504.496284866,0.7771948
1025,1025,1700992.766112295,6090608.095396663,0.263302424
1026,1026,1701004.457443973,6090533.64903275,-0.030578321
1027,1027,1704379.374896946,6090500.772245896,0.643498243
1028,1028,1704384.992810494,6090484.9317351,0.676588975
1029,1029,1704433.660592048,6090484.776204844,0.928631582
1030,1030,1703322.347283855,6090504.589425109,-0.397362433
1031,1031,1704433.476412264,6090454.680433063,0.817200003
1032,1032,1709986.165084861,6090403.505509854,0.784402543
1033,1033,1709999.424227626,6090375.129187054,0.495626742
1034,1034,1710014.754269161,6090355.005751087,0.551159082
1035,1035,1710030.714325081,6090403.069053287,0.163444892
1036,1036,1710106.043256106,6090344.562288331,-0.028246331
1037,1037,1710042.572502623,6090328.304279611,0.57662962
1038,1038,1702677.714912232,6090405.118408117,0.698310097
1039,1039,1710066.495620282,6090308.082435106,0.605392864
1040,1040,1700415.103794507,6090410.702695132,0.443233337
1041,1041,1710095.552713501,6090298.138771357,0.823571429
1042,1042,1700431.323168547,6090400.557551046,0.426674996
1043,1043,1712091.056494042,6090252.90743503,2.682978498
1044,1044,1700482.919917032,6090369.195452999,0.249248
1045,1045,1701035.218999641,6090363.90909342,0.943674993
1046,1046,1701049.619895897,6090373.712066709,-0.34237142
1047,1047,1710245.52461052,6090256.068764377,-0.08389286
1048,1048,1700504.091413281,6090359.296300836,0.473812249
1049,1049,1710182.372742161,6090277.343379168,0.232995224
1050,1050,1710294.55716476,6090245.299164817,-0.81594255
1051,1051,1712049.284694076,6090242.65386611,2.478738114
1052,1052,1700512.41997673,6090349.830920367,0.507435301
1053,1053,1712004.638050887,6090213.646535692,2.147823548
1054,1054,1711975.027889663,6090204.354705828,1.612765204
1055,1055,1700512.035059065,6090330.110818907,-0.015228072
1056,1056,1700769.402006578,6090327.030210244,0.20797679
1057,1057,1710228.85946939,6090215.482821618,0.463214283
1058,1058,1711739.454464248,6090197.591959077,1.102636345
1059,1059,1711829.540546294,6090196.080304705,1.05854773
1060,1060,1700781.538429609,6090316.929968591,0.333168544
1061,1061,1711763.826892105,6090187.324659812,0.767666676
1062,1062,1711780.157501671,6090187.121925431,0.746725018
1063,1063,1700682.379519057,6090358.136000942,0.326694313
1064,1064,1702112.356113611,6090291.973525025,0.072599999
1065,1065,1710187.797929453,6090196.782450406,0.844725008
1066,1066,1710207.391997197,6090203.739433083,0.757311468
1067,1067,1711711.618478282,6090186.905166323,0.602200757
1068,1068,1711747.210266664,6090177.770449813,0.74369089
1069,1069,1700846.63688986,6090296.272230449,0.174258336
1070,1070,1702099.995326886,6090282.149243922,-0.012787502
1071,1071,1712081.7156543,6090206.723239012,2.286897468
1072,1072,1700593.210449124,6090295.60667711,0.122210088
1073,1073,1700887.359388769,6090286.578291524,-0.09296226
1074,1074,1700936.350513581,6090286.029526472,-0.01568627
1075,1075,1711722.791599837,6090157.735103066,0.197508773
1076,1076,1712040.913951401,6090154.191316243,1.729473216
1077,1077,1700985.114752211,6090309.4046793,-0.341630239
1078,1078,1700417.736125373,6090329.226068292,0.450910488
1079,1079,1705982.09233068,6090197.43906867,0.667425007
1080,1080,1700364.824909302,6090252.165098149,0.491608688
1081,1081,1702132.404663196,6090279.984701422,0.325974397
1082,1082,1704357.101247362,6090206.452867926,0.873756383
1083,1083,1706006.470622062,6090187.187460095,1.90406142
1084,1084,1711715.66954649,6090118.144923267,3.802391296
1085,1085,1712020.604980954,6090114.960957989,1.141406243
1086,1086,1704365.150963119,6090196.395058765,0.861375011
1087,1087,1711240.261518904,6090114.089019589,1.206456162
1088,1088,1702088.243014648,6090216.516617152,0.320641977
1089,1089,1704381.366010977,6090186.242458553,0.714460796
1090,1090,1706096.053306957,6090166.203233397,1.496207709
1091,1091,1711411.446032666,6090102.212439422,1.125285701
1092,1092,1702571.611862775,6090446.281335418,0.486496701
1093,1093,1704405.754241326,6090176.72192346,0.714291034
1094,1094,1710439.660344209,6090104.218607554,0.622397654
1095,1095,1702067.716658505,6090196.156756285,-0.112188974
1096,1096,1706299.947554228,6090143.869596407,1.091016662
1097,1097,1706324.325423704,6090133.617066048,0.832224981
1098,1098,1712047.367536728,6090075.949485316,2.594863599
1099,1099,1702069.579268843,6090173.122106763,-0.219542863
1100,1100,1706136.409477696,6090125.869324296,0.865299996
1101,1101,1706340.538287302,6090123.460966222,0.873302315
1102,1102,1711476.436897313,6090061.344498125,1.419698639
1103,1103,1700363.613599253,6090187.078512349,-0.670904209
1104,1104,1706381.246239558,6090113.015579239,0.889975004
1105,1105,1710255.800641381,6090077.147718914,0.92905534
1106,1106,1711492.644021263,6090051.17901026,0.974075028
1107,1107,1711508.819515031,6090050.391077396,1.108657138
1108,1108,1710477.534815386,6090072.630698275,0.690717908
1109,1109,1711574.17272371,6090040.204274524,0.678374331
1110,1110,1711590.476157317,6090039.959591314,0.907559895
1111,1111,1702051.86681773,6090148.216161575,-0.403174889
1112,1112,1710272.141172158,6090046.85934647,0.966818182
1113,1113,1710300.876945748,6090045.926770527,0.892560008
1114,1114,1710319.329562316,6090045.29742865,0.80852214
1115,1115,1706413.553508318,6090082.740191199,1.237885046
1116,1116,1710409.816351545,6090047.101825085,2.759402938
1117,1117,1711970.888450928,6090015.129451292,0.88833334
1118,1118,1710349.195684942,6090025.609607427,0.844821418
1119,1119,1710520.456597072,6090035.348840515,0.757255624
1120,1120,1706437.813388728,6090062.524232036,1.301571443
1121,1121,1710365.227672201,6090014.517413761,0.93582454
1122,1122,1710548.952309193,6090012.990284788,0.776349996
1123,1123,1710634.52405237,6090012.143666,0.586089305
1124,1124,1700281.314928019,6090123.118863553,0.059216976
1125,1125,1710582.299590311,6090004.004361704,0.767542604
1126,1126,1710458.708314879,6090128.779962922,0.417461357
1127,1127,1705729.419057731,6090089.777767692,0.385124308
1128,1128,1710683.309801453,6089981.445455644,0.370417737
1129,1129,1711964.920567144,6089982.153057277,0.633521612
1130,1130,1701987.232872131,6090074.378362317,-0.658909092
1131,1131,1711948.618232825,6089956.042755721,0.646367338
1132,1132,1700223.531826942,6090074.048503886,-0.444833336
1133,1133,1703269.158399764,6090046.861317757,1.386544557
1134,1134,1703335.175070051,6090095.093525049,0.45170707
1135,1135,1700215.255961868,6090064.176247958,-0.416237499
1136,1136,1703394.922843827,6090039.80084763,0.285829177
1137,1137,1704510.042726618,6090015.353167244,1.233550006
1138,1138,1703276.849549713,6090019.821653749,0.960655193
1139,1139,1704530.339721452,6090005.152924439,0.806909084
1140,1140,1711936.507103506,6089935.475108725,0.726181805
1141,1141,1703292.63232794,6090009.471787086,0.699461483
1142,1142,1703349.387404957,6090012.062750189,0.678081082
1143,1143,1704550.636441538,6089994.952865665,0.756649978
1144,1144,1704599.395016839,6089974.457445083,0.935530871
1145,1145,1704613.702784444,6089964.432585775,0.945434793
1146,1146,1705570.920118091,6089953.881072771,-9999.0
1147,1147,1700574.219899585,6089980.458982748,0.729850573
1148,1148,1706254.174328963,6089915.224141285,-0.7572
1149,1149,1706264.464946401,6089905.138107762,-0.761033718
1150,1150,1706508.988110018,6089900.750515228,0.841103474
1151,1151,1706272.674682891,6089894.872264292,-0.477818209
1152,1152,1706525.320404803,6089891.459786945,1.000492753
1153,1153,1710583.615200625,6089843.163430226,0.223638556
1154,1154,1706158.952983717,6089891.349847064,0.602742821
1155,1155,1706541.792564834,6089881.866745188,0.935594925
1156,1156,1710501.852028417,6089834.929241765,0.772784293
1157,1157,1710518.335355761,6089833.79598053,0.608290718
1158,1158,1710661.060493181,6089832.247168868,0.048668753
1159,1159,1705406.803921181,6089886.052050712,-0.438659995
1160,1160,1705424.966640742,6089890.659713613,-0.413717384
1161,1161,1706206.901225457,6089911.413276411,0.416544779
1162,1162,1710485.553173458,6089824.233536321,0.816285696
1163,1163,1703967.758957943,6089904.547823198,-0.077142286
1164,1164,1704696.332102992,6089883.650105612,0.844733333
1165,1165,1706268.077069459,6089865.237086251,0.519975599
1166,1166,1706566.096608073,6089861.714834016,0.855324981
1167,1167,1706900.858573084,6089857.7464546,0.253964591
1168,1168,1706917.18835066,6089857.552573436,0.966050663
1169,1169,1700548.629354971,6089921.162854852,0.839157882
1170,1170,1703842.985553813,6089883.567625498,-0.202802549
1171,1171,1703871.562643389,6089883.238002658,-0.170103447
1172,1172,1704981.987511087,6089870.359505713,0.708625006
1173,1173,1705384.13801504,6089868.152730444,-0.632670856
1174,1174,1706282.924591404,6089854.693957577,0.458322221
1175,1175,1706582.308512122,6089851.558334587,0.907849987
1176,1176,1707039.543884727,6089846.134168931,0.090193187
1177,1177,1699838.172805764,6089918.695443633,1.247107135
1178,1178,1699895.164271895,6089918.267533506,1.189549977
1179,1179,1700535.962148006,6089911.218769878,0.870853506
1180,1180,1704793.777602097,6089875.30753521,0.687592741
1181,1181,1704965.379170079,6089860.79293802,0.61341819
1182,1182,1706304.751136976,6089845.07932706,0.364777783
1183,1183,1710582.841191303,6089793.553610132,0.332640031
1184,1184,1699911.383405082,6089908.123230916,0.839926805
1185,1185,1703862.392517593,6089869.294079951,0.080277473
1186,1186,1705010.332247473,6089850.099875181,0.581951508
1187,1187,1706328.365623347,6089834.631539448,-0.368647062
1188,1188,1706635.795181123,6089836.689788674,0.84130677
1189,1189,1710508.824561746,6089789.339523325,0.562378669
1190,1190,1711710.407988907,6089787.27076599,0.873999988
1191,1191,1699821.227895517,6089904.141131482,1.639672286
1192,1192,1699927.505923278,6089898.452930281,0.830894724
1193,1193,1703887.539162098,6089852.433584427,0.363982136
1194,1194,1704973.311741638,6089840.771363671,0.573142861
1195,1195,1706353.337968042,6089824.372002883,-0.429050006
1196,1196,1707080.012816145,6089815.759228988,0.605949993
1197,1197,1700882.17928791,6089877.370003566,-0.266431369
1198,1198,1703715.694158351,6089846.029872631,-0.47166152
1199,1199,1703903.166929359,6089843.015328397,0.406679993
1200,1200,1703952.999352278,6089864.572600051,0.347652525
1201,1201,1706364.102889255,6089813.876954718,-0.727786871
1202,1202,1700707.487009689,6089869.597255627,1.013878382
1203,1203,1700845.879067982,6089867.839032887,0.011424999
1204,1204,1703924.059404436,6089832.809700052,0.432637497
1205,1205,1705169.206723522,6089819.078483421,-0.734642854
1206,1206,1706385.753470345,6089803.333261997,0.418654325
1207,1207,1707112.43532475,6089795.444317067,0.795599982
1208,1208,1700719.657053837,6089860.576122047,0.873872736
1209,1209,1700908.614910563,6089861.072676246,-0.126999994
1210,1210,1701045.847353955,6089855.605948191,-0.545550022
1211,1211,1704826.158658826,6089812.387691151,0.523249983
1212,1212,1706397.891615638,6089793.951814698,0.470014613
1213,1213,1707128.646589877,6089785.286784735,0.799225003
1214,1214,1699814.563848593,6089876.877813147,1.708324691
1215,1215,1700736.395825361,6089850.809233369,0.629542858
1216,1216,1701013.671870232,6089846.00246564,-0.379220006
1217,1217,1706712.120529924,6089780.268468961,0.429196296
1218,1218,1707144.857820069,6089775.1291874,0.981649993
1219,1219,1700752.540840381,6089843.816200362,0.928000003
1220,1220,1700996.648801452,6089839.019868994,-0.292843739
1221,1221,1711607.590504792,6089726.113886543,0.87704143
1222,1222,1700788.84180889,6089840.884447444,0.672806339
1223,1223,1699841.568685635,6089828.630665218,1.319499969
1224,1224,1699893.86508562,6089859.030819569,0.849155588
1225,1225,1703681.364313086,6089785.130465126,0.150180556
1226,1226,1699869.342480593,6089804.582715196,0.954832631
1227,1227,1703665.747044099,6089756.322411508,0.013018186
1228,1228,1706466.188015412,6089713.631992337,0.848245635
1229,1229,1706519.858913236,6089713.373443914,0.68381818
1230,1230,1700232.451990316,6089775.018167894,0.272917649
1231,1231,1703663.209666413,6089736.016572611,0.212355555
1232,1232,1704477.685782654,6090089.569713927,0.577500527
1233,1233,1706544.235367668,6089703.120405289,0.65084524
1234,1234,1704146.881521453,6089720.801637352,0.211849058
1235,1235,1704172.414346974,6089720.33002397,-0.588236358
1236,1236,1706481.891362102,6089693.370047514,0.909320746
1237,1237,1706531.48219706,6089682.965825954,0.802777778
1238,1238,1706556.732948829,6089682.462285763,0.797112383
1239,1239,1711609.811302951,6089621.24069191,0.956874997
1240,1240,1704179.810816269,6089705.297667464,-0.523182707
1241,1241,1706516.644928668,6089672.438966027,0.886186809
1242,1242,1706572.020851361,6089672.317105941,0.798925013
1243,1243,1701517.833151764,6089710.794881406,-0.916360021
1244,1244,1703665.318683493,6089701.271462094,0.416606494
1245,1245,1706587.519101784,6089652.204414589,0.790545472
1246,1246,1701223.630304466,6089704.347272505,0.216701755
1247,1247,1703142.869102722,6089667.981633582,1.472660714
1248,1248,1706946.845287889,6089618.253783258,0.950726444
1249,1249,1706898.207639212,6089608.988735083,1.146173181
1250,1250,1700203.314696156,6089722.190224131,0.437677339
1251,1251,1706965.230270365,6089605.3752342,0.926217383
1252,1252,1711641.482181855,6089541.129494254,0.741466663
1253,1253,1701080.523024298,6089729.855792889,0.416279089
1254,1254,1701230.238124404,6089654.189574089,1.463722397
1255,1255,1706836.397933524,6089589.486523571,1.097442427
1256,1256,1706979.311315207,6089587.769831251,0.982024973
1257,1257,1711657.688165773,6089530.963672763,0.764575014
1258,1258,1700986.184512729,6089647.227290647,0.9920702
1259,1259,1706819.598938756,6089579.953335192,1.164640498
1260,1260,1706989.600758669,6089577.682927499,0.942309294
1261,1261,1705361.761079401,6089576.951151863,-0.202962272
1262,1262,1700928.188030132,6089633.178940994,2.034964303
1263,1263,1705309.169858749,6089567.601848684,-0.313275675
1264,1264,1706595.472762589,6089855.389469857,0.578090655
1265,1265,1700977.140081228,6089607.26678487,1.858838951
1266,1266,1702169.763954032,6089593.81159473,0.951424999
1267,1267,1704161.925240436,6089570.983583652,0.84367497
1268,1268,1705284.559349654,6089557.925168617,-0.285953585
1269,1269,1705386.608572625,6089556.004613823,-0.277856202
1270,1270,1707003.204650375,6089536.936145786,0.994279978
1271,1271,1703255.707378401,6089571.662387037,1.149370368
1272,1272,1705394.069724394,6089546.679286996,0.018977229
1273,1273,1706145.809633111,6089537.847520726,-0.142949982
1274,1274,1707010.664158973,6089527.609439771,1.093642866
1275,1275,1699558.706746381,6089605.870889986,0.672661417
1276,1276,1702275.677455916,6089572.679926153,0.542974982
1277,1277,1705259.332844907,6089540.952431915,0.102120435
1278,1278,1705410.869121018,6089535.791457218,0.247033613
1279,1279,1706174.268251427,6089527.547409799,0.421477708
1280,1280,1706194.679710442,6089527.306605589,-0.183825004
1281,1281,1711722.140652176,6089460.410222896,0.864949987
1282,1282,1711771.278920364,6089459.44003104,1.334833345
1283,1283,1703295.972132385,6089551.271526837,0.962771936
1284,1284,1703345.551569823,6089713.564653041,0.544393477
1285,1285,1705426.494822621,6089526.370503837,0.464355283
1286,1286,1706219.056099061,6089517.05435633,-0.243858337
1287,1287,1707043.085746904,6089507.29474808,1.096936162
1288,1288,1707280.692551121,6089541.021491499,1.294381912
1289,1289,1711795.552181341,6089453.834229222,1.156567778
1290,1290,1699572.9894464,6089583.048390409,0.480849993
1291,1291,1700459.414594966,6089940.60214332,0.600927177
1292,1292,1702185.478331805,6089553.979814116,-0.098749993
1293,1293,1704587.712756254,6089526.197011866,0.167333332
1294,1294,1705255.517262121,6089518.406496909,0.397585321
1295,1295,1705443.29414314,6089515.482611449,0.484681558
1296,1296,1705827.038156622,6089511.706564048,0.691138268
1297,1297,1706243.432217859,6089506.802339589,0.105162791
1298,1298,1707263.844514287,6089494.906976181,1.752035087
1299,1299,1711759.471748715,6089445.201153469,0.829641795
1300,1300,1711819.761390121,6089439.386240373,1.245597403
1301,1301,1703330.288543314,6089538.715987683,0.92386407
1302,1302,1705798.3450179,6089502.079217116,1.787216853
1303,1303,1705845.493330408,6089501.525023974,0.755030606
1304,1304,1706259.643807384,6089496.646409268,0.597410106
1305,1305,1707091.836373854,6089486.785710085,1.357036348
1306,1306,1705950.196131974,6089490.328477535,0.70123021
1307,1307,1706275.855556041,6089486.490302831,0.630636399
1308,1308,1707251.522571922,6089474.920136856,1.841006693
1309,1309,1700201.325386324,6089546.183894888,0.822249999
1310,1310,1702085.128395848,6089531.109947788,-0.537703693
1311,1311,1702147.570344496,6089547.545018979,0.0253552
1312,1312,1705010.231232012,6089491.377186954,-0.706174997
1313,1313,1705889.507095429,6089486.409555911,1.31879926
1314,1314,1705964.889012206,6089480.191338803,0.6707857
1315,1315,1707232.769677193,6089464.64543658,1.927223277
1316,1316,1700503.578603806,6089557.761603998,1.081682708
1317,1317,1701058.290360011,6089595.290089853,2.005356952
1318,1318,1702250.3421043,6089513.385570429,0.372945447
1319,1319,1702266.67113217,6089513.200098547,0.471298247
1320,1320,1706002.107562916,6089469.788599741,0.741925
1321,1321,1707198.053159935,6089455.832037068,1.653339294
1322,1322,1699621.425229017,6089532.690904071,0.546744161
1323,1323,1700481.532066069,6089522.775558908,0.897106904
1324,1324,1700960.611356755,6089527.904401177,3.209662738
1325,1325,1704205.859009738,6089504.502880099,0.543850191
1326,1326,1704709.443668652,6089481.833361558,0.193075243
1327,1327,1705024.130974163,6089477.375389851,-0.295209205
1328,1328,1705982.174224322,6089460.058687261,0.755259269
1329,1329,1702298.669895281,6089492.703305198,0.695090908
1330,1330,1704601.818890719,6089466.033712391,0.539862252
1331,1331,1704625.255165225,6089500.290239277,0.125971182
1332,1332,1706044.120749569,6089455.083639316,0.666164179
1333,1333,1711781.842318115,6089407.868803219,0.932974437
1334,1334,1712144.985824342,6089371.366909821,1.762011065
1335,1335,1701303.085359383,6089493.996505845,0.86382499
1336,1336,1704752.149279827,6089465.803200819,0.371945951
1337,1337,1705776.612816562,6089468.841677221,1.384313025
1338,1338,1706054.825050836,6089439.273946856,0.830374987
1339,1339,1712132.51320816,6089367.899985534,1.695746517
1340,1340,1701270.845470704,6089483.488789977,0.805000021
1341,1341,1701327.466665295,6089483.757666352,0.97335555
1342,1342,1701343.795581175,6089483.573899986,1.072075024
1343,1343,1704670.520965073,6089445.441635472,0.492016179
1344,1344,1704760.632769225,6089444.462336699,0.462591459
1345,1345,1704811.539058117,6089460.857240377,-0.037359811
1346,1346,1712076.501136269,6089356.938176724,1.979941292
1347,1347,1700225.153229309,6089486.132546378,0.925662507
1348,1348,1702221.313691506,6089483.903644963,0.490880318
1349,1349,1704597.219065168,6089441.237741717,0.592203242
1350,1350,1704772.763573708,6089434.356624163,0.460858329
1351,1351,1704813.586048442,6089433.881441901,0.613059862
1352,1352,1706078.488507457,6089419.065957614,0.88393332
1353,1353,1711741.879382019,6089362.862505774,0.308059377
1354,1354,1712052.333970387,6089345.25496662,1.779747073
1355,1355,1712182.239695913,6089340.300264018,1.215999961
1356,1356,1699702.518323592,6089481.97142955,0.710600003
1357,1357,1704633.851378094,6089426.007663477,0.566900005
1358,1358,1704652.97779046,6089434.135652055,0.774900604
1359,1359,1704797.30823646,6089424.31074395,0.189454551
1360,1360,1706095.286876374,6089408.17682407,0.93166383
1361,1361,1700224.93132329,6089466.206342862,0.883825005
1362,1362,1701262.67068303,6089463.035030026,0.915444741
1363,1363,1704620.243334146,6089415.844174021,0.596987653
1364,1364,1704784.778386094,6089414.287692527,0.35681876
1365,1365,1705237.07376992,6089439.198812816,0.597149198
1366,1366,1706102.747185408,6089398.850888047,0.880962981
1367,1367,1712169.421413544,6089325.510095665,1.43443407
1368,1368,1702170.566747361,6089443.663663755,0.247763071
1369,1369,1706119.545487739,6089387.961707355,0.916918387
1370,1370,1704788.791083538,6089394.107541257,0.335723218
1371,1371,1712153.006285907,6089305.580570509,1.083344078
1372,1372,1712010.17618401,6089304.470838611,1.398091373
1373,1373,1700191.667576658,6089426.923448993,1.410116761
1374,1374,1703751.628292295,6089396.360084719,0.756754318
1375,1375,1705123.759572642,6089454.151492446,0.323205121
1376,1376,1706298.763601664,6089356.615047931,0.708128229
1377,1377,1711963.508919713,6089290.409474766,1.040254546
1378,1378,1700031.58807905,6089427.425504826,-0.361501846
1379,1379,1704812.611669662,6089364.345296801,0.348607136
1380,1380,1705149.43149822,6089395.252394042,0.538814834
1381,1381,1705507.8498632,6089381.155524017,0.665040939
1382,1382,1700220.183628463,6089406.472943675,1.797764313
1383,1383,1704823.293186301,6089388.223367113,0.406252364
1384,1384,1705535.209829594,6089345.734409136,0.719362526
1385,1385,1712136.180783205,6089265.930801692,0.776775009
1386,1386,1702153.217595625,6089381.430834181,-0.184666667
1387,1387,1703759.333467676,6089356.413175634,0.724396869
1388,1388,1704800.008499703,6089354.746767296,0.396797295
1389,1389,1705122.74606,6089352.476729572,0.463548382
1390,1390,1706306.624214295,6089336.134312145,0.715414292
1391,1391,1703775.5475179,6089346.2617096,0.749477256
1392,1392,1700027.98872033,6089378.717385736,0.348225011
1393,1393,1702141.7128888,6089360.71644403,-0.249886172
1394,1394,1705065.847192748,6089348.886874608,0.536643954
1395,1395,1712143.97293737,6089235.939208454,0.582175012
1396,1396,1701195.267179224,6089345.742974683,0.56327499
1397,1397,1704260.119936292,6089311.038563579,0.503931971
1398,1398,1712128.426417501,6089222.228644737,0.63420144
1399,1399,1701138.417600184,6089336.30655189,0.675255817
1400,1400,1703783.089889653,6089306.521198527,0.790035713
1401,1401,1704819.129075013,6089315.181277394,0.623701596
1402,1402,1711832.940032721,6089224.25871367,0.651137659
1403,1403,1701211.371896157,6089325.633036712,0.439229425
1404,1404,1705129.868297694,6089307.851536433,0.610230135
1405,1405,1706196.340665555,6089275.847021266,0.515841087
1406,1406,1706542.692248581,6089264.115021255,2.923687524
1407,1407,1710172.175183985,6089220.224392043,0.730000019
1408,1408,1711919.34498753,6089243.196470171,0.813448898
1409,1409,1711955.532147843,6089198.629729651,0.006982436
1410,1410,1699620.525287577,6089334.146844797,1.07626706
1411,1411,1701137.621530728,6089316.702889019,0.769649098
1412,1412,1701171.748838904,6089329.704634173,0.558487805
1413,1413,1706534.409963048,6089254.248422391,2.911702437
1414,1414,1712099.16885935,6089198.394682846,0.786525534
1415,1415,1699643.594815619,6089322.467554347,1.240641542
1416,1416,1700019.381649723,6089338.955498162,0.46045622
1417,1417,1701149.478400585,6089305.819343242,0.552917422
1418,1418,1701243.805137607,6089305.339464411,0.477200001
1419,1419,1706322.018729943,6089246.794808302,0.65174998
1420,1420,1706526.127695419,6089244.381816189,2.929334095
1421,1421,1710168.895821953,6089199.634157461,0.798647058
1422,1422,1711865.637956617,6089179.613239621,0.010283336
1423,1423,1711906.460049597,6089179.105855524,0.331119998
1424,1424,1711949.999475107,6089178.161214136,0.199423676
1425,1425,1699532.11502081,6089320.950483697,2.659005764
1426,1426,1699651.656857037,6089313.140526431,1.024625023
1427,1427,1703619.344024187,6089268.549438865,0.417035714
1428,1428,1703681.7740277,6089268.041552085,0.466861059
1429,1429,1706374.969392245,6089236.204486905,0.756632301
1430,1430,1706517.845445693,6089234.515202653,2.769948024
1431,1431,1711828.774304815,6089170.106425209,-0.131825651
1432,1432,1711995.54938423,6089168.033091987,2.290549038
1433,1433,1699512.7499901,6089304.71772055,2.099677798
1434,1434,1703594.898834039,6089258.661922854,0.470847221
1435,1435,1703725.203049182,6089258.410202766,0.728578955
1436,1436,1706509.563213871,6089224.648581781,2.649915105
1437,1437,1706541.163808032,6089234.852888087,2.858779014
1438,1438,1710175.352549414,6089179.803062953,0.907625013
1439,1439,1711791.910735772,6089160.599465363,-0.150277278
1440,1440,1712085.891202,6089161.926262887,0.266587507
1441,1441,1699888.037386959,6089290.796390441,0.639454554
1442,1442,1699951.724563377,6089289.351715968,0.552551067
1443,1443,1703755.834936247,6089250.02058906,0.997886799
1444,1444,1706199.038398977,6089218.556993815,0.115565385
1445,1445,1706435.966343826,6089215.554433978,1.124382559
1446,1446,1710182.808554153,6089170.473638903,0.909127273
1447,1447,1712016.307775704,6089147.84513018,0.776285393
1448,1448,1712056.488828111,6089150.387159034,0.862356914
1449,1449,1699867.674856083,6089280.506531439,0.778280552
1450,1450,1699977.888080559,6089278.903676292,0.658279983
1451,1451,1700025.49258303,6089309.704957376,0.973174087
1452,1452,1704288.829543406,6089480.909345182,0.407496758
1453,1453,1706510.487738024,6089207.760451854,2.196511424
1454,1454,1711770.864097796,6089143.69619198,-0.025469335
1455,1455,1699504.287808318,6089285.199039056,2.130166185
1456,1456,1699847.157563794,6089271.11682527,0.869974981
1457,1457,1699985.354435043,6089269.582950675,1.099058838
1458,1458,1706480.339473037,6089195.293117051,1.621301739
1459,1459,1699893.953344405,6089589.228819049,0.611870761
1460,1460,1699830.718585166,6089261.33477992,0.93495
1461,1461,1700002.159489672,6089258.705345787,1.368210523
1462,1462,1705789.169910088,6089206.155447101,0.873058828
1463,1463,1706214.997671532,6089193.618800425,0.147761996
1464,1464,1706455.988328543,6089185.445951062,0.890840749
1465,1465,1710199.631550371,6089145.323794785,0.964699666
1466,1466,1699491.262634447,6089261.764705426,1.500442483
1467,1467,1699818.14112742,6089251.646438822,0.976713399
1468,1468,1705496.601833715,6089186.753613053,0.467025824
1469,1469,1705512.930325337,6089186.562259402,0.344224796
1470,1470,1706435.495140731,6089175.701552803,0.77286666
1471,1471,1699795.113988645,6089241.397554585,1.106513052
1472,1472,1705431.170917103,6089177.555582402,0.67392405
1473,1473,1706427.213052842,6089165.834858712,0.777399992
1474,1474,1710210.004482056,6089119.913607257,0.997867782
1475,1475,1711742.182280789,6089101.427918063,0.434800004
1476,1476,1699754.182498783,6089231.886860401,1.047873932
1477,1477,1703493.337745871,6089203.081730555,-0.227926586
1478,1478,1704388.366171985,6089190.730777552,0.735288731
1479,1479,1706234.798125314,6089160.308249203,0.573588486
1480,1480,1711733.726956463,6089091.363686817,0.373298238
1481,1481,1701190.500662984,6089212.273446912,-0.00192805
1482,1482,1705760.164817421,6089154.155363495,0.922384605
1483,1483,1710214.612142845,6089100.330952346,1.006129653
1484,1484,1701414.623160356,6089379.270883211,0.665195435
1485,1485,1704368.822367565,6089180.232715955,0.740014002
1486,1486,1706394.140618108,6089137.209397673,0.821391072
1487,1487,1710209.526430542,6089080.866973651,1.235522117
1488,1488,1699389.246977675,6089196.6736611,0.76336841
1489,1489,1699481.228747519,6089211.753832095,0.832770791
1490,1490,1699495.104149554,6089185.335482161,2.447324976
1491,1491,1702096.991323154,6089216.645705005,0.024140112
1492,1492,1705749.470635758,6089114.034579612,1.070057674
1493,1493,1706381.576658928,6089111.667912645,0.691849981
1494,1494,1711752.761942846,6089089.431578856,0.170622795
1495,1495,1710230.212909732,6089062.399021595,0.931149123
1496,1496,1701186.943495784,6089162.159318968,-0.364979382
1497,1497,1704392.66507716,6089116.692589729,0.855261969
1498,1498,1701168.422806709,6089136.791938797,-0.572627913
1499,1499,1705753.286451878,6089094.829291652,1.530022144
1500,1500,1704401.154784701,6089090.119348794,1.122363638
1501,1501,1710214.398822633,6089020.819785835,0.952448289
1502,1502,1701021.244437577,6089118.516105494,0.447623379
1503,1503,1705727.130758652,6089064.884435189,1.278634314
1504,1504,1706258.096928992,6089058.886941166,0.617855863
1505,1505,1711725.367042159,6089022.099119868,0.597018761
1506,1506,1701037.460920417,6089108.369664595,-0.380438182
1507,1507,1703102.986435426,6089084.948450124,1.49530156
1508,1508,1703119.314650252,6089084.761227611,1.035600016
1509,1509,1704412.81231744,6089070.06142566,1.326801591
1510,1510,1705710.818890783,6089056.688140468,1.121182688
1511,1511,1710230.153735584,6089000.69733315,0.87764284
1512,1512,1703168.185531984,6089074.236932423,-9999.0
1513,1513,1705679.717388029,6089049.163516794,1.046499953
1514,1514,1699494.726528559,6089143.166715215,0.995018345
1515,1515,1700710.67309044,6089092.102955393,-0.257312489
1516,1516,1704417.345648839,6089049.664697339,1.449939268
1517,1517,1705665.021384392,6089037.671660083,0.903151496
1518,1518,1711709.269456196,6088976.100714611,0.731486484
1519,1519,1705266.299986527,6089029.812248392,1.818089313
1520,1520,1705453.56784082,6089038.005490701,0.706958435
1521,1521,1705613.550908137,6089026.529649695,0.715477116
1522,1522,1711340.118709845,6088957.142039933,-0.521147647
1523,1523,1711698.92686008,6088953.165309908,0.737958322
1524,1524,1699404.035537277,6089086.90252199,1.459877171
1525,1525,1699492.287847215,6089091.269944961,0.432155545
1526,1526,1705382.557640736,6089020.17188956,1.330674974
1527,1527,1705500.993658103,6089028.052736946,0.621894218
1528,1528,1705633.244628367,6089015.957713136,1.00214287
1529,1529,1706272.697471412,6089021.892341425,0.526971893
1530,1530,1704441.924163771,6089019.690285061,1.850554329
1531,1531,1699477.454466875,6089065.958406196,0.478879254
1532,1532,1706417.045195114,6088996.552478764,0.824398305
1533,1533,1699469.180319423,6089056.085488306,0.965658334
1534,1534,1700670.402794623,6089066.627796357,-0.362226937
1535,1535,1705346.251586276,6088997.095006075,1.766229143
1536,1536,1706286.185010841,6088978.173491155,0.564362484
1537,1537,1711684.967916441,6088924.567699296,0.804526324
1538,1538,1699387.673129502,6089051.497043601,1.290545466
1539,1539,1699460.906189885,6089046.212563068,1.243462507
1540,1540,1700644.692098862,6089033.054298738,-0.50702503
1541,1541,1703174.954688026,6089004.408024164,0.442000005
1542,1542,1711673.122270016,6088904.474366544,0.830843735
1543,1543,1699440.38604186,6089036.474920403,0.664565876
1544,1544,1705853.401094858,6089519.512107314,0.517752954
1545,1545,1711306.72267287,6088897.766182726,0.318210529
1546,1546,1699379.127360404,6089032.10144002,1.441817196
1547,1547,1699419.865939369,6089026.737232415,-0.06754
1548,1548,1703551.040098503,6088995.107299435,1.122156252
1549,1549,1705600.049225851,6088956.355311424,0.659349983
1550,1550,1706371.554971332,6088947.271213784,0.751342007
1551,1551,1699395.263879104,6089017.044581034,0.301208335
1552,1552,1705599.63882893,6088976.338163345,0.763603754
1553,1553,1705608.096346177,6088946.296346599,1.102550002
1554,1554,1706344.640152643,6088937.09117105,0.820349473
1555,1555,1711277.90847062,6088918.388176351,0.781549053
1556,1556,1711658.63285114,6088874.052203286,0.978990283
1557,1557,1703481.567220038,6088951.646458012,1.060236354
1558,1558,1711461.510276872,6088855.787143308,-0.231477559
1559,1559,1711648.980359186,6088853.836991027,1.017018885
1560,1560,1703433.012029384,6088942.596527726,0.988052942
1561,1561,1703534.248733085,6088940.699888497,1.543912269
1562,1562,1711453.222793302,6088845.924944301,-0.283281242
1563,1563,1700578.960296267,6088968.139597194,-0.845000029
1564,1564,1703503.639726083,6088939.35804942,0.933922069
1565,1565,1703554.377074557,6088930.299453351,1.160440459
1566,1566,1705562.78059587,6088906.31107819,1.081666638
1567,1567,1711257.328411039,6088838.587973547,-0.050456134
1568,1568,1711444.935327629,6088836.062737972,-0.185957692
1569,1569,1711640.372983934,6088834.231208258,1.104678219
1570,1570,1703407.75708196,6088925.889236637,0.971745017
1571,1571,1705621.794730062,6088896.304708978,1.573850024
1572,1572,1705604.668032395,6088886.145765982,1.636946866
1573,1573,1703394.892711293,6088907.221620513,0.965912493
1574,1574,1703125.195790915,6088885.404338404,0.39575001
1575,1575,1703386.027488173,6088887.916671386,0.956125014
1576,1576,1701463.718887596,6088894.322173042,-0.755894438
1577,1577,1703402.770559325,6088882.219873345,1.117866671
1578,1578,1701439.114796825,6088884.635060634,-0.55618753
1579,1579,1701532.99176708,6088882.850026648,-0.539673097
1580,1580,1703392.134740151,6088862.413034135,0.985591378
1581,1581,1701414.51076078,6088874.947881103,-0.515642379
1582,1582,1701549.215413149,6088873.429146836,-0.541950022
1583,1583,1711423.972286289,6088790.71298377,-0.026893178
1584,1584,1701393.98892178,6088865.214508317,-0.67010002
1585,1585,1711419.333033955,6088746.696314402,0.030624999
1586,1586,1701352.944815745,6088845.748063121,-0.605475029
1587,1587,1703377.482438719,6088822.863536082,1.552216044
1588,1588,1701332.879359561,6088833.993063862,-0.520905598
1589,1589,1701319.275857888,6088818.382520491,-0.256048804
1590,1590,1701899.58724185,6088809.682734977,0.238203464
1591,1591,1703335.313066442,6088784.724832845,1.047183671
1592,1592,1701289.825346947,6088803.696363295,-0.531272749
1593,1593,1700282.810022168,6088797.948075426,-0.845000029
1594,1594,1710961.044886494,6088676.98741667,0.852920631
1595,1595,1703308.012773277,6088763.077290828,0.953998224
1596,1596,1700609.221012305,6088781.603512204,0.235000001
1597,1597,1700263.926394352,6088771.016005835,-0.845000029
1598,1598,1701257.602921461,6088775.524374801,-0.283295081
1599,1599,1703276.19350089,6088737.219669102,0.826846503
1600,1600,1710459.154458935,6088649.49908423,0.425772853
1601,1601,1710895.323638542,6088643.759283575,0.528839282
1602,1602,1710911.651459718,6088643.558091441,0.567272724
1603,1603,1701224.972877236,6088747.739421281,-0.101006664
1604,1604,1703257.868692938,6088724.565809208,0.821774838
1605,1605,1700596.997462454,6088745.200761006,0.404854544
1606,1606,1700616.807439498,6088744.603070688,0.503793103
1607,1607,1700670.471515773,6088744.379259805,0.685837836
1608,1608,1700984.3402035,6088740.282626309,-0.492623995
1609,1609,1701208.356187134,6088738.075654628,0.017476509
1610,1610,1710967.953487449,6088643.065463779,1.3427692
1611,1611,1700249.544281971,6088743.514656748,-0.845000029
1612,1612,1703213.105292988,6088704.831432843,0.881157906
1613,1613,1703234.374193333,6088710.469949522,0.799569515
1614,1614,1710951.885329527,6088617.707173654,0.860000014
1615,1615,1700918.97357654,6088721.291272507,-0.124827589
1616,1616,1700934.971585809,6088721.111878878,-0.153017863
1617,1617,1710298.870015829,6088611.229394707,0.554122821
1618,1618,1710497.208062377,6088608.592213996,0.668340403
1619,1619,1700249.266853262,6088718.606776534,-0.845000029
1620,1620,1703220.878148292,6088685.01764814,0.858575021
1621,1621,1710445.859645686,6088599.257692445,0.159425002
1622,1622,1710576.319162655,6088597.860185763,0.79135713
1623,1623,1710529.865194025,6088592.217480573,0.852780568
1624,1624,1710592.686715712,6088587.48993102,0.77011381
1625,1625,1710903.819547807,6088593.226163034,0.896304536
1626,1626,1700678.200141716,6088698.041671664,0.956700312
1627,1627,1700967.45382906,6088690.649962707,0.33941012
1628,1628,1710396.632066363,6088579.932083979,0.013574188
1629,1629,1710421.541340031,6088587.543252322,0.98887338
1630,1630,1710608.891976,6088577.326005684,0.731874986
1631,1631,1710858.165842136,6088574.489168235,1.151204261
1632,1632,1701914.335569422,6088670.013472867,0.312174997
1633,1633,1710372.018359654,6088570.269181437,0.074704541
1634,1634,1700646.181809996,6088678.345254897,0.960039569
1635,1635,1710351.486619528,6088560.556167857,0.160390081
1636,1636,1710840.129915221,6088555.136741915,0.883177789
1637,1637,1701044.704996211,6088699.299508614,0.197771156
1638,1638,1701636.535167495,6088652.499368885,0.056717253
1639,1639,1710342.155322739,6088555.266522192,-0.260499991
1640,1640,1701081.461104255,6088649.308270345,0.64865517
1641,1641,1701135.124831809,6088697.157864872,0.305049975
1642,1642,1701100.740516542,6088640.131653188,0.698716982
1643,1643,1701809.660915773,6088601.447005427,0.47332652
1644,1644,1710635.049356723,6088528.118065944,0.848603955
1645,1645,1703436.188849893,6089155.795675371,0.539655931
1646,1646,1701640.983164419,6088631.198555868,0.264834139
1647,1647,1701545.843154302,6088574.534132488,0.334827001
1648,1648,1703146.002552982,6088556.466737491,1.051242022
1649,1649,1701521.239824808,6088564.847256619,3.019313001
1650,1650,1701566.139838338,6088564.340671692,0.293907951
1651,1651,1701600.140253662,6088566.881222305,0.990638175
1652,1652,1703162.132860129,6088546.188209055,1.093375006
1653,1653,1701578.272847883,6088554.239304401,0.239925001
1654,1654,1703169.587037847,6088536.138262483,1.188327278
1655,1655,1710997.39038376,6089318.024633763,0.568504809
1656,1656,1701586.324019761,6088544.183992126,0.324649997
1657,1657,1703186.562470208,6088526.183502283,1.283228061
1658,1658,1703202.775497219,6088516.033100767,1.263092562
1659,1659,1703218.813052179,6088504.953753127,1.236040022
1660,1660,1700814.740669324,6088697.819303143,0.446709593
1661,1661,1703230.952533464,6088495.576593416,1.293751635
1662,1662,1703245.801102342,6088485.038481994,1.299184875
1663,1663,1701961.286304969,6088490.121558244,0.243687499
1664,1664,1700814.1196044,6088495.857748447,1.086613761
1665,1665,1700891.634767196,6088482.247355862,1.646185164
1666,1666,1710791.940235551,6088442.930900204,1.245857182
1667,1667,1700826.381715063,6088473.218733526,1.110163632
1668,1668,1700871.114287017,6088472.513042117,1.435354564
1669,1669,1700853.430167919,6088462.389807644,1.37626774
1670,1670,1702001.539776982,6088439.843004946,0.491041196
1671,1671,1701827.708057231,6088429.096609479,0.71488074
1672,1672,1702025.804483677,6088419.639042604,0.65686428
1673,1673,1702042.018737409,6088409.490666544,0.831766218
1674,1674,1701290.919896416,6088412.993706589,1.053174984
1675,1675,1702074.446396698,6088389.194233293,0.909080438
1676,1676,1702037.48476284,6088369.684434374,1.20174538
1677,1677,1701999.06503917,6088357.977027424,3.482990758
1678,1678,1701436.73983686,6088311.706932598,1.352831216
1679,1679,1701841.268359375,6088225.761760191,0.7502288
1680,1680,1701827.520698704,6088213.35796666,1.102249996
1681,1681,1701998.772935352,6088195.745289749,1.01367802
1682,1682,1701376.652705953,6088275.56656241,1.955715049
1683,1683,1701705.518132942,6088597.651098477,0.395543321
1684,1684,1700377.146557702,6088179.66147613,-0.845000029
1685,1685,1700568.877340422,6088461.143655133,0.634871245
1686,1686,1701394.238931753,6088162.719330043,3.080210566
1687,1687,1701447.244034318,6088157.139717314,3.274203128
1688,1688,1701989.980329728,6088140.313824978,1.758333343
1689,1689,1701415.029870515,6088144.693548002,3.193144706
1690,1690,1702002.120525085,6088130.938334494,1.698808298
1691,1691,1700731.954715854,6088075.495307661,0.485722946
1692,1692,1700421.642804846,6088068.999258527,-0.845000029
1693,1693,1700705.497252909,6088070.144936685,0.330598037
1694,1694,1700748.057976263,6088055.38619828,1.023699993
1695,1695,1700421.420430847,6088049.072932883,-0.797400029
1696,1696,1700445.465016558,6088008.946947198,-0.822573062
1697,1697,1700456.011853525,6087978.532715568,-0.468529437
1698,1698,1700494.079311673,6087975.773311404,-0.845000029
1699,1699,1700518.102779338,6087948.553720261,-0.845000029
1700,1700,1700885.491495539,6087934.272999031,-0.048533333
1701,1701,1700530.342866632,6087933.266016978,-0.845000029
1702,1702,1700544.928023759,6087913.150777266,-0.845000029
1703,1703,1700492.014354972,6087925.191082419,-0.450878501
1704,1704,1700605.15570772,6087847.198924542,-0.845000029
1705,1705,1700578.886315425,6087843.239646239,-0.481114534
1706,1706,1700650.125643965,6087785.11367902,-0.356366683
1707,1707,1700671.35687875,6087767.276586272,-0.062625012
1708,1708,1700701.971449183,6087747.005165277,-0.03970901
1709,1709,1700740.295307243,6087726.6473061,-0.036235476
1710,1710,1700772.22029551,6087710.014585111,-0.038034567
1711,1711,1700804.194181546,6087689.439288763,-0.003938004
1712,1712,1700833.609940577,6087675.779913088,-0.073268291
1713,1713,1700853.905305464,6087665.588011165,-0.108518986
1714,1714,1700866.037825043,6087655.487582303,-0.096684207
1715,1715,1700881.656509604,6087645.348044031,-0.086000001
1716,1716,1700898.457418075,6087634.46864869,-0.13080001
1717,1717,1700922.730396305,6087614.994125299,-0.188300004
1718,1718,1700934.862771176,6087604.893595022,-0.336850012
1719,1719,1700955.157905261,6087594.701477863,-0.835050028
1720,1720,1701063.952073654,6087105.222392511,-0.849063209
1721,1721,1701003.922586767,6087074.061048073,0.935406381
1722,1722,1701036.73323763,6087069.940890497,-0.54357916
1723,1723,1700990.180841824,6087056.579493463,1.951796417
1724,1724,1701193.76433342,6087034.011969521,-0.035974999
1725,1725,1700728.293483382,6087019.307244507,1.418741655
1726,1726,1700866.888666862,6087017.958797518,0.869263162
1727,1727,1700744.506367689,6087009.161349123,1.421844471
1728,1728,1700716.263848424,6087000.093916674,1.737241051
1729,1729,1700768.701035623,6086998.692930972,0.964648643
1730,1730,1700678.823055413,6086990.172356919,1.344859663
1731,1731,1700686.76220612,6086970.15463552,1.10787721
1732,1732,1701485.126248799,6086950.982825851,1.465588237
1733,1733,1700702.214784845,6086946.682615547,1.496526597
1734,1734,1701475.92685206,6086919.988317752,1.056841633
1735,1735,1701493.985482776,6086886.470432702,1.261883131
1736,1736,1701118.175987592,6086845.537615121,-0.757179516
1737,1737,1700587.092631283,6086802.396672165,1.534070166
1738,1738,1701449.952629922,6086830.256828426,0.693223803
1739,1739,1701216.274013197,6086854.953041534,0.109125764
1740,1740,1700614.797056715,6086771.67751016,1.63588
1741,1741,1701124.152559181,6086772.065649809,0.335548473
1742,1742,1700639.68784883,6086760.876983793,1.560213685
1743,1743,1701255.326622875,6086754.31466982,0.504188674
1744,1744,1701411.594956896,6086752.554145842,0.130980394
1745,1745,1700575.984144717,6086767.651250845,1.570800653
1746,1746,1700659.985193312,6086751.032489216,1.398891672
1747,1747,1701099.442575725,6086752.414525538,0.712576737
1748,1748,1701074.732700546,6086732.763335224,0.589741221
1749,1749,1701050.022933642,6086713.112078874,0.56922769
1750,1750,1700699.642201222,6086700.766425781,1.207200007
1751,1751,1701025.313275018,6086693.460756483,0.820978209
1752,1752,1701287.672260702,6086674.234836645,-0.63499999
1753,1753,1701000.603724669,6086673.809368052,0.779430772
1754,1754,1701272.187524799,6086703.212822862,0.011150839
1755,1755,1701458.623115035,6086632.45006342,1.04999998
1756,1756,1701303.322691343,6086614.271832063,-0.63499999
1757,1757,1701547.728824108,6086571.657744301,1.208975029
1758,1758,1701580.263512766,6086561.325914649,1.433099985
1759,1759,1701596.474720314,6086551.178304738,1.276266669
1760,1760,1701612.778671698,6086550.970020231,1.160265822
1761,1761,1701702.578170373,6086549.979230099,1.535047044
1762,1762,1701633.090168945,6086540.800234358,1.249176532
1763,1763,1701657.700583698,6086548.416279988,1.550433308
1764,1764,1701694.136668973,6086539.905856615,1.446312498
1765,1765,1701724.113292779,6086539.273562788,1.53521587
1766,1766,1700513.163068917,6086554.524463005,1.324385985
1767,1767,1700471.561903617,6086538.862719221,1.23120082
1768,1768,1701343.121639115,6086524.14333508,-0.635005876
1769,1769,1700457.912220475,6086523.44489678,1.339183071
1770,1770,1700387.859942966,6086504.963172289,1.874024977
1771,1771,1700414.608182393,6086505.861832095,1.353699541
1772,1772,1701311.167232541,6086548.650337134,0.399814461
1773,1773,1700371.476512917,6086485.012825606,1.378109136
1774,1774,1700354.871336366,6086474.711476508,1.465043532
1775,1775,1701391.418580898,6086463.812052147,-0.63499999
1776,1776,1701815.715820994,6086449.054274188,1.167988038
1777,1777,1700326.721869562,6086460.093695557,-0.56891231
1778,1778,1700794.396836873,6086767.636242366,0.901711899
1779,1779,1700266.786157055,6086441.246337099,-0.707798536
1780,1780,1699815.67918924,6086429.362835636,-0.173380957
1781,1781,1700203.332845021,6086427.305472674,-0.125638628
1782,1782,1700798.568425611,6086411.354491783,1.044745467
1783,1783,1700911.190550211,6086538.23160731,0.852520428
1784,1784,1699838.462180371,6086424.467692588,-0.228584182
1785,1785,1702002.644608946,6086377.184704273,0.882024997
1786,1786,1700272.040552276,6086366.753086676,-0.196249988
1787,1787,1700171.766061072,6086361.781352695,-0.845000029
1788,1788,1700239.283100632,6086357.153854618,0.101024998
1789,1789,1702116.217055278,6086330.421489666,1.051908619
1790,1790,1700392.075679445,6086362.915554968,0.274360369
1791,1791,1702050.660552028,6086307.093045634,0.936105279
1792,1792,1702124.333930988,6086311.034640076,0.935521476
1793,1793,1699716.498113259,6086323.108090143,-0.845000029
1794,1794,1700157.8181522,6086318.203837788,-0.845000029
1795,1795,1700694.538308704,6086361.613238051,1.103501258
1796,1796,1699724.772882715,6086315.862648773,-0.845000029
1797,1797,1700112.694301534,6086327.183774059,-0.311791956
1798,1798,1702127.905559984,6086266.153702939,0.647870837
1799,1799,1700115.963293897,6086278.085744746,-0.845000029
1800,1800,1700236.046783037,6086307.894776045,1.152897873
1801,1801,1700445.839397703,6086276.136196765,1.244814081
1802,1802,1700474.959603389,6086264.117634002,1.120037723
1803,1803,1701706.341052755,6086417.951087974,0.861189529
1804,1804,1700247.554247613,6086262.738322258,1.415188202
1805,1805,1700483.18036337,6086254.583575173,1.101614031
1806,1806,1700567.027168942,6086276.897310011,1.191115772
1807,1807,1702221.423848066,6086235.197862682,0.887986527
1808,1808,1700367.993319377,6086260.446720552,1.068919573
1809,1809,1700499.221512001,6086243.917668732,1.103239994
1810,1810,1700531.875681082,6086244.279266819,0.976425011
1811,1811,1702245.761629846,6086224.915016993,0.529460059
1812,1812,1700515.441297138,6086234.498528963,1.482423083
1813,1813,1702269.988322287,6086211.624188587,0.908848458
1814,1814,1702286.376198106,6086204.565830746,0.551186986
1815,1815,1702392.356042376,6086193.386550145,0.937250006
1816,1816,1702408.525124891,6086191.925177878,1.027333323
1817,1817,1699894.333763445,6086223.14058717,-0.102564855
1818,1818,1702318.864115454,6086192.198035486,0.914640674
1819,1819,1702375.934373698,6086184.344226773,1.306911379
1820,1820,1702514.444279136,6086162.11084243,1.371624786
1821,1821,1702579.279093032,6086121.509926945,1.272025997
1822,1822,1702603.652315267,6086111.270785681,1.232825014
1823,1823,1702341.983756238,6086084.563472387,0.980578949
1824,1824,1702708.726661296,6086020.390744044,1.107586762
1825,1825,1701631.036422844,6086012.501888145,1.151428577
1826,1826,1702300.506948603,6086055.468940102,1.058750696
1827,1827,1702785.576227793,6085959.725520584,1.150300012
1828,1828,1702812.662720937,6085948.912061983,1.106533998
1829,1829,1702838.241155198,6085939.127559751,1.093202427
1830,1830,1702866.847312692,6085928.902604923,1.080337495
1831,1831,1702895.431835923,6085914.588688431,1.028357144
1832,1832,1702919.435856376,6085898.24490901,1.048035312
1833,1833,1702951.638293943,6085877.97672062,0.973064388
1834,1834,1702975.836584123,6085867.667358956,1.037927663
1835,1835,1702992.548385119,6085857.711926122,0.344954556
1836,1836,1703121.244213765,6085834.314941218,-0.580093044
1837,1837,1703159.67554305,6085821.061612671,-0.008336981
1838,1838,1703680.408507551,6085755.421067402,-0.261000007
1839,1839,1703706.463487971,6085762.674646257,-0.302469939
1840,1840,1703732.957859844,6085759.016445009,-0.343902065
1841,1841,1703770.007515044,6085748.525588022,-0.012218168
1842,1842,1703803.328097434,6085739.125755625,-0.017913878
1843,1843,1703840.729767552,6085728.087801787,0.842299478
1844,1844,1702672.187000889,6085731.836904845,-0.63499999
1845,1845,1703699.741146298,6085720.949797097,0.192952179
1846,1846,1703863.453618766,6085717.167709317,0.383036055
1847,1847,1702591.049203845,6085722.071929857,0.846232908
1848,1848,1703623.995772313,6085724.906794566,-0.237578558
1849,1849,1703847.702697751,6085708.576939506,1.201427768
1850,1850,1702562.380061903,6085713.161050646,0.992899406
1851,1851,1702786.976623716,6085710.800716385,1.108672729
1852,1852,1703724.842676618,6085704.240799098,1.026486292
1853,1853,1702545.944289295,6085703.38399289,0.983874992
1854,1854,1703481.016948558,6085692.346850535,0.784964287
1855,1855,1703674.934948686,6085713.568861409,-0.075140546
1856,1856,1702521.347499237,6085693.699962597,0.957216867
1857,1857,1702872.709895076,6085690.267441439,1.186256852
1858,1858,1702670.420780753,6085905.289119714,0.892754406
1859,1859,1703659.324248356,6085685.067250945,1.117301119
1860,1860,1703836.794323569,6085681.791510971,-0.272743955
1861,1861,1702500.831285784,6085683.969345961,0.806324987
1862,1862,1702900.560193069,6085679.607963142,1.270543876
1863,1863,1703550.778771864,6085697.121171152,0.365811721
1864,1864,1703639.82680375,6085677.627209537,1.194473505
1865,1865,1702471.120258297,6085674.119017705,0.536489152
1866,1866,1702921.448152273,6085669.78061927,1.154810779
1867,1867,1703130.456848174,6085665.900131179,1.235739794
1868,1868,1703680.425258987,6085661.060811512,1.474495857
1869,1869,1703822.82552598,6085663.942511986,0.010154002
1870,1870,1702378.188739119,6085665.437577457,1.05035999
1871,1871,1702957.788781072,6085659.023768885,1.086592591
1872,1872,1702304.463773221,6085656.51658611,1.195125011
1873,1873,1702320.939919783,6085655.398174501,1.152407406
1874,1874,1702981.828344894,6085648.783929355,0.839137928
1875,1875,1703477.478901857,6085651.117740084,-0.139251291
1876,1876,1703605.836218001,6085655.161784638,0.863625954
1877,1877,1703808.06143747,6085648.703572692,0.336446484
1878,1878,1703009.920092743,6085638.503811641,1.341703129
1879,1879,1703246.803001262,6085702.236103333,0.782030034
1880,1880,1703552.669428273,6085648.804029731,0.769770801
1881,1881,1703793.870065423,6085629.474251788,-0.083792308
1882,1882,1703030.720186426,6085627.363807209,1.382249976
1883,1883,1703047.217570277,6085628.105680195,1.425203382
1884,1884,1703071.427982413,6085616.953167212,1.454796083
1885,1885,1703087.908364197,6085617.674697521,1.099685526
1886,1886,1703118.598557533,6085607.818390598,0.897688139
1887,1887,1703136.478719268,6085596.984253029,-0.545119618
1888,1888,1703778.733358942,6085597.871406244,0.735173594
1889,1889,1703626.189820302,6085581.593291166,1.341769412
1890,1890,1703536.137311416,6085572.461815652,0.384994566
1891,1891,1702042.406727396,6085579.778473411,1.247389185
1892,1892,1703429.93016505,6085563.719657676,-0.585008915
1893,1893,1703511.539714606,6085562.780473942,1.37753116
1894,1894,1703650.553517649,6085562.84472131,1.298788102
1895,1895,1703730.717693041,6085567.177178004,-9999.0
1896,1896,1702050.779357756,6085569.310243731,1.13851621
1897,1897,1702286.406021587,6085585.762086832,0.981953263
1898,1898,1703135.426500832,6085557.138149213,-0.451822827
1899,1899,1703323.723267653,6085554.976244385,-0.068999398
1900,1900,1703135.197925773,6085537.211684134,0.179055336
1901,1901,1702304.586738265,6085635.605054584,1.041780204
1902,1902,1703134.72729444,6085517.287693526,-0.277802346
1903,1903,1702283.876317543,6085504.494857824,1.607777794
1904,1904,1703134.580023476,6085497.360443612,-0.480524018
1905,1905,1702280.974432598,6085490.504289586,1.473970108
1906,1906,1702268.190757002,6085472.422735328,1.636155986
1907,1907,1702262.149737742,6085457.503381331,1.641140363
1908,1908,1702269.602179005,6085447.454101928,1.467561001
1909,1909,1702257.247623147,6085437.630112174,1.413293774
1910,1910,1702097.72306265,6085419.718420682,0.500146729
1911,1911,1702237.362081475,6085422.772089525,1.375825277
1912,1912,1702146.623828912,6085399.029617432,0.94340397
1913,1913,1702113.365686531,6085359.753724475,-0.209054542
1914,1914,1703174.477938924,6085337.674436665,-0.475928557
1915,1915,1702121.300085673,6085339.734585456,1.170017848
1916,1916,1703164.433909415,6085425.867202457,0.119202384
1917,1917,1702034.750014568,6085140.865705088,0.952115528
1918,1918,1702053.688426494,6085121.078811854,1.067349976
1919,1919,1702061.735836485,6085111.022942291,1.024474977
1920,1920,1702069.783228215,6085100.967064971,1.073425002
1921,1921,1701935.546621066,6085848.336070865,0.820527072
1922,1922,1702290.11692898,6085098.462667883,1.207786542
1923,1923,1702085.877956887,6085080.855287063,0.994575538
1924,1924,1702269.769631283,6085078.8887988,1.168207254
1925,1925,1702110.300100911,6085060.853241228,0.261392856
1926,1926,1702138.061491062,6085050.57956083,1.669338457
1927,1927,1702212.846579867,6085045.884848908,0.955944825
