OID,FID_,X,Y,BCE_Otago_
0,0,1422782.221615727,4928856.701702774,-9999.0
1,1,1422846.435629716,4928830.81825252,-9999.0
2,2,1422905.872687257,4928812.158601166,-9999.0
3,3,1422766.471507602,4928798.195484057,-9999.0
4,4,1422684.72402093,4928834.044246064,-9999.0
5,5,1422714.074211299,4928791.810515086,-9999.0
6,6,1422872.718870396,4928813.435105291,-9999.0
7,7,1423045.927228302,4928794.727461515,-9999.0
8,8,1422792.492466917,4928797.257205906,-9999.0
9,9,1422805.543070112,4928768.557752815,-9999.0
10,10,1422831.432751121,4928770.612847348,-9999.0
11,11,1422944.295105574,4928805.033581225,-9999.0
12,12,1422669.839839614,4928760.274082385,-9999.0
13,13,1422697.767857559,4928756.281714364,-9999.0
14,14,1422743.005761318,4928769.051817804,-9999.0
15,15,1422897.317127738,4928762.34989487,-9999.0
16,16,1422946.278714255,4928762.496717647,-9999.0
17,17,1422998.617054512,4928793.574926062,-9999.0
18,18,1423126.73649659,4928767.323080054,-9999.0
19,19,1422775.163797577,4928738.51292812,-9999.0
20,20,1422886.911225577,4928741.699309883,-9999.0
21,21,1422916.663666974,4928747.450490549,-9999.0
22,22,1422946.009269428,4928743.845327127,-9999.0
23,23,1423091.358712134,4928753.43483499,-9999.0
24,24,1423138.35223721,4928753.650934305,-9999.0
25,25,1422811.618448535,4928730.094187018,-9999.0
26,26,1422936.096803053,4928732.703075064,-9999.0
27,27,1422967.214310927,4928739.097684403,-9999.0
28,28,1423037.854616503,4928736.388907687,-9999.0
29,29,1423107.349450383,4928737.785789961,-9999.0
30,30,1423145.91389837,4928738.678750585,-9999.0
31,31,1422688.929251288,4928716.452966664,-9999.0
32,32,1422786.527344611,4928723.340689846,-9999.0
33,33,1422847.11976284,4928728.386528391,-9999.0
34,34,1423091.353852656,4928726.43483812,-9999.0
35,35,1423210.364971292,4928737.507790257,-9999.0
36,36,1422759.05586939,4928708.465371363,-9999.0
37,37,1423006.495769383,4928715.141746865,-9999.0
38,38,1423118.708637321,4928723.695596057,-9999.0
39,39,1422905.965748071,4928708.546180001,-9999.0
40,40,1422978.395864963,4928708.573185705,-9999.0
41,41,1422595.284472373,4928731.257099964,-9999.0
42,42,1422646.284664371,4928709.358607958,-9999.0
43,43,1423042.084364432,4928693.885452289,-9999.0
44,44,1422620.511948066,4928664.558000579,-9999.0
45,45,1422718.98870481,4928698.691803958,-9999.0
46,46,1422535.19123474,4928677.854049884,-9999.0
47,47,1422674.978094521,4928663.4671716,-9999.0
48,48,1422867.787182875,4928665.46724708,-9999.0
49,49,1423335.14177134,4928675.255369696,-9999.0
50,50,1423367.609171638,4928680.265495612,-9999.0
51,51,1422699.239410885,4928650.510551025,-9999.0
52,52,1422980.265124157,4928654.464092929,-9999.0
53,53,1423287.717449203,4928663.011233131,-9999.0
54,54,1422540.103233588,4928636.139813383,-9999.0
55,55,1422789.057132614,4928638.15365604,-9999.0
56,56,1423075.176624441,4928653.704706328,-9999.0
57,57,1422635.880474949,4928637.495374468,-9999.0
58,58,1422473.997226859,4928617.840006688,-9999.0
59,59,1422590.009722243,4928613.367794416,-9999.0
60,60,1422617.954917326,4928618.955052303,-9999.0
61,61,1423276.915636863,4928634.802386213,-9999.0
62,62,1423319.997371147,4928633.964125378,-9999.0
63,63,1423354.917771539,4928634.95703873,-9999.0
64,64,1423337.74134745,4928624.480303053,-9999.0
65,65,1422458.372559411,4928595.964613393,-9999.0
66,66,1422717.551429591,4928602.16932149,-9999.0
67,67,1422751.364324512,4928597.791344913,-9999.0
68,68,1423235.579025243,4928613.649743473,-9999.0
69,69,1423289.136721191,4928613.109741132,-9999.0
70,70,1422559.934944104,4928582.920818509,-9999.0
71,71,1422741.163059303,4928587.859792449,-9999.0
72,72,1422919.114804107,4928592.791135935,-9999.0
73,73,1422421.711539338,4928567.683715106,-9999.0
74,74,1422972.27803098,4928584.694891568,-9999.0
75,75,1422410.604861854,4928557.014572226,-9999.0
76,76,1422581.457072727,4928563.55856387,-9999.0
77,77,1422655.539743862,4928565.826430148,-9999.0
78,78,1422982.691251355,4928574.421182681,-9999.0
79,79,1423042.402638341,4928576.704147959,-9999.0
80,80,1422546.822008589,4928552.580993897,-9999.0
81,81,1422697.435499202,4928577.444299082,-9999.0
82,82,1422731.411513356,4928557.063563601,-9999.0
83,83,1422754.16928513,4928564.866112391,-9999.0
84,84,1422859.114027536,4928567.923817373,-9999.0
85,85,1422989.959614629,4928564.639863639,-9999.0
86,86,1422501.212572827,4928540.912542352,-9999.0
87,87,1422619.940580039,4928544.303344896,-9999.0
88,88,1422773.73993267,4928548.487548577,-9999.0
89,89,1422822.476599972,4928550.082413287,-9999.0
90,90,1423000.372773313,4928554.366118226,-9999.0
91,91,1422403.66629902,4928535.175913963,-9999.0
92,92,1422781.159948792,4928538.505940246,-9999.0
93,93,1422864.420894205,4928626.017481199,-9999.0
94,94,1422592.574540795,4928523.545117542,-9999.0
95,95,1422613.52647489,4928524.143352905,-9999.0
96,96,1422660.022952909,4928534.524433257,-9999.0
97,97,1422701.324695349,4928527.026628791,-9999.0
98,98,1422990.661306216,4928534.899494739,-9999.0
99,99,1422377.655152943,4928511.093333337,-9999.0
100,100,1422652.793716856,4928514.404530813,-9999.0
101,101,1422683.95377333,4928515.755618526,-9999.0
102,102,1422718.722266223,4928516.952641535,-9999.0
103,103,1422740.900111549,4928523.578488385,-9999.0
104,104,1422781.426630175,4928518.946391014,-9999.0
105,105,1422871.221355289,4928526.060569569,-9999.0
106,106,1422914.122007009,4928522.729988566,-9999.0
107,107,1422935.08302552,4928528.11675885,-9999.0
108,108,1422362.804522402,4928497.526481578,-9999.0
109,109,1422732.954194021,4928508.098628087,-9999.0
110,110,1422794.732975514,4928508.397837785,-9999.0
111,111,1422642.317098752,4928494.999995008,-9999.0
112,112,1422991.364864178,4928510.872495261,-9999.0
113,113,1422760.87263803,4928499.934160229,-9999.0
114,114,1422887.184949584,4928493.850973467,-9999.0
115,115,1423114.51603439,4928498.85052287,-9999.0
116,116,1422670.003573007,4928480.618924643,-9999.0
117,117,1422958.360012433,4928499.566026549,-9999.0
118,118,1422599.588897496,4928477.737427894,-9999.0
119,119,1422742.195471899,4928468.415097202,-9999.0
120,120,1422919.534798428,4928473.319394494,-9999.0
121,121,1423158.493242082,4928507.572012862,-9999.0
122,122,1422359.038385102,4928461.153863893,-9999.0
123,123,1422535.98983737,4928442.398749529,-9999.0
124,124,1422759.474275175,4928448.778395331,-9999.0
125,125,1422965.000498455,4928454.261133973,-9999.0
126,126,1423055.791053523,4928456.847559988,-9999.0
127,127,1422305.419314689,4928430.081713954,-9999.0
128,128,1422608.077723812,4928434.79417326,-9999.0
129,129,1422638.947375942,4928440.884320608,-9999.0
130,130,1423077.036151664,4928452.253555509,-9999.0
131,131,1422403.86654551,4928418.646429705,-9999.0
132,132,1422588.591856927,4928423.342177525,-9999.0
133,133,1422281.976931839,4928409.073821883,-9999.0
134,134,1422557.439133705,4928432.406646164,-9999.0
135,135,1422606.336490063,4928413.860436199,-9999.0
136,136,1422658.572954732,4928420.345949841,-9999.0
137,137,1422756.338023321,4928418.346490657,-9999.0
138,138,1423035.24473855,4928430.517521289,-9999.0
139,139,1423076.212353508,4928428.13048347,-9999.0
140,140,1422344.576004635,4928396.59719749,-9999.0
141,141,1422917.251155665,4928412.946692501,-9999.0
142,142,1422261.330370615,4928388.765607036,-9999.0
143,143,1422478.961792398,4928394.65748573,-9999.0
144,144,1422622.231890252,4928401.568624416,-9999.0
145,145,1422682.05625681,4928403.471727666,-9999.0
146,146,1422942.615958767,4928427.825169876,-9999.0
147,147,1422983.630461419,4928405.098613145,-9999.0
148,148,1422306.72094014,4928370.647482953,-9999.0
149,149,1422641.050791173,4928382.82272165,-9999.0
150,150,1422676.8953428,4928376.587539811,-9999.0
151,151,1422436.506947509,4928359.271517242,-9999.0
152,152,1422485.40523076,4928360.259204929,-9999.0
153,153,1422509.546138741,4928375.82863489,-9999.0
154,154,1422660.139829467,4928365.454296231,-9999.0
155,155,1422757.76167047,4928368.444989678,-9999.0
156,156,1423142.654585958,4928410.772974746,-9999.0
157,157,1422325.337034538,4928336.116246961,-9999.0
158,158,1422936.28431159,4928363.342300468,-9999.0
159,159,1422890.278021595,4928342.961234524,-9999.0
160,160,1422300.996318429,4928316.242982745,-9999.0
161,161,1422346.859149751,4928316.754801002,-9999.0
162,162,1422758.452925754,4928332.731383922,-9999.0
163,163,1422536.503220699,4928317.160524913,-9999.0
164,164,1422646.997705183,4928319.56219125,-9999.0
165,165,1422438.21843825,4928299.38971621,-9999.0
166,166,1422321.891540944,4928290.162464303,-9999.0
167,167,1422448.783495743,4928288.91636406,-9999.0
168,168,1422567.40242173,4928298.190437508,-9999.0
169,169,1423217.921378059,4928333.768862722,-9999.0
170,170,1422529.577146437,4928282.023301892,-9999.0
171,171,1422599.414230652,4928284.017926659,-9999.0
172,172,1422145.92552396,4928265.710855984,-9999.0
173,173,1422537.14862911,4928271.841462549,-9999.0
174,174,1422289.708646556,4928255.566636908,-9999.0
175,175,1422367.451063487,4928267.709781326,-9999.0
176,176,1422605.627663206,4928264.415140248,-9999.0
177,177,1422429.952903431,4928239.599908625,-9999.0
178,178,1422581.504136238,4928242.365493575,-9999.0
179,179,1422370.955027977,4928217.559196191,-9999.0
180,180,1422089.552705518,4928203.439567831,-9999.0
181,181,1422361.044457243,4928206.415963194,-9999.0
182,182,1422440.337819162,4928213.774586484,-9999.0
183,183,1422566.49985102,4928217.948231145,-9999.0
184,184,1422064.524503273,4928187.861331346,-9999.0
185,185,1422392.185629654,4928198.18928471,-9999.0
186,186,1422581.04600233,4928203.176170126,-9999.0
187,187,1422618.539402548,4928207.507826403,-9999.0
188,188,1422080.11337785,4928174.737744207,-9999.0
189,189,1422410.713732964,4928179.119217888,-9999.0
190,190,1422064.964520437,4928158.655223301,-9999.0
191,191,1422630.48351279,4928175.032234427,-9999.0
192,192,1423264.30391606,4928196.312842437,-9999.0
193,193,1422051.283237368,4928148.274858068,-9999.0
194,194,1422525.224669139,4928166.860218877,-9999.0
195,195,1422892.637206607,4928167.632988526,-9999.0
196,196,1422872.769369838,4928152.357032869,-9999.0
197,197,1422594.08150231,4928138.419442383,-9999.0
198,198,1422701.011019897,4928141.312139605,-9999.0
199,199,1422631.460525832,4928129.3383105,-9999.0
200,200,1422751.866516999,4928130.157293779,-9999.0
201,201,1423044.220792381,4928126.900834068,-9999.0
202,202,1423064.8962799,4928142.267521739,-9999.0
203,203,1423183.476363952,4928136.178847099,-9999.0
204,204,1422029.131167867,4928105.969019478,-9999.0
205,205,1422490.081285498,4928117.633998296,-9999.0
206,206,1422856.163610533,4928105.720806039,-9999.0
207,207,1423062.746596568,4928107.828881071,-9999.0
208,208,1422011.804034887,4928057.452240765,-9999.0
209,209,1423011.651237449,4928256.663116835,-9999.0
210,210,1422851.354156871,4928071.991843427,-9999.0
211,211,1422677.817440644,4928087.233559773,-9999.0
212,212,1422870.394102154,4928061.076704045,-9999.0
213,213,1422449.111875134,4928035.111045398,-9999.0
214,214,1422500.008799281,4928051.663342812,-9999.0
215,215,1422962.246476433,4928048.878305492,-9999.0
216,216,1423123.603834026,4928049.254407765,-9999.0
217,217,1422715.565588643,4928028.011549002,-9999.0
218,218,1422925.06810602,4928033.987023729,-9999.0
219,219,1423110.962131977,4928037.794049785,-9999.0
220,220,1421965.526818507,4928044.287720278,-0.873428575
221,221,1422467.449804015,4928015.349352405,-9999.0
222,222,1423165.54543331,4928043.357730901,-9999.0
223,223,1423006.165253015,4928010.221689573,-9999.0
224,224,1422488.195361054,4927991.343917513,-9999.0
225,225,1422803.575676902,4927999.883670772,-9999.0
226,226,1422524.44888108,4927972.234887383,-9999.0
227,227,1422818.052667812,4927980.206620016,-9999.0
228,228,1423048.252406021,4928006.569665499,-9999.0
229,229,1422976.858723278,4927995.712240828,-9999.0
230,230,1423347.565164423,4928055.506347805,-9999.0
231,231,1423122.918401679,4927994.166509695,-9999.0
232,232,1421984.624710536,4927953.275281454,-9999.0
233,233,1422994.720412915,4927946.229221907,-9999.0
234,234,1423137.128046001,4927950.132667117,-9999.0
235,235,1422009.547448683,4927897.366783584,-9999.0
236,236,1422027.577571169,4927877.906391985,-9999.0
237,237,1423348.915200218,4927921.58391676,-9999.0
238,238,1422049.099206638,4927858.545981994,-9999.0
239,239,1422099.621177168,4927834.4709675,-9999.0
240,240,1422611.209999153,4927835.577148343,-9999.0
241,241,1422191.111043701,4927793.275311858,-9999.0
242,242,1423333.205866907,4927847.363231894,-9999.0
243,243,1422701.167291387,4927797.866565516,-9999.0
244,244,1422779.634300852,4927804.523206919,-9999.0
245,245,1422931.61153524,4927804.439964237,-9999.0
246,246,1422955.278766895,4927819.515218224,-9999.0
247,247,1422722.401606711,4927788.484192828,-9999.0
248,248,1423294.530619332,4927809.198589211,-9999.0
249,249,1422166.109512058,4927774.952855687,-9999.0
250,250,1423050.095720315,4927792.560649021,-9999.0
251,251,1422820.735038163,4927771.313005423,-9999.0
252,252,1422999.555070615,4927776.563987822,-9999.0
253,253,1423033.221913228,4927776.993278066,-9999.0
254,254,1423256.691238483,4927788.145297653,-9999.0
255,255,1422843.164990955,4927766.262741485,-9999.0
256,256,1422210.941077135,4927747.198547806,-9999.0
257,257,1422241.359855544,4927734.200615595,-9999.0
258,258,1423223.679348205,4927768.373480446,-9999.0
259,259,1422655.313367142,4927742.110601185,-9999.0
260,260,1422779.604634083,4927760.730070601,-9999.0
261,261,1422259.388786476,4927714.739577215,-9999.0
262,262,1422283.410434784,4927716.09347003,-9999.0
263,263,1422273.640511299,4927705.158907246,-9999.0
264,264,1422822.158458534,4927721.411460781,-9999.0
265,265,1423177.337197359,4927737.207011692,-9999.0
266,266,1422311.842592461,4927693.214843253,-9999.0
267,267,1422797.797693935,4927705.151873628,-9999.0
268,268,1422944.017705671,4927709.845108819,-9999.0
269,269,1422344.327554285,4927677.21566091,-9999.0
270,270,1423092.638487242,4927702.195160034,-9999.0
271,271,1423137.794955173,4927707.784539524,-9999.0
272,272,1422659.335257075,4927682.770962321,-9999.0
273,273,1422911.186211281,4927697.225441314,-9999.0
274,274,1422358.721773574,4927662.644635336,-9999.0
275,275,1422812.608943117,4927670.819736304,-9999.0
276,276,1422882.439068243,4927672.811364541,-9999.0
277,277,1423092.080759467,4927678.581004571,-9999.0
278,278,1422373.115926668,4927648.073585736,-9999.0
279,279,1422813.178354079,4927650.859116232,-9999.0
280,280,1422935.879113865,4927654.735322371,-9999.0
281,281,1423085.666281212,4927658.421491672,-9999.0
282,282,1422399.186652502,4927630.905671651,-9999.0
283,283,1423075.476080577,4927648.142825881,-0.994000018
284,284,1422946.71510906,4927634.690209962,-9999.0
285,285,1423026.068865828,4927722.807131939,-9999.0
286,286,1423065.285914198,4927637.86414822,-0.87733333
287,287,1422464.994110908,4927617.349763169,-9999.0
288,288,1422927.974467717,4927627.841877415,-9999.0
289,289,1422520.475328952,4927596.439896902,-9999.0
290,290,1422953.813041311,4927609.147642971,-9999.0
291,291,1423021.460694603,4927581.679298774,-0.119317122
292,292,1421626.456192881,4927486.836427903,0.161647481
293,293,1422698.171222169,4927517.727505448,-9999.0
294,294,1422607.682149174,4927665.585396484,-0.830817396
295,295,1422719.811548503,4927482.611827645,-9999.0
296,296,1422609.255873725,4927455.053091486,-9999.0
297,297,1422635.539071712,4927429.115820733,-9999.0
298,298,1422603.392319655,4927416.38832148,-0.988500041
299,299,1422881.286061716,4927363.514373546,-9999.0
300,300,1422612.779472917,4927340.286501814,-9999.0
301,301,1422648.196491056,4927380.661285603,-9999.0
302,302,1422652.283100662,4927307.037095064,-9999.0
303,303,1422913.917089822,4927304.137134515,-9999.0
304,304,1422837.087084538,4927308.849081072,-9999.0
305,305,1422613.001925571,4927281.741485567,-9999.0
306,306,1422673.453777348,4927287.082703897,-9999.0
307,307,1422851.927748116,4927272.403976911,-9999.0
308,308,1422872.875437801,4927273.001451609,-9999.0
309,309,1422674.655738303,4927257.733666893,-9999.0
310,310,1422790.618117584,4927261.19642095,-9999.0
311,311,1422803.921937999,4927250.647915792,-9999.0
312,312,1422422.505419333,4927209.993093052,-0.645719526
313,313,1422694.002125099,4927218.485039267,-9999.0
314,314,1422707.306035577,4927207.936738375,-9999.0
315,315,1422636.724081225,4927216.326016692,-9999.0
316,316,1423232.729246912,4927211.694468332,-9999.0
317,317,1422422.70732723,4927184.572429699,-0.513683404
318,318,1419532.087583934,4927087.452234254,-0.555557125
319,319,1419586.698873434,4927088.50899692,-0.603040016
320,320,1419611.733740701,4927088.819979211,-0.593731471
321,321,1419646.547948094,4927090.624563633,-0.593166675
322,322,1423254.6928078,4927193.121959695,-9999.0
323,323,1419719.141369808,4927053.066851311,-0.667775392
324,324,1419370.948318853,4927029.950703919,-9999.0
325,325,1422654.002336511,4927111.729339366,-9999.0
326,326,1422693.17995798,4927098.447333531,-9999.0
327,327,1423269.551485956,4927125.709915895,-0.952222274
328,328,1422519.09051129,4927062.899369176,-0.639784617
329,329,1419248.334908709,4926948.816005124,-9999.0
330,330,1422627.925648374,4927046.059612588,-9999.0
331,331,1419215.480839134,4926924.777290656,-9999.0
332,332,1422554.208089952,4927017.317745831,-0.881415417
333,333,1419120.82313632,4926905.525304544,-9999.0
334,334,1419152.2074803,4926911.420763102,-9999.0
335,335,1419187.904804951,4926907.631696544,-9999.0
336,336,1419375.329082293,4926912.351230838,-9999.0
337,337,1421755.10151919,4926982.021615322,-0.367552448
338,338,1419361.515359574,4926901.755823434,-9999.0
339,339,1422573.350293513,4926999.552496381,-0.813511136
340,340,1419180.255460645,4926886.901426503,-9999.0
341,341,1419097.393065187,4926880.836553787,-9999.0
342,342,1419209.998072275,4926893.405624895,-9999.0
343,343,1419295.209544815,4926887.064361438,-9999.0
344,344,1420371.514892804,4926911.86302661,-0.836968431
345,345,1420392.461593971,4926912.468903181,-0.792258073
346,346,1420461.947137697,4926913.548311302,-0.648195879
347,347,1422608.533739568,4926992.532825821,-0.883741247
348,348,1419282.649697634,4926869.033185806,-9999.0
349,349,1420451.731262085,4926904.340540463,-0.690326525
350,350,1419084.129369938,4926849.505090424,-9999.0
351,351,1421515.321186836,4926926.866559685,-0.475568891
352,352,1419104.256428509,4926828.169205348,-9999.0
353,353,1419300.246106227,4926834.682133771,-9999.0
354,354,1419332.614047813,4926831.78060609,-9999.0
355,355,1419751.544615413,4926843.954953523,-9999.0
356,356,1419991.931518537,4926850.550775681,-9999.0
357,357,1421759.671044297,4926902.072133601,-0.450829797
358,358,1420002.4986728,4926840.081516097,-9999.0
359,359,1419322.223409135,4926811.123590861,-9999.0
360,360,1420652.821975217,4926850.073365198,-0.696010508
361,361,1421521.602147428,4926874.727159419,-0.519437515
362,362,1422855.20321622,4926917.702999917,-9999.0
363,363,1423302.487727436,4926915.463763638,-9999.0
364,364,1418264.79947822,4926777.114762886,-0.978246941
365,365,1419219.320509129,4926788.681112589,-9999.0
366,366,1421478.581503807,4926869.090879349,-0.468536469
367,367,1422857.012265928,4926893.518323554,-9999.0
368,368,1419097.712731866,4926776.977872993,-9999.0
369,369,1420539.445069188,4926870.243289976,-0.662101573
370,370,1422206.406901406,4926870.863936156,-0.618996722
371,371,1418534.697769962,4926748.204286344,-9999.0
372,372,1418583.255597805,4926746.613628685,-9999.0
373,373,1421715.25591889,4926840.713046093,-0.576914886
374,374,1418524.376807915,4926737.708977947,-9999.0
375,375,1420601.406457832,4926803.057264697,-0.626852384
376,376,1421631.593707076,4926900.638525804,-0.443858726
377,377,1420857.275283649,4926808.954044792,-0.623005341
378,378,1418213.71292976,4926719.499773271,-0.530809572
379,379,1420043.409849723,4926762.144556819,-9999.0
380,380,1422540.889414325,4926845.100324349,-0.532927834
381,381,1418563.507370969,4926713.88038411,-9999.0
382,382,1420717.332554018,4926813.705808228,-0.684879814
383,383,1418576.655843417,4926694.86891526,-9999.0
384,384,1420746.268232534,4926747.308888992,-0.627574015
385,385,1418041.022213307,4926658.636266414,-0.289000035
386,386,1420760.808477036,4926727.751348674,-0.646999999
387,387,1421627.068670872,4926748.283517956,-0.616915798
388,388,1422521.594175707,4926793.309890428,-0.478758989
389,389,1418017.170140643,4926637.959503553,-0.75770454
390,390,1418803.794974977,4926661.418545386,-0.813900048
391,391,1418807.210828536,4926636.67354863,-9999.0
392,392,1419396.689419183,4926653.469732742,-9999.0
393,393,1419515.382965883,4926656.920872575,-9999.0
394,394,1419802.892183633,4926665.801084481,-9999.0
395,395,1420195.930011796,4926675.877775587,-9999.0
396,396,1423316.517103706,4926799.950862313,-0.837556633
397,397,1419337.784439024,4926641.562553517,-9999.0
398,398,1420088.496774999,4926663.154411583,-9999.0
399,399,1420235.386211174,4926668.507657441,-9999.0
400,400,1422315.440853694,4926727.688195509,-0.881959197
401,401,1422504.251765854,4926749.234620154,-0.398718886
402,402,1423296.905701119,4926756.072466889,-9999.0
403,403,1419285.558776602,4926630.258898985,-9999.0
404,404,1419348.699156279,4926631.68650228,-9999.0
405,405,1419740.633876498,4926644.016576643,-9999.0
406,406,1422041.555289008,4926706.058241551,-0.764795355
407,407,1417963.069704829,4926576.440374009,-0.872124985
408,408,1419057.068483477,4926602.515155754,-9999.0
409,409,1422435.990657781,4926906.678951603,-0.688923439
410,410,1420208.33228518,4926617.091662941,-9999.0
411,411,1418829.848473698,4926566.830394648,-9999.0
412,412,1420183.190717542,4926615.589760964,-9999.0
413,413,1420218.898691919,4926606.622052506,-9999.0
414,414,1421581.795836536,4926779.383235993,-0.640930446
415,415,1418840.591267138,4926557.883378396,-9999.0
416,416,1420334.423128811,4926613.617982937,-9999.0
417,417,1419556.463335239,4926847.621965501,-0.794515601
418,418,1418917.843904664,4926539.635714165,-9999.0
419,419,1419270.925978076,4926550.300034505,-9999.0
420,420,1419298.052498416,4926555.810794609,-9999.0
421,421,1420038.930770724,4926572.606651622,-9999.0
422,422,1420039.509290253,4926552.646017997,-9999.0
423,423,1419679.736241135,4926531.842347058,-9999.0
424,424,1420330.173656223,4926563.664866018,-9999.0
425,425,1419688.987934472,4926515.851558455,-9999.0
426,426,1420110.384830529,4926579.15025819,-9999.0
427,427,1419101.40767961,4926475.064899414,-9999.0
428,428,1419590.132430475,4926489.284532228,-9999.0
429,429,1421232.680190494,4926562.586405198,-0.783472779
430,430,1419688.17370045,4926486.933226271,-9999.0
431,431,1417482.388801623,4926406.588556127,-0.761425018
432,432,1419642.773091727,4926475.934774458,-9999.0
433,433,1420413.972244929,4926523.049981971,-9999.0
434,434,1417509.331309,4926399.974685119,-0.903363656
435,435,1418432.032248479,4926425.560125204,-9999.0
436,436,1418143.080130499,4926407.491877711,-9999.0
437,437,1420499.553495644,4926482.024537933,-9999.0
438,438,1417559.449559598,4926387.062537212,-0.736268137
439,439,1418725.854130416,4926418.957309488,-9999.0
440,440,1423280.54126648,4926552.946087673,-9999.0
441,441,1419646.689904682,4926443.7285445,-9999.0
442,442,1419707.254673217,4926445.809825773,-9999.0
443,443,1420565.998260718,4926463.233847328,-9999.0
444,444,1417588.418679277,4926365.666874057,-0.810923707
445,445,1418701.691911969,4926398.583077879,-9999.0
446,446,1419675.715603878,4926427.62268446,-9999.0
447,447,1419711.154115827,4926422.468937038,-9999.0
448,448,1420674.326609009,4926450.77158226,-9999.0
449,449,1420620.857019163,4926448.422881879,-9999.0
450,450,1417602.902432379,4926348.364641079,-9999.0
451,451,1419704.449244457,4926402.706470557,-9999.0
452,452,1419732.375971167,4926403.517354259,-9999.0
453,453,1417630.855988791,4926348.683839391,-0.970500022
454,454,1418102.944049947,4926346.382897502,-9999.0
455,455,1419464.36955651,4926386.118722584,-9999.0
456,456,1417963.256727802,4926331.718021678,-0.871826079
457,457,1419474.924307076,4926366.070929231,-9999.0
458,458,1417429.761057696,4926320.108120176,-9999.0
459,459,1418103.019402192,4926321.139770065,-9999.0
460,460,1418423.191366684,4926576.975614721,-0.787627652
461,461,1419443.784681095,4926350.286355455,-9999.0
462,462,1420903.745461956,4926387.850166061,-9999.0
463,463,1417380.46809676,4926276.068003788,-0.803783827
464,464,1418195.166962181,4926299.139676383,-9999.0
465,465,1417193.253109964,4926259.149419298,-9999.0
466,466,1418426.435795962,4926275.940886427,-9999.0
467,467,1419327.059556917,4926302.214465348,-9999.0
468,468,1417680.709898493,4926242.34572532,-9999.0
469,469,1419076.013505618,4926284.915142375,-9999.0
470,470,1418427.019550696,4926255.980254143,-9999.0
471,471,1417969.234759077,4926246.987710757,-0.775158449
472,472,1418175.629222998,4926238.052253083,-9999.0
473,473,1419055.650533068,4926264.344129923,-9999.0
474,474,1419381.042515788,4926273.971659863,-9999.0
475,475,1419415.012636206,4926293.221903121,-9999.0
476,476,1418385.714104475,4926234.794411845,-9999.0
477,477,1418207.771430168,4926209.231718584,-9999.0
478,478,1417157.499629752,4926168.195875224,-9999.0
479,479,1418418.711780048,4926222.433532818,-9999.0
480,480,1418219.326164462,4926189.969479414,-9999.0
481,481,1420592.233037855,4926263.713967743,-9999.0
482,482,1418098.857925544,4926234.017021207,-9999.0
483,483,1418359.247930481,4926184.075864868,-9999.0
484,484,1420653.414045055,4926250.924564589,-9999.0
485,485,1420617.54672175,4926239.369718131,-9999.0
486,486,1418334.904207182,4926167.79826839,-9999.0
487,487,1423154.21910762,4926308.386238934,-9999.0
488,488,1417134.38723526,4926122.564784308,-0.715435915
489,489,1418307.265049551,4926152.211012526,-9999.0
490,490,1418607.467123067,4926160.98933362,-9999.0
491,491,1419397.618516717,4926184.554978584,-9999.0
492,492,1419438.259023765,4926185.207072165,-9999.0
493,493,1419495.358758861,4926187.397447706,-9999.0
494,494,1419539.988090807,4926188.542021595,-9999.0
495,495,1420651.647876456,4926221.044148882,-9999.0
496,496,1418339.471609594,4926143.54179104,-9999.0
497,497,1418392.874334929,4926135.26811244,-9999.0
498,498,1419389.969584788,4926163.824939924,-9999.0
499,499,1419439.410389366,4926165.952331878,-9999.0
500,500,1419487.70950381,4926166.667538496,-9999.0
501,501,1420527.941644238,4926196.825472673,-9999.0
502,502,1422759.005728297,4926261.29619843,-9999.0
503,503,1419610.795378423,4926168.74428143,-9999.0
504,504,1421737.263209332,4926222.207668078,-9999.0
505,505,1423134.45543364,4926278.555734232,-9999.0
506,506,1417949.042819689,4926101.55663972,-9999.0
507,507,1418420.13574764,4926115.557790843,-9999.0
508,508,1419242.557916641,4926140.223805182,-9999.0
509,509,1419429.446064979,4926145.372882245,-9999.0
510,510,1418392.507559726,4926109.550385917,-9999.0
511,511,1419677.21951916,4926141.388918947,-9999.0
512,512,1422780.804668692,4926231.953093009,-9999.0
513,513,1419230.559259827,4926119.230332166,-9999.0
514,514,1421708.500667171,4926195.106519317,-9999.0
515,515,1418211.11978412,4926083.694957687,-9999.0
516,516,1418239.045261185,4926084.512599855,-9999.0
517,517,1418345.125649109,4926087.845440651,-9999.0
518,518,1419681.838872513,4926123.304864767,-9999.0
519,519,1419719.545526487,4926123.460247946,-9999.0
520,520,1419740.489627815,4926124.068397501,-9999.0
521,521,1419761.433729247,4926124.676476322,-9999.0
522,522,1422736.904367077,4926214.553095159,-9999.0
523,523,1418076.224382472,4926065.911254809,-9999.0
524,524,1422851.472941815,4926204.004529094,-9999.0
525,525,1418100.5246275,4926058.796716015,-9999.0
526,526,1418658.510484156,4926076.801504335,-9999.0
527,527,1419741.360077625,4926104.116199798,-9999.0
528,528,1419762.013222113,4926104.715832495,-9999.0
529,529,1419779.964700365,4926105.614146473,-9999.0
530,530,1419826.093507093,4926107.105862206,-9999.0
531,531,1422740.056111952,4926190.835945543,-9999.0
532,532,1418829.826313971,4926068.393736023,-9999.0
533,533,1418874.290744922,4926069.557840928,-9999.0
534,534,1419050.207018863,4926074.021155161,-9999.0
535,535,1422810.154456579,4926182.848510594,-9999.0
536,536,1422831.098473808,4926183.446225667,-9999.0
537,537,1417926.28701075,4926051.247060763,-9999.0
538,538,1417995.722289925,4926081.843893067,-9999.0
539,539,1419889.117584357,4926100.603247836,-9999.0
540,540,1423109.781095184,4926188.290047538,-0.991444477
541,541,1417076.285828773,4925999.653535223,-0.591441906
542,542,1417602.665271085,4926012.06047525,-9999.0
543,543,1420530.82674566,4926097.022236086,-9999.0
544,544,1422816.311553466,4926162.107121059,-9999.0
545,545,1418658.503847813,4926023.455947402,-9999.0
546,546,1417868.340419146,4925994.306087212,-0.598969281
547,547,1418037.19766727,4926014.241029283,-9999.0
548,548,1418134.121804589,4925997.685403213,-9999.0
549,549,1418160.008547572,4926011.152176625,-9999.0
550,550,1420242.467372805,4926059.090707137,-9999.0
551,551,1420285.433079897,4926060.776793922,-9999.0
552,552,1420413.010550334,4926063.64924597,-9999.0
553,553,1423074.750973991,4926147.101582093,-0.904365089
554,554,1419010.070726495,4926017.707916676,-9999.0
555,555,1419303.740225167,4926026.831530257,-9999.0
556,556,1422911.433220636,4926168.246482616,-9999.0
557,557,1417802.795257424,4925967.338239496,-0.57521875
558,558,1417823.694287192,4925968.023841542,-0.931333393
559,559,1418011.975885648,4925980.790678915,-9999.0
560,560,1418086.576104286,4926018.735487856,-9999.0
561,561,1418891.67445365,4925999.47673019,-9999.0
562,562,1419945.995219411,4926029.939838248,-9999.0
563,563,1420280.944100213,4926039.850126519,-9999.0
564,564,1420301.887867357,4926040.456389398,-9999.0
565,565,1420344.346332749,4926042.374517548,-9999.0
566,566,1420421.817433188,4926044.456640165,-9999.0
567,567,1418532.929690667,4925979.389062546,-9999.0
568,568,1418597.974983713,4925995.904016347,-9999.0
569,569,1416033.59525768,4925895.256623198,-0.967433329
570,570,1417562.830481122,4925940.96743404,-9999.0
571,571,1420344.353038706,4926021.708053661,-9999.0
572,572,1420423.78605731,4926024.835326248,-9999.0
573,573,1422779.680990123,4926099.345782911,-9999.0
574,574,1422999.396498775,4926100.158477958,-0.971056328
575,575,1416044.362836116,4925885.586625465,-9999.0
576,576,1418191.341650793,4925952.027240579,-9999.0
577,577,1418494.618422326,4925957.914190412,-9999.0
578,578,1417453.1669492,4925982.814258179,-9999.0
579,579,1418753.505795518,4925955.489099996,-9999.0
580,580,1420442.667630481,4926004.575034273,-9999.0
581,581,1415839.027901313,4925859.506245291,-0.942375034
582,582,1415940.23643931,4925862.522058549,-9999.0
583,583,1415996.107544232,4925863.449983669,-9999.0
584,584,1418205.980383855,4925929.867929653,-9999.0
585,585,1418495.202016462,4925937.953549414,-9999.0
586,586,1420357.538272358,4925998.25471062,-9999.0
587,587,1417265.547952193,4925900.778352846,-9999.0
588,588,1417330.94498421,4925919.388093969,-9999.0
589,589,1420420.430501282,4925997.623730527,-9999.0
590,590,1420443.244956193,4925984.614383435,-9999.0
591,591,1417207.241251667,4925893.029866586,-9999.0
592,592,1422800.823262164,4926067.22533988,-0.937240298
593,593,1415714.236539794,4925825.849873943,-0.5687
594,594,1417098.900132276,4925866.065593299,-9999.0
595,595,1418133.056964882,4925897.388178609,-9999.0
596,596,1418622.986388144,4925912.251779344,-9999.0
597,597,1420443.82228368,4925964.653732068,-9999.0
598,598,1420464.765782004,4925965.25945227,-9999.0
599,599,1422775.532420431,4926031.656168261,-9999.0
600,600,1422839.611358557,4926034.015098535,-0.945000005
601,601,1419549.349978185,4925931.424454241,-9999.0
602,602,1420401.109348155,4925972.428733703,-9999.0
603,603,1420641.119853601,4925950.909770259,-9999.0
604,604,1415701.014972453,4925800.484589621,-0.768681002
605,605,1417106.906764796,4925843.816524247,-9999.0
606,606,1417094.191647887,4925826.705814379,-9999.0
607,607,1417345.360338283,4925834.305980193,-9999.0
608,608,1420606.371251522,4925935.909276725,-9999.0
609,609,1420662.639917652,4925931.554172471,-9999.0
610,610,1422814.024891948,4926008.652667702,-0.974589093
611,611,1419405.080365912,4925884.57901558,-9999.0
612,612,1416846.944192631,4925797.337440109,-0.694593797
613,613,1417078.884918803,4925812.844288565,-9999.0
614,614,1417308.049582361,4925813.607319344,-9999.0
615,615,1419555.96237665,4925879.354952239,-9999.0
616,616,1416425.070803689,4925779.805210741,-9999.0
617,617,1416556.438825571,4925777.700410487,-0.76100005
618,618,1416867.922295801,4925789.886785333,-0.942727314
619,619,1422735.640264889,4925960.597941804,-0.937500022
620,620,1420627.639596824,4925890.058343031,-9999.0
621,621,1420648.582826433,4925890.663449828,-9999.0
622,622,1420762.018486,4925889.118546465,-9999.0
623,623,1420988.238816082,4925880.867075642,-9999.0
624,624,1421009.181981395,4925881.470966421,-9999.0
625,625,1422768.480474755,4925966.147774776,-0.833889021
626,626,1416397.637450282,4925736.22017312,-9999.0
627,627,1416627.904193868,4925729.426980212,-0.842923123
628,628,1421149.378164398,4925865.534439449,-9999.0
629,629,1416638.225952568,4925721.944359162,-0.703013371
630,630,1416724.047783197,4925728.662464899,-0.290315822
631,631,1417037.352497905,4925740.124453521,-0.90562502
632,632,1415700.295398433,4925699.154303221,-9999.0
633,633,1416106.926288892,4925698.382676438,-9999.0
634,634,1417165.803479019,4925780.62598792,-9999.0
635,635,1419397.720005419,4925794.843120091,-9999.0
636,636,1419638.066686144,4925801.453761739,-9999.0
637,637,1420902.670025502,4925865.255010763,-9999.0
638,638,1420942.115729533,4925845.996170357,-9999.0
639,639,1421090.116485517,4925843.472380875,-9999.0
640,640,1421166.907595061,4925845.685053333,-9999.0
641,641,1421249.297060525,4925848.724524373,-9999.0
642,642,1421286.83301219,4925849.668690028,-9999.0
643,643,1422426.117490017,4925890.221772892,-0.248629064
644,644,1422517.741877071,4925889.242136565,-0.836100006
645,645,1422541.06862069,4925891.60127735,-0.856777819
646,646,1422585.071703108,4925892.859007753,-0.990666727
647,647,1422727.318525816,4925900.736453707,-0.611207228
648,648,1415667.419561174,4925675.358029104,-9999.0
649,649,1416930.646820508,4925716.255183476,-0.892417604
650,650,1416995.024074929,4925718.889625493,-0.692054059
651,651,1417848.229511665,4925739.580824645,-9999.0
652,652,1416078.345891954,4925677.027775594,-9999.0
653,653,1418400.02000363,4925745.758748792,-9999.0
654,654,1418472.230155089,4925763.710278578,-9999.0
655,655,1418588.50655493,4925751.269940598,-9999.0
656,656,1419444.427143981,4925776.377090086,-9999.0
657,657,1419579.417673117,4925788.546050712,-9999.0
658,658,1415683.197966126,4925655.517266558,-9999.0
659,659,1418668.58138161,4925743.243508897,-9999.0
660,660,1418405.342907333,4925728.65492074,-9999.0
661,661,1419558.642916032,4925764.289024748,-9999.0
662,662,1419699.062848503,4925763.647871166,-9999.0
663,663,1422408.286273706,4925840.994339078,-0.979000032
664,664,1415647.843586065,4925638.080992424,-9999.0
665,665,1415671.345581937,4925635.365321178,-9999.0
666,666,1416086.940773833,4925652.641201891,-9999.0
667,667,1417978.050509934,4925703.056043908,-9999.0
668,668,1416045.95680857,4925634.999640757,-9999.0
669,669,1418439.085036305,4925706.568824074,-9999.0
670,670,1419560.02379977,4925739.630397435,-9999.0
671,671,1422399.93552765,4925828.16246535,-0.529062543
672,672,1416139.660127876,4925629.275963208,-9999.0
673,673,1417991.214673213,4925684.130797822,-9999.0
674,674,1419511.447401766,4925728.229441272,-9999.0
675,675,1416219.286279332,4925625.48831529,-9999.0
676,676,1417951.004803743,4925672.296212699,-9999.0
677,677,1418418.275524614,4925690.202971137,-9999.0
678,678,1418680.334398334,4925910.027428681,-9999.0
679,679,1419410.016218613,4925714.913489844,-9999.0
680,680,1419535.502390128,4925729.636474381,-9999.0
681,681,1418021.106534547,4925664.362813986,-9999.0
682,682,1418059.999482311,4925665.880064977,-9999.0
683,683,1418520.739170903,4925679.367161066,-9999.0
684,684,1419640.676467723,4925711.630825313,-9999.0
685,685,1416000.92917749,4925595.198024843,-9999.0
686,686,1416021.229689301,4925605.206790864,-9999.0
687,687,1416053.814558469,4925603.429419814,-9999.0
688,688,1416091.680737264,4925597.887422128,-9999.0
689,689,1417721.513832263,4925635.594820569,-9999.0
690,690,1417903.016729002,4925640.921930342,-9999.0
691,691,1421571.969446876,4925747.843666303,-0.98846157
692,692,1421679.675008041,4925750.561411954,-0.95903336
693,693,1415980.578252457,4925574.616570061,-9999.0
694,694,1416127.64866947,4925590.046656647,-9999.0
695,695,1418371.027793764,4925644.644672865,-9999.0
696,696,1416232.184926195,4925572.081406657,-9999.0
697,697,1417900.609818823,4925621.250681163,-9999.0
698,698,1417921.552395123,4925621.865015764,-9999.0
699,699,1418403.231680195,4925635.975189202,-9999.0
700,700,1420263.133089156,4925689.73023471,-9999.0
701,701,1421522.560511637,4925728.211837902,-9999.0
702,702,1421680.248404598,4925730.600747452,-0.957347834
703,703,1415981.16999659,4925554.655933525,-9999.0
704,704,1416001.470342451,4925564.664769266,-9999.0
705,705,1417733.36226432,4925606.353135225,-9999.0
706,706,1419181.390281299,4925648.325313112,-9999.0
707,707,1419269.057622205,4925653.865798065,-9999.0
708,708,1422346.910748867,4925744.947550138,-0.816428602
709,709,1417883.245330626,4925600.386242844,-9999.0
710,710,1419611.500635194,4925651.227699477,-9999.0
711,711,1421709.993422503,4925712.007996199,-0.89972842
712,712,1421771.572754627,4925713.246371679,-9999.0
713,713,1422083.171447245,4925721.980256988,-9999.0
714,714,1415942.869379963,4925533.164993981,-9999.0
715,715,1415981.761742544,4925534.695296467,-9999.0
716,716,1416085.341293872,4925543.134934009,-9999.0
717,717,1418018.785698898,4925636.419181422,-0.940378849
718,718,1418642.185704437,4925637.890634361,-9999.0
719,719,1419190.200584097,4925629.134354816,-9999.0
720,720,1419235.868999888,4925636.912934992,-9999.0
721,721,1419353.500037649,4925633.736007893,-9999.0
722,722,1419568.08980905,4925641.785118033,-9999.0
723,723,1417702.329812375,4925575.097875902,-9999.0
724,724,1417772.137943301,4925577.147627755,-9999.0
725,725,1418404.399576053,4925596.053890859,-9999.0
726,726,1418512.104205847,4925598.826678663,-9999.0
727,727,1419160.869923146,4925621.981667699,-9999.0
728,728,1419482.437529946,4925627.121045903,-9999.0
729,729,1419594.130589413,4925630.368206209,-9999.0
730,730,1415943.461253012,4925513.204356587,-9999.0
731,731,1415982.007147141,4925514.142345853,-9999.0
732,732,1418457.538007352,4925595.345388439,-9999.0
733,733,1418581.475824885,4925598.994652233,-9999.0
734,734,1418602.69599285,4925595.706410369,-9999.0
735,735,1420283.84390738,4925646.247416039,-9999.0
736,736,1420543.810251226,4925647.907507968,-9999.0
737,737,1420723.928556217,4925653.778677236,-9999.0
738,738,1422086.577100961,4925697.106543022,-9999.0
739,739,1415664.081685334,4925518.48868157,-9999.0
740,740,1415963.755996926,4925515.724581745,-9999.0
741,741,1417754.229217129,4925561.855771253,-9999.0
742,742,1418293.825134367,4925580.988764957,-9999.0
743,743,1420164.14354627,4925627.308151078,-9999.0
744,744,1415923.110799222,4925492.622698287,-9999.0
745,745,1415944.053127882,4925493.243718667,-9999.0
746,746,1416003.54122624,4925494.802527204,-9999.0
747,747,1417838.185436093,4925567.816679702,-9999.0
748,748,1420265.155956815,4925619.867929046,-9999.0
749,749,1420674.029955486,4925632.070657964,-9999.0
750,750,1415705.410197343,4925491.574625229,-9999.0
751,751,1416018.143237562,4925511.445278677,-9999.0
752,752,1416058.875067127,4925504.322102926,-9999.0
753,753,1417703.502235732,4925535.176582427,-9999.0
754,754,1418282.906028823,4925552.165707374,-9999.0
755,755,1418404.928933436,4925565.520754933,-9999.0
756,756,1419183.716208628,4925578.471498024,-9999.0
757,757,1419439.930930041,4925664.584453788,-9999.0
758,758,1420808.91603553,4925626.302450837,-9999.0
759,759,1415923.702743332,4925472.662059953,-9999.0
760,760,1417761.769563436,4925533.041428149,-9999.0
761,761,1419173.815664947,4925567.322871828,-9999.0
762,762,1420653.664318225,4925611.504951317,-9999.0
763,763,1420793.351943348,4925614.290754996,-9999.0
764,764,1422272.176964045,4925657.973449633,-0.825008065
765,765,1415602.887842315,4925457.940383362,-9999.0
766,766,1415679.754325641,4925457.585509646,-9999.0
767,767,1416009.077422789,4925467.24965727,-9999.0
768,768,1416035.690597501,4925465.993031046,-9999.0
769,769,1416095.524757619,4925468.143275045,-9999.0
770,770,1415903.352495557,4925452.08033019,-9999.0
771,771,1415924.294689264,4925452.701421094,-9999.0
772,772,1418303.824561067,4925538.609347913,-9999.0
773,773,1418423.3972634,4925526.310400551,-9999.0
774,774,1418588.24833603,4925549.979006697,-9999.0
775,775,1419195.266659227,4925549.218741318,-9999.0
776,776,1420305.204057007,4925581.449799259,-9999.0
777,777,1422143.683016305,4925638.242833771,-0.849329656
778,778,1415589.519372246,4925437.564962646,-0.704000056
779,779,1415959.907244638,4925459.542432848,-9999.0
780,780,1417586.002374667,4925491.76890736,-9999.0
781,781,1418333.369507774,4925517.953405783,-9999.0
782,782,1418382.12746769,4925532.276070817,-9999.0
783,783,1419120.026907897,4925543.14445583,-9999.0
784,784,1419442.960099581,4925560.65240263,-9999.0
785,785,1421436.371083655,4925604.104316879,-9999.0
786,786,1422219.272015735,4925645.52117481,-0.740016999
787,787,1418176.663827393,4925499.487293913,-9999.0
788,788,1418326.263163995,4925503.080761633,-9999.0
789,789,1418353.723409196,4925508.514679089,-9999.0
790,790,1419163.93682855,4925527.95130711,-9999.0
791,791,1415903.788227441,4925426.346610853,-9999.0
792,792,1415925.182611573,4925422.760461826,-9999.0
793,793,1417649.259627728,4925498.146417051,-0.955183348
794,794,1418364.742011204,4925493.840800921,-9999.0
795,795,1420478.993496661,4925562.638247903,-9999.0
796,796,1422167.942398591,4925614.746572014,-0.581818177
797,797,1420499.137069452,4925554.576800744,-9999.0
798,798,1416055.054483996,4925416.653168899,-9999.0
799,799,1417552.42363354,4925450.621366859,-0.937350038
800,800,1418156.598840251,4925468.932831977,-9999.0
801,801,1418345.077188636,4925474.451650296,-9999.0
802,802,1419455.00541951,4925506.835144759,-9999.0
803,803,1421603.11842573,4925568.362474448,-9999.0
804,804,1421692.603375394,4925577.396823616,-0.948000005
805,805,1421756.375751768,4925599.592109093,-9999.0
806,806,1421817.468658899,4925574.724151891,-9999.0
807,807,1415867.232722781,4925391.451519232,-9999.0
808,808,1415883.454806392,4925399.684695195,-9999.0
809,809,1419276.790588053,4925491.282935387,-9999.0
810,810,1421940.088566303,4925577.488461215,-0.957599998
811,811,1421984.843176262,4925573.758368065,-0.954763436
812,812,1422033.396354857,4925578.189044143,-0.873754854
813,813,1422105.162689283,4925598.268268143,-0.769401106
814,814,1417507.982568575,4925429.919065628,-0.992666706
815,815,1418292.405544938,4925464.607063466,-9999.0
816,816,1418317.53823325,4925448.091420414,-9999.0
817,817,1419126.984880048,4925472.040294494,-9999.0
818,818,1419162.697923017,4925486.162051403,-9999.0
819,819,1415987.982282036,4925369.363845693,-9999.0
820,820,1417686.077649385,4925414.79761142,-0.790812502
821,821,1419403.466724742,4925497.408972478,-9999.0
822,822,1419190.31902215,4925461.971034466,-9999.0
823,823,1419257.011047927,4925450.751846488,-9999.0
824,824,1419277.952922107,4925451.361619463,-9999.0
825,825,1421777.168657987,4925523.41952548,-0.819314276
826,826,1421986.515983546,4925531.924021606,-0.6065125
827,827,1417407.439522196,4925386.629163562,-9999.0
828,828,1418266.054675353,4925411.828022531,-9999.0
829,829,1418538.590318992,4925409.812749703,-9999.0
830,830,1420469.103958276,4925470.204029626,-9999.0
831,831,1421876.988785712,4925525.452182226,-0.571393287
832,832,1416018.889990505,4925325.647829314,-9999.0
833,833,1417366.143189106,4925365.436259893,-9999.0
834,834,1417387.084952272,4925366.052422244,-9999.0
835,835,1421238.604712015,4925477.966706188,-9999.0
836,836,1421847.834296652,4925495.482447467,-0.501144941
837,837,1419277.381933959,4925414.108125336,-9999.0
838,838,1417307.893622089,4925344.121273071,-9999.0
839,839,1417328.8353188,4925344.737634013,-9999.0
840,840,1417349.430557494,4925344.76169067,-0.981624976
841,841,1420657.766670485,4925446.537399389,-9999.0
842,842,1420728.372201522,4925443.855842001,-9999.0
843,843,1421576.960759893,4925457.736304411,-0.832933327
844,844,1419171.677383135,4925404.483178928,-9999.0
845,845,1420680.084868184,4925422.483681162,-9999.0
846,846,1420708.007064005,4925423.290296103,-9999.0
847,847,1420749.890358093,4925424.49998275,-9999.0
848,848,1417282.982324496,4925320.057442721,-0.908938459
849,849,1420197.915965255,4925403.267493738,-9999.0
850,850,1417207.353221238,4925300.828049382,-9999.0
851,851,1417235.426755586,4925301.44990725,-0.998000026
852,852,1418208.789957532,4925330.701718171,-9999.0
853,853,1418509.718390891,4925339.423760601,-9999.0
854,854,1419251.846779678,4925367.244460476,-9999.0
855,855,1415598.791711214,4925243.052419131,-9999.0
856,856,1418009.954879119,4925318.644794608,-9999.0
857,857,1420177.552627948,4925382.700155848,-9999.0
858,858,1420680.949871676,4925392.542679719,-9999.0
859,859,1420706.131668988,4925393.422955983,-9999.0
860,860,1420866.514123897,4925407.710724768,-9999.0
861,861,1417149.104737207,4925279.511539368,-9999.0
862,862,1417170.04623081,4925280.128442291,-9999.0
863,863,1417194.131533694,4925280.255825273,-0.931196256
864,864,1420464.842589254,4925376.306818529,-9999.0
865,865,1420833.306421911,4925407.518920626,-9999.0
866,866,1415910.533209248,4925311.047818312,-9999.0
867,867,1417110.802278108,4925258.02785946,-9999.0
868,868,1417149.18002531,4925258.352184918,-0.935391347
869,869,1418041.162924572,4925299.601879926,-9999.0
870,870,1420179.220241302,4925348.061113624,-9999.0
871,871,1420440.490183068,4925355.247823833,-9999.0
872,872,1420740.823218795,4925362.995816495,-9999.0
873,873,1421216.859228932,4925368.200470137,-9999.0
874,874,1417090.449091499,4925237.450103273,-9999.0
875,875,1417118.522357893,4925238.072497927,-0.98951848
876,876,1418001.7695478,4925269.559269984,-9999.0
877,877,1418141.578171611,4925267.466259338,-9999.0
878,878,1419191.565808918,4925299.013808947,-9999.0
879,879,1420757.891730375,4925350.413134688,-9999.0
880,880,1420779.424433243,4925344.27953957,-9999.0
881,881,1417049.154752123,4925216.255029832,-9999.0
882,882,1418525.543317401,4925268.399122593,-9999.0
883,883,1418496.946683699,4925285.874187292,-9999.0
884,884,1420892.669332545,4925318.746544832,-9999.0
885,885,1417032.4435691,4925195.57956284,-0.938291746
886,886,1417573.273714374,4925211.70431006,-0.986588268
887,887,1418063.306837465,4925252.635225783,-9999.0
888,888,1421309.408960941,4925333.829811365,-0.938687262
889,889,1417950.659946536,4925212.591351116,-9999.0
890,890,1417981.616400243,4925218.802630604,-9999.0
891,891,1418013.332097844,4925214.634160175,-9999.0
892,892,1418041.914101951,4925215.267311133,-9999.0
893,893,1420651.92333481,4925291.440175368,-9999.0
894,894,1420672.864542008,4925292.045255506,-9999.0
895,895,1416973.547273926,4925174.069884664,-9999.0
896,896,1416991.149695617,4925174.384089221,-0.96384472
897,897,1418470.536576607,4925223.132846324,-9999.0
898,898,1417993.437297559,4925199.431594384,-9999.0
899,899,1418052.314576141,4925200.588856192,-9999.0
900,900,1418441.124277062,4925211.392721772,-9999.0
901,901,1415654.850937344,4925119.853605417,-9999.0
902,902,1416958.015283932,4925151.365328495,-0.905304101
903,903,1420094.648346028,4925235.357276934,-9999.0
904,904,1416921.723612935,4925132.380519247,-0.948105276
905,905,1418154.986963205,4925148.86379943,-9999.0
906,906,1420624.93766944,4925267.947177195,-9999.0
907,907,1420653.942082646,4925221.577825307,-9999.0
908,908,1420678.871309304,4925222.675309368,-9999.0
909,909,1421100.834148624,4925234.270363749,-0.686728574
910,910,1421185.599322953,4925317.531775958,-0.79292761
911,911,1416853.949982486,4925100.9959538,-9999.0
912,912,1416897.042871193,4925108.252881493,-0.883330077
913,913,1417804.762869122,4925139.808673603,-9999.0
914,914,1418262.633347209,4925322.078280086,-9999.0
915,915,1419872.435553689,4925188.957234709,-9999.0
916,916,1415733.207927953,4925069.952444199,-0.897614293
917,917,1416874.838981876,4925091.041280837,-0.923488376
918,918,1417983.598757768,4925165.478232301,-9999.0
919,919,1418092.761124067,4925126.652804502,-9999.0
920,920,1418144.833345135,4925129.050223415,-9999.0
921,921,1418375.18316649,4925135.795454646,-9999.0
922,922,1417594.449161389,4925102.825419906,-9999.0
923,923,1418134.935354041,4925117.899868445,-9999.0
924,924,1416830.239056256,4925075.388187368,-0.990000069
925,925,1417142.537305029,4925144.255650912,-0.940534724
926,926,1417447.189978347,4925088.929451006,-0.998000026
927,927,1418065.842541575,4925110.561758682,-9999.0
928,928,1417995.903002568,4925094.256143728,-9999.0
929,929,1416779.177646356,4925056.187239972,-0.973200043
930,930,1417305.150823441,4925063.972074452,-0.987307672
931,931,1417850.858208592,4925080.542022727,-9999.0
932,932,1416737.053004685,4925037.611132716,-9999.0
933,933,1419898.216280836,4925128.423554226,-9999.0
934,934,1416747.471669598,4925027.347705801,-0.941219535
935,935,1416975.988172315,4925040.156968629,-0.87478176
936,936,1417616.856463557,4925053.53918968,-9999.0
937,937,1420297.265286639,4925131.728502958,-0.712063844
938,938,1416719.845497732,4925016.542884143,-0.996999979
939,939,1417349.454981934,4925025.850209462,-0.991245277
940,940,1415655.271738699,4924963.147566655,-0.822023831
941,941,1415743.504377379,4924957.665666921,-9999.0
942,942,1417478.425951119,4925009.513760251,-9999.0
943,943,1419674.444285416,4925073.861532961,-9999.0
944,944,1416658.051442452,4924974.96640487,-9999.0
945,945,1417345.293878047,4925000.329352442,-0.992173918
946,946,1415723.156525905,4924937.083267799,-9999.0
947,947,1417807.080580759,4924999.192769667,-9999.0
948,948,1419587.022256258,4925051.190485767,-9999.0
949,949,1417134.508307678,4924977.408762765,-0.992999991
950,950,1417377.608495669,4924975.794140462,-9999.0
951,951,1417418.600920433,4925017.29766379,-0.98949998
952,952,1417479.306504234,4924979.572770109,-9999.0
953,953,1417747.54438856,4924987.078575039,-9999.0
954,954,1418470.406062937,4925011.132164769,-9999.0
955,955,1420475.299669269,4925092.395503369,-0.717770548
956,956,1415700.959230019,4924921.138256488,-9999.0
957,957,1415765.481887972,4924923.356208019,-0.857000045
958,958,1416644.979722076,4924949.402771942,-0.978285679
959,959,1417329.029165064,4924964.785177551,-0.989000022
960,960,1417538.433314694,4924970.94524748,-9999.0
961,961,1416579.457185291,4924933.065081213,-9999.0
962,962,1416596.561137874,4924932.988525691,-9999.0
963,963,1416624.481639342,4924933.813569373,-9999.0
964,964,1417159.779503522,4924978.377246152,-0.988625834
965,965,1417299.289514488,4924958.699667037,-9999.0
966,966,1417706.552659593,4924965.487072947,-9999.0
967,967,1416589.875965404,4924922.80191482,-9999.0
968,968,1417333.604620742,4924945.319082415,-0.992999971
969,969,1417878.053713365,4924961.320197764,-9999.0
970,970,1415840.156219758,4924891.192702195,-9999.0
971,971,1416538.166503101,4924911.866496148,-9999.0
972,972,1416562.250507167,4924911.996369896,-0.98857138
973,973,1415617.059769324,4924904.410253499,-9999.0
974,974,1416520.960023305,4924890.797672118,-9999.0
975,975,1417387.741828035,4924920.775777964,-9999.0
976,976,1417749.302916163,4924927.196587139,-9999.0
977,977,1418217.271310797,4924940.511904385,-9999.0
978,978,1417335.444143804,4924919.396159929,-0.985666659
979,979,1418168.692730384,4924919.520689283,-9999.0
980,980,1418194.659108563,4924922.638547036,-9999.0
981,981,1416585.76184383,4924863.480912394,-0.805960523
982,982,1418158.539507651,4924899.707120025,-9999.0
983,983,1417314.202095216,4924870.548095712,-9999.0
984,984,1417799.921567118,4924868.749274589,-9999.0
985,985,1418198.353042378,4924881.123356845,-9999.0
986,986,1416460.303293827,4924824.075186592,-0.888793148
987,987,1416980.562026921,4924835.027661238,-0.992785731
988,988,1418271.061208497,4924877.673195886,-9999.0
989,989,1415511.22209663,4924780.949513556,-9999.0
990,990,1417402.64802089,4924837.095016736,-9999.0
991,991,1415501.048830777,4924770.657917924,-9999.0
992,992,1417340.121847972,4924825.265994053,-9999.0
993,993,1415581.61515928,4924763.063510505,-9999.0
994,994,1416403.333588523,4924787.428303266,-9999.0
995,995,1417281.247541024,4924812.991074951,-9999.0
996,996,1417340.882221601,4924804.377203234,-9999.0
997,997,1415421.669633969,4924738.329982782,-9999.0
998,998,1416434.270523079,4924768.365366154,-9999.0
999,999,1417738.207176177,4924851.347466093,-9999.0
1000,1000,1416820.575611538,4924786.913375357,-0.989640818
1001,1001,1416842.036575011,4924769.842580175,-9999.0
1002,1002,1417226.447721693,4924777.867342046,-9999.0
1003,1003,1417261.326001276,4924777.790967548,-9999.0
1004,1004,1417711.368768887,4924780.468905288,-9999.0
1005,1005,1416344.052270815,4924725.944628488,-9999.0
1006,1006,1419153.961146344,4924808.843799639,-9999.0
1007,1007,1417102.163527018,4924738.722653516,-9999.0
1008,1008,1416324.069086261,4924697.925515749,-9999.0
1009,1009,1419064.167324584,4924751.01476657,-9999.0
1010,1010,1419668.842312558,4924774.547877305,-0.66248953
1011,1011,1415446.171267597,4924619.188828477,-9999.0
1012,1012,1415369.541844923,4924611.914776003,-9999.0
1013,1013,1415490.483398424,4924618.442860542,-9999.0
1014,1014,1415516.711124468,4924596.313443931,-9999.0
1015,1015,1419655.716906022,4924713.191807945,-0.582791674
1016,1016,1416675.948612623,4924615.479960517,-9999.0
1017,1017,1417496.266158061,4924640.44674546,-9999.0
1018,1018,1417517.205462105,4924641.062536794,-9999.0
1019,1019,1415524.432649499,4924571.57011595,-9999.0
1020,1020,1417437.330380616,4924617.948324347,-9999.0
1021,1021,1417496.85320394,4924620.486075751,-9999.0
1022,1022,1419028.666811776,4924690.386277729,-9999.0
1023,1023,1415385.512778249,4924554.116952648,-9999.0
1024,1024,1415535.347301132,4924556.910857514,-9999.0
1025,1025,1416433.823466683,4924583.161241016,-9999.0
1026,1026,1416461.406126652,4924580.110669397,-9999.0
1027,1027,1416492.909867211,4924584.675533107,-9999.0
1028,1028,1418927.992513673,4924652.422079641,-9999.0
1029,1029,1415486.923956524,4924540.835397088,-9999.0
1030,1030,1416627.967026774,4924574.515797471,-9999.0
1031,1031,1416666.853296773,4924576.041973652,-9999.0
1032,1032,1419008.124038643,4924646.933219163,-9999.0
1033,1033,1415511.660031044,4924531.233779564,-9999.0
1034,1034,1415570.634864674,4924540.615952934,-9999.0
1035,1035,1415631.837588884,4924542.297443192,-9999.0
1036,1036,1416635.544578406,4924564.340958961,-9999.0
1037,1037,1415436.665815904,4924551.63021305,-9999.0
1038,1038,1417396.323797532,4924577.195579171,-9999.0
1039,1039,1415606.330942077,4924519.063987682,-0.445190492
1040,1040,1415704.493401597,4924524.409385341,-9999.0
1041,1041,1416635.831488999,4924544.781048297,-9999.0
1042,1042,1417068.866348102,4924547.572899793,-9999.0
1043,1043,1417396.911176402,4924557.234908391,-9999.0
1044,1044,1417458.084533958,4924564.266276147,-9999.0
1045,1045,1415534.114289206,4924497.896101518,-9999.0
1046,1046,1415577.301247611,4924496.649993126,-9999.0
1047,1047,1415737.740242086,4924504.56222443,-9999.0
1048,1048,1416647.38861447,4924525.521638917,-9999.0
1049,1049,1417460.315452685,4924539.122428088,-9999.0
1050,1050,1417478.262438711,4924540.027530126,-9999.0
1051,1051,1415440.921634309,4924482.514218125,-9999.0
1052,1052,1415597.047763219,4924478.831548118,-0.692450024
1053,1053,1419188.232783041,4924579.169812744,-9999.0
1054,1054,1417377.147042009,4924516.69736023,-9999.0
1055,1055,1415474.921581642,4924456.764933117,-9999.0
1056,1056,1416470.090108321,4924479.946864799,-9999.0
1057,1057,1416554.153811562,4924479.689772964,-9999.0
1058,1058,1417339.844475121,4924495.998635337,-9999.0
1059,1059,1415577.443637909,4924433.297764543,-9999.0
1060,1060,1415735.965866786,4924440.764603036,-9999.0
1061,1061,1419420.640231532,4924526.934559903,-0.667204297
1062,1062,1419572.337461157,4924539.723486329,-0.549014026
1063,1063,1415494.578779234,4924400.866903742,-9999.0
1064,1064,1416520.471655513,4924447.589193273,-9999.0
1065,1065,1416590.218628756,4924433.553454599,-9999.0
1066,1066,1416740.777046938,4924438.379008882,-9999.0
1067,1067,1417350.105410982,4924977.514308599,-0.921688555
1068,1068,1415534.785435864,4924399.565023511,-9999.0
1069,1069,1416767.173613736,4924430.977408577,-9999.0
1070,1070,1418991.480394511,4924494.075799604,-9999.0
1071,1071,1416790.223352517,4924419.861068901,-9999.0
1072,1072,1416340.135958849,4924386.200171441,-0.983565232
1073,1073,1416131.046158215,4924370.0187706,-9999.0
1074,1074,1416499.511555281,4924398.913268437,-0.977401753
1075,1075,1416817.209044788,4924392.498590285,-9999.0
1076,1076,1416613.222081266,4924364.309976583,-9999.0
1077,1077,1416653.026025928,4924375.762634581,-9999.0
1078,1078,1416443.017716078,4924349.665391249,-9999.0
1079,1079,1416522.783890659,4924351.647365997,-9999.0
1080,1080,1416703.798476624,4924361.217874546,-9999.0
1081,1081,1416848.465671029,4924364.341868674,-9999.0
1082,1082,1416564.644661852,4924359.570324431,-0.97410003
1083,1083,1416422.669847652,4924329.085275669,-9999.0
1084,1084,1416613.950161388,4924328.59591506,-9999.0
1085,1085,1416418.185334185,4924299.274765096,-9999.0
1086,1086,1416972.800507398,4924332.127660662,-9999.0
1087,1087,1416664.142709808,4924295.891374028,-9999.0
1088,1088,1416707.266705428,4924297.695432247,-9999.0
1089,1089,1417082.907119436,4924308.250584442,-9999.0
1090,1090,1416625.675386507,4924290.13015232,-9999.0
1091,1091,1416085.739493438,4924248.80681833,-9999.0
1092,1092,1416714.177812285,4924257.41339111,-9999.0
1093,1093,1419625.014150652,4924332.521145417,-0.328173916
1094,1094,1416609.320518107,4924237.442375125,-9999.0
1095,1095,1415975.253575427,4924205.574471233,-9999.0
1096,1096,1416038.071032689,4924212.226959826,-9999.0
1097,1097,1416637.345020499,4924224.236411832,-9999.0
1098,1098,1418917.830000373,4924282.538430509,-9999.0
1099,1099,1416018.38179557,4924186.670387451,-9999.0
1100,1100,1415676.18350304,4924166.52482031,-9999.0
1101,1101,1416667.386549357,4924186.107661409,-9999.0
1102,1102,1415684.582513684,4924142.585039825,-9999.0
1103,1103,1416556.30818024,4924162.846420457,-9999.0
1104,1104,1416577.536763433,4924163.474026357,-9999.0
1105,1105,1416598.183741373,4924164.084367822,-9999.0
1106,1106,1416747.932895184,4924173.607587649,-9999.0
1107,1107,1416605.7609025,4924153.909572197,-9999.0
1108,1108,1416567.371114285,4924147.985052493,-9999.0
1109,1109,1418797.53702539,4924208.317714516,-9999.0
1110,1110,1418998.883008483,4924227.243293104,-0.816906662
1111,1111,1415618.639055754,4924104.880142884,-9999.0
1112,1112,1415646.704226811,4924100.719536862,-9999.0
1113,1113,1416568.455076999,4924123.626484163,-9999.0
1114,1114,1416588.589887485,4924128.943114552,-9999.0
1115,1115,1416648.218293372,4924125.606927342,-9999.0
1116,1116,1418787.846277642,4924188.843858861,-9999.0
1117,1117,1418834.252425243,4924180.36299869,-9999.0
1118,1118,1415944.873446583,4924099.817074879,-9999.0
1119,1119,1416750.504228018,4924109.027877369,-9999.0
1120,1120,1416018.692533314,4924095.734396555,-9999.0
1121,1121,1416709.21874418,4924087.830268927,-9999.0
1122,1122,1416409.705050801,4924058.996651682,-9999.0
1123,1123,1416660.687948688,4924094.981584314,-9999.0
1124,1124,1418750.293376417,4924132.749703009,-9999.0
1125,1125,1415945.6896032,4924029.683108547,-9999.0
1126,1126,1416084.976350633,4924043.802678913,-9999.0
1127,1127,1416735.574788611,4924048.805454404,-9999.0
1128,1128,1416784.428672273,4924050.248311992,-9999.0
1129,1129,1418751.295096786,4924107.488155378,-9999.0
1130,1130,1416410.083380657,4924023.772933743,-9999.0
1131,1131,1416805.301396304,4924015.168139563,-9999.0
1132,1132,1416163.669111238,4923981.205684619,-0.781237653
1133,1133,1415568.736640439,4923956.317051844,-9999.0
1134,1134,1416442.230276601,4923978.133429172,-9999.0
1135,1135,1416150.450347338,4923955.841240547,-0.886276939
1136,1136,1416417.488190901,4923939.510837726,-9999.0
1137,1137,1415678.391358171,4923905.248202344,-9999.0
1138,1138,1415712.104914321,4923897.885000738,-9999.0
1139,1139,1418857.743906284,4923997.214446122,-0.760301882
1140,1140,1415621.674668787,4923885.209014473,-9999.0
1141,1141,1415642.589975614,4923886.558936799,-9999.0
1142,1142,1416274.209096738,4923904.567356346,-9999.0
1143,1143,1416525.650458987,4923932.99147736,-9999.0
1144,1144,1415517.258339589,4923891.077216663,-9999.0
1145,1145,1415596.217243449,4923879.213747415,-9999.0
1146,1146,1418772.629201462,4923967.480397196,-0.925095737
1147,1147,1416174.114230569,4923881.624159753,-0.663136362
1148,1148,1418297.818396195,4923961.405154938,-9999.0
1149,1149,1415566.5845927,4923858.598642949,-9999.0
1150,1150,1416388.438004043,4923870.554734405,-9999.0
1151,1151,1415445.771536159,4923836.206669915,-9999.0
1152,1152,1416147.440236428,4923868.84684555,-0.815777791
1153,1153,1418213.434481832,4923912.481944793,-9999.0
1154,1154,1415404.294128596,4923826.081368252,-0.061703758
1155,1155,1415513.893072076,4923825.09883019,-9999.0
1156,1156,1417033.042922145,4923867.263521093,-9999.0
1157,1157,1418764.116368673,4923917.664590429,-0.913208326
1158,1158,1415466.073408517,4923811.822763938,-9999.0
1159,1159,1415489.878009482,4923820.950544732,-9999.0
1160,1160,1418791.734904377,4923923.670629743,-0.778927032
1161,1161,1415424.780709245,4923799.812474385,-9999.0
1162,1162,1416463.040963076,4923867.210048059,-9999.0
1163,1163,1416985.073788741,4923835.881550848,-9999.0
1164,1164,1418757.860769382,4923887.720091894,-0.726130436
1165,1165,1418256.105463919,4923853.26863791,-9999.0
1166,1166,1416466.53085054,4923790.972866057,-9999.0
1167,1167,1418209.085198445,4923801.741567082,-9999.0
1168,1168,1416258.643494669,4923734.873790429,-9999.0
1169,1169,1418149.776693962,4923783.488810579,-9999.0
1170,1170,1418318.336215879,4923764.319773962,-0.970320769
1171,1171,1416148.165996127,4923691.64426796,-9999.0
1172,1172,1418173.773926009,4923753.195804432,-9999.0
1173,1173,1418241.849906286,4923792.797037141,-9999.0
1174,1174,1416378.561364151,4923682.902316301,-9999.0
1175,1175,1418212.338218011,4923739.146026853,-9999.0
1176,1176,1418088.33327549,4923723.593928143,-9999.0
1177,1177,1416658.028296076,4923666.861881819,-9999.0
1178,1178,1418109.597929159,4923709.591723209,-9999.0
1179,1179,1418608.84303542,4923723.747687241,-0.843061217
1180,1180,1416410.412244739,4923647.228095297,-9999.0
1181,1181,1418087.285724991,4923691.651874524,-9999.0
1182,1182,1416615.678578346,4923649.95710883,-9999.0
1183,1183,1416802.243870971,4923640.693489445,-9999.0
1184,1184,1416841.124262156,4923642.218736992,-9999.0
1185,1185,1418090.598220397,4923668.994361595,-9999.0
1186,1186,1416739.573853987,4923623.084981357,-9999.0
1187,1187,1418069.954942057,4923658.400065398,-9999.0
1188,1188,1417361.724483555,4923616.824626666,-9999.0
1189,1189,1417553.645705124,4923639.557020906,-9999.0
1190,1190,1417600.975417437,4923608.503183987,-9999.0
1191,1191,1418550.730686239,4923631.943398228,-0.609240954
1192,1192,1415875.711082251,4923542.093514084,-0.764571484
1193,1193,1417383.823497094,4923577.928926529,-9999.0
1194,1194,1417662.515477309,4923590.347396246,-9999.0
1195,1195,1417743.717959868,4923588.890235538,-9999.0
1196,1196,1416264.209265205,4923534.674604798,-9999.0
1197,1197,1416292.4697604,4923536.093628023,-9999.0
1198,1198,1416398.218549375,4923558.272860004,-9999.0
1199,1199,1417491.016462511,4923597.509459643,-9999.0
1200,1200,1417621.388507884,4923574.928837688,-9999.0
1201,1201,1416337.734602834,4923509.033950594,-9999.0
1202,1202,1417637.473306419,4923545.964789991,-9999.0
1203,1203,1417933.311222429,4923554.501782608,-9999.0
1204,1204,1417133.629910414,4923518.75363555,-9999.0
1205,1205,1417847.415394505,4923532.155081675,-9999.0
1206,1206,1417818.542876425,4923527.43128512,-9999.0
1207,1207,1416424.898114487,4923488.927250251,-9999.0
1208,1208,1417059.432508207,4923488.98879724,-9999.0
1209,1209,1417913.547444497,4923513.96589228,-9999.0
1210,1210,1417934.482906891,4923514.580380789,-9999.0
1211,1211,1416863.376800582,4923462.695693513,-9999.0
1212,1212,1416899.516512186,4923464.292548624,-9999.0
1213,1213,1417935.068751823,4923494.619679091,-9999.0
1214,1214,1418491.999452881,4923500.369611843,-0.618979158
1215,1215,1416535.979425007,4923433.043159854,-9999.0
1216,1216,1416962.986970752,4923462.118771417,-9999.0
1217,1217,1415608.592633902,4923411.044390117,-9999.0
1218,1218,1416564.47908504,4923423.896923573,-9999.0
1219,1219,1416864.555400545,4923422.774299499,-9999.0
1220,1220,1415642.558757971,4923388.07489223,-9999.0
1221,1221,1415863.30405987,4923392.928510747,-9999.0
1222,1222,1416540.79814888,4923410.66049477,-9999.0
1223,1223,1418812.292172314,4923506.688935979,-0.223999449
1224,1224,1415556.836953249,4923364.193118729,-9999.0
1225,1225,1415522.10373413,4923357.817739967,-9999.0
1226,1226,1418076.686952249,4923428.85199827,-9999.0
1227,1227,1416258.906392551,4923364.907641632,-9999.0
1228,1228,1418765.920454264,4923438.456423331,-0.272399995
1229,1229,1416566.191999257,4923343.83011448,-9999.0
1230,1230,1418038.979099816,4923387.413051833,-9999.0
1231,1231,1415837.760870034,4923312.257047787,-0.953999996
1232,1232,1415487.289252445,4923295.274195362,-9999.0
1233,1233,1415569.084873271,4923288.721548862,-9999.0
1234,1234,1414481.969260587,4923221.909466994,-9999.0
1235,1235,1415566.290343246,4923254.245397702,-9999.0
1236,1236,1415825.078350497,4923269.849335818,-0.408000045
1237,1237,1416861.341211874,4923303.391100846,-9999.0
1238,1238,1414526.930054323,4923217.856989764,-9999.0
1239,1239,1415789.286174954,4923243.121125209,-0.516065575
1240,1240,1416841.062218646,4923272.244893213,-9999.0
1241,1241,1415704.05578743,4923228.372691457,0.012864845
1242,1242,1416042.462452453,4923267.456315627,-9999.0
1243,1243,1414419.678364135,4923199.728906952,-0.462347874
1244,1244,1414480.020212214,4923182.476143148,-9999.0
1245,1245,1414639.757255777,4923196.322698614,-9999.0
1246,1246,1415662.482977281,4923217.148182418,-9999.0
1247,1247,1416328.483931389,4923237.571663946,-9999.0
1248,1248,1416552.22779278,4923249.334728739,-9999.0
1249,1249,1416886.011391708,4923262.809056297,-9999.0
1250,1250,1416910.982314267,4923258.551658534,-9999.0
1251,1251,1417086.335287766,4923249.310581123,-9999.0
1252,1252,1418034.880982671,4923284.271816328,-9999.0
1253,1253,1414547.041010006,4923170.462196875,-9999.0
1254,1254,1415492.768788832,4923220.222724624,-9999.0
1255,1255,1414390.199281575,4923149.821142681,-9999.0
1256,1256,1415890.510171894,4923194.535286919,-9999.0
1257,1257,1416531.701025369,4923218.25544558,-9999.0
1258,1258,1414571.930558392,4923145.267399919,-9999.0
1259,1259,1414689.625450538,4923151.480505281,-9999.0
1260,1260,1415872.863321387,4923183.645129906,-9999.0
1261,1261,1416029.590661395,4923208.38561471,-9999.0
1262,1262,1418061.021095252,4923248.591620864,-9999.0
1263,1263,1418782.916770976,4923269.142130458,-0.203043472
1264,1264,1416858.077962016,4923212.165920054,-9999.0
1265,1265,1414436.554903791,4923137.934179955,-9999.0
1266,1266,1414642.308841013,4923127.392448178,-9999.0
1267,1267,1415446.549593506,4923166.001323137,-9999.0
1268,1268,1416025.945947258,4923168.911608636,-9999.0
1269,1269,1416340.992430104,4923177.545709928,-9999.0
1270,1270,1414593.833719349,4923114.705710295,-9999.0
1271,1271,1414598.017039445,4923174.381884002,-9999.0
1272,1272,1414701.066425478,4923118.576769399,-9999.0
1273,1273,1415413.194509845,4923140.015195386,-9999.0
1274,1274,1414412.626961176,4923100.545833661,-9999.0
1275,1275,1414663.839744998,4923108.057324442,-9999.0
1276,1276,1418811.849887086,4923235.026305539,-0.225235718
1277,1277,1414681.085707541,4923098.206169279,-9999.0
1278,1278,1414723.084189917,4923099.984381034,-9999.0
1279,1279,1416544.040831368,4923169.458097297,-9999.0
1280,1280,1416614.025843805,4923155.65691594,-9999.0
1281,1281,1417060.625868678,4923168.844973315,-9999.0
1282,1282,1418581.50013092,4923213.309912478,-0.595934775
1283,1283,1418795.346334436,4923247.567509384,-0.238588108
1284,1284,1414308.552558469,4923077.452348519,-9999.0
1285,1285,1414702.253480356,4923095.88928185,-9999.0
1286,1286,1414774.796684111,4923091.082754056,-9999.0
1287,1287,1415944.422061149,4923125.8341206,-9999.0
1288,1288,1416823.81576254,4923151.662093458,-9999.0
1289,1289,1418624.018201502,4923204.769311777,-0.598340439
1290,1290,1415441.029320016,4923124.815916152,-9999.0
1291,1291,1416534.865496643,4923133.714981951,-9999.0
1292,1292,1416782.090465596,4923140.645505762,-9999.0
1293,1293,1414285.774913385,4923105.380235258,-0.72533335
1294,1294,1414723.848813203,4923069.515939147,-9999.0
1295,1295,1414242.962698012,4923044.733554053,-9999.0
1296,1296,1414702.759631995,4923063.117406948,-9999.0
1297,1297,1415945.310537596,4923095.893070295,-9999.0
1298,1298,1416514.521672515,4923113.135029315,-9999.0
1299,1299,1416531.469202348,4923113.259165144,-9999.0
1300,1300,1416552.40344202,4923113.878357175,-9999.0
1301,1301,1416807.804452992,4923137.911173275,-9999.0
1302,1302,1414681.630618477,4923060.183934404,-9999.0
1303,1303,1414712.557577379,4923048.995275921,-9999.0
1304,1304,1415463.175509548,4923083.485805109,-9999.0
1305,1305,1414254.222100902,4923025.879073089,-9999.0
1306,1306,1416494.177985203,4923092.555005638,-9999.0
1307,1307,1416615.344547358,4923099.982092095,-9999.0
1308,1308,1414222.168863668,4923018.773320516,-9999.0
1309,1309,1414709.91030595,4923031.837780687,-9999.0
1310,1310,1415406.962824936,4923062.221843786,-9999.0
1311,1311,1415505.906865562,4923056.877119992,-9999.0
1312,1312,1415988.527108922,4923104.711642629,-9999.0
1313,1313,1414293.000339315,4922996.695181501,-9999.0
1314,1314,1414725.637578693,4923009.633854857,-9999.0
1315,1315,1414787.102147375,4923025.869112516,-9999.0
1316,1316,1415990.975402039,4923049.17525543,-9999.0
1317,1317,1418629.751810398,4923129.896695463,-0.60267142
1318,1318,1414314.23319057,4922987.341595153,-9999.0
1319,1319,1415912.052678176,4923044.755516498,-9999.0
1320,1320,1416494.717585535,4923062.021670745,-9999.0
1321,1321,1418204.333688187,4923112.366561438,-9999.0
1322,1322,1414136.323553814,4922982.702733818,-9999.0
1323,1323,1414744.813735774,4922993.301006882,-9999.0
1324,1324,1414796.674116233,4922991.572070817,-9999.0
1325,1325,1414817.121025361,4922991.454206675,-9999.0
1326,1326,1415432.380558778,4923016.515365987,-9999.0
1327,1327,1418184.916237568,4923072.423697947,-9999.0
1328,1328,1418629.059637361,4923075.591142977,-0.498153296
1329,1329,1414350.619051847,4922943.274149941,-9999.0
1330,1330,1414786.900828132,4922950.975302058,-9999.0
1331,1331,1415930.817789907,4922990.681062399,-9999.0
1332,1332,1415976.479435299,4923001.810483846,-9999.0
1333,1333,1413927.910193668,4922922.837455082,-0.86937619
1334,1334,1413939.346844952,4922916.694428607,-0.990000054
1335,1335,1418401.207734919,4923043.891403858,-9999.0
1336,1336,1418440.288708139,4923044.361097297,-9999.0
1337,1337,1415928.523050918,4922955.546910758,-9999.0
1338,1338,1415967.399243301,4922957.07775825,-9999.0
1339,1339,1416717.028249918,4922978.898201359,-9999.0
1340,1340,1413914.274407154,4922879.418728705,-0.729116514
1341,1341,1413996.537253116,4922867.939682762,-9999.0
1342,1342,1414017.048230104,4922873.868112272,-9999.0
1343,1343,1415413.428776104,4922923.687597412,-9999.0
1344,1344,1415929.411651746,4922925.60585395,-9999.0
1345,1345,1416477.673526432,4922942.230321507,-9999.0
1346,1346,1418668.238998372,4923011.07406865,-0.601333345
1347,1347,1413926.70054954,4922855.650666713,-0.872452402
1348,1348,1416537.07389584,4922933.621411641,-9999.0
1349,1349,1416694.262531876,4922948.427781077,-9999.0
1350,1350,1418097.4756357,4922982.654987954,-9999.0
1351,1351,1418839.4834224,4923001.299785513,-0.284653062
1352,1352,1414377.92688669,4922859.764597612,-9999.0
1353,1353,1414088.147256179,4922840.718480804,-9999.0
1354,1354,1417786.409855181,4922950.473364057,-9999.0
1355,1355,1415418.22263915,4922870.833916048,-9999.0
1356,1356,1416512.282849067,4922911.636847769,-9999.0
1357,1357,1418735.69576021,4922973.090342713,-0.391436755
1358,1358,1418289.530467603,4922945.779736008,-9999.0
1359,1359,1418693.63782461,4922954.008305592,-0.581292582
1360,1360,1418718.834551502,4922952.619770151,-0.509974912
1361,1361,1416517.621069355,4922873.111422432,-9999.0
1362,1362,1418269.342531627,4922924.686874312,-9999.0
1363,1363,1418289.985228917,4922925.291698685,-9999.0
1364,1364,1418740.205562083,4922938.26104778,-0.465414281
1365,1365,1414088.909018895,4922798.92406005,-9999.0
1366,1366,1414340.843718182,4922798.341670508,-9999.0
1367,1367,1416389.324694432,4922859.702648277,-9999.0
1368,1368,1418708.951265177,4922932.353114422,-0.573812952
1369,1369,1415976.772117042,4922863.812889673,-9999.0
1370,1370,1418730.322234895,4922917.994426956,-0.626442868
1371,1371,1418794.218442298,4922920.596449958,-0.341690647
1372,1372,1418741.080602392,4922908.31996531,-0.584464281
1373,1373,1414299.873456704,4922767.147174282,-9999.0
1374,1374,1415970.22224223,4922824.354711028,-9999.0
1375,1375,1416599.544062924,4922835.955357807,-9999.0
1376,1376,1417675.37547271,4922873.782297842,-9999.0
1377,1377,1417701.22928608,4922873.156959856,-9999.0
1378,1378,1418688.85979874,4922902.940432868,-0.508743582
1379,1379,1414069.906557002,4922750.267805913,-9999.0
1380,1380,1414139.684051408,4922752.359321486,-9999.0
1381,1381,1414101.740125042,4922939.588096049,-0.955998676
1382,1382,1418699.797419357,4922887.135528198,-0.540999999
1383,1383,1413792.085995031,4922720.834207277,-0.478230782
1384,1384,1414172.179515535,4922733.731652526,-9999.0
1385,1385,1414278.716910916,4922844.45250142,-9999.0
1386,1386,1416019.434918565,4922837.995993728,-9999.0
1387,1387,1417629.147346062,4922835.972302285,-9999.0
1388,1388,1418836.30098917,4922876.1410235,-0.403652382
1389,1389,1414280.135658097,4922726.598945021,-9999.0
1390,1390,1414325.336507675,4922748.257618615,-9999.0
1391,1391,1416401.361922693,4922789.758097104,-9999.0
1392,1392,1414651.564205165,4922777.869530082,-9999.0
1393,1393,1415233.388917422,4922745.459748518,-9999.0
1394,1394,1415302.565144666,4922784.814016544,-0.835836473
1395,1395,1416750.542826664,4922790.096203417,-9999.0
1396,1396,1416779.70091221,4922791.487690414,-9999.0
1397,1397,1416872.411220468,4922806.809740693,-0.487009953
1398,1398,1416981.457043921,4922811.360517699,-0.768857121
1399,1399,1418850.839488296,4922856.587937403,-0.483489197
1400,1400,1413995.894985491,4922698.631910582,-9999.0
1401,1401,1416381.019740615,4922769.177653078,-9999.0
1402,1402,1417682.325154041,4922829.817456041,-9999.0
1403,1403,1417741.670971182,4922809.313139406,-9999.0
1404,1404,1416713.25298829,4922769.393317189,-9999.0
1405,1405,1418390.889363186,4922818.369068324,-9999.0
1406,1406,1414634.201079609,4922697.611812837,-9999.0
1407,1407,1414725.054103071,4922712.580702036,-0.551833356
1408,1408,1416028.51893876,4922765.364450674,-9999.0
1409,1409,1416563.030271808,4922754.585605074,-9999.0
1410,1410,1416751.431476258,4922764.944913055,-9999.0
1411,1411,1417035.501749286,4922774.045464767,-0.949000041
1412,1412,1418877.022329202,4922867.341667856,-0.482734911
1413,1413,1416584.258461948,4922745.224367718,-9999.0
1414,1414,1416762.981429483,4922740.895560793,-9999.0
1415,1415,1417060.404340602,4922755.0874002,-9999.0
1416,1416,1418035.910639497,4922782.786916703,-9999.0
1417,1417,1418084.29849654,4922783.63741083,-9999.0
1418,1418,1418162.750835684,4922782.247531882,-9999.0
1419,1419,1418224.453747266,4922783.321489006,-9999.0
1420,1420,1417973.399709882,4922766.173931027,-9999.0
1421,1421,1418838.633248251,4922796.298125514,-0.512272084
1422,1422,1414261.884505401,4922646.137947481,-9999.0
1423,1423,1414484.87781139,4922652.812526159,-9999.0
1424,1424,1416717.575400139,4922728.982724392,-9999.0
1425,1425,1416789.985225277,4922730.553195862,-9999.0
1426,1426,1416826.857893781,4922766.692723034,-0.882857195
1427,1427,1417823.369443768,4922756.878214448,-9999.0
1428,1428,1415242.399153806,4922665.232436948,-0.854766239
1429,1429,1417904.2093527,4922744.164843959,-9999.0
1430,1430,1418199.389838459,4922775.954276826,-9999.0
1431,1431,1418494.316165277,4922761.840546008,-9999.0
1432,1432,1414105.693000344,4922621.856644318,-9999.0
1433,1433,1414464.542099782,4922632.225606471,-9999.0
1434,1434,1416104.279381037,4922681.06494916,-9999.0
1435,1435,1416485.056610674,4922692.721433526,-9999.0
1436,1436,1417142.549364003,4922751.311790563,-0.749772748
1437,1437,1417880.004178482,4922739.785939216,-9999.0
1438,1438,1418124.794854561,4922741.025953546,-9999.0
1439,1439,1414139.063423657,4922614.675479851,-9999.0
1440,1440,1415232.527424319,4922644.959912259,-0.933500025
1441,1441,1417472.184325566,4922711.486716469,-9999.0
1442,1442,1418173.291764783,4922741.865973858,-9999.0
1443,1443,1418881.815711052,4922775.000271599,-0.626001625
1444,1444,1416565.391869367,4922674.742748228,-9999.0
1445,1445,1416760.785223454,4922694.692282145,-9999.0
1446,1446,1417179.423718945,4922697.663963147,-0.568322559
1447,1447,1418049.688703722,4922736.773104035,-9999.0
1448,1448,1418861.169460524,4922742.017556513,-0.618057142
1449,1449,1414659.17803922,4922666.925943299,-9999.0
1450,1450,1415243.439812343,4922630.301201832,-9999.0
1451,1451,1416802.924596485,4922671.774929098,-9999.0
1452,1452,1418174.51596004,4922712.517069764,-9999.0
1453,1453,1418955.658267476,4922734.787767248,-0.366185723
1454,1454,1416040.711039558,4922641.580285247,-9999.0
1455,1455,1416670.649616344,4922662.666702137,-9999.0
1456,1456,1417278.584932378,4922692.124999038,-0.55298245
1457,1457,1417493.998240077,4922682.161690055,-9999.0
1458,1458,1417893.122337113,4922698.102051081,-9999.0
1459,1459,1417926.156385285,4922699.084990704,-9999.0
1460,1460,1417979.397601717,4922737.898241083,-9999.0
1461,1461,1418014.086790661,4922707.941339486,-9999.0
1462,1462,1418060.42833686,4922699.335002463,-9999.0
1463,1463,1414085.051730666,4922598.095644385,-9999.0
1464,1464,1414386.290728889,4922580.314783707,-9999.0
1465,1465,1414619.54339494,4922591.704296054,-9999.0
1466,1466,1415244.529232179,4922605.942674969,-9999.0
1467,1467,1416716.792479749,4922649.629025725,-9999.0
1468,1468,1417773.406116345,4922679.979268931,-9999.0
1469,1469,1413796.641680085,4922552.066931252,-0.627514285
1470,1470,1414544.33354149,4922575.206586581,-9999.0
1471,1471,1415896.728865207,4922614.972171058,-9999.0
1472,1472,1416483.195644334,4922643.150420377,-9999.0
1473,1473,1416664.258244982,4922637.709932076,-9999.0
1474,1474,1416851.478708761,4922657.535511802,-9999.0
1475,1475,1413887.68632346,4922689.745288756,-0.960463057
1476,1476,1414400.018190777,4922563.423219547,-9999.0
1477,1477,1414424.767050059,4922561.110496512,-9999.0
1478,1478,1415796.059527644,4922607.212608222,-9999.0
1479,1479,1419021.728670959,4922712.884496455,-0.384061537
1480,1480,1414607.281660938,4922561.342019942,-9999.0
1481,1481,1416427.612732059,4922610.731335219,-9999.0
1482,1482,1417228.310277816,4922651.759389331,-9999.0
1483,1483,1417278.874340202,4922640.660736027,-9999.0
1484,1484,1417516.105631583,4922642.856230596,-9999.0
1485,1485,1417757.327767141,4922650.326759565,-9999.0
1486,1486,1415215.691165196,4922589.700961907,-0.924621214
1487,1487,1415228.437495146,4922564.924343409,-9999.0
1488,1488,1416752.533547104,4922637.615929026,-9999.0
1489,1489,1414510.639929433,4922534.24176374,-9999.0
1490,1490,1415779.448044598,4922571.327880281,-9999.0
1491,1491,1417401.899241469,4922626.042613405,-9999.0
1492,1492,1417823.707653694,4922636.711567865,-9999.0
1493,1493,1413925.276159115,4922512.548928034,-9999.0
1494,1494,1413985.926886858,4922512.226396825,-9999.0
1495,1495,1414474.35080904,4922526.85764841,-9999.0
1496,1496,1415061.416315226,4922560.956596376,-9999.0
1497,1497,1415695.505956841,4922558.844572853,-9999.0
1498,1498,1416847.148076587,4922593.168620727,-9999.0
1499,1499,1417325.257197006,4922607.065597611,-0.028199959
1500,1500,1418765.956827951,4922649.540759805,-9999.0
1501,1501,1418869.481516274,4922672.2420018,-0.755913076
1502,1502,1414485.720304262,4922512.782897348,-9999.0
1503,1503,1416001.353627809,4922565.429381005,-0.100333343
1504,1504,1416066.117326834,4922559.858742029,0.463836041
1505,1505,1416875.845583406,4922589.708512967,-9999.0
1506,1506,1417290.996090636,4922603.362594628,-0.97299999
1507,1507,1417898.050429492,4922614.504621068,-9999.0
1508,1508,1417941.494946356,4922657.079816031,-9999.0
1509,1509,1418086.442278457,4922620.03370099,-9999.0
1510,1510,1418202.320235173,4922623.58455843,-9999.0
1511,1511,1413952.093681636,4922491.801832392,-9999.0
1512,1512,1418835.864557187,4922635.8261364,-0.909309272
1513,1513,1418927.093149717,4922636.809428123,-0.614738104
1514,1514,1414589.933785786,4922525.055863013,-9999.0
1515,1515,1415097.352806541,4922511.071184655,-9999.0
1516,1516,1415980.958401876,4922544.245337291,-0.86833336
1517,1517,1416058.468848013,4922589.081734646,-0.362471001
1518,1518,1414475.998351761,4922482.729059828,-9999.0
1519,1519,1414500.987367169,4922488.660106952,-9999.0
1520,1520,1414567.0079791,4922485.041389054,-9999.0
1521,1521,1414629.501932219,4922487.319489409,-9999.0
1522,1522,1416122.824878953,4922531.573011006,-0.925000012
1523,1523,1417908.898079499,4922584.479055955,-9999.0
1524,1524,1417985.64993772,4922586.732211696,-9999.0
1525,1525,1418069.379239331,4922589.189115227,-9999.0
1526,1526,1418938.222189371,4922614.412277441,-0.630399998
1527,1527,1419056.8387257,4922617.874317206,-0.407014286
1528,1528,1414543.213834003,4922510.196150081,-9999.0
1529,1529,1415855.229184246,4922537.300855337,-9999.0
1530,1530,1415899.691713137,4922515.168600418,-9999.0
1531,1531,1416098.699811926,4922520.868503868,-9999.0
1532,1532,1416896.402545211,4922557.08823443,-9999.0
1533,1533,1417867.499294421,4922572.341157737,-9999.0
1534,1534,1414505.75216305,4922464.170581971,-9999.0
1535,1535,1414599.19774206,4922466.812209084,-9999.0
1536,1536,1415760.146369906,4922515.814083968,-9999.0
1537,1537,1415809.4330426,4922502.294415381,-9999.0
1538,1538,1415907.116854721,4922505.195019,-0.944000048
1539,1539,1416078.06353189,4922510.267365721,-0.916307702
1540,1540,1417857.724219426,4922562.126867716,-9999.0
1541,1541,1418970.157639344,4922598.142058231,-0.58915709
1542,1542,1419007.00744292,4922596.442441157,-0.52923077
1543,1543,1414519.061472412,4922453.63965509,-9999.0
1544,1544,1414567.147153321,4922459.708162786,-9999.0
1545,1545,1416088.82563928,4922500.597409025,-0.676102578
1546,1546,1416156.645568815,4922507.90559778,-0.759944399
1547,1547,1417740.641108037,4922555.430544716,-9999.0
1548,1548,1414540.415907618,4922448.9650226,-9999.0
1549,1549,1414684.300529572,4922456.205998475,-9999.0
1550,1550,1417928.011474646,4922545.46156518,-9999.0
1551,1551,1418977.763446351,4922575.611137367,-0.624157129
1552,1552,1416459.067444384,4922491.793132765,-9999.0
1553,1553,1416882.234249326,4922512.023737058,-9999.0
1554,1554,1418088.75916978,4922552.663401901,-9999.0
1555,1555,1413987.670438808,4922437.729400647,-9999.0
1556,1556,1414568.495623407,4922425.559919261,-9999.0
1557,1557,1414670.164964955,4922428.97643853,-9999.0
1558,1558,1418898.452709441,4922553.899794079,-0.858085106
1559,1559,1414527.997338636,4922424.54713814,-9999.0
1560,1560,1415430.99527254,4922441.678674321,-9999.0
1561,1561,1416860.860495078,4922488.483554545,-9999.0
1562,1562,1415148.363686029,4922422.688918361,-9999.0
1563,1563,1415768.776094761,4922459.77236492,-9999.0
1564,1564,1418770.116943238,4922529.590817078,-9999.0
1565,1565,1418929.93596174,4922534.464199408,-0.818312479
1566,1566,1416202.091040874,4922449.015249491,-0.756641065
1567,1567,1416520.349286711,4922444.038297454,-9999.0
1568,1568,1417403.730827271,4922470.265311623,-9999.0
1569,1569,1413991.022473975,4922358.113639994,-9999.0
1570,1570,1414686.093697604,4922397.426873882,-9999.0
1571,1571,1416781.796306985,4922441.402120484,-9999.0
1572,1572,1416830.025026873,4922451.757504448,-0.864096786
1573,1573,1417558.124731991,4922471.021361312,-9999.0
1574,1574,1418801.881125687,4922500.552357697,-9999.0
1575,1575,1417490.785338997,4922452.697184582,-9999.0
1576,1576,1417821.709714351,4922462.050649262,-9999.0
1577,1577,1415784.561015055,4922404.477813366,-9999.0
1578,1578,1416261.475047268,4922448.70445022,-0.83987673
1579,1579,1417354.686811812,4922537.236582656,0.179639994
1580,1580,1417619.210273657,4922450.329977243,-9999.0
1581,1581,1414730.907481129,4922354.720903987,-9999.0
1582,1582,1416322.180339719,4922397.838117986,-9999.0
1583,1583,1417592.045749887,4922435.321384584,-9999.0
1584,1584,1418739.668696772,4922478.756458345,-9999.0
1585,1585,1418862.202298703,4922472.552818174,-9999.0
1586,1586,1413985.242699134,4922317.982926927,0.170342839
1587,1587,1414710.726911109,4922339.907946086,-9999.0
1588,1588,1416291.229666492,4922386.727304882,-0.98220005
1589,1589,1416786.615853572,4922401.383365154,-9999.0
1590,1590,1418577.382175171,4922454.767783397,-9999.0
1591,1591,1418601.053049034,4922455.307432984,-9999.0
1592,1592,1418851.888531774,4922462.0578097,-9999.0
1593,1593,1419013.937550748,4922466.789416343,-0.610282053
1594,1594,1414013.451101566,4922308.839709143,-9999.0
1595,1595,1415149.766717451,4922540.008211089,-0.837191739
1596,1596,1416811.107119001,4922396.96330546,-9999.0
1597,1597,1417579.686260049,4922417.099635039,-9999.0
1598,1598,1417670.630010362,4922418.184465843,-9999.0
1599,1599,1418632.244945714,4922445.853699641,-9999.0
1600,1600,1415114.398043501,4922336.101948068,-9999.0
1601,1601,1415142.883186703,4922333.529727628,-9999.0
1602,1602,1415820.820014455,4922354.263287673,-9999.0
1603,1603,1416331.338256792,4922375.383465945,-9999.0
1604,1604,1417492.254013209,4922402.795366534,-9999.0
1605,1605,1418590.964052847,4922434.657301372,-9999.0
1606,1606,1418862.937497769,4922442.402796251,-9999.0
1607,1607,1419013.367594375,4922446.128469752,-0.66313542
1608,1608,1414376.874734599,4922300.364977756,-9999.0
1609,1609,1414440.756427997,4922302.397413766,-9999.0
1610,1610,1414600.614156288,4922312.98652469,-9999.0
1611,1611,1414631.880868423,4922307.960874156,-9999.0
1612,1612,1417626.876198517,4922404.78705631,-9999.0
1613,1613,1418423.511532911,4922419.76745644,-9999.0
1614,1614,1418578.342473525,4922423.187094074,-9999.0
1615,1615,1414235.85349776,4922276.573223807,-9999.0
1616,1616,1414272.653734134,4922276.856160505,-9999.0
1617,1617,1414293.585364499,4922277.483058428,-9999.0
1618,1618,1414907.731374522,4922295.64025164,-9999.0
1619,1619,1415033.169711701,4922299.588047234,-9999.0
1620,1620,1415119.396141984,4922309.822873368,-9999.0
1621,1621,1415165.739448379,4922308.330763108,-9999.0
1622,1622,1415926.702303296,4922322.985400224,-0.96266669
1623,1623,1418783.92047604,4922410.709555839,-9999.0
1624,1624,1418998.126855003,4922422.499827302,-0.729265535
1625,1625,1416683.86836029,4922509.782047203,-0.364979187
1626,1626,1414242.547415369,4922460.172272157,-9999.0
1627,1627,1414185.567636385,4922255.068460566,-9999.0
1628,1628,1414963.99322507,4922277.545727766,-9999.0
1629,1629,1414989.362144514,4922315.828633053,-0.88038461
1630,1630,1415880.265199945,4922313.185502583,-0.930864083
1631,1631,1415923.162120194,4922305.306192971,-0.79801285
1632,1632,1418753.038264982,4922393.718124226,-9999.0
1633,1633,1419012.012266787,4922397.545992726,-0.742956197
1634,1634,1414005.080731622,4922238.66330866,-0.689387744
1635,1635,1415184.569662235,4922274.511781259,-9999.0
1636,1636,1416334.226299159,4922319.48584972,-0.80802469
1637,1637,1416394.785692232,4922309.153039712,-0.562590916
1638,1638,1416453.596541138,4922331.257297374,-0.829486375
1639,1639,1418564.516402469,4922373.95007945,-9999.0
1640,1640,1414113.374648865,4922232.126170087,-9999.0
1641,1641,1414155.237638114,4922233.380979376,-9999.0
1642,1642,1414868.155510405,4922255.236698261,-9999.0
1643,1643,1415147.140456958,4922270.563730249,-9999.0
1644,1644,1418222.926956693,4922353.957209189,-9999.0
1645,1645,1418313.630198212,4922356.615426459,-9999.0
1646,1646,1415103.97698186,4922255.974282209,-9999.0
1647,1647,1415370.808716387,4922260.234158254,-9999.0
1648,1648,1415404.447470861,4922260.705629677,-9999.0
1649,1649,1415829.84527841,4922284.595713094,-0.86513732
1650,1650,1416090.386616756,4922282.071474477,-9999.0
1651,1651,1416513.988379325,4922292.703180187,-9999.0
1652,1652,1416626.164398742,4922321.256398884,-9999.0
1653,1653,1416722.511596665,4922302.404790542,-9999.0
1654,1654,1413988.224973103,4922213.305701326,-0.891210534
1655,1655,1414986.115917903,4922238.248858071,-9999.0
1656,1656,1415132.489857332,4922252.398849806,-9999.0
1657,1657,1415802.44184882,4922262.551654295,-9999.0
1658,1658,1416110.795360246,4922266.987132276,-9999.0
1659,1659,1416524.717599715,4922284.107846866,-9999.0
1660,1660,1417563.184269542,4922321.2544925,-9999.0
1661,1661,1418293.2835872,4922336.041375475,-9999.0
1662,1662,1418891.560802674,4922395.958096283,-0.991666635
1663,1663,1419033.521637375,4922357.483412169,-0.738777781
1664,1664,1413133.677459522,4922177.810251498,-0.84754301
1665,1665,1414815.971447301,4922223.557882722,-9999.0
1666,1666,1415849.840635074,4922260.45427273,-0.620641512
1667,1667,1416123.800356086,4922261.714346815,-9999.0
1668,1668,1418673.991628558,4922336.643849156,-9999.0
1669,1669,1414966.070832904,4922217.672252438,-9999.0
1670,1670,1416134.253416893,4922251.634063885,-9999.0
1671,1671,1418663.807612941,4922326.705065145,-9999.0
1672,1672,1418925.449919392,4922334.350810766,-9999.0
1673,1673,1418995.221204106,4922336.387810559,-0.882642862
1674,1674,1413095.758706999,4922155.810599902,-0.824729169
1675,1675,1413114.153023507,4922152.521431781,-0.897563837
1676,1676,1413135.084345138,4922153.152253381,-0.92335484
1677,1677,1415004.949547146,4922209.220234836,-9999.0
1678,1678,1415126.551474483,4922212.469728448,-9999.0
1679,1679,1415449.670806245,4922225.483574175,-9999.0
1680,1680,1416633.155885735,4922261.425724674,-9999.0
1681,1681,1418284.192980068,4922306.185357273,-9999.0
1682,1682,1418936.207032398,4922324.676044609,-9999.0
1683,1683,1418985.025609413,4922326.829678586,-0.955124988
1684,1684,1415391.538725757,4922227.264283895,-9999.0
1685,1685,1415433.853597374,4922211.225234137,-9999.0
1686,1686,1416135.537580708,4922232.857966273,-0.91831249
1687,1687,1416654.834075273,4922247.85699739,-9999.0
1688,1688,1413114.754627711,4922132.560723523,-0.931223418
1689,1689,1416095.579484376,4922221.973262118,-0.888775385
1690,1690,1418305.78209971,4922285.591490949,-9999.0
1691,1691,1418745.266166513,4922299.701986174,-9999.0
1692,1692,1415122.170357192,4922187.463350077,-9999.0
1693,1693,1419028.879377329,4922298.149564742,-0.923363635
1694,1694,1415107.470720443,4922171.739026914,-9999.0
1695,1695,1416544.237689043,4922214.413767321,-9999.0
1696,1696,1416740.519379644,4922254.835554711,-0.775544467
1697,1697,1417371.98720213,4922245.507546313,-0.696695247
1698,1698,1418585.376962535,4922275.048477742,-9999.0
1699,1699,1418766.650355942,4922300.676398206,-9999.0
1700,1700,1413356.019420609,4922109.277362836,-9999.0
1701,1701,1415072.225475202,4922165.693366574,-9999.0
1702,1702,1415316.419745133,4922168.181568896,-9999.0
1703,1703,1415337.350909056,4922168.804952859,-9999.0
1704,1704,1417395.873300493,4922229.767480806,-0.686836749
1705,1705,1418867.742197402,4922272.936958237,-9999.0
1706,1706,1418894.330362146,4922495.692988772,-0.831592042
1707,1707,1419047.380243163,4922277.976886069,-0.891638543
1708,1708,1413886.589100415,4922115.215703545,-9999.0
1709,1709,1418746.433090041,4922259.780509108,-9999.0
1710,1710,1413876.560047284,4922104.836510999,-0.642344789
1711,1711,1415025.78088681,4922144.008088646,-9999.0
1712,1712,1416817.076466448,4922192.717576131,-9999.0
1713,1713,1418868.325269166,4922252.976218541,-9999.0
1714,1714,1416588.044033086,4922234.974861288,-0.708952849
1715,1715,1418546.492418805,4924446.315447903,-0.83050065
1716,1716,1418666.58569805,4922236.681317902,-9999.0
1717,1717,1419046.770737252,4922306.603544465,-0.841277227
1718,1718,1415025.144341756,4922120.231660398,-9999.0
1719,1719,1415356.479850848,4922129.794951321,-9999.0
1720,1720,1415726.261406679,4922140.795329056,-9999.0
1721,1721,1419015.303717377,4922241.442880779,-0.994499996
1722,1722,1414166.701476849,4922083.884730039,-9999.0
1723,1723,1416428.798798452,4922146.847264479,-0.931500033
1724,1724,1417895.603777695,4922199.617303984,-9999.0
1725,1725,1418952.929568467,4922230.269965857,-9999.0
1726,1726,1418983.916268124,4922234.352907227,-9999.0
1727,1727,1413406.660812495,4922050.865139059,-9999.0
1728,1728,1413425.538076027,4922049.760501338,-0.816499963
1729,1729,1415046.10080982,4922100.18897962,-9999.0
1730,1730,1418576.457696681,4922204.487953035,-9999.0
1731,1731,1418887.431633769,4922213.955947665,-9999.0
1732,1732,1419056.883721153,4922224.195716517,-0.768020407
1733,1733,1414237.069446475,4922066.014651913,-9999.0
1734,1734,1417798.977890851,4922171.149528366,-9999.0
1735,1735,1417816.431508616,4922171.281924591,-9999.0
1736,1736,1418827.921062311,4922201.851389507,-9999.0
1737,1737,1418957.492972256,4922206.013041961,-9999.0
1738,1738,1414809.479433842,4922073.147879844,-9999.0
1739,1739,1415028.947394572,4922084.797483845,-9999.0
1740,1740,1415356.864993423,4922094.571037452,-9999.0
1741,1741,1415688.124573254,4922103.548617576,-9999.0
1742,1742,1416958.5362702,4922136.755761636,-9999.0
1743,1743,1418737.512045695,4922189.220264006,-9999.0
1744,1744,1419042.687420324,4922205.420632781,-0.884021373
1745,1745,1414217.027306656,4922045.435536052,-9999.0
1746,1746,1414746.984944161,4922061.29178114,-9999.0
1747,1747,1415751.669373603,4922096.017025432,-0.956523821
1748,1748,1416546.587276766,4922119.0177865,-0.992793122
1749,1749,1416948.784838464,4922125.812237017,-9999.0
1750,1750,1417917.722878468,4922169.991059303,-9999.0
1751,1751,1418116.854438176,4922161.056747461,-9999.0
1752,1752,1418578.055187355,4922168.845136568,-9999.0
1753,1753,1413329.582383867,4922004.664397692,-9999.0
1754,1754,1413320.432651285,4922047.396076822,-0.556296335
1755,1755,1414295.327787531,4922028.332530307,-9999.0
1756,1756,1417558.784166764,4922265.345206617,-0.845641154
1757,1757,1417798.310114174,4922136.630182285,-0.935000062
1758,1758,1418657.84910906,4922162.022774721,-9999.0
1759,1759,1413164.399202605,4922070.860978492,-0.969753699
1760,1760,1413290.711950305,4922004.995240112,-9999.0
1761,1761,1413441.430610219,4921991.975020322,-9999.0
1762,1762,1414183.764847345,4922035.640969627,-9999.0
1763,1763,1414229.905979654,4922021.714823942,-9999.0
1764,1764,1414888.035205214,4922150.567186372,-9999.0
1765,1765,1416097.276279352,4922149.421618643,-0.910810475
1766,1766,1413450.77614764,4921982.061954761,-9999.0
1767,1767,1414131.218862702,4922003.283785652,-9999.0
1768,1768,1415743.354322508,4922066.88918341,-0.867800307
1769,1769,1416209.074734362,4922066.111469482,-9999.0
1770,1770,1414229.194580254,4921996.230695496,-9999.0
1771,1771,1414898.976620628,4922016.26189849,-9999.0
1772,1772,1415101.306635343,4922022.298745754,-9999.0
1773,1773,1416429.550897918,4922061.182912941,-9999.0
1774,1774,1418069.02912323,4922113.929496033,-9999.0
1775,1775,1414211.553953528,4921985.335619037,-9999.0
1776,1776,1414790.1823599,4922006.867373652,-9999.0
1777,1777,1416154.755786031,4922047.851525647,-9999.0
1778,1778,1416828.429988293,4922094.735372573,-9999.0
1779,1779,1417941.197915398,4922096.345080665,-9999.0
1780,1780,1418718.623648398,4922118.745766887,-9999.0
1781,1781,1413487.658050451,4921957.820818749,-9999.0
1782,1782,1414978.856203975,4922002.511051578,-9999.0
1783,1783,1415021.170324872,4921999.552854123,-9999.0
1784,1784,1415096.886638574,4922002.513630199,-9999.0
1785,1785,1416598.542058163,4922062.240981073,-0.942659796
1786,1786,1416790.305938353,4922052.456746528,-9999.0
1787,1787,1413061.216445078,4921935.570985861,-9999.0
1788,1788,1413082.052195825,4921931.20443643,-9999.0
1789,1789,1413205.871353929,4921956.638711042,-0.423692353
1790,1790,1415000.537484776,4921988.948024658,-9999.0
1791,1791,1416119.587144236,4922033.687340367,-0.966012057
1792,1792,1416269.960845916,4922038.99653824,-9999.0
1793,1793,1416580.492132362,4922040.98597246,-9999.0
1794,1794,1417832.673553146,4922112.878850301,-0.497524897
1795,1795,1418049.42779599,4922079.166852754,-9999.0
1796,1796,1418339.465537559,4922088.048277081,-9999.0
1797,1797,1413232.701162718,4921926.336813043,-9999.0
1798,1798,1414838.915869203,4922012.434316481,-9999.0
1799,1799,1415255.987861762,4921986.952564301,-9999.0
1800,1800,1416243.962110815,4922016.463968193,-9999.0
1801,1801,1416489.546658411,4922135.04119827,-0.964775506
1802,1802,1418430.100569421,4922080.479971483,-9999.0
1803,1803,1418804.233804722,4922152.892200091,-9999.0
1804,1804,1413138.796744492,4921933.581063692,-0.024303079
1805,1805,1413173.202457664,4921918.967510181,0.066789438
1806,1806,1413480.182146315,4921923.420000226,-9999.0
1807,1807,1414000.454006037,4921939.426444798,-9999.0
1808,1808,1416185.655096723,4922008.273215408,-0.940922468
1809,1809,1417854.66662423,4922058.260280603,-9999.0
1810,1810,1418350.017925631,4922068.002372469,-9999.0
1811,1811,1418842.38335568,4922082.784427902,-9999.0
1812,1812,1413815.221862897,4921933.284927793,-9999.0
1813,1813,1414991.463073027,4921959.086717874,-9999.0
1814,1814,1415029.628852939,4921959.848218417,-9999.0
1815,1815,1415202.806499966,4922113.124028435,-9999.0
1816,1816,1415153.538562712,4921964.210093881,-9999.0
1817,1817,1415280.051341653,4921971.53457529,-9999.0
1818,1818,1418800.813930164,4922071.580870859,-9999.0
1819,1819,1413039.27443323,4921902.443731183,-0.884139549
1820,1820,1414129.626478046,4921922.944225221,-9999.0
1821,1821,1416815.177815473,4922029.523981648,-9999.0
1822,1822,1413115.694941288,4921895.616686683,-0.702800041
1823,1823,1413786.860919866,4921905.584931984,-0.75292311
1824,1824,1415022.535002715,4921944.971386628,-9999.0
1825,1825,1415092.272093719,4921945.958938002,-9999.0
1826,1826,1419021.422292989,4922120.822551174,-0.751671808
1827,1827,1419121.751385004,4922068.382769858,-0.930721088
1828,1828,1419153.379965779,4922061.314300096,-0.848485714
1829,1829,1419170.402864291,4922062.477350287,-0.818770836
1830,1830,1413435.351409542,4921890.990750844,-9999.0
1831,1831,1415002.324188814,4921929.065851212,-9999.0
1832,1832,1416523.265901487,4921974.259623677,-9999.0
1833,1833,1417918.777165102,4922015.192870842,-0.865100028
1834,1834,1419112.318970112,4922050.127677581,-0.992333323
1835,1835,1419160.62663934,4922052.265148511,-0.855543473
1836,1836,1413602.543067913,4921899.007833628,-0.993999958
1837,1837,1413666.670381634,4921888.278137068,-0.906647443
1838,1838,1413771.717167645,4921882.61363787,-9999.0
1839,1839,1413877.620260148,4921891.900534309,-9999.0
1840,1840,1415120.774529415,4921926.83041245,-9999.0
1841,1841,1419135.538909563,4922044.561987693,-0.922282842
1842,1842,1413093.144042795,4921858.855324519,-0.572285735
1843,1843,1413160.693799572,4921875.730776277,-9999.0
1844,1844,1413441.369729954,4921862.845966858,-9999.0
1845,1845,1414003.438773833,4921883.878730505,-9999.0
1846,1846,1414439.048067268,4921892.785114883,-9999.0
1847,1847,1414515.792565719,4921895.081469223,-9999.0
1848,1848,1418302.934803087,4922006.689186667,-9999.0
1849,1849,1412966.126939524,4921850.561670601,-9999.0
1850,1850,1413610.884684215,4921858.224747716,-9999.0
1851,1851,1413986.778660026,4921903.759878677,-9999.0
1852,1852,1414032.994274163,4921874.320706886,-9999.0
1853,1853,1414070.827058211,4921898.119016243,-9999.0
1854,1854,1415100.892212329,4921902.038337481,-9999.0
1855,1855,1418994.078665765,4922016.710430725,-9999.0
1856,1856,1419014.863311055,4922022.31159389,-9999.0
1857,1857,1412863.185422386,4921820.420737863,-9999.0
1858,1858,1412909.362777816,4921828.431265944,-9999.0
1859,1859,1413075.474550382,4921839.037551204,-0.816499978
1860,1860,1413723.779237936,4921851.205487446,-9999.0
1861,1861,1414131.421625383,4921863.062062495,-9999.0
1862,1862,1414359.48734945,4921869.286160068,-9999.0
1863,1863,1414737.016278503,4921881.853638734,-9999.0
1864,1864,1414763.314912398,4921882.350002749,-9999.0
1865,1865,1415030.969496903,4921894.184213483,-9999.0
1866,1866,1415111.806420239,4921892.169708768,-9999.0
1867,1867,1418352.357036878,4921988.159401348,-9999.0
1868,1868,1413549.726304823,4921887.748419143,-9999.0
1869,1869,1413975.786802196,4921857.446055673,-9999.0
1870,1870,1416531.719321396,4921924.564239088,-9999.0
1871,1871,1417958.610701187,4921983.541612,-0.967000008
1872,1872,1413141.326119204,4921818.112699027,-0.706480956
1873,1873,1413612.751322848,4921827.890016152,-9999.0
1874,1874,1413632.915882208,4921828.580717406,-9999.0
1875,1875,1413654.611678084,4921829.148283761,-9999.0
1876,1876,1414142.98252368,4921843.807165992,-9999.0
1877,1877,1414239.26506413,4921845.752350415,-0.924000038
1878,1878,1414742.981077977,4921861.763928025,-9999.0
1879,1879,1415101.785102432,4921872.097247047,-9999.0
1880,1880,1415294.142624766,4921878.207869042,-9999.0
1881,1881,1415333.376784491,4921878.238109507,-0.887297859
1882,1882,1413623.148660135,4921818.359526488,-9999.0
1883,1883,1413678.834285842,4921824.299505108,-9999.0
1884,1884,1415155.160691242,4921889.266509657,-9999.0
1885,1885,1413926.073522487,4921836.968902734,-9999.0
1886,1886,1414055.874657483,4921820.839494301,-9999.0
1887,1887,1414094.743946224,4921822.382288547,-9999.0
1888,1888,1415115.035786113,4921851.258741916,-9999.0
1889,1889,1416515.661094679,4921894.498911356,-9999.0
1890,1890,1416543.567929609,4921895.324709643,-9999.0
1891,1891,1417983.91226135,4921937.193532811,-9999.0
1892,1892,1413899.695803009,4921806.541456848,-9999.0
1893,1893,1416944.537862281,4921896.4000644,-9999.0
1894,1894,1418904.983939982,4921959.169981279,-9999.0
1895,1895,1412975.239377203,4921768.152448195,-9999.0
1896,1896,1413915.995840451,4921795.724386381,-9999.0
1897,1897,1414066.469222768,4921801.978455992,-9999.0
1898,1898,1416526.223003709,4921879.245765748,-9999.0
1899,1899,1416766.298781304,4921911.542914084,-9999.0
1900,1900,1418915.886231792,4921944.505065375,-9999.0
1901,1901,1412996.470442349,4921758.803417186,-9999.0
1902,1902,1413777.877569783,4921810.897576589,-9999.0
1903,1903,1413883.602675488,4921786.232502832,-9999.0
1904,1904,1418926.642738269,4921934.830328451,-9999.0
1905,1905,1412959.278400067,4921755.617785516,-9999.0
1906,1906,1413061.206550711,4921765.190338206,-0.698924879
1907,1907,1413097.738991059,4921781.203357843,-0.762602508
1908,1908,1414036.141957369,4921780.290304572,-9999.0
1909,1909,1414053.735089783,4921780.613111742,-9999.0
1910,1910,1416240.770274746,4921850.813808517,-0.764659472
1911,1911,1418805.188904545,4921921.875273724,-9999.0
1912,1912,1412934.282692467,4921736.9485048,-9999.0
1913,1913,1413034.274078617,4921740.368496796,-0.624392172
1914,1914,1416185.249350676,4921834.389166278,-0.722679993
1915,1915,1417175.250899332,4921863.487444642,-0.35806525
1916,1916,1418745.681294616,4921909.769840468,-9999.0
1917,1917,1413021.614152364,4921774.076990386,-0.66623307
1918,1918,1413084.581456205,4921731.492107021,-0.88766666
1919,1919,1413366.983645867,4921740.204426568,-9999.0
1920,1920,1417152.76227087,4921870.244684534,-9999.0
1921,1921,1412896.85934519,4921716.422409841,-9999.0
1922,1922,1413906.241566119,4921765.366388679,-9999.0
1923,1923,1414020.629833731,4921757.577755092,-9999.0
1924,1924,1416116.074844978,4921812.359647698,-0.670729163
1925,1925,1416743.971492891,4921830.950405455,-9999.0
1926,1926,1419152.977672491,4921901.480718838,-0.937772159
1927,1927,1413479.288510993,4921734.865996758,-9999.0
1928,1928,1415516.684656283,4921784.154599671,-0.975695626
1929,1929,1418014.162664018,4921858.169738693,-9999.0
1930,1930,1419144.354178179,4921891.968671539,-0.94895455
1931,1931,1413426.917823166,4921712.501857506,-9999.0
1932,1932,1413604.635592011,4921721.606417091,-9999.0
1933,1933,1416737.584871723,4921810.783452668,-9999.0
1934,1934,1416755.523963027,4921811.690868878,-9999.0
1935,1935,1412708.320008033,4921676.774932769,-9999.0
1936,1936,1412968.352967406,4921687.625344592,-0.293749988
1937,1937,1413005.693413233,4921689.36038735,-9999.0
1938,1938,1412995.390394398,4921678.855323977,-0.940000057
1939,1939,1413341.826251239,4921690.030070456,-9999.0
1940,1940,1413477.120165064,4921693.949064775,-9999.0
1941,1941,1413556.760264802,4921707.853313737,-9999.0
1942,1942,1413999.555152114,4921730.023154252,-9999.0
1943,1943,1416953.595841823,4922003.283431118,-0.517615183
1944,1944,1419154.510744022,4921868.122106385,-0.594758099
1945,1945,1412950.343748944,4921667.506970869,0.061210514
1946,1946,1413006.307800602,4921668.990317082,-9999.0
1947,1947,1413287.349662357,4921682.376626755,-9999.0
1948,1948,1413398.225128873,4921715.762116972,-9999.0
1949,1949,1416411.81794151,4921771.708353927,-9999.0
1950,1950,1416789.505258135,4921825.336871819,-9999.0
1951,1951,1417044.987680781,4921794.115647672,-9999.0
1952,1952,1417108.228316053,4921791.760863827,-9999.0
1953,1953,1418095.575277178,4921820.255067424,-9999.0
1954,1954,1418116.494806017,4921821.216723746,-9999.0
1955,1955,1412936.691750441,4921657.105630087,-9999.0
1956,1956,1413509.043736165,4921678.819728074,-9999.0
1957,1957,1413618.560639688,4921683.708164599,-9999.0
1958,1958,1418106.301394506,4921811.657080349,-9999.0
1959,1959,1419118.031290494,4921995.833844636,-0.782958251
1960,1960,1419141.357319715,4921848.422738458,-0.293619042
1961,1961,1413333.250043739,4921663.526880181,-9999.0
1962,1962,1413499.024452764,4921663.391168919,-9999.0
1963,1963,1416836.280013323,4921767.975191251,-9999.0
1964,1964,1413439.452909088,4921652.4809286,-9999.0
1965,1965,1413466.905143422,4921657.527731026,-9999.0
1966,1966,1416038.710223345,4921730.528586937,-0.728189479
1967,1967,1416501.208352391,4921742.917594644,-9999.0
1968,1968,1416668.858802045,4921756.946200981,-9999.0
1969,1969,1416906.791873707,4921755.848203004,-9999.0
1970,1970,1412971.926031748,4921639.723740618,0.12504343
1971,1971,1413047.086969725,4921673.100004522,-0.98323598
1972,1972,1413418.369732562,4921646.07784582,-9999.0
1973,1973,1413558.354122671,4921646.068334946,-9999.0
1974,1974,1416537.280745037,4921745.627964684,-9999.0
1975,1975,1417154.946208512,4921792.903623546,-0.560682563
1976,1976,1417197.110173947,4921754.803143503,-9999.0
1977,1977,1419106.084316918,4921809.805286251,-0.178631569
1978,1978,1413349.358913668,4921629.790379955,-9999.0
1979,1979,1413429.39443813,4921631.412516349,-9999.0
1980,1980,1415997.443397692,4921709.325664917,-0.690873698
1981,1981,1417078.80362693,4921741.324691388,-9999.0
1982,1982,1418048.53983522,4921769.860006886,-9999.0
1983,1983,1413018.772986632,4921610.216565935,-9999.0
1984,1984,1417219.946959345,4921749.706203584,-0.721602902
1985,1985,1413377.865815439,4921610.669744363,-9999.0
1986,1986,1416731.783264289,4921745.693109433,-9999.0
1987,1987,1416898.003657945,4921716.009550625,-9999.0
1988,1988,1416950.887520876,4921757.035797714,-9999.0
1989,1989,1417900.153540024,4921741.089772359,-0.799000012
1990,1990,1417969.048169552,4921745.656404597,-0.516632662
1991,1991,1418986.972640077,4921781.764263666,-0.575593747
1992,1992,1416479.017076028,4921692.468012504,-9999.0
1993,1993,1416708.997051279,4921719.831745598,-9999.0
1994,1994,1417982.942132175,4921732.391070958,-9999.0
1995,1995,1413089.959557167,4921603.257971753,-0.808044831
1996,1996,1413438.702610168,4921599.718342171,-9999.0
1997,1997,1413394.91376758,4921577.136972535,-9999.0
1998,1998,1418011.429112938,4921708.45975921,-9999.0
1999,1999,1418154.944036011,4921713.048033103,-9999.0
2000,2000,1418194.561964224,4921716.92814621,-9999.0
2001,2001,1413027.083056194,4921559.128837671,-9999.0
2002,2002,1414360.054290781,4921590.588306897,-9999.0
2003,2003,1417200.837700847,4921699.052781904,-0.898400033
2004,2004,1416111.509220361,4921631.548106802,-0.995999992
2005,2005,1416790.409453617,4921660.648408777,-9999.0
2006,2006,1418602.610365938,4921713.371608596,-9999.0
2007,2007,1412938.772241432,4921560.234117478,0.170714259
2008,2008,1413417.561416812,4921555.662616417,-9999.0
2009,2009,1416328.233446006,4921639.185329989,-9999.0
2010,2010,1417219.709011176,4921660.180334552,-9999.0
2011,2011,1417833.471505555,4921669.629706052,-0.675000007
2012,2012,1417869.789055426,4921674.710644936,-9999.0
2013,2013,1417991.37875388,4921677.904237172,-9999.0
2014,2014,1418012.320026256,4921678.10928363,-9999.0
2015,2015,1412889.365660303,4921625.281125283,-0.486897466
2016,2016,1415366.805469084,4921596.791626763,-0.900944065
2017,2017,1417824.384815706,4921660.419913236,-0.748365835
2018,2018,1418142.162158006,4921672.71726509,-9999.0
2019,2019,1412822.610243686,4921503.82056464,-9999.0
2020,2020,1413363.976462559,4921546.45809536,-9999.0
2021,2021,1415892.070088089,4921595.93935226,-0.810895834
2022,2022,1417293.851643863,4921639.050620946,-9999.0
2023,2023,1413441.925404508,4921520.764832787,-9999.0
2024,2024,1416042.856181416,4921590.803417277,-9999.0
2025,2025,1412830.18927287,4921484.070472063,-0.788500041
2026,2026,1412877.578707024,4921509.136092868,0.152085681
2027,2027,1417848.314620497,4921646.579674862,-0.938545244
2028,2028,1416861.94275929,4921602.827417174,-9999.0
2029,2029,1418111.441922967,4921631.483011669,-9999.0
2030,2030,1418767.225515137,4921655.477721329,-0.920733341
2031,2031,1412872.498447654,4921465.573653888,-9999.0
2032,2032,1413445.805222435,4921483.382310865,-9999.0
2033,2033,1415830.468506839,4921554.152965456,-0.854938786
2034,2034,1416060.696499511,4921571.677733909,-9999.0
2035,2035,1416479.420253635,4921573.192594664,-9999.0
2036,2036,1418069.876626156,4921620.274430269,-9999.0
2037,2037,1418780.21966827,4921643.013148473,-0.395866664
2038,2038,1412848.62755675,4921466.979086352,0.564526271
2039,2039,1415010.739175169,4921524.856324239,-0.924144704
2040,2040,1416113.804125868,4921552.951612286,-9999.0
2041,2041,1412747.528008562,4921446.611115301,-9999.0
2042,2042,1413494.005738366,4921463.914040165,-9999.0
2043,2043,1413693.315923919,4921470.693930758,-9999.0
2044,2044,1415507.417551386,4921643.518979152,-0.952435987
2045,2045,1417205.401944593,4921579.657220183,-9999.0
2046,2046,1417344.110732714,4921596.93817737,-9999.0
2047,2047,1418754.293996813,4921620.138510644,0.476771438
2048,2048,1412807.368558865,4921463.78681875,0.064461491
2049,2049,1417873.524884488,4921604.87919037,-0.911290195
2050,2050,1413549.460599451,4921445.073304495,-0.674478577
2051,2051,1414652.950246648,4921479.103163244,-1.0
2052,2052,1416059.289382003,4921530.824983798,-9999.0
2053,2053,1416088.833549896,4921520.926501377,-9999.0
2054,2054,1416752.074810195,4921545.7269459,-9999.0
2055,2055,1418104.547577593,4921582.002466794,-9999.0
2056,2056,1418133.834903803,4921582.195127135,-9999.0
2057,2057,1418154.763823275,4921582.809052826,-9999.0
2058,2058,1418706.66477029,4921611.610943986,0.197348818
2059,2059,1413633.077820016,4921487.706438523,-0.920753913
2060,2060,1416025.989015742,4921508.757270672,-9999.0
2061,2061,1412789.992271044,4921410.927168465,-0.353153898
2062,2062,1414320.564240899,4921451.363192263,-9999.0
2063,2063,1417053.096599336,4921530.418651694,-9999.0
2064,2064,1418155.619031234,4921563.571496711,-9999.0
2065,2065,1412784.067349807,4921392.772632403,-0.337600052
2066,2066,1413244.349205744,4921406.860793957,-9999.0
2067,2067,1412821.379379596,4921408.3341033,0.047642819
2068,2068,1416152.467717585,4921741.297921167,-0.889565113
2069,2069,1417164.854420452,4921517.958169291,-9999.0
2070,2070,1417184.582842316,4921555.271313101,-9999.0
2071,2071,1418214.382128911,4921545.430772758,-9999.0
2072,2072,1418452.923587069,4921551.968981205,-9999.0
2073,2073,1418630.47195138,4921556.583795477,0.357941094
2074,2074,1413414.14668006,4921429.454716988,-0.896827159
2075,2075,1415923.828118351,4921467.023178322,-9999.0
2076,2076,1413253.533659411,4921384.955878158,-9999.0
2077,2077,1413518.570870422,4921385.67761071,-0.695829797
2078,2078,1416733.367806053,4921481.018740201,-9999.0
2079,2079,1416819.252712643,4921485.742201378,-9999.0
2080,2080,1418233.258937462,4921525.177245213,-9999.0
2081,2081,1418354.507025755,4921559.830592522,-9999.0
2082,2082,1418588.785996911,4921547.92274473,0.259086418
2083,2083,1412743.415666911,4921351.586949639,-9999.0
2084,2084,1412764.34431963,4921352.219100262,-0.597750045
2085,2085,1417975.431137315,4921507.623377362,-9999.0
2086,2086,1412789.585452325,4921358.68969212,-0.453846198
2087,2087,1418153.769038656,4921502.663305558,-9999.0
2088,2088,1418353.686980325,4921509.259140452,-9999.0
2089,2089,1418373.368524958,4921509.305788218,-9999.0
2090,2090,1413183.367425519,4921345.086823038,-9999.0
2091,2091,1412749.326132228,4921329.289173609,0.388483849
2092,2092,1412775.712918407,4921322.59405661,-0.200923124
2093,2093,1414506.152864741,4921375.19668871,-9999.0
2094,2094,1415293.696628687,4921398.796277965,-0.868305267
2095,2095,1416654.177995638,4921448.505048936,-9999.0
2096,2096,1416710.628846971,4921440.767280294,-9999.0
2097,2097,1415320.222866592,4921379.676398471,-0.89616177
2098,2098,1415824.909870434,4921393.608166294,-9999.0
2099,2099,1413735.232763153,4921325.956427324,-9999.0
2100,2100,1417211.058867007,4921425.728582676,-9999.0
2101,2101,1416715.090392497,4921400.565605836,-9999.0
2102,2102,1416751.85305821,4921405.041031851,-9999.0
2103,2103,1416955.676400076,4921550.781600506,-9999.0
2104,2104,1417226.126440076,4921415.448923272,-9999.0
2105,2105,1417255.146519641,4921421.607897419,-9999.0
2106,2106,1413008.079122019,4921270.252961826,-9999.0
2107,2107,1416638.955296661,4921377.926209966,-9999.0
2108,2108,1416656.590356207,4921379.234701573,-9999.0
2109,2109,1417210.698944099,4921400.010470091,-9999.0
2110,2110,1417298.393844999,4921398.183145934,-9999.0
2111,2111,1413027.121112182,4921292.903054524,-9999.0
2112,2112,1416639.242926269,4921358.366213902,-9999.0
2113,2113,1415718.824136764,4921321.607469247,-9999.0
2114,2114,1412768.296410816,4921257.405984646,-9999.0
2115,2115,1413828.474607605,4921254.611017147,-9999.0
2116,2116,1416186.684176165,4921314.99619076,-9999.0
2117,2117,1417131.472679087,4921343.738798015,-9999.0
2118,2118,1418442.270273013,4921903.566688221,-0.756425251
2119,2119,1415687.88629613,4921295.295232765,-9999.0
2120,2120,1415988.660020186,4921299.509250246,-9999.0
2121,2121,1416592.838282092,4921317.567025692,-9999.0
2122,2122,1413010.186524954,4921200.39040311,-9999.0
2123,2123,1413703.690033358,4921321.741252046,-0.967410515
2124,2124,1416068.979430413,4921281.537417436,-9999.0
2125,2125,1413010.788644237,4921180.429670879,-9999.0
2126,2126,1413718.358548285,4921206.145887865,-9999.0
2127,2127,1413739.285075141,4921201.984879178,-9999.0
2128,2128,1417117.743027578,4921311.866772807,-9999.0
2129,2129,1417175.073503944,4921317.333659942,-9999.0
2130,2130,1418185.892258577,4921345.207781506,-0.764693552
2131,2131,1412714.096335723,4921169.424448679,-9999.0
2132,2132,1413758.808028643,4921222.147001216,-9999.0
2133,2133,1413858.177065144,4921195.566786045,-9999.0
2134,2134,1416744.113744788,4921306.585886831,-9999.0
2135,2135,1416836.936840387,4921289.087534615,-9999.0
2136,2136,1413150.910644231,4921164.676029027,-9999.0
2137,2137,1415641.414796976,4921237.99723186,-9999.0
2138,2138,1416729.251178406,4921270.921125195,-0.420734425
2139,2139,1416890.04533896,4921276.2549398,-9999.0
2140,2140,1416994.685355862,4921279.34500542,-9999.0
2141,2141,1417333.770847717,4921289.499021637,-9999.0
2142,2142,1413129.478241622,4921158.762091856,-9999.0
2143,2143,1416558.483134543,4921256.085776983,-9999.0
2144,2144,1416648.529703875,4921329.669285083,-9999.0
2145,2145,1416636.620659415,4921262.605215523,-9999.0
2146,2146,1413011.346036593,4921149.896085007,-9999.0
2147,2147,1415622.196403648,4921222.994615483,-9999.0
2148,2148,1416859.036189993,4921254.983520508,-9999.0
2149,2149,1417221.78706647,4921265.690037395,-9999.0
2150,2150,1412697.618122707,4921130.206625464,-9999.0
2151,2151,1415921.270438468,4921217.595091699,-9999.0
2152,2152,1416986.647361714,4921252.332976165,-9999.0
2153,2153,1417108.074606766,4921267.760660643,-0.924000058
2154,2154,1417270.526137566,4921264.146791796,-9999.0
2155,2155,1413622.493254453,4921138.538122633,-9999.0
2156,2156,1413761.064391793,4921154.610901636,-9999.0
2157,2157,1415669.666960535,4921200.213800764,-9999.0
2158,2158,1417063.151801263,4921254.637254153,-9999.0
2159,2159,1412993.382810583,4921123.068787798,-9999.0
2160,2160,1415562.11686862,4921186.154057365,-9999.0
2161,2161,1415659.919295754,4921189.268139768,-9999.0
2162,2162,1415880.007528512,4921196.391266723,-9999.0
2163,2163,1416686.536609625,4921239.690836224,-9999.0
2164,2164,1416831.730260008,4921228.999154571,-0.412814294
2165,2165,1413141.766818662,4921103.676858218,-9999.0
2166,2166,1413850.308395544,4921125.78211092,-9999.0
2167,2167,1415075.418577548,4921160.962158729,-9999.0
2168,2168,1417094.569436518,4921221.77652448,-0.844944466
2169,2169,1415278.371779399,4921161.854486224,-9999.0
2170,2170,1415644.627877759,4921175.402579851,-9999.0
2171,2171,1416825.886698404,4921203.793805047,-0.031032786
2172,2172,1412933.079088578,4921077.813292054,-9999.0
2173,2173,1413860.874340546,4921105.743462878,-9999.0
2174,2174,1415692.547312251,4921160.852802651,-9999.0
2175,2175,1416576.688860939,4921192.090160217,-9999.0
2176,2176,1417333.932415356,4921208.12168134,-0.968937495
2177,2177,1417410.964004209,4921344.335220809,-0.936863234
2178,2178,1412661.30612988,4921060.885218325,-9999.0
2179,2179,1415430.750469906,4921142.696835904,-9999.0
2180,2180,1415451.678160083,4921143.319931231,-9999.0
2181,2181,1415618.008713541,4921163.798271155,-9999.0
2182,2182,1415811.080091349,4921176.634890784,-9999.0
2183,2183,1416549.995048116,4921174.572184269,-9999.0
2184,2184,1416832.905968917,4921184.28783149,-0.960619052
2185,2185,1416914.371082759,4921225.341155126,-0.337423063
2186,2186,1415092.570931682,4921132.413314775,-9999.0
2187,2187,1415483.864221492,4921134.6660688,-9999.0
2188,2188,1417539.012613884,4921195.653264144,-0.31264748
2189,2189,1415201.431629887,4921115.886036932,-9999.0
2190,2190,1415767.433609396,4921133.264198236,-9999.0
2191,2191,1416548.731739479,4921156.436036073,-9999.0
2192,2192,1416576.635247117,4921157.261778376,-9999.0
2193,2193,1412912.620664948,4921045.367454309,-9999.0
2194,2194,1415194.474852287,4921105.279672942,-9999.0
2195,2195,1415258.492186921,4921108.127681711,-9999.0
2196,2196,1417524.401454353,4921174.715100621,-0.301530617
2197,2197,1415153.76012599,4921122.378541749,-9999.0
2198,2198,1415324.310880448,4921099.946901469,-9999.0
2199,2199,1412893.031251571,4921016.667801234,-9999.0
2200,2200,1414724.685972832,4921072.063963956,-9999.0
2201,2201,1415122.308850655,4921083.936111992,-9999.0
2202,2202,1415282.753181733,4921088.719397244,-9999.0
2203,2203,1416482.5979618,4921124.3582519,-9999.0
2204,2204,1416932.042327595,4921137.27099646,1.351458329
2205,2205,1412639.647535552,4921009.379472197,-9999.0
2206,2206,1413825.102537454,4921035.120758134,-9999.0
2207,2207,1415096.013136579,4921078.646656386,-9999.0
2208,2208,1415194.902593546,4921079.955120823,-9999.0
2209,2209,1415384.604423492,4921101.079183013,-9999.0
2210,2210,1415383.714884672,4921080.951073968,-9999.0
2211,2211,1415629.103522119,4921089.194495113,-9999.0
2212,2212,1415656.620935361,4921097.192648301,-9999.0
2213,2213,1416599.039338006,4921107.979113487,-9999.0
2214,2214,1417514.542366739,4921146.721254162,-0.280587368
2215,2215,1417575.375735749,4921168.893159313,0.00462245
2216,2216,1413802.00520037,4921025.895414573,-9999.0
2217,2217,1414495.379326358,4921035.237826402,-9999.0
2218,2218,1415014.579461198,4921050.377086782,-9999.0
2219,2219,1414753.782405268,4921032.976437267,-9999.0
2220,2220,1417546.424185506,4921123.986293473,0.085857143
2221,2221,1414308.666822059,4921011.648583657,-9999.0
2222,2222,1415427.993182254,4921043.252519098,-9999.0
2223,2223,1416735.203689582,4921081.88622931,-9999.0
2224,2224,1416777.61221571,4921129.400820517,-0.491461572
2225,2225,1412794.187479855,4920954.123709405,-9999.0
2226,2226,1416488.608103412,4921064.754256055,-9999.0
2227,2227,1416555.841300703,4921077.549997088,-9999.0
2228,2228,1417517.963127808,4921101.900246184,0.014413669
2229,2229,1412604.206230586,4920941.691665055,-9999.0
2230,2230,1413823.515965433,4920993.363780555,-0.894363032
2231,2231,1414739.921642324,4921007.315817053,-9999.0
2232,2232,1416799.474925586,4921070.686276524,1.318262255
2233,2233,1413843.689297676,4920969.59694842,-9999.0
2234,2234,1416773.958056007,4921052.687417359,-9999.0
2235,2235,1412588.317228789,4920919.514933489,-9999.0
2236,2236,1414465.28325692,4920974.023973727,-9999.0
2237,2237,1415637.358752193,4921008.791517618,-9999.0
2238,2238,1416665.823995315,4921044.599559947,-9999.0
2239,2239,1413335.817501561,4920929.713880125,-9999.0
2240,2240,1413823.815238464,4920944.800517596,-9999.0
2241,2241,1415644.631330484,4920999.018618975,-9999.0
2242,2242,1412576.282785615,4920897.867195088,-9999.0
2243,2243,1413876.930195973,4920936.783499473,-9999.0
2244,2244,1413824.414787726,4920924.839773745,-9999.0
2245,2245,1415366.342657803,4920960.97258816,-9999.0
2246,2246,1415604.763041598,4920968.599963811,-9999.0
2247,2247,1416646.238912261,4921008.749468473,-9999.0
2248,2248,1416761.485609175,4921007.16290907,-9999.0
2249,2249,1413797.111618745,4920904.040864878,-9999.0
2250,2250,1413957.851824687,4920898.878220674,-9999.0
2251,2251,1416776.001405398,4920987.532122821,0.389327551
2252,2252,1414676.644211213,4920910.421888905,-9999.0
2253,2253,1415388.16151262,4920931.654788572,-9999.0
2254,2254,1412622.306465031,4920843.767329095,-9999.0
2255,2255,1416403.346357041,4920959.385564039,-9999.0
2256,2256,1416776.613225663,4920962.863997485,-9999.0
2257,2257,1415095.527136683,4920921.452507018,-9999.0
2258,2258,1416337.442916604,4920939.877367723,-9999.0
2259,2259,1416377.998724688,4920939.823790106,-9999.0
2260,2260,1416418.160253051,4920942.64577711,-9999.0
2261,2261,1412599.228813962,4920822.258183427,-9999.0
2262,2262,1413978.234157712,4920866.159572321,-9999.0
2263,2263,1414447.343796737,4920873.593791259,-9999.0
2264,2264,1415052.056802608,4920897.858114627,-9999.0
2265,2265,1413209.968622481,4920826.815214596,-9999.0
2266,2266,1414956.862412499,4920878.836758372,-9999.0
2267,2267,1414977.789256645,4920879.461479189,-9999.0
2268,2268,1416317.10752526,4920919.296485232,-9999.0
2269,2269,1416358.961228854,4920920.536660783,-9999.0
2270,2270,1412565.127675802,4920808.927683122,-9999.0
2271,2271,1416799.11675918,4920938.297886355,-0.962000072
2272,2272,1412819.131681503,4920799.767073709,-9999.0
2273,2273,1413199.91029897,4920796.166570845,-9999.0
2274,2274,1416279.930742931,4920894.598302101,-9999.0
2275,2275,1414941.410689898,4920828.806268503,-9999.0
2276,2276,1416409.268647006,4920872.081273084,-9999.0
2277,2277,1414622.526255157,4920807.655361166,-9999.0
2278,2278,1414669.662329554,4920810.697344666,-9999.0
2279,2279,1414725.466706854,4920812.365713496,-9999.0
2280,2280,1414847.968327685,4920856.717547776,-9999.0
2281,2281,1415063.285908649,4920826.867240817,-9999.0
2282,2282,1413110.431547835,4920753.511395708,-9999.0
2283,2283,1413145.696855526,4920754.369780009,-9999.0
2284,2284,1413961.446611628,4920779.113737672,-9999.0
2285,2285,1416499.370224711,4920950.659051426,-9999.0
2286,2286,1414579.051239588,4920791.936748863,-9999.0
2287,2287,1416330.730160844,4920830.175065345,-9999.0
2288,2288,1416351.656710313,4920830.795150904,-9999.0
2289,2289,1416446.575526897,4920833.759676205,-9999.0
2290,2290,1416470.24049284,4920834.307633013,-9999.0
2291,2291,1414311.120353889,4920759.631578301,-9999.0
2292,2292,1414552.272501569,4920767.228886482,-9999.0
2293,2293,1414792.429956177,4920774.032682088,-9999.0
2294,2294,1412469.890516056,4920694.205859173,-9999.0
2295,2295,1413132.107657529,4920718.427983712,-9999.0
2296,2296,1413980.580930113,4920740.107779886,-9999.0
2297,2297,1414321.688165545,4920749.171920266,-9999.0
2298,2298,1415226.455339997,4920777.527697059,-9999.0
2299,2299,1416449.905062835,4920813.727185478,-9999.0
2300,2300,1413157.118990235,4920724.339061901,-9999.0
2301,2301,1412551.209534813,4920677.064003963,-9999.0
2302,2302,1413133.163592849,4920694.260129333,-9999.0
2303,2303,1416586.024117526,4920802.191008266,-9999.0
2304,2304,1416523.8357142,4920780.372149589,-0.703523857
2305,2305,1416803.920348679,4920818.939292097,-0.926208345
2306,2306,1416831.176635534,4920775.2073094,-0.867199997
2307,2307,1413901.663523614,4920677.425288429,-9999.0
2308,2308,1413943.516053093,4920678.681825222,-9999.0
2309,2309,1416397.536168598,4920756.263544353,-9999.0
2310,2310,1416480.867292159,4920759.377860412,-0.778400052
2311,2311,1416435.409097643,4920738.922822248,-9999.0
2312,2312,1412584.214488289,4920607.758430872,-9999.0
2313,2313,1414004.591487817,4920665.117017861,-9999.0
2314,2314,1414024.437447587,4920650.355510294,-9999.0
2315,2315,1414648.958108745,4921392.621680273,-0.908831454
2316,2316,1416832.638569972,4920742.964779432,-0.511154932
2317,2317,1414084.222018862,4920642.946732748,-9999.0
2318,2318,1414395.123639261,4920652.642310071,-9999.0
2319,2319,1416407.026815387,4920716.978362862,-0.709375047
2320,2320,1416815.234446003,4920724.062254137,-0.095442852
2321,2321,1414107.189797361,4920647.570954884,-9999.0
2322,2322,1414405.687103745,4920632.602792389,-9999.0
2323,2323,1416353.787019822,4920696.136282542,-9999.0
2324,2324,1416372.889120821,4920690.99418845,-0.911333362
2325,2325,1414235.587375849,4920617.894592284,-9999.0
2326,2326,1414348.229075345,4920623.249804587,-9999.0
2327,2327,1412376.615147779,4920551.324805172,-9999.0
2328,2328,1413945.912921207,4920598.838816181,-9999.0
2329,2329,1415355.590218673,4920640.791886394,-9999.0
2330,2330,1416334.968286613,4920674.88684483,-9999.0
2331,2331,1414327.901026034,4920602.662177823,-9999.0
2332,2332,1414406.58370753,4920602.661658914,-9999.0
2333,2333,1414454.957742031,4920608.33080944,-9999.0
2334,2334,1415365.831567739,4920631.455683827,-9999.0
2335,2335,1416195.905434253,4920655.780553038,-9999.0
2336,2336,1416276.260917761,4920658.367957411,-0.263400032
2337,2337,1415596.676796583,4920645.472396369,-9999.0
2338,2338,1413788.625215449,4920570.435779764,-9999.0
2339,2339,1416311.589886239,4920639.231971948,2.133794259
2340,2340,1415534.486822029,4920606.744191756,-9999.0
2341,2341,1415785.670684179,4920612.966606023,-9999.0
2342,2342,1412367.203609923,4920507.836500109,-9999.0
2343,2343,1413691.217959878,4920529.877766056,-9999.0
2344,2344,1414390.631829339,4920547.346687714,-9999.0
2345,2345,1414746.370081491,4920557.990368911,-9999.0
2346,2346,1414772.336764573,4920554.197815462,-9999.0
2347,2347,1412337.029749381,4920475.20486794,-9999.0
2348,2348,1413828.348846411,4920511.265401524,-9999.0
2349,2349,1413955.584663481,4920509.224816021,-9999.0
2350,2350,1413997.436046477,4920510.481020797,-9999.0
2351,2351,1415305.789382913,4920549.986863036,-9999.0
2352,2352,1416038.188964023,4920571.76985489,-9999.0
2353,2353,1416125.033360029,4920573.764982997,1.11316218
2354,2354,1412316.859631448,4920449.620252185,-9999.0
2355,2355,1412525.602758283,4920456.455090963,-9999.0
2356,2356,1415456.324155338,4920523.193008381,1.286647062
2357,2357,1415948.40009046,4920539.136462729,-9999.0
2358,2358,1416048.384906683,4921138.064285672,0.1923437
2359,2359,1416018.152099956,4920541.207535466,-9999.0
2360,2360,1416098.410882131,4920570.477312773,0.474358928
2361,2361,1412568.721431433,4920427.478878375,-9999.0
2362,2362,1414940.286781573,4920503.539154493,-9999.0
2363,2363,1415606.5662186,4920518.404116118,-9999.0
2364,2364,1415416.464118361,4920503.456483817,-0.396161303
2365,2365,1415708.148614065,4920501.65209458,-9999.0
2366,2366,1415772.171801741,4920504.085618905,-9999.0
2367,2367,1416049.931777117,4920511.806152816,-9999.0
2368,2368,1415320.464812798,4920512.741782209,-9999.0
2369,2369,1415650.177679338,4920496.084408459,-9999.0
2370,2370,1415674.017865917,4920480.453778192,-9999.0
2371,2371,1415792.595307091,4920483.97941704,-9999.0
2372,2372,1416029.598809544,4920491.224249438,-9999.0
2373,2373,1416078.151599109,4920492.491004526,-0.154272727
2374,2374,1414097.783698962,4920423.587655717,-9999.0
2375,2375,1414910.537804298,4920447.70970729,-9999.0
2376,2376,1415281.687592416,4920479.760695881,-9999.0
2377,2377,1415437.888704819,4920552.370815224,-0.846737874
2378,2378,1415775.454125379,4920473.48070525,0.138256389
2379,2379,1413679.122268511,4920405.24624904,-9999.0
2380,2380,1414746.629112052,4920440.149081321,-9999.0
2381,2381,1415730.412515945,4920462.152425596,-9999.0
2382,2382,1412588.769308744,4920358.535856719,-9999.0
2383,2383,1412647.560490009,4920359.936281279,-9999.0
2384,2384,1414161.158428549,4920405.50968117,-9999.0
2385,2385,1415291.125957349,4920439.290941509,-9999.0
2386,2386,1412167.051027426,4920334.259890112,-0.605017861
2387,2387,1412609.996406347,4920349.188249684,-9999.0
2388,2388,1414110.792743132,4920399.275295828,-0.961333334
2389,2389,1414747.935564923,4920413.777622514,-9999.0
2390,2390,1415951.067647832,4920449.313005273,-9999.0
2391,2391,1415410.297356061,4920422.863163986,-9999.0
2392,2392,1415431.222617104,4920423.486396758,-9999.0
2393,2393,1415884.69742056,4920446.210626514,-9999.0
2394,2394,1416052.008686608,4920446.733287318,-9999.0
2395,2395,1412149.677875454,4920318.809903802,-0.674981065
2396,2396,1415319.918642784,4920410.181288014,-9999.0
2397,2397,1415490.828881409,4920434.274986009,-0.95225003
2398,2398,1412139.739609582,4920304.400175906,-0.771400008
2399,2399,1413890.479607343,4920357.224522779,2.077599993
2400,2400,1415508.554988035,4920405.400859078,-9999.0
2401,2401,1416035.163480087,4920426.254915213,-9999.0
2402,2402,1414174.956191356,4920362.10821624,-9999.0
2403,2403,1415931.328076693,4920408.769990878,-9999.0
2404,2404,1415962.878406171,4920409.124954164,-9999.0
2405,2405,1412121.618743163,4920296.545995742,-0.821867369
2406,2406,1412188.262579983,4920315.860484065,0.583105248
2407,2407,1415991.702352591,4920437.047011161,-9999.0
2408,2408,1413260.128351167,4920308.641862032,-9999.0
2409,2409,1414935.24874904,4920432.680679529,-9999.0
2410,2410,1414210.141439607,4920340.378656418,-0.804518486
2411,2411,1414753.439028553,4920343.704896125,-9999.0
2412,2412,1415920.513212624,4920389.245957252,-9999.0
2413,2413,1414238.586522823,4920324.95391976,-9999.0
2414,2414,1414779.052696759,4920338.311718527,-9999.0
2415,2415,1415513.303657176,4920369.253561391,-0.995500013
2416,2416,1415872.371632331,4920366.479779818,-0.927229161
2417,2417,1412552.473347646,4920261.386671249,-9999.0
2418,2418,1412584.994918508,4920297.16159521,-9999.0
2419,2419,1415472.460378885,4920345.177738211,-9999.0
2420,2420,1415492.890832588,4920350.198610675,-9999.0
2421,2421,1412613.014269729,4920249.384485811,-9999.0
2422,2422,1415433.89776311,4920333.662940021,-9999.0
2423,2423,1415552.472523996,4920337.193253464,-0.492020411
2424,2424,1415891.709972709,4920347.075922662,-0.860499997
2425,2425,1415473.054734505,4920325.216968674,-9999.0
2426,2426,1416032.996335625,4920372.448230999,-9999.0
2427,2427,1416081.080743351,4920398.441572505,-0.968799451
2428,2428,1412572.404118893,4920230.87309735,-9999.0
2429,2429,1413812.66523048,4920274.97207574,-0.743534894
2430,2430,1415995.59001426,4920329.038196212,-0.983532601
2431,2431,1416037.631993341,4920330.848920288,-0.984972992
2432,2432,1414898.964790903,4920288.27036151,-9999.0
2433,2433,1415511.734164774,4920317.923014046,-9999.0
2434,2434,1416190.901792135,4920331.449244948,-0.15733333
2435,2435,1414276.250794536,4920284.649343291,-9999.0
2436,2436,1414395.856059045,4920281.305296999,-9999.0
2437,2437,1414423.720444667,4920263.537606652,-9999.0
2438,2438,1415473.142824231,4920299.973363176,-9999.0
2439,2439,1415961.84618907,4920309.202422434,-0.711928556
2440,2440,1414302.455380714,4920250.29286486,-9999.0
2441,2441,1416007.479629981,4920300.568273067,-0.568957136
2442,2442,1416038.877136469,4920301.15246049,-0.567690715
2443,2443,1416172.269169123,4920308.905448611,0.025375438
2444,2444,1413562.767317194,4920227.501323528,-9999.0
2445,2445,1413643.127632222,4920220.133906496,-9999.0
2446,2446,1415560.248287248,4920278.091382317,-0.414666674
2447,2447,1413793.120395627,4920214.718991241,1.73946456
2448,2448,1415474.343261434,4920269.732498412,-9999.0
2449,2449,1415554.65111558,4920267.73287739,-0.562514273
2450,2450,1416133.6012843,4920294.966162749,-0.289699116
2451,2451,1413763.141069356,4920210.781588929,-9999.0
2452,2452,1414350.649887644,4920236.126762912,-9999.0
2453,2453,1416101.730492989,4920273.398350613,-0.42007759
2454,2454,1414404.2901672,4920213.009042106,-9999.0
2455,2455,1414303.45534917,4920204.788724376,0.114254993
2456,2456,1415433.880114439,4920234.147227936,-9999.0
2457,2457,1415454.458779473,4920234.178042422,-9999.0
2458,2458,1414394.922991831,4920193.127017423,-9999.0
2459,2459,1414425.359337113,4920197.882107005,-9999.0
2460,2460,1413526.356035766,4920156.68470184,-9999.0
2461,2461,1414339.240636998,4920188.135681135,-0.864857103
2462,2462,1415514.188042356,4920216.182891934,-0.667079996
2463,2463,1414363.788221552,4920171.633674437,-9999.0
2464,2464,1414404.222500768,4920169.73177701,-9999.0
2465,2465,1413534.231833579,4920126.953439592,-9999.0
2466,2466,1413727.048738146,4920165.453894285,0.535349988
2467,2467,1412794.768908113,4920092.808734288,-0.960481028
2468,2468,1414406.832892172,4920132.965650948,-9999.0
2469,2469,1415413.066205313,4920198.228231806,-0.968921093
2470,2470,1412081.285738445,4920059.065010886,-9999.0
2471,2471,1412244.7987521,4920058.050446139,-9999.0
2472,2472,1413297.990282657,4920089.871914203,-9999.0
2473,2473,1415436.258127826,4920154.304136059,0.167958353
2474,2474,1412687.730592534,4920061.927420589,-0.994249985
2475,2475,1415226.508584667,4920142.785676799,-9999.0
2476,2476,1414503.308747295,4920114.277779188,-9999.0
2477,2477,1412064.274538555,4920027.048781352,-9999.0
2478,2478,1413573.169077589,4920153.313967797,-9999.0
2479,2479,1415202.703396725,4920131.777656501,-9999.0
2480,2480,1415227.571831426,4920117.187385567,-9999.0
2481,2481,1415373.570761855,4920137.221627122,-0.86703226
2482,2482,1414563.904947821,4920095.646968237,-9999.0
2483,2483,1415217.396952376,4920107.24265981,-0.388699978
2484,2484,1415248.772908334,4920108.526125896,-9999.0
2485,2485,1412103.900277315,4920002.96044144,-9999.0
2486,2486,1413459.912430167,4920044.801255779,-9999.0
2487,2487,1413529.95027873,4920046.909247367,-9999.0
2488,2488,1413428.6323828,4920033.083175946,-9999.0
2489,2489,1413517.342687949,4920035.428312077,-9999.0
2490,2490,1413635.150277902,4920040.773988781,-9999.0
2491,2491,1414583.143821058,4920073.313063403,-9999.0
2492,2492,1415252.865750056,4920088.321695468,0.476999949
2493,2493,1413490.375271644,4920074.016566133,-9999.0
2494,2494,1415295.520102294,4920079.603995035,-0.620434801
2495,2495,1413207.307981353,4920012.395012855,-9999.0
2496,2496,1413478.05619801,4920014.592214818,-9999.0
2497,2497,1414626.283730228,4920053.638770508,-9999.0
2498,2498,1413600.607785021,4920009.077430753,-9999.0
2499,2499,1414664.547121991,4920035.791036486,-9999.0
2500,2500,1415055.277873019,4920042.470528213,-9999.0
2501,2501,1412066.763777596,4919958.679546664,-9999.0
2502,2502,1413569.554112858,4919988.62613433,-9999.0
2503,2503,1413595.479983326,4919989.474378561,-9999.0
2504,2504,1413559.672899893,4919977.467947715,-9999.0
2505,2505,1413628.458901246,4919991.854878245,-9999.0
2506,2506,1414702.020255534,4920019.929881819,-9999.0
2507,2507,1414990.123046505,4920020.547021922,-9999.0
2508,2508,1415053.824994782,4920022.642244638,1.567201595
2509,2509,1412060.057895341,4919922.381011089,-9999.0
2510,2510,1412203.896433805,4919938.529471832,-9999.0
2511,2511,1412290.646213453,4919932.115095013,-9999.0
2512,2512,1412746.460723195,4920016.062946729,-0.938274457
2513,2513,1414750.104344915,4919999.391051617,-9999.0
2514,2514,1414823.11771212,4919985.590588463,-9999.0
2515,2515,1414927.33214183,4919995.591238019,0.229721278
2516,2516,1412072.282109239,4919893.365157125,-9999.0
2517,2517,1413540.238276543,4919927.345783912,-9999.0
2518,2518,1414818.655831089,4919965.478647593,-9999.0
2519,2519,1412257.738270177,4919911.936207893,-9999.0
2520,2520,1412209.504149237,4919870.216745188,-9999.0
2521,2521,1412286.663526061,4919870.047584278,-9999.0
2522,2522,1413203.3705634,4919887.608535323,-9999.0
2523,2523,1413630.686063968,4919915.690810272,-9999.0
2524,2524,1412028.33663353,4919855.124439636,-9999.0
2525,2525,1412071.330726804,4919857.005248928,-9999.0
2526,2526,1412143.540992713,4919845.578173344,-9999.0
2527,2527,1412443.446284321,4919854.6633626,-9999.0
2528,2528,1414095.477114866,4920540.259235962,-0.326838312
2529,2529,1412148.38254602,4919825.898678797,-9999.0
2530,2530,1412353.381731703,4919831.957447154,-9999.0
2531,2531,1413483.254030906,4919866.071406585,-9999.0
2532,2532,1413573.418218225,4919863.516966343,-9999.0
2533,2533,1413483.854880398,4919846.110636925,-9999.0
2534,2534,1412082.283546602,4919793.772878293,-9999.0
2535,2535,1412103.207001727,4919794.407412212,-9999.0
2536,2536,1412284.543617867,4919799.903743072,-9999.0
2537,2537,1413528.153465841,4919855.403317844,-9999.0
2538,2538,1412325.726490321,4919791.584437687,-9999.0
2539,2539,1412225.368271157,4919777.754414239,-9999.0
2540,2540,1412884.596010035,4919797.840411255,-9999.0
2541,2541,1413515.946962123,4919816.3213745,-9999.0
2542,2542,1413690.007072656,4919826.757121539,-0.104128202
2543,2543,1412016.387575477,4919777.283933643,-9999.0
2544,2544,1412494.986280829,4919766.317530602,-0.94489745
2545,2545,1413495.322723032,4919800.921344108,-9999.0
2546,2546,1413443.810851368,4919784.968524039,-9999.0
2547,2547,1413464.882634606,4919804.608416473,-9999.0
2548,2548,1413495.922290747,4919776.170676691,-9999.0
2549,2549,1413547.7873334,4919809.699447107,-9999.0
2550,2550,1412495.086669683,4919741.073609754,-0.944550625
2551,2551,1412694.339292961,4919741.068124191,-9999.0
2552,2552,1412934.775995652,4919744.374407656,-9999.0
2553,2553,1413581.31118811,4919773.215914056,-9999.0
2554,2554,1412185.639183475,4919706.623422,-9999.0
2555,2555,1413446.390048458,4919754.70174686,-9999.0
2556,2556,1412057.412942849,4919693.122904793,-9999.0
2557,2557,1412897.327758052,4919718.165923448,-9999.0
2558,2558,1412485.940225767,4919705.888671174,-0.96753787
2559,2559,1412655.723652948,4919730.269040028,-9999.0
2560,2560,1413685.889898526,4919743.906335372,-9999.0
2561,2561,1412465.672267953,4919684.932087848,-0.967303528
2562,2562,1412486.746811633,4919685.36505733,-9999.0
2563,2563,1412095.728089008,4919668.159960031,-9999.0
2564,2564,1412455.932570494,4919673.981134633,-0.912499991
2565,2565,1413427.290351247,4919713.286612554,-9999.0
2566,2566,1413486.206669723,4919720.472501062,-9999.0
2567,2567,1411978.380929614,4919640.189036374,-9999.0
2568,2568,1412428.219768767,4919653.829802696,-0.967625007
2569,2569,1413457.383514666,4919674.706476243,-9999.0
2570,2570,1412252.997556929,4919632.137228698,-9999.0
2571,2571,1412457.066872228,4919635.306046157,-0.977804358
2572,2572,1412408.548987918,4919623.847725742,-0.921568208
2573,2573,1412433.708087828,4919624.762249894,-0.850028769
2574,2574,1413728.239660565,4919666.94558242,-0.824861121
2575,2575,1413408.427156497,4919651.80316391,-9999.0
2576,2576,1413711.886325581,4919683.643225281,-0.980000049
2577,2577,1412070.09248782,4919605.32879986,-9999.0
2578,2578,1412408.690156078,4919593.967945467,-0.904270829
2579,2579,1413560.206862377,4919628.64117253,-9999.0
2580,2580,1412054.145738623,4919571.900301748,-9999.0
2581,2581,1413437.506894483,4919618.801911901,-9999.0
2582,2582,1413711.815539421,4919629.861863422,-0.846951889
2583,2583,1412444.763199552,4919581.145583428,-0.999000013
2584,2584,1413438.561832915,4919594.634006319,-9999.0
2585,2585,1413557.124818133,4919602.992799037,-9999.0
2586,2586,1413578.04618055,4919598.832481951,-9999.0
2587,2587,1413700.246439671,4919602.303260649,-0.919841259
2588,2588,1412044.463395239,4919546.203410091,-9999.0
2589,2589,1412366.383262692,4919542.807449537,-0.93514287
2590,2590,1412391.684594339,4919560.204554337,-0.898894865
2591,2591,1413454.658077995,4919565.68038692,-9999.0
2592,2592,1413481.308502056,4919565.952713969,-9999.0
2593,2593,1412372.532333138,4919514.439580335,-0.896983806
2594,2594,1413579.721021648,4919548.002497559,1.695068161
2595,2595,1413510.397060853,4919536.860052017,-9999.0
2596,2596,1411711.603382311,4919473.658487398,-0.406352942
2597,2597,1412235.923625034,4919556.787868057,-9999.0
2598,2598,1411840.858784104,4919456.207755951,-0.319971429
2599,2599,1412370.431247008,4919477.572052865,-9999.0
2600,2600,1413536.434425556,4919555.303572319,-0.830346651
2601,2601,1413292.495684379,4919479.478598536,-0.931725006
2602,2602,1413023.723216479,4919462.255064152,-9999.0
2603,2603,1412902.776735989,4919439.002011944,-9999.0
2604,2604,1411820.032678701,4919421.065745236,-0.444280885
2605,2605,1412003.426064373,4919401.787456229,-9999.0
2606,2606,1412313.564611548,4919410.813502283,-0.948448983
2607,2607,1412731.716832391,4919423.467072219,-9999.0
2608,2608,1412763.597179582,4919424.807838941,-9999.0
2609,2609,1412934.265556213,4919419.596687702,-9999.0
2610,2610,1413014.83816394,4919426.282314105,-9999.0
2611,2611,1412026.013281887,4919386.573608465,-9999.0
2612,2612,1413557.423456202,4919440.661933891,-0.760452833
2613,2613,1412300.017569958,4919391.675809452,-0.963805129
2614,2614,1412652.270384278,4919400.881260009,-9999.0
2615,2615,1413473.923448959,4919488.662920374,-9999.0
2616,2616,1412283.671653142,4919369.078153322,-0.989200008
2617,2617,1413279.754893767,4919416.93642894,-0.930521021
2618,2618,1412042.345338581,4919356.864106419,-9999.0
2619,2619,1413000.404845394,4919383.820624963,-9999.0
2620,2620,1413535.424407615,4919408.27788902,-0.820060598
2621,2621,1412052.144480944,4919342.746097703,-9999.0
2622,2622,1412278.77982805,4919346.316996583,-9999.0
2623,2623,1412682.907554107,4919386.825752312,-9999.0
2624,2624,1412654.426870458,4919341.591440849,-9999.0
2625,2625,1413013.389784542,4919342.069430307,-9999.0
2626,2626,1412255.966132033,4919318.974210477,-9999.0
2627,2627,1413520.79021194,4919358.23750214,0.747343717
2628,2628,1412675.75753954,4919316.680611632,-9999.0
2629,2629,1412252.085418331,4919282.159477701,-9999.0
2630,2630,1412696.973820182,4919297.651965,-9999.0
2631,2631,1412726.278327981,4919273.837255396,-9999.0
2632,2632,1411772.641916155,4919413.246630616,-0.493400649
2633,2633,1412731.61314202,4919256.737860217,-9999.0
2634,2634,1413545.813462403,4919282.988865147,-0.641454555
2635,2635,1411837.824356805,4919206.5806412,-9999.0
2636,2636,1412178.89378181,4919218.849164266,-0.963054016
2637,2637,1412196.674368164,4919232.24916547,-0.743138935
2638,2638,1412161.229488703,4919183.031436339,-9999.0
2639,2639,1412428.013322063,4919189.619062888,-0.873010632
2640,2640,1412418.465658901,4919164.252063509,-0.816020836
2641,2641,1412241.444807573,4919144.12939461,-0.909783068
2642,2642,1413141.34966294,4919166.496939939,-9999.0
2643,2643,1413560.398937063,4919201.100893754,-0.784751603
2644,2644,1411799.279516872,4919116.192750813,-9999.0
2645,2645,1412290.207317634,4919140.18312424,-0.87735322
2646,2646,1413388.72110039,4919163.58686682,-9999.0
2647,2647,1412301.424213409,4919120.33901648,-0.807583347
2648,2648,1413389.473838518,4919143.425781437,-9999.0
2649,2649,1412099.488810078,4919094.647826537,-9999.0
2650,2650,1413390.224321129,4919113.684897758,-9999.0
2651,2651,1413564.567518839,4919123.724139625,-0.690878282
2652,2652,1411878.485841622,4919058.501673389,-9999.0
2653,2653,1412725.234185982,4919105.550173009,-0.955876412
2654,2654,1413544.848063523,4919083.172896615,-0.811048376
2655,2655,1412660.123150165,4919048.038697747,-0.966166698
2656,2656,1411610.412932199,4918994.787121844,-9999.0
2657,2657,1411851.520766928,4919006.999847988,-9999.0
2658,2658,1412004.583116981,4919011.442030431,-9999.0
2659,2659,1412824.591838505,4919021.185089823,-0.933399975
2660,2660,1411547.48519303,4918967.285195205,-0.200000003
2661,2661,1412172.554552259,4918986.978392608,-0.631250028
2662,2662,1413392.476228867,4919028.068474862,-9999.0
2663,2663,1412389.979980962,4918989.743297869,-0.971650447
2664,2664,1411964.408187578,4918966.043456332,-9999.0
2665,2665,1412842.922301218,4918977.299948085,-0.990999997
2666,2666,1412264.723375116,4918939.824582662,-0.87083332
2667,2667,1412688.360649515,4918963.900381663,-0.963728579
2668,2668,1412755.877743669,4918968.026435057,-0.983411806
2669,2669,1413394.43340056,4918973.959367097,-9999.0
2670,2670,1411704.155662153,4918913.197756513,-9999.0
2671,2671,1411836.652272373,4918917.22390619,-9999.0
2672,2672,1412720.525466387,4919027.358101063,-0.758825568
2673,2673,1413570.317964611,4918969.795849433,-9999.0
2674,2674,1412414.990259313,4918924.859532027,-0.885446819
2675,2675,1412440.680350269,4918949.997084111,-0.96909946
2676,2676,1413395.335357919,4918944.018178642,-9999.0
2677,2677,1413529.12295322,4918956.662924551,-9999.0
2678,2678,1411406.431872467,4918873.589522185,-0.200083336
2679,2679,1413437.022973008,4918939.505204217,-9999.0
2680,2680,1413637.318238808,4918978.346252667,-0.861654819
2681,2681,1413742.546297349,4918944.024857258,0.383374985
2682,2682,1411489.55084528,4918912.035301634,-0.195126486
2683,2683,1411878.757986098,4918882.57309688,-9999.0
2684,2684,1413438.078033317,4918915.337278407,-9999.0
2685,2685,1413605.731454403,4918920.384349731,-9999.0
2686,2686,1411764.298116188,4918858.931657054,-9999.0
2687,2687,1413727.600045555,4918914.061575259,0.017706769
2688,2688,1411485.022198736,4918842.075476233,-0.193090406
2689,2689,1412837.883726981,4918867.929751355,-9999.0
2690,2690,1413580.940421058,4918894.833858005,-9999.0
2691,2691,1413627.51363124,4918887.536763356,-0.75610605
2692,2692,1412885.028451546,4918839.518857854,-9999.0
2693,2693,1413093.060769665,4918825.55068503,-9999.0
2694,2694,1413563.073913693,4918844.807384785,-0.671610937
2695,2695,1411848.173143324,4918767.729838765,-9999.0
2696,2696,1411409.215535861,4918805.583125894,-0.191801523
2697,2697,1411419.271294775,4918744.115071865,-0.198557146
2698,2698,1411673.336906004,4918757.148636617,-9999.0
2699,2699,1412826.982990891,4918804.1680372,-9999.0
2700,2700,1411660.803440297,4918732.06665918,-9999.0
2701,2701,1411697.922372091,4918740.947556746,-9999.0
2702,2702,1411748.854974414,4918738.183752514,-9999.0
2703,2703,1412453.124712964,4918757.360933448,-9999.0
2704,2704,1411849.992118638,4918707.847474027,-9999.0
2705,2705,1413021.501622191,4918743.322265575,-9999.0
2706,2706,1413493.487486172,4918849.559622951,-9999.0
2707,2707,1413551.757336275,4918780.385440858,-0.562900829
2708,2708,1411374.403429071,4918689.470779618,-0.200555023
2709,2709,1411755.313881942,4918703.737281464,-9999.0
2710,2710,1412546.117086133,4918737.504765731,-9999.0
2711,2711,1412774.229534348,4918751.043906974,-9999.0
2712,2712,1413422.568925152,4918735.06000572,-9999.0
2713,2713,1413534.14213712,4918743.209662261,-0.850064129
2714,2714,1412579.398335272,4918699.615071004,-9999.0
2715,2715,1411809.093380298,4918675.57252542,-9999.0
2716,2716,1413012.051088398,4918692.712306508,-9999.0
2717,2717,1412642.31816139,4918675.770849377,-9999.0
2718,2718,1413472.583879437,4918696.608550246,-9999.0
2719,2719,1413510.937699252,4918702.553292839,-0.623983195
2720,2720,1412616.427764455,4918661.307319372,-9999.0
2721,2721,1412981.080136705,4918671.011329516,-9999.0
2722,2722,1411759.028491377,4918625.319627816,-9999.0
2723,2723,1413023.911830029,4918663.479079315,-9999.0
2724,2724,1413061.779598904,4918663.835146256,-9999.0
2725,2725,1413496.750726517,4918684.367111706,-0.875950035
2726,2726,1411801.709802673,4918619.313847503,-9999.0
2727,2727,1412564.285889001,4918629.608224283,-9999.0
2728,2728,1411532.269779477,4918593.144197551,-9999.0
2729,2729,1412393.680489447,4918604.610334101,-9999.0
2730,2730,1412602.745125476,4918610.415662481,-9999.0
2731,2731,1411625.427594805,4918571.446302313,-9999.0
2732,2732,1413078.465666485,4918615.33103863,-9999.0
2733,2733,1413017.17757998,4918621.529864541,-9999.0
2734,2734,1413481.962591289,4918621.76524075,-0.811918371
2735,2735,1412492.081380352,4918577.097860539,-9999.0
2736,2736,1411585.730327812,4918533.834584016,-9999.0
2737,2737,1412374.143320108,4918553.547215038,-9999.0
2738,2738,1413096.354157457,4918575.760081297,-9999.0
2739,2739,1412536.877457365,4918565.857934217,-9999.0
2740,2740,1412925.318054787,4918560.229805675,-9999.0
2741,2741,1412974.427130308,4918571.906938983,-9999.0
2742,2742,1411636.082429702,4918601.434819536,-9999.0
2743,2743,1412776.195825548,4918546.111631135,-9999.0
2744,2744,1412983.47119014,4918551.791614646,-9999.0
2745,2745,1413034.19897238,4918553.905179613,-9999.0
2746,2746,1413482.629060668,4918566.918754057,-0.889586206
2747,2747,1412716.729562954,4918533.947066395,-9999.0
2748,2748,1412749.282814148,4918542.638071286,-9999.0
2749,2749,1412969.091145728,4918540.460645576,-9999.0
2750,2750,1412735.035028505,4918523.639547707,-9999.0
2751,2751,1413016.871854023,4918533.0259157,-9999.0
2752,2752,1411396.442400242,4918474.28157439,-9999.0
2753,2753,1411654.359447589,4918484.621006019,-9999.0
2754,2754,1411719.129462393,4918494.755671114,-0.902560977
2755,2755,1412717.333133484,4918513.986267131,-9999.0
2756,2756,1412814.955463587,4918516.937385228,-9999.0
2757,2757,1412846.831132206,4918518.277856857,-9999.0
2758,2758,1412925.788234134,4918528.415466805,-9999.0
2759,2759,1413044.611102674,4918528.094609885,-9999.0
2760,2760,1413480.17211375,4918544.368643865,-0.616045463
2761,2761,1411591.51229512,4918477.354878172,-9999.0
2762,2762,1412949.486541467,4918526.39319586,-9999.0
2763,2763,1413445.745107233,4918586.927818508,-0.90423288
2764,2764,1412731.392243349,4918498.04505458,-9999.0
2765,2765,1412786.930924196,4918504.240815956,-9999.0
2766,2766,1412815.558720991,4918496.976584901,-9999.0
2767,2767,1413427.885976224,4918514.196928056,-9999.0
2768,2768,1412167.01537668,4918467.147771377,-9999.0
2769,2769,1412676.702409425,4918472.799431039,-9999.0
2770,2770,1412795.243044278,4918476.383531522,-9999.0
2771,2771,1412848.037443028,4918478.356255351,-9999.0
2772,2772,1413382.264302223,4918502.714708264,-9999.0
2773,2773,1411777.782154835,4918435.556851607,-9999.0
2774,2774,1412335.341293916,4918452.066328004,-9999.0
2775,2775,1413324.367028827,4918497.95682182,-9999.0
2776,2776,1412207.128645412,4918438.977509209,-9999.0
2777,2777,1412646.424863635,4918452.281759664,-9999.0
2778,2778,1412747.035680253,4918454.947199547,-9999.0
2779,2779,1413481.899792264,4918479.673306308,-0.916094322
2780,2780,1411328.840402986,4918402.295027165,-9999.0
2781,2781,1411655.399986606,4918422.355481913,-0.978142849
2782,2782,1412189.501883916,4918428.076240917,-9999.0
2783,2783,1412829.330526771,4918453.306698302,-9999.0
2784,2784,1413382.679801983,4918457.421481855,-9999.0
2785,2785,1411287.610949259,4918381.059593384,-9999.0
2786,2786,1413043.892497358,4918439.288672593,-9999.0
2787,2787,1411447.526718959,4918376.025030333,-9999.0
2788,2788,1412772.868734252,4918433.919504042,-9999.0
2789,2789,1413389.750531387,4918434.38754789,-9999.0
2790,2790,1413497.828414958,4918445.103777864,-9999.0
2791,2791,1411429.370110602,4918363.765612119,-9999.0
2792,2792,1411528.287147265,4918368.03178002,-9999.0
2793,2793,1412148.420312389,4918391.09288874,-9999.0
2794,2794,1412821.541583848,4918420.499898556,-9999.0
2795,2795,1413350.491894036,4918484.055301182,-9999.0
2796,2796,1413369.433283844,4918413.796423153,-9999.0
2797,2797,1412149.480498803,4918366.925024496,-9999.0
2798,2798,1413028.062998863,4918393.510803498,-9999.0
2799,2799,1413049.282895695,4918384.161874996,-9999.0
2800,2800,1413098.092962431,4918385.635038932,-9999.0
2801,2801,1413390.953376766,4918394.46593518,-9999.0
2802,2802,1411910.019477903,4918340.055328622,-9999.0
2803,2803,1412777.642809884,4918365.966795601,-9999.0
2804,2804,1413161.149847224,4918377.548138106,-9999.0
2805,2805,1413327.806013017,4918390.18916544,-9999.0
2806,2806,1413503.121485031,4918382.655529185,-9999.0
2807,2807,1411910.728951908,4918294.850499206,-9999.0
2808,2808,1412430.511415801,4918305.515665135,-9999.0
2809,2809,1413361.176135872,4918337.992496889,-9999.0
2810,2810,1413465.738270536,4918353.375673526,-0.555166671
2811,2811,1413162.956359292,4918317.66571819,-9999.0
2812,2812,1412139.657172937,4918280.928662163,-9999.0
2813,2813,1412421.153805671,4918285.630345359,-9999.0
2814,2814,1411278.35907287,4918246.839343649,-9999.0
2815,2815,1412178.347589696,4918260.988108036,-9999.0
2816,2816,1412386.89460898,4918264.613493229,-9999.0
2817,2817,1412452.638748246,4918266.227558965,-9999.0
2818,2818,1412930.567071489,4918265.801944223,-9999.0
2819,2819,1413396.498449585,4918322.388900655,-0.860060764
2820,2820,1413022.319168038,4918253.861606931,-9999.0
2821,2821,1412192.219967882,4918228.162245163,-9999.0
2822,2822,1412931.975265183,4918241.143856355,-9999.0
2823,2823,1413365.875672847,4918276.129219903,-9999.0
2824,2824,1413424.716305917,4918267.35404961,-0.928985724
2825,2825,1412391.395662013,4918214.424832314,-9999.0
2826,2826,1412513.74426233,4918222.956454873,-9999.0
2827,2827,1412460.970312027,4918210.763377516,-9999.0
2828,2828,1412548.274891608,4918214.284510897,-9999.0
2829,2829,1413374.846770271,4918234.149145945,-9999.0
2830,2830,1412514.519155132,4918198.551528527,-9999.0
2831,2831,1412549.684615453,4918189.626465471,-9999.0
2832,2832,1412423.975608407,4918170.562740301,-9999.0
2833,2833,1412455.661127219,4918166.423531296,-9999.0
2834,2834,1412491.733048282,4918175.879447251,-9999.0
2835,2835,1412145.487334963,4918146.246119106,-9999.0
2836,2836,1412543.994425315,4918148.247347397,-9999.0
2837,2837,1413447.294250053,4918185.848845042,-9999.0
2838,2838,1412045.335551727,4918123.810231607,-9999.0
2839,2839,1412429.923353211,4918136.20541215,-9999.0
2840,2840,1413300.98669448,4918248.737814324,-9999.0
2841,2841,1412114.758151591,4918120.352952694,-9999.0
2842,2842,1412355.190730656,4918189.323227544,-9999.0
2843,2843,1412377.182245519,4918124.465379692,-9999.0
2844,2844,1412530.378043167,4918113.847291145,-9999.0
2845,2845,1412457.776820092,4918096.560704212,-9999.0
2846,2846,1412480.246650967,4918104.288931898,-9999.0
2847,2847,1413335.584633569,4918131.211130161,-9999.0
2848,2848,1412057.654412053,4918074.818192939,-9999.0
2849,2849,1413467.510986221,4918138.618956201,-0.914697404
2850,2850,1413488.783688764,4918121.48476427,-0.851314908
2851,2851,1411190.278040445,4918051.195967624,-9999.0
2852,2852,1412107.951189839,4918070.653729884,-9999.0
2853,2853,1412406.584262422,4918075.40827532,-9999.0
2854,2854,1412532.100401198,4918074.061545189,-9999.0
2855,2855,1411159.341553845,4918036.375080727,-9999.0
2856,2856,1412058.563084042,4918044.876982374,-9999.0
2857,2857,1412096.414946615,4918045.648409471,-9999.0
2858,2858,1412518.823277684,4918057.579420073,-9999.0
2859,2859,1412106.982498031,4918035.192511503,-9999.0
2860,2860,1412156.48104854,4918037.858294398,-9999.0
2861,2861,1412452.09452002,4918067.95771663,-9999.0
2862,2862,1412776.268903083,4918056.71173442,-9999.0
2863,2863,1410999.34995871,4917992.661248939,-9999.0
2864,2864,1411028.779890509,4918000.987385496,-9999.0
2865,2865,1411968.526448642,4918022.164630899,-9999.0
2866,2866,1412369.250258224,4918023.952194825,-9999.0
2867,2867,1412391.41361043,4918025.153713246,-9999.0
2868,2868,1412426.276027767,4918026.209774646,-9999.0
2869,2869,1412477.82074147,4918027.61798985,-9999.0
2870,2870,1412686.995250495,4918033.948489085,-9999.0
2871,2871,1412112.864246204,4918006.260863245,-9999.0
2872,2872,1413337.29903266,4918065.892229003,-9999.0
2873,2873,1412144.4142596,4918003.896565955,-9999.0
2874,2874,1412338.975962018,4918003.432917234,-9999.0
2875,2875,1412659.70916666,4918013.144019389,-9999.0
2876,2876,1410979.651031507,4917952.101206402,-9999.0
2877,2877,1412718.779908342,4918004.56399843,-9999.0
2878,2878,1413510.761863165,4918066.430389603,-0.272404341
2879,2879,1413527.585327041,4918033.76123917,0.533435107
2880,2880,1412680.733832239,4917998.213633218,-9999.0
2881,2881,1413360.092209618,4918018.156939197,-9999.0
2882,2882,1413448.4993453,4918006.987722062,-9999.0
2883,2883,1413474.598436344,4918003.31895161,-9999.0
2884,2884,1412128.015265903,4917957.74468811,-9999.0
2885,2885,1413529.087964667,4917983.859194876,-0.7074054
2886,2886,1410706.329065815,4917890.442286275,-9999.0
2887,2887,1410751.390360397,4917885.191317865,-9999.0
2888,2888,1410779.279875628,4917886.043589182,-9999.0
2889,2889,1412330.730505116,4917922.889261014,-9999.0
2890,2890,1412358.472427258,4917928.604401763,-9999.0
2891,2891,1413298.564094843,4917959.10577374,-9999.0
2892,2892,1413519.681276242,4917948.612819331,-0.233820527
2893,2893,1412320.381730324,4917906.957156598,-9999.0
2894,2894,1413118.92029868,4917926.746800418,-9999.0
2895,2895,1413175.945039263,4917928.997498602,-9999.0
2896,2896,1413359.158482961,4917939.090978196,-9999.0
2897,2897,1412391.109229179,4917895.127300525,-9999.0
2898,2898,1413091.6350114,4917915.524081938,-9999.0
2899,2899,1413226.614200292,4917957.785596835,-9999.0
2900,2900,1410913.278848151,4917840.188148809,-9999.0
2901,2901,1413311.758717034,4917912.961631298,-9999.0
2902,2902,1410502.217243967,4917817.632809417,-9999.0
2903,2903,1410531.713618755,4917818.824791974,-9999.0
2904,2904,1412331.952320816,4917872.978424286,-9999.0
2905,2905,1412422.592403411,4917875.724709468,-9999.0
2906,2906,1412450.481660057,4917876.569453069,-9999.0
2907,2907,1413060.25108408,4917900.106261532,-9999.0
2908,2908,1410872.05455848,4917818.949785895,-9999.0
2909,2909,1413080.404906955,4919984.496857185,-0.923955617
2910,2910,1413231.227936868,4917894.397934712,-9999.0
2911,2911,1413341.811531871,4917916.186101661,-9999.0
2912,2912,1410502.828084629,4917797.67200587,-9999.0
2913,2913,1412883.519765048,4917869.485795679,-9999.0
2914,2914,1412482.455156497,4917852.667906675,-9999.0
2915,2915,1412861.597687277,4917861.888473271,-9999.0
2916,2916,1412919.777222208,4917861.326665123,-9999.0
2917,2917,1412970.515226794,4917867.428096655,-9999.0
2918,2918,1412992.23727984,4917863.362527595,-9999.0
2919,2919,1413051.004658708,4917864.759797253,-9999.0
2920,2920,1413313.982199727,4917876.633983587,-9999.0
2921,2921,1411932.226123311,4917856.800694433,-9999.0
2922,2922,1413280.177933624,4917881.038096592,-9999.0
2923,2923,1410251.97801671,4917760.105621921,-9999.0
2924,2924,1412211.60161834,4917819.177097628,-9999.0
2925,2925,1412927.352526027,4917841.57648535,-9999.0
2926,2926,1413302.18528903,4917857.672328541,-9999.0
2927,2927,1409894.087340465,4917735.968846162,-9999.0
2928,2928,1410019.133601798,4917742.30978472,-9999.0
2929,2929,1410046.711366181,4917736.647005669,-9999.0
2930,2930,1410292.4509556,4917741.434444019,-9999.0
2931,2931,1412416.768000862,4917802.078514757,-9999.0
2932,2932,1413270.456482793,4917816.096866974,-9999.0
2933,2933,1410264.233792129,4917710.070536425,-9999.0
2934,2934,1410463.438276636,4917716.548447928,-9999.0
2935,2935,1411918.362773663,4917762.415532094,-9999.0
2936,2936,1413219.503645995,4917798.978303933,-9999.0
2937,2937,1413245.346447698,4917801.074739235,-9999.0
2938,2938,1410060.05640154,4917693.974446887,-9999.0
2939,2939,1410083.262771521,4917694.532892052,-9999.0
2940,2940,1410403.983331029,4917704.361320163,-9999.0
2941,2941,1412255.596266581,4917761.155706455,-9999.0
2942,2942,1413117.465987029,4917798.131802395,-9999.0
2943,2943,1413217.680046384,4917830.348834677,-9999.0
2944,2944,1413262.871416186,4917791.236565057,-9999.0
2945,2945,1410425.205445749,4917695.021324005,-9999.0
2946,2946,1409800.874732804,4917670.460521091,-9999.0
2947,2947,1413245.509539332,4917775.602021828,-9999.0
2948,2948,1413263.48571316,4917770.866390343,-9999.0
2949,2949,1411743.856613233,4917714.863004044,-9999.0
2950,2950,1412143.319850625,4917731.456284904,-9999.0
2951,2951,1409917.704440683,4917660.708986216,-9999.0
2952,2952,1410004.804405272,4917652.544039381,-9999.0
2953,2953,1413096.756154111,4917745.857115653,-9999.0
2954,2954,1413238.91336025,4917751.355983153,-9999.0
2955,2955,1413263.784816536,4917751.306159955,-9999.0
2956,2956,1409854.713044055,4917637.569810189,-9999.0
2957,2957,1412085.795045658,4917705.67988054,-9999.0
2958,2958,1412171.351331353,4917714.187504761,-9999.0
2959,2959,1413205.620731077,4917729.95005669,-9999.0
2960,2960,1410357.317712347,4917633.003941002,-9999.0
2961,2961,1411455.115375223,4917671.627773552,-9999.0
2962,2962,1411682.018104579,4917678.223776191,-9999.0
2963,2963,1412062.4293597,4917800.924374648,-0.936420561
2964,2964,1412115.535061435,4917687.133187986,-9999.0
2965,2965,1412146.160699737,4917687.909549188,-9999.0
2966,2966,1413487.946801553,4917727.888861719,-0.925740765
2967,2967,1410031.2753162,4917631.019202874,-9999.0
2968,2968,1410062.560816071,4917617.280228827,-9999.0
2969,2969,1412128.687747971,4917676.80776426,-9999.0
2970,2970,1412375.777667085,4917684.966350708,-9999.0
2971,2971,1413206.222879541,4917709.989233556,-9999.0
2972,2972,1412338.131161542,4917673.897726598,-9999.0
2973,2973,1412355.731518634,4917685.371232403,-9999.0
2974,2974,1409756.181135341,4917610.934483508,-9999.0
2975,2975,1410003.766406938,4917595.293709173,-9999.0
2976,2976,1413007.62376063,4917683.638760988,-9999.0
2977,2977,1413094.30579263,4917687.055772405,-9999.0
2978,2978,1409487.251668188,4917564.448803484,-9999.0
2979,2979,1409797.021050176,4917576.320773585,-9999.0
2980,2980,1409818.357133139,4917576.309503612,-9999.0
2981,2981,1409867.981381285,4917593.822351838,-9999.0
2982,2982,1409926.617019225,4917597.613618268,-9999.0
2983,2983,1409989.681017045,4917581.569286211,-9999.0
2984,2984,1410156.350592518,4917586.886491069,-9999.0
2985,2985,1410996.865260681,4918230.792568331,-0.231857579
2986,2986,1411376.752180494,4917624.183589878,-9999.0
2987,2987,1411638.411023301,4917632.526090239,-9999.0
2988,2988,1411686.409307356,4917638.707693448,-9999.0
2989,2989,1411939.18599862,4917653.548643812,-9999.0
2990,2990,1412805.73519879,4917667.549127868,-9999.0
2991,2991,1409686.981733555,4917582.585728116,-9999.0
2992,2992,1412068.451006006,4917645.733705065,-9999.0
2993,2993,1413373.608421327,4917681.918524588,-9999.0
2994,2994,1413479.236872245,4917698.281668521,-0.928934138
2995,2995,1409829.579818559,4917556.469692538,-9999.0
2996,2996,1411446.790160232,4917606.337412711,-9999.0
2997,2997,1412000.59846153,4917623.976854214,-9999.0
2998,2998,1412799.366602522,4917647.377525004,-9999.0
2999,2999,1409584.911186753,4917548.627061957,-9999.0
3000,3000,1409788.494203303,4917552.046270595,-9999.0
3001,3001,1410366.42944985,4917563.354644533,-9999.0
3002,3002,1412448.077621938,4917627.134731054,-9999.0
3003,3003,1410120.701313992,4917555.47280996,-9999.0
3004,3004,1411367.37125881,4917583.734267972,-9999.0
3005,3005,1413239.336984225,4917641.207975889,-9999.0
3006,3006,1409443.746841844,4917515.424947729,-9999.0
3007,3007,1409481.594091061,4917521.00244287,-9999.0
3008,3008,1412818.19882354,4917618.355457579,-9999.0
3009,3009,1412849.075890603,4917618.911590011,-9999.0
3010,3010,1412957.062365565,4917723.596561827,-9999.0
3011,3011,1413184.184987372,4917618.836839758,-0.905666676
3012,3012,1412427.723028698,4917595.967392212,-9999.0
3013,3013,1412786.931311182,4917597.05388262,-9999.0
3014,3014,1409534.772991047,4917515.292699332,-9999.0
3015,3015,1411685.660532758,4917558.458880074,-9999.0
3016,3016,1409458.919381266,4917475.932459266,-9999.0
3017,3017,1409483.264408208,4917480.386944786,-9999.0
3018,3018,1409517.327436652,4917477.147523665,-9999.0
3019,3019,1412411.048686345,4917565.698389916,-9999.0
3020,3020,1409348.724409971,4917493.068381677,-9999.0
3021,3021,1409315.812966785,4917478.767001754,-9999.0
3022,3022,1413124.610776064,4917569.589003745,-0.361957257
3023,3023,1409505.907082299,4917447.561548587,-9999.0
3024,3024,1409339.709657928,4917431.72123545,-9999.0
3025,3025,1409369.014169049,4917437.618475107,-9999.0
3026,3026,1413101.054634565,4917552.395322043,-0.745981131
3027,3027,1411691.464930132,4917494.284824266,-9999.0
3028,3028,1412242.245710812,4917511.01125181,-9999.0
3029,3029,1409040.532996771,4917402.521566775,-9999.0
3030,3030,1409429.072380037,4917436.846197893,-9999.0
3031,3031,1411569.263375018,4917480.20022442,-9999.0
3032,3032,1412270.43594921,4917501.876443521,-9999.0
3033,3033,1409760.860228176,4917415.288127199,-9999.0
3034,3034,1409931.326068242,4917419.941339944,-9999.0
3035,3035,1412981.525513218,4917512.82390949,-9999.0
3036,3036,1409415.560485895,4917399.091945601,-9999.0
3037,3037,1412992.284783177,4917503.159365593,-0.757716992
3038,3038,1409739.591795554,4917395.077678652,-9999.0
3039,3039,1409771.434537704,4917395.256150519,-9999.0
3040,3040,1410880.089537745,4917429.742611377,-9999.0
3041,3041,1411447.16036381,4917455.729787642,-9999.0
3042,3042,1412971.670627509,4917492.547200725,-0.915809563
3043,3043,1409379.984827491,4917376.87246596,-9999.0
3044,3044,1412961.514320351,4917482.250881898,-0.861959191
3045,3045,1410842.721703616,4917408.475326309,-9999.0
3046,3046,1411271.295916267,4917420.766870081,-9999.0
3047,3047,1410173.731225773,4917378.011072624,-9999.0
3048,3048,1410766.561884527,4917401.263768119,-9999.0
3049,3049,1411705.650420946,4917428.499095514,-9999.0
3050,3050,1411739.718099087,4917417.577810437,-9999.0
3051,3051,1411373.493667564,4917394.699105366,-9999.0
3052,3052,1408367.372572474,4917290.784797065,-9999.0
3053,3053,1410810.024962913,4917382.053233495,-9999.0
3054,3054,1411325.069489357,4917381.985267147,-9999.0
3055,3055,1411384.061499802,4917384.244433126,-9999.0
3056,3056,1410749.47679557,4917365.084897282,-9999.0
3057,3057,1411404.977929481,4917375.301653404,-9999.0
3058,3058,1412944.31853702,4917427.787978015,-0.85401944
3059,3059,1411342.535989883,4917363.409649738,-9999.0
3060,3060,1408405.049751267,4917253.602048847,-9999.0
3061,3061,1411273.426716941,4917341.324090206,-9999.0
3062,3062,1408209.794228111,4917237.332488868,-9999.0
3063,3063,1408475.139296525,4917282.36278862,-9999.0
3064,3064,1408454.160733634,4917245.131682642,-9999.0
3065,3065,1408383.943618247,4917237.69075799,-9999.0
3066,3066,1410570.514093915,4917306.21631367,-9999.0
3067,3067,1408084.93257188,4917213.135374642,-9999.0
3068,3068,1408651.289340534,4917236.731962243,-9999.0
3069,3069,1408935.826329672,4917240.034905639,-9999.0
3070,3070,1409116.532415669,4917349.808802838,-9999.0
3071,3071,1412825.687360515,4917358.619818881,-9999.0
3072,3072,1412884.806663606,4917365.053620217,-9999.0
3073,3073,1408060.996743496,4917213.919551688,-9999.0
3074,3074,1408946.403138873,4917220.004264238,-9999.0
3075,3075,1409866.666128454,4917248.334039588,-9999.0
3076,3076,1409915.774380427,4917239.85214523,-9999.0
3077,3077,1410413.939157649,4917260.225761551,-9999.0
3078,3078,1410505.37812948,4917258.303368622,-9999.0
3079,3079,1412767.19228305,4917326.739454588,-9999.0
3080,3080,1408689.064846311,4917196.867972179,-9999.0
3081,3081,1408869.00216984,4917235.086057871,-9999.0
3082,3082,1412785.085229318,4917316.738181161,-9999.0
3083,3083,1412837.362267641,4917318.666672967,-9999.0
3084,3084,1408048.135349549,4917162.044651359,-9999.0
3085,3085,1408271.073701561,4917173.947688035,-9999.0
3086,3086,1408804.023161299,4917184.289605431,-9999.0
3087,3087,1412749.759930043,4917302.282214802,-0.986000001
3088,3088,1410474.730835479,4917217.029015278,-9999.0
3089,3089,1410783.819745951,4917229.242776904,-9999.0
3090,3090,1410528.125789101,4917199.061020544,-9999.0
3091,3091,1411277.077430511,4917221.559157863,-9999.0
3092,3092,1410574.819434997,4917237.008942148,-9999.0
3093,3093,1409375.687332069,4917143.857823588,-9999.0
3094,3094,1410608.413142921,4917181.160877233,-9999.0
3095,3095,1410744.165874247,4917201.677762171,-9999.0
3096,3096,1410769.06272157,4917185.663475289,-9999.0
3097,3097,1410647.315096451,4917182.339404414,-9999.0
3098,3098,1410670.520078617,4917172.130932746,-9999.0
3099,3099,1412653.350548321,4917275.082600163,-0.486465615
3100,3100,1410557.233816407,4917159.992746819,-9999.0
3101,3101,1411219.532863766,4917180.223228626,-9999.0
3102,3102,1408640.361560835,4917091.050553597,-9999.0
3103,3103,1410679.044642699,4917153.351926996,-9999.0
3104,3104,1410702.199984304,4917160.349080944,-9999.0
3105,3105,1408114.842028877,4917081.195587423,-9999.0
3106,3106,1411198.461786042,4917159.685847784,-9999.0
3107,3107,1411450.202576873,4917167.27323367,-9999.0
3108,3108,1411536.862513648,4917169.124926664,-9999.0
3109,3109,1410627.86534783,4917132.184379622,-9999.0
3110,3110,1411618.458582801,4917165.101332168,-9999.0
3111,3111,1408593.936680256,4917116.716741935,-9999.0
3112,3112,1411507.561571219,4917158.509065419,-9999.0
3113,3113,1412593.795281302,4917181.434604823,-9999.0
3114,3114,1410829.842975761,4917123.101473523,-9999.0
3115,3115,1411558.676041262,4917140.229669563,-9999.0
3116,3116,1410858.840737025,4917109.276019841,-9999.0
3117,3117,1410099.253313047,4917076.033261211,-9999.0
3118,3118,1410438.66463059,4917098.701459445,-9999.0
3119,3119,1411510.483171227,4917118.78326079,-9999.0
3120,3120,1410459.490060732,4917080.913658281,-9999.0
3121,3121,1410494.196698882,4917078.298265974,-9999.0
3122,3122,1410835.799151601,4917088.745402711,-9999.0
3123,3123,1410970.229143781,4917092.783180074,-9999.0
3124,3124,1411019.794581994,4917094.211832846,-9999.0
3125,3125,1410650.61145817,4917072.941617822,-9999.0
3126,3126,1410858.948706567,4917084.031842421,-9999.0
3127,3127,1411490.176492348,4917098.185637427,-9999.0
3128,3128,1412575.790860877,4917137.21282271,1.041830949
3129,3129,1408622.223628299,4917000.58040783,-9999.0
3130,3130,1410466.921884685,4917057.483783037,-9999.0
3131,3131,1410661.180082115,4917062.488154882,-9999.0
3132,3132,1410870.325656645,4917059.301040011,-9999.0
3133,3133,1411115.071464766,4917107.46065606,-9999.0
3134,3134,1411490.784288159,4917078.224809009,-9999.0
3135,3135,1412571.510005709,4917110.833032135,0.662962908
3136,3136,1407936.01820192,4916956.648339065,-9999.0
3137,3137,1408256.225353177,4917105.687782687,0.342988598
3138,3138,1410849.71625645,4917048.681662945,-9999.0
3139,3139,1410815.00429024,4917200.736427519,-9999.0
3140,3140,1411651.431187653,4917073.124683171,-9999.0
3141,3141,1411679.32938,4917073.563651633,-9999.0
3142,3142,1411801.813920303,4917078.075247109,-9999.0
3143,3143,1411017.622808168,4917059.599295501,-9999.0
3144,3144,1408152.391158738,4916945.701300624,-9999.0
3145,3145,1408401.979549733,4916954.097563729,-9999.0
3146,3146,1412530.43655025,4917079.825564487,-9999.0
3147,3147,1410683.317473473,4917013.626163909,-9999.0
3148,3148,1411057.064953442,4917043.894324735,-9999.0
3149,3149,1412541.347313317,4917069.961516181,-9999.0
3150,3150,1407478.566177633,4916906.711996661,-9999.0
3151,3151,1407987.949882569,4916931.121735799,-9999.0
3152,3152,1408020.856633951,4916921.233935817,-9999.0
3153,3153,1409251.574197532,4916958.815649558,-9999.0
3154,3154,1409199.022688401,4916952.867901974,-9999.0
3155,3155,1409982.993913746,4916977.289633418,-9999.0
3156,3156,1410826.566029948,4917019.257216424,-9999.0
3157,3157,1412541.951727455,4917050.000680258,-9999.0
3158,3158,1407758.604559867,4916927.144024615,-0.617572219
3159,3159,1410912.164291248,4917001.512477383,-9999.0
3160,3160,1411625.76476473,4918035.585128224,-0.757925764
3161,3161,1410562.534808195,4916965.081542712,-9999.0
3162,3162,1410914.897834477,4916970.755037306,-9999.0
3163,3163,1410941.221603404,4916983.078215565,-9999.0
3164,3164,1411723.573773246,4916995.401925823,-9999.0
3165,3165,1408920.276500624,4916918.847755435,-9999.0
3166,3166,1410536.79615688,4916951.562498827,-9999.0
3167,3167,1410594.521402724,4916950.971573109,-9999.0
3168,3168,1408904.853494205,4916888.183223763,-9999.0
3169,3169,1408583.716476292,4916868.356380124,-9999.0
3170,3170,1408615.293547657,4916869.709915253,-9999.0
3171,3171,1408833.566837302,4916891.64343415,-9999.0
3172,3172,1408992.192902884,4916888.064290188,-9999.0
3173,3173,1410519.693239293,4916929.232246862,-9999.0
3174,3174,1412286.559984198,4917002.949359722,-0.888242393
3175,3175,1407563.952302883,4916865.410791295,-9999.0
3176,3176,1408749.289401,4916864.800905294,-9999.0
3177,3177,1408775.92920627,4916865.093803397,-9999.0
3178,3178,1408954.193905941,4916870.975015966,-9999.0
3179,3179,1410935.347324333,4916937.282323401,-9999.0
3180,3180,1411574.054980903,4917039.545697198,-9999.0
3181,3181,1408980.528638315,4916868.786144979,-9999.0
3182,3182,1410955.26091731,4916922.416341439,-9999.0
3183,3183,1410826.100275256,4916908.103811791,-9999.0
3184,3184,1411222.725174673,4916928.340951328,-9999.0
3185,3185,1409091.787151169,4916882.132508673,-9999.0
3186,3186,1410484.825846859,4916887.266086351,-9999.0
3187,3187,1409238.510263419,4916839.936045023,-9999.0
3188,3188,1410389.409992791,4916880.676188751,-9999.0
3189,3189,1410455.549640052,4916882.651371563,-9999.0
3190,3190,1410527.482526303,4916898.99560937,-9999.0
3191,3191,1410800.991491701,4916889.542250362,-9999.0
3192,3192,1408624.103445448,4916810.452338448,-9999.0
3193,3193,1410517.291761245,4916869.067325897,-9999.0
3194,3194,1410587.004180449,4916871.200735079,-9999.0
3195,3195,1412277.033997245,4916927.092946068,-0.886047639
3196,3196,1408185.224755218,4916786.87890429,-9999.0
3197,3197,1410527.860307123,4916858.614090894,-9999.0
3198,3198,1410565.287052713,4916884.938811561,-9999.0
3199,3199,1408752.221013305,4916827.248866645,-9999.0
3200,3200,1409151.544012533,4916807.133012398,-9999.0
3201,3201,1409238.185280945,4916814.216383069,-9999.0
3202,3202,1410545.787613424,4916849.95995573,-9999.0
3203,3203,1408167.725086541,4916775.234296619,-9999.0
3204,3204,1409217.58145516,4916798.80146635,-9999.0
3205,3205,1410366.805913259,4916843.107277699,-9999.0
3206,3206,1412222.323574059,4916890.470047913,-9999.0
3207,3207,1408747.830166058,4916774.693572934,-9999.0
3208,3208,1409120.076190693,4916804.172178929,-9999.0
3209,3209,1411076.209504316,4916846.190929325,-9999.0
3210,3210,1408464.851745963,4916759.79825062,-9999.0
3211,3211,1410705.550194768,4916831.151512342,-9999.0
3212,3212,1412167.159544384,4916868.817294951,-0.07033333
3213,3213,1408979.023224657,4917041.841447996,-0.960571408
3214,3214,1408448.686530471,4916745.464298092,-9999.0
3215,3215,1409223.869649949,4916777.313307691,-9999.0
3216,3216,1412121.99827224,4916862.452029143,-9999.0
3217,3217,1407385.397204798,4916702.103358426,-9999.0
3218,3218,1410696.698054655,4916804.250655974,-9999.0
3219,3219,1407946.777281666,4916720.265617386,-9999.0
3220,3220,1408363.554908248,4916728.384273964,-9999.0
3221,3221,1409247.003994982,4916749.758735176,-9999.0
3222,3222,1412063.955215811,4916820.731694462,-0.757314278
3223,3223,1410816.277250012,4916762.178503406,-9999.0
3224,3224,1411399.317207393,4916776.125837224,-9999.0
3225,3225,1412022.734525615,4916799.500805986,-0.638611108
3226,3226,1410599.555278605,4916737.212563201,-9999.0
3227,3227,1407423.354288307,4916608.173806925,-9999.0
3228,3228,1410951.012749007,4916702.135467224,-9999.0
3229,3229,1407395.73232161,4916585.495786521,-9999.0
3230,3230,1410923.432496394,4916696.093364405,-9999.0
3231,3231,1411944.559170294,4916731.480362152,-0.899249972
3232,3232,1410941.465584303,4916666.983897796,-9999.0
3233,3233,1411927.471131667,4916679.476157121,-0.857612517
3234,3234,1408204.836986506,4916508.144066673,-9999.0
3235,3235,1408215.409103366,4916497.694678227,-9999.0
3236,3236,1411817.182832885,4916629.425494162,-0.942762745
3237,3237,1411833.784890819,4916588.244214833,-0.495568174
3238,3238,1408691.297832993,4916483.391198232,-9999.0
3239,3239,1408760.329913644,4916485.683720442,-9999.0
3240,3240,1408833.451962927,4916487.630309382,-9999.0
3241,3241,1408808.862963378,4916481.293786229,-9999.0
3242,3242,1409213.175188941,4916488.978970599,-9999.0
3243,3243,1409349.603571129,4916493.559796683,-9999.0
3244,3244,1411823.761557406,4916573.683455918,-0.270341845
3245,3245,1407605.710691017,4916445.960923226,-9999.0
3246,3246,1411168.69589408,4916543.533853143,-9999.0
3247,3247,1411806.789547778,4916558.182995325,-0.556840032
3248,3248,1407753.897678168,4916424.224788708,-9999.0
3249,3249,1407705.411922089,4916412.728631572,-9999.0
3250,3250,1409273.49087764,4916461.011188378,-9999.0
3251,3251,1409226.460036658,4916453.612063693,-9999.0
3252,3252,1411250.034619991,4916511.261565843,-9999.0
3253,3253,1411675.254362752,4916524.213477319,-9999.0
3254,3254,1410097.427647815,4916469.763155445,-9999.0
3255,3255,1410978.732532754,4916502.214041936,-9999.0
3256,3256,1408672.536832657,4916439.684687244,-0.061959497
3257,3257,1409490.258963568,4916445.203066289,-9999.0
3258,3258,1411424.761659358,4916496.812685288,-9999.0
3259,3259,1406712.964426484,4916346.034475981,-9999.0
3260,3260,1407592.382996656,4916369.408744097,-9999.0
3261,3261,1407665.346033743,4916379.673012685,-9999.0
3262,3262,1409996.002998336,4916449.584633878,-9999.0
3263,3263,1410281.805240106,4916458.351252801,-9999.0
3264,3264,1410567.65842356,4916465.441273816,-9999.0
3265,3265,1410677.71039914,4916470.795196339,-9999.0
3266,3266,1410819.846356772,4916474.062222024,-9999.0
3267,3267,1411344.602409502,4916490.972213498,-9999.0
3268,3268,1411486.626223809,4916496.133064407,-9999.0
3269,3269,1406637.489542913,4916338.678882631,-9999.0
3270,3270,1406664.66127129,4916319.580126272,-9999.0
3271,3271,1406693.636987861,4916323.992533996,-9999.0
3272,3272,1406993.606323228,4916329.14386306,-9999.0
3273,3273,1409752.843516338,4916415.476050687,-9999.0
3274,3274,1406529.242407785,4916300.670749996,-9999.0
3275,3275,1408572.984308026,4916386.760000361,-9999.0
3276,3276,1409913.783910569,4916400.441027136,-0.882363623
3277,3277,1407258.107385331,4916308.118254904,-9999.0
3278,3278,1408519.15163166,4916352.316423268,-0.636153833
3279,3279,1409840.547084998,4916395.90034453,-9999.0
3280,3280,1406554.35986209,4916281.373091979,-9999.0
3281,3281,1407387.860045407,4916302.954327904,-9999.0
3282,3282,1407481.619616424,4916305.289249777,-9999.0
3283,3283,1406519.554493963,4916258.90433765,-9999.0
3284,3284,1407229.044180464,4916462.166939783,-9999.0
3285,3285,1406717.018983601,4916255.902190743,-9999.0
3286,3286,1408034.327703822,4916293.220997565,-9999.0
3287,3287,1406534.69558931,4916240.797831134,-9999.0
3288,3288,1406832.043579441,4916246.413555175,-9999.0
3289,3289,1406807.018817458,4916234.318847947,-9999.0
3290,3290,1408347.447574498,4916284.954254388,-9999.0
3291,3291,1408389.752184235,4916311.067412759,-0.819875024
3292,3292,1406517.98161827,4916210.036820974,-9999.0
3293,3293,1406560.916760767,4916195.995018505,-9999.0
3294,3294,1406593.786840288,4916234.21327037,-9999.0
3295,3295,1407330.59795178,4916220.874215864,-9999.0
3296,3296,1408238.573150154,4916258.179448014,-9999.0
3297,3297,1406913.386190164,4916161.829320792,-9999.0
3298,3298,1407298.229037099,4916166.264088539,-9999.0
3299,3299,1406992.150167835,4916110.428091988,-9999.0
3300,3300,1406875.208116904,4916097.320067389,-9999.0
3301,3301,1407130.088844979,4916116.387931518,-9999.0
3302,3302,1407675.876294642,4916116.522433908,-9999.0
3303,3303,1407065.504940129,4916094.838520844,-9999.0
3304,3304,1408148.301964774,4916184.278539799,-0.742674463
3305,3305,1406851.21637862,4916134.165915782,-9999.0
3306,3306,1407063.701278878,4916062.708453299,-9999.0
3307,3307,1407053.838031016,4916051.539318788,-9999.0
3308,3308,1408061.841210329,4916079.426260453,1.080462673
3309,3309,1408076.15698368,4916023.692793338,0.509380952
3310,3310,1406905.581705267,4915977.856173687,-9999.0
3311,3311,1408082.719575429,4916013.391166169,-9999.0
3312,3312,1406796.237031744,4915904.51262245,-9999.0
3313,3313,1408120.445279876,4915942.967709562,-9999.0
3314,3314,1406787.52447412,4915864.657280982,-9999.0
3315,3315,1406867.808598695,4915846.805780408,-9999.0
3316,3316,1406888.719228423,4915847.458320256,-9999.0
3317,3317,1407362.845120749,4915862.030096846,-9999.0
3318,3318,1407339.415724827,4915841.902668043,-9999.0
3319,3319,1408065.23531447,4915860.543954615,0.20564285
3320,3320,1406911.477284936,4915798.217774283,-9999.0
3321,3321,1407942.321083535,4915821.349273798,-0.87349999
3322,3322,1406606.680776051,4915759.259811919,-9999.0
3323,3323,1406849.389990626,4915766.309847117,-9999.0
3324,3324,1406930.354224176,4915759.223437058,-9999.0
3325,3325,1406860.199630562,4915747.128729655,-9999.0
3326,3326,1406895.481632012,4915764.12848404,-9999.0
3327,3327,1407303.904769131,4915701.260925278,-9999.0
3328,3328,1407888.653256692,4915718.534345229,-9999.0
3329,3329,1407136.315099217,4915763.234698274,-9999.0
3330,3330,1407177.228478313,4915661.442371379,-9999.0
3331,3331,1407888.96219447,4915683.084155483,-9999.0
3332,3332,1407146.485595541,4915640.504160045,-9999.0
3333,3333,1407174.369379916,4915636.582913893,-9999.0
3334,3334,1407888.193678107,4915645.259796847,-9999.0
3335,3335,1407876.241738283,4915618.248623624,-0.527847477
3336,3336,1407090.641058874,4915576.390038653,-9999.0
3337,3337,1407850.491928988,4915604.961554216,-9999.0
3338,3338,1407316.234443593,4915571.071181302,-9999.0
3339,3339,1407298.445565034,4915559.177550857,-9999.0
3340,3340,1407515.778250074,4915556.429687216,-9999.0
3341,3341,1407071.380865521,4915519.682846731,-9999.0
3342,3342,1407829.651257711,4915556.623821056,-0.686460587
3343,3343,1407593.690783514,4915580.97694201,-9999.0
3344,3344,1406857.653972552,4915491.064942542,-9999.0
3345,3345,1406912.768054059,4915494.458172574,-9999.0
3346,3346,1406895.4488962,4915412.892496709,-9999.0
3347,3347,1407699.294809593,4915407.374028936,-9999.0
3348,3348,1407718.352141392,4915407.979275512,-9999.0
3349,3349,1407773.847111635,4915380.968449728,-0.766727268
3350,3350,1406863.096655327,4915327.171425874,-9999.0
3351,3351,1407295.209567811,4915345.434323114,-9999.0
3352,3352,1407194.092042503,4915341.549681236,-9999.0
3353,3353,1407752.185556029,4915344.664263614,-0.996999919
3354,3354,1407177.347883424,4915321.782320664,-9999.0
3355,3355,1407222.854776534,4915323.629545044,-9999.0
3356,3356,1407680.193080589,4915347.639436429,-9999.0
3357,3357,1407212.523547286,4915307.688358416,-9999.0
3358,3358,1407310.08507553,4915311.137104602,-9999.0
3359,3359,1407234.04142931,4915288.788293696,-9999.0
3360,3360,1406913.752717229,4915268.811534325,-9999.0
3361,3361,1407654.92119979,4915303.403804946,-9999.0
3362,3362,1406827.621627548,4915630.760148978,-0.966857127
3363,3363,1406781.954462198,4915244.71691501,-9999.0
3364,3364,1407214.065619982,4915258.195595614,-9999.0
3365,3365,1407250.715217888,4915265.005606772,-9999.0
3366,3366,1407632.237760931,4915271.210712121,-9999.0
3367,3367,1407653.436766853,4915271.869752633,-9999.0
3368,3368,1407643.143094305,4915261.702763795,-9999.0
3369,3369,1407204.729735865,4915238.301705102,-9999.0
3370,3370,1407715.331434463,4915274.389639909,-0.728529427
3371,3371,1407184.443232274,4915217.68932532,-9999.0
3372,3372,1407693.801757992,4915202.989088819,-0.766600004
3373,3373,1407490.954888781,4915239.344604433,-9999.0
3374,3374,1407270.015956762,4915169.627810362,-9999.0
3375,3375,1407447.021903499,4915150.139624869,-9999.0
3376,3376,1407566.888101185,4915129.317534532,-9999.0
3377,3377,1407664.759599088,4915116.136576018,-0.244734938
3378,3378,1407383.085740414,4915049.589499918,-9999.0
3379,3379,1407604.834937951,4915035.387020463,-9999.0
3380,3380,1407671.002823069,4915056.322704611,0.35058143
3381,3381,1407467.302619098,4915028.34349036,-9999.0
3382,3382,1407929.715750723,4915031.078237684,-0.460000008
3383,3383,1407967.550179854,4915031.875439021,-0.460000008
3384,3384,1407721.73524438,4915028.240051775,-0.460000008
3385,3385,1407971.09221978,4915037.487660363,-0.460000008
3386,3386,1407720.568616657,4915003.437532709,-0.460000008
3387,3387,1407968.169729126,4915011.914580865,-0.460000008
3388,3388,1407191.907810286,4914978.159113562,-9999.0
3389,3389,1407645.496337404,4915011.535947194,-9999.0
3390,3390,1408031.202499705,4915003.880648555,-0.460000008
3391,3391,1407202.479366805,4914967.711457971,-9999.0
3392,3392,1407686.94197613,4914993.205141201,-0.460000008
3393,3393,1407901.065974952,4914994.657079238,-0.460000008
3394,3394,1407626.020917278,4914978.868115757,-0.604153807
3395,3395,1407670.762529248,4914971.211589645,-0.460000008
3396,3396,1407499.870848132,4914960.16077477,-9999.0
3397,3397,1407510.06350683,4914937.738245634,-9999.0
3398,3398,1408032.902418804,4914953.778328997,-0.460000008
3399,3399,1407379.353738391,4914927.888053032,-9999.0
3400,3400,1407605.730717083,4914950.499213856,-0.259833319
3401,3401,1407649.889108772,4914944.623383333,-0.449664378
3402,3402,1407412.658615867,4914918.94779958,-9999.0
3403,3403,1407516.271810097,4914918.617865625,-9999.0
3404,3404,1407937.540073528,4914934.139163133,-0.460000008
3405,3405,1408120.636057861,4914936.519873424,-0.448115935
3406,3406,1407478.313782714,4914908.965381564,-9999.0
3407,3407,1407954.341169756,4914911.962112931,-0.460000008
3408,3408,1407066.639179033,4915087.649856504,-9999.0
3409,3409,1407971.577284073,4914902.129851838,-0.460000008
3410,3410,1408001.936364505,4914954.769470807,-0.460000008
3411,3411,1408003.399546329,4914892.922575613,-0.460000008
3412,3412,1408075.914941974,4914944.380839798,-0.387327171
3413,3413,1408111.269023728,4914896.474100824,-0.448714298
3414,3414,1407820.515776532,4914946.430533364,-0.460000008
3415,3415,1407363.209020893,4914853.623808347,-9999.0
3416,3416,1407387.255914534,4914853.79042353,-9999.0
3417,3417,1407418.55594498,4914830.410299493,-9999.0
3418,3418,1407540.30059655,4914869.37536711,-0.45895348
3419,3419,1407851.396049185,4914845.69173709,-0.460000008
3420,3420,1407656.709472555,4914831.956457969,-0.457289316
